{
"type": "FeatureCollection",
"name": "geo_28_地域密着型通所介護",
"crs": { "type": "name", "properties": { "name": "urn:ogc:def:crs:OGC:1.3:CRS84" } },
"features": [
{ "type": "Feature", "properties": { "内容": "すぎちゃんデイサービス【地域密着型通所介護】兵庫県神戸市東灘区甲南町４丁目１１番１０LA・KONAN１階", "url": "https://www.kaigokensaku.mhlw.go.jp/28/index.php?action_kouhyou_detail_004_kani=true&JigyosyoCd=2870102775-00&ServiceCd=780&Type=search", "url2": "http://sugityanday.com" }, "geometry": { "type": "Point", "coordinates": [ 135.271479399999947, 34.7215721 ] } },
{ "type": "Feature", "properties": { "内容": "住吉南町デイサービスセンター【地域密着型通所介護】兵庫県神戸市東灘区住吉南町4-6-26", "url": "https://www.kaigokensaku.mhlw.go.jp/28/index.php?action_kouhyou_detail_004_kani=true&JigyosyoCd=2870100340-00&ServiceCd=780&Type=search", "url2": "http://www.ninindoshinkai.or.jp" }, "geometry": { "type": "Point", "coordinates": [ 135.2622417, 34.7105926 ] } },
{ "type": "Feature", "properties": { "内容": "うみのほし魚崎デイサービスセンター【地域密着型通所介護】神戸市東灘区魚崎南町8丁目10-10うみのほし魚崎1F", "url": "https://www.kaigokensaku.mhlw.go.jp/28/index.php?action_kouhyou_detail_004_kani=true&JigyosyoCd=2870101280-00&ServiceCd=780&Type=search", "url2": "www.uminohosi.jp" }, "geometry": { "type": "Point", "coordinates": [ 135.271440799999937, 34.7126952 ] } },
{ "type": "Feature", "properties": { "内容": "東灘リハビリデイサービス【地域密着型通所介護】神戸市東灘区北青木3丁目７－２", "url": "https://www.kaigokensaku.mhlw.go.jp/28/index.php?action_kouhyou_detail_004_kani=true&JigyosyoCd=2870102270-00&ServiceCd=780&Type=search", "url2": null }, "geometry": { "type": "Point", "coordinates": [ 135.28230910000002, 34.7184531 ] } },
{ "type": "Feature", "properties": { "内容": "あいの郷【地域密着型通所介護】兵庫県神戸市東灘区魚崎中町４－２－４", "url": "https://www.kaigokensaku.mhlw.go.jp/28/index.php?action_kouhyou_detail_004_kani=true&JigyosyoCd=2870102312-00&ServiceCd=780&Type=search", "url2": "http://caret-npo.org/" }, "geometry": { "type": "Point", "coordinates": [ 135.272118500000033, 34.7138284 ] } },
{ "type": "Feature", "properties": { "内容": "スミリンケアライフ株式会社リハ倶楽部エレガーノ本山中町【地域密着型通所介護】兵庫県神戸市東灘区本山中町4-9-3本山中町カチフラット", "url": "https://www.kaigokensaku.mhlw.go.jp/28/index.php?action_kouhyou_detail_004_kani=true&JigyosyoCd=2870102452-00&ServiceCd=780&Type=search", "url2": "https://www.s-carelife.co.jp/" }, "geometry": { "type": "Point", "coordinates": [ 135.280128971163947, 34.725625691042154 ] } },
{ "type": "Feature", "properties": { "内容": "あかり機能訓練デイサービス【地域密着型通所介護】兵庫県神戸市東灘区甲南町3-9-5ワコーレファラオ甲南ＥＡＳＴ102", "url": "https://www.kaigokensaku.mhlw.go.jp/28/index.php?action_kouhyou_detail_004_kani=true&JigyosyoCd=2870102700-00&ServiceCd=780&Type=search", "url2": "http://syougaiegao.undo.jp/" }, "geometry": { "type": "Point", "coordinates": [ 135.272743200000036, 34.7217221 ] } },
{ "type": "Feature", "properties": { "内容": "ポラリスデイサービスセンター住吉【地域密着型通所介護】兵庫県神戸市東灘区住吉本町１丁目10－46アメニティコート住吉本町1Ｆ", "url": "https://www.kaigokensaku.mhlw.go.jp/28/index.php?action_kouhyou_detail_004_kani=true&JigyosyoCd=2870102825-00&ServiceCd=780&Type=search", "url2": null }, "geometry": { "type": "Point", "coordinates": [ 135.26311910000004, 34.7218413 ] } },
{ "type": "Feature", "properties": { "内容": "レコードブック神戸住吉【地域密着型通所介護】兵庫県神戸市東灘区田中町4-6-7ハイマート東灘106号室", "url": "https://www.kaigokensaku.mhlw.go.jp/28/index.php?action_kouhyou_detail_004_kani=true&JigyosyoCd=2890100320-00&ServiceCd=780&Type=search", "url2": null }, "geometry": { "type": "Point", "coordinates": [ 135.2699336, 34.7216162 ] } },
{ "type": "Feature", "properties": { "内容": "Ｃａｎｖａｓ　住吉【地域密着型通所介護】住吉宮町3-6-19", "url": "https://www.kaigokensaku.mhlw.go.jp/28/index.php?action_kouhyou_detail_004_kani=true&JigyosyoCd=2890100395-00&ServiceCd=780&Type=search", "url2": null }, "geometry": { "type": "Point", "coordinates": [ 135.2620095, 34.7169502 ] } },
{ "type": "Feature", "properties": { "内容": "リハビリデイサービス　マハロ【地域密着型通所介護】深江浜町124番ユニハイム東灘101", "url": "https://www.kaigokensaku.mhlw.go.jp/28/index.php?action_kouhyou_detail_004_kani=true&JigyosyoCd=2890100452-00&ServiceCd=780&Type=search", "url2": "https://bmc-reha.com/" }, "geometry": { "type": "Point", "coordinates": [ 135.2964983, 34.7158217 ] } },
{ "type": "Feature", "properties": { "内容": "兵庫県神戸市東灘区向洋町中１－９【地域密着型通所介護】向洋町中１丁目９番地", "url": "https://www.kaigokensaku.mhlw.go.jp/28/index.php?action_kouhyou_detail_004_kani=true&JigyosyoCd=2890100494-00&ServiceCd=780&Type=search", "url2": "https://switchon-service.co.jp/" }, "geometry": { "type": "Point", "coordinates": [ 135.2706131, 34.6922713 ] } },
{ "type": "Feature", "properties": { "内容": "オアシスデイサービスセンター【地域密着型通所介護】兵庫県神戸市東灘区森南町１−１２−１３", "url": "https://www.kaigokensaku.mhlw.go.jp/28/index.php?action_kouhyou_detail_004_kani=true&JigyosyoCd=2870102510-00&ServiceCd=780&Type=search", "url2": "http://rl-kobe.com" }, "geometry": { "type": "Point", "coordinates": [ 135.291879800000061, 34.7298227 ] } },
{ "type": "Feature", "properties": { "内容": "デイサービスフルール【地域密着型通所介護】兵庫県神戸市東灘区御影石町2-23-4", "url": "https://www.kaigokensaku.mhlw.go.jp/28/index.php?action_kouhyou_detail_004_kani=true&JigyosyoCd=2890100411-00&ServiceCd=780&Type=search", "url2": "fleur.mikage@gmail.com" }, "geometry": { "type": "Point", "coordinates": [ 135.250616200000024, 34.713475699999989 ] } },
{ "type": "Feature", "properties": { "内容": "エイト・デイズ【地域密着型通所介護】神戸市東灘区住吉宮町2丁目13－11", "url": "https://www.kaigokensaku.mhlw.go.jp/28/index.php?action_kouhyou_detail_004_kani=true&JigyosyoCd=2890100502-00&ServiceCd=780&Type=search", "url2": "公式Line" }, "geometry": { "type": "Point", "coordinates": [ 135.2617286, 34.7141711 ] } },
{ "type": "Feature", "properties": { "内容": "アズリック東灘【地域密着型通所介護】青木2丁目１４－２１－１Fロマンツェ東灘1階", "url": "https://www.kaigokensaku.mhlw.go.jp/28/index.php?action_kouhyou_detail_004_kani=true&JigyosyoCd=2890100312-00&ServiceCd=780&Type=search", "url2": "https://azlic.co.jp/" }, "geometry": { "type": "Point", "coordinates": [ 139.729039100000023, 35.8098003 ] } },
{ "type": "Feature", "properties": { "内容": "リハビリデイサービス・さんぼんのき【地域密着型通所介護】住吉南町3丁目4-8サニーコート住吉1階", "url": "https://www.kaigokensaku.mhlw.go.jp/28/index.php?action_kouhyou_detail_004_kani=true&JigyosyoCd=2870103161-00&ServiceCd=780&Type=search", "url2": null }, "geometry": { "type": "Point", "coordinates": [ 135.26262220000001, 34.7115842 ] } },
{ "type": "Feature", "properties": { "内容": "ステップリハ【地域密着型通所介護】兵庫県神戸市灘区中原通２丁目５－１３ファーストコート１Ｆ", "url": "https://www.kaigokensaku.mhlw.go.jp/28/index.php?action_kouhyou_detail_004_kani=true&JigyosyoCd=2870202161-00&ServiceCd=780&Type=search", "url2": "https://step-reha.crayonsite.com" }, "geometry": { "type": "Point", "coordinates": [ 135.223766299999966, 34.7147087 ] } },
{ "type": "Feature", "properties": { "内容": "デイサービスセンター元気灘支店【地域密着型通所介護】天城通5-1-1エクセレントマヤ南館　103号", "url": "https://www.kaigokensaku.mhlw.go.jp/28/index.php?action_kouhyou_detail_004_kani=true&JigyosyoCd=2870202286-00&ServiceCd=780&Type=search", "url2": "http://rojin-kaigo.com" }, "geometry": { "type": "Point", "coordinates": [ 135.22064249999994, 34.7145294 ] } },
{ "type": "Feature", "properties": { "内容": "パワリハデイ　セラピー【地域密着型通所介護】兵庫県神戸市灘区水道筋５丁目１－３", "url": "https://www.kaigokensaku.mhlw.go.jp/28/index.php?action_kouhyou_detail_004_kani=true&JigyosyoCd=2890200153-00&ServiceCd=780&Type=search", "url2": "www.care-kizuna.info" }, "geometry": { "type": "Point", "coordinates": [ 135.2221491, 34.7117425 ] } },
{ "type": "Feature", "properties": { "内容": "デイサービス　風の詩【地域密着型通所介護】兵庫県神戸市灘区稗原町3-2-11マンション石崎１階", "url": "https://www.kaigokensaku.mhlw.go.jp/28/index.php?action_kouhyou_detail_004_kani=true&JigyosyoCd=2870202112-00&ServiceCd=780&Type=search", "url2": null }, "geometry": { "type": "Point", "coordinates": [ 135.234410199999957, 34.7131728 ] } },
{ "type": "Feature", "properties": { "内容": "Restudio六甲【地域密着型通所介護】兵庫県神戸市灘区八幡町2丁目13番3号サンパール六甲1Ｆ", "url": "https://www.kaigokensaku.mhlw.go.jp/28/index.php?action_kouhyou_detail_004_kani=true&JigyosyoCd=2870202179-00&ServiceCd=780&Type=search", "url2": "https://www.reconcept.jp" }, "geometry": { "type": "Point", "coordinates": [ 135.2365522, 34.7200005 ] } },
{ "type": "Feature", "properties": { "内容": "まちカフェデイSport【地域密着型通所介護】兵庫県神戸市灘区岸地通5丁目2-15グリーンハイツ王子101号室", "url": "https://www.kaigokensaku.mhlw.go.jp/28/index.php?action_kouhyou_detail_004_kani=true&JigyosyoCd=2890200252-00&ServiceCd=780&Type=search", "url2": null }, "geometry": { "type": "Point", "coordinates": [ 135.2212012, 34.7107742 ] } },
{ "type": "Feature", "properties": { "内容": "はんしんいきいきデイサービス神戸灘店【地域密着型通所介護】兵庫県神戸市灘区記田町3-2-15ベルエール六甲道101", "url": "https://www.kaigokensaku.mhlw.go.jp/28/index.php?action_kouhyou_detail_004_kani=true&JigyosyoCd=2870202682-00&ServiceCd=780&Type=search", "url2": "https://hankyuhanshin-dayservice.com/" }, "geometry": { "type": "Point", "coordinates": [ 135.2464304, 34.7137272 ] } },
{ "type": "Feature", "properties": { "内容": "デイサービスセンター珠光庵【地域密着型通所介護】神戸市灘区宮山町１丁目２－２３", "url": "https://www.kaigokensaku.mhlw.go.jp/28/index.php?action_kouhyou_detail_004_kani=true&JigyosyoCd=2870200777-00&ServiceCd=780&Type=search", "url2": "http://www.oakcare.jp" }, "geometry": { "type": "Point", "coordinates": [ 135.236526499999968, 34.7216996 ] } },
{ "type": "Feature", "properties": { "内容": "デイサービスケアウイング六甲【地域密着型通所介護】神戸市灘区大和町４丁目５番２５号", "url": "https://www.kaigokensaku.mhlw.go.jp/28/index.php?action_kouhyou_detail_004_kani=true&JigyosyoCd=2870200926-00&ServiceCd=780&Type=search", "url2": "http//www.kobe-kaigo.co.jp" }, "geometry": { "type": "Point", "coordinates": [ 135.244126100000017, 34.7177223 ] } },
{ "type": "Feature", "properties": { "内容": "介護予防フィットネスデイサービスすたいる六甲【地域密着型通所介護】神戸市灘区桜口町２丁目３番１３シティライフ六甲道３－１０１号", "url": "https://www.kaigokensaku.mhlw.go.jp/28/index.php?action_kouhyou_detail_004_kani=true&JigyosyoCd=2870201726-00&ServiceCd=780&Type=search", "url2": "http://style-agent.jp" }, "geometry": { "type": "Point", "coordinates": [ 135.241306055819706, 34.713731519185096 ] } },
{ "type": "Feature", "properties": { "内容": "よつ葉デイサービス　篠原の憩い【地域密着型通所介護】神戸市灘区篠原北町2丁目2番9号ルーチェ篠原北町　101号", "url": "https://www.kaigokensaku.mhlw.go.jp/28/index.php?action_kouhyou_detail_004_kani=true&JigyosyoCd=2870202005-00&ServiceCd=780&Type=search", "url2": "http://candc-kobe.com/" }, "geometry": { "type": "Point", "coordinates": [ 135.227871400000026, 34.722302300000017 ] } },
{ "type": "Feature", "properties": { "内容": "アースサポート神戸灘【地域密着型通所介護】兵庫県神戸市灘区将軍通3丁目4番19号", "url": "https://www.kaigokensaku.mhlw.go.jp/28/index.php?action_kouhyou_detail_004_kani=true&JigyosyoCd=2870202096-00&ServiceCd=780&Type=search", "url2": "http://www.earthsupport.co.jp" }, "geometry": { "type": "Point", "coordinates": [ 135.229519399999987, 34.7153799 ] } },
{ "type": "Feature", "properties": { "内容": "デイサービスセンターのどか【地域密着型通所介護】兵庫県神戸市灘区篠原台8-20", "url": "https://www.kaigokensaku.mhlw.go.jp/28/index.php?action_kouhyou_detail_004_kani=true&JigyosyoCd=2870202203-00&ServiceCd=780&Type=search", "url2": "http://www.nodoca−care.com" }, "geometry": { "type": "Point", "coordinates": [ 135.229529400000047, 34.7315845 ] } },
{ "type": "Feature", "properties": { "内容": "デイサービスセンター　オリンピア鶴甲【地域密着型通所介護】兵庫県神戸市灘区鶴甲１－４－４", "url": "https://www.kaigokensaku.mhlw.go.jp/28/index.php?action_kouhyou_detail_004_kani=true&JigyosyoCd=2870202351-00&ServiceCd=780&Type=search", "url2": null }, "geometry": { "type": "Point", "coordinates": [ 135.239301, 34.7312401 ] } },
{ "type": "Feature", "properties": { "内容": "笑福門みどりの郷【地域密着型通所介護】兵庫県神戸市灘区鶴甲4丁目9-9", "url": "https://www.kaigokensaku.mhlw.go.jp/28/index.php?action_kouhyou_detail_004_kani=true&JigyosyoCd=2890200112-00&ServiceCd=780&Type=search", "url2": "http://www.kobe-midorinosato.com" }, "geometry": { "type": "Point", "coordinates": [ 135.236323299999981, 34.7351868 ] } },
{ "type": "Feature", "properties": { "内容": "はるいろデイサービス国玉通【地域密着型通所介護】兵庫県神戸市灘区国玉通3-1-13", "url": "https://www.kaigokensaku.mhlw.go.jp/28/index.php?action_kouhyou_detail_004_kani=true&JigyosyoCd=2890200161-00&ServiceCd=780&Type=search", "url2": null }, "geometry": { "type": "Point", "coordinates": [ 135.2201666, 34.7180826 ] } },
{ "type": "Feature", "properties": { "内容": "手しごとデイサービスタブリエ【地域密着型通所介護】兵庫県神戸市灘区曽和町2-1-2-101", "url": "https://www.kaigokensaku.mhlw.go.jp/28/index.php?action_kouhyou_detail_004_kani=true&JigyosyoCd=2890200211-00&ServiceCd=780&Type=search", "url2": null }, "geometry": { "type": "Point", "coordinates": [ 135.235115900000011, 34.7220524 ] } },
{ "type": "Feature", "properties": { "内容": "ミック健康の森　六甲【地域密着型通所介護】楠丘町5丁目6-12ソレイユ六甲", "url": "https://www.kaigokensaku.mhlw.go.jp/28/index.php?action_kouhyou_detail_004_kani=true&JigyosyoCd=2890200245-00&ServiceCd=780&Type=search", "url2": "http://un-mik.co.jp/kenko/shop_search/kansai.html" }, "geometry": { "type": "Point", "coordinates": [ 135.238768, 34.7211783 ] } },
{ "type": "Feature", "properties": { "内容": "デイサービスセンター山手接骨院げんきリハ【地域密着型通所介護】森後町3-1-13キューブリックコート1F", "url": "https://www.kaigokensaku.mhlw.go.jp/28/index.php?action_kouhyou_detail_004_kani=true&JigyosyoCd=2870201916-00&ServiceCd=780&Type=search", "url2": "http://www.sclabo2010.com/category/1886309.html" }, "geometry": { "type": "Point", "coordinates": [ 135.237189700000044, 34.7155995 ] } },
{ "type": "Feature", "properties": { "内容": "わーらいふ【地域密着型通所介護】兵庫県神戸市灘区倉石通2丁目2-22", "url": "https://www.kaigokensaku.mhlw.go.jp/28/index.php?action_kouhyou_detail_004_kani=true&JigyosyoCd=2890200146-00&ServiceCd=780&Type=search", "url2": null }, "geometry": { "type": "Point", "coordinates": [ 135.2237274, 34.714002100000023 ] } },
{ "type": "Feature", "properties": { "内容": "愛の家【地域密着型通所介護】神戸市灘区灘南通3-3-14", "url": "https://www.kaigokensaku.mhlw.go.jp/28/index.php?action_kouhyou_detail_004_kani=true&JigyosyoCd=2870201742-00&ServiceCd=780&Type=search", "url2": "http://www.ai-treehouse.com" }, "geometry": { "type": "Point", "coordinates": [ 135.2268636, 34.7085761 ] } },
{ "type": "Feature", "properties": { "内容": "ウェルケアデイサービス【地域密着型通所介護】兵庫県神戸市灘区城内通４丁目４－５", "url": "https://www.kaigokensaku.mhlw.go.jp/28/index.php?action_kouhyou_detail_004_kani=true&JigyosyoCd=2890200138-00&ServiceCd=780&Type=search", "url2": "https://wellcare-dayservice.com" }, "geometry": { "type": "Point", "coordinates": [ 135.21691839999994, 34.7076689 ] } },
{ "type": "Feature", "properties": { "内容": "ゆうゆう倶楽部【地域密着型通所介護】神戸市灘区篠原中町2-2-12グランプリエール六甲　1F北", "url": "https://www.kaigokensaku.mhlw.go.jp/28/index.php?action_kouhyou_detail_004_kani=true&JigyosyoCd=2870201429-00&ServiceCd=780&Type=search", "url2": "http://uu-club.co.jp" }, "geometry": { "type": "Point", "coordinates": [ 135.229404777891546, 34.718138603889194 ] } },
{ "type": "Feature", "properties": { "内容": "ライフケア神戸【地域密着型通所介護】兵庫県神戸市灘区将軍通2-1-6", "url": "https://www.kaigokensaku.mhlw.go.jp/28/index.php?action_kouhyou_detail_004_kani=true&JigyosyoCd=2870201940-00&ServiceCd=780&Type=search", "url2": null }, "geometry": { "type": "Point", "coordinates": [ 135.230560900000029, 34.7150244 ] } },
{ "type": "Feature", "properties": { "内容": "デイサービスセンターオリンピア兵庫【地域密着型通所介護】兵庫県神戸市兵庫区小松通５－１－１４", "url": "https://www.kaigokensaku.mhlw.go.jp/28/index.php?action_kouhyou_detail_004_kani=true&JigyosyoCd=2870501232-00&ServiceCd=780&Type=search", "url2": "https://www.olympia.or.jp" }, "geometry": { "type": "Point", "coordinates": [ 135.173291400000039, 34.6541638 ] } },
{ "type": "Feature", "properties": { "内容": "リハメイトKOBEesteem【地域密着型通所介護】神戸市兵庫区兵庫町2-1-19", "url": "https://www.kaigokensaku.mhlw.go.jp/28/index.php?action_kouhyou_detail_004_kani=true&JigyosyoCd=2870502099-00&ServiceCd=780&Type=search", "url2": "http://www.rehanet.co.jp/rehamate/" }, "geometry": { "type": "Point", "coordinates": [ 135.172666199999981, 34.6711903 ] } },
{ "type": "Feature", "properties": { "内容": "デイサービスまめ福【地域密着型通所介護】大開通5丁目1-15", "url": "https://www.kaigokensaku.mhlw.go.jp/28/index.php?action_kouhyou_detail_004_kani=true&JigyosyoCd=2870502578-00&ServiceCd=780&Type=search", "url2": null }, "geometry": { "type": "Point", "coordinates": [ 135.165341600000033, 34.6722955 ] } },
{ "type": "Feature", "properties": { "内容": "デイサービスセンター　ベストウェル兵庫【地域密着型通所介護】兵庫県神戸市兵庫区荒田町2丁目7-13", "url": "https://www.kaigokensaku.mhlw.go.jp/28/index.php?action_kouhyou_detail_004_kani=true&JigyosyoCd=2870503162-00&ServiceCd=780&Type=search", "url2": "http://www.bestwell.co.jp" }, "geometry": { "type": "Point", "coordinates": [ 135.168875015845998, 34.683172918434174 ] } },
{ "type": "Feature", "properties": { "内容": "デイサービス　モーツァルトいのり【地域密着型通所介護】兵庫県神戸市兵庫区松原通2丁目1番17－1号", "url": "https://www.kaigokensaku.mhlw.go.jp/28/index.php?action_kouhyou_detail_004_kani=true&JigyosyoCd=2870500390-00&ServiceCd=780&Type=search", "url2": "http://www.kobe-mozart.jp" }, "geometry": { "type": "Point", "coordinates": [ 135.168312199999974, 34.6641155 ] } },
{ "type": "Feature", "properties": { "内容": "柔らかリハビリデイサービス【地域密着型通所介護】兵庫県神戸市兵庫区塚本通2-2-25兵庫県柔道整復師会館4F", "url": "https://www.kaigokensaku.mhlw.go.jp/28/index.php?action_kouhyou_detail_004_kani=true&JigyosyoCd=2870502321-00&ServiceCd=780&Type=search", "url2": null }, "geometry": { "type": "Point", "coordinates": [ 135.168088600000033, 34.6735982 ] } },
{ "type": "Feature", "properties": { "内容": "デイサービスリヴィラ【地域密着型通所介護】兵庫県神戸市兵庫区本町１－１－１８", "url": "https://www.kaigokensaku.mhlw.go.jp/28/index.php?action_kouhyou_detail_004_kani=true&JigyosyoCd=2870502966-00&ServiceCd=780&Type=search", "url2": "ｈｔｔｐ://revillaofficial.wivsite.com/revilla" }, "geometry": { "type": "Point", "coordinates": [ 135.174527200000057, 34.668518300000017 ] } },
{ "type": "Feature", "properties": { "内容": "真愛たきやまデイサービス【地域密着型通所介護】兵庫県神戸市兵庫区滝山町511番地", "url": "https://www.kaigokensaku.mhlw.go.jp/28/index.php?action_kouhyou_detail_004_kani=true&JigyosyoCd=2870503014-00&ServiceCd=780&Type=search", "url2": "http://shin-ai.biz/" }, "geometry": { "type": "Point", "coordinates": [ 135.151972300000011, 34.6831351 ] } },
{ "type": "Feature", "properties": { "内容": "フィジカルサポートデイサービス【地域密着型通所介護】兵庫県神戸市兵庫区湊町4丁目2－12リビース湊川103号", "url": "https://www.kaigokensaku.mhlw.go.jp/28/index.php?action_kouhyou_detail_004_kani=true&JigyosyoCd=2870503071-00&ServiceCd=780&Type=search", "url2": null }, "geometry": { "type": "Point", "coordinates": [ 135.1705746, 34.6762202 ] } },
{ "type": "Feature", "properties": { "内容": "ポシブル神戸中央【地域密着型通所介護】兵庫県神戸市兵庫区下祗園町21番4号　3F", "url": "https://www.kaigokensaku.mhlw.go.jp/28/index.php?action_kouhyou_detail_004_kani=true&JigyosyoCd=2870503295-00&ServiceCd=780&Type=search", "url2": null }, "geometry": { "type": "Point", "coordinates": [ 135.168307899999945, 34.6903271 ] } },
{ "type": "Feature", "properties": { "内容": "ラグナケア荒田【地域密着型通所介護】荒田町３丁目75-10", "url": "https://www.kaigokensaku.mhlw.go.jp/28/index.php?action_kouhyou_detail_004_kani=true&JigyosyoCd=2890500271-00&ServiceCd=780&Type=search", "url2": "https://www.houonkai.jp/" }, "geometry": { "type": "Point", "coordinates": [ 135.164718482803352, 34.686955308596978 ] } },
{ "type": "Feature", "properties": { "内容": "デイサービス木の実【地域密着型通所介護】兵庫県神戸市兵庫区荒田町４丁目７番１１号", "url": "https://www.kaigokensaku.mhlw.go.jp/28/index.php?action_kouhyou_detail_004_kani=true&JigyosyoCd=2870502826-00&ServiceCd=780&Type=search", "url2": null }, "geometry": { "type": "Point", "coordinates": [ 135.165616499999942, 34.682725 ] } },
{ "type": "Feature", "properties": { "内容": "デイサービスセンター　あいらんど【地域密着型通所介護】神戸市兵庫区西上橘通１－１－８", "url": "https://www.kaigokensaku.mhlw.go.jp/28/index.php?action_kouhyou_detail_004_kani=true&JigyosyoCd=2870500937-00&ServiceCd=780&Type=search", "url2": null }, "geometry": { "type": "Point", "coordinates": [ 135.171741099999963, 34.680917 ] } },
{ "type": "Feature", "properties": { "内容": "レコードブック兵庫駅前【地域密着型通所介護】入江通3－1－27グレーテル森1F", "url": "https://www.kaigokensaku.mhlw.go.jp/28/index.php?action_kouhyou_detail_004_kani=true&JigyosyoCd=2890500214-00&ServiceCd=780&Type=search", "url2": "https://www.recordbook.jp" }, "geometry": { "type": "Point", "coordinates": [ 135.167596522090179, 34.666840415368945 ] } },
{ "type": "Feature", "properties": { "内容": "平野デイサービスセンターここび【地域密着型通所介護】神戸市兵庫区平野町服山182-4", "url": "https://www.kaigokensaku.mhlw.go.jp/28/index.php?action_kouhyou_detail_004_kani=true&JigyosyoCd=2890500255-00&ServiceCd=780&Type=search", "url2": null }, "geometry": { "type": "Point", "coordinates": [ 135.1658261, 34.7043617 ] } },
{ "type": "Feature", "properties": { "内容": "ララハートデイサービスセンター【地域密着型通所介護】石井町２丁目３-８", "url": "https://www.kaigokensaku.mhlw.go.jp/28/index.php?action_kouhyou_detail_004_kani=true&JigyosyoCd=2870502297-00&ServiceCd=780&Type=search", "url2": "https://m.facebook.com/lalaheart.nagomi/" }, "geometry": { "type": "Point", "coordinates": [ 135.163042375109853, 34.689264034731472 ] } },
{ "type": "Feature", "properties": { "内容": "アーチ・デイサービス大開【地域密着型通所介護】神戸市兵庫区大開通5丁目2‐22", "url": "https://www.kaigokensaku.mhlw.go.jp/28/index.php?action_kouhyou_detail_004_kani=true&JigyosyoCd=2870502768-00&ServiceCd=780&Type=search", "url2": "https://cina.co.jp/care/arch-daikai/" }, "geometry": { "type": "Point", "coordinates": [ 135.164735295631402, 34.672800746903405 ] } },
{ "type": "Feature", "properties": { "内容": "にこにこデイサービス兵庫【地域密着型通所介護】兵庫県神戸市兵庫区兵庫町2丁目1-35", "url": "https://www.kaigokensaku.mhlw.go.jp/28/index.php?action_kouhyou_detail_004_kani=true&JigyosyoCd=2870502982-00&ServiceCd=780&Type=search", "url2": null }, "geometry": { "type": "Point", "coordinates": [ 135.173688299999981, 34.6716791 ] } },
{ "type": "Feature", "properties": { "内容": "デイサービス箒星【地域密着型通所介護】兵庫県神戸市兵庫区西多聞通2-1-19ジョイフル兵庫101号室", "url": "https://www.kaigokensaku.mhlw.go.jp/28/index.php?action_kouhyou_detail_004_kani=true&JigyosyoCd=2890500180-00&ServiceCd=780&Type=search", "url2": null }, "geometry": { "type": "Point", "coordinates": [ 135.172679900000048, 34.6788506 ] } },
{ "type": "Feature", "properties": { "内容": "デイサービスセンターいばしょ【地域密着型通所介護】兵庫県神戸市兵庫区三川口町1-3-15　カワキタプラザ105", "url": "https://www.kaigokensaku.mhlw.go.jp/28/index.php?action_kouhyou_detail_004_kani=true&JigyosyoCd=2890500313-00&ServiceCd=780&Type=search", "url2": null }, "geometry": { "type": "Point", "coordinates": [ 135.171113100000014, 34.6711627 ] } },
{ "type": "Feature", "properties": { "内容": "リハビリ・デイサービスセンター神戸【地域密着型通所介護】兵庫県神戸市長田区大塚町1丁目8-11プレノ長田303号", "url": "https://www.kaigokensaku.mhlw.go.jp/28/index.php?action_kouhyou_detail_004_kani=true&JigyosyoCd=2870602543-00&ServiceCd=780&Type=search", "url2": null }, "geometry": { "type": "Point", "coordinates": [ 135.149190169975299, 34.670277098360131 ] } },
{ "type": "Feature", "properties": { "内容": "健康促進デイサービスAQUA【地域密着型通所介護】兵庫県神戸市長田区大橋町2丁目1番12号クレール菊水101号", "url": "https://www.kaigokensaku.mhlw.go.jp/28/index.php?action_kouhyou_detail_004_kani=true&JigyosyoCd=2890600436-00&ServiceCd=780&Type=search", "url2": "https://www.felice-aqua.com/" }, "geometry": { "type": "Point", "coordinates": [ 135.148390500000033, 34.65672390000001 ] } },
{ "type": "Feature", "properties": { "内容": "デイサービスりんく戸崎【地域密着型通所介護】戸崎通2丁目1-2-101トラストコート戸崎1Ｆ", "url": "https://www.kaigokensaku.mhlw.go.jp/28/index.php?action_kouhyou_detail_004_kani=true&JigyosyoCd=2870602378-00&ServiceCd=780&Type=search", "url2": null }, "geometry": { "type": "Point", "coordinates": [ 135.139374500000031, 34.6608518 ] } },
{ "type": "Feature", "properties": { "内容": "デイサービス和み鷹取【地域密着型通所介護】兵庫県神戸市長田区長楽町2丁目3番5号カーム鷹取１F", "url": "https://www.kaigokensaku.mhlw.go.jp/28/index.php?action_kouhyou_detail_004_kani=true&JigyosyoCd=2890600444-00&ServiceCd=780&Type=search", "url2": null }, "geometry": { "type": "Point", "coordinates": [ 135.1359535, 34.650789 ] } },
{ "type": "Feature", "properties": { "内容": "真野デイサービスセンター【地域密着型通所介護】兵庫県神戸市長田区東尻池町6-3-19", "url": "https://www.kaigokensaku.mhlw.go.jp/28/index.php?action_kouhyou_detail_004_kani=true&JigyosyoCd=2870600323-00&ServiceCd=780&Type=search", "url2": "http://www.kokorono.or.jp" }, "geometry": { "type": "Point", "coordinates": [ 135.1567897, 34.6565994 ] } },
{ "type": "Feature", "properties": { "内容": "片山デイサービスセンター【地域密着型通所介護】兵庫県神戸市長田区片山町3丁目2番11号", "url": "https://www.kaigokensaku.mhlw.go.jp/28/index.php?action_kouhyou_detail_004_kani=true&JigyosyoCd=2870600331-00&ServiceCd=780&Type=search", "url2": "https://ainosono.jp/" }, "geometry": { "type": "Point", "coordinates": [ 135.149270500000057, 34.6749838 ] } },
{ "type": "Feature", "properties": { "内容": "デイサービスセンター　ハナの会【地域密着型通所介護】神戸市長田区若松町4丁目2-5　アスタピア新長田スタガーデン203", "url": "https://www.kaigokensaku.mhlw.go.jp/28/index.php?action_kouhyou_detail_004_kani=true&JigyosyoCd=2870601172-00&ServiceCd=780&Type=search", "url2": "http://www.social-b.net/kfc/katudou/dayservice.html" }, "geometry": { "type": "Point", "coordinates": [ 135.145810100000062, 34.6569494 ] } },
{ "type": "Feature", "properties": { "内容": "特定非営利活動法人　コリアン生活センター　イオ神戸【地域密着型通所介護】神戸市長田区浜添通１丁目２－６", "url": "https://www.kaigokensaku.mhlw.go.jp/28/index.php?action_kouhyou_detail_004_kani=true&JigyosyoCd=2870601586-00&ServiceCd=780&Type=search", "url2": null }, "geometry": { "type": "Point", "coordinates": [ 135.155131500000039, 34.658149299999984 ] } },
{ "type": "Feature", "properties": { "内容": "笑うデイサービス【地域密着型通所介護】西代通4丁目3-7", "url": "https://www.kaigokensaku.mhlw.go.jp/28/index.php?action_kouhyou_detail_004_kani=true&JigyosyoCd=2870602022-00&ServiceCd=780&Type=search", "url2": null }, "geometry": { "type": "Point", "coordinates": [ 135.138560699999971, 34.6588492 ] } },
{ "type": "Feature", "properties": { "内容": "えびす家デイサービス【地域密着型通所介護】神戸市長田区長田町1丁目3-1-221サンドール長田南館2階221号", "url": "https://www.kaigokensaku.mhlw.go.jp/28/index.php?action_kouhyou_detail_004_kani=true&JigyosyoCd=2870602253-00&ServiceCd=780&Type=search", "url2": null }, "geometry": { "type": "Point", "coordinates": [ 135.148959500000046, 34.6699815 ] } },
{ "type": "Feature", "properties": { "内容": "デイサービス和み【地域密着型通所介護】神戸市長田区駒ヶ林町5丁目17-10シティライフ21長田1F", "url": "https://www.kaigokensaku.mhlw.go.jp/28/index.php?action_kouhyou_detail_004_kani=true&JigyosyoCd=2870602931-00&ServiceCd=780&Type=search", "url2": null }, "geometry": { "type": "Point", "coordinates": [ 135.14537150000001, 34.6499889 ] } },
{ "type": "Feature", "properties": { "内容": "デイサービスケルン【地域密着型通所介護】兵庫県神戸市長田区久保町２丁目１－１８芝山ビル１階", "url": "https://www.kaigokensaku.mhlw.go.jp/28/index.php?action_kouhyou_detail_004_kani=true&JigyosyoCd=2870603053-00&ServiceCd=780&Type=search", "url2": null }, "geometry": { "type": "Point", "coordinates": [ 135.150087500000012, 34.6559774 ] } },
{ "type": "Feature", "properties": { "内容": "デイサービス「だんらんの家上沢」【地域密着型通所介護】重池町1-4-3", "url": "https://www.kaigokensaku.mhlw.go.jp/28/index.php?action_kouhyou_detail_004_kani=true&JigyosyoCd=2890600170-00&ServiceCd=780&Type=search", "url2": "https://danrannoie.com/home/kamisawa.html" }, "geometry": { "type": "Point", "coordinates": [ 135.155913079762286, 34.676102007226007 ] } },
{ "type": "Feature", "properties": { "内容": "からだすたじおすまぁとぷらす【地域密着型通所介護】兵庫県神戸市長田区浪松町2丁目２番19号藤原ビル2F", "url": "https://www.kaigokensaku.mhlw.go.jp/28/index.php?action_kouhyou_detail_004_kani=true&JigyosyoCd=2890600246-00&ServiceCd=780&Type=search", "url2": "http://www.smart-kobe.com/" }, "geometry": { "type": "Point", "coordinates": [ 135.134923, 34.650383 ] } },
{ "type": "Feature", "properties": { "内容": "ふくろうの杜デイサービス【地域密着型通所介護】兵庫県神戸市長田区神楽町5-3-14-1神戸長田ふくろうの杜", "url": "https://www.kaigokensaku.mhlw.go.jp/28/index.php?action_kouhyou_detail_004_kani=true&JigyosyoCd=2890600287-00&ServiceCd=780&Type=search", "url2": "http://hyoufuku.main.jp/houjin/" }, "geometry": { "type": "Point", "coordinates": [ 135.146284400000013, 34.6592258 ] } },
{ "type": "Feature", "properties": { "内容": "西代さくら庵【地域密着型通所介護】兵庫県神戸市長田区西代通３丁目2番9号", "url": "https://www.kaigokensaku.mhlw.go.jp/28/index.php?action_kouhyou_detail_004_kani=true&JigyosyoCd=2890600337-00&ServiceCd=780&Type=search", "url2": null }, "geometry": { "type": "Point", "coordinates": [ 135.1394928, 34.6594479 ] } },
{ "type": "Feature", "properties": { "内容": "ビーナスプラス長田【地域密着型通所介護】兵庫県神戸市長田区浜添通3-4-10白鷹真野マンション1階", "url": "https://www.kaigokensaku.mhlw.go.jp/28/index.php?action_kouhyou_detail_004_kani=true&JigyosyoCd=2890600378-00&ServiceCd=780&Type=search", "url2": "https://www.venus-comrade.co.jp/office/plus_nagata/" }, "geometry": { "type": "Point", "coordinates": [ 135.155537900000041, 34.6565688 ] } },
{ "type": "Feature", "properties": { "内容": "地域密着型通所介護紅葉のデイ【地域密着型通所介護】兵庫県神戸市長田区北町1丁目50プレシオッソ神戸１F", "url": "https://www.kaigokensaku.mhlw.go.jp/28/index.php?action_kouhyou_detail_004_kani=true&JigyosyoCd=2890600295-00&ServiceCd=780&Type=search", "url2": "http：/universallife-momiji.com/" }, "geometry": { "type": "Point", "coordinates": [ 135.152812899999986, 34.6668763 ] } },
{ "type": "Feature", "properties": { "内容": "まさと家デイサービス【地域密着型通所介護】神戸市長田区駒ケ林町6-7-6", "url": "https://www.kaigokensaku.mhlw.go.jp/28/index.php?action_kouhyou_detail_004_kani=true&JigyosyoCd=2890600352-00&ServiceCd=780&Type=search", "url2": null }, "geometry": { "type": "Point", "coordinates": [ 135.1441699, 34.648712 ] } },
{ "type": "Feature", "properties": { "内容": "プラスト新長田【地域密着型通所介護】兵庫県神戸市長田区腕塚町4-2-1フェニーチェ神戸101", "url": "https://www.kaigokensaku.mhlw.go.jp/28/index.php?action_kouhyou_detail_004_kani=true&JigyosyoCd=2870602865-00&ServiceCd=780&Type=search", "url2": "http://plast-project.jp/day/" }, "geometry": { "type": "Point", "coordinates": [ 135.14776, 34.6549301 ] } },
{ "type": "Feature", "properties": { "内容": "生活リハビリ　デイサービス　つやっこ【地域密着型通所介護】兵庫県神戸市長田区浜添通2-1-9レインボーマンション塩谷101", "url": "https://www.kaigokensaku.mhlw.go.jp/28/index.php?action_kouhyou_detail_004_kani=true&JigyosyoCd=2890600303-00&ServiceCd=780&Type=search", "url2": null }, "geometry": { "type": "Point", "coordinates": [ 135.155336799999986, 34.6567769 ] } },
{ "type": "Feature", "properties": { "内容": "トミースポーツ御蔵【地域密着型通所介護】兵庫県神戸市長田区御蔵通7-36", "url": "https://www.kaigokensaku.mhlw.go.jp/28/index.php?action_kouhyou_detail_004_kani=true&JigyosyoCd=2890600469-00&ServiceCd=780&Type=search", "url2": "https://www.tommysports.jp/" }, "geometry": { "type": "Point", "coordinates": [ 135.151528367459093, 34.664526236643717 ] } },
{ "type": "Feature", "properties": { "内容": "あんしんリハケアEデイ新長田【地域密着型通所介護】日吉町2-1-2アスタピア新長田公園通り107-1あんしんリハケアEデイ新長田", "url": "https://www.kaigokensaku.mhlw.go.jp/28/index.php?action_kouhyou_detail_004_kani=true&JigyosyoCd=2890600360-00&ServiceCd=780&Type=search", "url2": null }, "geometry": { "type": "Point", "coordinates": [ 139.4561952, 35.6997135 ] } },
{ "type": "Feature", "properties": { "内容": "入浴特化型デイサービス　イングSPA【地域密着型通所介護】長田町７丁目2番地４号", "url": "https://www.kaigokensaku.mhlw.go.jp/28/index.php?action_kouhyou_detail_004_kani=true&JigyosyoCd=2890600477-00&ServiceCd=780&Type=search", "url2": "https://one-step-ing.com/" }, "geometry": { "type": "Point", "coordinates": [ 135.145831, 34.6742667 ] } },
{ "type": "Feature", "properties": { "内容": "アクティリハ新長田半日型リハビリ特化デイサービス【地域密着型通所介護】兵庫県神戸市長田区御屋敷通1-4-10東急ドエルアルス御屋敷通103", "url": "https://www.kaigokensaku.mhlw.go.jp/28/index.php?action_kouhyou_detail_004_kani=true&JigyosyoCd=2890600485-00&ServiceCd=780&Type=search", "url2": "https://actyreha-shinnagata.hp.peraichi.com" }, "geometry": { "type": "Point", "coordinates": [ 135.144577428172283, 34.662490683482204 ] } },
{ "type": "Feature", "properties": { "内容": "デイサービス実り【地域密着型通所介護】房王寺町4丁目7-12ロイヤルコートナグラ1F", "url": "https://www.kaigokensaku.mhlw.go.jp/28/index.php?action_kouhyou_detail_004_kani=true&JigyosyoCd=2890600345-00&ServiceCd=780&Type=search", "url2": null }, "geometry": { "type": "Point", "coordinates": [ 135.147431668122834, 34.680183269307811 ] } },
{ "type": "Feature", "properties": { "内容": "リハデイ板宿【地域密着型通所介護】兵庫県神戸市須磨区飛松町２丁目5-11", "url": "https://www.kaigokensaku.mhlw.go.jp/28/index.php?action_kouhyou_detail_004_kani=true&JigyosyoCd=2890700426-00&ServiceCd=780&Type=search", "url2": null }, "geometry": { "type": "Point", "coordinates": [ 135.1337292, 34.661861600000023 ] } },
{ "type": "Feature", "properties": { "内容": "リハビリテーションデイGREENAPPLE北suma【地域密着型通所介護】兵庫県神戸市須磨区白川台6丁目4-44尾崎ビル１F", "url": "https://www.kaigokensaku.mhlw.go.jp/28/index.php?action_kouhyou_detail_004_kani=true&JigyosyoCd=2890700434-00&ServiceCd=780&Type=search", "url2": "https://www.green-apple.jp/company/" }, "geometry": { "type": "Point", "coordinates": [ 135.102854900000011, 34.6916925 ] } },
{ "type": "Feature", "properties": { "内容": "機能訓練特化型　カフェ＋トレーニング　ＩＳＡＩ【地域密着型通所介護】神戸市須磨区多井畑東町2-1", "url": "https://www.kaigokensaku.mhlw.go.jp/28/index.php?action_kouhyou_detail_004_kani=true&JigyosyoCd=2870702640-00&ServiceCd=780&Type=search", "url2": "isaiaqus.com" }, "geometry": { "type": "Point", "coordinates": [ 135.102876453889678, 34.667014289978198 ] } },
{ "type": "Feature", "properties": { "内容": "リハビリケアゆう【地域密着型通所介護】兵庫県神戸市須磨区白川台1-4-3", "url": "https://www.kaigokensaku.mhlw.go.jp/28/index.php?action_kouhyou_detail_004_kani=true&JigyosyoCd=2890700418-00&ServiceCd=780&Type=search", "url2": "https://suma-shinkyu.com" }, "geometry": { "type": "Point", "coordinates": [ 135.0945859, 34.6887762 ] } },
{ "type": "Feature", "properties": { "内容": "あんしんリハケア鷹取【地域密着型通所介護】神戸市須磨区大池町５丁目１６番８幸学ビル　401", "url": "https://www.kaigokensaku.mhlw.go.jp/28/index.php?action_kouhyou_detail_004_kani=true&JigyosyoCd=2870702137-00&ServiceCd=780&Type=search", "url2": null }, "geometry": { "type": "Point", "coordinates": [ 135.133825200000047, 34.6532497 ] } },
{ "type": "Feature", "properties": { "内容": "デイサービスみなみおちあい【地域密着型通所介護】南落合１丁目１４-１７", "url": "https://www.kaigokensaku.mhlw.go.jp/28/index.php?action_kouhyou_detail_004_kani=true&JigyosyoCd=2870702434-00&ServiceCd=780&Type=search", "url2": null }, "geometry": { "type": "Point", "coordinates": [ 135.1008888, 34.6739333 ] } },
{ "type": "Feature", "properties": { "内容": "デイサービスたいのはた【地域密着型通所介護】多井畑字前所15-1", "url": "https://www.kaigokensaku.mhlw.go.jp/28/index.php?action_kouhyou_detail_004_kani=true&JigyosyoCd=2870702616-00&ServiceCd=780&Type=search", "url2": null }, "geometry": { "type": "Point", "coordinates": [ 135.092514606982633, 34.659711184879285 ] } },
{ "type": "Feature", "properties": { "内容": "すまいるＳＵＭＡデイサービスセンター【地域密着型通所介護】兵庫県神戸市須磨区道正台1丁目1須磨パークヒルズＢ棟101", "url": "https://www.kaigokensaku.mhlw.go.jp/28/index.php?action_kouhyou_detail_004_kani=true&JigyosyoCd=2870702731-00&ServiceCd=780&Type=search", "url2": "http://www.smile-kouseikai.com/" }, "geometry": { "type": "Point", "coordinates": [ 135.106678931491047, 34.675335272649981 ] } },
{ "type": "Feature", "properties": { "内容": "須磨寺さくら庵【地域密着型通所介護】兵庫県神戸市須磨区須磨寺町３丁目６番２１号", "url": "https://www.kaigokensaku.mhlw.go.jp/28/index.php?action_kouhyou_detail_004_kani=true&JigyosyoCd=2870702806-00&ServiceCd=780&Type=search", "url2": null }, "geometry": { "type": "Point", "coordinates": [ 135.1126772, 34.6499082 ] } },
{ "type": "Feature", "properties": { "内容": "離宮高齢者介護支援センター【地域密着型通所介護】神戸市須磨区離宮西町2-2-3", "url": "https://www.kaigokensaku.mhlw.go.jp/28/index.php?action_kouhyou_detail_004_kani=true&JigyosyoCd=2870702848-00&ServiceCd=780&Type=search", "url2": "http://www.rikyu-s.jp/" }, "geometry": { "type": "Point", "coordinates": [ 135.116029600000047, 34.6520303 ] } },
{ "type": "Feature", "properties": { "内容": "デイサービス　ケルン若宮【地域密着型通所介護】青葉町４丁目１－９丸山ビル１階", "url": "https://www.kaigokensaku.mhlw.go.jp/28/index.php?action_kouhyou_detail_004_kani=true&JigyosyoCd=2890700202-00&ServiceCd=780&Type=search", "url2": null }, "geometry": { "type": "Point", "coordinates": [ 135.150087499999984, 34.6559774 ] } },
{ "type": "Feature", "properties": { "内容": "ひだまりの家　須磨妙法寺【地域密着型通所介護】兵庫県神戸市須磨区桜の杜1-6-1", "url": "https://www.kaigokensaku.mhlw.go.jp/28/index.php?action_kouhyou_detail_004_kani=true&JigyosyoCd=2890700210-00&ServiceCd=780&Type=search", "url2": "http://www.leo-good.com" }, "geometry": { "type": "Point", "coordinates": [ 135.115621199999964, 34.6775909 ] } },
{ "type": "Feature", "properties": { "内容": "晴れたらいいね【地域密着型通所介護】兵庫県神戸市須磨区中落合3-1440-101", "url": "https://www.kaigokensaku.mhlw.go.jp/28/index.php?action_kouhyou_detail_004_kani=true&JigyosyoCd=2890700269-00&ServiceCd=780&Type=search", "url2": null }, "geometry": { "type": "Point", "coordinates": [ 135.092302916918953, 34.681100831011719 ] } },
{ "type": "Feature", "properties": { "内容": "須磨浦の里デイサービスセンター【地域密着型通所介護】神戸市須磨区一ノ谷町３丁目３－２１", "url": "https://www.kaigokensaku.mhlw.go.jp/28/index.php?action_kouhyou_detail_004_kani=true&JigyosyoCd=2870700859-00&ServiceCd=780&Type=search", "url2": "https://www.sumauranosato.com" }, "geometry": { "type": "Point", "coordinates": [ 135.101275799999939, 34.6404897 ] } },
{ "type": "Feature", "properties": { "内容": "ことばの道デイサービス【地域密着型通所介護】高倉台6丁目19-1", "url": "https://www.kaigokensaku.mhlw.go.jp/28/index.php?action_kouhyou_detail_004_kani=true&JigyosyoCd=2870702681-00&ServiceCd=780&Type=search", "url2": "http://www.kotobanomichi.jp" }, "geometry": { "type": "Point", "coordinates": [ 135.099829462408195, 34.658622501331095 ] } },
{ "type": "Feature", "properties": { "内容": "ケア・スタジオごりら【地域密着型通所介護】北落合1-1-4-106", "url": "https://www.kaigokensaku.mhlw.go.jp/28/index.php?action_kouhyou_detail_004_kani=true&JigyosyoCd=2890700228-00&ServiceCd=780&Type=search", "url2": "http://hp.kaipoke.biz/y9e/" }, "geometry": { "type": "Point", "coordinates": [ 135.094862983467095, 34.6867871 ] } },
{ "type": "Feature", "properties": { "内容": "レコードブック神戸常盤【地域密着型通所介護】兵庫県神戸市須磨区常盤町2丁目3-7慶大ビル1階", "url": "https://www.kaigokensaku.mhlw.go.jp/28/index.php?action_kouhyou_detail_004_kani=true&JigyosyoCd=2890700293-00&ServiceCd=780&Type=search", "url2": "https://www.recordbook.jp/" }, "geometry": { "type": "Point", "coordinates": [ 135.1396752, 34.6554306 ] } },
{ "type": "Feature", "properties": { "内容": "MEINHAUSデイ【地域密着型通所介護】神戸市須磨区大手町6-2-11", "url": "https://www.kaigokensaku.mhlw.go.jp/28/index.php?action_kouhyou_detail_004_kani=true&JigyosyoCd=2870701592-00&ServiceCd=780&Type=search", "url2": "https://meinhaus1001.com" }, "geometry": { "type": "Point", "coordinates": [ 135.129433, 34.6590256 ] } },
{ "type": "Feature", "properties": { "内容": "デイサービスセンターCODEMARI須磨【地域密着型通所介護】兵庫県神戸市須磨区妙法寺筆前178プリマヴェーラ妙法寺1階", "url": "https://www.kaigokensaku.mhlw.go.jp/28/index.php?action_kouhyou_detail_004_kani=true&JigyosyoCd=2870703242-00&ServiceCd=780&Type=search", "url2": "http://codemari-suma.jp" }, "geometry": { "type": "Point", "coordinates": [ 135.1132657, 34.6764067 ] } },
{ "type": "Feature", "properties": { "内容": "デイサービスｍｓカンパニー【地域密着型通所介護】兵庫県神戸市須磨区磯馴町6-2-5シーサイドシャトー須磨107", "url": "https://www.kaigokensaku.mhlw.go.jp/28/index.php?action_kouhyou_detail_004_kani=true&JigyosyoCd=2890700335-00&ServiceCd=780&Type=search", "url2": "https://takems.co.jp" }, "geometry": { "type": "Point", "coordinates": [ 135.125936753967295, 34.645082320507925 ] } },
{ "type": "Feature", "properties": { "内容": "ﾘﾊﾋﾞﾘﾃﾞｲｻｰﾋﾞｽnagomi須磨妙法寺店【地域密着型通所介護】兵庫県神戸市須磨区妙法寺字ぬめり石337-1", "url": "https://www.kaigokensaku.mhlw.go.jp/28/index.php?action_kouhyou_detail_004_kani=true&JigyosyoCd=2890700236-00&ServiceCd=780&Type=search", "url2": "http://www.my-nagomi.com" }, "geometry": { "type": "Point", "coordinates": [ 135.106417400000026, 34.6737078 ] } },
{ "type": "Feature", "properties": { "内容": "機能訓練型デイ　リハビット【地域密着型通所介護】兵庫県神戸市須磨区青葉町2丁目１-25１F", "url": "https://www.kaigokensaku.mhlw.go.jp/28/index.php?action_kouhyou_detail_004_kani=true&JigyosyoCd=2890700244-00&ServiceCd=780&Type=search", "url2": "https://k2place.com/" }, "geometry": { "type": "Point", "coordinates": [ 135.134313915344279, 34.648885568499722 ] } },
{ "type": "Feature", "properties": { "内容": "くるみリハ須磨【地域密着型通所介護】兵庫県神戸市須磨区戸政町１丁目１－２　１階B号室", "url": "https://www.kaigokensaku.mhlw.go.jp/28/index.php?action_kouhyou_detail_004_kani=true&JigyosyoCd=2890700368-00&ServiceCd=780&Type=search", "url2": null }, "geometry": { "type": "Point", "coordinates": [ 135.129771600000026, 34.653089800000018 ] } },
{ "type": "Feature", "properties": { "内容": "サロン・ド・キッチン北須磨【地域密着型通所介護】兵庫県神戸市須磨区車字獅堀1056-8重田工務店ビルディング1階", "url": "https://www.kaigokensaku.mhlw.go.jp/28/index.php?action_kouhyou_detail_004_kani=true&JigyosyoCd=2890700459-00&ServiceCd=780&Type=search", "url2": "https://salon.nodono.co.jp" }, "geometry": { "type": "Point", "coordinates": [ 135.1095531, 34.6851675 ] } },
{ "type": "Feature", "properties": { "内容": "デイサービス葉月【地域密着型通所介護】兵庫県神戸市須磨区若草町１丁目２－１ヴィラ若草１０２", "url": "https://www.kaigokensaku.mhlw.go.jp/28/index.php?action_kouhyou_detail_004_kani=true&JigyosyoCd=2870702210-00&ServiceCd=780&Type=search", "url2": null }, "geometry": { "type": "Point", "coordinates": [ 135.1105896, 34.6859581 ] } },
{ "type": "Feature", "properties": { "内容": "デイサ－ビスセンタ－しおや【地域密着型通所介護】神戸市垂水区塩屋町3丁目９-２０", "url": "https://www.kaigokensaku.mhlw.go.jp/28/index.php?action_kouhyou_detail_004_kani=true&JigyosyoCd=2870801251-00&ServiceCd=780&Type=search", "url2": null }, "geometry": { "type": "Point", "coordinates": [ 135.082361, 34.6347959 ] } },
{ "type": "Feature", "properties": { "内容": "特定非営利活動法人福祉ネット星が丘【地域密着型通所介護】兵庫県神戸市垂水区星が丘3-2-23", "url": "https://www.kaigokensaku.mhlw.go.jp/28/index.php?action_kouhyou_detail_004_kani=true&JigyosyoCd=2870800626-00&ServiceCd=780&Type=search", "url2": "http://peraichi.com/landing_pages/view/hoshigaokahome" }, "geometry": { "type": "Point", "coordinates": [ 135.048967717196689, 34.64098881533117 ] } },
{ "type": "Feature", "properties": { "内容": "デイサービスＣＨＩＡＫＩほおずき神戸垂水【地域密着型通所介護】神戸市垂水区霞ヶ丘１-3-13", "url": "https://www.kaigokensaku.mhlw.go.jp/28/index.php?action_kouhyou_detail_004_kani=true&JigyosyoCd=2870800949-00&ServiceCd=780&Type=search", "url2": "http://www.chiaki-hozuki.co.jp" }, "geometry": { "type": "Point", "coordinates": [ 135.046713899999986, 34.6324208 ] } },
{ "type": "Feature", "properties": { "内容": "ハートランド舞子台【地域密着型通所介護】神戸市垂水区舞子台７丁目３番８号", "url": "https://www.kaigokensaku.mhlw.go.jp/28/index.php?action_kouhyou_detail_004_kani=true&JigyosyoCd=2870801673-00&ServiceCd=780&Type=search", "url2": "https://www.m2-corporation.co.jp/" }, "geometry": { "type": "Point", "coordinates": [ 135.037783958471408, 34.6395369213785 ] } },
{ "type": "Feature", "properties": { "内容": "デイサービスセンターメープルホーム【地域密着型通所介護】神戸市垂水区名谷町大谷１９０５－１", "url": "https://www.kaigokensaku.mhlw.go.jp/28/index.php?action_kouhyou_detail_004_kani=true&JigyosyoCd=2870802119-00&ServiceCd=780&Type=search", "url2": "http://haganosato.jp" }, "geometry": { "type": "Point", "coordinates": [ 135.06937240000002, 34.6642534 ] } },
{ "type": "Feature", "properties": { "内容": "パールデイサービスセンター【地域密着型通所介護】神戸市垂水区本多聞2丁目33-18", "url": "https://www.kaigokensaku.mhlw.go.jp/28/index.php?action_kouhyou_detail_004_kani=true&JigyosyoCd=2870802150-00&ServiceCd=780&Type=search", "url2": "https://pearl-kobe.jimdofree.com" }, "geometry": { "type": "Point", "coordinates": [ 135.04780489999996, 34.6603426 ] } },
{ "type": "Feature", "properties": { "内容": "あったか西舞子ディサービスセンター【地域密着型通所介護】神戸市垂水区西舞子3丁目１０－１６", "url": "https://www.kaigokensaku.mhlw.go.jp/28/index.php?action_kouhyou_detail_004_kani=true&JigyosyoCd=2870802291-00&ServiceCd=780&Type=search", "url2": "https://www.attaka-nishimaiko.com" }, "geometry": { "type": "Point", "coordinates": [ 135.027571240475481, 34.641292482525131 ] } },
{ "type": "Feature", "properties": { "内容": "特定非営利活動法人福祉ネット星が丘第２星が丘ホーム【地域密着型通所介護】神戸市垂水区星が丘３丁目２－２３", "url": "https://www.kaigokensaku.mhlw.go.jp/28/index.php?action_kouhyou_detail_004_kani=true&JigyosyoCd=2870802317-00&ServiceCd=780&Type=search", "url2": "URL:hoshigaoka.exblog.jp" }, "geometry": { "type": "Point", "coordinates": [ 135.0488497, 34.6411477 ] } },
{ "type": "Feature", "properties": { "内容": "舞子すみれ園デイサービスセンター【地域密着型通所介護】神戸市垂水区西舞子６丁目１番１３号", "url": "https://www.kaigokensaku.mhlw.go.jp/28/index.php?action_kouhyou_detail_004_kani=true&JigyosyoCd=2870802507-00&ServiceCd=780&Type=search", "url2": "http://www.sumire.or.jp/" }, "geometry": { "type": "Point", "coordinates": [ 135.024886899999956, 34.6419268 ] } },
{ "type": "Feature", "properties": { "内容": "アースサポート垂水【地域密着型通所介護】兵庫県神戸市垂水区福田4丁目6番24号", "url": "https://www.kaigokensaku.mhlw.go.jp/28/index.php?action_kouhyou_detail_004_kani=true&JigyosyoCd=2870803141-00&ServiceCd=780&Type=search", "url2": "http://www.earthsupport.co.jp" }, "geometry": { "type": "Point", "coordinates": [ 135.067786899999987, 34.6458501 ] } },
{ "type": "Feature", "properties": { "内容": "オアシス向陽　デイサービスセンター【地域密着型通所介護】兵庫県神戸市垂水区向陽3-1-27", "url": "https://www.kaigokensaku.mhlw.go.jp/28/index.php?action_kouhyou_detail_004_kani=true&JigyosyoCd=2870803380-00&ServiceCd=780&Type=search", "url2": "https://ja-oasis.com/" }, "geometry": { "type": "Point", "coordinates": [ 135.065124200000014, 34.6461031 ] } },
{ "type": "Feature", "properties": { "内容": "ウィンデイサービスセンター【地域密着型通所介護】福田4-2-13垂水福田ビル1階", "url": "https://www.kaigokensaku.mhlw.go.jp/28/index.php?action_kouhyou_detail_004_kani=true&JigyosyoCd=2870803414-00&ServiceCd=780&Type=search", "url2": "https://granr.co.jp" }, "geometry": { "type": "Point", "coordinates": [ 135.0661232, 34.644928 ] } },
{ "type": "Feature", "properties": { "内容": "たるみ・ともの家【地域密着型通所介護】兵庫県神戸市垂水区川原１-１-15", "url": "https://www.kaigokensaku.mhlw.go.jp/28/index.php?action_kouhyou_detail_004_kani=true&JigyosyoCd=2870803869-00&ServiceCd=780&Type=search", "url2": null }, "geometry": { "type": "Point", "coordinates": [ 135.05821590000005, 34.6298407 ] } },
{ "type": "Feature", "properties": { "内容": "音の羽デイサービススマイル・ライフ【地域密着型通所介護】名谷町1860-1サニーコート名谷", "url": "https://www.kaigokensaku.mhlw.go.jp/28/index.php?action_kouhyou_detail_004_kani=true&JigyosyoCd=2870803877-00&ServiceCd=780&Type=search", "url2": "htpp://www.smilelife2000.com" }, "geometry": { "type": "Point", "coordinates": [ 135.070605699999987, 34.6598206 ] } },
{ "type": "Feature", "properties": { "内容": "ウィンデイサービスセンター名谷【地域密着型通所介護】名谷町字向井畑3476番地の1森田貸店舗1階", "url": "https://www.kaigokensaku.mhlw.go.jp/28/index.php?action_kouhyou_detail_004_kani=true&JigyosyoCd=2890800416-00&ServiceCd=780&Type=search", "url2": "https://granr.co.jp/" }, "geometry": { "type": "Point", "coordinates": [ 135.0794962, 34.6733302 ] } },
{ "type": "Feature", "properties": { "内容": "デイサービスセンターふれあいひろば【地域密着型通所介護】神戸市垂水区塩屋町６６４サービス付き高齢者向け住宅　アリビオ塩屋", "url": "https://www.kaigokensaku.mhlw.go.jp/28/index.php?action_kouhyou_detail_004_kani=true&JigyosyoCd=2890800457-00&ServiceCd=780&Type=search", "url2": null }, "geometry": { "type": "Point", "coordinates": [ 135.080832975359726, 34.643356510621715 ] } },
{ "type": "Feature", "properties": { "内容": "デイサービスセンター紬【地域密着型通所介護】本多聞2丁目24-15", "url": "https://www.kaigokensaku.mhlw.go.jp/28/index.php?action_kouhyou_detail_004_kani=true&JigyosyoCd=2890800531-00&ServiceCd=780&Type=search", "url2": "u-no-enishi.com" }, "geometry": { "type": "Point", "coordinates": [ 135.045600826279099, 34.659571281655793 ] } },
{ "type": "Feature", "properties": { "内容": "anycare名谷リハビリ特化型デイサービス【地域密着型通所介護】兵庫県神戸市垂水区名谷町湯屋谷2239", "url": "https://www.kaigokensaku.mhlw.go.jp/28/index.php?action_kouhyou_detail_004_kani=true&JigyosyoCd=2890800580-00&ServiceCd=780&Type=search", "url2": "https://www.anycare.jp/" }, "geometry": { "type": "Point", "coordinates": [ 135.067659600000013, 34.6586148 ] } },
{ "type": "Feature", "properties": { "内容": "リハビリホ－ムデイao【地域密着型通所介護】兵庫県神戸市垂水区小束山6丁目8番地8", "url": "https://www.kaigokensaku.mhlw.go.jp/28/index.php?action_kouhyou_detail_004_kani=true&JigyosyoCd=2890800754-00&ServiceCd=780&Type=search", "url2": null }, "geometry": { "type": "Point", "coordinates": [ 135.060215, 34.6693688 ] } },
{ "type": "Feature", "properties": { "内容": "アメイジングステーションファイン【地域密着型通所介護】城が山2丁目1-7ｼｰｻｲﾄﾞ城が山101", "url": "https://www.kaigokensaku.mhlw.go.jp/28/index.php?action_kouhyou_detail_004_kani=true&JigyosyoCd=2870804131-00&ServiceCd=780&Type=search", "url2": "http://www.finelabo.work/" }, "geometry": { "type": "Point", "coordinates": [ 135.069452199999972, 34.630676600000022 ] } },
{ "type": "Feature", "properties": { "内容": "地域密着型通所介護多夢の森デイサービスセンター【地域密着型通所介護】兵庫県神戸市垂水区南多聞台４丁目４－５０", "url": "https://www.kaigokensaku.mhlw.go.jp/28/index.php?action_kouhyou_detail_004_kani=true&JigyosyoCd=2870800618-00&ServiceCd=780&Type=search", "url2": "www.mikarikai.jp" }, "geometry": { "type": "Point", "coordinates": [ 135.034622, 34.652015 ] } },
{ "type": "Feature", "properties": { "内容": "憩里デイサービスセンター五色山【地域密着型通所介護】兵庫県神戸市垂水区五色山３丁目４－２７", "url": "https://www.kaigokensaku.mhlw.go.jp/28/index.php?action_kouhyou_detail_004_kani=true&JigyosyoCd=2870802986-00&ServiceCd=780&Type=search", "url2": "http://creationgroup.co.jp/" }, "geometry": { "type": "Point", "coordinates": [ 135.047358300000042, 34.6314487 ] } },
{ "type": "Feature", "properties": { "内容": "リハデイＧｓさん舞子神港園【地域密着型通所介護】兵庫県神戸市垂水区舞子台８丁目16番神戸市営北舞子住宅第二集会所", "url": "https://www.kaigokensaku.mhlw.go.jp/28/index.php?action_kouhyou_detail_004_kani=true&JigyosyoCd=2890800614-00&ServiceCd=780&Type=search", "url2": "https://www.shinkouen.or.jp" }, "geometry": { "type": "Point", "coordinates": [ 135.035816945368936, 34.641423784114984 ] } },
{ "type": "Feature", "properties": { "内容": "ハーブテラス星が丘【地域密着型通所介護】星が丘3丁目８－１９", "url": "https://www.kaigokensaku.mhlw.go.jp/28/index.php?action_kouhyou_detail_004_kani=true&JigyosyoCd=2890800747-00&ServiceCd=780&Type=search", "url2": "https://total-careplanning.net/" }, "geometry": { "type": "Point", "coordinates": [ 139.37333240000001, 35.5581558 ] } },
{ "type": "Feature", "properties": { "内容": "AnyCare垂水リハビリ特化型デイサービス【地域密着型通所介護】兵庫県神戸市垂水区川原3-1-9コスミック１F", "url": "https://www.kaigokensaku.mhlw.go.jp/28/index.php?action_kouhyou_detail_004_kani=true&JigyosyoCd=2890800697-00&ServiceCd=780&Type=search", "url2": "https://www.anycare.jp/" }, "geometry": { "type": "Point", "coordinates": [ 135.058573400000029, 34.6313719 ] } },
{ "type": "Feature", "properties": { "内容": "スマイルデイサービス【地域密着型通所介護】舞子坂４－１－７舞子坂シティビル3階", "url": "https://www.kaigokensaku.mhlw.go.jp/28/index.php?action_kouhyou_detail_004_kani=true&JigyosyoCd=2870803034-00&ServiceCd=780&Type=search", "url2": null }, "geometry": { "type": "Point", "coordinates": [ 135.052957099999958, 34.664778300000037 ] } },
{ "type": "Feature", "properties": { "内容": "梅香園デイサービス【地域密着型通所介護】神戸市北区山田町小部字南山2-35", "url": "https://www.kaigokensaku.mhlw.go.jp/28/index.php?action_kouhyou_detail_004_kani=true&JigyosyoCd=2875002244-00&ServiceCd=780&Type=search", "url2": "http://www.yasuragi-swc.or.jp" }, "geometry": { "type": "Point", "coordinates": [ 135.147684, 34.7189181 ] } },
{ "type": "Feature", "properties": { "内容": "一般社団法人　より処いっぷく【地域密着型通所介護】神戸市北区南五葉１－１－１－１０４鈴蘭台第4団地1号棟104号室", "url": "https://www.kaigokensaku.mhlw.go.jp/28/index.php?action_kouhyou_detail_004_kani=true&JigyosyoCd=2875002400-00&ServiceCd=780&Type=search", "url2": "yoridokoroippuku.jimdofree.com" }, "geometry": { "type": "Point", "coordinates": [ 135.1340854, 34.7244409 ] } },
{ "type": "Feature", "properties": { "内容": "デイサービスセンターわらく【地域密着型通所介護】鈴蘭台西町3-7-2和楽ビル", "url": "https://www.kaigokensaku.mhlw.go.jp/28/index.php?action_kouhyou_detail_004_kani=true&JigyosyoCd=2875002624-00&ServiceCd=780&Type=search", "url2": null }, "geometry": { "type": "Point", "coordinates": [ 135.140272984759349, 34.729049896289837 ] } },
{ "type": "Feature", "properties": { "内容": "デイサービス　まどか【地域密着型通所介護】兵庫県神戸市北区有野台7-9-10", "url": "https://www.kaigokensaku.mhlw.go.jp/28/index.php?action_kouhyou_detail_004_kani=true&JigyosyoCd=2875002780-00&ServiceCd=780&Type=search", "url2": null }, "geometry": { "type": "Point", "coordinates": [ 135.228394699999967, 34.8092309 ] } },
{ "type": "Feature", "properties": { "内容": "デイサービスはるの家【地域密着型通所介護】兵庫県神戸市北区緑町5-2-7", "url": "https://www.kaigokensaku.mhlw.go.jp/28/index.php?action_kouhyou_detail_004_kani=true&JigyosyoCd=2875003069-00&ServiceCd=780&Type=search", "url2": "https://yumezou-kaigo.com" }, "geometry": { "type": "Point", "coordinates": [ 135.147727900000064, 34.7476758 ] } },
{ "type": "Feature", "properties": { "内容": "レコードブック神戸西鈴蘭台【地域密着型通所介護】神戸市北区鳴子2-17-2サクセス星和台102号", "url": "https://www.kaigokensaku.mhlw.go.jp/28/index.php?action_kouhyou_detail_004_kani=true&JigyosyoCd=2895000426-00&ServiceCd=780&Type=search", "url2": null }, "geometry": { "type": "Point", "coordinates": [ 135.125647560747922, 34.7210303782349 ] } },
{ "type": "Feature", "properties": { "内容": "リハビリ特化型デイサービス　リハ長楽【地域密着型通所介護】山田町小部字向井谷1-1リバティーベル六甲B-4", "url": "https://www.kaigokensaku.mhlw.go.jp/28/index.php?action_kouhyou_detail_004_kani=true&JigyosyoCd=2895000459-00&ServiceCd=780&Type=search", "url2": null }, "geometry": { "type": "Point", "coordinates": [ 135.152243049548133, 34.730749470093222 ] } },
{ "type": "Feature", "properties": { "内容": "デイサービスなご夢【地域密着型通所介護】兵庫県神戸市北区菖蒲が丘2丁目2番地の6", "url": "https://www.kaigokensaku.mhlw.go.jp/28/index.php?action_kouhyou_detail_004_kani=true&JigyosyoCd=2895000491-00&ServiceCd=780&Type=search", "url2": "https://www.nagomu-lively.jp" }, "geometry": { "type": "Point", "coordinates": [ 135.220752299999987, 34.8416131 ] } },
{ "type": "Feature", "properties": { "内容": "ユニゾンからとデイサービス【地域密着型通所介護】兵庫県神戸市北区有野町唐櫃２１９０－１", "url": "https://www.kaigokensaku.mhlw.go.jp/28/index.php?action_kouhyou_detail_004_kani=true&JigyosyoCd=2895000533-00&ServiceCd=780&Type=search", "url2": null }, "geometry": { "type": "Point", "coordinates": [ 135.2049053, 34.7832894 ] } },
{ "type": "Feature", "properties": { "内容": "憩里デイサービスセンターからと【地域密着型通所介護】兵庫県神戸市北区唐櫃六甲台１０-６", "url": "https://www.kaigokensaku.mhlw.go.jp/28/index.php?action_kouhyou_detail_004_kani=true&JigyosyoCd=2875002632-00&ServiceCd=780&Type=search", "url2": "http://www.creationgroup.co.jp/kaigo.html" }, "geometry": { "type": "Point", "coordinates": [ 135.207540599999987, 34.7825444 ] } },
{ "type": "Feature", "properties": { "内容": "憩里デイサービスセンター星和台【地域密着型通所介護】兵庫県神戸市北区星和台５丁目７－７０", "url": "https://www.kaigokensaku.mhlw.go.jp/28/index.php?action_kouhyou_detail_004_kani=true&JigyosyoCd=2875002889-00&ServiceCd=780&Type=search", "url2": "http://creationgroup.co.jp/" }, "geometry": { "type": "Point", "coordinates": [ 135.120387199999982, 34.7189211 ] } },
{ "type": "Feature", "properties": { "内容": "地域密着型通所介護はちまる【地域密着型通所介護】兵庫県神戸市北区淡河町淡河1515-1", "url": "https://www.kaigokensaku.mhlw.go.jp/28/index.php?action_kouhyou_detail_004_kani=true&JigyosyoCd=2895000541-00&ServiceCd=780&Type=search", "url2": null }, "geometry": { "type": "Point", "coordinates": [ 135.089060900000021, 34.8170835 ] } },
{ "type": "Feature", "properties": { "内容": "デイサービスリバティー【地域密着型通所介護】山田町小部字向井谷１－１", "url": "https://www.kaigokensaku.mhlw.go.jp/28/index.php?action_kouhyou_detail_004_kani=true&JigyosyoCd=2895000400-00&ServiceCd=780&Type=search", "url2": "http://www.libertybell-r.jp" }, "geometry": { "type": "Point", "coordinates": [ 135.1527222, 34.7306779 ] } },
{ "type": "Feature", "properties": { "内容": "リハビリデイサービス　やしの木【地域密着型通所介護】兵庫県神戸市北区若葉台4丁目8-11北鈴駅前ビル2階", "url": "https://www.kaigokensaku.mhlw.go.jp/28/index.php?action_kouhyou_detail_004_kani=true&JigyosyoCd=2895000483-00&ServiceCd=780&Type=search", "url2": null }, "geometry": { "type": "Point", "coordinates": [ 135.152330799999987, 34.7392307 ] } },
{ "type": "Feature", "properties": { "内容": "リハビリ特化型デイサービス　ブルースカイ【地域密着型通所介護】兵庫県神戸市北区筑紫が丘5-12-11", "url": "https://www.kaigokensaku.mhlw.go.jp/28/index.php?action_kouhyou_detail_004_kani=true&JigyosyoCd=2895000525-00&ServiceCd=780&Type=search", "url2": "https://www.bluesky23041.com/" }, "geometry": { "type": "Point", "coordinates": [ 135.1612835, 34.740815 ] } },
{ "type": "Feature", "properties": { "内容": "レコードブック鈴蘭台駅前【地域密着型通所介護】兵庫県神戸市北区鈴蘭台東町1丁目8-16ホワイトベース1F", "url": "https://www.kaigokensaku.mhlw.go.jp/28/index.php?action_kouhyou_detail_004_kani=true&JigyosyoCd=2895000558-00&ServiceCd=780&Type=search", "url2": null }, "geometry": { "type": "Point", "coordinates": [ 135.146729599999986, 34.722271 ] } },
{ "type": "Feature", "properties": { "内容": "桜とさくら。神戸すずらん台【地域密着型通所介護】兵庫県神戸市北区山田町小部向井谷２０", "url": "https://www.kaigokensaku.mhlw.go.jp/28/index.php?action_kouhyou_detail_004_kani=true&JigyosyoCd=2895000509-00&ServiceCd=780&Type=search", "url2": "https://sakuratosakura.com/" }, "geometry": { "type": "Point", "coordinates": [ 135.154416989372038, 34.729674484252243 ] } },
{ "type": "Feature", "properties": { "内容": "株式会社　ラビットサン【地域密着型通所介護】神戸市北区谷上東町17-18", "url": "https://www.kaigokensaku.mhlw.go.jp/28/index.php?action_kouhyou_detail_004_kani=true&JigyosyoCd=2895000442-00&ServiceCd=780&Type=search", "url2": null }, "geometry": { "type": "Point", "coordinates": [ 135.1774395, 34.7637077 ] } },
{ "type": "Feature", "properties": { "内容": "デイサービス叶夢（kanau）【地域密着型通所介護】唐櫃台1丁目25-7", "url": "https://www.kaigokensaku.mhlw.go.jp/28/index.php?action_kouhyou_detail_004_kani=true&JigyosyoCd=2895000566-00&ServiceCd=780&Type=search", "url2": "https://kanau-kobe.hp.peraichi.com" }, "geometry": { "type": "Point", "coordinates": [ 135.2155792, 34.7900637 ] } },
{ "type": "Feature", "properties": { "内容": "リハフィットネス　ＴＨＲＥＥ　ＴＲＥＥＳ　三宮【地域密着型通所介護】神戸市中央区浜辺通3-1-8-101サンビルダー三宮101", "url": "https://www.kaigokensaku.mhlw.go.jp/28/index.php?action_kouhyou_detail_004_kani=true&JigyosyoCd=28A5100033-00&ServiceCd=780&Type=search", "url2": null }, "geometry": { "type": "Point", "coordinates": [ 135.201383, 34.6903943 ] } },
{ "type": "Feature", "properties": { "内容": "はるか【地域密着型通所介護】神戸市中央区籠池通1丁目２－１６無し", "url": "https://www.kaigokensaku.mhlw.go.jp/28/index.php?action_kouhyou_detail_004_kani=true&JigyosyoCd=2875101632-00&ServiceCd=780&Type=search", "url2": "www:/haruka4165.com/" }, "geometry": { "type": "Point", "coordinates": [ 135.210329779762304, 34.712446257969283 ] } },
{ "type": "Feature", "properties": { "内容": "デイサービスあかね雲【地域密着型通所介護】旭通２丁目９番５号", "url": "https://www.kaigokensaku.mhlw.go.jp/28/index.php?action_kouhyou_detail_004_kani=true&JigyosyoCd=2875102473-00&ServiceCd=780&Type=search", "url2": "http://akane-gumo.com/" }, "geometry": { "type": "Point", "coordinates": [ 135.199405100000035, 34.6975489 ] } },
{ "type": "Feature", "properties": { "内容": "デイサービスセンターふれんど神戸中山手苑【地域密着型通所介護】神戸市中央区中山手通7-8-5", "url": "https://www.kaigokensaku.mhlw.go.jp/28/index.php?action_kouhyou_detail_004_kani=true&JigyosyoCd=2875102903-00&ServiceCd=780&Type=search", "url2": null }, "geometry": { "type": "Point", "coordinates": [ 135.177093300000024, 34.6906466 ] } },
{ "type": "Feature", "properties": { "内容": "はなくまリハトレセンター【地域密着型通所介護】兵庫県神戸市中央区北長狭通7丁目1-21", "url": "https://www.kaigokensaku.mhlw.go.jp/28/index.php?action_kouhyou_detail_004_kani=true&JigyosyoCd=2895100184-00&ServiceCd=780&Type=search", "url2": null }, "geometry": { "type": "Point", "coordinates": [ 135.179946199999989, 34.6854474 ] } },
{ "type": "Feature", "properties": { "内容": "アーチ・デイサービス　新神戸【地域密着型通所介護】神戸市中央区熊内町4丁目6-17ＡＣＴ1ビル", "url": "https://www.kaigokensaku.mhlw.go.jp/28/index.php?action_kouhyou_detail_004_kani=true&JigyosyoCd=2875101301-00&ServiceCd=780&Type=search", "url2": "https://cina.co.jp/care/arch-shin-kobe/" }, "geometry": { "type": "Point", "coordinates": [ 135.198478625239545, 34.706063069770721 ] } },
{ "type": "Feature", "properties": { "内容": "アスカデイサービス【地域密着型通所介護】神戸市中央区宮本通3丁目1番5号", "url": "https://www.kaigokensaku.mhlw.go.jp/28/index.php?action_kouhyou_detail_004_kani=true&JigyosyoCd=2875102556-00&ServiceCd=780&Type=search", "url2": null }, "geometry": { "type": "Point", "coordinates": [ 135.2104789, 34.7071204 ] } },
{ "type": "Feature", "properties": { "内容": "ミナトケアステーション【地域密着型通所介護】兵庫県神戸市中央区港島南町5丁目2番10号ミナト医科学株式会社神戸事業所", "url": "https://www.kaigokensaku.mhlw.go.jp/28/index.php?action_kouhyou_detail_004_kani=true&JigyosyoCd=2875102978-00&ServiceCd=780&Type=search", "url2": "https://www.minato-med.co.jp" }, "geometry": { "type": "Point", "coordinates": [ 135.217850684096106, 34.655183744488923 ] } },
{ "type": "Feature", "properties": { "内容": "レジデンス神仙寺しんあいデイサービス【地域密着型通所介護】兵庫県神戸市中央区神仙寺通4丁目3-14", "url": "https://www.kaigokensaku.mhlw.go.jp/28/index.php?action_kouhyou_detail_004_kani=true&JigyosyoCd=2875103166-00&ServiceCd=780&Type=search", "url2": null }, "geometry": { "type": "Point", "coordinates": [ 135.20548301155759, 34.712780674997262 ] } },
{ "type": "Feature", "properties": { "内容": "デイサービスサンケア【地域密着型通所介護】兵庫県神戸市中央区琴ノ緒町3-2-24", "url": "https://www.kaigokensaku.mhlw.go.jp/28/index.php?action_kouhyou_detail_004_kani=true&JigyosyoCd=2875103174-00&ServiceCd=780&Type=search", "url2": "http://www.sanseihospital.com" }, "geometry": { "type": "Point", "coordinates": [ 135.196663700000045, 34.6971017 ] } },
{ "type": "Feature", "properties": { "内容": "Ｃａｎｖａｓ　神戸【地域密着型通所介護】八雲通4-2-2", "url": "https://www.kaigokensaku.mhlw.go.jp/28/index.php?action_kouhyou_detail_004_kani=true&JigyosyoCd=2875103604-00&ServiceCd=780&Type=search", "url2": null }, "geometry": { "type": "Point", "coordinates": [ 135.204156, 34.7003077 ] } },
{ "type": "Feature", "properties": { "内容": "リハフィットネス　THREE　TREES【地域密着型通所介護】神若通1-1-3ナガフジビル1F", "url": "https://www.kaigokensaku.mhlw.go.jp/28/index.php?action_kouhyou_detail_004_kani=true&JigyosyoCd=2895100119-00&ServiceCd=780&Type=search", "url2": null }, "geometry": { "type": "Point", "coordinates": [ 135.205696464556894, 34.704125952918595 ] } },
{ "type": "Feature", "properties": { "内容": "デイサービスゆかり【地域密着型通所介護】兵庫県神戸市中央区国香通2-3-7国香マンション101号", "url": "https://www.kaigokensaku.mhlw.go.jp/28/index.php?action_kouhyou_detail_004_kani=true&JigyosyoCd=2875103828-00&ServiceCd=780&Type=search", "url2": null }, "geometry": { "type": "Point", "coordinates": [ 135.2041739, 34.7031457 ] } },
{ "type": "Feature", "properties": { "内容": "デイナーシングぐらんど【地域密着型通所介護】兵庫県神戸市中央区脇浜町3丁目5-22-2", "url": "https://www.kaigokensaku.mhlw.go.jp/28/index.php?action_kouhyou_detail_004_kani=true&JigyosyoCd=2875103331-00&ServiceCd=780&Type=search", "url2": "https://3-u.link/" }, "geometry": { "type": "Point", "coordinates": [ 135.208942200000024, 34.700270500000016 ] } },
{ "type": "Feature", "properties": { "内容": "ステラマリス三宮【地域密着型通所介護】兵庫県中央区雲井通2-1-1", "url": "https://www.kaigokensaku.mhlw.go.jp/28/index.php?action_kouhyou_detail_004_kani=true&JigyosyoCd=2875102622-00&ServiceCd=780&Type=search", "url2": null }, "geometry": { "type": "Point", "coordinates": [ 135.201016100000061, 34.6964713 ] } },
{ "type": "Feature", "properties": { "内容": "株式会社officeFine【地域密着型通所介護】兵庫県神戸市中央区割塚通2-3-2タンハウス割塚1階", "url": "https://www.kaigokensaku.mhlw.go.jp/28/index.php?action_kouhyou_detail_004_kani=true&JigyosyoCd=2895100218-00&ServiceCd=780&Type=search", "url2": null }, "geometry": { "type": "Point", "coordinates": [ 135.2122081, 34.7055096 ] } },
{ "type": "Feature", "properties": { "内容": "くるみリハ【地域密着型通所介護】兵庫県神戸市中央区坂口通５丁目３－１２杉原ビル１０３号", "url": "https://www.kaigokensaku.mhlw.go.jp/28/index.php?action_kouhyou_detail_004_kani=true&JigyosyoCd=2895100150-00&ServiceCd=780&Type=search", "url2": null }, "geometry": { "type": "Point", "coordinates": [ 135.208107500000011, 34.7074465 ] } },
{ "type": "Feature", "properties": { "内容": "リハビリモンスター元町【地域密着型通所介護】兵庫県神戸市中央区山本通５丁目１０番３６号", "url": "https://www.kaigokensaku.mhlw.go.jp/28/index.php?action_kouhyou_detail_004_kani=true&JigyosyoCd=2895100192-00&ServiceCd=780&Type=search", "url2": null }, "geometry": { "type": "Point", "coordinates": [ 135.1800567, 34.6925984 ] } },
{ "type": "Feature", "properties": { "内容": "温活デイサービス　ぽかぽか【地域密着型通所介護】枝吉4丁目122", "url": "https://www.kaigokensaku.mhlw.go.jp/28/index.php?action_kouhyou_detail_004_kani=true&JigyosyoCd=2895200554-00&ServiceCd=780&Type=search", "url2": "onkatu-pokapoka.jimdofree.com" }, "geometry": { "type": "Point", "coordinates": [ 134.9761762, 34.6671931 ] } },
{ "type": "Feature", "properties": { "内容": "叶乃湯【地域密着型通所介護】兵庫県神戸市西区押部谷町栄２０５番地の３６５", "url": "https://www.kaigokensaku.mhlw.go.jp/28/index.php?action_kouhyou_detail_004_kani=true&JigyosyoCd=2875203560-00&ServiceCd=780&Type=search", "url2": "http://www.kanae-co-ltd.com/" }, "geometry": { "type": "Point", "coordinates": [ 135.055787152778635, 34.75755558986674 ] } },
{ "type": "Feature", "properties": { "内容": "有限会社　浅田コーポレーション【地域密着型通所介護】兵庫県神戸市西区伊川谷町潤和1301-9浅田ビル", "url": "https://www.kaigokensaku.mhlw.go.jp/28/index.php?action_kouhyou_detail_004_kani=true&JigyosyoCd=2875203891-00&ServiceCd=780&Type=search", "url2": "http://asada-day.com" }, "geometry": { "type": "Point", "coordinates": [ 135.007836099999963, 34.6605304 ] } },
{ "type": "Feature", "properties": { "内容": "ピーチデイサービス【地域密着型通所介護】王塚台7丁目99番105号", "url": "https://www.kaigokensaku.mhlw.go.jp/28/index.php?action_kouhyou_detail_004_kani=true&JigyosyoCd=2875203693-00&ServiceCd=780&Type=search", "url2": null }, "geometry": { "type": "Point", "coordinates": [ 134.980882599999973, 34.6726264 ] } },
{ "type": "Feature", "properties": { "内容": "ピーチリハビリデイサービス【地域密着型通所介護】王塚台7-99102号", "url": "https://www.kaigokensaku.mhlw.go.jp/28/index.php?action_kouhyou_detail_004_kani=true&JigyosyoCd=2875203701-00&ServiceCd=780&Type=search", "url2": null }, "geometry": { "type": "Point", "coordinates": [ 134.980882599999973, 34.6726264 ] } },
{ "type": "Feature", "properties": { "内容": "OneOneOneレインボー【地域密着型通所介護】神⼾市⻄区狩場台1丁⽬50-4", "url": "https://www.kaigokensaku.mhlw.go.jp/28/index.php?action_kouhyou_detail_004_kani=true&JigyosyoCd=2895200562-00&ServiceCd=780&Type=search", "url2": null }, "geometry": { "type": "Point", "coordinates": [ 135.0344006, 34.7232841 ] } },
{ "type": "Feature", "properties": { "内容": "花園ホーム【地域密着型通所介護】兵庫県神戸市西区平野町慶明字花岡77", "url": "https://www.kaigokensaku.mhlw.go.jp/28/index.php?action_kouhyou_detail_004_kani=true&JigyosyoCd=2875200467-00&ServiceCd=780&Type=search", "url2": "https://hanazono-h.com/" }, "geometry": { "type": "Point", "coordinates": [ 134.989875899999987, 34.691152 ] } },
{ "type": "Feature", "properties": { "内容": "デイサービスＣＨＩＡＫＩほおずき神戸伊川谷【地域密着型通所介護】神戸市西区伊川谷町有瀬282", "url": "https://www.kaigokensaku.mhlw.go.jp/28/index.php?action_kouhyou_detail_004_kani=true&JigyosyoCd=2875201770-00&ServiceCd=780&Type=search", "url2": "http://www.chiaki-hozuki.co.jp" }, "geometry": { "type": "Point", "coordinates": [ 135.035278100000028, 34.6683857 ] } },
{ "type": "Feature", "properties": { "内容": "にこにこデイサービス【地域密着型通所介護】神戸市西区王塚台５丁目３４－１", "url": "https://www.kaigokensaku.mhlw.go.jp/28/index.php?action_kouhyou_detail_004_kani=true&JigyosyoCd=2875202539-00&ServiceCd=780&Type=search", "url2": null }, "geometry": { "type": "Point", "coordinates": [ 134.974469099999965, 34.6739124 ] } },
{ "type": "Feature", "properties": { "内容": "神戸西リハビリデイサービスセンター【地域密着型通所介護】神戸市西区伊川谷町有瀬１２６１番地", "url": "https://www.kaigokensaku.mhlw.go.jp/28/index.php?action_kouhyou_detail_004_kani=true&JigyosyoCd=2875202703-00&ServiceCd=780&Type=search", "url2": null }, "geometry": { "type": "Point", "coordinates": [ 135.016335300000037, 34.6647634 ] } },
{ "type": "Feature", "properties": { "内容": "デイサービス　なごみの家【地域密着型通所介護】神戸市西区秋葉台２丁目１４９－４９", "url": "https://www.kaigokensaku.mhlw.go.jp/28/index.php?action_kouhyou_detail_004_kani=true&JigyosyoCd=2875202893-00&ServiceCd=780&Type=search", "url2": null }, "geometry": { "type": "Point", "coordinates": [ 135.0655435, 34.7465885 ] } },
{ "type": "Feature", "properties": { "内容": "やわらリハビリデイサービスセンター【地域密着型通所介護】兵庫県神戸市西区宮下1丁目7番14号", "url": "https://www.kaigokensaku.mhlw.go.jp/28/index.php?action_kouhyou_detail_004_kani=true&JigyosyoCd=2875203651-00&ServiceCd=780&Type=search", "url2": null }, "geometry": { "type": "Point", "coordinates": [ 134.979349100000036, 34.688044 ] } },
{ "type": "Feature", "properties": { "内容": "デイサービスこころ【地域密着型通所介護】兵庫県神戸市西区押部谷町福住595-6", "url": "https://www.kaigokensaku.mhlw.go.jp/28/index.php?action_kouhyou_detail_004_kani=true&JigyosyoCd=2875203719-00&ServiceCd=780&Type=search", "url2": null }, "geometry": { "type": "Point", "coordinates": [ 135.0383898, 34.7582758 ] } },
{ "type": "Feature", "properties": { "内容": "株式会社ＰＲＩＭＥ　ＣＡＲＥ【地域密着型通所介護】神戸市西区伊川谷町別府92-1コンフォート西神戸ＭＵＲＡＴＡ１Ｆ", "url": "https://www.kaigokensaku.mhlw.go.jp/28/index.php?action_kouhyou_detail_004_kani=true&JigyosyoCd=2875203768-00&ServiceCd=780&Type=search", "url2": "http://wwwprimecare-ht.com/" }, "geometry": { "type": "Point", "coordinates": [ 135.007233300000053, 34.6647717 ] } },
{ "type": "Feature", "properties": { "内容": "デイサービス　はせさん家【地域密着型通所介護】兵庫県神戸市西区池上２丁目３-６", "url": "https://www.kaigokensaku.mhlw.go.jp/28/index.php?action_kouhyou_detail_004_kani=true&JigyosyoCd=2875203792-00&ServiceCd=780&Type=search", "url2": null }, "geometry": { "type": "Point", "coordinates": [ 135.029900825820363, 34.672634883076825 ] } },
{ "type": "Feature", "properties": { "内容": "西神リハビリデイサービスセンター【地域密着型通所介護】兵庫県神戸市西区糀台3-1-3", "url": "https://www.kaigokensaku.mhlw.go.jp/28/index.php?action_kouhyou_detail_004_kani=true&JigyosyoCd=2875203974-00&ServiceCd=780&Type=search", "url2": null }, "geometry": { "type": "Point", "coordinates": [ 135.030427300000014, 34.7196259 ] } },
{ "type": "Feature", "properties": { "内容": "リーフデイサービスセンター【地域密着型通所介護】兵庫県神戸市西区今寺14番3", "url": "https://www.kaigokensaku.mhlw.go.jp/28/index.php?action_kouhyou_detail_004_kani=true&JigyosyoCd=2875204006-00&ServiceCd=780&Type=search", "url2": null }, "geometry": { "type": "Point", "coordinates": [ 135.022929100000027, 34.6686186 ] } },
{ "type": "Feature", "properties": { "内容": "叶乃湯別館　健康館【地域密着型通所介護】兵庫県神戸市西区押部谷町栄205番地の367号", "url": "https://www.kaigokensaku.mhlw.go.jp/28/index.php?action_kouhyou_detail_004_kani=true&JigyosyoCd=2875204386-00&ServiceCd=780&Type=search", "url2": "www.kanae-co-ltd.com" }, "geometry": { "type": "Point", "coordinates": [ 135.0556745, 34.758415 ] } },
{ "type": "Feature", "properties": { "内容": "デイサービスCHIAKIほおずき神戸玉津【地域密着型通所介護】神戸市西区二ツ屋2-15-6", "url": "https://www.kaigokensaku.mhlw.go.jp/28/index.php?action_kouhyou_detail_004_kani=true&JigyosyoCd=2875204493-00&ServiceCd=780&Type=search", "url2": "http://www.chiaki-hozuki.co.jp/" }, "geometry": { "type": "Point", "coordinates": [ 134.9895457, 34.6822475 ] } },
{ "type": "Feature", "properties": { "内容": "デイサービス狩場台ゆうゆう【地域密着型通所介護】兵庫県神戸市西区狩場台3丁目9番地の6", "url": "https://www.kaigokensaku.mhlw.go.jp/28/index.php?action_kouhyou_detail_004_kani=true&JigyosyoCd=2875204519-00&ServiceCd=780&Type=search", "url2": null }, "geometry": { "type": "Point", "coordinates": [ 135.032683200000065, 34.7208142 ] } },
{ "type": "Feature", "properties": { "内容": "リハトレセンターエヴァー【地域密着型通所介護】兵庫県神戸市西区伊川谷町有瀬14-21プリマベーラ伊川谷101号室", "url": "https://www.kaigokensaku.mhlw.go.jp/28/index.php?action_kouhyou_detail_004_kani=true&JigyosyoCd=2895200372-00&ServiceCd=780&Type=search", "url2": null }, "geometry": { "type": "Point", "coordinates": [ 135.037454, 34.66834930000001 ] } },
{ "type": "Feature", "properties": { "内容": "BPリハデイ神戸【地域密着型通所介護】兵庫県神戸市西区伊川谷町有瀬838-4ヒルズ久兼101号", "url": "https://www.kaigokensaku.mhlw.go.jp/28/index.php?action_kouhyou_detail_004_kani=true&JigyosyoCd=2895200547-00&ServiceCd=780&Type=search", "url2": "https://www.bprihadaykobe.com/" }, "geometry": { "type": "Point", "coordinates": [ 135.0209309, 34.6593139 ] } },
{ "type": "Feature", "properties": { "内容": "デイサービスなんきんまめ【地域密着型通所介護】神戸市西区神出町東字丸ヶ岡1188-348", "url": "https://www.kaigokensaku.mhlw.go.jp/28/index.php?action_kouhyou_detail_004_kani=true&JigyosyoCd=2875202331-00&ServiceCd=780&Type=search", "url2": null }, "geometry": { "type": "Point", "coordinates": [ 135.019403326242127, 34.758202891528725 ] } },
{ "type": "Feature", "properties": { "内容": "宅老所笑夢【地域密着型通所介護】兵庫県神戸市西区持子３丁目35-2", "url": "https://www.kaigokensaku.mhlw.go.jp/28/index.php?action_kouhyou_detail_004_kani=true&JigyosyoCd=2895200521-00&ServiceCd=780&Type=search", "url2": null }, "geometry": { "type": "Point", "coordinates": [ 134.982593400000013, 34.6729419 ] } },
{ "type": "Feature", "properties": { "内容": "デイサービスQOL【地域密着型通所介護】兵庫県神戸市西区北別府3-22-3エクセラン今田　101", "url": "https://www.kaigokensaku.mhlw.go.jp/28/index.php?action_kouhyou_detail_004_kani=true&JigyosyoCd=2875202687-00&ServiceCd=780&Type=search", "url2": null }, "geometry": { "type": "Point", "coordinates": [ 135.015038, 34.6751235 ] } },
{ "type": "Feature", "properties": { "内容": "デイサービススイッチオン神戸玉津【地域密着型通所介護】神戸市西区持子2丁目100", "url": "https://www.kaigokensaku.mhlw.go.jp/28/index.php?action_kouhyou_detail_004_kani=true&JigyosyoCd=2895200398-00&ServiceCd=780&Type=search", "url2": "dssokobetamatsu@switchon-service.co.jp" }, "geometry": { "type": "Point", "coordinates": [ 134.981261, 34.6690075 ] } },
{ "type": "Feature", "properties": { "内容": "デイサービスぱれっと【地域密着型通所介護】兵庫県神戸市西区枝吉４丁目86-1", "url": "https://www.kaigokensaku.mhlw.go.jp/28/index.php?action_kouhyou_detail_004_kani=true&JigyosyoCd=2875202398-00&ServiceCd=780&Type=search", "url2": "http://www.npotks.net" }, "geometry": { "type": "Point", "coordinates": [ 134.977121799999964, 34.6687241 ] } },
{ "type": "Feature", "properties": { "内容": "あぷりこっとデイサービス【地域密着型通所介護】兵庫県神戸市西区桜が丘中町3-2-3ジョイフル1F", "url": "https://www.kaigokensaku.mhlw.go.jp/28/index.php?action_kouhyou_detail_004_kani=true&JigyosyoCd=2875203305-00&ServiceCd=780&Type=search", "url2": "http://towa-a.com/" }, "geometry": { "type": "Point", "coordinates": [ 135.058626728836089, 34.746827575964282 ] } },
{ "type": "Feature", "properties": { "内容": "合同会社　VORTEXZ【地域密着型通所介護】桜が丘中町3丁目2-3ジョイフル", "url": "https://www.kaigokensaku.mhlw.go.jp/28/index.php?action_kouhyou_detail_004_kani=true&JigyosyoCd=2895200448-00&ServiceCd=780&Type=search", "url2": null }, "geometry": { "type": "Point", "coordinates": [ 135.058719599999989, 34.7465116 ] } },
{ "type": "Feature", "properties": { "内容": "コスモスデイサービスセンター【地域密着型通所介護】兵庫県姫路市広畑区吾妻町1丁目14-1", "url": "https://www.kaigokensaku.mhlw.go.jp/28/index.php?action_kouhyou_detail_004_kani=true&JigyosyoCd=2874002195-00&ServiceCd=780&Type=search", "url2": null }, "geometry": { "type": "Point", "coordinates": [ 134.627853, 34.7969614 ] } },
{ "type": "Feature", "properties": { "内容": "Quality　Of　Life　宮田デイサービスセンター【地域密着型通所介護】兵庫県姫路市勝原区宮田143-1", "url": "https://www.kaigokensaku.mhlw.go.jp/28/index.php?action_kouhyou_detail_004_kani=true&JigyosyoCd=2874003532-00&ServiceCd=780&Type=search", "url2": "http//www.katsuhara.or.jp/" }, "geometry": { "type": "Point", "coordinates": [ 134.6003876, 34.8092023 ] } },
{ "type": "Feature", "properties": { "内容": "こすもデイサービスセンター【地域密着型通所介護】兵庫県姫路市井ノ口168-5", "url": "https://www.kaigokensaku.mhlw.go.jp/28/index.php?action_kouhyou_detail_004_kani=true&JigyosyoCd=2874004290-00&ServiceCd=780&Type=search", "url2": null }, "geometry": { "type": "Point", "coordinates": [ 134.663621199999966, 34.8253144 ] } },
{ "type": "Feature", "properties": { "内容": "デイサービスセンター　ひなた【地域密着型通所介護】兵庫県姫路市夢前町前之庄1187-13", "url": "https://www.kaigokensaku.mhlw.go.jp/28/index.php?action_kouhyou_detail_004_kani=true&JigyosyoCd=2874006972-00&ServiceCd=780&Type=search", "url2": null }, "geometry": { "type": "Point", "coordinates": [ 134.684905950381278, 34.965846510110545 ] } },
{ "type": "Feature", "properties": { "内容": "デイサービス峠の茶屋【地域密着型通所介護】兵庫県姫路市夢前町前之庄２１３０番地１デイサービス峠の茶屋", "url": "https://www.kaigokensaku.mhlw.go.jp/28/index.php?action_kouhyou_detail_004_kani=true&JigyosyoCd=2874006980-00&ServiceCd=780&Type=search", "url2": null }, "geometry": { "type": "Point", "coordinates": [ 134.685524, 34.9756457 ] } },
{ "type": "Feature", "properties": { "内容": "風の谷デイサービス【地域密着型通所介護】兵庫県姫路市網干区興浜1335-7", "url": "https://www.kaigokensaku.mhlw.go.jp/28/index.php?action_kouhyou_detail_004_kani=true&JigyosyoCd=2874007749-00&ServiceCd=780&Type=search", "url2": null }, "geometry": { "type": "Point", "coordinates": [ 134.582239699999974, 34.7823634 ] } },
{ "type": "Feature", "properties": { "内容": "デイサービスセンターやまさき家【地域密着型通所介護】夢前町菅生澗1506－4", "url": "https://www.kaigokensaku.mhlw.go.jp/28/index.php?action_kouhyou_detail_004_kani=true&JigyosyoCd=2874008002-00&ServiceCd=780&Type=search", "url2": null }, "geometry": { "type": "Point", "coordinates": [ 134.639935599999944, 34.9256868 ] } },
{ "type": "Feature", "properties": { "内容": "健康特化型デイサービス癒々+a【地域密着型通所介護】兵庫県姫路市上大野2丁目3-33", "url": "https://www.kaigokensaku.mhlw.go.jp/28/index.php?action_kouhyou_detail_004_kani=true&JigyosyoCd=2894001201-00&ServiceCd=780&Type=search", "url2": "https://imone.jp/plus-alpha/" }, "geometry": { "type": "Point", "coordinates": [ 134.68913040000001, 34.8668194 ] } },
{ "type": "Feature", "properties": { "内容": "デイサービスセンターモア姫路【地域密着型通所介護】兵庫県姫路市城東町79番地49", "url": "https://www.kaigokensaku.mhlw.go.jp/28/index.php?action_kouhyou_detail_004_kani=true&JigyosyoCd=2874008275-00&ServiceCd=780&Type=search", "url2": "https://morehimeji.wixsite.com/more-himeji/contact" }, "geometry": { "type": "Point", "coordinates": [ 134.705963600000018, 34.838952300000017 ] } },
{ "type": "Feature", "properties": { "内容": "リハビリウォーク姫路【地域密着型通所介護】姫路市南新在家1番1号ＨＭＣビル1階", "url": "https://www.kaigokensaku.mhlw.go.jp/28/index.php?action_kouhyou_detail_004_kani=true&JigyosyoCd=2874008697-00&ServiceCd=780&Type=search", "url2": null }, "geometry": { "type": "Point", "coordinates": [ 134.685248799999954, 34.8428087 ] } },
{ "type": "Feature", "properties": { "内容": "地域密着型デイサービスセンターこはく【地域密着型通所介護】兵庫県姫路市打越530番地17", "url": "https://www.kaigokensaku.mhlw.go.jp/28/index.php?action_kouhyou_detail_004_kani=true&JigyosyoCd=2894001193-00&ServiceCd=780&Type=search", "url2": "https://www.h-fukushi.com/kohaku/index.html" }, "geometry": { "type": "Point", "coordinates": [ 134.6296743, 34.8852335 ] } },
{ "type": "Feature", "properties": { "内容": "でんでん倶楽部上野田【地域密着型通所介護】兵庫県姫路市飾磨区上野田2丁目25", "url": "https://www.kaigokensaku.mhlw.go.jp/28/index.php?action_kouhyou_detail_004_kani=true&JigyosyoCd=2894000609-00&ServiceCd=780&Type=search", "url2": "https://www.godai.net/denden-club/index.html" }, "geometry": { "type": "Point", "coordinates": [ 134.683317100000068, 34.808297 ] } },
{ "type": "Feature", "properties": { "内容": "やまさん家のデイサービス【地域密着型通所介護】飾磨区中浜町1丁目110番地", "url": "https://www.kaigokensaku.mhlw.go.jp/28/index.php?action_kouhyou_detail_004_kani=true&JigyosyoCd=2874006758-00&ServiceCd=780&Type=search", "url2": "https://www.yamasan2.com" }, "geometry": { "type": "Point", "coordinates": [ 134.649070200000011, 34.8037774 ] } },
{ "type": "Feature", "properties": { "内容": "やまさん家の構ベース【地域密着型通所介護】姫路市飾磨区構4丁目124", "url": "https://www.kaigokensaku.mhlw.go.jp/28/index.php?action_kouhyou_detail_004_kani=true&JigyosyoCd=2894000708-00&ServiceCd=780&Type=search", "url2": "https://www.yamasan2.com" }, "geometry": { "type": "Point", "coordinates": [ 134.6639898, 34.8116479 ] } },
{ "type": "Feature", "properties": { "内容": "やまさん家の学校【地域密着型通所介護】兵庫県姫路市網干区興浜907番地216", "url": "https://www.kaigokensaku.mhlw.go.jp/28/index.php?action_kouhyou_detail_004_kani=true&JigyosyoCd=2894001003-00&ServiceCd=780&Type=search", "url2": "https://www.yamasan2.com" }, "geometry": { "type": "Point", "coordinates": [ 134.586241555967746, 34.774619402235913 ] } },
{ "type": "Feature", "properties": { "内容": "デイサービスオレンジ姫路【地域密着型通所介護】飾磨区上野田6丁目38番地", "url": "https://www.kaigokensaku.mhlw.go.jp/28/index.php?action_kouhyou_detail_004_kani=true&JigyosyoCd=2894000914-00&ServiceCd=780&Type=search", "url2": "https://orangegroup-swc.com/orange_himeji/" }, "geometry": { "type": "Point", "coordinates": [ 134.688994400000013, 34.804271399999983 ] } },
{ "type": "Feature", "properties": { "内容": "デイサービス　七福【地域密着型通所介護】兵庫県姫路市八代宮前町17-17", "url": "https://www.kaigokensaku.mhlw.go.jp/28/index.php?action_kouhyou_detail_004_kani=true&JigyosyoCd=2874007624-00&ServiceCd=780&Type=search", "url2": null }, "geometry": { "type": "Point", "coordinates": [ 134.690548300000046, 34.8505098 ] } },
{ "type": "Feature", "properties": { "内容": "デイサービスくるる【地域密着型通所介護】書写2604-15", "url": "https://www.kaigokensaku.mhlw.go.jp/28/index.php?action_kouhyou_detail_004_kani=true&JigyosyoCd=2874005321-00&ServiceCd=780&Type=search", "url2": "http://www.kururu-ds.com/" }, "geometry": { "type": "Point", "coordinates": [ 134.651982, 34.8703674 ] } },
{ "type": "Feature", "properties": { "内容": "ディサービスはいぜ【地域密着型通所介護】兵庫県広畑区蒲田5丁目１４６", "url": "https://www.kaigokensaku.mhlw.go.jp/28/index.php?action_kouhyou_detail_004_kani=true&JigyosyoCd=2894001524-00&ServiceCd=780&Type=search", "url2": "https://haize78.wordpress.com/" }, "geometry": { "type": "Point", "coordinates": [ 134.6465523, 34.8307241 ] } },
{ "type": "Feature", "properties": { "内容": "デイサービスみんなのひろば【地域密着型通所介護】兵庫県姫路市網干区高田78-8", "url": "https://www.kaigokensaku.mhlw.go.jp/28/index.php?action_kouhyou_detail_004_kani=true&JigyosyoCd=2894000880-00&ServiceCd=780&Type=search", "url2": "https：//npominnanoie.com" }, "geometry": { "type": "Point", "coordinates": [ 134.579085192729138, 34.81027768224839 ] } },
{ "type": "Feature", "properties": { "内容": "ひびきdeほっと【地域密着型通所介護】兵庫県姫路市飾東町庄227", "url": "https://www.kaigokensaku.mhlw.go.jp/28/index.php?action_kouhyou_detail_004_kani=true&JigyosyoCd=2894001276-00&ServiceCd=780&Type=search", "url2": "https://hibiki-hukushi.com/" }, "geometry": { "type": "Point", "coordinates": [ 134.68555090000001, 34.8154176 ] } },
{ "type": "Feature", "properties": { "内容": "リハビリデイサービスセンターりはびり本舗【地域密着型通所介護】姫路市飾磨区城南町１丁目９番地", "url": "https://www.kaigokensaku.mhlw.go.jp/28/index.php?action_kouhyou_detail_004_kani=true&JigyosyoCd=2874006329-00&ServiceCd=780&Type=search", "url2": null }, "geometry": { "type": "Point", "coordinates": [ 134.646438923942583, 34.812972904294433 ] } },
{ "type": "Feature", "properties": { "内容": "有限会社　あすなろ【地域密着型通所介護】兵庫県姫路市白浜町丙３８９", "url": "https://www.kaigokensaku.mhlw.go.jp/28/index.php?action_kouhyou_detail_004_kani=true&JigyosyoCd=2874002542-00&ServiceCd=780&Type=search", "url2": null }, "geometry": { "type": "Point", "coordinates": [ 134.712036600000033, 34.7836972 ] } },
{ "type": "Feature", "properties": { "内容": "デイサービスオレンジーナ水上【地域密着型通所介護】西中島５３番", "url": "https://www.kaigokensaku.mhlw.go.jp/28/index.php?action_kouhyou_detail_004_kani=true&JigyosyoCd=2894001367-00&ServiceCd=780&Type=search", "url2": "http://www.tcs-corp.net/" }, "geometry": { "type": "Point", "coordinates": [ 135.499268699999988, 34.7255245 ] } },
{ "type": "Feature", "properties": { "内容": "いきいき生活支援センター【地域密着型通所介護】姫路市白浜町宇佐崎北1丁目13番地", "url": "https://www.kaigokensaku.mhlw.go.jp/28/index.php?action_kouhyou_detail_004_kani=true&JigyosyoCd=2874003920-00&ServiceCd=780&Type=search", "url2": "HTTP://www.safetys-inc.com" }, "geometry": { "type": "Point", "coordinates": [ 134.720871799999941, 34.7853165 ] } },
{ "type": "Feature", "properties": { "内容": "レッツ倶楽部姫路南【地域密着型通所介護】兵庫県姫路市飾磨区構4丁目48塚本ビル102号", "url": "https://www.kaigokensaku.mhlw.go.jp/28/index.php?action_kouhyou_detail_004_kani=true&JigyosyoCd=2874007202-00&ServiceCd=780&Type=search", "url2": "http://www.lets-club.jp/shop/himejiminami/" }, "geometry": { "type": "Point", "coordinates": [ 134.66490041349175, 34.811012448083368 ] } },
{ "type": "Feature", "properties": { "内容": "ポラリスデイサービスセンター西今宿【地域密着型通所介護】兵庫県姫路市西今宿５-６-７２チェリーブロッサム", "url": "https://www.kaigokensaku.mhlw.go.jp/28/index.php?action_kouhyou_detail_004_kani=true&JigyosyoCd=2874007947-00&ServiceCd=780&Type=search", "url2": null }, "geometry": { "type": "Point", "coordinates": [ 134.6623386, 34.846454 ] } },
{ "type": "Feature", "properties": { "内容": "レッツ倶楽部姫路【地域密着型通所介護】兵庫県姫路市大津区平松233-20", "url": "https://www.kaigokensaku.mhlw.go.jp/28/index.php?action_kouhyou_detail_004_kani=true&JigyosyoCd=2874008259-00&ServiceCd=780&Type=search", "url2": "http://www.lets-club.jp/shop/himeji/" }, "geometry": { "type": "Point", "coordinates": [ 134.6001592, 34.7950426 ] } },
{ "type": "Feature", "properties": { "内容": "リハビリセンター癒々【地域密着型通所介護】兵庫県姫路市飯田522-4", "url": "https://www.kaigokensaku.mhlw.go.jp/28/index.php?action_kouhyou_detail_004_kani=true&JigyosyoCd=2874006303-00&ServiceCd=780&Type=search", "url2": "http://imone.jp/rehabilitation/index.html" }, "geometry": { "type": "Point", "coordinates": [ 134.671331799999962, 34.8172238 ] } },
{ "type": "Feature", "properties": { "内容": "ぼうぜデイサービス【地域密着型通所介護】兵庫県姫路市家島町坊勢782番地", "url": "https://www.kaigokensaku.mhlw.go.jp/28/index.php?action_kouhyou_detail_004_kani=true&JigyosyoCd=2874006790-00&ServiceCd=780&Type=search", "url2": null }, "geometry": { "type": "Point", "coordinates": [ 134.5085645, 34.6485076 ] } },
{ "type": "Feature", "properties": { "内容": "デイサービスあけびの輪【地域密着型通所介護】南条１丁目101-1", "url": "https://www.kaigokensaku.mhlw.go.jp/28/index.php?action_kouhyou_detail_004_kani=true&JigyosyoCd=2874007715-00&ServiceCd=780&Type=search", "url2": "http://www.akebi.or.jp/" }, "geometry": { "type": "Point", "coordinates": [ 134.690150427403523, 34.810977264225485 ] } },
{ "type": "Feature", "properties": { "内容": "厚生病院デイサービス【地域密着型通所介護】兵庫県姫路市御立西４丁目１番６号", "url": "https://www.kaigokensaku.mhlw.go.jp/28/index.php?action_kouhyou_detail_004_kani=true&JigyosyoCd=2874001882-00&ServiceCd=780&Type=search", "url2": "http://www.kousei-hp.jp/" }, "geometry": { "type": "Point", "coordinates": [ 134.659998200000018, 34.861163 ] } },
{ "type": "Feature", "properties": { "内容": "デイサービスみんなのいえ【地域密着型通所介護】兵庫県姫路市勝原区山戸223-11", "url": "https://www.kaigokensaku.mhlw.go.jp/28/index.php?action_kouhyou_detail_004_kani=true&JigyosyoCd=2874006386-00&ServiceCd=780&Type=search", "url2": "ds.minnanoie@air.ocn.ne.jp" }, "geometry": { "type": "Point", "coordinates": [ 134.598125399999986, 34.810229900000017 ] } },
{ "type": "Feature", "properties": { "内容": "デイサービス小坂ひだまりの家【地域密着型通所介護】兵庫県姫路市広畑区小松町3丁目9", "url": "https://www.kaigokensaku.mhlw.go.jp/28/index.php?action_kouhyou_detail_004_kani=true&JigyosyoCd=2874006485-00&ServiceCd=780&Type=search", "url2": "hidamarino-ie.sakura.ne.jp/hidamari/" }, "geometry": { "type": "Point", "coordinates": [ 134.622225036384634, 34.804801835086487 ] } },
{ "type": "Feature", "properties": { "内容": "アーチ・デイサービス姫路【地域密着型通所介護】兵庫県姫路市北原３番地", "url": "https://www.kaigokensaku.mhlw.go.jp/28/index.php?action_kouhyou_detail_004_kani=true&JigyosyoCd=2894001482-00&ServiceCd=780&Type=search", "url2": "http://www.cina.co.jp/" }, "geometry": { "type": "Point", "coordinates": [ 134.7028501, 34.8031182 ] } },
{ "type": "Feature", "properties": { "内容": "デイサービスふじみ苑【地域密着型通所介護】姫路市飾磨区富士見ヶ丘町１４－１１", "url": "https://www.kaigokensaku.mhlw.go.jp/28/index.php?action_kouhyou_detail_004_kani=true&JigyosyoCd=2874002435-00&ServiceCd=780&Type=search", "url2": null }, "geometry": { "type": "Point", "coordinates": [ 134.642545499999983, 34.8184151 ] } },
{ "type": "Feature", "properties": { "内容": "デイカフェ・クックラボ【地域密着型通所介護】兵庫県姫路市下手野5丁目23-47下手野5丁目23-47", "url": "https://www.kaigokensaku.mhlw.go.jp/28/index.php?action_kouhyou_detail_004_kani=true&JigyosyoCd=2894000807-00&ServiceCd=780&Type=search", "url2": "https://day-cafe.com" }, "geometry": { "type": "Point", "coordinates": [ 134.654776613085289, 34.850963007169163 ] } },
{ "type": "Feature", "properties": { "内容": "やまさん家　夢と魔法のリハビリパーク【地域密着型通所介護】兵庫県姫路市飾磨区加茂50番地", "url": "https://www.kaigokensaku.mhlw.go.jp/28/index.php?action_kouhyou_detail_004_kani=true&JigyosyoCd=2894001433-00&ServiceCd=780&Type=search", "url2": "https://www.yamasan2.com" }, "geometry": { "type": "Point", "coordinates": [ 134.662773796185917, 34.803715644505289 ] } },
{ "type": "Feature", "properties": { "内容": "デイサービスセンター　ヤマト・ＲＩＮ　ぬくもり【地域密着型通所介護】姫路市勝原区山戸83－1", "url": "https://www.kaigokensaku.mhlw.go.jp/28/index.php?action_kouhyou_detail_004_kani=true&JigyosyoCd=2874003177-00&ServiceCd=780&Type=search", "url2": null }, "geometry": { "type": "Point", "coordinates": [ 134.603763699999945, 34.8098771 ] } },
{ "type": "Feature", "properties": { "内容": "デイサービスＣＨＩＡＫＩほおずき姫路香寺【地域密着型通所介護】姫路市香寺町中仁野268番1", "url": "https://www.kaigokensaku.mhlw.go.jp/28/index.php?action_kouhyou_detail_004_kani=true&JigyosyoCd=2873400879-00&ServiceCd=780&Type=search", "url2": "http://www.chiaki-hozuki.co.jp" }, "geometry": { "type": "Point", "coordinates": [ 134.738794399999961, 34.9086056 ] } },
{ "type": "Feature", "properties": { "内容": "デイサービスＣＨＩＡＫＩほおずき姫路阿成【地域密着型通所介護】姫路市飾磨区阿成鹿古407", "url": "https://www.kaigokensaku.mhlw.go.jp/28/index.php?action_kouhyou_detail_004_kani=true&JigyosyoCd=2874001775-00&ServiceCd=780&Type=search", "url2": "http://www.chiaki-hozuki.co.jp" }, "geometry": { "type": "Point", "coordinates": [ 134.686844699999938, 34.8033476 ] } },
{ "type": "Feature", "properties": { "内容": "デイサービスＣＨＩＡＫＩほおずき姫路高岡【地域密着型通所介護】姫路市山吹1丁目3番25号", "url": "https://www.kaigokensaku.mhlw.go.jp/28/index.php?action_kouhyou_detail_004_kani=true&JigyosyoCd=2874002245-00&ServiceCd=780&Type=search", "url2": "http://www.chiaki-hozuki.co.jp" }, "geometry": { "type": "Point", "coordinates": [ 134.663937, 34.852028 ] } },
{ "type": "Feature", "properties": { "内容": "デイサービスＣＨＩＡＫＩほおずき姫路津田【地域密着型通所介護】姫路市飾磨区今在家北1丁目8", "url": "https://www.kaigokensaku.mhlw.go.jp/28/index.php?action_kouhyou_detail_004_kani=true&JigyosyoCd=2874003169-00&ServiceCd=780&Type=search", "url2": "http://www.chiaki-hozuki.co.jp" }, "geometry": { "type": "Point", "coordinates": [ 134.655997299999967, 34.8088998 ] } },
{ "type": "Feature", "properties": { "内容": "デイサービスＣＨＡＩＫＩほおずき姫路辻井【地域密着型通所介護】姫路市辻井１丁目２番３２号", "url": "https://www.kaigokensaku.mhlw.go.jp/28/index.php?action_kouhyou_detail_004_kani=true&JigyosyoCd=2874006113-00&ServiceCd=780&Type=search", "url2": "http://www.chiaki-hozuki.co.jp/" }, "geometry": { "type": "Point", "coordinates": [ 134.671317, 34.846892600000011 ] } },
{ "type": "Feature", "properties": { "内容": "ヘルスポート飾磨【地域密着型通所介護】兵庫県姫路市飾磨区上野田６丁目３７番地", "url": "https://www.kaigokensaku.mhlw.go.jp/28/index.php?action_kouhyou_detail_004_kani=true&JigyosyoCd=2894001011-00&ServiceCd=780&Type=search", "url2": "http://www.apple-117.jp/" }, "geometry": { "type": "Point", "coordinates": [ 134.689063, 34.8044785 ] } },
{ "type": "Feature", "properties": { "内容": "デイサービスセンターリプロス【地域密着型通所介護】夢前町菅生澗116－2", "url": "https://www.kaigokensaku.mhlw.go.jp/28/index.php?action_kouhyou_detail_004_kani=true&JigyosyoCd=2874006436-00&ServiceCd=780&Type=search", "url2": "http://repro-s.com/" }, "geometry": { "type": "Point", "coordinates": [ 134.6387932, 34.9055993 ] } },
{ "type": "Feature", "properties": { "内容": "パワリハデイサービス　アロハ【地域密着型通所介護】兵庫県姫路市網干区新在家1287-11", "url": "https://www.kaigokensaku.mhlw.go.jp/28/index.php?action_kouhyou_detail_004_kani=true&JigyosyoCd=2874006519-00&ServiceCd=780&Type=search", "url2": "http://boneset.jp" }, "geometry": { "type": "Point", "coordinates": [ 134.591408199999933, 34.7831689 ] } },
{ "type": "Feature", "properties": { "内容": "デイサービスステップ【地域密着型通所介護】兵庫県姫路市北平野1丁目3-33", "url": "https://www.kaigokensaku.mhlw.go.jp/28/index.php?action_kouhyou_detail_004_kani=true&JigyosyoCd=2894000948-00&ServiceCd=780&Type=search", "url2": "https://www.k-flap.co.jp/" }, "geometry": { "type": "Point", "coordinates": [ 134.6954438, 34.8611301 ] } },
{ "type": "Feature", "properties": { "内容": "デイサービスセンターやまじ【地域密着型通所介護】兵庫県姫路市白国1丁目1番7号", "url": "https://www.kaigokensaku.mhlw.go.jp/28/index.php?action_kouhyou_detail_004_kani=true&JigyosyoCd=2874006824-00&ServiceCd=780&Type=search", "url2": "http://www.yamaziseikotsu.com/etc1.html" }, "geometry": { "type": "Point", "coordinates": [ 134.704587836879, 34.856804115945799 ] } },
{ "type": "Feature", "properties": { "内容": "リハビリHouse想【地域密着型通所介護】兵庫県姫路市砥堀６３２−３", "url": "https://www.kaigokensaku.mhlw.go.jp/28/index.php?action_kouhyou_detail_004_kani=true&JigyosyoCd=2874006832-00&ServiceCd=780&Type=search", "url2": "https://sou-sou-tohori.jimdofree.com/" }, "geometry": { "type": "Point", "coordinates": [ 134.726952, 34.8693602 ] } },
{ "type": "Feature", "properties": { "内容": "夢の里地域密着型通所介護事業所【地域密着型通所介護】兵庫県姫路市夢前町戸倉1105-38", "url": "https://www.kaigokensaku.mhlw.go.jp/28/index.php?action_kouhyou_detail_004_kani=true&JigyosyoCd=2873500207-00&ServiceCd=780&Type=search", "url2": "http://www.houjyu-kai.or.jp" }, "geometry": { "type": "Point", "coordinates": [ 134.6339345, 34.9625071 ] } },
{ "type": "Feature", "properties": { "内容": "ライフだいこく【地域密着型通所介護】兵庫県姫路市下手野４丁目６６８－２", "url": "https://www.kaigokensaku.mhlw.go.jp/28/index.php?action_kouhyou_detail_004_kani=true&JigyosyoCd=2874004712-00&ServiceCd=780&Type=search", "url2": null }, "geometry": { "type": "Point", "coordinates": [ 134.649060599999984, 34.8493227 ] } },
{ "type": "Feature", "properties": { "内容": "星の子デイサービス野里【地域密着型通所介護】野里141-6", "url": "https://www.kaigokensaku.mhlw.go.jp/28/index.php?action_kouhyou_detail_004_kani=true&JigyosyoCd=2894001177-00&ServiceCd=780&Type=search", "url2": "https://linksupport.biz" }, "geometry": { "type": "Point", "coordinates": [ 134.7103289, 34.8393408 ] } },
{ "type": "Feature", "properties": { "内容": "デイサービスセンター２ｎｄＰＬＡＣＥ車崎【地域密着型通所介護】車崎１－２－９Ｂ棟１２１", "url": "https://www.kaigokensaku.mhlw.go.jp/28/index.php?action_kouhyou_detail_004_kani=true&JigyosyoCd=2894001185-00&ServiceCd=780&Type=search", "url2": "https://2nd-place.com/" }, "geometry": { "type": "Point", "coordinates": [ 134.676298800000012, 34.8367806 ] } },
{ "type": "Feature", "properties": { "内容": "希望デイサービスセンター【地域密着型通所介護】兵庫県姫路市網干区垣内西町1748番", "url": "https://www.kaigokensaku.mhlw.go.jp/28/index.php?action_kouhyou_detail_004_kani=true&JigyosyoCd=2874006535-00&ServiceCd=780&Type=search", "url2": "http://www.nozomiday.sakura.ne.jp/" }, "geometry": { "type": "Point", "coordinates": [ 134.577987, 34.791843 ] } },
{ "type": "Feature", "properties": { "内容": "デイサービス　啐啄【地域密着型通所介護】兵庫県姫路市大津区天満1575", "url": "https://www.kaigokensaku.mhlw.go.jp/28/index.php?action_kouhyou_detail_004_kani=true&JigyosyoCd=2874006840-00&ServiceCd=780&Type=search", "url2": "http://www.fides.dti.ne.jp/~leben/" }, "geometry": { "type": "Point", "coordinates": [ 134.608102499999973, 34.7965311 ] } },
{ "type": "Feature", "properties": { "内容": "デイサービス　木まち【地域密着型通所介護】兵庫県姫路市城北新町1丁目5-33", "url": "https://www.kaigokensaku.mhlw.go.jp/28/index.php?action_kouhyou_detail_004_kani=true&JigyosyoCd=2874007228-00&ServiceCd=780&Type=search", "url2": "http://www.ds-komachi.jp/" }, "geometry": { "type": "Point", "coordinates": [ 134.696486364417979, 34.853272011769178 ] } },
{ "type": "Feature", "properties": { "内容": "デイサービスうらら【地域密着型通所介護】兵庫県姫路市新在家２丁目6-3", "url": "https://www.kaigokensaku.mhlw.go.jp/28/index.php?action_kouhyou_detail_004_kani=true&JigyosyoCd=2874007335-00&ServiceCd=780&Type=search", "url2": null }, "geometry": { "type": "Point", "coordinates": [ 134.6803496, 34.845795500000023 ] } },
{ "type": "Feature", "properties": { "内容": "アガスティーアデイサービスセンター【地域密着型通所介護】兵庫県姫路市北原271-8", "url": "https://www.kaigokensaku.mhlw.go.jp/28/index.php?action_kouhyou_detail_004_kani=true&JigyosyoCd=2874007533-00&ServiceCd=780&Type=search", "url2": null }, "geometry": { "type": "Point", "coordinates": [ 134.706760643732423, 34.798676575884315 ] } },
{ "type": "Feature", "properties": { "内容": "EgretCafe【地域密着型通所介護】兵庫県姫路市白鳥台2丁目8-17", "url": "https://www.kaigokensaku.mhlw.go.jp/28/index.php?action_kouhyou_detail_004_kani=true&JigyosyoCd=2894000690-00&ServiceCd=780&Type=search", "url2": "http://e-akane.com" }, "geometry": { "type": "Point", "coordinates": [ 134.620670600000039, 34.882507600000025 ] } },
{ "type": "Feature", "properties": { "内容": "白浜デイサービス【地域密着型通所介護】兵庫県姫路市白浜町宇佐崎北3丁目487-1", "url": "https://www.kaigokensaku.mhlw.go.jp/28/index.php?action_kouhyou_detail_004_kani=true&JigyosyoCd=2894000765-00&ServiceCd=780&Type=search", "url2": null }, "geometry": { "type": "Point", "coordinates": [ 134.7142834, 34.7913741 ] } },
{ "type": "Feature", "properties": { "内容": "地域密着型通所介護事業所　サン・ビレッジ城乾【地域密着型通所介護】兵庫県姫路市南八代町5-20", "url": "https://www.kaigokensaku.mhlw.go.jp/28/index.php?action_kouhyou_detail_004_kani=true&JigyosyoCd=2894001441-00&ServiceCd=780&Type=search", "url2": "https://www.sv-yumesaki.com/" }, "geometry": { "type": "Point", "coordinates": [ 134.6877098, 34.8431803 ] } },
{ "type": "Feature", "properties": { "内容": "あゆみ愛デイサービスセンター【地域密着型通所介護】網干区浜田96", "url": "https://www.kaigokensaku.mhlw.go.jp/28/index.php?action_kouhyou_detail_004_kani=true&JigyosyoCd=2874005123-00&ServiceCd=780&Type=search", "url2": "https://www.ayumiai.net/" }, "geometry": { "type": "Point", "coordinates": [ 134.5774983, 34.7831134 ] } },
{ "type": "Feature", "properties": { "内容": "デイサービスすずらん【地域密着型通所介護】姫路市四郷町坂元399-1", "url": "https://www.kaigokensaku.mhlw.go.jp/28/index.php?action_kouhyou_detail_004_kani=true&JigyosyoCd=2874005149-00&ServiceCd=780&Type=search", "url2": null }, "geometry": { "type": "Point", "coordinates": [ 134.720562751520589, 34.81551115859061 ] } },
{ "type": "Feature", "properties": { "内容": "デイサービスだいえい【地域密着型通所介護】兵庫県姫路市四郷町上鈴131番地", "url": "https://www.kaigokensaku.mhlw.go.jp/28/index.php?action_kouhyou_detail_004_kani=true&JigyosyoCd=2874008317-00&ServiceCd=780&Type=search", "url2": "https://daiei-gr.com/business/care/" }, "geometry": { "type": "Point", "coordinates": [ 134.727841218385265, 34.814016198342749 ] } },
{ "type": "Feature", "properties": { "内容": "リハビリデイさくらんぼ【地域密着型通所介護】兵庫県姫路市夢前町古知之庄216-1", "url": "https://www.kaigokensaku.mhlw.go.jp/28/index.php?action_kouhyou_detail_004_kani=true&JigyosyoCd=2894000591-00&ServiceCd=780&Type=search", "url2": "https://ds-sakuranbo.com/" }, "geometry": { "type": "Point", "coordinates": [ 134.678517869009113, 34.942335316241191 ] } },
{ "type": "Feature", "properties": { "内容": "デイサービス　ダン・ド・リヨン【地域密着型通所介護】兵庫県姫路市十二所前町66番地", "url": "https://www.kaigokensaku.mhlw.go.jp/28/index.php?action_kouhyou_detail_004_kani=true&JigyosyoCd=2894001136-00&ServiceCd=780&Type=search", "url2": null }, "geometry": { "type": "Point", "coordinates": [ 134.6870276, 34.8304732 ] } },
{ "type": "Feature", "properties": { "内容": "デイサービステラス青山【地域密着型通所介護】兵庫県姫路市青山1470-141ケアハウス青山苑3階", "url": "https://www.kaigokensaku.mhlw.go.jp/28/index.php?action_kouhyou_detail_004_kani=true&JigyosyoCd=2894001250-00&ServiceCd=780&Type=search", "url2": "houjyu-kai.or.jp" }, "geometry": { "type": "Point", "coordinates": [ 134.631014599999986, 34.8517704 ] } },
{ "type": "Feature", "properties": { "内容": "地域密着型通所介護事業所　デコ・ライフ【地域密着型通所介護】兵庫県姫路市家島町真浦２１３６－３３", "url": "https://www.kaigokensaku.mhlw.go.jp/28/index.php?action_kouhyou_detail_004_kani=true&JigyosyoCd=2894001284-00&ServiceCd=780&Type=search", "url2": null }, "geometry": { "type": "Point", "coordinates": [ 134.5270681, 34.671597 ] } },
{ "type": "Feature", "properties": { "内容": "デイサービス　木まち花田【地域密着型通所介護】兵庫県姫路市花田町加納原田５８３－２０", "url": "https://www.kaigokensaku.mhlw.go.jp/28/index.php?action_kouhyou_detail_004_kani=true&JigyosyoCd=2894001359-00&ServiceCd=780&Type=search", "url2": "http://www.ds-komachi.jp" }, "geometry": { "type": "Point", "coordinates": [ 134.729825, 34.8295961 ] } },
{ "type": "Feature", "properties": { "内容": "にこにこデイサービス【地域密着型通所介護】姫路市京口町６６番地らくらく京口", "url": "https://www.kaigokensaku.mhlw.go.jp/28/index.php?action_kouhyou_detail_004_kani=true&JigyosyoCd=2874005297-00&ServiceCd=780&Type=search", "url2": null }, "geometry": { "type": "Point", "coordinates": [ 134.704174872387284, 34.834250335955865 ] } },
{ "type": "Feature", "properties": { "内容": "デイハウスあいえる【地域密着型通所介護】兵庫県姫路市野里新町6-2", "url": "https://www.kaigokensaku.mhlw.go.jp/28/index.php?action_kouhyou_detail_004_kani=true&JigyosyoCd=2874007004-00&ServiceCd=780&Type=search", "url2": "http://www.mc‐evoke.jp" }, "geometry": { "type": "Point", "coordinates": [ 134.70511369999997, 34.841813 ] } },
{ "type": "Feature", "properties": { "内容": "デイサービスセンター　アイハート【地域密着型通所介護】兵庫県姫路市飾磨区亀山119番地", "url": "https://www.kaigokensaku.mhlw.go.jp/28/index.php?action_kouhyou_detail_004_kani=true&JigyosyoCd=2874009190-00&ServiceCd=780&Type=search", "url2": null }, "geometry": { "type": "Point", "coordinates": [ 134.679148950258849, 34.809844746276077 ] } },
{ "type": "Feature", "properties": { "内容": "デイサービスセンター宝寿やすらぎ【地域密着型通所介護】兵庫県姫路市広畑区北野町２丁目59-10サービス付き高齢者向け住宅　宝寿の郷", "url": "https://www.kaigokensaku.mhlw.go.jp/28/index.php?action_kouhyou_detail_004_kani=true&JigyosyoCd=2894000732-00&ServiceCd=780&Type=search", "url2": "http://www.houjyu-kai.or.jp/" }, "geometry": { "type": "Point", "coordinates": [ 134.635629218878194, 34.804701084553514 ] } },
{ "type": "Feature", "properties": { "内容": "山戸デイサービスセンター【地域密着型通所介護】兵庫県姫路市勝原区山戸210-1", "url": "https://www.kaigokensaku.mhlw.go.jp/28/index.php?action_kouhyou_detail_004_kani=true&JigyosyoCd=2894001425-00&ServiceCd=780&Type=search", "url2": null }, "geometry": { "type": "Point", "coordinates": [ 134.599289700000014, 34.8106819 ] } },
{ "type": "Feature", "properties": { "内容": "地域密着型通所介護あんじょう【地域密着型通所介護】四郷町山脇628番地1", "url": "https://www.kaigokensaku.mhlw.go.jp/28/index.php?action_kouhyou_detail_004_kani=true&JigyosyoCd=2894001466-00&ServiceCd=780&Type=search", "url2": "https//www.yawaragi0401.com" }, "geometry": { "type": "Point", "coordinates": [ 134.7229005, 34.8192112 ] } },
{ "type": "Feature", "properties": { "内容": "リハビリ特化型デイサービスリメイク【地域密着型通所介護】兵庫県姫路市網干区北新在家181thecity　網干1F", "url": "https://www.kaigokensaku.mhlw.go.jp/28/index.php?action_kouhyou_detail_004_kani=true&JigyosyoCd=2894001490-00&ServiceCd=780&Type=search", "url2": "https://remake-himeji.com/" }, "geometry": { "type": "Point", "coordinates": [ 134.5917133, 34.7892314 ] } },
{ "type": "Feature", "properties": { "内容": "デイサービスセンターシャングリラ青山姫路【地域密着型通所介護】姫路市青山西2丁目17番25号", "url": "https://www.kaigokensaku.mhlw.go.jp/28/index.php?action_kouhyou_detail_004_kani=true&JigyosyoCd=2874006345-00&ServiceCd=780&Type=search", "url2": "www.shangrila-care.com" }, "geometry": { "type": "Point", "coordinates": [ 134.630604100000028, 34.8440705 ] } },
{ "type": "Feature", "properties": { "内容": "デイサービスセンターシャングリラ姫路東【地域密着型通所介護】兵庫県姫路市四郷町見野８１３番１", "url": "https://www.kaigokensaku.mhlw.go.jp/28/index.php?action_kouhyou_detail_004_kani=true&JigyosyoCd=2874008218-00&ServiceCd=780&Type=search", "url2": "http://www.shangrila-care.com/higashi.html" }, "geometry": { "type": "Point", "coordinates": [ 134.729531299999962, 34.8065894 ] } },
{ "type": "Feature", "properties": { "内容": "デイサービスまる【地域密着型通所介護】兵庫県姫路市香寺町中屋159", "url": "https://www.kaigokensaku.mhlw.go.jp/28/index.php?action_kouhyou_detail_004_kani=true&JigyosyoCd=2894001227-00&ServiceCd=780&Type=search", "url2": null }, "geometry": { "type": "Point", "coordinates": [ 134.7350007, 34.906593 ] } },
{ "type": "Feature", "properties": { "内容": "デイサービスセンター　みなみのかぜ【地域密着型通所介護】兵庫県姫路市上手野28-1モンテ1Ｆ", "url": "https://www.kaigokensaku.mhlw.go.jp/28/index.php?action_kouhyou_detail_004_kani=true&JigyosyoCd=2874007285-00&ServiceCd=780&Type=search", "url2": "http://minaminokaze.biz" }, "geometry": { "type": "Point", "coordinates": [ 134.654976799999986, 34.8494004 ] } },
{ "type": "Feature", "properties": { "内容": "デイサービス　Clover【地域密着型通所介護】兵庫県姫路市網干区津市場805番地3", "url": "https://www.kaigokensaku.mhlw.go.jp/28/index.php?action_kouhyou_detail_004_kani=true&JigyosyoCd=2874005503-00&ServiceCd=780&Type=search", "url2": "https://www.shioka.co.jp" }, "geometry": { "type": "Point", "coordinates": [ 134.584816400000022, 34.7955706 ] } },
{ "type": "Feature", "properties": { "内容": "デイサービス　ゆのみ【地域密着型通所介護】兵庫県姫路市飾磨区阿成渡場２６４番地１", "url": "https://www.kaigokensaku.mhlw.go.jp/28/index.php?action_kouhyou_detail_004_kani=true&JigyosyoCd=2874005289-00&ServiceCd=780&Type=search", "url2": "https://1525760498.jimdofree.com/" }, "geometry": { "type": "Point", "coordinates": [ 134.6911838, 34.7972251 ] } },
{ "type": "Feature", "properties": { "内容": "アルファデイサービスセンター城西【地域密着型通所介護】兵庫県姫路市琴岡町272-1アルファリビング姫路城西", "url": "https://www.kaigokensaku.mhlw.go.jp/28/index.php?action_kouhyou_detail_004_kani=true&JigyosyoCd=2894000617-00&ServiceCd=780&Type=search", "url2": "http://www.a-living.jp/" }, "geometry": { "type": "Point", "coordinates": [ 134.6778362, 34.836074300000014 ] } },
{ "type": "Feature", "properties": { "内容": "デイサービスセンターいいあす【地域密着型通所介護】兵庫県尼崎市武庫元町1丁目18-1武庫元町阪神ビル1F", "url": "https://www.kaigokensaku.mhlw.go.jp/28/index.php?action_kouhyou_detail_004_kani=true&JigyosyoCd=2893001228-00&ServiceCd=780&Type=search", "url2": "https://jcare-inc.com/" }, "geometry": { "type": "Point", "coordinates": [ 135.38546740000001, 34.7563588 ] } },
{ "type": "Feature", "properties": { "内容": "デイサービス花信風つぎや【地域密着型通所介護】兵庫県尼崎市次屋２丁目9－10", "url": "https://www.kaigokensaku.mhlw.go.jp/28/index.php?action_kouhyou_detail_004_kani=true&JigyosyoCd=2873008409-00&ServiceCd=780&Type=search", "url2": null }, "geometry": { "type": "Point", "coordinates": [ 135.4381088, 34.7398699 ] } },
{ "type": "Feature", "properties": { "内容": "あっぷるデイサービス【地域密着型通所介護】兵庫県尼崎市西難波町3-24-7難波コーポ１Ｆ", "url": "https://www.kaigokensaku.mhlw.go.jp/28/index.php?action_kouhyou_detail_004_kani=true&JigyosyoCd=2893000907-00&ServiceCd=780&Type=search", "url2": null }, "geometry": { "type": "Point", "coordinates": [ 135.4060738, 34.7243503 ] } },
{ "type": "Feature", "properties": { "内容": "アースサポート尼崎【地域密着型通所介護】兵庫県尼崎市稲葉元町1丁目7番21号", "url": "https://www.kaigokensaku.mhlw.go.jp/28/index.php?action_kouhyou_detail_004_kani=true&JigyosyoCd=2873008524-00&ServiceCd=780&Type=search", "url2": "http://www.earthsupport.co.jp" }, "geometry": { "type": "Point", "coordinates": [ 135.386797300000012, 34.7383302 ] } },
{ "type": "Feature", "properties": { "内容": "尼崎リハビリセンター【地域密着型通所介護】兵庫県尼崎市杭瀬南新町2丁目1-25", "url": "https://www.kaigokensaku.mhlw.go.jp/28/index.php?action_kouhyou_detail_004_kani=true&JigyosyoCd=2893001178-00&ServiceCd=780&Type=search", "url2": null }, "geometry": { "type": "Point", "coordinates": [ 135.437872, 34.7185115 ] } },
{ "type": "Feature", "properties": { "内容": "尼崎リハビリセンター園田店【地域密着型通所介護】兵庫県尼崎市東園田町5丁目60-1ウィズ東園田105号室", "url": "https://www.kaigokensaku.mhlw.go.jp/28/index.php?action_kouhyou_detail_004_kani=true&JigyosyoCd=2893001327-00&ServiceCd=780&Type=search", "url2": null }, "geometry": { "type": "Point", "coordinates": [ 135.450037400000014, 34.7530789 ] } },
{ "type": "Feature", "properties": { "内容": "デイサービスあずさ【地域密着型通所介護】尼崎市次屋1-12-28", "url": "https://www.kaigokensaku.mhlw.go.jp/28/index.php?action_kouhyou_detail_004_kani=true&JigyosyoCd=2873003426-00&ServiceCd=780&Type=search", "url2": "azusa-utashiro@nifty.com" }, "geometry": { "type": "Point", "coordinates": [ 135.441017099999954, 34.7355925 ] } },
{ "type": "Feature", "properties": { "内容": "リハビリデイサービス　はたなか【地域密着型通所介護】兵庫県尼崎市大庄西町１丁目２４－２０", "url": "https://www.kaigokensaku.mhlw.go.jp/28/index.php?action_kouhyou_detail_004_kani=true&JigyosyoCd=2873005876-00&ServiceCd=780&Type=search", "url2": null }, "geometry": { "type": "Point", "coordinates": [ 135.3880117, 34.7186764 ] } },
{ "type": "Feature", "properties": { "内容": "かりゆしデイサービス【地域密着型通所介護】塚口本町3-9-5", "url": "https://www.kaigokensaku.mhlw.go.jp/28/index.php?action_kouhyou_detail_004_kani=true&JigyosyoCd=2873007898-00&ServiceCd=780&Type=search", "url2": null }, "geometry": { "type": "Point", "coordinates": [ 135.417430400000057, 34.7601535 ] } },
{ "type": "Feature", "properties": { "内容": "デイサービス稲葉荘の家【地域密着型通所介護】稲葉荘２丁目１３－９", "url": "https://www.kaigokensaku.mhlw.go.jp/28/index.php?action_kouhyou_detail_004_kani=true&JigyosyoCd=2873011189-00&ServiceCd=780&Type=search", "url2": null }, "geometry": { "type": "Point", "coordinates": [ 135.3837719, 34.7343668 ] } },
{ "type": "Feature", "properties": { "内容": "リハビリデイサービスnagomi尼崎店【地域密着型通所介護】兵庫県尼崎市東難波町4-1-17", "url": "https://www.kaigokensaku.mhlw.go.jp/28/index.php?action_kouhyou_detail_004_kani=true&JigyosyoCd=2893001095-00&ServiceCd=780&Type=search", "url2": "http://www.my-nagomi.com/about/" }, "geometry": { "type": "Point", "coordinates": [ 135.409950900000013, 34.7256021 ] } },
{ "type": "Feature", "properties": { "内容": "湯屋うさぎ【地域密着型通所介護】長洲中通2-1-212F", "url": "https://www.kaigokensaku.mhlw.go.jp/28/index.php?action_kouhyou_detail_004_kani=true&JigyosyoCd=2893001319-00&ServiceCd=780&Type=search", "url2": "http://tsuki-usa.com" }, "geometry": { "type": "Point", "coordinates": [ 135.432269899999966, 34.725945700000011 ] } },
{ "type": "Feature", "properties": { "内容": "あくてぃぶらいふ【地域密着型通所介護】杭瀬南新町4-7-4D'sコート南新町１階", "url": "https://www.kaigokensaku.mhlw.go.jp/28/index.php?action_kouhyou_detail_004_kani=true&JigyosyoCd=2893001335-00&ServiceCd=780&Type=search", "url2": "https://alife-img.com/" }, "geometry": { "type": "Point", "coordinates": [ 135.430081654002009, 34.719510287693886 ] } },
{ "type": "Feature", "properties": { "内容": "半日デイサービスこころの湯【地域密着型通所介護】兵庫県尼崎市大庄西町3丁目5-152F", "url": "https://www.kaigokensaku.mhlw.go.jp/28/index.php?action_kouhyou_detail_004_kani=true&JigyosyoCd=2893001343-00&ServiceCd=780&Type=search", "url2": null }, "geometry": { "type": "Point", "coordinates": [ 135.3907547, 34.721439 ] } },
{ "type": "Feature", "properties": { "内容": "デイサービス結の花【地域密着型通所介護】兵庫県尼崎市武庫之荘東2丁目３３－４", "url": "https://www.kaigokensaku.mhlw.go.jp/28/index.php?action_kouhyou_detail_004_kani=true&JigyosyoCd=2893001103-00&ServiceCd=780&Type=search", "url2": null }, "geometry": { "type": "Point", "coordinates": [ 135.397474303734327, 34.757132732944314 ] } },
{ "type": "Feature", "properties": { "内容": "デイサービスおむすび【地域密着型通所介護】兵庫県尼崎市武庫元町1丁目12番8号", "url": "https://www.kaigokensaku.mhlw.go.jp/28/index.php?action_kouhyou_detail_004_kani=true&JigyosyoCd=2893001368-00&ServiceCd=780&Type=search", "url2": null }, "geometry": { "type": "Point", "coordinates": [ 135.381917, 34.7566178 ] } },
{ "type": "Feature", "properties": { "内容": "ディサービス想こころ【地域密着型通所介護】西難波町3-29-10しのざきビル3階", "url": "https://www.kaigokensaku.mhlw.go.jp/28/index.php?action_kouhyou_detail_004_kani=true&JigyosyoCd=2893001582-00&ServiceCd=780&Type=search", "url2": null }, "geometry": { "type": "Point", "coordinates": [ 135.4044436, 34.7241363 ] } },
{ "type": "Feature", "properties": { "内容": "湊の家【地域密着型通所介護】兵庫県尼崎市武庫之荘本町3丁目17番5武庫ハイムC棟105号", "url": "https://www.kaigokensaku.mhlw.go.jp/28/index.php?action_kouhyou_detail_004_kani=true&JigyosyoCd=2893000899-00&ServiceCd=780&Type=search", "url2": null }, "geometry": { "type": "Point", "coordinates": [ 135.39654920000001, 34.7606452 ] } },
{ "type": "Feature", "properties": { "内容": "在宅介護支援センター武庫之荘ホール【地域密着型通所介護】兵庫県尼崎市武庫町4丁目4番20号特別養護老人ホーム武庫之荘ホール", "url": "https://www.kaigokensaku.mhlw.go.jp/28/index.php?action_kouhyou_detail_004_kani=true&JigyosyoCd=2873000596-00&ServiceCd=780&Type=search", "url2": "http://www.chousei.or.jp" }, "geometry": { "type": "Point", "coordinates": [ 135.377856, 34.749693 ] } },
{ "type": "Feature", "properties": { "内容": "泉【地域密着型通所介護】兵庫県尼崎市杭瀬北新町1丁目8番地21号", "url": "https://www.kaigokensaku.mhlw.go.jp/28/index.php?action_kouhyou_detail_004_kani=true&JigyosyoCd=2873002279-00&ServiceCd=780&Type=search", "url2": null }, "geometry": { "type": "Point", "coordinates": [ 135.440961099999981, 34.7217057 ] } },
{ "type": "Feature", "properties": { "内容": "デイサービスすこやか苑【地域密着型通所介護】兵庫県尼崎市金楽寺町2丁目10-1", "url": "https://www.kaigokensaku.mhlw.go.jp/28/index.php?action_kouhyou_detail_004_kani=true&JigyosyoCd=2873003509-00&ServiceCd=780&Type=search", "url2": "park12.wakwak.com/~cosmos/index.html" }, "geometry": { "type": "Point", "coordinates": [ 135.425983583530638, 34.725280211139406 ] } },
{ "type": "Feature", "properties": { "内容": "すこやかリハビリデイサービス【地域密着型通所介護】兵庫県尼崎市南塚口町5丁目5－29", "url": "https://www.kaigokensaku.mhlw.go.jp/28/index.php?action_kouhyou_detail_004_kani=true&JigyosyoCd=2873006023-00&ServiceCd=780&Type=search", "url2": "http://www.sukoyaka-rihabiriday.com/" }, "geometry": { "type": "Point", "coordinates": [ 135.416313, 34.7471327 ] } },
{ "type": "Feature", "properties": { "内容": "よしリハビリデイサービス【地域密着型通所介護】七松町１丁目１１-７", "url": "https://www.kaigokensaku.mhlw.go.jp/28/index.php?action_kouhyou_detail_004_kani=true&JigyosyoCd=2873006882-00&ServiceCd=780&Type=search", "url2": null }, "geometry": { "type": "Point", "coordinates": [ 135.399568332251562, 34.735604182430563 ] } },
{ "type": "Feature", "properties": { "内容": "デイサービスセンターらいふセンタープール【地域密着型通所介護】尼崎市琴浦町76サンハイツ１Ｆ", "url": "https://www.kaigokensaku.mhlw.go.jp/28/index.php?action_kouhyou_detail_004_kani=true&JigyosyoCd=2873007765-00&ServiceCd=780&Type=search", "url2": null }, "geometry": { "type": "Point", "coordinates": [ 135.394137982000757, 34.722516132499088 ] } },
{ "type": "Feature", "properties": { "内容": "ﾘﾊﾋﾞﾘﾃﾞｲｻｰﾋﾞｽふくだ【地域密着型通所介護】兵庫県尼崎市稲葉元町3-7-8", "url": "https://www.kaigokensaku.mhlw.go.jp/28/index.php?action_kouhyou_detail_004_kani=true&JigyosyoCd=2873007963-00&ServiceCd=780&Type=search", "url2": null }, "geometry": { "type": "Point", "coordinates": [ 135.389989900000046, 34.7341898 ] } },
{ "type": "Feature", "properties": { "内容": "リハビリデイサービス　元気ハツラツ【地域密着型通所介護】尼崎市立花町1丁目２３－２６", "url": "https://www.kaigokensaku.mhlw.go.jp/28/index.php?action_kouhyou_detail_004_kani=true&JigyosyoCd=2873008573-00&ServiceCd=780&Type=search", "url2": "http://www.md2003.com" }, "geometry": { "type": "Point", "coordinates": [ 135.402970500000038, 34.7375307 ] } },
{ "type": "Feature", "properties": { "内容": "デイサービスセンター凛【地域密着型通所介護】尼崎市武庫元町１丁目２１－１４", "url": "https://www.kaigokensaku.mhlw.go.jp/28/index.php?action_kouhyou_detail_004_kani=true&JigyosyoCd=2873009340-00&ServiceCd=780&Type=search", "url2": null }, "geometry": { "type": "Point", "coordinates": [ 135.384580199999959, 34.7577811 ] } },
{ "type": "Feature", "properties": { "内容": "デイサービス本舗　尼崎【地域密着型通所介護】兵庫県尼崎市久々知１丁目２０－１２", "url": "https://www.kaigokensaku.mhlw.go.jp/28/index.php?action_kouhyou_detail_004_kani=true&JigyosyoCd=2873009886-00&ServiceCd=780&Type=search", "url2": null }, "geometry": { "type": "Point", "coordinates": [ 135.4319343, 34.744964 ] } },
{ "type": "Feature", "properties": { "内容": "グリーンハウス立花【地域密着型通所介護】兵庫県尼崎市立花町2-18-3", "url": "https://www.kaigokensaku.mhlw.go.jp/28/index.php?action_kouhyou_detail_004_kani=true&JigyosyoCd=2873010777-00&ServiceCd=780&Type=search", "url2": "http://carewish.net" }, "geometry": { "type": "Point", "coordinates": [ 135.401899413491833, 34.740131197984326 ] } },
{ "type": "Feature", "properties": { "内容": "テラ・ハート尼崎【地域密着型通所介護】尼崎市東園田町8-19-6プレシャス東園田", "url": "https://www.kaigokensaku.mhlw.go.jp/28/index.php?action_kouhyou_detail_004_kani=true&JigyosyoCd=2873010819-00&ServiceCd=780&Type=search", "url2": "http://cuore116.com/" }, "geometry": { "type": "Point", "coordinates": [ 135.456238100000064, 34.7442668 ] } },
{ "type": "Feature", "properties": { "内容": "みんなの家　あさねぼう【地域密着型通所介護】崇徳院１丁目１１　２階", "url": "https://www.kaigokensaku.mhlw.go.jp/28/index.php?action_kouhyou_detail_004_kani=true&JigyosyoCd=2873011080-00&ServiceCd=780&Type=search", "url2": null }, "geometry": { "type": "Point", "coordinates": [ 135.398646399999961, 34.7256899 ] } },
{ "type": "Feature", "properties": { "内容": "はんしんいきいきデイサービス　尼崎杭瀬店【地域密着型通所介護】兵庫県尼崎市杭瀬本町1丁目1-1", "url": "https://www.kaigokensaku.mhlw.go.jp/28/index.php?action_kouhyou_detail_004_kani=true&JigyosyoCd=2893000774-00&ServiceCd=780&Type=search", "url2": "https://hankyuhanshin-dayservice.com/" }, "geometry": { "type": "Point", "coordinates": [ 135.431834699999939, 34.717547100000019 ] } },
{ "type": "Feature", "properties": { "内容": "中央会リハビリデイサービスひびき【地域密着型通所介護】兵庫県尼崎市潮江1丁目3番43号緑遊新都心ビル2階", "url": "https://www.kaigokensaku.mhlw.go.jp/28/index.php?action_kouhyou_detail_004_kani=true&JigyosyoCd=2893000808-00&ServiceCd=780&Type=search", "url2": "http://www.chuoukai.or.jp/" }, "geometry": { "type": "Point", "coordinates": [ 135.431568299999981, 34.7344881 ] } },
{ "type": "Feature", "properties": { "内容": "とまつ【地域密着型通所介護】兵庫県尼崎市富松町２丁目2番25号", "url": "https://www.kaigokensaku.mhlw.go.jp/28/index.php?action_kouhyou_detail_004_kani=true&JigyosyoCd=2893000881-00&ServiceCd=780&Type=search", "url2": null }, "geometry": { "type": "Point", "coordinates": [ 135.4015723, 34.7571145 ] } },
{ "type": "Feature", "properties": { "内容": "デイサービス龍馬くん【地域密着型通所介護】兵庫県尼崎市久々知２丁目25-17", "url": "https://www.kaigokensaku.mhlw.go.jp/28/index.php?action_kouhyou_detail_004_kani=true&JigyosyoCd=2893001038-00&ServiceCd=780&Type=search", "url2": null }, "geometry": { "type": "Point", "coordinates": [ 135.427760400000011, 34.7437948 ] } },
{ "type": "Feature", "properties": { "内容": "ビーナスプラス園田【地域密着型通所介護】兵庫県尼崎市東園田町2-126", "url": "https://www.kaigokensaku.mhlw.go.jp/28/index.php?action_kouhyou_detail_004_kani=true&JigyosyoCd=2893001087-00&ServiceCd=780&Type=search", "url2": "https://www.venus-comrade.co.jp/office/plus_sonoda/" }, "geometry": { "type": "Point", "coordinates": [ 135.45033989999996, 34.756117100000012 ] } },
{ "type": "Feature", "properties": { "内容": "ウォークトゥデイリボーン尼崎【地域密着型通所介護】兵庫県尼崎市次屋3-5-52リボーン尼崎弐番館", "url": "https://www.kaigokensaku.mhlw.go.jp/28/index.php?action_kouhyou_detail_004_kani=true&JigyosyoCd=2893001434-00&ServiceCd=780&Type=search", "url2": "www.reborn-amagasaki2.jp/" }, "geometry": { "type": "Point", "coordinates": [ 135.443299200000013, 34.7381041 ] } },
{ "type": "Feature", "properties": { "内容": "地域密着型デイサービス奏【地域密着型通所介護】兵庫県尼崎市三反田町3丁目10-19", "url": "https://www.kaigokensaku.mhlw.go.jp/28/index.php?action_kouhyou_detail_004_kani=true&JigyosyoCd=2893001442-00&ServiceCd=780&Type=search", "url2": "https://care-kanade.com/" }, "geometry": { "type": "Point", "coordinates": [ 135.411634099999986, 34.7391943 ] } },
{ "type": "Feature", "properties": { "内容": "ビーナスプラス立花【地域密着型通所介護】兵庫県尼崎市水堂町1-10-25ダイワール立花1階", "url": "https://www.kaigokensaku.mhlw.go.jp/28/index.php?action_kouhyou_detail_004_kani=true&JigyosyoCd=2893001459-00&ServiceCd=780&Type=search", "url2": "https://www.venus-comrade.co.jp/office/plus_tachibana/" }, "geometry": { "type": "Point", "coordinates": [ 135.3960539, 34.7428087 ] } },
{ "type": "Feature", "properties": { "内容": "健康プライム【地域密着型通所介護】兵庫県尼崎市稲葉荘1‐14‐8", "url": "https://www.kaigokensaku.mhlw.go.jp/28/index.php?action_kouhyou_detail_004_kani=true&JigyosyoCd=2893001483-00&ServiceCd=780&Type=search", "url2": null }, "geometry": { "type": "Point", "coordinates": [ 135.384851700000013, 34.7309197 ] } },
{ "type": "Feature", "properties": { "内容": "だんだんリハビリデイサービス【地域密着型通所介護】兵庫県尼崎市七松町2-1-2-1F", "url": "https://www.kaigokensaku.mhlw.go.jp/28/index.php?action_kouhyou_detail_004_kani=true&JigyosyoCd=2893001608-00&ServiceCd=780&Type=search", "url2": "https://gainadandan24.wixstudio.com/dandan" }, "geometry": { "type": "Point", "coordinates": [ 135.400303900000011, 34.7374291 ] } },
{ "type": "Feature", "properties": { "内容": "デイサービス太陽【地域密着型通所介護】尼崎市杭瀬本町１丁目16-1", "url": "https://www.kaigokensaku.mhlw.go.jp/28/index.php?action_kouhyou_detail_004_kani=true&JigyosyoCd=2873006817-00&ServiceCd=780&Type=search", "url2": null }, "geometry": { "type": "Point", "coordinates": [ 135.439970200000062, 34.7203108 ] } },
{ "type": "Feature", "properties": { "内容": "りはびり空間　ゆめくらぶ　武庫之荘店【地域密着型通所介護】兵庫県尼崎市南武庫之荘4-9-5グランシャリオ武庫之荘1F-D", "url": "https://www.kaigokensaku.mhlw.go.jp/28/index.php?action_kouhyou_detail_004_kani=true&JigyosyoCd=2873007427-00&ServiceCd=780&Type=search", "url2": "http://yu-me-club.jimdo.com" }, "geometry": { "type": "Point", "coordinates": [ 135.390107899999975, 34.7453351 ] } },
{ "type": "Feature", "properties": { "内容": "ポラリスデイサービスセンター武庫之荘Ⅱ【地域密着型通所介護】南武庫之荘3-35-20東田マンション1階", "url": "https://www.kaigokensaku.mhlw.go.jp/28/index.php?action_kouhyou_detail_004_kani=true&JigyosyoCd=2873007872-00&ServiceCd=780&Type=search", "url2": "http://www.aurorakai.com/" }, "geometry": { "type": "Point", "coordinates": [ 135.392921399999977, 34.7481405 ] } },
{ "type": "Feature", "properties": { "内容": "ディサービススイートケア【地域密着型通所介護】兵庫県尼崎市大庄西町1-24-12", "url": "https://www.kaigokensaku.mhlw.go.jp/28/index.php?action_kouhyou_detail_004_kani=true&JigyosyoCd=2873009241-00&ServiceCd=780&Type=search", "url2": null }, "geometry": { "type": "Point", "coordinates": [ 135.388125599999967, 34.7192152 ] } },
{ "type": "Feature", "properties": { "内容": "デイサービス　月のうさぎ【地域密着型通所介護】長洲中通２丁目１－２１　１F", "url": "https://www.kaigokensaku.mhlw.go.jp/28/index.php?action_kouhyou_detail_004_kani=true&JigyosyoCd=2873009308-00&ServiceCd=780&Type=search", "url2": "http://tsuki-usa.com" }, "geometry": { "type": "Point", "coordinates": [ 135.432275219573967, 34.72601957142821 ] } },
{ "type": "Feature", "properties": { "内容": "リハビリデイそら園田【地域密着型通所介護】兵庫県尼崎市食満5-4-15レ・セーナ１階", "url": "https://www.kaigokensaku.mhlw.go.jp/28/index.php?action_kouhyou_detail_004_kani=true&JigyosyoCd=2873009530-00&ServiceCd=780&Type=search", "url2": "http://www.caremind.co.jp" }, "geometry": { "type": "Point", "coordinates": [ 135.4373832, 34.7608399 ] } },
{ "type": "Feature", "properties": { "内容": "デイサービス　いろえんぴつ【地域密着型通所介護】兵庫県尼崎市南七松町1丁目2-7", "url": "https://www.kaigokensaku.mhlw.go.jp/28/index.php?action_kouhyou_detail_004_kani=true&JigyosyoCd=2873010314-00&ServiceCd=780&Type=search", "url2": null }, "geometry": { "type": "Point", "coordinates": [ 135.400541277193298, 34.73341573437704 ] } },
{ "type": "Feature", "properties": { "内容": "小さなデイサービス『都の樹』【地域密着型通所介護】兵庫県　尼崎市南武庫之荘2-21-19", "url": "https://www.kaigokensaku.mhlw.go.jp/28/index.php?action_kouhyou_detail_004_kani=true&JigyosyoCd=2893000717-00&ServiceCd=780&Type=search", "url2": "http://miyako-ki.com" }, "geometry": { "type": "Point", "coordinates": [ 135.397668, 34.747585100000016 ] } },
{ "type": "Feature", "properties": { "内容": "古民家デイサービスこころ【地域密着型通所介護】兵庫県尼崎市神田中通8-257", "url": "https://www.kaigokensaku.mhlw.go.jp/28/index.php?action_kouhyou_detail_004_kani=true&JigyosyoCd=2893000725-00&ServiceCd=780&Type=search", "url2": "https://cocoronosato.co.jp/" }, "geometry": { "type": "Point", "coordinates": [ 135.405239200000011, 34.7218358 ] } },
{ "type": "Feature", "properties": { "内容": "リハビリデイサービス　元気ハツラツ　南武庫之荘【地域密着型通所介護】兵庫県尼崎市南武庫之荘4丁目１９－５サニーサイドⅢ　１階", "url": "https://www.kaigokensaku.mhlw.go.jp/28/index.php?action_kouhyou_detail_004_kani=true&JigyosyoCd=2893000980-00&ServiceCd=780&Type=search", "url2": "http://www.md2003.com/dayservice" }, "geometry": { "type": "Point", "coordinates": [ 135.388103, 34.744988 ] } },
{ "type": "Feature", "properties": { "内容": "ゆうデイサービス【地域密着型通所介護】兵庫県尼崎市武庫之荘１－３０－１２ディカ・カーサ１０８", "url": "https://www.kaigokensaku.mhlw.go.jp/28/index.php?action_kouhyou_detail_004_kani=true&JigyosyoCd=2893000998-00&ServiceCd=780&Type=search", "url2": "https://youdaycare.wixsite.com/you-daycare" }, "geometry": { "type": "Point", "coordinates": [ 135.392387, 34.7554377 ] } },
{ "type": "Feature", "properties": { "内容": "デイサービスウィズ【地域密着型通所介護】兵庫県尼崎市今福１丁目１番杭瀬団地２８棟１０３号", "url": "https://www.kaigokensaku.mhlw.go.jp/28/index.php?action_kouhyou_detail_004_kani=true&JigyosyoCd=2893001046-00&ServiceCd=780&Type=search", "url2": "https://hs-wiz.jp/wiz-ds.php" }, "geometry": { "type": "Point", "coordinates": [ 135.4409795, 34.7236751 ] } },
{ "type": "Feature", "properties": { "内容": "デイサービスせぴあ【地域密着型通所介護】兵庫県尼崎市御園1丁目2-29", "url": "https://www.kaigokensaku.mhlw.go.jp/28/index.php?action_kouhyou_detail_004_kani=true&JigyosyoCd=2893001194-00&ServiceCd=780&Type=search", "url2": "https://www.dayservice-sepia.com/" }, "geometry": { "type": "Point", "coordinates": [ 135.429562, 34.7565255 ] } },
{ "type": "Feature", "properties": { "内容": "デイサービスつどい場みち【地域密着型通所介護】尼崎市戸ノ内町2丁目4-3", "url": "https://www.kaigokensaku.mhlw.go.jp/28/index.php?action_kouhyou_detail_004_kani=true&JigyosyoCd=2893001236-00&ServiceCd=780&Type=search", "url2": "https://www.kaigo-michi.com/" }, "geometry": { "type": "Point", "coordinates": [ 135.458548838623074, 34.742057467676005 ] } },
{ "type": "Feature", "properties": { "内容": "デイサービスつどい場みち善【地域密着型通所介護】兵庫県尼崎市戸ノ内町2丁目4-3", "url": "https://www.kaigokensaku.mhlw.go.jp/28/index.php?action_kouhyou_detail_004_kani=true&JigyosyoCd=2893001244-00&ServiceCd=780&Type=search", "url2": "https://www.kaigo-michi.com/" }, "geometry": { "type": "Point", "coordinates": [ 135.4587205, 34.7420751 ] } },
{ "type": "Feature", "properties": { "内容": "デイサービスこころや【地域密着型通所介護】兵庫県尼崎市大庄西町3-5-15", "url": "https://www.kaigokensaku.mhlw.go.jp/28/index.php?action_kouhyou_detail_004_kani=true&JigyosyoCd=2893001491-00&ServiceCd=780&Type=search", "url2": "https://cocoronosato.co.jp/" }, "geometry": { "type": "Point", "coordinates": [ 135.3907729, 34.7214317 ] } },
{ "type": "Feature", "properties": { "内容": "デイサービスきたえるーむ尼崎南清水【地域密着型通所介護】南清水29-23", "url": "https://www.kaigokensaku.mhlw.go.jp/28/index.php?action_kouhyou_detail_004_kani=true&JigyosyoCd=2893001509-00&ServiceCd=780&Type=search", "url2": "http://kitaeroom.com" }, "geometry": { "type": "Point", "coordinates": [ 135.4268609, 34.7613634 ] } },
{ "type": "Feature", "properties": { "内容": "デイサービスセンター　ケアベスト【地域密着型通所介護】兵庫県尼崎市武庫之荘６丁目26-7", "url": "https://www.kaigokensaku.mhlw.go.jp/28/index.php?action_kouhyou_detail_004_kani=true&JigyosyoCd=2873004945-00&ServiceCd=780&Type=search", "url2": "https://carebest.jimdofree.com/" }, "geometry": { "type": "Point", "coordinates": [ 135.385655, 34.7621141 ] } },
{ "type": "Feature", "properties": { "内容": "デイサービス　「シニアケア　花の家」【地域密着型通所介護】尼崎市南塚口町７丁目２９－３５", "url": "https://www.kaigokensaku.mhlw.go.jp/28/index.php?action_kouhyou_detail_004_kani=true&JigyosyoCd=2873005611-00&ServiceCd=780&Type=search", "url2": "https://senior-care.co.jp/day/" }, "geometry": { "type": "Point", "coordinates": [ 135.4098222, 34.7471354 ] } },
{ "type": "Feature", "properties": { "内容": "デイハウス　ハミング【地域密着型通所介護】尼崎市菜切山町4番地1有限会社ハミング", "url": "https://www.kaigokensaku.mhlw.go.jp/28/index.php?action_kouhyou_detail_004_kani=true&JigyosyoCd=2873006189-00&ServiceCd=780&Type=search", "url2": "https://humming-aloha.co.jp" }, "geometry": { "type": "Point", "coordinates": [ 135.3968997, 34.72412940000001 ] } },
{ "type": "Feature", "properties": { "内容": "デイサービス　あんしん24【地域密着型通所介護】尼崎市金楽寺町2丁目7番7号喜楽苑地域ケアセンター　あんしん24", "url": "https://www.kaigokensaku.mhlw.go.jp/28/index.php?action_kouhyou_detail_004_kani=true&JigyosyoCd=2873008797-00&ServiceCd=780&Type=search", "url2": "http://www.kirakuen.or.jp" }, "geometry": { "type": "Point", "coordinates": [ 135.427832744844068, 34.724600472938278 ] } },
{ "type": "Feature", "properties": { "内容": "デイサービス和【地域密着型通所介護】南武庫之荘8丁目1番1号", "url": "https://www.kaigokensaku.mhlw.go.jp/28/index.php?action_kouhyou_detail_004_kani=true&JigyosyoCd=2873009225-00&ServiceCd=780&Type=search", "url2": null }, "geometry": { "type": "Point", "coordinates": [ 135.3834606, 34.7489899 ] } },
{ "type": "Feature", "properties": { "内容": "はぐみデイサービスセンター南武庫之荘【地域密着型通所介護】南武庫之荘３丁目１７番２４号エクリア南武庫之荘", "url": "https://www.kaigokensaku.mhlw.go.jp/28/index.php?action_kouhyou_detail_004_kani=true&JigyosyoCd=2873010652-00&ServiceCd=780&Type=search", "url2": null }, "geometry": { "type": "Point", "coordinates": [ 135.394646400000056, 34.7455055 ] } },
{ "type": "Feature", "properties": { "内容": "デイサービスセンターケアベストあゆみ【地域密着型通所介護】兵庫県尼崎市潮江１丁目３０番２３号", "url": "https://www.kaigokensaku.mhlw.go.jp/28/index.php?action_kouhyou_detail_004_kani=true&JigyosyoCd=2873010744-00&ServiceCd=780&Type=search", "url2": "https://carebest.jimdofree.com/" }, "geometry": { "type": "Point", "coordinates": [ 135.430259400000068, 34.7359397 ] } },
{ "type": "Feature", "properties": { "内容": "デイサービスセンターケアベスト神崎の家【地域密着型通所介護】兵庫県尼崎市神崎町１３番１３号", "url": "https://www.kaigokensaku.mhlw.go.jp/28/index.php?action_kouhyou_detail_004_kani=true&JigyosyoCd=2893000915-00&ServiceCd=780&Type=search", "url2": "https://carebest.jimdofree.com/" }, "geometry": { "type": "Point", "coordinates": [ 135.4452273, 34.7398797 ] } },
{ "type": "Feature", "properties": { "内容": "デイサービスひなたぼっこ【地域密着型通所介護】東難波町2丁目5-16", "url": "https://www.kaigokensaku.mhlw.go.jp/28/index.php?action_kouhyou_detail_004_kani=true&JigyosyoCd=2893001079-00&ServiceCd=780&Type=search", "url2": null }, "geometry": { "type": "Point", "coordinates": [ 135.410043072655526, 34.730867301878881 ] } },
{ "type": "Feature", "properties": { "内容": "co・co・ai　JOY【地域密着型通所介護】大庄中通3丁目11-3", "url": "https://www.kaigokensaku.mhlw.go.jp/28/index.php?action_kouhyou_detail_004_kani=true&JigyosyoCd=2893001152-00&ServiceCd=780&Type=search", "url2": "https://cocorono-kagayaki.com/" }, "geometry": { "type": "Point", "coordinates": [ 135.392307989549266, 34.723800526145816 ] } },
{ "type": "Feature", "properties": { "内容": "デイサービスひなたぼっこ稲葉荘【地域密着型通所介護】兵庫県尼崎市稲葉荘２－６－２１", "url": "https://www.kaigokensaku.mhlw.go.jp/28/index.php?action_kouhyou_detail_004_kani=true&JigyosyoCd=2893001202-00&ServiceCd=780&Type=search", "url2": null }, "geometry": { "type": "Point", "coordinates": [ 135.386412235250617, 34.735037509284048 ] } },
{ "type": "Feature", "properties": { "内容": "春日苑地域密着型通所介護事業所【地域密着型通所介護】兵庫県尼崎市田能5-10-25", "url": "https://www.kaigokensaku.mhlw.go.jp/28/index.php?action_kouhyou_detail_004_kani=true&JigyosyoCd=2893001616-00&ServiceCd=780&Type=search", "url2": null }, "geometry": { "type": "Point", "coordinates": [ 135.4298482, 34.7683276 ] } },
{ "type": "Feature", "properties": { "内容": "デイサービス　ソラスト武庫之荘【地域密着型通所介護】兵庫県尼崎市武庫之荘2-8-10ロイヤルコート武庫之荘１F", "url": "https://www.kaigokensaku.mhlw.go.jp/28/index.php?action_kouhyou_detail_004_kani=true&JigyosyoCd=2873006908-00&ServiceCd=780&Type=search", "url2": "https://solasto-kaigo.com/service/dayservice/mukonosou" }, "geometry": { "type": "Point", "coordinates": [ 135.390730299999973, 34.7520684 ] } },
{ "type": "Feature", "properties": { "内容": "ハート介護サービス　オアシス杭瀬【地域密着型通所介護】兵庫県尼崎市杭瀬本町１丁目２３−２カーサフジイ", "url": "https://www.kaigokensaku.mhlw.go.jp/28/index.php?action_kouhyou_detail_004_kani=true&JigyosyoCd=2893000923-00&ServiceCd=780&Type=search", "url2": null }, "geometry": { "type": "Point", "coordinates": [ 135.436884, 34.721291 ] } },
{ "type": "Feature", "properties": { "内容": "すこやかデイサービスセンター【地域密着型通所介護】兵庫県尼崎市杭瀬南新町2丁目1-15吉澤ビル101", "url": "https://www.kaigokensaku.mhlw.go.jp/28/index.php?action_kouhyou_detail_004_kani=true&JigyosyoCd=2873004739-00&ServiceCd=780&Type=search", "url2": "https：//sukoyaka-rihabiriday.com/" }, "geometry": { "type": "Point", "coordinates": [ 135.436787, 34.7165649 ] } },
{ "type": "Feature", "properties": { "内容": "りはとれでいさーびすたかだむこがわ【地域密着型通所介護】兵庫県尼崎市武庫川町2丁目30番2号キャッスル武庫川", "url": "https://www.kaigokensaku.mhlw.go.jp/28/index.php?action_kouhyou_detail_004_kani=true&JigyosyoCd=2893001137-00&ServiceCd=780&Type=search", "url2": "https://www.day-takada.com" }, "geometry": { "type": "Point", "coordinates": [ 135.386275399999988, 34.7163103 ] } },
{ "type": "Feature", "properties": { "内容": "リハビリデイサービス尼崎北【地域密着型通所介護】上坂部２－２６－１", "url": "https://www.kaigokensaku.mhlw.go.jp/28/index.php?action_kouhyou_detail_004_kani=true&JigyosyoCd=2873008185-00&ServiceCd=780&Type=search", "url2": "http://www.riei.co.jp/" }, "geometry": { "type": "Point", "coordinates": [ 135.427495300000032, 34.7474856 ] } },
{ "type": "Feature", "properties": { "内容": "デイサービス　のどか【地域密着型通所介護】武庫元町１－２０－１", "url": "https://www.kaigokensaku.mhlw.go.jp/28/index.php?action_kouhyou_detail_004_kani=true&JigyosyoCd=2893001517-00&ServiceCd=780&Type=search", "url2": null }, "geometry": { "type": "Point", "coordinates": [ 135.384928839981086, 34.757182143578923 ] } },
{ "type": "Feature", "properties": { "内容": "アチーブ【地域密着型通所介護】兵庫県尼崎市蓬川町３０２－１６－１０１", "url": "https://www.kaigokensaku.mhlw.go.jp/28/index.php?action_kouhyou_detail_004_kani=true&JigyosyoCd=2873010041-00&ServiceCd=780&Type=search", "url2": null }, "geometry": { "type": "Point", "coordinates": [ 135.399474300000065, 34.7200249 ] } },
{ "type": "Feature", "properties": { "内容": "リハケア南武庫之荘【地域密着型通所介護】兵庫県尼崎市南武庫之荘2丁目17-20サンワコーポラス107", "url": "https://www.kaigokensaku.mhlw.go.jp/28/index.php?action_kouhyou_detail_004_kani=true&JigyosyoCd=2893000972-00&ServiceCd=780&Type=search", "url2": null }, "geometry": { "type": "Point", "coordinates": [ 135.396815218988991, 34.749056253099724 ] } },
{ "type": "Feature", "properties": { "内容": "有限会社一二三・ハーモニーケアセンター【地域密着型通所介護】兵庫県尼崎市塚口本町3丁目14-14", "url": "https://www.kaigokensaku.mhlw.go.jp/28/index.php?action_kouhyou_detail_004_kani=true&JigyosyoCd=2873002378-00&ServiceCd=780&Type=search", "url2": null }, "geometry": { "type": "Point", "coordinates": [ 135.418408722090106, 34.7584438657695 ] } },
{ "type": "Feature", "properties": { "内容": "あゆみのいえ【地域密着型通所介護】兵庫県尼崎市塚口町6-53-7", "url": "https://www.kaigokensaku.mhlw.go.jp/28/index.php?action_kouhyou_detail_004_kani=true&JigyosyoCd=2873006924-00&ServiceCd=780&Type=search", "url2": "https://smile-heart.co.jp/" }, "geometry": { "type": "Point", "coordinates": [ 135.4054251, 34.7602033 ] } },
{ "type": "Feature", "properties": { "内容": "オアシス尼崎【地域密着型通所介護】兵庫県尼崎市東難波町３丁目1-21", "url": "https://www.kaigokensaku.mhlw.go.jp/28/index.php?action_kouhyou_detail_004_kani=true&JigyosyoCd=2873006981-00&ServiceCd=780&Type=search", "url2": null }, "geometry": { "type": "Point", "coordinates": [ 135.410064299999931, 34.7288844 ] } },
{ "type": "Feature", "properties": { "内容": "夢みけまデイサービスセンター【地域密着型通所介護】兵庫県尼崎市食満7-29-1夢みけまデイサービスセンター", "url": "https://www.kaigokensaku.mhlw.go.jp/28/index.php?action_kouhyou_detail_004_kani=true&JigyosyoCd=2873009316-00&ServiceCd=780&Type=search", "url2": "https://www.yumemi-day.trinity.gr.jp/" }, "geometry": { "type": "Point", "coordinates": [ 135.437518215344227, 34.754409184851355 ] } },
{ "type": "Feature", "properties": { "内容": "オリーブ【地域密着型通所介護】兵庫県尼崎市次屋１－１４－１５", "url": "https://www.kaigokensaku.mhlw.go.jp/28/index.php?action_kouhyou_detail_004_kani=true&JigyosyoCd=2893001384-00&ServiceCd=780&Type=search", "url2": "https://olive-amagasaki.com/" }, "geometry": { "type": "Point", "coordinates": [ 135.441074500000013, 34.7373113 ] } },
{ "type": "Feature", "properties": { "内容": "らいふデイサービス建家【地域密着型通所介護】兵庫県尼崎市建家85番地", "url": "https://www.kaigokensaku.mhlw.go.jp/28/index.php?action_kouhyou_detail_004_kani=true&JigyosyoCd=2893001269-00&ServiceCd=780&Type=search", "url2": null }, "geometry": { "type": "Point", "coordinates": [ 135.408977, 34.7203821 ] } },
{ "type": "Feature", "properties": { "内容": "RekuRe【地域密着型通所介護】尼崎市南塚口町3-13-3セントラル塚口ビル", "url": "https://www.kaigokensaku.mhlw.go.jp/28/index.php?action_kouhyou_detail_004_kani=true&JigyosyoCd=2893000667-00&ServiceCd=780&Type=search", "url2": "http://rekure-web.com" }, "geometry": { "type": "Point", "coordinates": [ 135.4189967, 34.7513268 ] } },
{ "type": "Feature", "properties": { "内容": "らくとえん倶楽部【地域密着型通所介護】兵庫県尼崎市今福１丁目１番２９号棟101号室杭瀬団地２９号棟１０１号室", "url": "https://www.kaigokensaku.mhlw.go.jp/28/index.php?action_kouhyou_detail_004_kani=true&JigyosyoCd=2873010769-00&ServiceCd=780&Type=search", "url2": null }, "geometry": { "type": "Point", "coordinates": [ 135.4400756, 34.7241271 ] } },
{ "type": "Feature", "properties": { "内容": "らくとえん倶楽部本町【地域密着型通所介護】兵庫県尼崎市今福１丁目１番２９号棟１０７号室杭瀬団地２９号棟１０７号室", "url": "https://www.kaigokensaku.mhlw.go.jp/28/index.php?action_kouhyou_detail_004_kani=true&JigyosyoCd=2893000949-00&ServiceCd=780&Type=search", "url2": null }, "geometry": { "type": "Point", "coordinates": [ 135.4400627, 34.724052 ] } },
{ "type": "Feature", "properties": { "内容": "ナビデイサービス【地域密着型通所介護】兵庫県尼崎市水堂町4丁目11-11", "url": "https://www.kaigokensaku.mhlw.go.jp/28/index.php?action_kouhyou_detail_004_kani=true&JigyosyoCd=2893001400-00&ServiceCd=780&Type=search", "url2": null }, "geometry": { "type": "Point", "coordinates": [ 135.3876994, 34.7433738 ] } },
{ "type": "Feature", "properties": { "内容": "デイサービスセンターエバーグリーンわかば【地域密着型通所介護】兵庫県明石市大久保町谷八木563‐14", "url": "https://www.kaigokensaku.mhlw.go.jp/28/index.php?action_kouhyou_detail_004_kani=true&JigyosyoCd=2892000684-00&ServiceCd=780&Type=search", "url2": "http://evergreen-pj.com" }, "geometry": { "type": "Point", "coordinates": [ 134.9445053, 34.6719749 ] } },
{ "type": "Feature", "properties": { "内容": "リハデイおおくら【地域密着型通所介護】兵庫県明石市朝霧東町２丁目13-10リバーサイド朝霧102", "url": "https://www.kaigokensaku.mhlw.go.jp/28/index.php?action_kouhyou_detail_004_kani=true&JigyosyoCd=2892000767-00&ServiceCd=780&Type=search", "url2": null }, "geometry": { "type": "Point", "coordinates": [ 135.0141659, 34.6501336 ] } },
{ "type": "Feature", "properties": { "内容": "デイサービスリーフ【地域密着型通所介護】大久保町わかば10-28", "url": "https://www.kaigokensaku.mhlw.go.jp/28/index.php?action_kouhyou_detail_004_kani=true&JigyosyoCd=2872003237-00&ServiceCd=780&Type=search", "url2": null }, "geometry": { "type": "Point", "coordinates": [ 134.93968289999998, 34.6754757 ] } },
{ "type": "Feature", "properties": { "内容": "清華苑デイサービスセンター【地域密着型通所介護】兵庫県明石市大久保町大窪３１０４－１", "url": "https://www.kaigokensaku.mhlw.go.jp/28/index.php?action_kouhyou_detail_004_kani=true&JigyosyoCd=2872000399-00&ServiceCd=780&Type=search", "url2": "http://www.seikaen.jp" }, "geometry": { "type": "Point", "coordinates": [ 134.9476654, 34.7092445 ] } },
{ "type": "Feature", "properties": { "内容": "デイサービスあすいっぽ【地域密着型通所介護】兵庫県明石市貴崎3丁目2番サンハイツ貴崎2号棟102号", "url": "https://www.kaigokensaku.mhlw.go.jp/28/index.php?action_kouhyou_detail_004_kani=true&JigyosyoCd=2892000817-00&ServiceCd=780&Type=search", "url2": null }, "geometry": { "type": "Point", "coordinates": [ 134.9651619, 34.652835 ] } },
{ "type": "Feature", "properties": { "内容": "あっぷるデイサービス明石西【地域密着型通所介護】兵庫県明石市二見町東二見279-1あっぷる", "url": "https://www.kaigokensaku.mhlw.go.jp/28/index.php?action_kouhyou_detail_004_kani=true&JigyosyoCd=2872004458-00&ServiceCd=780&Type=search", "url2": "http://www.apple-117.jp" }, "geometry": { "type": "Point", "coordinates": [ 134.891707200000013, 34.7013561 ] } },
{ "type": "Feature", "properties": { "内容": "はつらつ館魚住【地域密着型通所介護】兵庫県明石市魚住町錦が丘４丁目１２－８", "url": "https://www.kaigokensaku.mhlw.go.jp/28/index.php?action_kouhyou_detail_004_kani=true&JigyosyoCd=2872001769-00&ServiceCd=780&Type=search", "url2": "http://www.bestwell.co.jp" }, "geometry": { "type": "Point", "coordinates": [ 134.904841600000026, 34.6987925 ] } },
{ "type": "Feature", "properties": { "内容": "デイサービス孫の手【地域密着型通所介護】魚住町住吉1-5-9-103", "url": "https://www.kaigokensaku.mhlw.go.jp/28/index.php?action_kouhyou_detail_004_kani=true&JigyosyoCd=2872002817-00&ServiceCd=780&Type=search", "url2": "http://www.nextftp.com/plazadai77/" }, "geometry": { "type": "Point", "coordinates": [ 134.9054032, 34.6905726 ] } },
{ "type": "Feature", "properties": { "内容": "デイサービス　ふくろう【地域密着型通所介護】明石市貴崎3丁目2番地サンハイツ貴崎2-101サンハイツ貴崎", "url": "https://www.kaigokensaku.mhlw.go.jp/28/index.php?action_kouhyou_detail_004_kani=true&JigyosyoCd=2892000635-00&ServiceCd=780&Type=search", "url2": "http://hp.kaipoke.biz/bht/" }, "geometry": { "type": "Point", "coordinates": [ 134.965613095286017, 34.652676737423363 ] } },
{ "type": "Feature", "properties": { "内容": "あっぷるデイサービス明石【地域密着型通所介護】明石市樽屋町3-11", "url": "https://www.kaigokensaku.mhlw.go.jp/28/index.php?action_kouhyou_detail_004_kani=true&JigyosyoCd=2872002866-00&ServiceCd=780&Type=search", "url2": "http：//www.apple-117.jp/" }, "geometry": { "type": "Point", "coordinates": [ 134.987254600000028, 34.6467337 ] } },
{ "type": "Feature", "properties": { "内容": "デイサービス　マイストーリー【地域密着型通所介護】兵庫県明石市大久保町西島833-5", "url": "https://www.kaigokensaku.mhlw.go.jp/28/index.php?action_kouhyou_detail_004_kani=true&JigyosyoCd=2872003500-00&ServiceCd=780&Type=search", "url2": null }, "geometry": { "type": "Point", "coordinates": [ 134.937460800000053, 34.6756784 ] } },
{ "type": "Feature", "properties": { "内容": "デイサービスセンター縁家【地域密着型通所介護】兵庫県明石市大蔵八幡町4-36", "url": "https://www.kaigokensaku.mhlw.go.jp/28/index.php?action_kouhyou_detail_004_kani=true&JigyosyoCd=2872003542-00&ServiceCd=780&Type=search", "url2": "https://day-enya.com" }, "geometry": { "type": "Point", "coordinates": [ 135.010549787137251, 34.645003102477439 ] } },
{ "type": "Feature", "properties": { "内容": "松が丘すみれ園デイサービスセンター【地域密着型通所介護】松が丘北町1074番地の1", "url": "https://www.kaigokensaku.mhlw.go.jp/28/index.php?action_kouhyou_detail_004_kani=true&JigyosyoCd=2872002965-00&ServiceCd=780&Type=search", "url2": "matsugaoka-sumire@iaa.itkeeper.ne.jp" }, "geometry": { "type": "Point", "coordinates": [ 135.0271927, 34.6610141 ] } },
{ "type": "Feature", "properties": { "内容": "デイサービスセンター元気2【地域密着型通所介護】兵庫県明石市大久保町森田132－5前田ファミリーホーム　　2階", "url": "https://www.kaigokensaku.mhlw.go.jp/28/index.php?action_kouhyou_detail_004_kani=true&JigyosyoCd=2892000585-00&ServiceCd=780&Type=search", "url2": "maeda-clinic-kaigo.jp" }, "geometry": { "type": "Point", "coordinates": [ 134.952087500000061, 34.675556 ] } },
{ "type": "Feature", "properties": { "内容": "デイサービスＣＨＩＡＫＩほおずき明石西【地域密着型通所介護】明石市二見町東二見５７４－８", "url": "https://www.kaigokensaku.mhlw.go.jp/28/index.php?action_kouhyou_detail_004_kani=true&JigyosyoCd=2872001942-00&ServiceCd=780&Type=search", "url2": "http://www.chiaki-hozuki.co.jp" }, "geometry": { "type": "Point", "coordinates": [ 134.89189829999998, 34.7067225 ] } },
{ "type": "Feature", "properties": { "内容": "ティエスひまわりクラブ明石【地域密着型通所介護】兵庫県明石市大蔵町22-7", "url": "https://www.kaigokensaku.mhlw.go.jp/28/index.php?action_kouhyou_detail_004_kani=true&JigyosyoCd=2872002148-00&ServiceCd=780&Type=search", "url2": "http://www.tsplan.co.jp/index.html" }, "geometry": { "type": "Point", "coordinates": [ 135.006147300000066, 34.645629 ] } },
{ "type": "Feature", "properties": { "内容": "ポシブル明海西明石【地域密着型通所介護】兵庫県明石市藤江201", "url": "https://www.kaigokensaku.mhlw.go.jp/28/index.php?action_kouhyou_detail_004_kani=true&JigyosyoCd=2892000874-00&ServiceCd=780&Type=search", "url2": "http://www.meikai.or.jp" }, "geometry": { "type": "Point", "coordinates": [ 134.953871964418028, 34.656262862038389 ] } },
{ "type": "Feature", "properties": { "内容": "デイサービス昭和の隠れ家播磨【地域密着型通所介護】魚住町住吉4丁目16-63", "url": "https://www.kaigokensaku.mhlw.go.jp/28/index.php?action_kouhyou_detail_004_kani=true&JigyosyoCd=2872003963-00&ServiceCd=780&Type=search", "url2": null }, "geometry": { "type": "Point", "coordinates": [ 134.895167600000036, 34.6973259 ] } },
{ "type": "Feature", "properties": { "内容": "エブリイさんよう明石【地域密着型通所介護】太寺大野町２６９４－１", "url": "https://www.kaigokensaku.mhlw.go.jp/28/index.php?action_kouhyou_detail_004_kani=true&JigyosyoCd=2892000759-00&ServiceCd=780&Type=search", "url2": "akasi.sanyo-kaigo.net" }, "geometry": { "type": "Point", "coordinates": [ 135.0051389, 34.6551679 ] } },
{ "type": "Feature", "properties": { "内容": "ステップ宮の上【地域密着型通所介護】兵庫県明石市宮の上2番1号YKハイツ宮の上1階", "url": "https://www.kaigokensaku.mhlw.go.jp/28/index.php?action_kouhyou_detail_004_kani=true&JigyosyoCd=2872003393-00&ServiceCd=780&Type=search", "url2": null }, "geometry": { "type": "Point", "coordinates": [ 134.970861300000024, 34.6532333 ] } },
{ "type": "Feature", "properties": { "内容": "デイサービスセンター高丘のお家【地域密着型通所介護】明石市大久保町高丘２丁目１７番地の５", "url": "https://www.kaigokensaku.mhlw.go.jp/28/index.php?action_kouhyou_detail_004_kani=true&JigyosyoCd=2872001603-00&ServiceCd=780&Type=search", "url2": "http://www.you-and-i-kaigo.com" }, "geometry": { "type": "Point", "coordinates": [ 134.952624749073721, 34.698955114194327 ] } },
{ "type": "Feature", "properties": { "内容": "アシストケア明石【地域密着型通所介護】兵庫県明石市船上町7-23アーバンスクエア102", "url": "https://www.kaigokensaku.mhlw.go.jp/28/index.php?action_kouhyou_detail_004_kani=true&JigyosyoCd=2872003203-00&ServiceCd=780&Type=search", "url2": null }, "geometry": { "type": "Point", "coordinates": [ 134.976261199999954, 34.6468709 ] } },
{ "type": "Feature", "properties": { "内容": "プラス小久保【地域密着型通所介護】兵庫県明石市小久保４丁目８－１６", "url": "https://www.kaigokensaku.mhlw.go.jp/28/index.php?action_kouhyou_detail_004_kani=true&JigyosyoCd=2872003948-00&ServiceCd=780&Type=search", "url2": "http://www.plus-riha.com/" }, "geometry": { "type": "Point", "coordinates": [ 134.960531100000054, 34.673639534624215 ] } },
{ "type": "Feature", "properties": { "内容": "恵泉きずな通所介護事業【地域密着型通所介護】兵庫県明石市魚住町西岡370-9", "url": "https://www.kaigokensaku.mhlw.go.jp/28/index.php?action_kouhyou_detail_004_kani=true&JigyosyoCd=2892000510-00&ServiceCd=780&Type=search", "url2": "http://www.akshi-keisen.com" }, "geometry": { "type": "Point", "coordinates": [ 134.9122992, 34.6999453 ] } },
{ "type": "Feature", "properties": { "内容": "デイサービスセンター散歩道【地域密着型通所介護】明石市西明石西町2丁目17-30", "url": "https://www.kaigokensaku.mhlw.go.jp/28/index.php?action_kouhyou_detail_004_kani=true&JigyosyoCd=2872001447-00&ServiceCd=780&Type=search", "url2": null }, "geometry": { "type": "Point", "coordinates": [ 134.954201, 34.6693101 ] } },
{ "type": "Feature", "properties": { "内容": "デイサービスセンターきっと【地域密着型通所介護】兵庫県明石市西明石町4丁目4-7", "url": "https://www.kaigokensaku.mhlw.go.jp/28/index.php?action_kouhyou_detail_004_kani=true&JigyosyoCd=2892000692-00&ServiceCd=780&Type=search", "url2": null }, "geometry": { "type": "Point", "coordinates": [ 134.9688802, 34.6640292 ] } },
{ "type": "Feature", "properties": { "内容": "デイサービスセンター普通電車【地域密着型通所介護】兵庫県明石市二見町東二見842-3", "url": "https://www.kaigokensaku.mhlw.go.jp/28/index.php?action_kouhyou_detail_004_kani=true&JigyosyoCd=2892000932-00&ServiceCd=780&Type=search", "url2": null }, "geometry": { "type": "Point", "coordinates": [ 134.8879971, 34.7029485 ] } },
{ "type": "Feature", "properties": { "内容": "ぷらす【地域密着型通所介護】兵庫県明石市立石２丁目５－１１", "url": "https://www.kaigokensaku.mhlw.go.jp/28/index.php?action_kouhyou_detail_004_kani=true&JigyosyoCd=2892000981-00&ServiceCd=780&Type=search", "url2": "https://www.getounohana.com/plus" }, "geometry": { "type": "Point", "coordinates": [ 134.970181, 34.651168 ] } },
{ "type": "Feature", "properties": { "内容": "リハビリデイサービスnagomi西明石店【地域密着型通所介護】兵庫県明石市小久保4丁目12番地6号", "url": "https://www.kaigokensaku.mhlw.go.jp/28/index.php?action_kouhyou_detail_004_kani=true&JigyosyoCd=2892000650-00&ServiceCd=780&Type=search", "url2": "www.my-nagomi.com" }, "geometry": { "type": "Point", "coordinates": [ 134.959944299999989, 34.6740422 ] } },
{ "type": "Feature", "properties": { "内容": "ピーチデイサービス魚住【地域密着型通所介護】兵庫県明石市魚住町長坂寺440-4魚住平野ビル1階", "url": "https://www.kaigokensaku.mhlw.go.jp/28/index.php?action_kouhyou_detail_004_kani=true&JigyosyoCd=2892000700-00&ServiceCd=780&Type=search", "url2": "https://momokichi2011.com/" }, "geometry": { "type": "Point", "coordinates": [ 134.9125261, 34.6989394 ] } },
{ "type": "Feature", "properties": { "内容": "デイサービスいろは【地域密着型通所介護】兵庫県西宮市上之町17-9", "url": "https://www.kaigokensaku.mhlw.go.jp/28/index.php?action_kouhyou_detail_004_kani=true&JigyosyoCd=2890900489-00&ServiceCd=780&Type=search", "url2": null }, "geometry": { "type": "Point", "coordinates": [ 135.368945, 34.7528815 ] } },
{ "type": "Feature", "properties": { "内容": "ホスポ甲子園口【地域密着型通所介護】兵庫県西宮市甲子園口2-21-17ハイネス甲子園口1F", "url": "https://www.kaigokensaku.mhlw.go.jp/28/index.php?action_kouhyou_detail_004_kani=true&JigyosyoCd=2870906076-00&ServiceCd=780&Type=search", "url2": null }, "geometry": { "type": "Point", "coordinates": [ 135.3766037, 34.7347169 ] } },
{ "type": "Feature", "properties": { "内容": "ラサンテ【地域密着型通所介護】兵庫県西宮市甲東園3-2-22パークハイム甲東園101", "url": "https://www.kaigokensaku.mhlw.go.jp/28/index.php?action_kouhyou_detail_004_kani=true&JigyosyoCd=2890900638-00&ServiceCd=780&Type=search", "url2": "https://www.lasantekoutouen.com/" }, "geometry": { "type": "Point", "coordinates": [ 135.3597437, 34.7679722 ] } },
{ "type": "Feature", "properties": { "内容": "西宮総合リハビリデイサービス【地域密着型通所介護】兵庫県西宮市津門大箇町10-34セーリオ西宮ルシード　1F", "url": "https://www.kaigokensaku.mhlw.go.jp/28/index.php?action_kouhyou_detail_004_kani=true&JigyosyoCd=2870906092-00&ServiceCd=780&Type=search", "url2": null }, "geometry": { "type": "Point", "coordinates": [ 135.358151899999939, 34.7358526 ] } },
{ "type": "Feature", "properties": { "内容": "西宮総合リハビリデイサービス甲子園【地域密着型通所介護】兵庫県西宮市甲子園一番町2-2", "url": "https://www.kaigokensaku.mhlw.go.jp/28/index.php?action_kouhyou_detail_004_kani=true&JigyosyoCd=2890900711-00&ServiceCd=780&Type=search", "url2": null }, "geometry": { "type": "Point", "coordinates": [ 135.3755813, 34.7326414 ] } },
{ "type": "Feature", "properties": { "内容": "デイサービスセンター　ふくろう【地域密着型通所介護】兵庫県西宮市甲子園浦風町６－２０", "url": "https://www.kaigokensaku.mhlw.go.jp/28/index.php?action_kouhyou_detail_004_kani=true&JigyosyoCd=2870905417-00&ServiceCd=780&Type=search", "url2": "http://hccweb5.bai.ne.jp/fukurou-day/" }, "geometry": { "type": "Point", "coordinates": [ 135.363004600000068, 34.7258894 ] } },
{ "type": "Feature", "properties": { "内容": "デイサービスドレミーナ【地域密着型通所介護】兵庫県西宮市城ヶ堀町3-18", "url": "https://www.kaigokensaku.mhlw.go.jp/28/index.php?action_kouhyou_detail_004_kani=true&JigyosyoCd=2870903677-00&ServiceCd=780&Type=search", "url2": "http://www.doremina.jp/" }, "geometry": { "type": "Point", "coordinates": [ 135.339595, 34.742235800000017 ] } },
{ "type": "Feature", "properties": { "内容": "絵本美術館【地域密着型通所介護】西宮市川添町13番24号", "url": "https://www.kaigokensaku.mhlw.go.jp/28/index.php?action_kouhyou_detail_004_kani=true&JigyosyoCd=2870904436-00&ServiceCd=780&Type=search", "url2": null }, "geometry": { "type": "Point", "coordinates": [ 135.329909899999961, 34.7304162 ] } },
{ "type": "Feature", "properties": { "内容": "オアシス西宮リハビリデイサービスセンター【地域密着型通所介護】兵庫県西宮市江上町8-21", "url": "https://www.kaigokensaku.mhlw.go.jp/28/index.php?action_kouhyou_detail_004_kani=true&JigyosyoCd=2890900299-00&ServiceCd=780&Type=search", "url2": "http://ja-oasis.com" }, "geometry": { "type": "Point", "coordinates": [ 135.3397033, 34.7411294 ] } },
{ "type": "Feature", "properties": { "内容": "アルクゼデイサービスセンター浜甲子園【地域密着型通所介護】兵庫県西宮市浜甲子園2-8-14-113", "url": "https://www.kaigokensaku.mhlw.go.jp/28/index.php?action_kouhyou_detail_004_kani=true&JigyosyoCd=2890900687-00&ServiceCd=780&Type=search", "url2": "http://hp.kaipoke.biz/4az" }, "geometry": { "type": "Point", "coordinates": [ 135.3555719, 34.7146515 ] } },
{ "type": "Feature", "properties": { "内容": "兵庫県西宮市柳本町8ー9【地域密着型通所介護】兵庫県西宮市柳本町８ー9", "url": "https://www.kaigokensaku.mhlw.go.jp/28/index.php?action_kouhyou_detail_004_kani=true&JigyosyoCd=2870904261-00&ServiceCd=780&Type=search", "url2": "kimama@bz03.plala.or.jp" }, "geometry": { "type": "Point", "coordinates": [ 135.343830700000012, 34.7481675 ] } },
{ "type": "Feature", "properties": { "内容": "南甲子園デイサービス【地域密着型通所介護】兵庫県西宮市南甲子園2丁目13番17号", "url": "https://www.kaigokensaku.mhlw.go.jp/28/index.php?action_kouhyou_detail_004_kani=true&JigyosyoCd=2870902430-00&ServiceCd=780&Type=search", "url2": null }, "geometry": { "type": "Point", "coordinates": [ 135.3545054, 34.7186286 ] } },
{ "type": "Feature", "properties": { "内容": "江原デイサービスセンター【地域密着型通所介護】兵庫県西宮市二見町9番17号江原医院2F", "url": "https://www.kaigokensaku.mhlw.go.jp/28/index.php?action_kouhyou_detail_004_kani=true&JigyosyoCd=2870902745-00&ServiceCd=780&Type=search", "url2": null }, "geometry": { "type": "Point", "coordinates": [ 135.373488740183006, 34.740953616340995 ] } },
{ "type": "Feature", "properties": { "内容": "あずまリハビリアカデミー【地域密着型通所介護】兵庫県西宮市松原町4番12号", "url": "https://www.kaigokensaku.mhlw.go.jp/28/index.php?action_kouhyou_detail_004_kani=true&JigyosyoCd=2870903966-00&ServiceCd=780&Type=search", "url2": "http://www.azuma-cm.com" }, "geometry": { "type": "Point", "coordinates": [ 135.348130399999945, 34.7372661 ] } },
{ "type": "Feature", "properties": { "内容": "甲子園口リハビリデイサービス【地域密着型通所介護】西宮市甲子園口北町６番１９号", "url": "https://www.kaigokensaku.mhlw.go.jp/28/index.php?action_kouhyou_detail_004_kani=true&JigyosyoCd=2870904279-00&ServiceCd=780&Type=search", "url2": "http://k-rehaday.com/" }, "geometry": { "type": "Point", "coordinates": [ 135.3782506, 34.739357800000015 ] } },
{ "type": "Feature", "properties": { "内容": "リハビリデイサービスかめハウス【地域密着型通所介護】兵庫県西宮市里中町2-9-29メゾンエズポワール1階", "url": "https://www.kaigokensaku.mhlw.go.jp/28/index.php?action_kouhyou_detail_004_kani=true&JigyosyoCd=2870904907-00&ServiceCd=780&Type=search", "url2": null }, "geometry": { "type": "Point", "coordinates": [ 135.371843099999978, 34.7198445 ] } },
{ "type": "Feature", "properties": { "内容": "夙川デイサービス【地域密着型通所介護】兵庫県西宮市江上町3-18永井ビル", "url": "https://www.kaigokensaku.mhlw.go.jp/28/index.php?action_kouhyou_detail_004_kani=true&JigyosyoCd=2870905235-00&ServiceCd=780&Type=search", "url2": "https://npopegasus.com/" }, "geometry": { "type": "Point", "coordinates": [ 135.340633799999978, 34.7409294 ] } },
{ "type": "Feature", "properties": { "内容": "デイサービスセンター・わ+【地域密着型通所介護】兵庫県西宮市上田西町３－２３", "url": "https://www.kaigokensaku.mhlw.go.jp/28/index.php?action_kouhyou_detail_004_kani=true&JigyosyoCd=2870905300-00&ServiceCd=780&Type=search", "url2": "https://three-cheers.co.jp" }, "geometry": { "type": "Point", "coordinates": [ 135.371411800000033, 34.7110504 ] } },
{ "type": "Feature", "properties": { "内容": "有限会社介護センターひなた【地域密着型通所介護】兵庫県西宮市津門大箇町6-19", "url": "https://www.kaigokensaku.mhlw.go.jp/28/index.php?action_kouhyou_detail_004_kani=true&JigyosyoCd=2870906167-00&ServiceCd=780&Type=search", "url2": "http://www.cc-hinata.sakura.ne.jp/gaiyou.html" }, "geometry": { "type": "Point", "coordinates": [ 135.355865599999987, 34.7344822 ] } },
{ "type": "Feature", "properties": { "内容": "リハビリ＆リラクゼーション特化型　甲子園リハビリデイ【地域密着型通所介護】兵庫県西宮市上甲子園３丁目２番１６号", "url": "https://www.kaigokensaku.mhlw.go.jp/28/index.php?action_kouhyou_detail_004_kani=true&JigyosyoCd=2870906274-00&ServiceCd=780&Type=search", "url2": "http://www.rehabiliday.net" }, "geometry": { "type": "Point", "coordinates": [ 135.365900506151547, 34.734478502965104 ] } },
{ "type": "Feature", "properties": { "内容": "リハビリデイサービスプリューム【地域密着型通所介護】兵庫県西宮市上甲子園3丁目1-15", "url": "https://www.kaigokensaku.mhlw.go.jp/28/index.php?action_kouhyou_detail_004_kani=true&JigyosyoCd=2870906670-00&ServiceCd=780&Type=search", "url2": "http://www.plume-day.co.jp/" }, "geometry": { "type": "Point", "coordinates": [ 135.3661636, 34.734511 ] } },
{ "type": "Feature", "properties": { "内容": "ライフリハビリデイサービス【地域密着型通所介護】下大市東町13-4メープルコート門戸1F", "url": "https://www.kaigokensaku.mhlw.go.jp/28/index.php?action_kouhyou_detail_004_kani=true&JigyosyoCd=2870906688-00&ServiceCd=780&Type=search", "url2": "https://life-rehaday.com/" }, "geometry": { "type": "Point", "coordinates": [ 135.3590878, 34.7584833 ] } },
{ "type": "Feature", "properties": { "内容": "ポラリスデイサービスセンター苦楽園【地域密着型通所介護】兵庫県西宮市豊楽町８－４４", "url": "https://www.kaigokensaku.mhlw.go.jp/28/index.php?action_kouhyou_detail_004_kani=true&JigyosyoCd=2890900356-00&ServiceCd=780&Type=search", "url2": "http://www.polaris.care/" }, "geometry": { "type": "Point", "coordinates": [ 135.32510149999996, 34.7533723 ] } },
{ "type": "Feature", "properties": { "内容": "はんしんいきいきデイサービス　西宮店【地域密着型通所介護】兵庫県西宮市六湛寺町11-18", "url": "https://www.kaigokensaku.mhlw.go.jp/28/index.php?action_kouhyou_detail_004_kani=true&JigyosyoCd=2890900364-00&ServiceCd=780&Type=search", "url2": "https://hankyuhanshin-dayservice.com/" }, "geometry": { "type": "Point", "coordinates": [ 135.341367200000036, 34.7365743 ] } },
{ "type": "Feature", "properties": { "内容": "デイサービスセンター神港園レインボー西宮【地域密着型通所介護】兵庫県西宮市上田西町3-28", "url": "https://www.kaigokensaku.mhlw.go.jp/28/index.php?action_kouhyou_detail_004_kani=true&JigyosyoCd=2890900455-00&ServiceCd=780&Type=search", "url2": "https://shinkouen.or.jp/shisetu/rainbow_nishinomiya.thml" }, "geometry": { "type": "Point", "coordinates": [ 135.3705267, 34.7109169 ] } },
{ "type": "Feature", "properties": { "内容": "樹楽　西宮名来【地域密着型通所介護】兵庫県西宮市山口町名来二丁目２２－１１", "url": "https://www.kaigokensaku.mhlw.go.jp/28/index.php?action_kouhyou_detail_004_kani=true&JigyosyoCd=2890900570-00&ServiceCd=780&Type=search", "url2": "https://orizuru.jbplt.jp/" }, "geometry": { "type": "Point", "coordinates": [ 135.236494, 34.8423993 ] } },
{ "type": "Feature", "properties": { "内容": "リハビリデイサービスつるハウス【地域密着型通所介護】兵庫県西宮市里中町2−9−１ソフィアラフィーネ　１階", "url": "https://www.kaigokensaku.mhlw.go.jp/28/index.php?action_kouhyou_detail_004_kani=true&JigyosyoCd=2890900620-00&ServiceCd=780&Type=search", "url2": "https://arc-shinmon.com/" }, "geometry": { "type": "Point", "coordinates": [ 135.371820899999989, 34.7198908 ] } },
{ "type": "Feature", "properties": { "内容": "アスレチックリハ甲陽園【地域密着型通所介護】兵庫県西宮市甲陽園西山町1-61クリスタル甲陽園１階", "url": "https://www.kaigokensaku.mhlw.go.jp/28/index.php?action_kouhyou_detail_004_kani=true&JigyosyoCd=2890900679-00&ServiceCd=780&Type=search", "url2": null }, "geometry": { "type": "Point", "coordinates": [ 135.329912952778614, 34.761606126725248 ] } },
{ "type": "Feature", "properties": { "内容": "デイサービスM'sstudio西宮小曽根店【地域密着型通所介護】小曽根町2丁目1-29ナイトービル小曽根101", "url": "https://www.kaigokensaku.mhlw.go.jp/28/index.php?action_kouhyou_detail_004_kani=true&JigyosyoCd=2890900745-00&ServiceCd=780&Type=search", "url2": "http://www.dayservice-msstudio.co.jp" }, "geometry": { "type": "Point", "coordinates": [ 135.3763343, 34.7304369 ] } },
{ "type": "Feature", "properties": { "内容": "デイサービスけんと【地域密着型通所介護】兵庫県西宮市上甲子園4-11-34", "url": "https://www.kaigokensaku.mhlw.go.jp/28/index.php?action_kouhyou_detail_004_kani=true&JigyosyoCd=2890900778-00&ServiceCd=780&Type=search", "url2": null }, "geometry": { "type": "Point", "coordinates": [ 135.3614637, 34.7332408 ] } },
{ "type": "Feature", "properties": { "内容": "機能訓練特化型デイサービス　アマミリハプラス【地域密着型通所介護】兵庫県西宮市鳴尾町1-21-16高平マンション105.106", "url": "https://www.kaigokensaku.mhlw.go.jp/28/index.php?action_kouhyou_detail_004_kani=true&JigyosyoCd=2890900794-00&ServiceCd=780&Type=search", "url2": "https://amamirehaplus.wixsite.com/my-site" }, "geometry": { "type": "Point", "coordinates": [ 135.373070399999989, 34.7154936 ] } },
{ "type": "Feature", "properties": { "内容": "株式会社ビーナス　ビーナスプラス甲東園【地域密着型通所介護】兵庫県西宮市一里山町9－7小松ビル1階", "url": "https://www.kaigokensaku.mhlw.go.jp/28/index.php?action_kouhyou_detail_004_kani=true&JigyosyoCd=2890900810-00&ServiceCd=780&Type=search", "url2": "https://www.venus-comrade.co.jp/office/plus_kotoen/" }, "geometry": { "type": "Point", "coordinates": [ 135.3705162, 34.7725267 ] } },
{ "type": "Feature", "properties": { "内容": "ホーミーリハビリデイサービス【地域密着型通所介護】兵庫県西宮市西宮北口町25-171階", "url": "https://www.kaigokensaku.mhlw.go.jp/28/index.php?action_kouhyou_detail_004_kani=true&JigyosyoCd=2890900877-00&ServiceCd=780&Type=search", "url2": "https://one-flat.com/dayservice" }, "geometry": { "type": "Point", "coordinates": [ 135.358065391401681, 34.751556890911679 ] } },
{ "type": "Feature", "properties": { "内容": "さくらのみやこデイサービス武庫川【地域密着型通所介護】武庫川町８－９アプリーレ西宮武庫川１階", "url": "https://www.kaigokensaku.mhlw.go.jp/28/index.php?action_kouhyou_detail_004_kani=true&JigyosyoCd=2890900919-00&ServiceCd=780&Type=search", "url2": "www.sakuranomiyako.jp" }, "geometry": { "type": "Point", "coordinates": [ 135.3785714, 34.715947 ] } },
{ "type": "Feature", "properties": { "内容": "さくらのみやこデイサービス苦楽園【地域密着型通所介護】名次町３－１６　１階", "url": "https://www.kaigokensaku.mhlw.go.jp/28/index.php?action_kouhyou_detail_004_kani=true&JigyosyoCd=2890900927-00&ServiceCd=780&Type=search", "url2": "www.sakuranomiyako.jp" }, "geometry": { "type": "Point", "coordinates": [ 135.331915242922207, 34.749533523186344 ] } },
{ "type": "Feature", "properties": { "内容": "社会福祉法人慈仁会　特別養護老人ホーム山口苑【地域密着型通所介護】兵庫県西宮市山口町下山口1203-1", "url": "https://www.kaigokensaku.mhlw.go.jp/28/index.php?action_kouhyou_detail_004_kani=true&JigyosyoCd=2870900210-00&ServiceCd=780&Type=search", "url2": "http://care-net.biz/28/jininkai/" }, "geometry": { "type": "Point", "coordinates": [ 135.255585900000028, 34.832731699999989 ] } },
{ "type": "Feature", "properties": { "内容": "デイサービスまどかの家【地域密着型通所介護】西宮市樋之池町20-27", "url": "https://www.kaigokensaku.mhlw.go.jp/28/index.php?action_kouhyou_detail_004_kani=true&JigyosyoCd=2870902380-00&ServiceCd=780&Type=search", "url2": "http://madokakaiwai.okoshi-yasu.net/" }, "geometry": { "type": "Point", "coordinates": [ 135.317318800000066, 34.7526306 ] } },
{ "type": "Feature", "properties": { "内容": "清田診療所　デイサービスセンター【地域密着型通所介護】西宮市段上町２丁目１－２８", "url": "https://www.kaigokensaku.mhlw.go.jp/28/index.php?action_kouhyou_detail_004_kani=true&JigyosyoCd=2870902984-00&ServiceCd=780&Type=search", "url2": "http://kiyota-mc.com/" }, "geometry": { "type": "Point", "coordinates": [ 135.363651299999987, 34.7684017 ] } },
{ "type": "Feature", "properties": { "内容": "ぶどうの木　デイサービス【地域密着型通所介護】兵庫県西宮市越水町6番12号", "url": "https://www.kaigokensaku.mhlw.go.jp/28/index.php?action_kouhyou_detail_004_kani=true&JigyosyoCd=2870904626-00&ServiceCd=780&Type=search", "url2": "https://budounokidayservice.com" }, "geometry": { "type": "Point", "coordinates": [ 135.339189, 34.744786200000014 ] } },
{ "type": "Feature", "properties": { "内容": "リセルフリハ西宮北口【地域密着型通所介護】西宮市田代町９－１７クオーレ西宮北口Ⅱ　１階", "url": "https://www.kaigokensaku.mhlw.go.jp/28/index.php?action_kouhyou_detail_004_kani=true&JigyosyoCd=2870904659-00&ServiceCd=780&Type=search", "url2": "https://www.reself.world" }, "geometry": { "type": "Point", "coordinates": [ 135.363554211917062, 34.74484693201461 ] } },
{ "type": "Feature", "properties": { "内容": "絆ひだまりの会　門戸厄神の家【地域密着型通所介護】兵庫県西宮市能登町3-5", "url": "https://www.kaigokensaku.mhlw.go.jp/28/index.php?action_kouhyou_detail_004_kani=true&JigyosyoCd=2870904725-00&ServiceCd=780&Type=search", "url2": null }, "geometry": { "type": "Point", "coordinates": [ 135.3517196, 34.7501936 ] } },
{ "type": "Feature", "properties": { "内容": "デイサービスきらめき【地域密着型通所介護】兵庫県西宮市山口町上山口３丁目１９－１６", "url": "https://www.kaigokensaku.mhlw.go.jp/28/index.php?action_kouhyou_detail_004_kani=true&JigyosyoCd=2870905383-00&ServiceCd=780&Type=search", "url2": "https://ayuzu.net" }, "geometry": { "type": "Point", "coordinates": [ 135.251050500000019, 34.8245353 ] } },
{ "type": "Feature", "properties": { "内容": "リハビリデイサービス爽快俱楽部【地域密着型通所介護】兵庫県西宮市中前田町1-31フォルテ山栄101", "url": "https://www.kaigokensaku.mhlw.go.jp/28/index.php?action_kouhyou_detail_004_kani=true&JigyosyoCd=2870905441-00&ServiceCd=780&Type=search", "url2": "http://soukaiclub.com/" }, "geometry": { "type": "Point", "coordinates": [ 135.3424233, 34.7415227 ] } },
{ "type": "Feature", "properties": { "内容": "デイサービスセンターげんきリハ西宮【地域密着型通所介護】城ヶ堀町１－１７サンステラ１０１号", "url": "https://www.kaigokensaku.mhlw.go.jp/28/index.php?action_kouhyou_detail_004_kani=true&JigyosyoCd=2870905466-00&ServiceCd=780&Type=search", "url2": "http://www.sclabo.2010.com" }, "geometry": { "type": "Point", "coordinates": [ 135.340675499999946, 34.7416904 ] } },
{ "type": "Feature", "properties": { "内容": "いまづ聖徳園デイサービスセンター【地域密着型通所介護】兵庫県西宮市今津港町3-11", "url": "https://www.kaigokensaku.mhlw.go.jp/28/index.php?action_kouhyou_detail_004_kani=true&JigyosyoCd=2870905680-00&ServiceCd=780&Type=search", "url2": "http://www.shotokuen.or.jp" }, "geometry": { "type": "Point", "coordinates": [ 135.34975559999998, 34.7226894 ] } },
{ "type": "Feature", "properties": { "内容": "デイサービスセンターつむぎの家【地域密着型通所介護】兵庫県西宮市田中町２番８号", "url": "https://www.kaigokensaku.mhlw.go.jp/28/index.php?action_kouhyou_detail_004_kani=true&JigyosyoCd=2870905979-00&ServiceCd=780&Type=search", "url2": null }, "geometry": { "type": "Point", "coordinates": [ 135.338028400000013, 34.7363187 ] } },
{ "type": "Feature", "properties": { "内容": "ステラ【地域密着型通所介護】松生町7-8", "url": "https://www.kaigokensaku.mhlw.go.jp/28/index.php?action_kouhyou_detail_004_kani=true&JigyosyoCd=2870906258-00&ServiceCd=780&Type=search", "url2": "https://www.syukugawa-stella.com/" }, "geometry": { "type": "Point", "coordinates": [ 135.327423700000054, 34.7460619 ] } },
{ "type": "Feature", "properties": { "内容": "ショートステイ併設デイサービスここあ【地域密着型通所介護】兵庫県西宮市甲子園一番町2-1甲子園ガーデン201号", "url": "https://www.kaigokensaku.mhlw.go.jp/28/index.php?action_kouhyou_detail_004_kani=true&JigyosyoCd=2870906381-00&ServiceCd=780&Type=search", "url2": null }, "geometry": { "type": "Point", "coordinates": [ 135.375467599999979, 34.7326723 ] } },
{ "type": "Feature", "properties": { "内容": "リンクケアあゆみ【地域密着型通所介護】兵庫県西宮市山口町上山口３丁目２１－１５", "url": "https://www.kaigokensaku.mhlw.go.jp/28/index.php?action_kouhyou_detail_004_kani=true&JigyosyoCd=2890900331-00&ServiceCd=780&Type=search", "url2": "httpss://ayuzu.net" }, "geometry": { "type": "Point", "coordinates": [ 135.251424834918254, 34.825116914349366 ] } },
{ "type": "Feature", "properties": { "内容": "デイサービススイートケア西宮【地域密着型通所介護】兵庫県西宮市甲子園口北町2-6", "url": "https://www.kaigokensaku.mhlw.go.jp/28/index.php?action_kouhyou_detail_004_kani=true&JigyosyoCd=2890900497-00&ServiceCd=780&Type=search", "url2": null }, "geometry": { "type": "Point", "coordinates": [ 135.3753254, 34.7400116 ] } },
{ "type": "Feature", "properties": { "内容": "リセルフリハ南甲子園【地域密着型通所介護】兵庫県西宮市南甲子園2-17-1-101HAURAKI", "url": "https://www.kaigokensaku.mhlw.go.jp/28/index.php?action_kouhyou_detail_004_kani=true&JigyosyoCd=2890900505-00&ServiceCd=780&Type=search", "url2": "http://hp.kaipoke.biz/1rk/index.html" }, "geometry": { "type": "Point", "coordinates": [ 135.353552900000011, 34.7185034 ] } },
{ "type": "Feature", "properties": { "内容": "リハトレデイサービスTAKADA【地域密着型通所介護】里中町3丁目7-13", "url": "https://www.kaigokensaku.mhlw.go.jp/28/index.php?action_kouhyou_detail_004_kani=true&JigyosyoCd=2890900307-00&ServiceCd=780&Type=search", "url2": "https://www.day-takada.com/" }, "geometry": { "type": "Point", "coordinates": [ 135.3717475, 34.7208006 ] } },
{ "type": "Feature", "properties": { "内容": "デイサービスマザーハウスEBISU【地域密着型通所介護】兵庫県西宮市本町12-10本町アパートメント101", "url": "https://www.kaigokensaku.mhlw.go.jp/28/index.php?action_kouhyou_detail_004_kani=true&JigyosyoCd=2870904394-00&ServiceCd=780&Type=search", "url2": null }, "geometry": { "type": "Point", "coordinates": [ 135.340198987296986, 34.734105597216775 ] } },
{ "type": "Feature", "properties": { "内容": "スタジオポルテ夙川公園【地域密着型通所介護】御茶家所町2-14プリマヴェーラ夙川203", "url": "https://www.kaigokensaku.mhlw.go.jp/28/index.php?action_kouhyou_detail_004_kani=true&JigyosyoCd=2870904733-00&ServiceCd=780&Type=search", "url2": "http://studioporte.jimdo.com/" }, "geometry": { "type": "Point", "coordinates": [ 135.328115499999967, 34.7377488 ] } },
{ "type": "Feature", "properties": { "内容": "マリンデイ西宮【地域密着型通所介護】兵庫県西宮市西宮市西波止町1-2ウインドワードオーシャンクラブ2F", "url": "https://www.kaigokensaku.mhlw.go.jp/28/index.php?action_kouhyou_detail_004_kani=true&JigyosyoCd=2870904899-00&ServiceCd=780&Type=search", "url2": "https://marineday.jimdo.com/" }, "geometry": { "type": "Point", "coordinates": [ 135.334953463893157, 34.723392390510803 ] } },
{ "type": "Feature", "properties": { "内容": "ほほえみの郷デイサービスセンター【地域密着型通所介護】兵庫県西宮市五月ヶ丘12-9", "url": "https://www.kaigokensaku.mhlw.go.jp/28/index.php?action_kouhyou_detail_004_kani=true&JigyosyoCd=2870905128-00&ServiceCd=780&Type=search", "url2": null }, "geometry": { "type": "Point", "coordinates": [ 135.338348148172912, 34.758724558378631 ] } },
{ "type": "Feature", "properties": { "内容": "デイサービスハピネス夙川【地域密着型通所介護】柏堂町1－８夙川台サンハイツD-1F", "url": "https://www.kaigokensaku.mhlw.go.jp/28/index.php?action_kouhyou_detail_004_kani=true&JigyosyoCd=2870905342-00&ServiceCd=780&Type=search", "url2": null }, "geometry": { "type": "Point", "coordinates": [ 135.315760299999965, 34.7630546 ] } },
{ "type": "Feature", "properties": { "内容": "デイサービスセンターげんきリハ甲子園口【地域密着型通所介護】兵庫県西宮市甲子園口３丁目２０－１プラネスーペリア甲子園口１０１号室", "url": "https://www.kaigokensaku.mhlw.go.jp/28/index.php?action_kouhyou_detail_004_kani=true&JigyosyoCd=2870906027-00&ServiceCd=780&Type=search", "url2": "http://www.sclabo2010.com" }, "geometry": { "type": "Point", "coordinates": [ 135.3725895, 34.736109326854063 ] } },
{ "type": "Feature", "properties": { "内容": "デイサービスまごころ【地域密着型通所介護】兵庫県西宮市青葉台2丁目2-10", "url": "https://www.kaigokensaku.mhlw.go.jp/28/index.php?action_kouhyou_detail_004_kani=true&JigyosyoCd=2870906241-00&ServiceCd=780&Type=search", "url2": null }, "geometry": { "type": "Point", "coordinates": [ 135.3216718, 34.8221082 ] } },
{ "type": "Feature", "properties": { "内容": "小松南の家【地域密着型通所介護】小松南町2-1-21", "url": "https://www.kaigokensaku.mhlw.go.jp/28/index.php?action_kouhyou_detail_004_kani=true&JigyosyoCd=2890900836-00&ServiceCd=780&Type=search", "url2": null }, "geometry": { "type": "Point", "coordinates": [ 135.378562, 34.7216893 ] } },
{ "type": "Feature", "properties": { "内容": "LET'Sリハ西宮今津【地域密着型通所介護】兵庫県西宮市津門川町10-18G-RAPPORT西宮1階", "url": "https://www.kaigokensaku.mhlw.go.jp/28/index.php?action_kouhyou_detail_004_kani=true&JigyosyoCd=2890900869-00&ServiceCd=780&Type=search", "url2": "https://www.sakurajyuji.jp/" }, "geometry": { "type": "Point", "coordinates": [ 135.3495035, 34.731495 ] } },
{ "type": "Feature", "properties": { "内容": "デイサービスほのぼの【地域密着型通所介護】兵庫県西宮市森下町327－103", "url": "https://www.kaigokensaku.mhlw.go.jp/28/index.php?action_kouhyou_detail_004_kani=true&JigyosyoCd=2870905623-00&ServiceCd=780&Type=search", "url2": null }, "geometry": { "type": "Point", "coordinates": [ 135.3493135, 34.744296 ] } },
{ "type": "Feature", "properties": { "内容": "デイサービスセンターらいふ西宮【地域密着型通所介護】兵庫県西宮市中須佐町4番3号", "url": "https://www.kaigokensaku.mhlw.go.jp/28/index.php?action_kouhyou_detail_004_kani=true&JigyosyoCd=2870904808-00&ServiceCd=780&Type=search", "url2": "http://www.life-kaigo.net/nishinomiya/" }, "geometry": { "type": "Point", "coordinates": [ 135.3447251, 34.7438348 ] } },
{ "type": "Feature", "properties": { "内容": "天道の家【地域密着型通所介護】天道町16-18", "url": "https://www.kaigokensaku.mhlw.go.jp/28/index.php?action_kouhyou_detail_004_kani=true&JigyosyoCd=2870906753-00&ServiceCd=780&Type=search", "url2": "https://chiikinoie.com/guide/05/" }, "geometry": { "type": "Point", "coordinates": [ 135.3689266, 34.7408767 ] } },
{ "type": "Feature", "properties": { "内容": "アイビーメディカル(株)山口すみれビレッジ【地域密着型通所介護】兵庫県西宮市山口町下山口4丁目18-7", "url": "https://www.kaigokensaku.mhlw.go.jp/28/index.php?action_kouhyou_detail_004_kani=true&JigyosyoCd=2870903529-00&ServiceCd=780&Type=search", "url2": "http://www.sumire.or.jp/" }, "geometry": { "type": "Point", "coordinates": [ 135.238054599999941, 34.8308203 ] } },
{ "type": "Feature", "properties": { "内容": "Garden（ガーデン）えびす【地域密着型通所介護】兵庫県西宮市本町11-27", "url": "https://www.kaigokensaku.mhlw.go.jp/28/index.php?action_kouhyou_detail_004_kani=true&JigyosyoCd=2870904758-00&ServiceCd=780&Type=search", "url2": "http://www.garden-ebisu.com" }, "geometry": { "type": "Point", "coordinates": [ 135.338789600000041, 34.7344578 ] } },
{ "type": "Feature", "properties": { "内容": "レコードブック西宮室川【地域密着型通所介護】兵庫県西宮市室川町１－２０ニューフタバＥブロック", "url": "https://www.kaigokensaku.mhlw.go.jp/28/index.php?action_kouhyou_detail_004_kani=true&JigyosyoCd=2890900414-00&ServiceCd=780&Type=search", "url2": "https://www.recordbook.jp/facility/nishinomiyamurokawa/" }, "geometry": { "type": "Point", "coordinates": [ 135.3423927, 34.7437951 ] } },
{ "type": "Feature", "properties": { "内容": "ハッピーデイサービス【地域密着型通所介護】久保町10-4", "url": "https://www.kaigokensaku.mhlw.go.jp/28/index.php?action_kouhyou_detail_004_kani=true&JigyosyoCd=2870906365-00&ServiceCd=780&Type=search", "url2": null }, "geometry": { "type": "Point", "coordinates": [ 139.6095219, 35.4515906 ] } },
{ "type": "Feature", "properties": { "内容": "樹楽　甲東園【地域密着型通所介護】兵庫県西宮市甲東園２丁目７番１９号", "url": "https://www.kaigokensaku.mhlw.go.jp/28/index.php?action_kouhyou_detail_004_kani=true&JigyosyoCd=2870906332-00&ServiceCd=780&Type=search", "url2": null }, "geometry": { "type": "Point", "coordinates": [ 135.362751300000014, 34.7697071 ] } },
{ "type": "Feature", "properties": { "内容": "津門川デイサービス【地域密着型通所介護】兵庫県西宮市津門川町2-12", "url": "https://www.kaigokensaku.mhlw.go.jp/28/index.php?action_kouhyou_detail_004_kani=true&JigyosyoCd=2890900547-00&ServiceCd=780&Type=search", "url2": "https://npopegasus.com/" }, "geometry": { "type": "Point", "coordinates": [ 135.347178052778645, 34.733942206671877 ] } },
{ "type": "Feature", "properties": { "内容": "アワジリハビリデイサービス【地域密着型通所介護】兵庫県洲本市宇原５８７－３", "url": "https://www.kaigokensaku.mhlw.go.jp/28/index.php?action_kouhyou_detail_004_kani=true&JigyosyoCd=2871500639-00&ServiceCd=780&Type=search", "url2": null }, "geometry": { "type": "Point", "coordinates": [ 134.869999499999949, 34.3341264 ] } },
{ "type": "Feature", "properties": { "内容": "アワジデイサービスセンター【地域密着型通所介護】兵庫県洲本市桑間２７４－１", "url": "https://www.kaigokensaku.mhlw.go.jp/28/index.php?action_kouhyou_detail_004_kani=true&JigyosyoCd=2891500189-00&ServiceCd=780&Type=search", "url2": null }, "geometry": { "type": "Point", "coordinates": [ 134.872222277909827, 34.34499536671791 ] } },
{ "type": "Feature", "properties": { "内容": "ケアファーム　ついどはん【地域密着型通所介護】兵庫県洲本市五色町鮎原下511", "url": "https://www.kaigokensaku.mhlw.go.jp/28/index.php?action_kouhyou_detail_004_kani=true&JigyosyoCd=2891500221-00&ServiceCd=780&Type=search", "url2": null }, "geometry": { "type": "Point", "coordinates": [ 134.8284155, 34.4021102 ] } },
{ "type": "Feature", "properties": { "内容": "デイサービスセンターほほえみ上物部【地域密着型通所介護】上物部1丁目2番16号", "url": "https://www.kaigokensaku.mhlw.go.jp/28/index.php?action_kouhyou_detail_004_kani=true&JigyosyoCd=2891500270-00&ServiceCd=780&Type=search", "url2": "https://day-hohoemi.com/" }, "geometry": { "type": "Point", "coordinates": [ 134.889498300000014, 34.3343946 ] } },
{ "type": "Feature", "properties": { "内容": "デイサービスさくら【地域密着型通所介護】兵庫県洲本市五色町鳥飼浦1777番地1", "url": "https://www.kaigokensaku.mhlw.go.jp/28/index.php?action_kouhyou_detail_004_kani=true&JigyosyoCd=2871500597-00&ServiceCd=780&Type=search", "url2": "http://sakura-kaigo.jp/" }, "geometry": { "type": "Point", "coordinates": [ 134.7576636, 34.3725566 ] } },
{ "type": "Feature", "properties": { "内容": "デイサービスこのゆびとーまれ淡路【地域密着型通所介護】兵庫県洲本市物１丁目１１-９", "url": "https://www.kaigokensaku.mhlw.go.jp/28/index.php?action_kouhyou_detail_004_kani=true&JigyosyoCd=2871500852-00&ServiceCd=780&Type=search", "url2": null }, "geometry": { "type": "Point", "coordinates": [ 134.886540331213382, 34.338045032409553 ] } },
{ "type": "Feature", "properties": { "内容": "デイサービスセンター　桜ヶ丘【地域密着型通所介護】兵庫県洲本市中川原町中川原222-2", "url": "https://www.kaigokensaku.mhlw.go.jp/28/index.php?action_kouhyou_detail_004_kani=true&JigyosyoCd=2871501017-00&ServiceCd=780&Type=search", "url2": "http://hyoufuku.main.jp/" }, "geometry": { "type": "Point", "coordinates": [ 134.8714599, 34.370181 ] } },
{ "type": "Feature", "properties": { "内容": "エビス・リハビリデイサービス【地域密着型通所介護】兵庫県芦屋市海洋町12-3ザ・レジデンス芦屋スイート　アクアテラス棟1F", "url": "https://www.kaigokensaku.mhlw.go.jp/28/index.php?action_kouhyou_detail_004_kani=true&JigyosyoCd=2871001117-00&ServiceCd=780&Type=search", "url2": null }, "geometry": { "type": "Point", "coordinates": [ 135.321536899999955, 34.7135897 ] } },
{ "type": "Feature", "properties": { "内容": "リハビリデイサービス　スマイル【地域密着型通所介護】兵庫県芦屋市大東町11-1", "url": "https://www.kaigokensaku.mhlw.go.jp/28/index.php?action_kouhyou_detail_004_kani=true&JigyosyoCd=2891000156-00&ServiceCd=780&Type=search", "url2": "http://smile03.com/" }, "geometry": { "type": "Point", "coordinates": [ 135.322146061020788, 34.729895036711405 ] } },
{ "type": "Feature", "properties": { "内容": "はんしんいきいきデイサービス芦屋店【地域密着型通所介護】兵庫県芦屋市春日町8-4プランタン芦屋101", "url": "https://www.kaigokensaku.mhlw.go.jp/28/index.php?action_kouhyou_detail_004_kani=true&JigyosyoCd=2891000131-00&ServiceCd=780&Type=search", "url2": "https://hankyuhanshin-dayservice.com/" }, "geometry": { "type": "Point", "coordinates": [ 135.317904995106574, 34.734339859458295 ] } },
{ "type": "Feature", "properties": { "内容": "合同会社　ゆいの浜【地域密着型通所介護】高浜町6-1　1階", "url": "https://www.kaigokensaku.mhlw.go.jp/28/index.php?action_kouhyou_detail_004_kani=true&JigyosyoCd=2871001125-00&ServiceCd=780&Type=search", "url2": null }, "geometry": { "type": "Point", "coordinates": [ 135.31653567697461, 34.720367106793617 ] } },
{ "type": "Feature", "properties": { "内容": "Let'sリハ芦屋【地域密着型通所介護】兵庫県芦屋市松ノ内町3-2APRICITY芦屋1階", "url": "https://www.kaigokensaku.mhlw.go.jp/28/index.php?action_kouhyou_detail_004_kani=true&JigyosyoCd=2891000149-00&ServiceCd=780&Type=search", "url2": "http://www.sakurajyuji.jp" }, "geometry": { "type": "Point", "coordinates": [ 135.3036028, 34.733947 ] } },
{ "type": "Feature", "properties": { "内容": "ルミエール【地域密着型通所介護】兵庫県芦屋市高浜町1番7号高浜町ライフサポートステーション3階", "url": "https://www.kaigokensaku.mhlw.go.jp/28/index.php?action_kouhyou_detail_004_kani=true&JigyosyoCd=2891000164-00&ServiceCd=780&Type=search", "url2": "https://yamanokokai.or.jp" }, "geometry": { "type": "Point", "coordinates": [ 135.316149220237719, 34.72387494665287 ] } },
{ "type": "Feature", "properties": { "内容": "フィットネス型デイサービス　ノブレス【地域密着型通所介護】大東町9-1メガロコープ芦屋1階", "url": "https://www.kaigokensaku.mhlw.go.jp/28/index.php?action_kouhyou_detail_004_kani=true&JigyosyoCd=28A1000021-00&ServiceCd=780&Type=search", "url2": null }, "geometry": { "type": "Point", "coordinates": [ 135.321037947221384, 34.7301765528426 ] } },
{ "type": "Feature", "properties": { "内容": "げんき塾　ゆずりは【地域密着型通所介護】兵庫県伊丹市南本町1丁目2-10", "url": "https://www.kaigokensaku.mhlw.go.jp/28/index.php?action_kouhyou_detail_004_kani=true&JigyosyoCd=2873301895-00&ServiceCd=780&Type=search", "url2": "http://www.yuzuriha.co.jp" }, "geometry": { "type": "Point", "coordinates": [ 135.418203799999986, 34.7761405 ] } },
{ "type": "Feature", "properties": { "内容": "デイホームタカさん家【地域密着型通所介護】伊丹市東野1丁目6番地ぐろ～りあ東野", "url": "https://www.kaigokensaku.mhlw.go.jp/28/index.php?action_kouhyou_detail_004_kani=true&JigyosyoCd=2873301507-00&ServiceCd=780&Type=search", "url2": "http://helkyo.com/" }, "geometry": { "type": "Point", "coordinates": [ 135.402814242180625, 34.798990309396189 ] } },
{ "type": "Feature", "properties": { "内容": "デイハウスあすなろ【地域密着型通所介護】伊丹市昆陽６丁目４５番地", "url": "https://www.kaigokensaku.mhlw.go.jp/28/index.php?action_kouhyou_detail_004_kani=true&JigyosyoCd=2873301952-00&ServiceCd=780&Type=search", "url2": null }, "geometry": { "type": "Point", "coordinates": [ 135.397956, 34.779331700000014 ] } },
{ "type": "Feature", "properties": { "内容": "アップデイサービス瑞ケ丘【地域密着型通所介護】兵庫県伊丹市瑞ケ丘4丁目13-1グランドハイツ栄伸102", "url": "https://www.kaigokensaku.mhlw.go.jp/28/index.php?action_kouhyou_detail_004_kani=true&JigyosyoCd=2893300430-00&ServiceCd=780&Type=search", "url2": "http://hp.kaipoke.biz/dvy/" }, "geometry": { "type": "Point", "coordinates": [ 135.3948949, 34.7921296 ] } },
{ "type": "Feature", "properties": { "内容": "ビーナスプラス伊丹春日丘【地域密着型通所介護】兵庫県伊丹市春日丘3丁目1-1", "url": "https://www.kaigokensaku.mhlw.go.jp/28/index.php?action_kouhyou_detail_004_kani=true&JigyosyoCd=2893300604-00&ServiceCd=780&Type=search", "url2": "https://dp-itami.venus-comrade.co.jp/" }, "geometry": { "type": "Point", "coordinates": [ 135.41423714047545, 34.79008284093883 ] } },
{ "type": "Feature", "properties": { "内容": "LDKデイサービス行基【地域密着型通所介護】兵庫県伊丹市行基町３丁目５５－２", "url": "https://www.kaigokensaku.mhlw.go.jp/28/index.php?action_kouhyou_detail_004_kani=true&JigyosyoCd=2893300414-00&ServiceCd=780&Type=search", "url2": null }, "geometry": { "type": "Point", "coordinates": [ 135.408093, 34.7786271 ] } },
{ "type": "Feature", "properties": { "内容": "デイサービスセンター　はる和い【地域密着型通所介護】兵庫県伊丹市春日丘2丁目56番地3", "url": "https://www.kaigokensaku.mhlw.go.jp/28/index.php?action_kouhyou_detail_004_kani=true&JigyosyoCd=2873301101-00&ServiceCd=780&Type=search", "url2": null }, "geometry": { "type": "Point", "coordinates": [ 135.412865399999987, 34.7883501 ] } },
{ "type": "Feature", "properties": { "内容": "陽だまりの家【地域密着型通所介護】兵庫県伊丹市荒牧南１－１－１", "url": "https://www.kaigokensaku.mhlw.go.jp/28/index.php?action_kouhyou_detail_004_kani=true&JigyosyoCd=2873301721-00&ServiceCd=780&Type=search", "url2": null }, "geometry": { "type": "Point", "coordinates": [ 135.379209899999978, 34.8037952 ] } },
{ "type": "Feature", "properties": { "内容": "デイサービスセンター華結【地域密着型通所介護】兵庫県伊丹市荻野西1－2－3", "url": "https://www.kaigokensaku.mhlw.go.jp/28/index.php?action_kouhyou_detail_004_kani=true&JigyosyoCd=2873302885-00&ServiceCd=780&Type=search", "url2": "www.hanayui.info" }, "geometry": { "type": "Point", "coordinates": [ 135.39063950000002, 34.8021096 ] } },
{ "type": "Feature", "properties": { "内容": "グリーンハウス御願塚【地域密着型通所介護】御願塚8-3-3", "url": "https://www.kaigokensaku.mhlw.go.jp/28/index.php?action_kouhyou_detail_004_kani=true&JigyosyoCd=2873303941-00&ServiceCd=780&Type=search", "url2": "http://www.carewish.net" }, "geometry": { "type": "Point", "coordinates": [ 135.4110512, 34.7671237 ] } },
{ "type": "Feature", "properties": { "内容": "リハビリデイ　スミカ【地域密着型通所介護】伊丹市北野２丁目１１０－１－１０２", "url": "https://www.kaigokensaku.mhlw.go.jp/28/index.php?action_kouhyou_detail_004_kani=true&JigyosyoCd=2893300521-00&ServiceCd=780&Type=search", "url2": "https://rehabiliday-sumika.com/company/" }, "geometry": { "type": "Point", "coordinates": [ 135.384376926983663, 34.804792594190154 ] } },
{ "type": "Feature", "properties": { "内容": "テックシステム（株）愛ケアリハビリセンター【地域密着型通所介護】伊丹市昆陽東６丁目１２－２３", "url": "https://www.kaigokensaku.mhlw.go.jp/28/index.php?action_kouhyou_detail_004_kani=true&JigyosyoCd=2873302331-00&ServiceCd=780&Type=search", "url2": "http://www.aicare-center-itami.com/" }, "geometry": { "type": "Point", "coordinates": [ 135.401497400000039, 34.7759905 ] } },
{ "type": "Feature", "properties": { "内容": "リハビリデイそら寺本【地域密着型通所介護】兵庫県伊丹市寺本２－１３", "url": "https://www.kaigokensaku.mhlw.go.jp/28/index.php?action_kouhyou_detail_004_kani=true&JigyosyoCd=2873302745-00&ServiceCd=780&Type=search", "url2": "http://caremind.co.jp/" }, "geometry": { "type": "Point", "coordinates": [ 135.3889127, 34.7764404 ] } },
{ "type": "Feature", "properties": { "内容": "デイサービス　つどい伊丹【地域密着型通所介護】兵庫県伊丹市瑞ケ丘3-24", "url": "https://www.kaigokensaku.mhlw.go.jp/28/index.php?action_kouhyou_detail_004_kani=true&JigyosyoCd=2873302778-00&ServiceCd=780&Type=search", "url2": "http://www.seniorcircle.co.jp/" }, "geometry": { "type": "Point", "coordinates": [ 135.397548899999947, 34.7934474 ] } },
{ "type": "Feature", "properties": { "内容": "リハケア伊丹南【地域密着型通所介護】兵庫県伊丹市野間北3-2-7メゾンイナコ１階", "url": "https://www.kaigokensaku.mhlw.go.jp/28/index.php?action_kouhyou_detail_004_kani=true&JigyosyoCd=2893300422-00&ServiceCd=780&Type=search", "url2": null }, "geometry": { "type": "Point", "coordinates": [ 135.3972202, 34.7685024 ] } },
{ "type": "Feature", "properties": { "内容": "リハビリデイそら新伊丹【地域密着型通所介護】兵庫県伊丹市御願塚7-3-4", "url": "https://www.kaigokensaku.mhlw.go.jp/28/index.php?action_kouhyou_detail_004_kani=true&JigyosyoCd=2893300505-00&ServiceCd=780&Type=search", "url2": "http://caremind.co.jp" }, "geometry": { "type": "Point", "coordinates": [ 135.4105389, 34.7697172 ] } },
{ "type": "Feature", "properties": { "内容": "通所介護事業所ぶる～むデイサービス【地域密着型通所介護】兵庫県伊丹市南野北1丁目3-44南野ローズヴィラ102", "url": "https://www.kaigokensaku.mhlw.go.jp/28/index.php?action_kouhyou_detail_004_kani=true&JigyosyoCd=2873301192-00&ServiceCd=780&Type=search", "url2": null }, "geometry": { "type": "Point", "coordinates": [ 135.4039177, 34.7717166 ] } },
{ "type": "Feature", "properties": { "内容": "オアシス千歳　リハビリデイサービスセンター【地域密着型通所介護】兵庫県伊丹市中央4丁目4-2中央コーポ１階", "url": "https://www.kaigokensaku.mhlw.go.jp/28/index.php?action_kouhyou_detail_004_kani=true&JigyosyoCd=2873302786-00&ServiceCd=780&Type=search", "url2": "oasis.chitose.r@ja-oasis.or.jp" }, "geometry": { "type": "Point", "coordinates": [ 135.415395722395601, 34.778973689040875 ] } },
{ "type": "Feature", "properties": { "内容": "ほねつぎデイサービス鴻池【地域密着型通所介護】鴻池2丁目14-5コメットマンション1F", "url": "https://www.kaigokensaku.mhlw.go.jp/28/index.php?action_kouhyou_detail_004_kani=true&JigyosyoCd=2893300562-00&ServiceCd=780&Type=search", "url2": "https://www.honetsugi-kaigo.com/" }, "geometry": { "type": "Point", "coordinates": [ 135.388871599999987, 34.7959925 ] } },
{ "type": "Feature", "properties": { "内容": "うきうき倶楽部【地域密着型通所介護】荒牧５丁目７－１８", "url": "https://www.kaigokensaku.mhlw.go.jp/28/index.php?action_kouhyou_detail_004_kani=true&JigyosyoCd=2873302067-00&ServiceCd=780&Type=search", "url2": "http://www.hokusetu-fukusi.co.jp/index.html" }, "geometry": { "type": "Point", "coordinates": [ 135.3819734, 34.8097723 ] } },
{ "type": "Feature", "properties": { "内容": "デイサービス　ほほえみＳＰＡ【地域密着型通所介護】兵庫県伊丹市荒牧南4丁目1-73", "url": "https://www.kaigokensaku.mhlw.go.jp/28/index.php?action_kouhyou_detail_004_kani=true&JigyosyoCd=2873303164-00&ServiceCd=780&Type=search", "url2": null }, "geometry": { "type": "Point", "coordinates": [ 135.386334199999965, 34.8058174 ] } },
{ "type": "Feature", "properties": { "内容": "デイサービスおひさま【地域密着型通所介護】兵庫県相生市旭3丁目11-2", "url": "https://www.kaigokensaku.mhlw.go.jp/28/index.php?action_kouhyou_detail_004_kani=true&JigyosyoCd=2874200450-00&ServiceCd=780&Type=search", "url2": "http://daysericeohisama.jimdo.com/" }, "geometry": { "type": "Point", "coordinates": [ 134.471005, 34.8054727 ] } },
{ "type": "Feature", "properties": { "内容": "デイサービスセンター若狭野の里【地域密着型通所介護】兵庫県相生市若狭野町若狭野字芋谷２３４番地１５", "url": "https://www.kaigokensaku.mhlw.go.jp/28/index.php?action_kouhyou_detail_004_kani=true&JigyosyoCd=2894200100-00&ServiceCd=780&Type=search", "url2": "https://www.wakasanonosato.jp/" }, "geometry": { "type": "Point", "coordinates": [ 134.417249, 34.827769 ] } },
{ "type": "Feature", "properties": { "内容": "デイサービス　おおの家【地域密着型通所介護】兵庫県相生市大谷町1-20", "url": "https://www.kaigokensaku.mhlw.go.jp/28/index.php?action_kouhyou_detail_004_kani=true&JigyosyoCd=2874200344-00&ServiceCd=780&Type=search", "url2": null }, "geometry": { "type": "Point", "coordinates": [ 134.476777, 34.797121 ] } },
{ "type": "Feature", "properties": { "内容": "グリーンハウス　指定通所介護事業所【地域密着型通所介護】兵庫県相生市若狭野町雨内800-146", "url": "https://www.kaigokensaku.mhlw.go.jp/28/index.php?action_kouhyou_detail_004_kani=true&JigyosyoCd=2874200112-00&ServiceCd=780&Type=search", "url2": "http:/www.midori-fukushi.com" }, "geometry": { "type": "Point", "coordinates": [ 134.419918300000063, 34.8266251 ] } },
{ "type": "Feature", "properties": { "内容": "有限会社　愛の家【地域密着型通所介護】兵庫県相生市佐方2丁目4番25号", "url": "https://www.kaigokensaku.mhlw.go.jp/28/index.php?action_kouhyou_detail_004_kani=true&JigyosyoCd=2874200260-00&ServiceCd=780&Type=search", "url2": null }, "geometry": { "type": "Point", "coordinates": [ 134.450273422106875, 34.802454400690891 ] } },
{ "type": "Feature", "properties": { "内容": "デイサービスセンター　コーラル汐見【地域密着型通所介護】汐見台３０ー２コスモス寮", "url": "https://www.kaigokensaku.mhlw.go.jp/28/index.php?action_kouhyou_detail_004_kani=true&JigyosyoCd=2874200393-00&ServiceCd=780&Type=search", "url2": null }, "geometry": { "type": "Point", "coordinates": [ 134.486814200000026, 34.8214795 ] } },
{ "type": "Feature", "properties": { "内容": "リハビリ型デイサービスアウル【地域密着型通所介護】兵庫県豊岡市福田1296-1", "url": "https://www.kaigokensaku.mhlw.go.jp/28/index.php?action_kouhyou_detail_004_kani=true&JigyosyoCd=2874401678-00&ServiceCd=780&Type=search", "url2": "lifesupport0321.com" }, "geometry": { "type": "Point", "coordinates": [ 134.7981419, 35.5569074 ] } },
{ "type": "Feature", "properties": { "内容": "リハビリセンターアンドリハ豊岡【地域密着型通所介護】兵庫県豊岡市妙楽寺287", "url": "https://www.kaigokensaku.mhlw.go.jp/28/index.php?action_kouhyou_detail_004_kani=true&JigyosyoCd=2894400312-00&ServiceCd=780&Type=search", "url2": "https://www.ands-care.jp/" }, "geometry": { "type": "Point", "coordinates": [ 134.8168661, 35.5316483 ] } },
{ "type": "Feature", "properties": { "内容": "リハビリデイサービスたけのこ豊岡店【地域密着型通所介護】兵庫県豊岡市中陰302-1", "url": "https://www.kaigokensaku.mhlw.go.jp/28/index.php?action_kouhyou_detail_004_kani=true&JigyosyoCd=2894400247-00&ServiceCd=780&Type=search", "url2": "https://takenoko-rd.jp/toyooka/" }, "geometry": { "type": "Point", "coordinates": [ 134.807821100000012, 35.5492959 ] } },
{ "type": "Feature", "properties": { "内容": "リハビリデイサービス　andReha.【地域密着型通所介護】日高町祢布789-1", "url": "https://www.kaigokensaku.mhlw.go.jp/28/index.php?action_kouhyou_detail_004_kani=true&JigyosyoCd=2894400270-00&ServiceCd=780&Type=search", "url2": "https://www.ands-care.jp" }, "geometry": { "type": "Point", "coordinates": [ 134.7656135, 35.4691238 ] } },
{ "type": "Feature", "properties": { "内容": "デイサービスアウル２号館【地域密着型通所介護】兵庫県豊岡市九日市中町２３４－３", "url": "https://www.kaigokensaku.mhlw.go.jp/28/index.php?action_kouhyou_detail_004_kani=true&JigyosyoCd=2894400262-00&ServiceCd=780&Type=search", "url2": "lifesupport0321.com" }, "geometry": { "type": "Point", "coordinates": [ 134.817417, 35.5258746 ] } },
{ "type": "Feature", "properties": { "内容": "生きがいの郷デイサービス花園新館【地域密着型通所介護】兵庫県豊岡市若松町7-8", "url": "https://www.kaigokensaku.mhlw.go.jp/28/index.php?action_kouhyou_detail_004_kani=true&JigyosyoCd=2874401355-00&ServiceCd=780&Type=search", "url2": "https://www.goodlife-sp.com/" }, "geometry": { "type": "Point", "coordinates": [ 134.814765399999942, 35.5491748 ] } },
{ "type": "Feature", "properties": { "内容": "デイサービスセンター四季の里【地域密着型通所介護】兵庫県豊岡市中陰376-6", "url": "https://www.kaigokensaku.mhlw.go.jp/28/index.php?action_kouhyou_detail_004_kani=true&JigyosyoCd=2874401603-00&ServiceCd=780&Type=search", "url2": null }, "geometry": { "type": "Point", "coordinates": [ 134.807888300000059, 35.5525521 ] } },
{ "type": "Feature", "properties": { "内容": "四季の里ひだか【地域密着型通所介護】兵庫県豊岡市日高町土居160-3", "url": "https://www.kaigokensaku.mhlw.go.jp/28/index.php?action_kouhyou_detail_004_kani=true&JigyosyoCd=2894400288-00&ServiceCd=780&Type=search", "url2": null }, "geometry": { "type": "Point", "coordinates": [ 134.7914587, 35.4825907 ] } },
{ "type": "Feature", "properties": { "内容": "豊岡市社会福祉協議会豊岡港デイサービスセンター【地域密着型通所介護】兵庫県豊岡市気比2435番地", "url": "https://www.kaigokensaku.mhlw.go.jp/28/index.php?action_kouhyou_detail_004_kani=true&JigyosyoCd=2874400530-00&ServiceCd=780&Type=search", "url2": "http://www.toyooka-wel.jp" }, "geometry": { "type": "Point", "coordinates": [ 134.8401034, 35.6349332 ] } },
{ "type": "Feature", "properties": { "内容": "豊岡市社会福祉協議会竹野南デイサービスセンター【地域密着型通所介護】兵庫県豊岡市竹野町森本６３１番地", "url": "https://www.kaigokensaku.mhlw.go.jp/28/index.php?action_kouhyou_detail_004_kani=true&JigyosyoCd=2874400621-00&ServiceCd=780&Type=search", "url2": "http://www.toyooka-wel.jp" }, "geometry": { "type": "Point", "coordinates": [ 134.7312058, 35.5776842 ] } },
{ "type": "Feature", "properties": { "内容": "けやきホールデイサービスセンター【地域密着型通所介護】兵庫県豊岡市但東町太田614", "url": "https://www.kaigokensaku.mhlw.go.jp/28/index.php?action_kouhyou_detail_004_kani=true&JigyosyoCd=2874401389-00&ServiceCd=780&Type=search", "url2": "http://himawari-mission.com/" }, "geometry": { "type": "Point", "coordinates": [ 134.98399859999995, 35.4945971 ] } },
{ "type": "Feature", "properties": { "内容": "リハビリ処　和恩【地域密着型通所介護】兵庫県豊岡市弥栄町1-11", "url": "https://www.kaigokensaku.mhlw.go.jp/28/index.php?action_kouhyou_detail_004_kani=true&JigyosyoCd=2874401686-00&ServiceCd=780&Type=search", "url2": null }, "geometry": { "type": "Point", "coordinates": [ 134.822523, 35.5329432 ] } },
{ "type": "Feature", "properties": { "内容": "にしはらデイサービス花ゆう香【地域密着型通所介護】兵庫県豊岡市九日市中町162-2", "url": "https://www.kaigokensaku.mhlw.go.jp/28/index.php?action_kouhyou_detail_004_kani=true&JigyosyoCd=2874401728-00&ServiceCd=780&Type=search", "url2": null }, "geometry": { "type": "Point", "coordinates": [ 134.820109600000023, 35.5258716 ] } },
{ "type": "Feature", "properties": { "内容": "リハプライド結えん加古川神吉倶楽部【地域密着型通所介護】東神吉町神吉1844-7", "url": "https://www.kaigokensaku.mhlw.go.jp/28/index.php?action_kouhyou_detail_004_kani=true&JigyosyoCd=2892200599-00&ServiceCd=780&Type=search", "url2": "http://www.rehapride.co.jp/yuienkakogawa/" }, "geometry": { "type": "Point", "coordinates": [ 134.83426529999997, 34.8023373 ] } },
{ "type": "Feature", "properties": { "内容": "あひの風【地域密着型通所介護】加古川市野口町坂元88-1", "url": "https://www.kaigokensaku.mhlw.go.jp/28/index.php?action_kouhyou_detail_004_kani=true&JigyosyoCd=2872201237-00&ServiceCd=780&Type=search", "url2": null }, "geometry": { "type": "Point", "coordinates": [ 134.8457075, 34.7578863 ] } },
{ "type": "Feature", "properties": { "内容": "アーチ・デイサービス加古川西【地域密着型通所介護】加古川市東神吉町西井ノ口６３１－４", "url": "https://www.kaigokensaku.mhlw.go.jp/28/index.php?action_kouhyou_detail_004_kani=true&JigyosyoCd=2872202995-00&ServiceCd=780&Type=search", "url2": "http://www.cina.co.jp/" }, "geometry": { "type": "Point", "coordinates": [ 134.817753135008587, 34.784119304496407 ] } },
{ "type": "Feature", "properties": { "内容": "デイサービスセンターいるみね【地域密着型通所介護】兵庫県加古川市平岡町新在家2243-99", "url": "https://www.kaigokensaku.mhlw.go.jp/28/index.php?action_kouhyou_detail_004_kani=true&JigyosyoCd=2892200557-00&ServiceCd=780&Type=search", "url2": null }, "geometry": { "type": "Point", "coordinates": [ 134.877567499999941, 34.7495467 ] } },
{ "type": "Feature", "properties": { "内容": "リハプライド　ワン加古川美乃利【地域密着型通所介護】兵庫県加古川市加古川町美乃利143-5パルメゾン美乃利103", "url": "https://www.kaigokensaku.mhlw.go.jp/28/index.php?action_kouhyou_detail_004_kani=true&JigyosyoCd=2892200458-00&ServiceCd=780&Type=search", "url2": "https://www.rehapride.co.jp/onekakogawa/" }, "geometry": { "type": "Point", "coordinates": [ 134.8498454, 34.7638766 ] } },
{ "type": "Feature", "properties": { "内容": "デイサービスらくらく【地域密着型通所介護】加古川市別府町新野辺1429-98", "url": "https://www.kaigokensaku.mhlw.go.jp/28/index.php?action_kouhyou_detail_004_kani=true&JigyosyoCd=2872203399-00&ServiceCd=780&Type=search", "url2": null }, "geometry": { "type": "Point", "coordinates": [ 134.8353357, 34.7309358 ] } },
{ "type": "Feature", "properties": { "内容": "アーチ・デイサービス野口【地域密着型通所介護】加古川市野口町坂元138-2", "url": "https://www.kaigokensaku.mhlw.go.jp/28/index.php?action_kouhyou_detail_004_kani=true&JigyosyoCd=2872202318-00&ServiceCd=780&Type=search", "url2": "http://www.cina.co.jp/" }, "geometry": { "type": "Point", "coordinates": [ 134.839663800000039, 34.7554865 ] } },
{ "type": "Feature", "properties": { "内容": "デイサービス昭和の隠れ家加古川【地域密着型通所介護】兵庫県加古川市尾上町長田524-8", "url": "https://www.kaigokensaku.mhlw.go.jp/28/index.php?action_kouhyou_detail_004_kani=true&JigyosyoCd=2892200649-00&ServiceCd=780&Type=search", "url2": null }, "geometry": { "type": "Point", "coordinates": [ 134.824758, 34.7402457 ] } },
{ "type": "Feature", "properties": { "内容": "老人デイサービスセンターさんきゅうあかり【地域密着型通所介護】兵庫県加古川市神野町石守238-1", "url": "https://www.kaigokensaku.mhlw.go.jp/28/index.php?action_kouhyou_detail_004_kani=true&JigyosyoCd=2872201252-00&ServiceCd=780&Type=search", "url2": "http://akari-fukushikai.com" }, "geometry": { "type": "Point", "coordinates": [ 134.874737800000048, 34.7654107 ] } },
{ "type": "Feature", "properties": { "内容": "ヘルスポート尾上【地域密着型通所介護】加古川市尾上町養田160-1", "url": "https://www.kaigokensaku.mhlw.go.jp/28/index.php?action_kouhyou_detail_004_kani=true&JigyosyoCd=2872202474-00&ServiceCd=780&Type=search", "url2": "http://www.apple-117.jp/" }, "geometry": { "type": "Point", "coordinates": [ 134.81727020845949, 34.752441712936715 ] } },
{ "type": "Feature", "properties": { "内容": "デイサービスおらんく【地域密着型通所介護】兵庫県加古川市平岡町新在家716-14東加古川ヤングビル102103号室", "url": "https://www.kaigokensaku.mhlw.go.jp/28/index.php?action_kouhyou_detail_004_kani=true&JigyosyoCd=2872203084-00&ServiceCd=780&Type=search", "url2": null }, "geometry": { "type": "Point", "coordinates": [ 134.860856199999944, 34.7490733 ] } },
{ "type": "Feature", "properties": { "内容": "夢くらぶ【地域密着型通所介護】兵庫県加古川市別府町新野辺５７４－５９", "url": "https://www.kaigokensaku.mhlw.go.jp/28/index.php?action_kouhyou_detail_004_kani=true&JigyosyoCd=2872201062-00&ServiceCd=780&Type=search", "url2": "yumeclub.or.jp" }, "geometry": { "type": "Point", "coordinates": [ 134.838161500000069, 34.7349967 ] } },
{ "type": "Feature", "properties": { "内容": "リハビリステーションマザー【地域密着型通所介護】兵庫県加古川市加古川町西河原138番地1", "url": "https://www.kaigokensaku.mhlw.go.jp/28/index.php?action_kouhyou_detail_004_kani=true&JigyosyoCd=2872203191-00&ServiceCd=780&Type=search", "url2": "http://anpservice.com" }, "geometry": { "type": "Point", "coordinates": [ 134.8210464, 34.769263 ] } },
{ "type": "Feature", "properties": { "内容": "デイサービスＣＨＩＡＫＩほおずき加古川【地域密着型通所介護】加古川市加古川町稲屋890-4", "url": "https://www.kaigokensaku.mhlw.go.jp/28/index.php?action_kouhyou_detail_004_kani=true&JigyosyoCd=2872201047-00&ServiceCd=780&Type=search", "url2": "http://www.chiaki-hozuki.co.jp" }, "geometry": { "type": "Point", "coordinates": [ 134.815733099999989, 34.7623163 ] } },
{ "type": "Feature", "properties": { "内容": "まいるどくらぶ【地域密着型通所介護】兵庫県加古川市東神吉町神吉528-4", "url": "https://www.kaigokensaku.mhlw.go.jp/28/index.php?action_kouhyou_detail_004_kani=true&JigyosyoCd=2872203035-00&ServiceCd=780&Type=search", "url2": "http://hp.kaipoke.biz/4uy/" }, "geometry": { "type": "Point", "coordinates": [ 134.829337731799342, 34.788446219420955 ] } },
{ "type": "Feature", "properties": { "内容": "ぬくもりデイサービス【地域密着型通所介護】兵庫県加古川市加古川町中津８５０－５", "url": "https://www.kaigokensaku.mhlw.go.jp/28/index.php?action_kouhyou_detail_004_kani=true&JigyosyoCd=2892200482-00&ServiceCd=780&Type=search", "url2": "https://nukumori.synnefo.shop" }, "geometry": { "type": "Point", "coordinates": [ 134.849906799999985, 34.7718795 ] } },
{ "type": "Feature", "properties": { "内容": "デイサービスセンターうららか東神吉店【地域密着型通所介護】兵庫県加古川市東神吉町西井ノ口816-7", "url": "https://www.kaigokensaku.mhlw.go.jp/28/index.php?action_kouhyou_detail_004_kani=true&JigyosyoCd=2872203373-00&ServiceCd=780&Type=search", "url2": "https://uraraka-fukushi.com/" }, "geometry": { "type": "Point", "coordinates": [ 134.8235463, 34.7812917 ] } },
{ "type": "Feature", "properties": { "内容": "デイサービス　あすか【地域密着型通所介護】兵庫県加古川市別府町別府609-2", "url": "https://www.kaigokensaku.mhlw.go.jp/28/index.php?action_kouhyou_detail_004_kani=true&JigyosyoCd=2872202888-00&ServiceCd=780&Type=search", "url2": null }, "geometry": { "type": "Point", "coordinates": [ 134.852774, 34.7309611 ] } },
{ "type": "Feature", "properties": { "内容": "リハビリデイサービスちづる【地域密着型通所介護】兵庫県加古川市野口町水足262-73", "url": "https://www.kaigokensaku.mhlw.go.jp/28/index.php?action_kouhyou_detail_004_kani=true&JigyosyoCd=2892200474-00&ServiceCd=780&Type=search", "url2": "http://mankien.com./category02/" }, "geometry": { "type": "Point", "coordinates": [ 134.868955199999959, 34.7608445 ] } },
{ "type": "Feature", "properties": { "内容": "デイサービスいきいき【地域密着型通所介護】兵庫県加古川市東神吉町西井ノ口753-1", "url": "https://www.kaigokensaku.mhlw.go.jp/28/index.php?action_kouhyou_detail_004_kani=true&JigyosyoCd=2892200623-00&ServiceCd=780&Type=search", "url2": "https://sites.google.com/view/arigatoukakogawa" }, "geometry": { "type": "Point", "coordinates": [ 134.821303300000011, 34.784531500000021 ] } },
{ "type": "Feature", "properties": { "内容": "デイサービス憩いの家きらり【地域密着型通所介護】兵庫県加古川市別府町新野辺北町3-62", "url": "https://www.kaigokensaku.mhlw.go.jp/28/index.php?action_kouhyou_detail_004_kani=true&JigyosyoCd=2892200656-00&ServiceCd=780&Type=search", "url2": "https://wellbecare.jp/kirari/" }, "geometry": { "type": "Point", "coordinates": [ 134.838790801852412, 34.736014468124665 ] } },
{ "type": "Feature", "properties": { "内容": "特定非営利活動法人　デイホーム故郷【地域密着型通所介護】加古川市西神吉町大国449－1", "url": "https://www.kaigokensaku.mhlw.go.jp/28/index.php?action_kouhyou_detail_004_kani=true&JigyosyoCd=2872201690-00&ServiceCd=780&Type=search", "url2": null }, "geometry": { "type": "Point", "coordinates": [ 134.817682, 34.7963883 ] } },
{ "type": "Feature", "properties": { "内容": "デイサービス　なないろ館【地域密着型通所介護】兵庫県加古川市別府町新野辺北町5丁目121-2", "url": "https://www.kaigokensaku.mhlw.go.jp/28/index.php?action_kouhyou_detail_004_kani=true&JigyosyoCd=2872202722-00&ServiceCd=780&Type=search", "url2": null }, "geometry": { "type": "Point", "coordinates": [ 134.840882, 34.7393537 ] } },
{ "type": "Feature", "properties": { "内容": "グループ華浜の宮【地域密着型通所介護】別府町新野辺476", "url": "https://www.kaigokensaku.mhlw.go.jp/28/index.php?action_kouhyou_detail_004_kani=true&JigyosyoCd=2872202441-00&ServiceCd=780&Type=search", "url2": "http://group-hana.jp/" }, "geometry": { "type": "Point", "coordinates": [ 134.8368226, 34.7388352 ] } },
{ "type": "Feature", "properties": { "内容": "リハビリデイサービスやわらぎ【地域密着型通所介護】兵庫県加古川市平岡町高畑146-3", "url": "https://www.kaigokensaku.mhlw.go.jp/28/index.php?action_kouhyou_detail_004_kani=true&JigyosyoCd=2872202904-00&ServiceCd=780&Type=search", "url2": null }, "geometry": { "type": "Point", "coordinates": [ 134.87541250000001, 34.7356819 ] } },
{ "type": "Feature", "properties": { "内容": "デイサービスセンター茶居夢【地域密着型通所介護】兵庫県赤穂市東有年1442-8", "url": "https://www.kaigokensaku.mhlw.go.jp/28/index.php?action_kouhyou_detail_004_kani=true&JigyosyoCd=2874300631-00&ServiceCd=780&Type=search", "url2": "http://aozorafukushikai.com/" }, "geometry": { "type": "Point", "coordinates": [ 134.3622638, 34.8188567 ] } },
{ "type": "Feature", "properties": { "内容": "デイサービスセンターわかば【地域密着型通所介護】兵庫県赤穂市坂越1722-20", "url": "https://www.kaigokensaku.mhlw.go.jp/28/index.php?action_kouhyou_detail_004_kani=true&JigyosyoCd=2874300433-00&ServiceCd=780&Type=search", "url2": "https://www.eonet.ne.jp/~ako-wakaba/" }, "geometry": { "type": "Point", "coordinates": [ 134.425942350926249, 34.767049993252606 ] } },
{ "type": "Feature", "properties": { "内容": "赤穂ふるさとデイサービスセンター【地域密着型通所介護】兵庫県赤穂市尾崎4002番地2", "url": "https://www.kaigokensaku.mhlw.go.jp/28/index.php?action_kouhyou_detail_004_kani=true&JigyosyoCd=2874300607-00&ServiceCd=780&Type=search", "url2": "http://ako-furusato.sakura.ne.jp/" }, "geometry": { "type": "Point", "coordinates": [ 134.396348, 34.740444 ] } },
{ "type": "Feature", "properties": { "内容": "宅老所りんくす【地域密着型通所介護】兵庫県赤穂市高雄1724-1宅老所りんくす", "url": "https://www.kaigokensaku.mhlw.go.jp/28/index.php?action_kouhyou_detail_004_kani=true&JigyosyoCd=2894300058-00&ServiceCd=780&Type=search", "url2": null }, "geometry": { "type": "Point", "coordinates": [ 134.4112251, 34.7975548 ] } },
{ "type": "Feature", "properties": { "内容": "デイサービスセンター　櫂のつどい【地域密着型通所介護】兵庫県赤穂市浜市950番地", "url": "https://www.kaigokensaku.mhlw.go.jp/28/index.php?action_kouhyou_detail_004_kani=true&JigyosyoCd=2874300623-00&ServiceCd=780&Type=search", "url2": "http://www.hakuho.or.jp/genbukai" }, "geometry": { "type": "Point", "coordinates": [ 134.421103598769349, 34.76878380907484 ] } },
{ "type": "Feature", "properties": { "内容": "指定通所介護事業所　もくれん【地域密着型通所介護】兵庫県西脇市高田井町253－19", "url": "https://www.kaigokensaku.mhlw.go.jp/28/index.php?action_kouhyou_detail_004_kani=true&JigyosyoCd=2871800229-00&ServiceCd=780&Type=search", "url2": null }, "geometry": { "type": "Point", "coordinates": [ 134.967341600000026, 34.9916386 ] } },
{ "type": "Feature", "properties": { "内容": "デイホームわらべ【地域密着型通所介護】兵庫県西脇市黒田庄町岡1068-49", "url": "https://www.kaigokensaku.mhlw.go.jp/28/index.php?action_kouhyou_detail_004_kani=true&JigyosyoCd=2891800100-00&ServiceCd=780&Type=search", "url2": "http://hp.kaipoke.biz/pr1/" }, "geometry": { "type": "Point", "coordinates": [ 134.996375300000011, 35.02019 ] } },
{ "type": "Feature", "properties": { "内容": "デイサービスセンターあげほ【地域密着型通所介護】兵庫県西脇市寺内４９２番地1", "url": "https://www.kaigokensaku.mhlw.go.jp/28/index.php?action_kouhyou_detail_004_kani=true&JigyosyoCd=2871800492-00&ServiceCd=780&Type=search", "url2": null }, "geometry": { "type": "Point", "coordinates": [ 134.991090840218163, 35.007454584467681 ] } },
{ "type": "Feature", "properties": { "内容": "デイサービスセンターこはく【地域密着型通所介護】兵庫県西脇市黒田庄町大門３９－１", "url": "https://www.kaigokensaku.mhlw.go.jp/28/index.php?action_kouhyou_detail_004_kani=true&JigyosyoCd=2871800468-00&ServiceCd=780&Type=search", "url2": "http://hp.kaipoke.biz/rgw/" }, "geometry": { "type": "Point", "coordinates": [ 134.991675100000066, 35.0246163 ] } },
{ "type": "Feature", "properties": { "内容": "ゑびすリハビリセンター【地域密着型通所介護】兵庫県西脇市西脇１６８番地の４", "url": "https://www.kaigokensaku.mhlw.go.jp/28/index.php?action_kouhyou_detail_004_kani=true&JigyosyoCd=2871800476-00&ServiceCd=780&Type=search", "url2": null }, "geometry": { "type": "Point", "coordinates": [ 134.9731941, 34.9836173 ] } },
{ "type": "Feature", "properties": { "内容": "PLUSケア西脇【地域密着型通所介護】兵庫県西脇市西脇885-39", "url": "https://www.kaigokensaku.mhlw.go.jp/28/index.php?action_kouhyou_detail_004_kani=true&JigyosyoCd=2891800092-00&ServiceCd=780&Type=search", "url2": "https://atcompany.jp/pluscarenishiwaki/" }, "geometry": { "type": "Point", "coordinates": [ 134.968889, 34.990414 ] } },
{ "type": "Feature", "properties": { "内容": "デイサービスセンターこころの里　西脇【地域密着型通所介護】兵庫県西脇市下戸田184-1", "url": "https://www.kaigokensaku.mhlw.go.jp/28/index.php?action_kouhyou_detail_004_kani=true&JigyosyoCd=2871800591-00&ServiceCd=780&Type=search", "url2": "http://japan-carelife.com/" }, "geometry": { "type": "Point", "coordinates": [ 134.979362515393007, 34.978218717726477 ] } },
{ "type": "Feature", "properties": { "内容": "デイホーム里の家【地域密着型通所介護】兵庫県西脇市黒田庄町石原563", "url": "https://www.kaigokensaku.mhlw.go.jp/28/index.php?action_kouhyou_detail_004_kani=true&JigyosyoCd=2872700410-00&ServiceCd=780&Type=search", "url2": null }, "geometry": { "type": "Point", "coordinates": [ 134.984020561424245, 35.053225321935606 ] } },
{ "type": "Feature", "properties": { "内容": "デイサービスセンター向陽苑【地域密着型通所介護】兵庫県西脇市黒田庄町黒田字北山783", "url": "https://www.kaigokensaku.mhlw.go.jp/28/index.php?action_kouhyou_detail_004_kani=true&JigyosyoCd=2872700246-00&ServiceCd=780&Type=search", "url2": "http://koyo-en.jp" }, "geometry": { "type": "Point", "coordinates": [ 135.012466842311113, 35.051140067414082 ] } },
{ "type": "Feature", "properties": { "内容": "リハビリデイサービス塚本【地域密着型通所介護】兵庫県宝塚市鶴の荘9番3号", "url": "https://www.kaigokensaku.mhlw.go.jp/28/index.php?action_kouhyou_detail_004_kani=true&JigyosyoCd=2871102386-00&ServiceCd=780&Type=search", "url2": null }, "geometry": { "type": "Point", "coordinates": [ 135.357858099999987, 34.8076557 ] } },
{ "type": "Feature", "properties": { "内容": "みるとすデイサービス【地域密着型通所介護】兵庫県宝塚市旭町2丁目３－１０", "url": "https://www.kaigokensaku.mhlw.go.jp/28/index.php?action_kouhyou_detail_004_kani=true&JigyosyoCd=2871103301-00&ServiceCd=780&Type=search", "url2": null }, "geometry": { "type": "Point", "coordinates": [ 135.356992399999967, 34.8074774 ] } },
{ "type": "Feature", "properties": { "内容": "きずな【地域密着型通所介護】兵庫県宝塚市鹿塩1丁目４－１６", "url": "https://www.kaigokensaku.mhlw.go.jp/28/index.php?action_kouhyou_detail_004_kani=true&JigyosyoCd=2871102451-00&ServiceCd=780&Type=search", "url2": "https://kizuna-jp.club" }, "geometry": { "type": "Point", "coordinates": [ 135.354948899999954, 34.7819277 ] } },
{ "type": "Feature", "properties": { "内容": "宝塚市社会福祉協議会　ふれあいあさひ【地域密着型通所介護】兵庫県宝塚市旭町１－１４－１８", "url": "https://www.kaigokensaku.mhlw.go.jp/28/index.php?action_kouhyou_detail_004_kani=true&JigyosyoCd=2871102659-00&ServiceCd=780&Type=search", "url2": null }, "geometry": { "type": "Point", "coordinates": [ 135.353168984972399, 34.809190255269691 ] } },
{ "type": "Feature", "properties": { "内容": "デイサービス　こよみ【地域密着型通所介護】兵庫県宝塚市御殿山３丁目５－１６", "url": "https://www.kaigokensaku.mhlw.go.jp/28/index.php?action_kouhyou_detail_004_kani=true&JigyosyoCd=2871102998-00&ServiceCd=780&Type=search", "url2": "https://koyomi-tak.com/" }, "geometry": { "type": "Point", "coordinates": [ 135.341165499999988, 34.8161819 ] } },
{ "type": "Feature", "properties": { "内容": "ベストエイジング宝塚【地域密着型通所介護】兵庫県宝塚市栄町2-2-1ソリオ宝塚3　3階", "url": "https://www.kaigokensaku.mhlw.go.jp/28/index.php?action_kouhyou_detail_004_kani=true&JigyosyoCd=2871103004-00&ServiceCd=780&Type=search", "url2": "http:www.bestaging.jp/" }, "geometry": { "type": "Point", "coordinates": [ 135.340237900000034, 34.8100909 ] } },
{ "type": "Feature", "properties": { "内容": "かぶしきかいしゃあぐれ【地域密着型通所介護】小林4-7-37-1", "url": "https://www.kaigokensaku.mhlw.go.jp/28/index.php?action_kouhyou_detail_004_kani=true&JigyosyoCd=2871103392-00&ServiceCd=780&Type=search", "url2": null }, "geometry": { "type": "Point", "coordinates": [ 135.358274599999959, 34.792009600000021 ] } },
{ "type": "Feature", "properties": { "内容": "はんしんいきいきデイサービス　宝塚店【地域密着型通所介護】兵庫県宝塚市小林5-3-43", "url": "https://www.kaigokensaku.mhlw.go.jp/28/index.php?action_kouhyou_detail_004_kani=true&JigyosyoCd=2871103962-00&ServiceCd=780&Type=search", "url2": "https://hankyuhanshin-dayservice.com/" }, "geometry": { "type": "Point", "coordinates": [ 135.3548523, 34.7893714 ] } },
{ "type": "Feature", "properties": { "内容": "ポラリスデイサービスセンター安倉【地域密着型通所介護】兵庫県宝塚市安倉南2-10-9", "url": "https://www.kaigokensaku.mhlw.go.jp/28/index.php?action_kouhyou_detail_004_kani=true&JigyosyoCd=2891100287-00&ServiceCd=780&Type=search", "url2": "http://www.polaris.care/" }, "geometry": { "type": "Point", "coordinates": [ 135.375549399999954, 34.7947156 ] } },
{ "type": "Feature", "properties": { "内容": "デイサービス遊・you【地域密着型通所介護】宝塚市仁川北3丁目7番3号", "url": "https://www.kaigokensaku.mhlw.go.jp/28/index.php?action_kouhyou_detail_004_kani=true&JigyosyoCd=2871101594-00&ServiceCd=780&Type=search", "url2": "https://r.goope.jp/ikiiki-kaigo" }, "geometry": { "type": "Point", "coordinates": [ 135.356615599999941, 34.7746091 ] } },
{ "type": "Feature", "properties": { "内容": "いきいきリハビリはる逆瀬川【地域密着型通所介護】宝塚市伊孑志３丁目15番52号", "url": "https://www.kaigokensaku.mhlw.go.jp/28/index.php?action_kouhyou_detail_004_kani=true&JigyosyoCd=2871102220-00&ServiceCd=780&Type=search", "url2": "https://r.goope.jp/ikiiki-kaigo/" }, "geometry": { "type": "Point", "coordinates": [ 135.358892500000024, 34.7987369 ] } },
{ "type": "Feature", "properties": { "内容": "聖隷デイサービスセンター結い【地域密着型通所介護】宝塚市野上6丁目5-9", "url": "https://www.kaigokensaku.mhlw.go.jp/28/index.php?action_kouhyou_detail_004_kani=true&JigyosyoCd=2871102303-00&ServiceCd=780&Type=search", "url2": "http://www.serei.or.jp/hq/" }, "geometry": { "type": "Point", "coordinates": [ 135.339184940522728, 34.79035613733862 ] } },
{ "type": "Feature", "properties": { "内容": "でい-さ-びすかしんふうあおばだい【地域密着型通所介護】兵庫県宝塚市青葉台1-10-14", "url": "https://www.kaigokensaku.mhlw.go.jp/28/index.php?action_kouhyou_detail_004_kani=true&JigyosyoCd=2871102402-00&ServiceCd=780&Type=search", "url2": null }, "geometry": { "type": "Point", "coordinates": [ 135.33368310000003, 34.795065 ] } },
{ "type": "Feature", "properties": { "内容": "音楽リハビリデイサービス　こころ【地域密着型通所介護】兵庫県宝塚市福井町14番18号", "url": "https://www.kaigokensaku.mhlw.go.jp/28/index.php?action_kouhyou_detail_004_kani=true&JigyosyoCd=2871103319-00&ServiceCd=780&Type=search", "url2": "m-t.kokoro@hi3.enjoy.ne.jp" }, "geometry": { "type": "Point", "coordinates": [ 135.359917499999938, 34.7947151 ] } },
{ "type": "Feature", "properties": { "内容": "はーとふるセゾン宝塚【地域密着型通所介護】兵庫県宝塚市中筋5丁目17-17", "url": "https://www.kaigokensaku.mhlw.go.jp/28/index.php?action_kouhyou_detail_004_kani=true&JigyosyoCd=2871100984-00&ServiceCd=780&Type=search", "url2": "http://heartfulsaison.com/takarazuka" }, "geometry": { "type": "Point", "coordinates": [ 135.376121, 34.8150604 ] } },
{ "type": "Feature", "properties": { "内容": "デイサービスセンターみのり【地域密着型通所介護】宝塚市売布２丁目1番１１号", "url": "https://www.kaigokensaku.mhlw.go.jp/28/index.php?action_kouhyou_detail_004_kani=true&JigyosyoCd=2871101669-00&ServiceCd=780&Type=search", "url2": "http://www.kaigo-minori.jp" }, "geometry": { "type": "Point", "coordinates": [ 135.357956100000024, 34.812238 ] } },
{ "type": "Feature", "properties": { "内容": "在宅療養支援ハウス　中州・有隣荘【地域密着型通所介護】兵庫県宝塚市中州2丁目2－10", "url": "https://www.kaigokensaku.mhlw.go.jp/28/index.php?action_kouhyou_detail_004_kani=true&JigyosyoCd=2871102071-00&ServiceCd=780&Type=search", "url2": "yuurin2210＠gmail.com" }, "geometry": { "type": "Point", "coordinates": [ 135.3514374, 34.801592 ] } },
{ "type": "Feature", "properties": { "内容": "デイサービス　オリーブの実【地域密着型通所介護】兵庫県宝塚市中州１−１５−９宝塚栄光教会", "url": "https://www.kaigokensaku.mhlw.go.jp/28/index.php?action_kouhyou_detail_004_kani=true&JigyosyoCd=2871103053-00&ServiceCd=780&Type=search", "url2": "https://www.olive-no-mi.com" }, "geometry": { "type": "Point", "coordinates": [ 135.350765300000035, 34.799395 ] } },
{ "type": "Feature", "properties": { "内容": "デイサービスきらら【地域密着型通所介護】兵庫県宝塚市大吹町１１番３５号", "url": "https://www.kaigokensaku.mhlw.go.jp/28/index.php?action_kouhyou_detail_004_kani=true&JigyosyoCd=2871103079-00&ServiceCd=780&Type=search", "url2": null }, "geometry": { "type": "Point", "coordinates": [ 135.360691658315545, 34.783400155174256 ] } },
{ "type": "Feature", "properties": { "内容": "ポラリスデイサービスセンター伊孑志【地域密着型通所介護】兵庫県宝塚市伊孑志２－１５－３", "url": "https://www.kaigokensaku.mhlw.go.jp/28/index.php?action_kouhyou_detail_004_kani=true&JigyosyoCd=2871102923-00&ServiceCd=780&Type=search", "url2": null }, "geometry": { "type": "Point", "coordinates": [ 135.3557872, 34.7990034 ] } },
{ "type": "Feature", "properties": { "内容": "元気サポート　スマイルスマイル【地域密着型通所介護】兵庫県宝塚市伊孑志２－１３－３プログレス逆瀬101号室", "url": "https://www.kaigokensaku.mhlw.go.jp/28/index.php?action_kouhyou_detail_004_kani=true&JigyosyoCd=2871103087-00&ServiceCd=780&Type=search", "url2": null }, "geometry": { "type": "Point", "coordinates": [ 135.354802765624044, 34.79877150698487 ] } },
{ "type": "Feature", "properties": { "内容": "デイハウス花くら【地域密着型通所介護】兵庫県宝塚市高司5丁目3-38", "url": "https://www.kaigokensaku.mhlw.go.jp/28/index.php?action_kouhyou_detail_004_kani=true&JigyosyoCd=2871101214-00&ServiceCd=780&Type=search", "url2": null }, "geometry": { "type": "Point", "coordinates": [ 135.368495199999984, 34.7847283 ] } },
{ "type": "Feature", "properties": { "内容": "リハプライド・宝塚米谷【地域密着型通所介護】米谷2丁目2-38植田マンション1階", "url": "https://www.kaigokensaku.mhlw.go.jp/28/index.php?action_kouhyou_detail_004_kani=true&JigyosyoCd=2871103541-00&ServiceCd=780&Type=search", "url2": "https://www.rehapride.co.jp/takarazukamaitani/" }, "geometry": { "type": "Point", "coordinates": [ 135.35774, 34.8103813 ] } },
{ "type": "Feature", "properties": { "内容": "デイサービスさざんか【地域密着型通所介護】兵庫県宝塚市安倉中3丁目９－１８", "url": "https://www.kaigokensaku.mhlw.go.jp/28/index.php?action_kouhyou_detail_004_kani=true&JigyosyoCd=2871100836-00&ServiceCd=780&Type=search", "url2": null }, "geometry": { "type": "Point", "coordinates": [ 135.373734262540211, 34.803066184618537 ] } },
{ "type": "Feature", "properties": { "内容": "デイサービスあおやま【地域密着型通所介護】兵庫県三木市志染町青山5丁目9-5", "url": "https://www.kaigokensaku.mhlw.go.jp/28/index.php?action_kouhyou_detail_004_kani=true&JigyosyoCd=2892300126-00&ServiceCd=780&Type=search", "url2": "aimukaigo.com" }, "geometry": { "type": "Point", "coordinates": [ 135.033398099999971, 34.7845602 ] } },
{ "type": "Feature", "properties": { "内容": "デイサービスあいむ【地域密着型通所介護】宿原１２７０－１２２", "url": "https://www.kaigokensaku.mhlw.go.jp/28/index.php?action_kouhyou_detail_004_kani=true&JigyosyoCd=2872301052-00&ServiceCd=780&Type=search", "url2": "https://aimukaigo.com/" }, "geometry": { "type": "Point", "coordinates": [ 134.9986404, 34.7940858 ] } },
{ "type": "Feature", "properties": { "内容": "デイホームとんとん【地域密着型通所介護】兵庫県三木市大村1074番１５９", "url": "https://www.kaigokensaku.mhlw.go.jp/28/index.php?action_kouhyou_detail_004_kani=true&JigyosyoCd=2892300134-00&ServiceCd=780&Type=search", "url2": "https://rehacare.wakeikai-gr.or.jp/" }, "geometry": { "type": "Point", "coordinates": [ 134.96877090000001, 34.8095608 ] } },
{ "type": "Feature", "properties": { "内容": "デイサービス和【地域密着型通所介護】兵庫県三木市芝町7-3三木ヒルズ和", "url": "https://www.kaigokensaku.mhlw.go.jp/28/index.php?action_kouhyou_detail_004_kani=true&JigyosyoCd=2872301235-00&ServiceCd=780&Type=search", "url2": "http://www.mikihills-nagomi.jp/" }, "geometry": { "type": "Point", "coordinates": [ 134.9931147, 34.8038198 ] } },
{ "type": "Feature", "properties": { "内容": "トライ【地域密着型通所介護】緑が丘町西2丁目4-11", "url": "https://www.kaigokensaku.mhlw.go.jp/28/index.php?action_kouhyou_detail_004_kani=true&JigyosyoCd=2872301045-00&ServiceCd=780&Type=search", "url2": null }, "geometry": { "type": "Point", "coordinates": [ 135.02681860000007, 34.7755586 ] } },
{ "type": "Feature", "properties": { "内容": "デイサービスサンフォレスタ【地域密着型通所介護】兵庫県三木市別所町小林681-6", "url": "https://www.kaigokensaku.mhlw.go.jp/28/index.php?action_kouhyou_detail_004_kani=true&JigyosyoCd=2892300142-00&ServiceCd=780&Type=search", "url2": "https://www.hoyukai.or.jp/sunforesta/" }, "geometry": { "type": "Point", "coordinates": [ 135.0018134, 34.7813178 ] } },
{ "type": "Feature", "properties": { "内容": "デイサービスけんちゃん家【地域密着型通所介護】兵庫県高砂市伊保崎３丁目１６－２２", "url": "https://www.kaigokensaku.mhlw.go.jp/28/index.php?action_kouhyou_detail_004_kani=true&JigyosyoCd=2872100850-00&ServiceCd=780&Type=search", "url2": "https://www.kenchan-support.com" }, "geometry": { "type": "Point", "coordinates": [ 134.781118946410402, 34.775986159621432 ] } },
{ "type": "Feature", "properties": { "内容": "リハビリデイサービスあい【地域密着型通所介護】兵庫県高砂市荒井町中町4-24", "url": "https://www.kaigokensaku.mhlw.go.jp/28/index.php?action_kouhyou_detail_004_kani=true&JigyosyoCd=2892100120-00&ServiceCd=780&Type=search", "url2": null }, "geometry": { "type": "Point", "coordinates": [ 134.792589860353473, 34.763682653726917 ] } },
{ "type": "Feature", "properties": { "内容": "てのひら【地域密着型通所介護】高砂市荒井町小松原1丁目7-13", "url": "https://www.kaigokensaku.mhlw.go.jp/28/index.php?action_kouhyou_detail_004_kani=true&JigyosyoCd=2872100157-00&ServiceCd=780&Type=search", "url2": "http://guru-puribinngutenohira.jimdo.com/" }, "geometry": { "type": "Point", "coordinates": [ 134.8038262, 34.7586773 ] } },
{ "type": "Feature", "properties": { "内容": "グループリビングてのひら【地域密着型通所介護】高砂市荒井町小松原1丁目17-9グループリビングてのひら", "url": "https://www.kaigokensaku.mhlw.go.jp/28/index.php?action_kouhyou_detail_004_kani=true&JigyosyoCd=2872100876-00&ServiceCd=780&Type=search", "url2": "http://guru-puribinngutenohira.jimdo.com/" }, "geometry": { "type": "Point", "coordinates": [ 134.804128900000023, 34.755997 ] } },
{ "type": "Feature", "properties": { "内容": "アーチ・デイサービス高砂【地域密着型通所介護】兵庫県高砂市荒井町千鳥2丁目15－10", "url": "https://www.kaigokensaku.mhlw.go.jp/28/index.php?action_kouhyou_detail_004_kani=true&JigyosyoCd=2872101056-00&ServiceCd=780&Type=search", "url2": "http://www.cina.co.jp/" }, "geometry": { "type": "Point", "coordinates": [ 134.78925849999996, 34.7637737 ] } },
{ "type": "Feature", "properties": { "内容": "かめのリハビリデイサービス【地域密着型通所介護】兵庫県高砂市曽根町2506-1パインコート102号", "url": "https://www.kaigokensaku.mhlw.go.jp/28/index.php?action_kouhyou_detail_004_kani=true&JigyosyoCd=2872101007-00&ServiceCd=780&Type=search", "url2": null }, "geometry": { "type": "Point", "coordinates": [ 134.773179199999959, 34.7757319 ] } },
{ "type": "Feature", "properties": { "内容": "かめのリハビリデイサービス　宝殿【地域密着型通所介護】兵庫県高砂市神爪1-12-11-1Ａ", "url": "https://www.kaigokensaku.mhlw.go.jp/28/index.php?action_kouhyou_detail_004_kani=true&JigyosyoCd=2872101114-00&ServiceCd=780&Type=search", "url2": null }, "geometry": { "type": "Point", "coordinates": [ 134.8112456, 34.7857897 ] } },
{ "type": "Feature", "properties": { "内容": "デイサービスわかば【地域密着型通所介護】高砂市高須3-29", "url": "https://www.kaigokensaku.mhlw.go.jp/28/index.php?action_kouhyou_detail_004_kani=true&JigyosyoCd=2872100819-00&ServiceCd=780&Type=search", "url2": null }, "geometry": { "type": "Point", "coordinates": [ 134.779098725579587, 34.764433629226531 ] } },
{ "type": "Feature", "properties": { "内容": "青空デイサービス【地域密着型通所介護】兵庫県高砂市梅井３丁目２番１６号", "url": "https://www.kaigokensaku.mhlw.go.jp/28/index.php?action_kouhyou_detail_004_kani=true&JigyosyoCd=2872101031-00&ServiceCd=780&Type=search", "url2": null }, "geometry": { "type": "Point", "coordinates": [ 134.777621, 34.7704199 ] } },
{ "type": "Feature", "properties": { "内容": "ポラリスデイサービスセンター曽根【地域密着型通所介護】兵庫県高砂市曽根町2825-12", "url": "https://www.kaigokensaku.mhlw.go.jp/28/index.php?action_kouhyou_detail_004_kani=true&JigyosyoCd=2872101072-00&ServiceCd=780&Type=search", "url2": "http://www.polaris.care/office/detail.php?no=NDM=" }, "geometry": { "type": "Point", "coordinates": [ 134.775329599999964, 34.7704893 ] } },
{ "type": "Feature", "properties": { "内容": "生き活きデイサービス【地域密着型通所介護】兵庫県高砂市米田町古新310", "url": "https://www.kaigokensaku.mhlw.go.jp/28/index.php?action_kouhyou_detail_004_kani=true&JigyosyoCd=2872100496-00&ServiceCd=780&Type=search", "url2": "http://www.higashitakasago.com" }, "geometry": { "type": "Point", "coordinates": [ 134.809615314819325, 34.772462605789372 ] } },
{ "type": "Feature", "properties": { "内容": "いずみデイサービス大和東【地域密着型通所介護】兵庫県川西市大和東２丁目12番地１０号", "url": "https://www.kaigokensaku.mhlw.go.jp/28/index.php?action_kouhyou_detail_004_kani=true&JigyosyoCd=2873101774-00&ServiceCd=780&Type=search", "url2": null }, "geometry": { "type": "Point", "coordinates": [ 135.4282384, 34.8922548 ] } },
{ "type": "Feature", "properties": { "内容": "いく歩デイサービス清和台【地域密着型通所介護】兵庫県川西市清和台東１丁目６", "url": "https://www.kaigokensaku.mhlw.go.jp/28/index.php?action_kouhyou_detail_004_kani=true&JigyosyoCd=2873102442-00&ServiceCd=780&Type=search", "url2": "https://care-suppo-h.co.jp/" }, "geometry": { "type": "Point", "coordinates": [ 135.386183299999971, 34.8818128 ] } },
{ "type": "Feature", "properties": { "内容": "ほんわかデイサービス　なごみ庵【地域密着型通所介護】兵庫県川西市丸の内町10-2イスズハイツベル川西丸の内１階", "url": "https://www.kaigokensaku.mhlw.go.jp/28/index.php?action_kouhyou_detail_004_kani=true&JigyosyoCd=2873100610-00&ServiceCd=780&Type=search", "url2": null }, "geometry": { "type": "Point", "coordinates": [ 135.417926699999953, 34.8410429 ] } },
{ "type": "Feature", "properties": { "内容": "あゆみトレーニングデイサービス【地域密着型通所介護】兵庫県川西市大和西2-2-8メゾンうねの101", "url": "https://www.kaigokensaku.mhlw.go.jp/28/index.php?action_kouhyou_detail_004_kani=true&JigyosyoCd=2873101493-00&ServiceCd=780&Type=search", "url2": "ayumids@chic.ocn.ne.jp" }, "geometry": { "type": "Point", "coordinates": [ 135.4168264, 34.8860247 ] } },
{ "type": "Feature", "properties": { "内容": "リハビリデイサービスｎａｇｏｍｉ川西店【地域密着型通所介護】川西市多田桜木１－２－１５ＭＴサンハイム１Ｆ", "url": "https://www.kaigokensaku.mhlw.go.jp/28/index.php?action_kouhyou_detail_004_kani=true&JigyosyoCd=2873101519-00&ServiceCd=780&Type=search", "url2": "http://www.my-nagomi.com" }, "geometry": { "type": "Point", "coordinates": [ 135.4177022, 34.8550847 ] } },
{ "type": "Feature", "properties": { "内容": "ベストエイジング川西能勢口【地域密着型通所介護】兵庫県川西市栄町25-1アステ川西５階　５０２号", "url": "https://www.kaigokensaku.mhlw.go.jp/28/index.php?action_kouhyou_detail_004_kani=true&JigyosyoCd=2873101550-00&ServiceCd=780&Type=search", "url2": "http:www.bestaging.jp/" }, "geometry": { "type": "Point", "coordinates": [ 135.4129451, 34.8265127 ] } },
{ "type": "Feature", "properties": { "内容": "ポラリスデイサービスセンター多田【地域密着型通所介護】兵庫県川西市多田桜木２－１２－６　１F", "url": "https://www.kaigokensaku.mhlw.go.jp/28/index.php?action_kouhyou_detail_004_kani=true&JigyosyoCd=2873101949-00&ServiceCd=780&Type=search", "url2": "http://www.polaris.care/" }, "geometry": { "type": "Point", "coordinates": [ 135.41573, 34.8625977 ] } },
{ "type": "Feature", "properties": { "内容": "リハビリデイサービスnagomi川西南店【地域密着型通所介護】兵庫県川西市下加茂１－５－２３サンハイツ加茂１０３", "url": "https://www.kaigokensaku.mhlw.go.jp/28/index.php?action_kouhyou_detail_004_kani=true&JigyosyoCd=2873102038-00&ServiceCd=780&Type=search", "url2": "http://www.my-nagomi.com/" }, "geometry": { "type": "Point", "coordinates": [ 135.412195399999973, 34.8197467 ] } },
{ "type": "Feature", "properties": { "内容": "ポラリスデイサービスセンター久代【地域密着型通所介護】兵庫県川西市久代４－５－３４", "url": "https://www.kaigokensaku.mhlw.go.jp/28/index.php?action_kouhyou_detail_004_kani=true&JigyosyoCd=2873102087-00&ServiceCd=780&Type=search", "url2": "http://www.polaris.care/" }, "geometry": { "type": "Point", "coordinates": [ 135.404172099999982, 34.8022884 ] } },
{ "type": "Feature", "properties": { "内容": "楽しみやデイサービス川西【地域密着型通所介護】兵庫県川西市出在家町18-16", "url": "https://www.kaigokensaku.mhlw.go.jp/28/index.php?action_kouhyou_detail_004_kani=true&JigyosyoCd=2873102301-00&ServiceCd=780&Type=search", "url2": "http://www.heartfulcare.com/" }, "geometry": { "type": "Point", "coordinates": [ 135.422644311305589, 34.839665726022723 ] } },
{ "type": "Feature", "properties": { "内容": "リハビリデイこころ萩原【地域密着型通所介護】兵庫県川西市萩原1-3-3", "url": "https://www.kaigokensaku.mhlw.go.jp/28/index.php?action_kouhyou_detail_004_kani=true&JigyosyoCd=2873102343-00&ServiceCd=780&Type=search", "url2": "https://reha-day-cocoro.com" }, "geometry": { "type": "Point", "coordinates": [ 135.416844399999945, 34.8383533 ] } },
{ "type": "Feature", "properties": { "内容": "デイサービスりょうま【地域密着型通所介護】兵庫県川西市見野2-14-11サンライズ明研V", "url": "https://www.kaigokensaku.mhlw.go.jp/28/index.php?action_kouhyou_detail_004_kani=true&JigyosyoCd=2893100236-00&ServiceCd=780&Type=search", "url2": "https://ds-ryoma.com" }, "geometry": { "type": "Point", "coordinates": [ 135.4106308, 34.8910757 ] } },
{ "type": "Feature", "properties": { "内容": "reborn川西多田【地域密着型通所介護】兵庫県川西市新田一丁目5番4号ナリタビル101", "url": "https://www.kaigokensaku.mhlw.go.jp/28/index.php?action_kouhyou_detail_004_kani=true&JigyosyoCd=2893100244-00&ServiceCd=780&Type=search", "url2": "www.nsi-sports.co.jp" }, "geometry": { "type": "Point", "coordinates": [ 135.4129723, 34.8612104 ] } },
{ "type": "Feature", "properties": { "内容": "ほっとあんしん館【地域密着型通所介護】兵庫県川西市加茂5丁目3番12号", "url": "https://www.kaigokensaku.mhlw.go.jp/28/index.php?action_kouhyou_detail_004_kani=true&JigyosyoCd=2873101337-00&ServiceCd=780&Type=search", "url2": "https://hotanshin.com" }, "geometry": { "type": "Point", "coordinates": [ 135.41055464365536, 34.811573926218777 ] } },
{ "type": "Feature", "properties": { "内容": "ずっとげんきデイサービス【地域密着型通所介護】兵庫県川西市大和東５－３－９", "url": "https://www.kaigokensaku.mhlw.go.jp/28/index.php?action_kouhyou_detail_004_kani=true&JigyosyoCd=2873101352-00&ServiceCd=780&Type=search", "url2": null }, "geometry": { "type": "Point", "coordinates": [ 135.4276702, 34.8928414 ] } },
{ "type": "Feature", "properties": { "内容": "ポラリスデイサービスセンター見野【地域密着型通所介護】兵庫県川西市見野3-11-8", "url": "https://www.kaigokensaku.mhlw.go.jp/28/index.php?action_kouhyou_detail_004_kani=true&JigyosyoCd=2873101402-00&ServiceCd=780&Type=search", "url2": "http://www.aurorakai.com/" }, "geometry": { "type": "Point", "coordinates": [ 135.407278099999985, 34.8901318 ] } },
{ "type": "Feature", "properties": { "内容": "ほっとあんしん館緑台【地域密着型通所介護】兵庫県川西市緑台1-1-33", "url": "https://www.kaigokensaku.mhlw.go.jp/28/index.php?action_kouhyou_detail_004_kani=true&JigyosyoCd=2873101865-00&ServiceCd=780&Type=search", "url2": "https://hotanshin.com" }, "geometry": { "type": "Point", "coordinates": [ 135.413260700000052, 34.871074600000028 ] } },
{ "type": "Feature", "properties": { "内容": "さわやかデイサービス水明台【地域密着型通所介護】兵庫県川西市水明台1-1-190", "url": "https://www.kaigokensaku.mhlw.go.jp/28/index.php?action_kouhyou_detail_004_kani=true&JigyosyoCd=2873101931-00&ServiceCd=780&Type=search", "url2": "https://h.sawayakasan.jp/" }, "geometry": { "type": "Point", "coordinates": [ 135.400931386894143, 34.874118148136816 ] } },
{ "type": "Feature", "properties": { "内容": "ほっとあんしん館水明台【地域密着型通所介護】兵庫県川西市水明台1-1-202", "url": "https://www.kaigokensaku.mhlw.go.jp/28/index.php?action_kouhyou_detail_004_kani=true&JigyosyoCd=2873102137-00&ServiceCd=780&Type=search", "url2": "https://hotanshin.com" }, "geometry": { "type": "Point", "coordinates": [ 135.400556700000038, 34.8726245 ] } },
{ "type": "Feature", "properties": { "内容": "すまいるアップ里の風【地域密着型通所介護】兵庫県川西市見野2丁目35番地7", "url": "https://www.kaigokensaku.mhlw.go.jp/28/index.php?action_kouhyou_detail_004_kani=true&JigyosyoCd=2873102350-00&ServiceCd=780&Type=search", "url2": null }, "geometry": { "type": "Point", "coordinates": [ 135.410847099999955, 34.8934427 ] } },
{ "type": "Feature", "properties": { "内容": "デイサービスセンター里の風【地域密着型通所介護】兵庫県川西市山原２－９－１８", "url": "https://www.kaigokensaku.mhlw.go.jp/28/index.php?action_kouhyou_detail_004_kani=true&JigyosyoCd=2873100925-00&ServiceCd=780&Type=search", "url2": "http://www.satonokaze.com" }, "geometry": { "type": "Point", "coordinates": [ 135.401617699999946, 34.8936955 ] } },
{ "type": "Feature", "properties": { "内容": "樹楽　川西水明台【地域密着型通所介護】兵庫県川西市水明台2-1-36", "url": "https://www.kaigokensaku.mhlw.go.jp/28/index.php?action_kouhyou_detail_004_kani=true&JigyosyoCd=2873102210-00&ServiceCd=780&Type=search", "url2": "http://www.kiraku-ac.com/shisetsu/home/hyogo/suimeidai.php?staff=" }, "geometry": { "type": "Point", "coordinates": [ 135.401078900000016, 34.8763659 ] } },
{ "type": "Feature", "properties": { "内容": "アルファデイサービスセンター川西【地域密着型通所介護】兵庫県川西市小花1丁目6-6アルファリビング川西能勢口駅前", "url": "https://www.kaigokensaku.mhlw.go.jp/28/index.php?action_kouhyou_detail_004_kani=true&JigyosyoCd=2873102434-00&ServiceCd=780&Type=search", "url2": "ｈｔｔｐｓ：//ｗｗｗ.a/living.jp/hyogo/kawanishi/" }, "geometry": { "type": "Point", "coordinates": [ 135.414611599999944, 34.8267488 ] } },
{ "type": "Feature", "properties": { "内容": "フォレスト川西【地域密着型通所介護】平野3-15-17プレシャス川西1階", "url": "https://www.kaigokensaku.mhlw.go.jp/28/index.php?action_kouhyou_detail_004_kani=true&JigyosyoCd=2893100129-00&ServiceCd=780&Type=search", "url2": "pk@nfsk.jp" }, "geometry": { "type": "Point", "coordinates": [ 135.416938100000039, 34.8707718 ] } },
{ "type": "Feature", "properties": { "内容": "リハビリ特化型デイサービスcomplete【地域密着型通所介護】兵庫県川西市多田桜木2-11-38-103", "url": "https://www.kaigokensaku.mhlw.go.jp/28/index.php?action_kouhyou_detail_004_kani=true&JigyosyoCd=2893100194-00&ServiceCd=780&Type=search", "url2": null }, "geometry": { "type": "Point", "coordinates": [ 135.4160755, 34.8609786 ] } },
{ "type": "Feature", "properties": { "内容": "リハビリ特化型デイサービスcomplete川西店【地域密着型通所介護】兵庫県川西市加茂1-19-20-101", "url": "https://www.kaigokensaku.mhlw.go.jp/28/index.php?action_kouhyou_detail_004_kani=true&JigyosyoCd=2893100228-00&ServiceCd=780&Type=search", "url2": null }, "geometry": { "type": "Point", "coordinates": [ 135.4111452, 34.815958 ] } },
{ "type": "Feature", "properties": { "内容": "ホープホームデイサービスリハビリセンター大和【地域密着型通所介護】兵庫県川西市大和西2丁目3-11", "url": "https://www.kaigokensaku.mhlw.go.jp/28/index.php?action_kouhyou_detail_004_kani=true&JigyosyoCd=2873102459-00&ServiceCd=780&Type=search", "url2": null }, "geometry": { "type": "Point", "coordinates": [ 135.417629600000026, 34.8865348 ] } },
{ "type": "Feature", "properties": { "内容": "アイアット夢デイサービス【地域密着型通所介護】兵庫県川西市向陽台２丁目７-１８", "url": "https://www.kaigokensaku.mhlw.go.jp/28/index.php?action_kouhyou_detail_004_kani=true&JigyosyoCd=2873102194-00&ServiceCd=780&Type=search", "url2": null }, "geometry": { "type": "Point", "coordinates": [ 135.40841690000002, 34.87348 ] } },
{ "type": "Feature", "properties": { "内容": "リハビリセンタースマイルライフ【地域密着型通所介護】小野市片山町1475-1", "url": "https://www.kaigokensaku.mhlw.go.jp/28/index.php?action_kouhyou_detail_004_kani=true&JigyosyoCd=2871900607-00&ServiceCd=780&Type=search", "url2": "http://www.smilelife-rehabilitation.com/" }, "geometry": { "type": "Point", "coordinates": [ 134.923649, 34.8413915 ] } },
{ "type": "Feature", "properties": { "内容": "ふく機能訓練センター【地域密着型通所介護】兵庫県三田市すずかけ台１－６－６機能訓練株式会社　ふく整骨院", "url": "https://www.kaigokensaku.mhlw.go.jp/28/index.php?action_kouhyou_detail_004_kani=true&JigyosyoCd=2871200883-00&ServiceCd=780&Type=search", "url2": "http://news10.biz/" }, "geometry": { "type": "Point", "coordinates": [ 135.154639299999985, 34.9461901 ] } },
{ "type": "Feature", "properties": { "内容": "でいさーびすせんたーめりーはうす【地域密着型通所介護】兵庫県三田市中央町5−19三田センタービル3階", "url": "https://www.kaigokensaku.mhlw.go.jp/28/index.php?action_kouhyou_detail_004_kani=true&JigyosyoCd=2891200046-00&ServiceCd=780&Type=search", "url2": "merryhouse/sanda" }, "geometry": { "type": "Point", "coordinates": [ 135.2260128, 34.8884986 ] } },
{ "type": "Feature", "properties": { "内容": "ＮＰＯ法人えふ・みんと【地域密着型通所介護】兵庫県三田市富士が丘１丁目７－１０", "url": "https://www.kaigokensaku.mhlw.go.jp/28/index.php?action_kouhyou_detail_004_kani=true&JigyosyoCd=2871201071-00&ServiceCd=780&Type=search", "url2": null }, "geometry": { "type": "Point", "coordinates": [ 135.194805800000012, 34.8871434 ] } },
{ "type": "Feature", "properties": { "内容": "いく歩デイサービス三田天神【地域密着型通所介護】兵庫県三田市天神3-12-3", "url": "https://www.kaigokensaku.mhlw.go.jp/28/index.php?action_kouhyou_detail_004_kani=true&JigyosyoCd=2871201337-00&ServiceCd=780&Type=search", "url2": null }, "geometry": { "type": "Point", "coordinates": [ 135.216915299999982, 34.8888405 ] } },
{ "type": "Feature", "properties": { "内容": "デイサービス山帽子【地域密着型通所介護】兵庫県三田市下深田字菊ヶ谷36-36三田きらくえん地域ケアセンター", "url": "https://www.kaigokensaku.mhlw.go.jp/28/index.php?action_kouhyou_detail_004_kani=true&JigyosyoCd=2871201139-00&ServiceCd=780&Type=search", "url2": "http://www.kirakuen.or.jp/jigyo/suma/index.html" }, "geometry": { "type": "Point", "coordinates": [ 135.210515730688485, 34.888514302037677 ] } },
{ "type": "Feature", "properties": { "内容": "さわやかサロン【地域密着型通所介護】三田市あかしあ台１－１８－１０", "url": "https://www.kaigokensaku.mhlw.go.jp/28/index.php?action_kouhyou_detail_004_kani=true&JigyosyoCd=2871200446-00&ServiceCd=780&Type=search", "url2": "https://sarwayaka.wixsite.com/mysite" }, "geometry": { "type": "Point", "coordinates": [ 135.18649030000006, 34.8971181 ] } },
{ "type": "Feature", "properties": { "内容": "デイサービスゆりのき【地域密着型通所介護】三田市ゆりのき台２－１－３", "url": "https://www.kaigokensaku.mhlw.go.jp/28/index.php?action_kouhyou_detail_004_kani=true&JigyosyoCd=2871200826-00&ServiceCd=780&Type=search", "url2": "yurinoki002gmail.cm" }, "geometry": { "type": "Point", "coordinates": [ 135.177560099999937, 34.905517 ] } },
{ "type": "Feature", "properties": { "内容": "スマートリハトレセンター【地域密着型通所介護】南ケ丘1丁目33-27", "url": "https://www.kaigokensaku.mhlw.go.jp/28/index.php?action_kouhyou_detail_004_kani=true&JigyosyoCd=2891200087-00&ServiceCd=780&Type=search", "url2": null }, "geometry": { "type": "Point", "coordinates": [ 130.48751, 33.5062923 ] } },
{ "type": "Feature", "properties": { "内容": "特定非営利活動法人　くつろぎ【地域密着型通所介護】兵庫県加西市玉野町１１３１番地の６２", "url": "https://www.kaigokensaku.mhlw.go.jp/28/index.php?action_kouhyou_detail_004_kani=true&JigyosyoCd=2872600578-00&ServiceCd=780&Type=search", "url2": "https://www.dayservice-kuturogi.jp" }, "geometry": { "type": "Point", "coordinates": [ 134.859412300000031, 34.917438 ] } },
{ "type": "Feature", "properties": { "内容": "デイサービスセンターみつば【地域密着型通所介護】兵庫県加西市殿原町２２５", "url": "https://www.kaigokensaku.mhlw.go.jp/28/index.php?action_kouhyou_detail_004_kani=true&JigyosyoCd=2872600677-00&ServiceCd=780&Type=search", "url2": null }, "geometry": { "type": "Point", "coordinates": [ 134.857648400000016, 34.9438628 ] } },
{ "type": "Feature", "properties": { "内容": "デイサービスセンター　なごやか【地域密着型通所介護】兵庫県加西市下宮木町576番地", "url": "https://www.kaigokensaku.mhlw.go.jp/28/index.php?action_kouhyou_detail_004_kani=true&JigyosyoCd=2872600420-00&ServiceCd=780&Type=search", "url2": "https://shinshu-kai.or.jp/" }, "geometry": { "type": "Point", "coordinates": [ 134.877821400000016, 34.8901051 ] } },
{ "type": "Feature", "properties": { "内容": "デイサービスセンターふたは【地域密着型通所介護】兵庫県加西市北条町東南216-13番地", "url": "https://www.kaigokensaku.mhlw.go.jp/28/index.php?action_kouhyou_detail_004_kani=true&JigyosyoCd=2872600644-00&ServiceCd=780&Type=search", "url2": null }, "geometry": { "type": "Point", "coordinates": [ 134.8311506, 34.9215117 ] } },
{ "type": "Feature", "properties": { "内容": "通所介護事業所まどいせん【地域密着型通所介護】兵庫県加西市田原町２５１２番地", "url": "https://www.kaigokensaku.mhlw.go.jp/28/index.php?action_kouhyou_detail_004_kani=true&JigyosyoCd=2872600560-00&ServiceCd=780&Type=search", "url2": null }, "geometry": { "type": "Point", "coordinates": [ 134.866068922423523, 34.866456851865109 ] } },
{ "type": "Feature", "properties": { "内容": "デイサービス.華暖【地域密着型通所介護】兵庫県加西市福住町1172-1", "url": "https://www.kaigokensaku.mhlw.go.jp/28/index.php?action_kouhyou_detail_004_kani=true&JigyosyoCd=2892600095-00&ServiceCd=780&Type=search", "url2": "https://madoisen-kasai.com/" }, "geometry": { "type": "Point", "coordinates": [ 134.809992333590685, 34.90080801541707 ] } },
{ "type": "Feature", "properties": { "内容": "リーフケアトレセンター【地域密着型通所介護】兵庫県加西市北条町横尾字寿860-1", "url": "https://www.kaigokensaku.mhlw.go.jp/28/index.php?action_kouhyou_detail_004_kani=true&JigyosyoCd=2872600669-00&ServiceCd=780&Type=search", "url2": null }, "geometry": { "type": "Point", "coordinates": [ 134.839474699999982, 34.9284907 ] } },
{ "type": "Feature", "properties": { "内容": "第二サルビア荘　デイサービスセンター【地域密着型通所介護】兵庫県加西市国正町1931-2", "url": "https://www.kaigokensaku.mhlw.go.jp/28/index.php?action_kouhyou_detail_004_kani=true&JigyosyoCd=2892600129-00&ServiceCd=780&Type=search", "url2": "http//www.ennyuukai.jp" }, "geometry": { "type": "Point", "coordinates": [ 134.933165528172367, 34.943137106636499 ] } },
{ "type": "Feature", "properties": { "内容": "春夏秋冬デイサービスセンター【地域密着型通所介護】兵庫県加西市坂本町　1027-5", "url": "https://www.kaigokensaku.mhlw.go.jp/28/index.php?action_kouhyou_detail_004_kani=true&JigyosyoCd=2872600289-00&ServiceCd=780&Type=search", "url2": "https://www.keiaigojyokai.jp/" }, "geometry": { "type": "Point", "coordinates": [ 134.825332, 34.8713001 ] } },
{ "type": "Feature", "properties": { "内容": "加西の里デイサービスセンター【地域密着型通所介護】兵庫県加西市段下町848-14", "url": "https://www.kaigokensaku.mhlw.go.jp/28/index.php?action_kouhyou_detail_004_kani=true&JigyosyoCd=2872600164-00&ServiceCd=780&Type=search", "url2": null }, "geometry": { "type": "Point", "coordinates": [ 134.844069200000035, 34.9077499 ] } },
{ "type": "Feature", "properties": { "内容": "リハビリデイ　なごみ庵【地域密着型通所介護】兵庫県加西市下宮木町512番地", "url": "https://www.kaigokensaku.mhlw.go.jp/28/index.php?action_kouhyou_detail_004_kani=true&JigyosyoCd=2872600693-00&ServiceCd=780&Type=search", "url2": "http://shinshu-kai.or.jp" }, "geometry": { "type": "Point", "coordinates": [ 134.878560200000038, 34.8893469 ] } },
{ "type": "Feature", "properties": { "内容": "特定非営利活動法人であい　デイサービスであい【地域密着型通所介護】兵庫県加西市北条町北条５６５－７", "url": "https://www.kaigokensaku.mhlw.go.jp/28/index.php?action_kouhyou_detail_004_kani=true&JigyosyoCd=2872600602-00&ServiceCd=780&Type=search", "url2": null }, "geometry": { "type": "Point", "coordinates": [ 134.8263313, 34.9360233 ] } },
{ "type": "Feature", "properties": { "内容": "デイサービス愛【地域密着型通所介護】加西市牛居町445-2", "url": "https://www.kaigokensaku.mhlw.go.jp/28/index.php?action_kouhyou_detail_004_kani=true&JigyosyoCd=2872600636-00&ServiceCd=780&Type=search", "url2": null }, "geometry": { "type": "Point", "coordinates": [ 134.8465109, 34.8914506 ] } },
{ "type": "Feature", "properties": { "内容": "デイサービスひだまり【地域密着型通所介護】兵庫県加西市谷町１６７番地１", "url": "https://www.kaigokensaku.mhlw.go.jp/28/index.php?action_kouhyou_detail_004_kani=true&JigyosyoCd=2872600727-00&ServiceCd=780&Type=search", "url2": null }, "geometry": { "type": "Point", "coordinates": [ 134.823837323072866, 34.939589918288902 ] } },
{ "type": "Feature", "properties": { "内容": "やまびこ庵【地域密着型通所介護】兵庫県丹波篠山市福住371番地", "url": "https://www.kaigokensaku.mhlw.go.jp/28/index.php?action_kouhyou_detail_004_kani=true&JigyosyoCd=2871400699-00&ServiceCd=780&Type=search", "url2": "http://yamayurinosato.com/" }, "geometry": { "type": "Point", "coordinates": [ 135.34163236485324, 35.071274583459349 ] } },
{ "type": "Feature", "properties": { "内容": "今田デイサービスセンター【地域密着型通所介護】兵庫県丹波篠山市今田町今田新田19-1", "url": "https://www.kaigokensaku.mhlw.go.jp/28/index.php?action_kouhyou_detail_004_kani=true&JigyosyoCd=2891400190-00&ServiceCd=780&Type=search", "url2": "http://www.kiyoukai.com" }, "geometry": { "type": "Point", "coordinates": [ 135.106464599999981, 35.0021861 ] } },
{ "type": "Feature", "properties": { "内容": "やすらぎ園デイサービスセンター【地域密着型通所介護】兵庫県丹波篠山市味間奥字水坂ノ坪833番地3", "url": "https://www.kaigokensaku.mhlw.go.jp/28/index.php?action_kouhyou_detail_004_kani=true&JigyosyoCd=2891400182-00&ServiceCd=780&Type=search", "url2": "sasayama-yasuragien.com" }, "geometry": { "type": "Point", "coordinates": [ 135.138794542327901, 35.059639257132034 ] } },
{ "type": "Feature", "properties": { "内容": "元気の素　デイサービス【地域密着型通所介護】兵庫県養父市八鹿町八鹿1795-1", "url": "https://www.kaigokensaku.mhlw.go.jp/28/index.php?action_kouhyou_detail_004_kani=true&JigyosyoCd=2874800747-00&ServiceCd=780&Type=search", "url2": "http://www.hama-seikotsu.com/dayservice" }, "geometry": { "type": "Point", "coordinates": [ 134.770937499999974, 35.4055098 ] } },
{ "type": "Feature", "properties": { "内容": "デイサービス　りんごの木【地域密着型通所介護】兵庫県丹波市氷上町井中49-3", "url": "https://www.kaigokensaku.mhlw.go.jp/28/index.php?action_kouhyou_detail_004_kani=true&JigyosyoCd=2871301590-00&ServiceCd=780&Type=search", "url2": null }, "geometry": { "type": "Point", "coordinates": [ 135.036108799999965, 35.2034247 ] } },
{ "type": "Feature", "properties": { "内容": "デイサービスかどの【地域密着型通所介護】兵庫県丹波市氷上町上新庄1-6", "url": "https://www.kaigokensaku.mhlw.go.jp/28/index.php?action_kouhyou_detail_004_kani=true&JigyosyoCd=2871301681-00&ServiceCd=780&Type=search", "url2": null }, "geometry": { "type": "Point", "coordinates": [ 134.996002699999963, 35.1793324 ] } },
{ "type": "Feature", "properties": { "内容": "デイサービス　きらら【地域密着型通所介護】丹波市氷上町横田８３２－７", "url": "https://www.kaigokensaku.mhlw.go.jp/28/index.php?action_kouhyou_detail_004_kani=true&JigyosyoCd=2871300634-00&ServiceCd=780&Type=search", "url2": null }, "geometry": { "type": "Point", "coordinates": [ 135.054267100000061, 35.1496923 ] } },
{ "type": "Feature", "properties": { "内容": "特定非営利活動法人丹波あすなろの会ひだまり【地域密着型通所介護】兵庫県丹波市柏原町柏原５１１７番地", "url": "https://www.kaigokensaku.mhlw.go.jp/28/index.php?action_kouhyou_detail_004_kani=true&JigyosyoCd=2871301087-00&ServiceCd=780&Type=search", "url2": null }, "geometry": { "type": "Point", "coordinates": [ 135.069963499999972, 35.1249171 ] } },
{ "type": "Feature", "properties": { "内容": "シルバーハウス　アネックス【地域密着型通所介護】丹波市市島町戸坂288", "url": "https://www.kaigokensaku.mhlw.go.jp/28/index.php?action_kouhyou_detail_004_kani=true&JigyosyoCd=2871301111-00&ServiceCd=780&Type=search", "url2": "http://kaigo-tamba.com/" }, "geometry": { "type": "Point", "coordinates": [ 135.102239300000065, 35.1939661 ] } },
{ "type": "Feature", "properties": { "内容": "デイサービスわたぼうしの森【地域密着型通所介護】兵庫県丹波市氷上町香良684-4", "url": "https://www.kaigokensaku.mhlw.go.jp/28/index.php?action_kouhyou_detail_004_kani=true&JigyosyoCd=2871301483-00&ServiceCd=780&Type=search", "url2": null }, "geometry": { "type": "Point", "coordinates": [ 135.05893709999998, 35.2110045 ] } },
{ "type": "Feature", "properties": { "内容": "デイサービス　りんどう【地域密着型通所介護】丹波市青垣町沢野340", "url": "https://www.kaigokensaku.mhlw.go.jp/28/index.php?action_kouhyou_detail_004_kani=true&JigyosyoCd=2871301665-00&ServiceCd=780&Type=search", "url2": null }, "geometry": { "type": "Point", "coordinates": [ 135.0106772, 35.2480068 ] } },
{ "type": "Feature", "properties": { "内容": "デイサービスＫＯＮＯＣＡ（木ノ香）【地域密着型通所介護】兵庫県丹波市市島町北岡本213", "url": "https://www.kaigokensaku.mhlw.go.jp/28/index.php?action_kouhyou_detail_004_kani=true&JigyosyoCd=2871301640-00&ServiceCd=780&Type=search", "url2": null }, "geometry": { "type": "Point", "coordinates": [ 135.1300108, 35.2227438 ] } },
{ "type": "Feature", "properties": { "内容": "通所介護　心【地域密着型通所介護】兵庫県丹波市柏原町柏原４９３－２", "url": "https://www.kaigokensaku.mhlw.go.jp/28/index.php?action_kouhyou_detail_004_kani=true&JigyosyoCd=2871300907-00&ServiceCd=780&Type=search", "url2": null }, "geometry": { "type": "Point", "coordinates": [ 135.081256899999971, 35.12975 ] } },
{ "type": "Feature", "properties": { "内容": "株式会社道　　　　デイサービスすみれ【地域密着型通所介護】兵庫県丹波市柏原町挙田192-2", "url": "https://www.kaigokensaku.mhlw.go.jp/28/index.php?action_kouhyou_detail_004_kani=true&JigyosyoCd=2871301657-00&ServiceCd=780&Type=search", "url2": "www.michi-sumire.com/sumire.php" }, "geometry": { "type": "Point", "coordinates": [ 135.055717400000049, 35.1348746 ] } },
{ "type": "Feature", "properties": { "内容": "シルバーハウスいちじま【地域密着型通所介護】兵庫県丹波市市島町上牧553", "url": "https://www.kaigokensaku.mhlw.go.jp/28/index.php?action_kouhyou_detail_004_kani=true&JigyosyoCd=2871300584-00&ServiceCd=780&Type=search", "url2": "kaigo-tamba.com" }, "geometry": { "type": "Point", "coordinates": [ 135.163020800000027, 35.20411 ] } },
{ "type": "Feature", "properties": { "内容": "一期一会デイサービスセンター【地域密着型通所介護】兵庫県丹波市市島町上田537-1", "url": "https://www.kaigokensaku.mhlw.go.jp/28/index.php?action_kouhyou_detail_004_kani=true&JigyosyoCd=2871301434-00&ServiceCd=780&Type=search", "url2": null }, "geometry": { "type": "Point", "coordinates": [ 135.138494709559666, 35.210384647811502 ] } },
{ "type": "Feature", "properties": { "内容": "デイサービスセンターやまじ【地域密着型通所介護】兵庫県丹波市山南町野坂181-1", "url": "https://www.kaigokensaku.mhlw.go.jp/28/index.php?action_kouhyou_detail_004_kani=true&JigyosyoCd=2871300386-00&ServiceCd=780&Type=search", "url2": "http://www.yamajien.com" }, "geometry": { "type": "Point", "coordinates": [ 135.000834299999951, 35.0854135 ] } },
{ "type": "Feature", "properties": { "内容": "通所介護事業所いこい【地域密着型通所介護】兵庫県丹波市氷上町沼482番地", "url": "https://www.kaigokensaku.mhlw.go.jp/28/index.php?action_kouhyou_detail_004_kani=true&JigyosyoCd=2891300176-00&ServiceCd=780&Type=search", "url2": "https://ikoi-tamba.com/" }, "geometry": { "type": "Point", "coordinates": [ 135.024664900000062, 35.219945 ] } },
{ "type": "Feature", "properties": { "内容": "リハプライド丹波【地域密着型通所介護】兵庫県丹波市柏原町母坪335-1", "url": "https://www.kaigokensaku.mhlw.go.jp/28/index.php?action_kouhyou_detail_004_kani=true&JigyosyoCd=2891300259-00&ServiceCd=780&Type=search", "url2": "https://www.rehapride.co.jp/tamba/" }, "geometry": { "type": "Point", "coordinates": [ 135.045630100000011, 35.1504343 ] } },
{ "type": "Feature", "properties": { "内容": "丹寿荘デイサービスセンター【地域密着型通所介護】兵庫県丹波市市島町上竹田２３３６－１", "url": "https://www.kaigokensaku.mhlw.go.jp/28/index.php?action_kouhyou_detail_004_kani=true&JigyosyoCd=2891300234-00&ServiceCd=780&Type=search", "url2": "http://www.hwc.or.jp/tanju/" }, "geometry": { "type": "Point", "coordinates": [ 135.1263964, 35.2345735 ] } },
{ "type": "Feature", "properties": { "内容": "デイサービスセンターばうむ【地域密着型通所介護】兵庫県丹波市氷上町常楽529番地6", "url": "https://www.kaigokensaku.mhlw.go.jp/28/index.php?action_kouhyou_detail_004_kani=true&JigyosyoCd=2871301194-00&ServiceCd=780&Type=search", "url2": "https://www.baum-famirie.com" }, "geometry": { "type": "Point", "coordinates": [ 135.034853521981859, 35.179865151911002 ] } },
{ "type": "Feature", "properties": { "内容": "デイサービス　昭和の隠れ家丹波【地域密着型通所介護】兵庫県丹波市青垣町西芦田2103-1", "url": "https://www.kaigokensaku.mhlw.go.jp/28/index.php?action_kouhyou_detail_004_kani=true&JigyosyoCd=2891300135-00&ServiceCd=780&Type=search", "url2": null }, "geometry": { "type": "Point", "coordinates": [ 135.00864, 35.232832 ] } },
{ "type": "Feature", "properties": { "内容": "デイサービスかえで【地域密着型通所介護】兵庫県丹波市春日町黒井888-2", "url": "https://www.kaigokensaku.mhlw.go.jp/28/index.php?action_kouhyou_detail_004_kani=true&JigyosyoCd=2891300192-00&ServiceCd=780&Type=search", "url2": "https://www.lifecare-hyogo.com" }, "geometry": { "type": "Point", "coordinates": [ 135.103151066270442, 35.166929105865592 ] } },
{ "type": "Feature", "properties": { "内容": "デイサービスひまり【地域密着型通所介護】兵庫県丹波市春日町黒井2306", "url": "https://www.kaigokensaku.mhlw.go.jp/28/index.php?action_kouhyou_detail_004_kani=true&JigyosyoCd=2891300200-00&ServiceCd=780&Type=search", "url2": "https://www.lifecare-hyogo.com" }, "geometry": { "type": "Point", "coordinates": [ 135.103112504387752, 35.16692260951055 ] } },
{ "type": "Feature", "properties": { "内容": "でんでん俱楽部氷上【地域密着型通所介護】兵庫県丹波市氷上横田777-1", "url": "https://www.kaigokensaku.mhlw.go.jp/28/index.php?action_kouhyou_detail_004_kani=true&JigyosyoCd=2891300275-00&ServiceCd=780&Type=search", "url2": "https://www.godai.net/denden-club/" }, "geometry": { "type": "Point", "coordinates": [ 135.04843790000001, 35.1513066 ] } },
{ "type": "Feature", "properties": { "内容": "デイサービスセンター　なごみ【地域密着型通所介護】兵庫県丹波市氷上町三方1061-2", "url": "https://www.kaigokensaku.mhlw.go.jp/28/index.php?action_kouhyou_detail_004_kani=true&JigyosyoCd=2871301012-00&ServiceCd=780&Type=search", "url2": null }, "geometry": { "type": "Point", "coordinates": [ 134.975162700000027, 35.196924 ] } },
{ "type": "Feature", "properties": { "内容": "ひまわりの里【地域密着型通所介護】兵庫県丹波市市島町下竹田103-18", "url": "https://www.kaigokensaku.mhlw.go.jp/28/index.php?action_kouhyou_detail_004_kani=true&JigyosyoCd=2871301038-00&ServiceCd=780&Type=search", "url2": "https://iseikai.co.jp/" }, "geometry": { "type": "Point", "coordinates": [ 135.142412341019309, 35.248638546676474 ] } },
{ "type": "Feature", "properties": { "内容": "デイサービスセンターあゆみ【地域密着型通所介護】兵庫県丹波市氷上町上新庄1125-2デイサービスセンターあゆみ", "url": "https://www.kaigokensaku.mhlw.go.jp/28/index.php?action_kouhyou_detail_004_kani=true&JigyosyoCd=2871301228-00&ServiceCd=780&Type=search", "url2": null }, "geometry": { "type": "Point", "coordinates": [ 135.007909299999938, 35.1854626 ] } },
{ "type": "Feature", "properties": { "内容": "デイサービスセンターわたぼうし【地域密着型通所介護】氷上町井中669-5", "url": "https://www.kaigokensaku.mhlw.go.jp/28/index.php?action_kouhyou_detail_004_kani=true&JigyosyoCd=2871301269-00&ServiceCd=780&Type=search", "url2": null }, "geometry": { "type": "Point", "coordinates": [ 135.017021600000021, 35.2102154 ] } },
{ "type": "Feature", "properties": { "内容": "デイサービス　不知庵【地域密着型通所介護】氷上町成松字甲賀４－１", "url": "https://www.kaigokensaku.mhlw.go.jp/28/index.php?action_kouhyou_detail_004_kani=true&JigyosyoCd=2871301467-00&ServiceCd=780&Type=search", "url2": null }, "geometry": { "type": "Point", "coordinates": [ 135.034889710446095, 35.176383892718057 ] } },
{ "type": "Feature", "properties": { "内容": "デイサービス善【地域密着型通所介護】兵庫県丹波市市島町南393ー2", "url": "https://www.kaigokensaku.mhlw.go.jp/28/index.php?action_kouhyou_detail_004_kani=true&JigyosyoCd=2871301582-00&ServiceCd=780&Type=search", "url2": null }, "geometry": { "type": "Point", "coordinates": [ 135.143414, 35.1953193 ] } },
{ "type": "Feature", "properties": { "内容": "アルク　歩行・リハビリ特化型デイサービス【地域密着型通所介護】兵庫県丹波市春日町黒井1028-1", "url": "https://www.kaigokensaku.mhlw.go.jp/28/index.php?action_kouhyou_detail_004_kani=true&JigyosyoCd=2891300143-00&ServiceCd=780&Type=search", "url2": "hp.kaipoke.biz/pps/" }, "geometry": { "type": "Point", "coordinates": [ 135.100267300000041, 35.1708788 ] } },
{ "type": "Feature", "properties": { "内容": "みらい機能訓練センター【地域密着型通所介護】兵庫県丹波市柏原町南多田478-1-105山忠ビル", "url": "https://www.kaigokensaku.mhlw.go.jp/28/index.php?action_kouhyou_detail_004_kani=true&JigyosyoCd=2891300218-00&ServiceCd=780&Type=search", "url2": "https://www.mirai-goudou530-yura21.com" }, "geometry": { "type": "Point", "coordinates": [ 135.061975600000011, 35.1409056 ] } },
{ "type": "Feature", "properties": { "内容": "アルク　歩行・リハビリ特化型デイサービス成松【地域密着型通所介護】兵庫県丹波市氷上町成松529−3", "url": "https://www.kaigokensaku.mhlw.go.jp/28/index.php?action_kouhyou_detail_004_kani=true&JigyosyoCd=2891300267-00&ServiceCd=780&Type=search", "url2": null }, "geometry": { "type": "Point", "coordinates": [ 135.0275567, 35.1764602 ] } },
{ "type": "Feature", "properties": { "内容": "デイサービス笑楽・福【地域密着型通所介護】兵庫県丹波市氷上町市辺835-1兵庫県丹波市氷上町市辺835-1", "url": "https://www.kaigokensaku.mhlw.go.jp/28/index.php?action_kouhyou_detail_004_kani=true&JigyosyoCd=2871301251-00&ServiceCd=780&Type=search", "url2": null }, "geometry": { "type": "Point", "coordinates": [ 135.045069799999965, 35.171275799999989 ] } },
{ "type": "Feature", "properties": { "内容": "デイサービス　笑楽・幸【地域密着型通所介護】兵庫県丹波市氷上町市辺836兵庫県丹波市氷上町市辺836", "url": "https://www.kaigokensaku.mhlw.go.jp/28/index.php?action_kouhyou_detail_004_kani=true&JigyosyoCd=2871301343-00&ServiceCd=780&Type=search", "url2": null }, "geometry": { "type": "Point", "coordinates": [ 135.045066278322679, 35.171348535344286 ] } },
{ "type": "Feature", "properties": { "内容": "デイサービスセンター　フローラせいだん【地域密着型通所介護】兵庫県南あわじ市津井1804番地2", "url": "https://www.kaigokensaku.mhlw.go.jp/28/index.php?action_kouhyou_detail_004_kani=true&JigyosyoCd=2891700144-00&ServiceCd=780&Type=search", "url2": "www.mima-gr.jp/index.html" }, "geometry": { "type": "Point", "coordinates": [ 134.6905051, 34.3212449 ] } },
{ "type": "Feature", "properties": { "内容": "デイサービスまごころ【地域密着型通所介護】兵庫県南あわじ市倭文長田1282番地", "url": "https://www.kaigokensaku.mhlw.go.jp/28/index.php?action_kouhyou_detail_004_kani=true&JigyosyoCd=2871701070-00&ServiceCd=780&Type=search", "url2": "magokoro6560152@yahoo.co.jp" }, "geometry": { "type": "Point", "coordinates": [ 134.790548700000045, 34.3230986 ] } },
{ "type": "Feature", "properties": { "内容": "幼老複合型うぃずデイサービスセンター【地域密着型通所介護】兵庫県南あわじ市松帆高屋乙158-1", "url": "https://www.kaigokensaku.mhlw.go.jp/28/index.php?action_kouhyou_detail_004_kani=true&JigyosyoCd=2891700136-00&ServiceCd=780&Type=search", "url2": "http://www.mikarikai.jp/" }, "geometry": { "type": "Point", "coordinates": [ 134.7469347, 34.3257026 ] } },
{ "type": "Feature", "properties": { "内容": "地域密着型デイサービスセンター『いっぷく』【地域密着型通所介護】兵庫県南あわじ市神代浦壁739-10", "url": "https://www.kaigokensaku.mhlw.go.jp/28/index.php?action_kouhyou_detail_004_kani=true&JigyosyoCd=2871701088-00&ServiceCd=780&Type=search", "url2": null }, "geometry": { "type": "Point", "coordinates": [ 134.793075506980671, 34.267709119663394 ] } },
{ "type": "Feature", "properties": { "内容": "第2ふるさと【地域密着型通所介護】兵庫県朝来市澤181番地", "url": "https://www.kaigokensaku.mhlw.go.jp/28/index.php?action_kouhyou_detail_004_kani=true&JigyosyoCd=2874900547-00&ServiceCd=780&Type=search", "url2": null }, "geometry": { "type": "Point", "coordinates": [ 134.818385799999987, 35.2673537 ] } },
{ "type": "Feature", "properties": { "内容": "いくの喜楽苑ディサービス「かいわ」【地域密着型通所介護】兵庫県朝来市生野町竹原野240", "url": "https://www.kaigokensaku.mhlw.go.jp/28/index.php?action_kouhyou_detail_004_kani=true&JigyosyoCd=2874900372-00&ServiceCd=780&Type=search", "url2": "https://www.kirakuen.or.jp/" }, "geometry": { "type": "Point", "coordinates": [ 134.8182129, 35.1793553 ] } },
{ "type": "Feature", "properties": { "内容": "あさがおホールデイサービスセンター【地域密着型通所介護】兵庫県朝来市新井字荒木148番地", "url": "https://www.kaigokensaku.mhlw.go.jp/28/index.php?action_kouhyou_detail_004_kani=true&JigyosyoCd=2874900497-00&ServiceCd=780&Type=search", "url2": "http:/himawari-mission.com/" }, "geometry": { "type": "Point", "coordinates": [ 134.794210199999952, 35.2362901 ] } },
{ "type": "Feature", "properties": { "内容": "デイサービスセンターさくらの苑【地域密着型通所介護】兵庫県朝来市和田山町竹田2486-10", "url": "https://www.kaigokensaku.mhlw.go.jp/28/index.php?action_kouhyou_detail_004_kani=true&JigyosyoCd=2894900162-00&ServiceCd=780&Type=search", "url2": "http://www.kobeseirei.or.jp/" }, "geometry": { "type": "Point", "coordinates": [ 134.836424568892539, 35.295611486986502 ] } },
{ "type": "Feature", "properties": { "内容": "ふるさと【地域密着型通所介護】兵庫県朝来市澤181番地", "url": "https://www.kaigokensaku.mhlw.go.jp/28/index.php?action_kouhyou_detail_004_kani=true&JigyosyoCd=2874900398-00&ServiceCd=780&Type=search", "url2": null }, "geometry": { "type": "Point", "coordinates": [ 134.818385799999987, 35.2673537 ] } },
{ "type": "Feature", "properties": { "内容": "今石産業　デイサービス未来【地域密着型通所介護】兵庫県朝来市和田山町久世田47-1", "url": "https://www.kaigokensaku.mhlw.go.jp/28/index.php?action_kouhyou_detail_004_kani=true&JigyosyoCd=2874900679-00&ServiceCd=780&Type=search", "url2": null }, "geometry": { "type": "Point", "coordinates": [ 134.83202, 35.2917844 ] } },
{ "type": "Feature", "properties": { "内容": "デイサービス　わおん【地域密着型通所介護】兵庫県朝来市石田４３１－１", "url": "https://www.kaigokensaku.mhlw.go.jp/28/index.php?action_kouhyou_detail_004_kani=true&JigyosyoCd=2874900646-00&ServiceCd=780&Type=search", "url2": "http://www.waonmusik.jp" }, "geometry": { "type": "Point", "coordinates": [ 134.812894593115317, 35.264055522039143 ] } },
{ "type": "Feature", "properties": { "内容": "デイサービスみりおん【地域密着型通所介護】兵庫県淡路市岩屋1039番地1", "url": "https://www.kaigokensaku.mhlw.go.jp/28/index.php?action_kouhyou_detail_004_kani=true&JigyosyoCd=2891600179-00&ServiceCd=780&Type=search", "url2": null }, "geometry": { "type": "Point", "coordinates": [ 135.017880847221363, 34.589272394630946 ] } },
{ "type": "Feature", "properties": { "内容": "もみじの里デイサービスセンター【地域密着型通所介護】兵庫県淡路市浅野南２－４０北淡総合福祉センター", "url": "https://www.kaigokensaku.mhlw.go.jp/28/index.php?action_kouhyou_detail_004_kani=true&JigyosyoCd=2871600892-00&ServiceCd=780&Type=search", "url2": "http://www.awaji-csw.or.jp/home/" }, "geometry": { "type": "Point", "coordinates": [ 134.913291100000038, 34.5321357 ] } },
{ "type": "Feature", "properties": { "内容": "地域密着型通所介護事業所　　リハビリデイスマイル【地域密着型通所介護】淡路市野島蟇浦６８１－２", "url": "https://www.kaigokensaku.mhlw.go.jp/28/index.php?action_kouhyou_detail_004_kani=true&JigyosyoCd=2891600161-00&ServiceCd=780&Type=search", "url2": "http://www.hwc.or.jp/awaji/" }, "geometry": { "type": "Point", "coordinates": [ 134.946759499999985, 34.558794699999986 ] } },
{ "type": "Feature", "properties": { "内容": "ゆうゆうライフデイサービスセンター【地域密着型通所介護】淡路市北山712", "url": "https://www.kaigokensaku.mhlw.go.jp/28/index.php?action_kouhyou_detail_004_kani=true&JigyosyoCd=2871600686-00&ServiceCd=780&Type=search", "url2": "http://www.awaji-csw.or.jp/home" }, "geometry": { "type": "Point", "coordinates": [ 134.8526531, 34.468445 ] } },
{ "type": "Feature", "properties": { "内容": "デイサービスセンター淡路【地域密着型通所介護】兵庫県淡路市岩屋3373", "url": "https://www.kaigokensaku.mhlw.go.jp/28/index.php?action_kouhyou_detail_004_kani=true&JigyosyoCd=2871600249-00&ServiceCd=780&Type=search", "url2": "http://www.seirei.or.jp/elderlyhome/awaji" }, "geometry": { "type": "Point", "coordinates": [ 134.9945961, 34.5862289 ] } },
{ "type": "Feature", "properties": { "内容": "デイサービスセンターくるま花水木【地域密着型通所介護】兵庫県淡路市久留麻235番地ケアビレッジくるま花水木", "url": "https://www.kaigokensaku.mhlw.go.jp/28/index.php?action_kouhyou_detail_004_kani=true&JigyosyoCd=2871601163-00&ServiceCd=780&Type=search", "url2": "http://kurumahanamizuki.com/" }, "geometry": { "type": "Point", "coordinates": [ 134.990598, 34.531953 ] } },
{ "type": "Feature", "properties": { "内容": "医療法人社団永研会あそびりクラブよりあい【地域密着型通所介護】兵庫県宍粟市山崎町高下83-1", "url": "https://www.kaigokensaku.mhlw.go.jp/28/index.php?action_kouhyou_detail_004_kani=true&JigyosyoCd=2873800573-00&ServiceCd=780&Type=search", "url2": "http://www.e-yoriai.com/" }, "geometry": { "type": "Point", "coordinates": [ 134.511403, 35.0169381 ] } },
{ "type": "Feature", "properties": { "内容": "社会福祉法人協同福祉会みどり苑Ⅱ【地域密着型通所介護】兵庫県宍粟市一宮町福野162番地", "url": "https://www.kaigokensaku.mhlw.go.jp/28/index.php?action_kouhyou_detail_004_kani=true&JigyosyoCd=2873800987-00&ServiceCd=780&Type=search", "url2": "midorien-shiso.or.jp" }, "geometry": { "type": "Point", "coordinates": [ 134.620026700000039, 35.1756818 ] } },
{ "type": "Feature", "properties": { "内容": "グリーンピース山崎【地域密着型通所介護】兵庫県宍粟市山崎町門前76-1プレーステージＲ", "url": "https://www.kaigokensaku.mhlw.go.jp/28/index.php?action_kouhyou_detail_004_kani=true&JigyosyoCd=2873801019-00&ServiceCd=780&Type=search", "url2": "グリーンピース山崎" }, "geometry": { "type": "Point", "coordinates": [ 134.532609099999945, 35.0062752 ] } },
{ "type": "Feature", "properties": { "内容": "すこやかリハビリセンター【地域密着型通所介護】兵庫県宍粟市山崎町野46-1", "url": "https://www.kaigokensaku.mhlw.go.jp/28/index.php?action_kouhyou_detail_004_kani=true&JigyosyoCd=2873800953-00&ServiceCd=780&Type=search", "url2": "https://s-riha.jp" }, "geometry": { "type": "Point", "coordinates": [ 134.5524326, 34.9940785 ] } },
{ "type": "Feature", "properties": { "内容": "デイサービスCHIAKIほおずき山崎【地域密着型通所介護】兵庫県宍粟市山崎町鹿沢73-2", "url": "https://www.kaigokensaku.mhlw.go.jp/28/index.php?action_kouhyou_detail_004_kani=true&JigyosyoCd=2873801001-00&ServiceCd=780&Type=search", "url2": "http://www.chiaki-hozuki.co.jp" }, "geometry": { "type": "Point", "coordinates": [ 134.543436, 35.0037754 ] } },
{ "type": "Feature", "properties": { "内容": "デイサービスこころ【地域密着型通所介護】兵庫県宍粟市一宮町須行名73-1", "url": "https://www.kaigokensaku.mhlw.go.jp/28/index.php?action_kouhyou_detail_004_kani=true&JigyosyoCd=2873801027-00&ServiceCd=780&Type=search", "url2": "https://www.facebook.com/profile.php?id=100010911436949" }, "geometry": { "type": "Point", "coordinates": [ 134.582358099999936, 35.085687899999982 ] } },
{ "type": "Feature", "properties": { "内容": "ぷらっとホームさつき【地域密着型通所介護】兵庫県宍粟市山崎町鹿沢182-2", "url": "https://www.kaigokensaku.mhlw.go.jp/28/index.php?action_kouhyou_detail_004_kani=true&JigyosyoCd=2873800490-00&ServiceCd=780&Type=search", "url2": "https://satuki01999.wixsite.com/home" }, "geometry": { "type": "Point", "coordinates": [ 134.535730123164882, 35.004403473637197 ] } },
{ "type": "Feature", "properties": { "内容": "デイサービス　やまのほし【地域密着型通所介護】兵庫県宍粟市波賀町小野５５番地", "url": "https://www.kaigokensaku.mhlw.go.jp/28/index.php?action_kouhyou_detail_004_kani=true&JigyosyoCd=2873800912-00&ServiceCd=780&Type=search", "url2": "https://yamanohosi,co.jp" }, "geometry": { "type": "Point", "coordinates": [ 134.556179, 35.1371262 ] } },
{ "type": "Feature", "properties": { "内容": "デイサービス大谷田井事業所【地域密着型通所介護】兵庫県宍粟市山崎町田井544-2", "url": "https://www.kaigokensaku.mhlw.go.jp/28/index.php?action_kouhyou_detail_004_kani=true&JigyosyoCd=2873801076-00&ServiceCd=780&Type=search", "url2": null }, "geometry": { "type": "Point", "coordinates": [ 134.567956400000014, 35.047589 ] } },
{ "type": "Feature", "properties": { "内容": "リハビリデイサービス大谷【地域密着型通所介護】兵庫県宍粟市山崎町鹿沢79-8", "url": "https://www.kaigokensaku.mhlw.go.jp/28/index.php?action_kouhyou_detail_004_kani=true&JigyosyoCd=2873800979-00&ServiceCd=780&Type=search", "url2": null }, "geometry": { "type": "Point", "coordinates": [ 134.53901350000001, 35.0033971 ] } },
{ "type": "Feature", "properties": { "内容": "デイサービスマイフレンド【地域密着型通所介護】兵庫県宍粟市山崎町山崎２００番５", "url": "https://www.kaigokensaku.mhlw.go.jp/28/index.php?action_kouhyou_detail_004_kani=true&JigyosyoCd=2873800904-00&ServiceCd=780&Type=search", "url2": "myfd.1109@gmail.com" }, "geometry": { "type": "Point", "coordinates": [ 134.542750169311489, 35.004729852167635 ] } },
{ "type": "Feature", "properties": { "内容": "さくらデイサービス【地域密着型通所介護】兵庫県宍粟市千種町室490-1", "url": "https://www.kaigokensaku.mhlw.go.jp/28/index.php?action_kouhyou_detail_004_kani=true&JigyosyoCd=2873800524-00&ServiceCd=780&Type=search", "url2": null }, "geometry": { "type": "Point", "coordinates": [ 134.438745199999971, 35.1461764 ] } },
{ "type": "Feature", "properties": { "内容": "特定非営利活動法人　デイホームあやとり【地域密着型通所介護】兵庫県加東市野村８９４番地", "url": "https://www.kaigokensaku.mhlw.go.jp/28/index.php?action_kouhyou_detail_004_kani=true&JigyosyoCd=2872500315-00&ServiceCd=780&Type=search", "url2": "https://r.goope.jp/deiho-muayatori/" }, "geometry": { "type": "Point", "coordinates": [ 134.93503510000005, 34.9149368 ] } },
{ "type": "Feature", "properties": { "内容": "みくさ介護ステーション【地域密着型通所介護】兵庫県加東市上三草958-81", "url": "https://www.kaigokensaku.mhlw.go.jp/28/index.php?action_kouhyou_detail_004_kani=true&JigyosyoCd=2872500190-00&ServiceCd=780&Type=search", "url2": null }, "geometry": { "type": "Point", "coordinates": [ 134.9977735, 34.9311058 ] } },
{ "type": "Feature", "properties": { "内容": "デイサービス大樹【地域密着型通所介護】兵庫県加東市黒谷1206-193", "url": "https://www.kaigokensaku.mhlw.go.jp/28/index.php?action_kouhyou_detail_004_kani=true&JigyosyoCd=2872500638-00&ServiceCd=780&Type=search", "url2": null }, "geometry": { "type": "Point", "coordinates": [ 135.068171488360605, 34.924913472870571 ] } },
{ "type": "Feature", "properties": { "内容": "四つ葉さがし通所介護事業所【地域密着型通所介護】兵庫県加東市下久米１３４４－１", "url": "https://www.kaigokensaku.mhlw.go.jp/28/index.php?action_kouhyou_detail_004_kani=true&JigyosyoCd=2872500661-00&ServiceCd=780&Type=search", "url2": null }, "geometry": { "type": "Point", "coordinates": [ 135.0186433, 34.919243 ] } },
{ "type": "Feature", "properties": { "内容": "四つ葉さがし　南山【地域密着型通所介護】兵庫県加東市南山５丁目１９番６", "url": "https://www.kaigokensaku.mhlw.go.jp/28/index.php?action_kouhyou_detail_004_kani=true&JigyosyoCd=2872500760-00&ServiceCd=780&Type=search", "url2": null }, "geometry": { "type": "Point", "coordinates": [ 135.062253199999986, 34.8910261 ] } },
{ "type": "Feature", "properties": { "内容": "リハ＆ケアステーション　ハッピースマイル【地域密着型通所介護】兵庫県加東市下滝野１２８５－２３", "url": "https://www.kaigokensaku.mhlw.go.jp/28/index.php?action_kouhyou_detail_004_kani=true&JigyosyoCd=2892500113-00&ServiceCd=780&Type=search", "url2": null }, "geometry": { "type": "Point", "coordinates": [ 134.9504498, 34.9428826 ] } },
{ "type": "Feature", "properties": { "内容": "デイサービス　ひなた【地域密着型通所介護】兵庫県たつの市龍野町中霞城１４９", "url": "https://www.kaigokensaku.mhlw.go.jp/28/index.php?action_kouhyou_detail_004_kani=true&JigyosyoCd=2873600536-00&ServiceCd=780&Type=search", "url2": null }, "geometry": { "type": "Point", "coordinates": [ 134.542526599999974, 34.8664336 ] } },
{ "type": "Feature", "properties": { "内容": "デイサービス　縁【地域密着型通所介護】たつの市龍野町北龍野４５１－１", "url": "https://www.kaigokensaku.mhlw.go.jp/28/index.php?action_kouhyou_detail_004_kani=true&JigyosyoCd=2873600668-00&ServiceCd=780&Type=search", "url2": null }, "geometry": { "type": "Point", "coordinates": [ 134.548106400000052, 34.8719857 ] } },
{ "type": "Feature", "properties": { "内容": "ＡＡマネジメント株式会社【地域密着型通所介護】兵庫県たつの市新宮町段之上655-1", "url": "https://www.kaigokensaku.mhlw.go.jp/28/index.php?action_kouhyou_detail_004_kani=true&JigyosyoCd=2893600326-00&ServiceCd=780&Type=search", "url2": null }, "geometry": { "type": "Point", "coordinates": [ 134.5450624, 34.9107377 ] } },
{ "type": "Feature", "properties": { "内容": "デイサービス咲耶【地域密着型通所介護】兵庫県たつの市御津町苅屋1367番地10", "url": "https://www.kaigokensaku.mhlw.go.jp/28/index.php?action_kouhyou_detail_004_kani=true&JigyosyoCd=2893600177-00&ServiceCd=780&Type=search", "url2": null }, "geometry": { "type": "Point", "coordinates": [ 134.57217237457661, 34.782579860294007 ] } },
{ "type": "Feature", "properties": { "内容": "ささの家【地域密着型通所介護】兵庫県たつの市新宮町下笹841-1", "url": "https://www.kaigokensaku.mhlw.go.jp/28/index.php?action_kouhyou_detail_004_kani=true&JigyosyoCd=2893600243-00&ServiceCd=780&Type=search", "url2": "http:tack1109.com" }, "geometry": { "type": "Point", "coordinates": [ 134.566669300000058, 34.939234399999982 ] } },
{ "type": "Feature", "properties": { "内容": "デイサービスセンター　オアシス＋富永【地域密着型通所介護】兵庫県たつの市龍野町富永292", "url": "https://www.kaigokensaku.mhlw.go.jp/28/index.php?action_kouhyou_detail_004_kani=true&JigyosyoCd=2893600276-00&ServiceCd=780&Type=search", "url2": "龍野中央病院ホームページ内にブログあり" }, "geometry": { "type": "Point", "coordinates": [ 134.5497609, 34.8625494 ] } },
{ "type": "Feature", "properties": { "内容": "でんでん倶楽部揖保川【地域密着型通所介護】兵庫県たつの市揖保川町正條188-1", "url": "https://www.kaigokensaku.mhlw.go.jp/28/index.php?action_kouhyou_detail_004_kani=true&JigyosyoCd=2873601047-00&ServiceCd=780&Type=search", "url2": "https://www.godai.net/denden-club/index.html" }, "geometry": { "type": "Point", "coordinates": [ 134.527700900000013, 34.8299353 ] } },
{ "type": "Feature", "properties": { "内容": "北龍野デイサービス【地域密着型通所介護】兵庫県たつの市龍野町北龍野52番地", "url": "https://www.kaigokensaku.mhlw.go.jp/28/index.php?action_kouhyou_detail_004_kani=true&JigyosyoCd=2893600292-00&ServiceCd=780&Type=search", "url2": null }, "geometry": { "type": "Point", "coordinates": [ 134.54570480000001, 34.87964740000001 ] } },
{ "type": "Feature", "properties": { "内容": "むれさきリハビリスタジオ【地域密着型通所介護】兵庫県たつの市新宮町井野原４８１番地１", "url": "https://www.kaigokensaku.mhlw.go.jp/28/index.php?action_kouhyou_detail_004_kani=true&JigyosyoCd=2873600924-00&ServiceCd=780&Type=search", "url2": "http://www.syoshikai.jp" }, "geometry": { "type": "Point", "coordinates": [ 134.549707799999965, 34.9065712 ] } },
{ "type": "Feature", "properties": { "内容": "デイサービス和（なごみ）【地域密着型通所介護】兵庫県たつの市揖保町山下466-1デイサービス和（なごみ）", "url": "https://www.kaigokensaku.mhlw.go.jp/28/index.php?action_kouhyou_detail_004_kani=true&JigyosyoCd=2873600759-00&ServiceCd=780&Type=search", "url2": "https://tatsuno-nagomi.jp/" }, "geometry": { "type": "Point", "coordinates": [ 134.544621800000016, 34.8394633 ] } },
{ "type": "Feature", "properties": { "内容": "リハビリデイサービス光楽【地域密着型通所介護】龍野町堂本262", "url": "https://www.kaigokensaku.mhlw.go.jp/28/index.php?action_kouhyou_detail_004_kani=true&JigyosyoCd=2893600250-00&ServiceCd=780&Type=search", "url2": null }, "geometry": { "type": "Point", "coordinates": [ 134.5521613, 34.8568869 ] } },
{ "type": "Feature", "properties": { "内容": "リハビリデイサービス光楽・新宮【地域密着型通所介護】新宮町井野原430-1", "url": "https://www.kaigokensaku.mhlw.go.jp/28/index.php?action_kouhyou_detail_004_kani=true&JigyosyoCd=2893600268-00&ServiceCd=780&Type=search", "url2": null }, "geometry": { "type": "Point", "coordinates": [ 134.549329100000023, 34.9077134 ] } },
{ "type": "Feature", "properties": { "内容": "リハビリデイサービス光楽園【地域密着型通所介護】兵庫県たつの市龍野町富永499-1", "url": "https://www.kaigokensaku.mhlw.go.jp/28/index.php?action_kouhyou_detail_004_kani=true&JigyosyoCd=2893600334-00&ServiceCd=780&Type=search", "url2": null }, "geometry": { "type": "Point", "coordinates": [ 134.54728750000001, 34.8548215 ] } },
{ "type": "Feature", "properties": { "内容": "デイサービスセンター布施の郷【地域密着型通所介護】揖西町竹原1285", "url": "https://www.kaigokensaku.mhlw.go.jp/28/index.php?action_kouhyou_detail_004_kani=true&JigyosyoCd=2893600318-00&ServiceCd=780&Type=search", "url2": null }, "geometry": { "type": "Point", "coordinates": [ 134.4899414, 34.8394439 ] } },
{ "type": "Feature", "properties": { "内容": "リハビリデイサービスしんまいこ【地域密着型通所介護】兵庫県たつの市御津町釜屋4-3", "url": "https://www.kaigokensaku.mhlw.go.jp/28/index.php?action_kouhyou_detail_004_kani=true&JigyosyoCd=2893600342-00&ServiceCd=780&Type=search", "url2": "https://hasua-care.com/" }, "geometry": { "type": "Point", "coordinates": [ 134.56261520000001, 34.7824304 ] } },
{ "type": "Feature", "properties": { "内容": "はなの家【地域密着型通所介護】兵庫県多可郡多可町加美区門村533", "url": "https://www.kaigokensaku.mhlw.go.jp/28/index.php?action_kouhyou_detail_004_kani=true&JigyosyoCd=2892700119-00&ServiceCd=780&Type=search", "url2": "http://hp.kaipoke.biz/pr1/" }, "geometry": { "type": "Point", "coordinates": [ 134.9218873, 35.1278864 ] } },
{ "type": "Feature", "properties": { "内容": "デイサービスセンターよつば【地域密着型通所介護】兵庫県多可郡多可町中区岸上４５３-１０", "url": "https://www.kaigokensaku.mhlw.go.jp/28/index.php?action_kouhyou_detail_004_kani=true&JigyosyoCd=2872700618-00&ServiceCd=780&Type=search", "url2": null }, "geometry": { "type": "Point", "coordinates": [ 134.92610830000001, 35.05394840000001 ] } },
{ "type": "Feature", "properties": { "内容": "宅老所　憩いのとき【地域密着型通所介護】加古郡稲美町岡７６９", "url": "https://www.kaigokensaku.mhlw.go.jp/28/index.php?action_kouhyou_detail_004_kani=true&JigyosyoCd=2872800418-00&ServiceCd=780&Type=search", "url2": null }, "geometry": { "type": "Point", "coordinates": [ 134.912423600000011, 34.7310786 ] } },
{ "type": "Feature", "properties": { "内容": "リハビリトレーニングセンターはっする【地域密着型通所介護】南野添1丁目1-23ハウスフリーデ1階", "url": "https://www.kaigokensaku.mhlw.go.jp/28/index.php?action_kouhyou_detail_004_kani=true&JigyosyoCd=2872800681-00&ServiceCd=780&Type=search", "url2": "http://www.hustle-rt.com" }, "geometry": { "type": "Point", "coordinates": [ 134.874681900000041, 34.7177261 ] } },
{ "type": "Feature", "properties": { "内容": "小規模デイサービス夢【地域密着型通所介護】兵庫県加古郡播磨町北野添3丁目1番26号", "url": "https://www.kaigokensaku.mhlw.go.jp/28/index.php?action_kouhyou_detail_004_kani=true&JigyosyoCd=2872800665-00&ServiceCd=780&Type=search", "url2": "http://www.dream-yume.com" }, "geometry": { "type": "Point", "coordinates": [ 134.882860199999982, 34.7210738 ] } },
{ "type": "Feature", "properties": { "内容": "デイサービスＣＨＩＡＫＩほおずき福崎【地域密着型通所介護】神崎郡福崎町南田原757-1", "url": "https://www.kaigokensaku.mhlw.go.jp/28/index.php?action_kouhyou_detail_004_kani=true&JigyosyoCd=2873400671-00&ServiceCd=780&Type=search", "url2": "http://www.chiaki-hozuki.co.jp" }, "geometry": { "type": "Point", "coordinates": [ 134.757223299999964, 34.9422971 ] } },
{ "type": "Feature", "properties": { "内容": "リハビリデイサービスふくさき【地域密着型通所介護】兵庫県神崎郡福崎町南田原1933-1", "url": "https://www.kaigokensaku.mhlw.go.jp/28/index.php?action_kouhyou_detail_004_kani=true&JigyosyoCd=2873401216-00&ServiceCd=780&Type=search", "url2": "http://kango-fukusaki.jp" }, "geometry": { "type": "Point", "coordinates": [ 134.768573261399666, 34.948997478216086 ] } },
{ "type": "Feature", "properties": { "内容": "リハビリデイサービス心【地域密着型通所介護】兵庫県神崎郡神河町粟賀町３６３番地マックスバリュ神河", "url": "https://www.kaigokensaku.mhlw.go.jp/28/index.php?action_kouhyou_detail_004_kani=true&JigyosyoCd=2873401166-00&ServiceCd=780&Type=search", "url2": null }, "geometry": { "type": "Point", "coordinates": [ 134.773135599999932, 35.0671325 ] } },
{ "type": "Feature", "properties": { "内容": "デイサービス清か【地域密着型通所介護】兵庫県揖保郡太子町東保419-11", "url": "https://www.kaigokensaku.mhlw.go.jp/28/index.php?action_kouhyou_detail_004_kani=true&JigyosyoCd=2874100734-00&ServiceCd=780&Type=search", "url2": null }, "geometry": { "type": "Point", "coordinates": [ 134.5881508, 34.8364576 ] } },
{ "type": "Feature", "properties": { "内容": "地域密着型デイサービスソラストももか太子【地域密着型通所介護】兵庫県揖保郡太子町下阿曽15-1", "url": "https://www.kaigokensaku.mhlw.go.jp/28/index.php?action_kouhyou_detail_004_kani=true&JigyosyoCd=2894100078-00&ServiceCd=780&Type=search", "url2": null }, "geometry": { "type": "Point", "coordinates": [ 134.570311358583041, 34.831445144780616 ] } },
{ "type": "Feature", "properties": { "内容": "機能訓練型デイサービス健やかな木【地域密着型通所介護】兵庫県揖保郡太子町矢田部382-3-101", "url": "https://www.kaigokensaku.mhlw.go.jp/28/index.php?action_kouhyou_detail_004_kani=true&JigyosyoCd=2874100742-00&ServiceCd=780&Type=search", "url2": "https://sukoyakanaki.com/" }, "geometry": { "type": "Point", "coordinates": [ 134.586547553967279, 34.824974685391155 ] } },
{ "type": "Feature", "properties": { "内容": "デイサービスセンター　さくらの家【地域密着型通所介護】兵庫県赤穂郡上郡町竹万１２０６", "url": "https://www.kaigokensaku.mhlw.go.jp/28/index.php?action_kouhyou_detail_004_kani=true&JigyosyoCd=2873900282-00&ServiceCd=780&Type=search", "url2": null }, "geometry": { "type": "Point", "coordinates": [ 134.3604838, 34.8568731 ] } },
{ "type": "Feature", "properties": { "内容": "特別養護老人ホーム　祐あいホーム上月【地域密着型通所介護】兵庫県佐用郡佐用町福吉７０５番地", "url": "https://www.kaigokensaku.mhlw.go.jp/28/index.php?action_kouhyou_detail_004_kani=true&JigyosyoCd=2873700112-00&ServiceCd=780&Type=search", "url2": "http://www.seifukai.or.jp" }, "geometry": { "type": "Point", "coordinates": [ 134.309276054106164, 35.011356196621314 ] } },
{ "type": "Feature", "properties": { "内容": "古民家デイひだまり【地域密着型通所介護】西下野777番地", "url": "https://www.kaigokensaku.mhlw.go.jp/28/index.php?action_kouhyou_detail_004_kani=true&JigyosyoCd=2873700377-00&ServiceCd=780&Type=search", "url2": null }, "geometry": { "type": "Point", "coordinates": [ 134.43210863981173, 35.043743049918142 ] } },
{ "type": "Feature", "properties": { "内容": "デイサービス　どんぐり【地域密着型通所介護】兵庫県美方郡香美町村岡区入江712-1", "url": "https://www.kaigokensaku.mhlw.go.jp/28/index.php?action_kouhyou_detail_004_kani=true&JigyosyoCd=2894700075-00&ServiceCd=780&Type=search", "url2": "http://dayservice-donguri.jp/" }, "geometry": { "type": "Point", "coordinates": [ 134.573217439286822, 35.502615235571845 ] } },
{ "type": "Feature", "properties": { "内容": "デイサービスいそうの花【地域密着型通所介護】兵庫県美方郡香美町村岡区川会１３番地１", "url": "https://www.kaigokensaku.mhlw.go.jp/28/index.php?action_kouhyou_detail_004_kani=true&JigyosyoCd=2874700293-00&ServiceCd=780&Type=search", "url2": "http://www.eonet.ne.jp/~kobushien/" }, "geometry": { "type": "Point", "coordinates": [ 134.573213900000042, 35.5000043 ] } },
{ "type": "Feature", "properties": { "内容": "こぶしの里通所介護事業所【地域密着型通所介護】兵庫県美方郡香美町小代区神水595番地2", "url": "https://www.kaigokensaku.mhlw.go.jp/28/index.php?action_kouhyou_detail_004_kani=true&JigyosyoCd=2874700194-00&ServiceCd=780&Type=search", "url2": "http://kobushinosato.jp/" }, "geometry": { "type": "Point", "coordinates": [ 134.5464504, 35.4673338 ] } },
{ "type": "Feature", "properties": { "内容": "香美町社会福祉協議会　村岡通所介護事業所【地域密着型通所介護】兵庫県美方郡香美町村岡区村岡305-1香美町村岡老人福祉センター", "url": "https://www.kaigokensaku.mhlw.go.jp/28/index.php?action_kouhyou_detail_004_kani=true&JigyosyoCd=2874700335-00&ServiceCd=780&Type=search", "url2": "https://www.kami-shakyo.org/care/304/" }, "geometry": { "type": "Point", "coordinates": [ 134.5939893, 35.472173300000044 ] } },
{ "type": "Feature", "properties": { "内容": "デイサービス　知恵の輪【地域密着型通所介護】兵庫県美方郡香美町香住区余部2739-2", "url": "https://www.kaigokensaku.mhlw.go.jp/28/index.php?action_kouhyou_detail_004_kani=true&JigyosyoCd=2874700517-00&ServiceCd=780&Type=search", "url2": "https:kamadagroup.jp/" }, "geometry": { "type": "Point", "coordinates": [ 134.558289699999932, 35.6501273 ] } },
{ "type": "Feature", "properties": { "内容": "特別養護老人ホームゆむら　通所介護事業所【地域密着型通所介護】兵庫県美方郡新温泉町歌長字熊田６００番地", "url": "https://www.kaigokensaku.mhlw.go.jp/28/index.php?action_kouhyou_detail_004_kani=true&JigyosyoCd=2874700210-00&ServiceCd=780&Type=search", "url2": "https://tokuyo-yumura.com/" }, "geometry": { "type": "Point", "coordinates": [ 134.501548899999989, 35.546263 ] } },
{ "type": "Feature", "properties": { "内容": "特定非営利活動法人にーず【地域密着型通所介護】兵庫県美方郡新温泉町浜坂2488", "url": "https://www.kaigokensaku.mhlw.go.jp/28/index.php?action_kouhyou_detail_004_kani=true&JigyosyoCd=2874700319-00&ServiceCd=780&Type=search", "url2": null }, "geometry": { "type": "Point", "coordinates": [ 134.446614100000033, 35.6174514 ] } },
{ "type": "Feature", "properties": { "内容": "新温泉町社会福祉協議会浜坂デイサービスセンター【地域密着型通所介護】兵庫県美方郡新温泉町二日市１９４－２", "url": "https://www.kaigokensaku.mhlw.go.jp/28/index.php?action_kouhyou_detail_004_kani=true&JigyosyoCd=2874700392-00&ServiceCd=780&Type=search", "url2": "http://shakyoshinonsen.wix.com/shakyo" }, "geometry": { "type": "Point", "coordinates": [ 134.475907299999989, 35.6179898 ] } },
{ "type": "Feature", "properties": { "内容": "もみじデイサービスセンター【地域密着型通所介護】兵庫県美方郡新温泉町湯１０１９新温泉町保健福祉センター", "url": "https://www.kaigokensaku.mhlw.go.jp/28/index.php?action_kouhyou_detail_004_kani=true&JigyosyoCd=2874700400-00&ServiceCd=780&Type=search", "url2": "http://syakyoshinonsen.wixsite.com" }, "geometry": { "type": "Point", "coordinates": [ 134.49308, 35.551724 ] } }
]
}
