{
"type": "FeatureCollection",
"name": "geo_28_小学校",
"crs": { "type": "name", "properties": { "name": "urn:ogc:def:crs:EPSG::6668" } },
"features": [
{ "type": "Feature", "properties": { "P29_001": "28101", "P29_002": "B128210000017", "P29_003": "16001", "P29_004": "神戸市立東灘小学校", "P29_005": "兵庫県神戸市東灘区深江北町2-4-1", "P29_006": "3", "P29_007": "1", "P29_008": "00", "P29_009": null }, "geometry": { "type": "Point", "coordinates": [ 135.294500236697388, 34.724833699319554 ] } },
{ "type": "Feature", "properties": { "P29_001": "28101", "P29_002": "B128210000026", "P29_003": "16001", "P29_004": "神戸市立本庄小学校", "P29_005": "兵庫県神戸市東灘区青木4-4-1", "P29_006": "3", "P29_007": "1", "P29_008": "00", "P29_009": null }, "geometry": { "type": "Point", "coordinates": [ 135.288481059162137, 34.72104164365178 ] } },
{ "type": "Feature", "properties": { "P29_001": "28101", "P29_002": "B128210000035", "P29_003": "16001", "P29_004": "神戸市立魚崎小学校", "P29_005": "兵庫県神戸市東灘区魚崎中町4-10-8", "P29_006": "3", "P29_007": "1", "P29_008": "00", "P29_009": null }, "geometry": { "type": "Point", "coordinates": [ 135.271225607014259, 34.71497396508731 ] } },
{ "type": "Feature", "properties": { "P29_001": "28101", "P29_002": "B128210000044", "P29_003": "16001", "P29_004": "神戸市立本山第一小学校", "P29_005": "兵庫県神戸市東灘区本山北町3-10-1", "P29_006": "3", "P29_007": "1", "P29_008": "00", "P29_009": null }, "geometry": { "type": "Point", "coordinates": [ 135.278914705487239, 34.728920838916913 ] } },
{ "type": "Feature", "properties": { "P29_001": "28101", "P29_002": "B128210000053", "P29_003": "16001", "P29_004": "神戸市立本山第二小学校", "P29_005": "兵庫県神戸市東灘区西岡本1-3-1", "P29_006": "3", "P29_007": "1", "P29_008": "00", "P29_009": null }, "geometry": { "type": "Point", "coordinates": [ 135.270103500534077, 34.725468470724458 ] } },
{ "type": "Feature", "properties": { "P29_001": "28101", "P29_002": "B128210000062", "P29_003": "16001", "P29_004": "神戸市立本山第三小学校", "P29_005": "兵庫県神戸市東灘区本山中町1-2-35", "P29_006": "3", "P29_007": "1", "P29_008": "00", "P29_009": null }, "geometry": { "type": "Point", "coordinates": [ 135.286473493869778, 34.728093901358029 ] } },
{ "type": "Feature", "properties": { "P29_001": "28101", "P29_002": "B128210000071", "P29_003": "16001", "P29_004": "神戸市立住吉小学校", "P29_005": "兵庫県神戸市東灘区住吉東町4-1-31", "P29_006": "3", "P29_007": "1", "P29_008": "00", "P29_009": null }, "geometry": { "type": "Point", "coordinates": [ 135.264495544741067, 34.71731799622426 ] } },
{ "type": "Feature", "properties": { "P29_001": "28101", "P29_002": "B128210000080", "P29_003": "16001", "P29_004": "神戸市立御影小学校", "P29_005": "兵庫県神戸市東灘区御影石町3-1-1", "P29_006": "3", "P29_007": "1", "P29_008": "00", "P29_009": null }, "geometry": { "type": "Point", "coordinates": [ 135.251548868598832, 34.714823848385933 ] } },
{ "type": "Feature", "properties": { "P29_001": "28101", "P29_002": "B128210000099", "P29_003": "16001", "P29_004": "神戸市立御影北小学校", "P29_005": "兵庫県神戸市東灘区御影山手1-12-1", "P29_006": "3", "P29_007": "1", "P29_008": "00", "P29_009": null }, "geometry": { "type": "Point", "coordinates": [ 135.248841600497002, 34.724634798274337 ] } },
{ "type": "Feature", "properties": { "P29_001": "28101", "P29_002": "B128210000106", "P29_003": "16001", "P29_004": "神戸市立渦が森小学校", "P29_005": "兵庫県神戸市東灘区渦森台1-12-1", "P29_006": "3", "P29_007": "1", "P29_008": "00", "P29_009": null }, "geometry": { "type": "Point", "coordinates": [ 135.250345075441572, 34.738976480577051 ] } },
{ "type": "Feature", "properties": { "P29_001": "28101", "P29_002": "B128210000115", "P29_003": "16001", "P29_004": "神戸市立本山南小学校", "P29_005": "兵庫県神戸市東灘区本山南町8-2-1", "P29_006": "3", "P29_007": "1", "P29_008": "00", "P29_009": null }, "geometry": { "type": "Point", "coordinates": [ 135.282508836138362, 34.723556833423203 ] } },
{ "type": "Feature", "properties": { "P29_001": "28101", "P29_002": "B128210000124", "P29_003": "16001", "P29_004": "神戸市立福池小学校", "P29_005": "兵庫県神戸市東灘区本山南町4-4-28", "P29_006": "3", "P29_007": "1", "P29_008": "00", "P29_009": null }, "geometry": { "type": "Point", "coordinates": [ 135.278774602020945, 34.721305487109298 ] } },
{ "type": "Feature", "properties": { "P29_001": "28101", "P29_002": "B128210000133", "P29_003": "16001", "P29_004": "神戸市立向洋小学校", "P29_005": "兵庫県神戸市東灘区向洋町中6", "P29_006": "3", "P29_007": "1", "P29_008": "00", "P29_009": null }, "geometry": { "type": "Point", "coordinates": [ 135.264626868858215, 34.687897365243487 ] } },
{ "type": "Feature", "properties": { "P29_001": "28102", "P29_002": "B128210000151", "P29_003": "16001", "P29_004": "神戸市立成徳小学校", "P29_005": "兵庫県神戸市灘区備後町1-3-1", "P29_006": "3", "P29_007": "1", "P29_008": "00", "P29_009": null }, "geometry": { "type": "Point", "coordinates": [ 135.241949672993655, 34.715176165740054 ] } },
{ "type": "Feature", "properties": { "P29_001": "28102", "P29_002": "B128210000160", "P29_003": "16001", "P29_004": "神戸市立高羽小学校", "P29_005": "兵庫県神戸市灘区高羽町3-11-11", "P29_006": "3", "P29_007": "1", "P29_008": "00", "P29_009": null }, "geometry": { "type": "Point", "coordinates": [ 135.239039564645878, 34.723439248760634 ] } },
{ "type": "Feature", "properties": { "P29_001": "28102", "P29_002": "B128210000179", "P29_003": "16001", "P29_004": "神戸市立西郷小学校", "P29_005": "兵庫県神戸市灘区大石東町6-2-1", "P29_006": "3", "P29_007": "1", "P29_008": "00", "P29_009": null }, "geometry": { "type": "Point", "coordinates": [ 135.233162912455953, 34.706869919381504 ] } },
{ "type": "Feature", "properties": { "P29_001": "28102", "P29_002": "B128210000188", "P29_003": "16001", "P29_004": "神戸市立六甲小学校", "P29_005": "兵庫県神戸市灘区八幡町4-4-1", "P29_006": "3", "P29_007": "1", "P29_008": "00", "P29_009": null }, "geometry": { "type": "Point", "coordinates": [ 135.233555816929254, 34.717685461825369 ] } },
{ "type": "Feature", "properties": { "P29_001": "28102", "P29_002": "B128210000197", "P29_003": "16001", "P29_004": "神戸市立西灘小学校", "P29_005": "兵庫県神戸市灘区船寺通3-4-2", "P29_006": "3", "P29_007": "1", "P29_008": "00", "P29_009": null }, "geometry": { "type": "Point", "coordinates": [ 135.227813920874524, 34.707796184043424 ] } },
{ "type": "Feature", "properties": { "P29_001": "28102", "P29_002": "B128210000204", "P29_003": "16001", "P29_004": "神戸市立稗田小学校", "P29_005": "兵庫県神戸市灘区岸地通4-2-1", "P29_006": "3", "P29_007": "1", "P29_008": "00", "P29_009": null }, "geometry": { "type": "Point", "coordinates": [ 135.222512161900283, 34.711385001761798 ] } },
{ "type": "Feature", "properties": { "P29_001": "28102", "P29_002": "B128210000213", "P29_003": "16001", "P29_004": "神戸市立美野丘小学校", "P29_005": "兵庫県神戸市灘区箕岡通1-3-17", "P29_006": "3", "P29_007": "1", "P29_008": "00", "P29_009": null }, "geometry": { "type": "Point", "coordinates": [ 135.221187398500973, 34.72308488043673 ] } },
{ "type": "Feature", "properties": { "P29_001": "28102", "P29_002": "B128210000222", "P29_003": "16001", "P29_004": "神戸市立摩耶小学校", "P29_005": "兵庫県神戸市灘区畑原通4-1-1", "P29_006": "3", "P29_007": "1", "P29_008": "00", "P29_009": null }, "geometry": { "type": "Point", "coordinates": [ 135.220600962577151, 34.715742076672875 ] } },
{ "type": "Feature", "properties": { "P29_001": "28102", "P29_002": "B128210000231", "P29_003": "16001", "P29_004": "神戸市立福住小学校", "P29_005": "兵庫県神戸市灘区福住通7-1-1", "P29_006": "3", "P29_007": "1", "P29_008": "00", "P29_009": null }, "geometry": { "type": "Point", "coordinates": [ 135.218418327454998, 34.713149366859426 ] } },
{ "type": "Feature", "properties": { "P29_001": "28102", "P29_002": "B128210000240", "P29_003": "16001", "P29_004": "神戸市立鶴甲小学校", "P29_005": "兵庫県神戸市灘区鶴甲2-10-1", "P29_006": "3", "P29_007": "1", "P29_008": "00", "P29_009": null }, "geometry": { "type": "Point", "coordinates": [ 135.23646471867707, 34.733625474729799 ] } },
{ "type": "Feature", "properties": { "P29_001": "28102", "P29_002": "B128210000259", "P29_003": "16001", "P29_004": "神戸市立灘小学校", "P29_005": "兵庫県神戸市灘区千旦通1-5-1", "P29_006": "3", "P29_007": "1", "P29_008": "00", "P29_009": null }, "geometry": { "type": "Point", "coordinates": [ 135.232447483264224, 34.713403181819842 ] } },
{ "type": "Feature", "properties": { "P29_001": "28110", "P29_002": "B128210000277", "P29_003": "16001", "P29_004": "神戸市立上筒井小学校", "P29_005": "兵庫県神戸市中央区野崎通1-1-2", "P29_006": "3", "P29_007": "1", "P29_008": "00", "P29_009": null }, "geometry": { "type": "Point", "coordinates": [ 135.211398169383216, 34.710687789444009 ] } },
{ "type": "Feature", "properties": { "P29_001": "28110", "P29_002": "B128210000286", "P29_003": "16001", "P29_004": "神戸市立宮本小学校", "P29_005": "兵庫県神戸市中央区宮本通2-1-36", "P29_006": "3", "P29_007": "1", "P29_008": "00", "P29_009": null }, "geometry": { "type": "Point", "coordinates": [ 135.211752253161904, 34.706805653380734 ] } },
{ "type": "Feature", "properties": { "P29_001": "28110", "P29_002": "B128210000295", "P29_003": "16001", "P29_004": "神戸市立春日野小学校", "P29_005": "兵庫県神戸市中央区宮本通7-1-6", "P29_006": "3", "P29_007": "1", "P29_008": "00", "P29_009": null }, "geometry": { "type": "Point", "coordinates": [ 135.206204606150891, 34.705693927989721 ] } },
{ "type": "Feature", "properties": { "P29_001": "28110", "P29_002": "B128210000302", "P29_003": "16001", "P29_004": "神戸市立雲中小学校", "P29_005": "兵庫県神戸市中央区熊内町3-1-7", "P29_006": "3", "P29_007": "1", "P29_008": "00", "P29_009": null }, "geometry": { "type": "Point", "coordinates": [ 135.199782269680725, 34.705731767210807 ] } },
{ "type": "Feature", "properties": { "P29_001": "28110", "P29_002": "B128210000311", "P29_003": "16001", "P29_004": "神戸市立中央小学校", "P29_005": "兵庫県神戸市中央区神若通7-1-1", "P29_006": "3", "P29_007": "1", "P29_008": "00", "P29_009": null }, "geometry": { "type": "Point", "coordinates": [ 135.199649935740752, 34.701940262855736 ] } },
{ "type": "Feature", "properties": { "P29_001": "28110", "P29_002": "B128210000320", "P29_003": "16001", "P29_004": "神戸市立なぎさ小学校", "P29_005": "兵庫県神戸市中央区脇浜海岸通2-4-1", "P29_006": "3", "P29_007": "1", "P29_008": "00", "P29_009": null }, "geometry": { "type": "Point", "coordinates": [ 135.21078493422857, 34.697697444860857 ] } },
{ "type": "Feature", "properties": { "P29_001": "28110", "P29_002": "B128210000339", "P29_003": "16001", "P29_004": "神戸市立湊小学校", "P29_005": "兵庫県神戸市中央区東川崎町1-4-1", "P29_006": "3", "P29_007": "1", "P29_008": "00", "P29_009": null }, "geometry": { "type": "Point", "coordinates": [ 135.180841157089816, 34.676590945919699 ] } },
{ "type": "Feature", "properties": { "P29_001": "28110", "P29_002": "B128210000348", "P29_003": "16001", "P29_004": "神戸市立こうべ小学校", "P29_005": "兵庫県神戸市中央区中山手通4-23-2", "P29_006": "3", "P29_007": "1", "P29_008": "00", "P29_009": null }, "geometry": { "type": "Point", "coordinates": [ 135.182525761891412, 34.693518664317288 ] } },
{ "type": "Feature", "properties": { "P29_001": "28110", "P29_002": "B128210000357", "P29_003": "16001", "P29_004": "神戸市立山の手小学校", "P29_005": "兵庫県神戸市中央区中山手通7-31-1", "P29_006": "3", "P29_007": "1", "P29_008": "00", "P29_009": null }, "geometry": { "type": "Point", "coordinates": [ 135.175745358176357, 34.690663440137278 ] } },
{ "type": "Feature", "properties": { "P29_001": "28105", "P29_002": "B128210000366", "P29_003": "16001", "P29_004": "神戸市立水木小学校", "P29_005": "兵庫県神戸市兵庫区水木通9-1-8", "P29_006": "3", "P29_007": "1", "P29_008": "00", "P29_009": null }, "geometry": { "type": "Point", "coordinates": [ 135.159228817918915, 34.670542723722988 ] } },
{ "type": "Feature", "properties": { "P29_001": "28105", "P29_002": "B128210000375", "P29_003": "16001", "P29_004": "神戸市立和田岬小学校", "P29_005": "兵庫県神戸市兵庫区和田宮通6-1-18", "P29_006": "3", "P29_007": "1", "P29_008": "00", "P29_009": null }, "geometry": { "type": "Point", "coordinates": [ 135.175242674326228, 34.655241760509398 ] } },
{ "type": "Feature", "properties": { "P29_001": "28105", "P29_002": "B128210000384", "P29_003": "16001", "P29_004": "神戸市立明親小学校", "P29_005": "兵庫県神戸市兵庫区須佐野通4-1-19", "P29_006": "3", "P29_007": "1", "P29_008": "00", "P29_009": null }, "geometry": { "type": "Point", "coordinates": [ 135.165584365016258, 34.665333694153077 ] } },
{ "type": "Feature", "properties": { "P29_001": "28105", "P29_002": "B128210000393", "P29_003": "16001", "P29_004": "神戸市立浜山小学校", "P29_005": "兵庫県神戸市兵庫区材木町4-2", "P29_006": "3", "P29_007": "1", "P29_008": "00", "P29_009": null }, "geometry": { "type": "Point", "coordinates": [ 135.166292603398205, 34.657795788645707 ] } },
{ "type": "Feature", "properties": { "P29_001": "28105", "P29_002": "B128210000400", "P29_003": "16001", "P29_004": "神戸市立兵庫大開小学校", "P29_005": "兵庫県神戸市兵庫区大開通4-1-39", "P29_006": "3", "P29_007": "1", "P29_008": "00", "P29_009": null }, "geometry": { "type": "Point", "coordinates": [ 135.166551498565326, 34.673701165593968 ] } },
{ "type": "Feature", "properties": { "P29_001": "28105", "P29_002": "B128210000419", "P29_003": "16001", "P29_004": "神戸市立会下山小学校", "P29_005": "兵庫県神戸市兵庫区上沢通1-3-26", "P29_006": "3", "P29_007": "1", "P29_008": "00", "P29_009": null }, "geometry": { "type": "Point", "coordinates": [ 135.165192534138555, 34.679206248790031 ] } },
{ "type": "Feature", "properties": { "P29_001": "28105", "P29_002": "B128210000437", "P29_003": "16001", "P29_004": "神戸市立神戸祇園小学校", "P29_005": "兵庫県神戸市兵庫区下三条町11-1", "P29_006": "3", "P29_007": "1", "P29_008": "00", "P29_009": null }, "geometry": { "type": "Point", "coordinates": [ 135.166980506310267, 34.687658284379623 ] } },
{ "type": "Feature", "properties": { "P29_001": "28106", "P29_002": "B128210000446", "P29_003": "16001", "P29_004": "神戸市立室内小学校", "P29_005": "兵庫県神戸市長田区前原町1-17-1", "P29_006": "3", "P29_007": "1", "P29_008": "00", "P29_009": null }, "geometry": { "type": "Point", "coordinates": [ 135.154232851251294, 34.673284045289087 ] } },
{ "type": "Feature", "properties": { "P29_001": "28106", "P29_002": "B128210000455", "P29_003": "16001", "P29_004": "神戸市立名倉小学校", "P29_005": "兵庫県神戸市長田区房王寺町4-7-15", "P29_006": "3", "P29_007": "1", "P29_008": "00", "P29_009": null }, "geometry": { "type": "Point", "coordinates": [ 135.148183846905511, 34.679888686835135 ] } },
{ "type": "Feature", "properties": { "P29_001": "28106", "P29_002": "B128210000464", "P29_003": "16001", "P29_004": "神戸市立宮川小学校", "P29_005": "兵庫県神戸市長田区長田町4-1-1", "P29_006": "3", "P29_007": "1", "P29_008": "00", "P29_009": null }, "geometry": { "type": "Point", "coordinates": [ 135.147377463053459, 34.672042752848 ] } },
{ "type": "Feature", "properties": { "P29_001": "28106", "P29_002": "B128210000473", "P29_003": "16001", "P29_004": "神戸市立池田小学校", "P29_005": "兵庫県神戸市長田区池田上町19", "P29_006": "3", "P29_007": "1", "P29_008": "00", "P29_009": null }, "geometry": { "type": "Point", "coordinates": [ 135.144966162853791, 34.668006892643497 ] } },
{ "type": "Feature", "properties": { "P29_001": "28106", "P29_002": "B128210000482", "P29_003": "16001", "P29_004": "神戸市立蓮池小学校", "P29_005": "兵庫県神戸市長田区大谷町1-1-10", "P29_006": "3", "P29_007": "1", "P29_008": "00", "P29_009": null }, "geometry": { "type": "Point", "coordinates": [ 135.143261190454467, 34.662275875169684 ] } },
{ "type": "Feature", "properties": { "P29_001": "28106", "P29_002": "B128210000491", "P29_003": "16001", "P29_004": "神戸市立長田小学校", "P29_005": "兵庫県神戸市長田区西山町2-4-1", "P29_006": "3", "P29_007": "1", "P29_008": "00", "P29_009": null }, "geometry": { "type": "Point", "coordinates": [ 135.143324426530313, 34.67218981172001 ] } },
{ "type": "Feature", "properties": { "P29_001": "28106", "P29_002": "B128210000507", "P29_003": "16001", "P29_004": "神戸市立五位の池小学校", "P29_005": "兵庫県神戸市長田区五位ノ池町2-3-1", "P29_006": "3", "P29_007": "1", "P29_008": "00", "P29_009": null }, "geometry": { "type": "Point", "coordinates": [ 135.136326755217539, 34.666044538325892 ] } },
{ "type": "Feature", "properties": { "P29_001": "28106", "P29_002": "B128210000516", "P29_003": "16001", "P29_004": "神戸市立御蔵小学校", "P29_005": "兵庫県神戸市長田区1番町4-1", "P29_006": "3", "P29_007": "1", "P29_008": "00", "P29_009": null }, "geometry": { "type": "Point", "coordinates": [ 135.155080100064254, 34.666245865092193 ] } },
{ "type": "Feature", "properties": { "P29_001": "28106", "P29_002": "B128210000525", "P29_003": "16001", "P29_004": "神戸市立真野小学校", "P29_005": "兵庫県神戸市長田区苅藻通3-4-32", "P29_006": "3", "P29_007": "1", "P29_008": "00", "P29_009": null }, "geometry": { "type": "Point", "coordinates": [ 135.154358452892495, 34.657351306076393 ] } },
{ "type": "Feature", "properties": { "P29_001": "28106", "P29_002": "B128210000534", "P29_003": "16001", "P29_004": "神戸市立真陽小学校", "P29_005": "兵庫県神戸市長田区二葉町1-5-5", "P29_006": "3", "P29_007": "1", "P29_008": "00", "P29_009": null }, "geometry": { "type": "Point", "coordinates": [ 135.151355854789188, 34.655404293272497 ] } },
{ "type": "Feature", "properties": { "P29_001": "28106", "P29_002": "B128210000543", "P29_003": "16001", "P29_004": "神戸市立長田南小学校", "P29_005": "兵庫県神戸市長田区神楽町1-3-1", "P29_006": "3", "P29_007": "1", "P29_008": "00", "P29_009": null }, "geometry": { "type": "Point", "coordinates": [ 135.150014563370632, 34.661884281490643 ] } },
{ "type": "Feature", "properties": { "P29_001": "28106", "P29_002": "B128210000552", "P29_003": "16001", "P29_004": "神戸市立駒ケ林小学校", "P29_005": "兵庫県神戸市長田区野田町6-1-16", "P29_006": "3", "P29_007": "1", "P29_008": "00", "P29_009": null }, "geometry": { "type": "Point", "coordinates": [ 135.141540411028274, 34.649989578886682 ] } },
{ "type": "Feature", "properties": { "P29_001": "28106", "P29_002": "B128210000561", "P29_003": "16001", "P29_004": "神戸市立丸山ひばり小学校", "P29_005": "兵庫県神戸市長田区西丸山町3-2-1", "P29_006": "3", "P29_007": "1", "P29_008": "00", "P29_009": null }, "geometry": { "type": "Point", "coordinates": [ 135.137674990760047, 34.686380205091311 ] } },
{ "type": "Feature", "properties": { "P29_001": "28107", "P29_002": "B128210000570", "P29_003": "16001", "P29_004": "神戸市立若宮小学校", "P29_005": "兵庫県神戸市須磨区若宮町2-1-21", "P29_006": "3", "P29_007": "1", "P29_008": "00", "P29_009": null }, "geometry": { "type": "Point", "coordinates": [ 135.131837079834526, 34.646328521722047 ] } },
{ "type": "Feature", "properties": { "P29_001": "28107", "P29_002": "B128210000589", "P29_003": "16001", "P29_004": "神戸市立西須磨小学校", "P29_005": "兵庫県神戸市須磨区行幸町3-4-18", "P29_006": "3", "P29_007": "1", "P29_008": "00", "P29_009": null }, "geometry": { "type": "Point", "coordinates": [ 135.120309903458747, 34.646520865483822 ] } },
{ "type": "Feature", "properties": { "P29_001": "28107", "P29_002": "B128210000598", "P29_003": "16001", "P29_004": "神戸市立北須磨小学校", "P29_005": "兵庫県神戸市須磨区離宮西町2-1-1", "P29_006": "3", "P29_007": "1", "P29_008": "00", "P29_009": null }, "geometry": { "type": "Point", "coordinates": [ 135.115303822960385, 34.652687170780375 ] } },
{ "type": "Feature", "properties": { "P29_001": "28107", "P29_002": "B128210000605", "P29_003": "16001", "P29_004": "神戸市立多井畑小学校", "P29_005": "兵庫県神戸市須磨区友が丘3-106", "P29_006": "3", "P29_007": "1", "P29_008": "00", "P29_009": null }, "geometry": { "type": "Point", "coordinates": [ 135.094377951088575, 34.668625480432766 ] } },
{ "type": "Feature", "properties": { "P29_001": "28107", "P29_002": "B128210000614", "P29_003": "16001", "P29_004": "神戸市立板宿小学校", "P29_005": "兵庫県神戸市須磨区菊池町1-1-1", "P29_006": "3", "P29_007": "1", "P29_008": "00", "P29_009": null }, "geometry": { "type": "Point", "coordinates": [ 135.133158782968167, 34.663070526321036 ] } },
{ "type": "Feature", "properties": { "P29_001": "28107", "P29_002": "B128210000623", "P29_003": "16001", "P29_004": "神戸市立東須磨小学校", "P29_005": "兵庫県神戸市須磨区堀池町1-2-1", "P29_006": "3", "P29_007": "1", "P29_008": "00", "P29_009": null }, "geometry": { "type": "Point", "coordinates": [ 135.127725650831906, 34.65484937273051 ] } },
{ "type": "Feature", "properties": { "P29_001": "28107", "P29_002": "B128210000632", "P29_003": "16001", "P29_004": "神戸市立妙法寺小学校", "P29_005": "兵庫県神戸市須磨区妙法寺字桜界地106-1", "P29_006": "3", "P29_007": "1", "P29_008": "00", "P29_009": null }, "geometry": { "type": "Point", "coordinates": [ 135.117049810924271, 34.676176010464694 ] } },
{ "type": "Feature", "properties": { "P29_001": "28107", "P29_002": "B128210000641", "P29_003": "16001", "P29_004": "神戸市立白川小学校", "P29_005": "兵庫県神戸市須磨区白川台7-3-2", "P29_006": "3", "P29_007": "1", "P29_008": "00", "P29_009": null }, "geometry": { "type": "Point", "coordinates": [ 135.100620656527923, 34.696203994368403 ] } },
{ "type": "Feature", "properties": { "P29_001": "28107", "P29_002": "B128210000650", "P29_003": "16001", "P29_004": "神戸市立高倉台小学校", "P29_005": "兵庫県神戸市須磨区高倉台4-1-1", "P29_006": "3", "P29_007": "1", "P29_008": "00", "P29_009": null }, "geometry": { "type": "Point", "coordinates": [ 135.104119995804695, 34.656299454950293 ] } },
{ "type": "Feature", "properties": { "P29_001": "28107", "P29_002": "B128210000669", "P29_003": "16001", "P29_004": "神戸市立東落合小学校", "P29_005": "兵庫県神戸市須磨区東落合2-18-1", "P29_006": "3", "P29_007": "1", "P29_008": "00", "P29_009": null }, "geometry": { "type": "Point", "coordinates": [ 135.101187116314009, 34.684981976963456 ] } },
{ "type": "Feature", "properties": { "P29_001": "28107", "P29_002": "B128210000678", "P29_003": "16001", "P29_004": "神戸市立竜が台小学校", "P29_005": "兵庫県神戸市須磨区竜が台6-15-1", "P29_006": "3", "P29_007": "1", "P29_008": "00", "P29_009": null }, "geometry": { "type": "Point", "coordinates": [ 135.091333612244938, 34.674277990621341 ] } },
{ "type": "Feature", "properties": { "P29_001": "28107", "P29_002": "B128210000687", "P29_003": "16001", "P29_004": "神戸市立横尾小学校", "P29_005": "兵庫県神戸市須磨区横尾5-3", "P29_006": "3", "P29_007": "1", "P29_008": "00", "P29_009": null }, "geometry": { "type": "Point", "coordinates": [ 135.111751760036213, 34.670453014004018 ] } },
{ "type": "Feature", "properties": { "P29_001": "28107", "P29_002": "B128210000696", "P29_003": "16001", "P29_004": "神戸市立西落合小学校", "P29_005": "兵庫県神戸市須磨区西落合7-1-3", "P29_006": "3", "P29_007": "1", "P29_008": "00", "P29_009": null }, "geometry": { "type": "Point", "coordinates": [ 135.089392051502045, 34.681933125065669 ] } },
{ "type": "Feature", "properties": { "P29_001": "28107", "P29_002": "B128210000712", "P29_003": "16001", "P29_004": "神戸市立松尾小学校", "P29_005": "兵庫県神戸市須磨区北落合2-13-1", "P29_006": "3", "P29_007": "1", "P29_008": "00", "P29_009": null }, "geometry": { "type": "Point", "coordinates": [ 135.091846088024965, 34.686684038035906 ] } },
{ "type": "Feature", "properties": { "P29_001": "28107", "P29_002": "B128210000721", "P29_003": "16001", "P29_004": "神戸市立花谷小学校", "P29_005": "兵庫県神戸市須磨区東落合1-4-1", "P29_006": "3", "P29_007": "1", "P29_008": "00", "P29_009": null }, "geometry": { "type": "Point", "coordinates": [ 135.101666105448459, 34.679963434518037 ] } },
{ "type": "Feature", "properties": { "P29_001": "28107", "P29_002": "B128210000730", "P29_003": "16001", "P29_004": "神戸市立神の谷小学校", "P29_005": "兵庫県神戸市須磨区神の谷5-1-1", "P29_006": "3", "P29_007": "1", "P29_008": "00", "P29_009": null }, "geometry": { "type": "Point", "coordinates": [ 135.085360337795919, 34.688488394746692 ] } },
{ "type": "Feature", "properties": { "P29_001": "28107", "P29_002": "B128210000749", "P29_003": "16001", "P29_004": "神戸市立南落合小学校", "P29_005": "兵庫県神戸市須磨区南落合3-11-1", "P29_006": "3", "P29_007": "1", "P29_008": "00", "P29_009": null }, "geometry": { "type": "Point", "coordinates": [ 135.10166398554739, 34.676408055626453 ] } },
{ "type": "Feature", "properties": { "P29_001": "28107", "P29_002": "B128210000758", "P29_003": "16001", "P29_004": "神戸市立だいち小学校", "P29_005": "兵庫県神戸市須磨区大池町5-15-1", "P29_006": "3", "P29_007": "1", "P29_008": "00", "P29_009": null }, "geometry": { "type": "Point", "coordinates": [ 135.134126945833032, 34.654179188662489 ] } },
{ "type": "Feature", "properties": { "P29_001": "28108", "P29_002": "B128210000767", "P29_003": "16001", "P29_004": "神戸市立塩屋小学校", "P29_005": "兵庫県神戸市垂水区塩屋町3-18-1", "P29_006": "3", "P29_007": "1", "P29_008": "00", "P29_009": null }, "geometry": { "type": "Point", "coordinates": [ 135.081618297398563, 34.638243974033152 ] } },
{ "type": "Feature", "properties": { "P29_001": "28108", "P29_002": "B128210000776", "P29_003": "16001", "P29_004": "神戸市立東垂水小学校", "P29_005": "兵庫県神戸市垂水区王居殿2-5-25", "P29_006": "3", "P29_007": "1", "P29_008": "00", "P29_009": null }, "geometry": { "type": "Point", "coordinates": [ 135.071094241108796, 34.63471986180663 ] } },
{ "type": "Feature", "properties": { "P29_001": "28108", "P29_002": "B128210000801", "P29_003": "16001", "P29_004": "神戸市立垂水小学校", "P29_005": "兵庫県神戸市垂水区日向2-4-6", "P29_006": "3", "P29_007": "1", "P29_008": "00", "P29_009": null }, "geometry": { "type": "Point", "coordinates": [ 135.056023334482006, 34.631595346054084 ] } },
{ "type": "Feature", "properties": { "P29_001": "28108", "P29_002": "B128210000810", "P29_003": "16001", "P29_004": "神戸市立霞ケ丘小学校", "P29_005": "兵庫県神戸市垂水区霞ケ丘4-6-16", "P29_006": "3", "P29_007": "1", "P29_008": "00", "P29_009": null }, "geometry": { "type": "Point", "coordinates": [ 135.04298403934132, 34.633355165080303 ] } },
{ "type": "Feature", "properties": { "P29_001": "28108", "P29_002": "B128210000829", "P29_003": "16001", "P29_004": "神戸市立東舞子小学校", "P29_005": "兵庫県神戸市垂水区舞子台4-10-1", "P29_006": "3", "P29_007": "1", "P29_008": "00", "P29_009": null }, "geometry": { "type": "Point", "coordinates": [ 135.036707819276302, 34.639331103122117 ] } },
{ "type": "Feature", "properties": { "P29_001": "28108", "P29_002": "B128210000838", "P29_003": "16001", "P29_004": "神戸市立舞子小学校", "P29_005": "兵庫県神戸市垂水区西舞子4-7-43", "P29_006": "3", "P29_007": "1", "P29_008": "00", "P29_009": null }, "geometry": { "type": "Point", "coordinates": [ 135.030234401796179, 34.643877525228874 ] } },
{ "type": "Feature", "properties": { "P29_001": "28108", "P29_002": "B128210000847", "P29_003": "16001", "P29_004": "神戸市立西舞子小学校", "P29_005": "兵庫県神戸市垂水区狩口台3-1-2", "P29_006": "3", "P29_007": "1", "P29_008": "00", "P29_009": null }, "geometry": { "type": "Point", "coordinates": [ 135.030995881456278, 34.649728522321773 ] } },
{ "type": "Feature", "properties": { "P29_001": "28111", "P29_002": "B128210000865", "P29_003": "16001", "P29_004": "神戸市立伊川谷小学校", "P29_005": "兵庫県神戸市西区北別府3-3-1", "P29_006": "3", "P29_007": "1", "P29_008": "00", "P29_009": null }, "geometry": { "type": "Point", "coordinates": [ 135.012316607490106, 34.671935020806849 ] } },
{ "type": "Feature", "properties": { "P29_001": "28111", "P29_002": "B128210000874", "P29_003": "16001", "P29_004": "神戸市立櫨谷小学校", "P29_005": "兵庫県神戸市西区櫨谷町池谷字山の谷203-2", "P29_006": "3", "P29_007": "1", "P29_008": "00", "P29_009": null }, "geometry": { "type": "Point", "coordinates": [ 135.025568016782756, 34.710009627741528 ] } },
{ "type": "Feature", "properties": { "P29_001": "28111", "P29_002": "B128210000883", "P29_003": "16001", "P29_004": "神戸市立木津小学校", "P29_005": "兵庫県神戸市西区桜ヶ丘東町5-149-31", "P29_006": "3", "P29_007": "1", "P29_008": "00", "P29_009": null }, "geometry": { "type": "Point", "coordinates": [ 135.065398333072295, 34.743252818188502 ] } },
{ "type": "Feature", "properties": { "P29_001": "28111", "P29_002": "B128210000892", "P29_003": "16001", "P29_004": "神戸市立押部谷小学校", "P29_005": "兵庫県神戸市西区押部谷町福住字四十代552-3", "P29_006": "3", "P29_007": "1", "P29_008": "00", "P29_009": null }, "geometry": { "type": "Point", "coordinates": [ 135.037670646380718, 34.755439969071382 ] } },
{ "type": "Feature", "properties": { "P29_001": "28111", "P29_002": "B128210000909", "P29_003": "16001", "P29_004": "神戸市立高和小学校", "P29_005": "兵庫県神戸市西区押部谷町高和字溝田565", "P29_006": "3", "P29_007": "1", "P29_008": "00", "P29_009": null }, "geometry": { "type": "Point", "coordinates": [ 135.013231935704539, 34.74110405273975 ] } },
{ "type": "Feature", "properties": { "P29_001": "28111", "P29_002": "B128210000927", "P29_003": "16001", "P29_004": "神戸市立平野小学校", "P29_005": "兵庫県神戸市西区平野町宮前301", "P29_006": "3", "P29_007": "1", "P29_008": "00", "P29_009": null }, "geometry": { "type": "Point", "coordinates": [ 134.981722929666034, 34.706278683954274 ] } },
{ "type": "Feature", "properties": { "P29_001": "28111", "P29_002": "B128210000936", "P29_003": "16001", "P29_004": "神戸市立神出小学校", "P29_005": "兵庫県神戸市西区神出町田井444", "P29_006": "3", "P29_007": "1", "P29_008": "00", "P29_009": null }, "geometry": { "type": "Point", "coordinates": [ 134.987706257456352, 34.747370905434863 ] } },
{ "type": "Feature", "properties": { "P29_001": "28108", "P29_002": "B128210000954", "P29_003": "16001", "P29_004": "神戸市立多聞台小学校", "P29_005": "兵庫県神戸市垂水区多聞台3-9-29", "P29_006": "3", "P29_007": "1", "P29_008": "00", "P29_009": null }, "geometry": { "type": "Point", "coordinates": [ 135.040739328152256, 34.662227046413378 ] } },
{ "type": "Feature", "properties": { "P29_001": "28108", "P29_002": "B128210000963", "P29_003": "16001", "P29_004": "神戸市立乙木小学校", "P29_005": "兵庫県神戸市垂水区美山台2-1-1", "P29_006": "3", "P29_007": "1", "P29_008": "00", "P29_009": null }, "geometry": { "type": "Point", "coordinates": [ 135.071067735634614, 34.640363641619864 ] } },
{ "type": "Feature", "properties": { "P29_001": "28108", "P29_002": "B128210000972", "P29_003": "16001", "P29_004": "神戸市立神陵台小学校", "P29_005": "兵庫県神戸市垂水区神陵台3-1-1", "P29_006": "3", "P29_007": "1", "P29_008": "00", "P29_009": null }, "geometry": { "type": "Point", "coordinates": [ 135.033940219551738, 34.659773563526855 ] } },
{ "type": "Feature", "properties": { "P29_001": "28108", "P29_002": "B128210000981", "P29_003": "16001", "P29_004": "神戸市立千代が丘小学校", "P29_005": "兵庫県神戸市垂水区上高丸1-4-2", "P29_006": "3", "P29_007": "1", "P29_008": "00", "P29_009": null }, "geometry": { "type": "Point", "coordinates": [ 135.0513882056905, 34.641179425391734 ] } },
{ "type": "Feature", "properties": { "P29_001": "28108", "P29_002": "B128210001007", "P29_003": "16001", "P29_004": "神戸市立多聞東小学校", "P29_005": "兵庫県神戸市垂水区学が丘4-1-1", "P29_006": "3", "P29_007": "1", "P29_008": "00", "P29_009": null }, "geometry": { "type": "Point", "coordinates": [ 135.055217127564362, 34.658480180293182 ] } },
{ "type": "Feature", "properties": { "P29_001": "28111", "P29_002": "B128210001016", "P29_003": "16001", "P29_004": "神戸市立長坂小学校", "P29_005": "兵庫県神戸市西区伊川谷町長坂字重塚910-1", "P29_006": "3", "P29_007": "1", "P29_008": "00", "P29_009": null }, "geometry": { "type": "Point", "coordinates": [ 135.037489348495399, 34.669080000680268 ] } },
{ "type": "Feature", "properties": { "P29_001": "28107", "P29_002": "B128210001025", "P29_003": "16001", "P29_004": "神戸市立菅の台小学校", "P29_005": "兵庫県神戸市須磨区菅の台4-3-2", "P29_006": "3", "P29_007": "1", "P29_008": "00", "P29_009": null }, "geometry": { "type": "Point", "coordinates": [ 135.083174802183549, 34.671917536388086 ] } },
{ "type": "Feature", "properties": { "P29_001": "28108", "P29_002": "B128210001034", "P29_003": "16001", "P29_004": "神戸市立福田小学校", "P29_005": "兵庫県神戸市垂水区乙木3-3-1", "P29_006": "3", "P29_007": "1", "P29_008": "00", "P29_009": null }, "geometry": { "type": "Point", "coordinates": [ 135.06663349787209, 34.641189903765991 ] } },
{ "type": "Feature", "properties": { "P29_001": "28108", "P29_002": "B128210001043", "P29_003": "16001", "P29_004": "神戸市立西脇小学校", "P29_005": "兵庫県神戸市垂水区西脇1-8-6", "P29_006": "3", "P29_007": "1", "P29_008": "00", "P29_009": null }, "geometry": { "type": "Point", "coordinates": [ 135.038742829428571, 34.656021322526271 ] } },
{ "type": "Feature", "properties": { "P29_001": "28111", "P29_002": "B128210001070", "P29_003": "16001", "P29_004": "神戸市立北山小学校", "P29_005": "兵庫県神戸市西区北山台3-26-1", "P29_006": "3", "P29_007": "1", "P29_008": "00", "P29_009": null }, "geometry": { "type": "Point", "coordinates": [ 135.031571423913505, 34.762465384384306 ] } },
{ "type": "Feature", "properties": { "P29_001": "28111", "P29_002": "B128210001089", "P29_003": "16001", "P29_004": "神戸市立枝吉小学校", "P29_005": "兵庫県神戸市西区枝吉2-95", "P29_006": "3", "P29_007": "1", "P29_008": "00", "P29_009": null }, "geometry": { "type": "Point", "coordinates": [ 134.977854224253122, 34.664780728527255 ] } },
{ "type": "Feature", "properties": { "P29_001": "28108", "P29_002": "B128210001098", "P29_003": "16001", "P29_004": "神戸市立小束山小学校", "P29_005": "兵庫県神戸市垂水区小束山7-868-362", "P29_006": "3", "P29_007": "1", "P29_008": "00", "P29_009": null }, "geometry": { "type": "Point", "coordinates": [ 135.061311373576018, 34.666758808071073 ] } },
{ "type": "Feature", "properties": { "P29_001": "28108", "P29_002": "B128210001105", "P29_003": "16001", "P29_004": "神戸市立塩屋北小学校", "P29_005": "兵庫県神戸市垂水区塩屋北町4-10-1", "P29_006": "3", "P29_007": "1", "P29_008": "00", "P29_009": null }, "geometry": { "type": "Point", "coordinates": [ 135.090544024280604, 34.647068345495711 ] } },
{ "type": "Feature", "properties": { "P29_001": "28111", "P29_002": "B128210001114", "P29_003": "16001", "P29_004": "神戸市立高津橋小学校", "P29_005": "兵庫県神戸市西区玉津町高津橋字池ノ内640-1", "P29_006": "3", "P29_007": "1", "P29_008": "00", "P29_009": null }, "geometry": { "type": "Point", "coordinates": [ 134.99514932179153, 34.670288880725074 ] } },
{ "type": "Feature", "properties": { "P29_001": "28108", "P29_002": "B128210001123", "P29_003": "16001", "P29_004": "神戸市立下畑台小学校", "P29_005": "兵庫県神戸市垂水区桃山台3-20", "P29_006": "3", "P29_007": "1", "P29_008": "00", "P29_009": null }, "geometry": { "type": "Point", "coordinates": [ 135.082821466822423, 34.65597725311104 ] } },
{ "type": "Feature", "properties": { "P29_001": "28111", "P29_002": "B128210001132", "P29_003": "16001", "P29_004": "神戸市立有瀬小学校", "P29_005": "兵庫県神戸市西区伊川谷町有瀬字金井場1137-1", "P29_006": "3", "P29_007": "1", "P29_008": "00", "P29_009": null }, "geometry": { "type": "Point", "coordinates": [ 135.018691337472774, 34.664162133899254 ] } },
{ "type": "Feature", "properties": { "P29_001": "28108", "P29_002": "B128210001141", "P29_003": "16001", "P29_004": "神戸市立つつじが丘小学校", "P29_005": "兵庫県神戸市垂水区つつじが丘3-1385-79", "P29_006": "3", "P29_007": "1", "P29_008": "00", "P29_009": null }, "geometry": { "type": "Point", "coordinates": [ 135.078450299229672, 34.657502171821541 ] } },
{ "type": "Feature", "properties": { "P29_001": "28111", "P29_002": "B128210001150", "P29_003": "16001", "P29_004": "神戸市立糀台小学校", "P29_005": "兵庫県神戸市西区糀台3-32-1", "P29_006": "3", "P29_007": "1", "P29_008": "00", "P29_009": null }, "geometry": { "type": "Point", "coordinates": [ 135.023526064895407, 34.71976432410397 ] } },
{ "type": "Feature", "properties": { "P29_001": "28111", "P29_002": "B128210001169", "P29_003": "16001", "P29_004": "神戸市立春日台小学校", "P29_005": "兵庫県神戸市西区春日台4-1", "P29_006": "3", "P29_007": "1", "P29_008": "00", "P29_009": null }, "geometry": { "type": "Point", "coordinates": [ 134.995847433955703, 34.70881070374876 ] } },
{ "type": "Feature", "properties": { "P29_001": "28111", "P29_002": "B128210001178", "P29_003": "16001", "P29_004": "神戸市立小寺小学校", "P29_005": "兵庫県神戸市西区学園西町5-5", "P29_006": "3", "P29_007": "1", "P29_008": "00", "P29_009": null }, "geometry": { "type": "Point", "coordinates": [ 135.054779230777854, 34.683524304597441 ] } },
{ "type": "Feature", "properties": { "P29_001": "28111", "P29_002": "B128210001187", "P29_003": "16001", "P29_004": "神戸市立狩場台小学校", "P29_005": "兵庫県神戸市西区狩場台3-6-1", "P29_006": "3", "P29_007": "1", "P29_008": "00", "P29_009": null }, "geometry": { "type": "Point", "coordinates": [ 135.032395577926479, 34.72252255738281 ] } },
{ "type": "Feature", "properties": { "P29_001": "28111", "P29_002": "B128210001196", "P29_003": "16001", "P29_004": "神戸市立出合小学校", "P29_005": "兵庫県神戸市西区中野1-22-1", "P29_006": "3", "P29_007": "1", "P29_008": "00", "P29_009": null }, "geometry": { "type": "Point", "coordinates": [ 134.972407489097577, 34.677060007468505 ] } },
{ "type": "Feature", "properties": { "P29_001": "28111", "P29_002": "B128210001203", "P29_003": "16001", "P29_004": "神戸市立竹の台小学校", "P29_005": "兵庫県神戸市西区竹の台2-10-2", "P29_006": "3", "P29_007": "1", "P29_008": "00", "P29_009": null }, "geometry": { "type": "Point", "coordinates": [ 135.012697656269097, 34.712608106989848 ] } },
{ "type": "Feature", "properties": { "P29_001": "28111", "P29_002": "B128210001212", "P29_003": "16001", "P29_004": "神戸市立東町小学校", "P29_005": "兵庫県神戸市西区学園東町5-5", "P29_006": "3", "P29_007": "1", "P29_008": "00", "P29_009": null }, "geometry": { "type": "Point", "coordinates": [ 135.065011318030031, 34.684616782653016 ] } },
{ "type": "Feature", "properties": { "P29_001": "28111", "P29_002": "B128210001221", "P29_003": "16001", "P29_004": "神戸市立樫野台小学校", "P29_005": "兵庫県神戸市西区樫野台3-3-1", "P29_006": "3", "P29_007": "1", "P29_008": "00", "P29_009": null }, "geometry": { "type": "Point", "coordinates": [ 135.001740679684758, 34.706438126820537 ] } },
{ "type": "Feature", "properties": { "P29_001": "28109", "P29_002": "B128210001230", "P29_003": "16001", "P29_004": "神戸市立有馬小学校", "P29_005": "兵庫県神戸市北区有馬町1274", "P29_006": "3", "P29_007": "1", "P29_008": "00", "P29_009": null }, "geometry": { "type": "Point", "coordinates": [ 135.248475596024747, 34.800955997049194 ] } },
{ "type": "Feature", "properties": { "P29_001": "28109", "P29_002": "B128210001249", "P29_003": "16001", "P29_004": "神戸市立有野小学校", "P29_005": "兵庫県神戸市北区藤原台中町3-17-1", "P29_006": "3", "P29_007": "1", "P29_008": "00", "P29_009": null }, "geometry": { "type": "Point", "coordinates": [ 135.217642893537715, 34.82021747027558 ] } },
{ "type": "Feature", "properties": { "P29_001": "28109", "P29_002": "B128210001258", "P29_003": "16001", "P29_004": "神戸市立唐櫃小学校", "P29_005": "兵庫県神戸市北区唐櫃台2-39-1", "P29_006": "3", "P29_007": "1", "P29_008": "00", "P29_009": null }, "geometry": { "type": "Point", "coordinates": [ 135.214188717728007, 34.789958850439788 ] } },
{ "type": "Feature", "properties": { "P29_001": "28109", "P29_002": "B128210001267", "P29_003": "16001", "P29_004": "神戸市立谷上小学校", "P29_005": "兵庫県神戸市北区山田町下谷上字中上16", "P29_006": "3", "P29_007": "1", "P29_008": "00", "P29_009": null }, "geometry": { "type": "Point", "coordinates": [ 135.16960778376648, 34.763374637987255 ] } },
{ "type": "Feature", "properties": { "P29_001": "28109", "P29_002": "B128210001276", "P29_003": "16001", "P29_004": "神戸市立山田小学校", "P29_005": "兵庫県神戸市北区山田町中字長尾サ1", "P29_006": "3", "P29_007": "1", "P29_008": "00", "P29_009": null }, "geometry": { "type": "Point", "coordinates": [ 135.131507922642015, 34.765529963556382 ] } },
{ "type": "Feature", "properties": { "P29_001": "28109", "P29_002": "B128210001285", "P29_003": "16001", "P29_004": "神戸市立小部小学校", "P29_005": "兵庫県神戸市北区鈴蘭台北町3-8-1", "P29_006": "3", "P29_007": "1", "P29_008": "00", "P29_009": null }, "geometry": { "type": "Point", "coordinates": [ 135.148160311100014, 34.729593663644287 ] } },
{ "type": "Feature", "properties": { "P29_001": "28109", "P29_002": "B128210001294", "P29_003": "16001", "P29_004": "神戸市立藍那小学校", "P29_005": "兵庫県神戸市北区山田町藍那字蛇谷1-10", "P29_006": "3", "P29_007": "1", "P29_008": "00", "P29_009": null }, "geometry": { "type": "Point", "coordinates": [ 135.113333642417757, 34.735308926479007 ] } },
{ "type": "Feature", "properties": { "P29_001": "28109", "P29_002": "B128210001365", "P29_003": "16001", "P29_004": "神戸市立北五葉小学校", "P29_005": "兵庫県神戸市北区北五葉3-7-1", "P29_006": "3", "P29_007": "1", "P29_008": "00", "P29_009": null }, "geometry": { "type": "Point", "coordinates": [ 135.136476691930966, 34.730545961134268 ] } },
{ "type": "Feature", "properties": { "P29_001": "28109", "P29_002": "B128210001374", "P29_003": "16001", "P29_004": "神戸市立南五葉小学校", "P29_005": "兵庫県神戸市北区南五葉3-1-1", "P29_006": "3", "P29_007": "1", "P29_008": "00", "P29_009": null }, "geometry": { "type": "Point", "coordinates": [ 135.133512727137798, 34.72204607293704 ] } },
{ "type": "Feature", "properties": { "P29_001": "28109", "P29_002": "B128210001383", "P29_003": "16001", "P29_004": "神戸市立桜の宮小学校", "P29_005": "兵庫県神戸市北区若葉台1-3-15", "P29_006": "3", "P29_007": "1", "P29_008": "00", "P29_009": null }, "geometry": { "type": "Point", "coordinates": [ 135.154478274020249, 34.740585959548099 ] } },
{ "type": "Feature", "properties": { "P29_001": "28109", "P29_002": "B128210001392", "P29_003": "16001", "P29_004": "神戸市立大池小学校", "P29_005": "兵庫県神戸市北区西大池2-24-1", "P29_006": "3", "P29_007": "1", "P29_008": "00", "P29_009": null }, "geometry": { "type": "Point", "coordinates": [ 135.198369557801158, 34.772333289829383 ] } },
{ "type": "Feature", "properties": { "P29_001": "28109", "P29_002": "B128210001418", "P29_003": "16001", "P29_004": "神戸市立小部東小学校", "P29_005": "兵庫県神戸市北区鈴蘭台北町7-11-22", "P29_006": "3", "P29_007": "1", "P29_008": "00", "P29_009": null }, "geometry": { "type": "Point", "coordinates": [ 135.157043435781702, 34.727750355343154 ] } },
{ "type": "Feature", "properties": { "P29_001": "28109", "P29_002": "B128210001427", "P29_003": "16001", "P29_004": "神戸市立君影小学校", "P29_005": "兵庫県神戸市北区君影町1-11-13", "P29_006": "3", "P29_007": "1", "P29_008": "00", "P29_009": null }, "geometry": { "type": "Point", "coordinates": [ 135.136152510277412, 34.714367612072657 ] } },
{ "type": "Feature", "properties": { "P29_001": "28109", "P29_002": "B128210001436", "P29_003": "16001", "P29_004": "神戸市立泉台小学校", "P29_005": "兵庫県神戸市北区泉台3-1-4", "P29_006": "3", "P29_007": "1", "P29_008": "00", "P29_009": null }, "geometry": { "type": "Point", "coordinates": [ 135.137716138761391, 34.737904406685914 ] } },
{ "type": "Feature", "properties": { "P29_001": "28109", "P29_002": "B128210001445", "P29_003": "16001", "P29_004": "神戸市立広陵小学校", "P29_005": "兵庫県神戸市北区筑紫が丘2-9-1", "P29_006": "3", "P29_007": "1", "P29_008": "00", "P29_009": null }, "geometry": { "type": "Point", "coordinates": [ 135.165235504851296, 34.748492041539357 ] } },
{ "type": "Feature", "properties": { "P29_001": "28109", "P29_002": "B128210001454", "P29_003": "16001", "P29_004": "神戸市立ひよどり台小学校", "P29_005": "兵庫県神戸市北区ひよどり台3-3", "P29_006": "3", "P29_007": "1", "P29_008": "00", "P29_009": null }, "geometry": { "type": "Point", "coordinates": [ 135.124726269285986, 34.697821188423347 ] } },
{ "type": "Feature", "properties": { "P29_001": "28109", "P29_002": "B128210001472", "P29_003": "16001", "P29_004": "神戸市立星和台小学校", "P29_005": "兵庫県神戸市北区星和台6-21", "P29_006": "3", "P29_007": "1", "P29_008": "00", "P29_009": null }, "geometry": { "type": "Point", "coordinates": [ 135.123744951235523, 34.723815044817016 ] } },
{ "type": "Feature", "properties": { "P29_001": "28109", "P29_002": "B128210001481", "P29_003": "16001", "P29_004": "神戸市立甲緑小学校", "P29_005": "兵庫県神戸市北区緑町7-12-10", "P29_006": "3", "P29_007": "1", "P29_008": "00", "P29_009": null }, "geometry": { "type": "Point", "coordinates": [ 135.150157597958952, 34.744872094016131 ] } },
{ "type": "Feature", "properties": { "P29_001": "28109", "P29_002": "B128210001490", "P29_003": "16001", "P29_004": "神戸市立鈴蘭台小学校", "P29_005": "兵庫県神戸市北区鈴蘭台南町2-14-24", "P29_006": "3", "P29_007": "1", "P29_008": "00", "P29_009": null }, "geometry": { "type": "Point", "coordinates": [ 135.140970688339337, 34.72507395716665 ] } },
{ "type": "Feature", "properties": { "P29_001": "28109", "P29_002": "B128210001506", "P29_003": "16001", "P29_004": "神戸市立筑紫が丘小学校", "P29_005": "兵庫県神戸市北区筑紫が丘3-4-1", "P29_006": "3", "P29_007": "1", "P29_008": "00", "P29_009": null }, "geometry": { "type": "Point", "coordinates": [ 135.162671809928298, 34.744265955375148 ] } },
{ "type": "Feature", "properties": { "P29_001": "28109", "P29_002": "B128210001515", "P29_003": "16001", "P29_004": "神戸市立西山小学校", "P29_005": "兵庫県神戸市北区西山1-67", "P29_006": "3", "P29_007": "1", "P29_008": "00", "P29_009": null }, "geometry": { "type": "Point", "coordinates": [ 135.218669795104262, 34.838601927933261 ] } },
{ "type": "Feature", "properties": { "P29_001": "28109", "P29_002": "B128210001524", "P29_003": "16001", "P29_004": "神戸市立鹿の子台小学校", "P29_005": "兵庫県神戸市北区鹿の子台北町6-34-1", "P29_006": "3", "P29_007": "1", "P29_008": "00", "P29_009": null }, "geometry": { "type": "Point", "coordinates": [ 135.218138782089881, 34.861025393556872 ] } },
{ "type": "Feature", "properties": { "P29_001": "28109", "P29_002": "B128210001533", "P29_003": "16001", "P29_004": "神戸市立藤原台小学校", "P29_005": "兵庫県神戸市北区藤原台南町1-13-1", "P29_006": "3", "P29_007": "1", "P29_008": "00", "P29_009": null }, "geometry": { "type": "Point", "coordinates": [ 135.207980760852905, 34.812909014089243 ] } },
{ "type": "Feature", "properties": { "P29_001": "28109", "P29_002": "B128210001551", "P29_003": "16001", "P29_004": "神戸市立桜の宮小学校分校", "P29_005": "兵庫県神戸市北区大脇台12-1", "P29_006": "3", "P29_007": "1", "P29_008": "00", "P29_009": null }, "geometry": { "type": "Point", "coordinates": [ 135.163496522282855, 34.738140004972372 ] } },
{ "type": "Feature", "properties": { "P29_001": "28111", "P29_002": "B128210001579", "P29_003": "16001", "P29_004": "神戸市立美賀多台小学校", "P29_005": "兵庫県神戸市西区美賀多台6-1", "P29_006": "3", "P29_007": "1", "P29_008": "00", "P29_009": null }, "geometry": { "type": "Point", "coordinates": [ 135.005981152219135, 34.719670410237427 ] } },
{ "type": "Feature", "properties": { "P29_001": "28111", "P29_002": "B128210001588", "P29_003": "16001", "P29_004": "神戸市立井吹東小学校", "P29_005": "兵庫県神戸市西区井吹台東町5-32", "P29_006": "3", "P29_007": "1", "P29_008": "00", "P29_009": null }, "geometry": { "type": "Point", "coordinates": [ 135.038224345427579, 34.704054793980497 ] } },
{ "type": "Feature", "properties": { "P29_001": "28111", "P29_002": "B128210001597", "P29_003": "16001", "P29_004": "神戸市立月が丘小学校", "P29_005": "兵庫県神戸市西区月が丘7-2", "P29_006": "3", "P29_007": "1", "P29_008": "00", "P29_009": null }, "geometry": { "type": "Point", "coordinates": [ 135.049077712707287, 34.759362810808014 ] } },
{ "type": "Feature", "properties": { "P29_001": "28111", "P29_002": "B128210001604", "P29_003": "16001", "P29_004": "神戸市立井吹西小学校", "P29_005": "兵庫県神戸市西区井吹台西町4-3", "P29_006": "3", "P29_007": "1", "P29_008": "00", "P29_009": null }, "geometry": { "type": "Point", "coordinates": [ 135.022843090982917, 34.693461312756746 ] } },
{ "type": "Feature", "properties": { "P29_001": "28108", "P29_002": "B128210001613", "P29_003": "16001", "P29_004": "神戸市立千鳥が丘小学校", "P29_005": "兵庫県神戸市垂水区千鳥が丘3-10-37", "P29_006": "3", "P29_007": "1", "P29_008": "00", "P29_009": null }, "geometry": { "type": "Point", "coordinates": [ 135.058188095869639, 34.643394618202208 ] } },
{ "type": "Feature", "properties": { "P29_001": "28111", "P29_002": "B128210001622", "P29_003": "16001", "P29_004": "神戸市立井吹の丘小学校", "P29_005": "兵庫県神戸市西区井吹台北町2-18", "P29_006": "3", "P29_007": "1", "P29_008": "00", "P29_009": null }, "geometry": { "type": "Point", "coordinates": [ 135.030914724434496, 34.705801941495388 ] } },
{ "type": "Feature", "properties": { "P29_001": "28108", "P29_002": "B128210001631", "P29_003": "16001", "P29_004": "神戸市立舞多聞小学校", "P29_005": "兵庫県神戸市垂水区舞多聞西5-11-12", "P29_006": "3", "P29_007": "1", "P29_008": "00", "P29_009": null }, "geometry": { "type": "Point", "coordinates": [ 135.04986883632418, 34.6665483251398 ] } },
{ "type": "Feature", "properties": { "P29_001": "28202", "P29_002": "B128210001640", "P29_003": "16001", "P29_004": "尼崎市立難波小学校", "P29_005": "兵庫県尼崎市東難波町4-3-40", "P29_006": "3", "P29_007": "1", "P29_008": "00", "P29_009": null }, "geometry": { "type": "Point", "coordinates": [ 135.41015580611861, 34.72398981612433 ] } },
{ "type": "Feature", "properties": { "P29_001": "28202", "P29_002": "B128210001659", "P29_003": "16001", "P29_004": "尼崎市立竹谷小学校", "P29_005": "兵庫県尼崎市北竹谷町2-36", "P29_006": "3", "P29_007": "1", "P29_008": "00", "P29_009": null }, "geometry": { "type": "Point", "coordinates": [ 135.405946140201706, 34.720975115289448 ] } },
{ "type": "Feature", "properties": { "P29_001": "28202", "P29_002": "B128210001668", "P29_003": "16001", "P29_004": "尼崎市立下坂部小学校", "P29_005": "兵庫県尼崎市下坂部1-12-1", "P29_006": "3", "P29_007": "1", "P29_008": "00", "P29_009": null }, "geometry": { "type": "Point", "coordinates": [ 135.434379104826832, 34.740081420061678 ] } },
{ "type": "Feature", "properties": { "P29_001": "28202", "P29_002": "B128210001677", "P29_003": "16001", "P29_004": "尼崎市立潮小学校", "P29_005": "兵庫県尼崎市潮江2-2-20", "P29_006": "3", "P29_007": "1", "P29_008": "00", "P29_009": null }, "geometry": { "type": "Point", "coordinates": [ 135.430811485197523, 34.737167277011409 ] } },
{ "type": "Feature", "properties": { "P29_001": "28202", "P29_002": "B128210001686", "P29_003": "16001", "P29_004": "尼崎市立長洲小学校", "P29_005": "兵庫県尼崎市長洲東通3-7-1", "P29_006": "3", "P29_007": "1", "P29_008": "00", "P29_009": null }, "geometry": { "type": "Point", "coordinates": [ 135.432821985254407, 34.721647492907344 ] } },
{ "type": "Feature", "properties": { "P29_001": "28202", "P29_002": "B128210001695", "P29_003": "16001", "P29_004": "尼崎市立清和小学校", "P29_005": "兵庫県尼崎市長洲本通1-8-1", "P29_006": "3", "P29_007": "1", "P29_008": "00", "P29_009": null }, "geometry": { "type": "Point", "coordinates": [ 135.43234554542795, 34.72887118997167 ] } },
{ "type": "Feature", "properties": { "P29_001": "28202", "P29_002": "B128210001711", "P29_003": "16001", "P29_004": "尼崎市立浦風小学校", "P29_005": "兵庫県尼崎市杭瀬南新町4-1-34", "P29_006": "3", "P29_007": "1", "P29_008": "00", "P29_009": null }, "geometry": { "type": "Point", "coordinates": [ 135.433432028712133, 34.719150958582155 ] } },
{ "type": "Feature", "properties": { "P29_001": "28202", "P29_002": "B128210001720", "P29_003": "16001", "P29_004": "尼崎市立金楽寺小学校", "P29_005": "兵庫県尼崎市金楽寺町2-3-1", "P29_006": "3", "P29_007": "1", "P29_008": "00", "P29_009": null }, "geometry": { "type": "Point", "coordinates": [ 135.425288894279987, 34.726568242786946 ] } },
{ "type": "Feature", "properties": { "P29_001": "28202", "P29_002": "B128210001739", "P29_003": "16001", "P29_004": "尼崎市立浜小学校", "P29_005": "兵庫県尼崎市浜2-21-1", "P29_006": "3", "P29_007": "1", "P29_008": "00", "P29_009": null }, "geometry": { "type": "Point", "coordinates": [ 135.440455052673428, 34.733202300742072 ] } },
{ "type": "Feature", "properties": { "P29_001": "28202", "P29_002": "B128210001748", "P29_003": "16001", "P29_004": "尼崎市立大庄小学校", "P29_005": "兵庫県尼崎市大庄中通4-43", "P29_006": "3", "P29_007": "1", "P29_008": "00", "P29_009": null }, "geometry": { "type": "Point", "coordinates": [ 135.391620250864435, 34.722018776304751 ] } },
{ "type": "Feature", "properties": { "P29_001": "28202", "P29_002": "B128210001757", "P29_003": "16001", "P29_004": "尼崎市立成文小学校", "P29_005": "兵庫県尼崎市大島2-33-1", "P29_006": "3", "P29_007": "1", "P29_008": "00", "P29_009": null }, "geometry": { "type": "Point", "coordinates": [ 135.384567947672281, 34.726272550420958 ] } },
{ "type": "Feature", "properties": { "P29_001": "28202", "P29_002": "B128210001766", "P29_003": "16001", "P29_004": "尼崎市立成徳小学校", "P29_005": "兵庫県尼崎市蓬川町302-2", "P29_006": "3", "P29_007": "1", "P29_008": "00", "P29_009": null }, "geometry": { "type": "Point", "coordinates": [ 135.398454304919539, 34.720380672901086 ] } },
{ "type": "Feature", "properties": { "P29_001": "28202", "P29_002": "B128210001775", "P29_003": "16001", "P29_004": "尼崎市立大島小学校", "P29_005": "兵庫県尼崎市稲葉荘2-10-7", "P29_006": "3", "P29_007": "1", "P29_008": "00", "P29_009": null }, "geometry": { "type": "Point", "coordinates": [ 135.385542452842515, 34.733566087561982 ] } },
{ "type": "Feature", "properties": { "P29_001": "28202", "P29_002": "B128210001784", "P29_003": "16001", "P29_004": "尼崎市立浜田小学校", "P29_005": "兵庫県尼崎市浜田町3-110", "P29_006": "3", "P29_007": "1", "P29_008": "00", "P29_009": null }, "geometry": { "type": "Point", "coordinates": [ 135.396298160707431, 34.729035416218487 ] } },
{ "type": "Feature", "properties": { "P29_001": "28202", "P29_002": "B128210001793", "P29_003": "16001", "P29_004": "尼崎市立立花小学校", "P29_005": "兵庫県尼崎市栗山町2-26-1", "P29_006": "3", "P29_007": "1", "P29_008": "00", "P29_009": null }, "geometry": { "type": "Point", "coordinates": [ 135.406057107955263, 34.744807938980934 ] } },
{ "type": "Feature", "properties": { "P29_001": "28202", "P29_002": "B128210001800", "P29_003": "16001", "P29_004": "尼崎市立立花西小学校", "P29_005": "兵庫県尼崎市南武庫之荘3-14-9", "P29_006": "3", "P29_007": "1", "P29_008": "00", "P29_009": null }, "geometry": { "type": "Point", "coordinates": [ 135.39586170882157, 34.746331200847806 ] } },
{ "type": "Feature", "properties": { "P29_001": "28202", "P29_002": "B128210001819", "P29_003": "16001", "P29_004": "尼崎市立名和小学校", "P29_005": "兵庫県尼崎市名神町3-1-51", "P29_006": "3", "P29_007": "1", "P29_008": "00", "P29_009": null }, "geometry": { "type": "Point", "coordinates": [ 135.419795418802721, 34.740135964955819 ] } },
{ "type": "Feature", "properties": { "P29_001": "28202", "P29_002": "B128210001828", "P29_003": "16001", "P29_004": "尼崎市立塚口小学校", "P29_005": "兵庫県尼崎市塚口町4-38-1", "P29_006": "3", "P29_007": "1", "P29_008": "00", "P29_009": null }, "geometry": { "type": "Point", "coordinates": [ 135.41087506418512, 34.759364951592246 ] } },
{ "type": "Feature", "properties": { "P29_001": "28202", "P29_002": "B128210001837", "P29_003": "16001", "P29_004": "尼崎市立尼崎北小学校", "P29_005": "兵庫県尼崎市塚口町6-21-1", "P29_006": "3", "P29_007": "1", "P29_008": "00", "P29_009": null }, "geometry": { "type": "Point", "coordinates": [ 135.404966907726276, 34.758529475306574 ] } },
{ "type": "Feature", "properties": { "P29_001": "28202", "P29_002": "B128210001846", "P29_003": "16001", "P29_004": "尼崎市立水堂小学校", "P29_005": "兵庫県尼崎市水堂町1-32-8", "P29_006": "3", "P29_007": "1", "P29_008": "00", "P29_009": null }, "geometry": { "type": "Point", "coordinates": [ 135.393470809949719, 34.742769115924432 ] } },
{ "type": "Feature", "properties": { "P29_001": "28202", "P29_002": "B128210001855", "P29_003": "16001", "P29_004": "尼崎市立七松小学校", "P29_005": "兵庫県尼崎市南七松町1-4-49", "P29_006": "3", "P29_007": "1", "P29_008": "00", "P29_009": null }, "geometry": { "type": "Point", "coordinates": [ 135.402494515880733, 34.732897234822303 ] } },
{ "type": "Feature", "properties": { "P29_001": "28202", "P29_002": "B128210001864", "P29_003": "16001", "P29_004": "尼崎市立武庫小学校", "P29_005": "兵庫県尼崎市武庫元町2-25-34", "P29_006": "3", "P29_007": "1", "P29_008": "00", "P29_009": null }, "geometry": { "type": "Point", "coordinates": [ 135.381007355357866, 34.759917019066251 ] } },
{ "type": "Feature", "properties": { "P29_001": "28202", "P29_002": "B128210001882", "P29_003": "16001", "P29_004": "尼崎市立園田小学校", "P29_005": "兵庫県尼崎市食満1-1-2", "P29_006": "3", "P29_007": "1", "P29_008": "00", "P29_009": null }, "geometry": { "type": "Point", "coordinates": [ 135.431384013401754, 34.759647228009094 ] } },
{ "type": "Feature", "properties": { "P29_001": "28202", "P29_002": "B128210001891", "P29_003": "16001", "P29_004": "尼崎市立園和小学校", "P29_005": "兵庫県尼崎市東園田町4-73-2", "P29_006": "3", "P29_007": "1", "P29_008": "00", "P29_009": null }, "geometry": { "type": "Point", "coordinates": [ 135.447033888398465, 34.75377959014849 ] } },
{ "type": "Feature", "properties": { "P29_001": "28202", "P29_002": "B128210001908", "P29_003": "16001", "P29_004": "尼崎市立園田東小学校", "P29_005": "兵庫県尼崎市東園田町8-7", "P29_006": "3", "P29_007": "1", "P29_008": "00", "P29_009": null }, "geometry": { "type": "Point", "coordinates": [ 135.456429424889052, 34.745532034922618 ] } },
{ "type": "Feature", "properties": { "P29_001": "28202", "P29_002": "B128210001917", "P29_003": "16001", "P29_004": "尼崎市立上坂部小学校", "P29_005": "兵庫県尼崎市東塚口町1-15-36", "P29_006": "3", "P29_007": "1", "P29_008": "00", "P29_009": null }, "geometry": { "type": "Point", "coordinates": [ 135.423821002160082, 34.7502953308964 ] } },
{ "type": "Feature", "properties": { "P29_001": "28202", "P29_002": "B128210001926", "P29_003": "16001", "P29_004": "尼崎市立小園小学校", "P29_005": "兵庫県尼崎市若王子3-23-1", "P29_006": "3", "P29_007": "1", "P29_008": "00", "P29_009": null }, "geometry": { "type": "Point", "coordinates": [ 135.438375243594805, 34.744943141044715 ] } },
{ "type": "Feature", "properties": { "P29_001": "28202", "P29_002": "B128210001971", "P29_003": "16001", "P29_004": "尼崎市立園田北小学校", "P29_005": "兵庫県尼崎市猪名寺2-4-1", "P29_006": "3", "P29_007": "1", "P29_008": "00", "P29_009": null }, "geometry": { "type": "Point", "coordinates": [ 135.423411153507885, 34.764072351907444 ] } },
{ "type": "Feature", "properties": { "P29_001": "28202", "P29_002": "B128210001980", "P29_003": "16001", "P29_004": "尼崎市立武庫庄小学校", "P29_005": "兵庫県尼崎市武庫之荘本町3-21-1", "P29_006": "3", "P29_007": "1", "P29_008": "00", "P29_009": null }, "geometry": { "type": "Point", "coordinates": [ 135.396365890967417, 34.758161806118267 ] } },
{ "type": "Feature", "properties": { "P29_001": "28202", "P29_002": "B128210001999", "P29_003": "16001", "P29_004": "尼崎市立立花北小学校", "P29_005": "兵庫県尼崎市栗山町2-6-1", "P29_006": "3", "P29_007": "1", "P29_008": "00", "P29_009": null }, "geometry": { "type": "Point", "coordinates": [ 135.40480160725599, 34.74783019494663 ] } },
{ "type": "Feature", "properties": { "P29_001": "28202", "P29_002": "B128210002006", "P29_003": "16001", "P29_004": "尼崎市立園田南小学校", "P29_005": "兵庫県尼崎市若王寺1-1-1", "P29_006": "3", "P29_007": "1", "P29_008": "00", "P29_009": null }, "geometry": { "type": "Point", "coordinates": [ 135.433448782906027, 34.751482975333637 ] } },
{ "type": "Feature", "properties": { "P29_001": "28202", "P29_002": "B128210002015", "P29_003": "16001", "P29_004": "尼崎市立武庫の里小学校", "P29_005": "兵庫県尼崎市武庫の里1-4-1", "P29_006": "3", "P29_007": "1", "P29_008": "00", "P29_009": null }, "geometry": { "type": "Point", "coordinates": [ 135.383780531301596, 34.759512411321197 ] } },
{ "type": "Feature", "properties": { "P29_001": "28202", "P29_002": "B128210002024", "P29_003": "16001", "P29_004": "尼崎市立明城小学校", "P29_005": "兵庫県尼崎市南城内10", "P29_006": "3", "P29_007": "1", "P29_008": "00", "P29_009": null }, "geometry": { "type": "Point", "coordinates": [ 135.420501090073998, 34.714368831018341 ] } },
{ "type": "Feature", "properties": { "P29_001": "28202", "P29_002": "B128210002033", "P29_003": "16001", "P29_004": "尼崎市立難波の梅小学校", "P29_005": "兵庫県尼崎市西難波町6-14-57", "P29_006": "3", "P29_007": "1", "P29_008": "00", "P29_009": null }, "geometry": { "type": "Point", "coordinates": [ 135.407849448144901, 34.731827700686296 ] } },
{ "type": "Feature", "properties": { "P29_001": "28202", "P29_002": "B128210002042", "P29_003": "16001", "P29_004": "尼崎市立わかば西小学校", "P29_005": "兵庫県尼崎市武庫川町1-25", "P29_006": "3", "P29_007": "1", "P29_008": "00", "P29_009": null }, "geometry": { "type": "Point", "coordinates": [ 135.389060530190477, 34.715456736467949 ] } },
{ "type": "Feature", "properties": { "P29_001": "28204", "P29_002": "B128210002051", "P29_003": "16001", "P29_004": "西宮市立浜脇小学校", "P29_005": "兵庫県西宮市浜脇町5-48", "P29_006": "3", "P29_007": "1", "P29_008": "00", "P29_009": null }, "geometry": { "type": "Point", "coordinates": [ 135.336505681868545, 34.732042185684257 ] } },
{ "type": "Feature", "properties": { "P29_001": "28204", "P29_002": "B128210002060", "P29_003": "16001", "P29_004": "西宮市立香櫨園小学校", "P29_005": "兵庫県西宮市中浜町3-32", "P29_006": "3", "P29_007": "1", "P29_008": "00", "P29_009": null }, "geometry": { "type": "Point", "coordinates": [ 135.325802672583535, 34.732161394422327 ] } },
{ "type": "Feature", "properties": { "P29_001": "28204", "P29_002": "B128210002079", "P29_003": "16001", "P29_004": "西宮市立安井小学校", "P29_005": "兵庫県西宮市安井町1-25", "P29_006": "3", "P29_007": "1", "P29_008": "00", "P29_009": null }, "geometry": { "type": "Point", "coordinates": [ 135.334076258882419, 34.740115873998796 ] } },
{ "type": "Feature", "properties": { "P29_001": "28204", "P29_002": "B128210002088", "P29_003": "16001", "P29_004": "西宮市立夙川小学校", "P29_005": "兵庫県西宮市久出ヶ谷町8-4", "P29_006": "3", "P29_007": "1", "P29_008": "00", "P29_009": null }, "geometry": { "type": "Point", "coordinates": [ 135.324755144152533, 34.746518636665471 ] } },
{ "type": "Feature", "properties": { "P29_001": "28204", "P29_002": "B128210002097", "P29_003": "16001", "P29_004": "西宮市立北夙川小学校", "P29_005": "兵庫県西宮市石刎町11-21", "P29_006": "3", "P29_007": "1", "P29_008": "00", "P29_009": null }, "geometry": { "type": "Point", "coordinates": [ 135.326806456252825, 34.752136877313689 ] } },
{ "type": "Feature", "properties": { "P29_001": "28204", "P29_002": "B128210002104", "P29_003": "16001", "P29_004": "西宮市立大社小学校", "P29_005": "兵庫県西宮市桜谷町9-7", "P29_006": "3", "P29_007": "1", "P29_008": "00", "P29_009": null }, "geometry": { "type": "Point", "coordinates": [ 135.336437097196921, 34.746283919205844 ] } },
{ "type": "Feature", "properties": { "P29_001": "28204", "P29_002": "B128210002113", "P29_003": "16001", "P29_004": "西宮市立広田小学校", "P29_005": "兵庫県西宮市愛宕山7-24", "P29_006": "3", "P29_007": "1", "P29_008": "00", "P29_009": null }, "geometry": { "type": "Point", "coordinates": [ 135.348585827811291, 34.754295881119099 ] } },
{ "type": "Feature", "properties": { "P29_001": "28204", "P29_002": "B128210002122", "P29_003": "16001", "P29_004": "西宮市立甲東小学校", "P29_005": "兵庫県西宮市神呪町3-33", "P29_006": "3", "P29_007": "1", "P29_008": "00", "P29_009": null }, "geometry": { "type": "Point", "coordinates": [ 135.357812704322583, 34.761940652505224 ] } },
{ "type": "Feature", "properties": { "P29_001": "28204", "P29_002": "B128210002131", "P29_003": "16001", "P29_004": "西宮市立上ケ原小学校", "P29_005": "兵庫県西宮市上ヶ原二番町3-13", "P29_006": "3", "P29_007": "1", "P29_008": "00", "P29_009": null }, "geometry": { "type": "Point", "coordinates": [ 135.350291811457339, 34.765173930766942 ] } },
{ "type": "Feature", "properties": { "P29_001": "28204", "P29_002": "B128210002140", "P29_003": "16001", "P29_004": "西宮市立高木小学校", "P29_005": "兵庫県西宮市高木西町25-27", "P29_006": "3", "P29_007": "1", "P29_008": "00", "P29_009": null }, "geometry": { "type": "Point", "coordinates": [ 135.3604539660206, 34.751402227149697 ] } },
{ "type": "Feature", "properties": { "P29_001": "28204", "P29_002": "B128210002159", "P29_003": "16001", "P29_004": "西宮市立瓦木小学校", "P29_005": "兵庫県西宮市大屋町10-20", "P29_006": "3", "P29_007": "1", "P29_008": "00", "P29_009": null }, "geometry": { "type": "Point", "coordinates": [ 135.366340898213764, 34.743840867894008 ] } },
{ "type": "Feature", "properties": { "P29_001": "28204", "P29_002": "B128210002168", "P29_003": "16001", "P29_004": "西宮市立上甲子園小学校", "P29_005": "兵庫県西宮市甲子園口5-9-4", "P29_006": "3", "P29_007": "1", "P29_008": "00", "P29_009": null }, "geometry": { "type": "Point", "coordinates": [ 135.368450010253042, 34.736513365273289 ] } },
{ "type": "Feature", "properties": { "P29_001": "28204", "P29_002": "B128210002177", "P29_003": "16001", "P29_004": "西宮市立小松小学校", "P29_005": "兵庫県西宮市小松東町1-3-59", "P29_006": "3", "P29_007": "1", "P29_008": "00", "P29_009": null }, "geometry": { "type": "Point", "coordinates": [ 135.380621452858236, 34.724976181553792 ] } },
{ "type": "Feature", "properties": { "P29_001": "28204", "P29_002": "B128210002186", "P29_003": "16001", "P29_004": "西宮市立南甲子園小学校", "P29_005": "兵庫県西宮市南甲子園3-9-16", "P29_006": "3", "P29_007": "1", "P29_008": "00", "P29_009": null }, "geometry": { "type": "Point", "coordinates": [ 135.353061855566096, 34.71909348663938 ] } },
{ "type": "Feature", "properties": { "P29_001": "28204", "P29_002": "B128210002195", "P29_003": "16001", "P29_004": "西宮市立津門小学校", "P29_005": "兵庫県西宮市津門呉羽町5-13", "P29_006": "3", "P29_007": "1", "P29_008": "00", "P29_009": null }, "geometry": { "type": "Point", "coordinates": [ 135.354406213583388, 34.733002667802808 ] } },
{ "type": "Feature", "properties": { "P29_001": "28204", "P29_002": "B128210002202", "P29_003": "16001", "P29_004": "西宮市立春風小学校", "P29_005": "兵庫県西宮市上甲子園3-8-39", "P29_006": "3", "P29_007": "1", "P29_008": "00", "P29_009": null }, "geometry": { "type": "Point", "coordinates": [ 135.364946614252602, 34.730403064166666 ] } },
{ "type": "Feature", "properties": { "P29_001": "28204", "P29_002": "B128210002211", "P29_003": "16001", "P29_004": "西宮市立今津小学校", "P29_005": "兵庫県西宮市今津二葉町4-10", "P29_006": "3", "P29_007": "1", "P29_008": "00", "P29_009": null }, "geometry": { "type": "Point", "coordinates": [ 135.352381884922551, 34.726713909521955 ] } },
{ "type": "Feature", "properties": { "P29_001": "28204", "P29_002": "B128210002220", "P29_003": "16001", "P29_004": "西宮市立用海小学校", "P29_005": "兵庫県西宮市用海町3-54", "P29_006": "3", "P29_007": "1", "P29_008": "00", "P29_009": null }, "geometry": { "type": "Point", "coordinates": [ 135.343685512362896, 34.731646974055408 ] } },
{ "type": "Feature", "properties": { "P29_001": "28204", "P29_002": "B128210002239", "P29_003": "16001", "P29_004": "西宮市立鳴尾小学校", "P29_005": "兵庫県西宮市鳴尾町5-4-6", "P29_006": "3", "P29_007": "1", "P29_008": "00", "P29_009": null }, "geometry": { "type": "Point", "coordinates": [ 135.368035004289567, 34.719233992831342 ] } },
{ "type": "Feature", "properties": { "P29_001": "28204", "P29_002": "B128210002248", "P29_003": "16001", "P29_004": "西宮市立鳴尾東小学校", "P29_005": "兵庫県西宮市笠屋町30-50", "P29_006": "3", "P29_007": "1", "P29_008": "00", "P29_009": null }, "geometry": { "type": "Point", "coordinates": [ 135.373336822656853, 34.712057702558837 ] } },
{ "type": "Feature", "properties": { "P29_001": "28204", "P29_002": "B128210002257", "P29_003": "16001", "P29_004": "西宮市立鳴尾北小学校", "P29_005": "兵庫県西宮市学文殿町2-2-7", "P29_006": "3", "P29_007": "1", "P29_008": "00", "P29_009": null }, "geometry": { "type": "Point", "coordinates": [ 135.372618565537948, 34.725529521322976 ] } },
{ "type": "Feature", "properties": { "P29_001": "28204", "P29_002": "B128210002275", "P29_003": "16001", "P29_004": "西宮市立名塩小学校", "P29_005": "兵庫県西宮市名塩2-11-40", "P29_006": "3", "P29_007": "1", "P29_008": "00", "P29_009": null }, "geometry": { "type": "Point", "coordinates": [ 135.297768588367177, 34.830370135472393 ] } },
{ "type": "Feature", "properties": { "P29_001": "28204", "P29_002": "B128210002284", "P29_003": "16001", "P29_004": "西宮市立生瀬小学校", "P29_005": "兵庫県西宮市生瀬町2-26-24", "P29_006": "3", "P29_007": "1", "P29_008": "00", "P29_009": null }, "geometry": { "type": "Point", "coordinates": [ 135.32986317866812, 34.817585578062229 ] } },
{ "type": "Feature", "properties": { "P29_001": "28204", "P29_002": "B128210002293", "P29_003": "16001", "P29_004": "西宮市立段上小学校", "P29_005": "兵庫県西宮市段上町7-5-21", "P29_006": "3", "P29_007": "1", "P29_008": "00", "P29_009": null }, "geometry": { "type": "Point", "coordinates": [ 135.369676692854114, 34.769802959158305 ] } },
{ "type": "Feature", "properties": { "P29_001": "28204", "P29_002": "B128210002300", "P29_003": "16001", "P29_004": "西宮市立甲陽園小学校", "P29_005": "兵庫県西宮市甲陽園本庄町1-72", "P29_006": "3", "P29_007": "1", "P29_008": "00", "P29_009": null }, "geometry": { "type": "Point", "coordinates": [ 135.33264836929078, 34.760266018430805 ] } },
{ "type": "Feature", "properties": { "P29_001": "28204", "P29_002": "B128210002328", "P29_003": "16001", "P29_004": "西宮市立樋ノ口小学校", "P29_005": "兵庫県西宮市樋ノ口町2-3-32", "P29_006": "3", "P29_007": "1", "P29_008": "00", "P29_009": null }, "geometry": { "type": "Point", "coordinates": [ 135.367646072573677, 34.758210661500492 ] } },
{ "type": "Feature", "properties": { "P29_001": "28204", "P29_002": "B128210002337", "P29_003": "16001", "P29_004": "西宮市立平木小学校", "P29_005": "兵庫県西宮市平木町4-1", "P29_006": "3", "P29_007": "1", "P29_008": "00", "P29_009": null }, "geometry": { "type": "Point", "coordinates": [ 135.349708314295839, 34.745666588312567 ] } },
{ "type": "Feature", "properties": { "P29_001": "28204", "P29_002": "B128210002346", "P29_003": "16001", "P29_004": "西宮市立苦楽園小学校", "P29_005": "兵庫県西宮市苦楽園二番町18-12", "P29_006": "3", "P29_007": "1", "P29_008": "00", "P29_009": null }, "geometry": { "type": "Point", "coordinates": [ 135.313830779851372, 34.762245322203157 ] } },
{ "type": "Feature", "properties": { "P29_001": "28204", "P29_002": "B128210002364", "P29_003": "16001", "P29_004": "西宮市立段上西小学校", "P29_005": "兵庫県西宮市段上町2-8-24", "P29_006": "3", "P29_007": "1", "P29_008": "00", "P29_009": null }, "geometry": { "type": "Point", "coordinates": [ 135.366554140737463, 34.769482604939881 ] } },
{ "type": "Feature", "properties": { "P29_001": "28204", "P29_002": "B128210002382", "P29_003": "16001", "P29_004": "西宮市立瓦林小学校", "P29_005": "兵庫県西宮市瓦林町26-19", "P29_006": "3", "P29_007": "1", "P29_008": "00", "P29_009": null }, "geometry": { "type": "Point", "coordinates": [ 135.367691749911529, 34.746645004961827 ] } },
{ "type": "Feature", "properties": { "P29_001": "28204", "P29_002": "B128210002391", "P29_003": "16001", "P29_004": "西宮市立深津小学校", "P29_005": "兵庫県西宮市深津町5-22", "P29_006": "3", "P29_007": "1", "P29_008": "00", "P29_009": null }, "geometry": { "type": "Point", "coordinates": [ 135.357243270924045, 34.740418810703893 ] } },
{ "type": "Feature", "properties": { "P29_001": "28204", "P29_002": "B128210002408", "P29_003": "16001", "P29_004": "西宮市立北六甲台小学校", "P29_005": "兵庫県西宮市北六甲台5-4-1", "P29_006": "3", "P29_007": "1", "P29_008": "00", "P29_009": null }, "geometry": { "type": "Point", "coordinates": [ 135.24502221092709, 34.834074360207111 ] } },
{ "type": "Feature", "properties": { "P29_001": "28204", "P29_002": "B128210002417", "P29_003": "16001", "P29_004": "西宮市立東山台小学校", "P29_005": "兵庫県西宮市東山台2-8-2", "P29_006": "3", "P29_007": "1", "P29_008": "00", "P29_009": null }, "geometry": { "type": "Point", "coordinates": [ 135.311591702329537, 34.831589177541296 ] } },
{ "type": "Feature", "properties": { "P29_001": "28204", "P29_002": "B128210002426", "P29_003": "16001", "P29_004": "西宮市立甲子園浜小学校", "P29_005": "兵庫県西宮市古川町1-65", "P29_006": "3", "P29_007": "1", "P29_008": "00", "P29_009": null }, "geometry": { "type": "Point", "coordinates": [ 135.365936352959523, 34.712910314394193 ] } },
{ "type": "Feature", "properties": { "P29_001": "28204", "P29_002": "B128210002444", "P29_003": "16001", "P29_004": "西宮市立高木北小学校", "P29_005": "兵庫県西宮市薬師町7-5", "P29_006": "3", "P29_007": "1", "P29_008": "00", "P29_009": null }, "geometry": { "type": "Point", "coordinates": [ 135.361369239480268, 34.75500423125446 ] } },
{ "type": "Feature", "properties": { "P29_001": "28206", "P29_002": "B128210002462", "P29_003": "16001", "P29_004": "芦屋市立宮川小学校", "P29_005": "兵庫県芦屋市浜町1-9", "P29_006": "3", "P29_007": "1", "P29_008": "00", "P29_009": null }, "geometry": { "type": "Point", "coordinates": [ 135.315078943751502, 34.729354812629637 ] } },
{ "type": "Feature", "properties": { "P29_001": "28206", "P29_002": "B128210002471", "P29_003": "16001", "P29_004": "芦屋市立山手小学校", "P29_005": "兵庫県芦屋市山手町8-3", "P29_006": "3", "P29_007": "1", "P29_008": "00", "P29_009": null }, "geometry": { "type": "Point", "coordinates": [ 135.300114428017423, 34.741467841076684 ] } },
{ "type": "Feature", "properties": { "P29_001": "28206", "P29_002": "B128210002480", "P29_003": "16001", "P29_004": "芦屋市立岩園小学校", "P29_005": "兵庫県芦屋市岩園町23-41", "P29_006": "3", "P29_007": "1", "P29_008": "00", "P29_009": null }, "geometry": { "type": "Point", "coordinates": [ 135.311416596526755, 34.743430293687666 ] } },
{ "type": "Feature", "properties": { "P29_001": "28206", "P29_002": "B128210002499", "P29_003": "16001", "P29_004": "芦屋市立朝日ケ丘小学校", "P29_005": "兵庫県芦屋市朝日ヶ丘町10-10", "P29_006": "3", "P29_007": "1", "P29_008": "00", "P29_009": null }, "geometry": { "type": "Point", "coordinates": [ 135.30358706323787, 34.745877024551859 ] } },
{ "type": "Feature", "properties": { "P29_001": "28206", "P29_002": "B128210002505", "P29_003": "16001", "P29_004": "芦屋市立潮見小学校", "P29_005": "兵庫県芦屋市潮見町1-2", "P29_006": "3", "P29_007": "1", "P29_008": "00", "P29_009": null }, "geometry": { "type": "Point", "coordinates": [ 135.312847398647733, 34.718425315870633 ] } },
{ "type": "Feature", "properties": { "P29_001": "28206", "P29_002": "B128210002514", "P29_003": "16001", "P29_004": "芦屋市立打出浜小学校", "P29_005": "兵庫県芦屋市新浜町8-2", "P29_006": "3", "P29_007": "1", "P29_008": "00", "P29_009": null }, "geometry": { "type": "Point", "coordinates": [ 135.32070325796704, 34.725552679443517 ] } },
{ "type": "Feature", "properties": { "P29_001": "28206", "P29_002": "B128210002523", "P29_003": "16001", "P29_004": "芦屋市立浜風小学校", "P29_005": "兵庫県芦屋市浜風町1-1", "P29_006": "3", "P29_007": "1", "P29_008": "00", "P29_009": null }, "geometry": { "type": "Point", "coordinates": [ 135.319295923729555, 34.720106351316119 ] } },
{ "type": "Feature", "properties": { "P29_001": "28207", "P29_002": "B128210002532", "P29_003": "16001", "P29_004": "伊丹市立伊丹小学校", "P29_005": "兵庫県伊丹市船原1-1-1", "P29_006": "3", "P29_007": "1", "P29_008": "00", "P29_009": null }, "geometry": { "type": "Point", "coordinates": [ 135.412754432779224, 34.782534553516825 ] } },
{ "type": "Feature", "properties": { "P29_001": "28207", "P29_002": "B128210002550", "P29_003": "16001", "P29_004": "伊丹市立南小学校", "P29_005": "兵庫県伊丹市御願塚2-6-1", "P29_006": "3", "P29_007": "1", "P29_008": "00", "P29_009": null }, "geometry": { "type": "Point", "coordinates": [ 135.411994019576497, 34.770354917753096 ] } },
{ "type": "Feature", "properties": { "P29_001": "28207", "P29_002": "B128210002569", "P29_003": "16001", "P29_004": "伊丹市立笹原小学校", "P29_005": "兵庫県伊丹市南野6-5-33", "P29_006": "3", "P29_007": "1", "P29_008": "00", "P29_009": null }, "geometry": { "type": "Point", "coordinates": [ 135.399359750320343, 34.76690200229897 ] } },
{ "type": "Feature", "properties": { "P29_001": "28207", "P29_002": "B128210002578", "P29_003": "16001", "P29_004": "伊丹市立神津小学校", "P29_005": "兵庫県伊丹市森本1-8-1", "P29_006": "3", "P29_007": "1", "P29_008": "00", "P29_009": null }, "geometry": { "type": "Point", "coordinates": [ 135.428946853961207, 34.780129197977359 ] } },
{ "type": "Feature", "properties": { "P29_001": "28207", "P29_002": "B128210002596", "P29_003": "16001", "P29_004": "伊丹市立瑞穂小学校", "P29_005": "兵庫県伊丹市瑞穂町3-50-1", "P29_006": "3", "P29_007": "1", "P29_008": "00", "P29_009": null }, "geometry": { "type": "Point", "coordinates": [ 135.404820657233643, 34.793348411619689 ] } },
{ "type": "Feature", "properties": { "P29_001": "28207", "P29_002": "B128210002603", "P29_003": "16001", "P29_004": "伊丹市立桜台小学校", "P29_005": "兵庫県伊丹市中野西4-100", "P29_006": "3", "P29_007": "1", "P29_008": "00", "P29_009": null }, "geometry": { "type": "Point", "coordinates": [ 135.382203501992478, 34.790543390209812 ] } },
{ "type": "Feature", "properties": { "P29_001": "28207", "P29_002": "B128210002612", "P29_003": "16001", "P29_004": "伊丹市立天神川小学校", "P29_005": "兵庫県伊丹市荒牧南3-17-12", "P29_006": "3", "P29_007": "1", "P29_008": "00", "P29_009": null }, "geometry": { "type": "Point", "coordinates": [ 135.385021856527715, 34.806486142743509 ] } },
{ "type": "Feature", "properties": { "P29_001": "28207", "P29_002": "B128210002621", "P29_003": "16001", "P29_004": "伊丹市立有岡小学校", "P29_005": "兵庫県伊丹市伊丹7-1-1", "P29_006": "3", "P29_007": "1", "P29_008": "00", "P29_009": null }, "geometry": { "type": "Point", "coordinates": [ 135.421345226686185, 34.775952873802439 ] } },
{ "type": "Feature", "properties": { "P29_001": "28207", "P29_002": "B128210002630", "P29_003": "16001", "P29_004": "伊丹市立花里小学校", "P29_005": "兵庫県伊丹市寺本3-135", "P29_006": "3", "P29_007": "1", "P29_008": "00", "P29_009": null }, "geometry": { "type": "Point", "coordinates": [ 135.386065179427391, 34.777812608771796 ] } },
{ "type": "Feature", "properties": { "P29_001": "28207", "P29_002": "B128210002649", "P29_003": "16001", "P29_004": "伊丹市立昆陽里小学校", "P29_005": "兵庫県伊丹市山田2-1-2", "P29_006": "3", "P29_007": "1", "P29_008": "00", "P29_009": null }, "geometry": { "type": "Point", "coordinates": [ 135.390562957431683, 34.772969412966013 ] } },
{ "type": "Feature", "properties": { "P29_001": "28207", "P29_002": "B128210002658", "P29_003": "16001", "P29_004": "伊丹市立鈴原小学校", "P29_005": "兵庫県伊丹市御願塚6-3-1", "P29_006": "3", "P29_007": "1", "P29_008": "00", "P29_009": null }, "geometry": { "type": "Point", "coordinates": [ 135.408721952387396, 34.773354333670959 ] } },
{ "type": "Feature", "properties": { "P29_001": "28207", "P29_002": "B128210002667", "P29_003": "16001", "P29_004": "伊丹市立摂陽小学校", "P29_005": "兵庫県伊丹市昆陽南2-1-55", "P29_006": "3", "P29_007": "1", "P29_008": "00", "P29_009": null }, "geometry": { "type": "Point", "coordinates": [ 135.396301620344815, 34.775208388398568 ] } },
{ "type": "Feature", "properties": { "P29_001": "28207", "P29_002": "B128210002676", "P29_003": "16001", "P29_004": "伊丹市立荻野小学校", "P29_005": "兵庫県伊丹市荻野2-11", "P29_006": "3", "P29_007": "1", "P29_008": "00", "P29_009": null }, "geometry": { "type": "Point", "coordinates": [ 135.395698911544372, 34.80325725395857 ] } },
{ "type": "Feature", "properties": { "P29_001": "28207", "P29_002": "B128210002685", "P29_003": "16001", "P29_004": "伊丹市立池尻小学校", "P29_005": "兵庫県伊丹市池尻6-221", "P29_006": "3", "P29_007": "1", "P29_008": "00", "P29_009": null }, "geometry": { "type": "Point", "coordinates": [ 135.377787234077317, 34.782294501150417 ] } },
{ "type": "Feature", "properties": { "P29_001": "28207", "P29_002": "B128210002694", "P29_003": "16001", "P29_004": "伊丹市立鴻池小学校", "P29_005": "兵庫県伊丹市鴻池4-4-5", "P29_006": "3", "P29_007": "1", "P29_008": "00", "P29_009": null }, "geometry": { "type": "Point", "coordinates": [ 135.3923792623861, 34.799636900523936 ] } },
{ "type": "Feature", "properties": { "P29_001": "28214", "P29_002": "B128210002701", "P29_003": "16001", "P29_004": "宝塚市立良元小学校", "P29_005": "兵庫県宝塚市小林5-2-42", "P29_006": "3", "P29_007": "1", "P29_008": "00", "P29_009": null }, "geometry": { "type": "Point", "coordinates": [ 135.354866893616276, 34.790730121096253 ] } },
{ "type": "Feature", "properties": { "P29_001": "28214", "P29_002": "B128210002710", "P29_003": "16001", "P29_004": "宝塚市立仁川小学校", "P29_005": "兵庫県宝塚市仁川宮西町1-25", "P29_006": "3", "P29_007": "1", "P29_008": "00", "P29_009": null }, "geometry": { "type": "Point", "coordinates": [ 135.35242014054694, 34.779784736474809 ] } },
{ "type": "Feature", "properties": { "P29_001": "28214", "P29_002": "B128210002729", "P29_003": "16001", "P29_004": "宝塚市立宝塚第一小学校", "P29_005": "兵庫県宝塚市野上1-3-35", "P29_006": "3", "P29_007": "1", "P29_008": "00", "P29_009": null }, "geometry": { "type": "Point", "coordinates": [ 135.346476816836145, 34.79969372554563 ] } },
{ "type": "Feature", "properties": { "P29_001": "28214", "P29_002": "B128210002738", "P29_003": "16001", "P29_004": "宝塚市立小浜小学校", "P29_005": "兵庫県宝塚市小浜4-7-10", "P29_006": "3", "P29_007": "1", "P29_008": "00", "P29_009": null }, "geometry": { "type": "Point", "coordinates": [ 135.364614567481965, 34.806232490649499 ] } },
{ "type": "Feature", "properties": { "P29_001": "28214", "P29_002": "B128210002747", "P29_003": "16001", "P29_004": "宝塚市立宝塚小学校", "P29_005": "兵庫県宝塚市川面1-7-34", "P29_006": "3", "P29_007": "1", "P29_008": "00", "P29_009": null }, "geometry": { "type": "Point", "coordinates": [ 135.348980951372369, 34.811140448262009 ] } },
{ "type": "Feature", "properties": { "P29_001": "28214", "P29_002": "B128210002756", "P29_003": "16001", "P29_004": "宝塚市立長尾小学校", "P29_005": "兵庫県宝塚市山本東1-10-10", "P29_006": "3", "P29_007": "1", "P29_008": "00", "P29_009": null }, "geometry": { "type": "Point", "coordinates": [ 135.383099436008763, 34.82330526091436 ] } },
{ "type": "Feature", "properties": { "P29_001": "28214", "P29_002": "B128210002765", "P29_003": "16001", "P29_004": "宝塚市立西谷小学校", "P29_005": "兵庫県宝塚市大原野字石保34-1", "P29_006": "3", "P29_007": "1", "P29_008": "00", "P29_009": null }, "geometry": { "type": "Point", "coordinates": [ 135.303691724465466, 34.91056565805129 ] } },
{ "type": "Feature", "properties": { "P29_001": "28214", "P29_002": "B128210002774", "P29_003": "16001", "P29_004": "宝塚市立売布小学校", "P29_005": "兵庫県宝塚市売布が丘1-20", "P29_006": "3", "P29_007": "1", "P29_008": "00", "P29_009": null }, "geometry": { "type": "Point", "coordinates": [ 135.357995471930394, 34.816085408538633 ] } },
{ "type": "Feature", "properties": { "P29_001": "28214", "P29_002": "B128210002783", "P29_003": "16001", "P29_004": "宝塚市立西山小学校", "P29_005": "兵庫県宝塚市野上6-2-1", "P29_006": "3", "P29_007": "1", "P29_008": "00", "P29_009": null }, "geometry": { "type": "Point", "coordinates": [ 135.341162538637661, 34.790702306678561 ] } },
{ "type": "Feature", "properties": { "P29_001": "28214", "P29_002": "B128210002792", "P29_003": "16001", "P29_004": "宝塚市立長尾南小学校", "P29_005": "兵庫県宝塚市山本南2-10-1", "P29_006": "3", "P29_007": "1", "P29_008": "00", "P29_009": null }, "geometry": { "type": "Point", "coordinates": [ 135.390292631906505, 34.817206319936545 ] } },
{ "type": "Feature", "properties": { "P29_001": "28214", "P29_002": "B128210002809", "P29_003": "16001", "P29_004": "宝塚市立末成小学校", "P29_005": "兵庫県宝塚市末成町1-1", "P29_006": "3", "P29_007": "1", "P29_008": "00", "P29_009": null }, "geometry": { "type": "Point", "coordinates": [ 135.362014262665667, 34.791624653790961 ] } },
{ "type": "Feature", "properties": { "P29_001": "28214", "P29_002": "B128210002818", "P29_003": "16001", "P29_004": "宝塚市立安倉小学校", "P29_005": "兵庫県宝塚市安倉中6-1-1", "P29_006": "3", "P29_007": "1", "P29_008": "00", "P29_009": null }, "geometry": { "type": "Point", "coordinates": [ 135.376721150745539, 34.801551324830307 ] } },
{ "type": "Feature", "properties": { "P29_001": "28214", "P29_002": "B128210002836", "P29_003": "16001", "P29_004": "宝塚市立逆瀬台小学校", "P29_005": "兵庫県宝塚市逆瀬台6-1-1", "P29_006": "3", "P29_007": "1", "P29_008": "00", "P29_009": null }, "geometry": { "type": "Point", "coordinates": [ 135.330167700832277, 34.793397152892467 ] } },
{ "type": "Feature", "properties": { "P29_001": "28214", "P29_002": "B128210002845", "P29_003": "16001", "P29_004": "宝塚市立長尾台小学校", "P29_005": "兵庫県宝塚市長尾台1-1-1", "P29_006": "3", "P29_007": "1", "P29_008": "00", "P29_009": null }, "geometry": { "type": "Point", "coordinates": [ 135.399467965113956, 34.834983118176531 ] } },
{ "type": "Feature", "properties": { "P29_001": "28214", "P29_002": "B128210002854", "P29_003": "16001", "P29_004": "宝塚市立美座小学校", "P29_005": "兵庫県宝塚市美座2-6-1", "P29_006": "3", "P29_007": "1", "P29_008": "00", "P29_009": null }, "geometry": { "type": "Point", "coordinates": [ 135.357661642054609, 34.804589052526438 ] } },
{ "type": "Feature", "properties": { "P29_001": "28214", "P29_002": "B128210002863", "P29_003": "16001", "P29_004": "宝塚市立光明小学校", "P29_005": "兵庫県宝塚市光明町8-40", "P29_006": "3", "P29_007": "1", "P29_008": "00", "P29_009": null }, "geometry": { "type": "Point", "coordinates": [ 135.357642423850933, 34.791235828189571 ] } },
{ "type": "Feature", "properties": { "P29_001": "28214", "P29_002": "B128210002872", "P29_003": "16001", "P29_004": "宝塚市立末広小学校", "P29_005": "兵庫県宝塚市末広町3-1", "P29_006": "3", "P29_007": "1", "P29_008": "00", "P29_009": null }, "geometry": { "type": "Point", "coordinates": [ 135.356392305479233, 34.802024074396662 ] } },
{ "type": "Feature", "properties": { "P29_001": "28214", "P29_002": "B128210002881", "P29_003": "16001", "P29_004": "宝塚市立丸橋小学校", "P29_005": "兵庫県宝塚市山本丸橋4-13-1", "P29_006": "3", "P29_007": "1", "P29_008": "00", "P29_009": null }, "geometry": { "type": "Point", "coordinates": [ 135.396617927517326, 34.812361756596836 ] } },
{ "type": "Feature", "properties": { "P29_001": "28217", "P29_002": "B128210002907", "P29_003": "16001", "P29_004": "川西市立川西小学校", "P29_005": "兵庫県川西市栄根1-1-1", "P29_006": "3", "P29_007": "1", "P29_008": "00", "P29_009": null }, "geometry": { "type": "Point", "coordinates": [ 135.414745981205272, 34.822858017340636 ] } },
{ "type": "Feature", "properties": { "P29_001": "28217", "P29_002": "B128210002916", "P29_003": "16001", "P29_004": "川西市立久代小学校", "P29_005": "兵庫県川西市久代3-27-9", "P29_006": "3", "P29_007": "1", "P29_008": "00", "P29_009": null }, "geometry": { "type": "Point", "coordinates": [ 135.408057409546871, 34.805077900380354 ] } },
{ "type": "Feature", "properties": { "P29_001": "28217", "P29_002": "B128210002925", "P29_003": "16001", "P29_004": "川西市立川西北小学校", "P29_005": "兵庫県川西市丸の内町7-1", "P29_006": "3", "P29_007": "1", "P29_008": "00", "P29_009": null }, "geometry": { "type": "Point", "coordinates": [ 135.419568623877097, 34.840272998776641 ] } },
{ "type": "Feature", "properties": { "P29_001": "28217", "P29_002": "B128210002934", "P29_003": "16001", "P29_004": "川西市立多田小学校", "P29_005": "兵庫県川西市多田院1-4-1", "P29_006": "3", "P29_007": "1", "P29_008": "00", "P29_009": null }, "geometry": { "type": "Point", "coordinates": [ 135.406681685086085, 34.861688701643928 ] } },
{ "type": "Feature", "properties": { "P29_001": "28217", "P29_002": "B128210002943", "P29_003": "16001", "P29_004": "川西市立東谷小学校", "P29_005": "兵庫県川西市見野2-30-1", "P29_006": "3", "P29_007": "1", "P29_008": "00", "P29_009": null }, "geometry": { "type": "Point", "coordinates": [ 135.408705551041294, 34.893540236709896 ] } },
{ "type": "Feature", "properties": { "P29_001": "28217", "P29_002": "B128210002970", "P29_003": "16001", "P29_004": "川西市立緑台小学校", "P29_005": "兵庫県川西市向陽台1-7-1", "P29_006": "3", "P29_007": "1", "P29_008": "00", "P29_009": null }, "geometry": { "type": "Point", "coordinates": [ 135.410000326068968, 34.873945363815842 ] } },
{ "type": "Feature", "properties": { "P29_001": "28217", "P29_002": "B128210002989", "P29_003": "16001", "P29_004": "川西市立桜が丘小学校", "P29_005": "兵庫県川西市日高町4-1", "P29_006": "3", "P29_007": "1", "P29_008": "00", "P29_009": null }, "geometry": { "type": "Point", "coordinates": [ 135.412636609250711, 34.833271776069616 ] } },
{ "type": "Feature", "properties": { "P29_001": "28217", "P29_002": "B128210002998", "P29_003": "16001", "P29_004": "川西市立牧の台小学校", "P29_005": "兵庫県川西市大和東1-47-1", "P29_006": "3", "P29_007": "1", "P29_008": "00", "P29_009": null }, "geometry": { "type": "Point", "coordinates": [ 135.421733493905265, 34.885925077562348 ] } },
{ "type": "Feature", "properties": { "P29_001": "28217", "P29_002": "B128210003014", "P29_003": "16001", "P29_004": "川西市立明峰小学校", "P29_005": "兵庫県川西市萩原台西3-242", "P29_006": "3", "P29_007": "1", "P29_008": "00", "P29_009": null }, "geometry": { "type": "Point", "coordinates": [ 135.410051865254275, 34.847760488691122 ] } },
{ "type": "Feature", "properties": { "P29_001": "28217", "P29_002": "B128210003032", "P29_003": "16001", "P29_004": "川西市立多田東小学校", "P29_005": "兵庫県川西市東多田3-21-1", "P29_006": "3", "P29_007": "1", "P29_008": "00", "P29_009": null }, "geometry": { "type": "Point", "coordinates": [ 135.421867632748643, 34.863505458213361 ] } },
{ "type": "Feature", "properties": { "P29_001": "28217", "P29_002": "B128210003069", "P29_003": "16001", "P29_004": "川西市立加茂小学校", "P29_005": "兵庫県川西市加茂3-14-1", "P29_006": "3", "P29_007": "1", "P29_008": "00", "P29_009": null }, "geometry": { "type": "Point", "coordinates": [ 135.401909469001424, 34.812496419772756 ] } },
{ "type": "Feature", "properties": { "P29_001": "28301", "P29_002": "B128210003078", "P29_003": "16001", "P29_004": "猪名川町立猪名川小学校", "P29_005": "兵庫県川辺郡猪名川町柏梨田字イハノ谷11", "P29_006": "3", "P29_007": "1", "P29_008": "00", "P29_009": null }, "geometry": { "type": "Point", "coordinates": [ 135.372392307782633, 34.899534672662654 ] } },
{ "type": "Feature", "properties": { "P29_001": "28301", "P29_002": "B128210003087", "P29_003": "16001", "P29_004": "猪名川町立楊津小学校", "P29_005": "兵庫県川辺郡猪名川町木津字茶垣内11-3", "P29_006": "3", "P29_007": "1", "P29_008": "00", "P29_009": null }, "geometry": { "type": "Point", "coordinates": [ 135.338534364756839, 34.939000274520069 ] } },
{ "type": "Feature", "properties": { "P29_001": "28301", "P29_002": "B128210003096", "P29_003": "16001", "P29_004": "猪名川町立大島小学校", "P29_005": "兵庫県川辺郡猪名川町島字賀島5", "P29_006": "3", "P29_007": "1", "P29_008": "00", "P29_009": null }, "geometry": { "type": "Point", "coordinates": [ 135.325209369874671, 34.977076130606264 ] } },
{ "type": "Feature", "properties": { "P29_001": "28301", "P29_002": "B128210003112", "P29_003": "16001", "P29_004": "猪名川町立白金小学校", "P29_005": "兵庫県川辺郡猪名川町白金2-7", "P29_006": "3", "P29_007": "1", "P29_008": "00", "P29_009": null }, "geometry": { "type": "Point", "coordinates": [ 135.361188143589231, 34.90165546205035 ] } },
{ "type": "Feature", "properties": { "P29_001": "28301", "P29_002": "B128210003121", "P29_003": "16001", "P29_004": "猪名川町立つつじが丘小学校", "P29_005": "兵庫県川辺郡猪名川町つつじが丘1-45", "P29_006": "3", "P29_007": "1", "P29_008": "00", "P29_009": null }, "geometry": { "type": "Point", "coordinates": [ 135.368759161263654, 34.88750203519443 ] } },
{ "type": "Feature", "properties": { "P29_001": "28214", "P29_002": "B128210003130", "P29_003": "16001", "P29_004": "宝塚市立高司小学校", "P29_005": "兵庫県宝塚市高司4-4-55", "P29_006": "3", "P29_007": "1", "P29_008": "00", "P29_009": null }, "geometry": { "type": "Point", "coordinates": [ 135.367282564355804, 34.784122546906872 ] } },
{ "type": "Feature", "properties": { "P29_001": "28214", "P29_002": "B128210003149", "P29_003": "16001", "P29_004": "宝塚市立安倉北小学校", "P29_005": "兵庫県宝塚市安倉北5-1-1", "P29_006": "3", "P29_007": "1", "P29_008": "00", "P29_009": null }, "geometry": { "type": "Point", "coordinates": [ 135.373590287289119, 34.80660398738528 ] } },
{ "type": "Feature", "properties": { "P29_001": "28214", "P29_002": "B128210003158", "P29_003": "16001", "P29_004": "宝塚市立すみれガ丘小学校", "P29_005": "兵庫県宝塚市すみれガ丘1-5-1", "P29_006": "3", "P29_007": "1", "P29_008": "00", "P29_009": null }, "geometry": { "type": "Point", "coordinates": [ 135.343607462989098, 34.820105258496483 ] } },
{ "type": "Feature", "properties": { "P29_001": "28214", "P29_002": "B128210003167", "P29_003": "16001", "P29_004": "宝塚市立山手台小学校", "P29_005": "兵庫県宝塚市山手台西3-1-1", "P29_006": "3", "P29_007": "1", "P29_008": "00", "P29_009": null }, "geometry": { "type": "Point", "coordinates": [ 135.375501642321751, 34.832513257466978 ] } },
{ "type": "Feature", "properties": { "P29_001": "28219", "P29_002": "B128210003185", "P29_003": "16001", "P29_004": "三田市立三輪小学校", "P29_005": "兵庫県三田市三輪1-12-11", "P29_006": "3", "P29_007": "1", "P29_008": "00", "P29_009": null }, "geometry": { "type": "Point", "coordinates": [ 135.229796295146798, 34.891172847582141 ] } },
{ "type": "Feature", "properties": { "P29_001": "28219", "P29_002": "B128210003201", "P29_003": "16001", "P29_004": "三田市立藍小学校", "P29_005": "兵庫県三田市西相野477-1", "P29_006": "3", "P29_007": "1", "P29_008": "00", "P29_009": null }, "geometry": { "type": "Point", "coordinates": [ 135.143296671287715, 34.961913090212207 ] } },
{ "type": "Feature", "properties": { "P29_001": "28219", "P29_002": "B128210003247", "P29_003": "16001", "P29_004": "三田市立高平小学校", "P29_005": "兵庫県三田市下里172", "P29_006": "3", "P29_007": "1", "P29_008": "00", "P29_009": null }, "geometry": { "type": "Point", "coordinates": [ 135.271649423493102, 34.950673388041281 ] } },
{ "type": "Feature", "properties": { "P29_001": "28219", "P29_002": "B128210003256", "P29_003": "16001", "P29_004": "三田市立母子小学校", "P29_005": "兵庫県三田市母子721", "P29_006": "3", "P29_007": "1", "P29_008": "00", "P29_009": null }, "geometry": { "type": "Point", "coordinates": [ 135.230897458173757, 35.022011953446587 ] } },
{ "type": "Feature", "properties": { "P29_001": "28219", "P29_002": "B128210003265", "P29_003": "16001", "P29_004": "三田市立武庫小学校", "P29_005": "兵庫県三田市武庫が丘4-13", "P29_006": "3", "P29_007": "1", "P29_008": "00", "P29_009": null }, "geometry": { "type": "Point", "coordinates": [ 135.207828627497747, 34.884721284040097 ] } },
{ "type": "Feature", "properties": { "P29_001": "28219", "P29_002": "B128210003283", "P29_003": "16001", "P29_004": "三田市立すずかけ台小学校", "P29_005": "兵庫県三田市すずかけ台2-45", "P29_006": "3", "P29_007": "1", "P29_008": "00", "P29_009": null }, "geometry": { "type": "Point", "coordinates": [ 135.19583109881421, 34.902310362163419 ] } },
{ "type": "Feature", "properties": { "P29_001": "28219", "P29_002": "B128210003292", "P29_003": "16001", "P29_004": "三田市立狭間小学校", "P29_005": "兵庫県三田市狭間が丘4-4", "P29_006": "3", "P29_007": "1", "P29_008": "00", "P29_009": null }, "geometry": { "type": "Point", "coordinates": [ 135.201294886043144, 34.880306878676826 ] } },
{ "type": "Feature", "properties": { "P29_001": "28219", "P29_002": "B128210003309", "P29_003": "16001", "P29_004": "三田市立富士小学校", "P29_005": "兵庫県三田市富士が丘1-12", "P29_006": "3", "P29_007": "1", "P29_008": "00", "P29_009": null }, "geometry": { "type": "Point", "coordinates": [ 135.194461041193819, 34.889608015748763 ] } },
{ "type": "Feature", "properties": { "P29_001": "28219", "P29_002": "B128210003318", "P29_003": "16001", "P29_004": "三田市立あかしあ台小学校", "P29_005": "兵庫県三田市あかしあ台2-6", "P29_006": "3", "P29_007": "1", "P29_008": "00", "P29_009": null }, "geometry": { "type": "Point", "coordinates": [ 135.180690236201855, 34.900342508819556 ] } },
{ "type": "Feature", "properties": { "P29_001": "28219", "P29_002": "B128210003327", "P29_003": "16001", "P29_004": "三田市立弥生小学校", "P29_005": "兵庫県三田市弥生が丘2-20", "P29_006": "3", "P29_007": "1", "P29_008": "00", "P29_009": null }, "geometry": { "type": "Point", "coordinates": [ 135.195064286283724, 34.882780605380638 ] } },
{ "type": "Feature", "properties": { "P29_001": "28219", "P29_002": "B128210003336", "P29_003": "16001", "P29_004": "三田市立つつじが丘小学校", "P29_005": "兵庫県三田市つつじが丘南3-829-1", "P29_006": "3", "P29_007": "1", "P29_008": "00", "P29_009": null }, "geometry": { "type": "Point", "coordinates": [ 135.12937297853378, 34.942664853344894 ] } },
{ "type": "Feature", "properties": { "P29_001": "28219", "P29_002": "B128210003345", "P29_003": "16001", "P29_004": "三田市立けやき台小学校", "P29_005": "兵庫県三田市けやき台3-77", "P29_006": "3", "P29_007": "1", "P29_008": "00", "P29_009": null }, "geometry": { "type": "Point", "coordinates": [ 135.193201478377205, 34.913551519638695 ] } },
{ "type": "Feature", "properties": { "P29_001": "28219", "P29_002": "B128210003354", "P29_003": "16001", "P29_004": "三田市立学園小学校", "P29_005": "兵庫県三田市学園7-7", "P29_006": "3", "P29_007": "1", "P29_008": "00", "P29_009": null }, "geometry": { "type": "Point", "coordinates": [ 135.163251522797793, 34.904080122620393 ] } },
{ "type": "Feature", "properties": { "P29_001": "28219", "P29_002": "B128210003363", "P29_003": "16001", "P29_004": "三田市立ゆりのき台小学校", "P29_005": "兵庫県三田市ゆりのき台4-24", "P29_006": "3", "P29_007": "1", "P29_008": "00", "P29_009": null }, "geometry": { "type": "Point", "coordinates": [ 135.179409164581443, 34.916302768277333 ] } },
{ "type": "Feature", "properties": { "P29_001": "28223", "P29_002": "B128210003372", "P29_003": "16001", "P29_004": "丹波市立崇広小学校", "P29_005": "兵庫県丹波市柏原町柏原683", "P29_006": "3", "P29_007": "1", "P29_008": "00", "P29_009": null }, "geometry": { "type": "Point", "coordinates": [ 135.082835639174675, 35.12871458607642 ] } },
{ "type": "Feature", "properties": { "P29_001": "28223", "P29_002": "B128210003390", "P29_003": "16001", "P29_004": "丹波市立上久下小学校", "P29_005": "兵庫県丹波市山南町青田156", "P29_006": "3", "P29_007": "1", "P29_008": "00", "P29_009": null }, "geometry": { "type": "Point", "coordinates": [ 135.088754965149462, 35.08693668432641 ] } },
{ "type": "Feature", "properties": { "P29_001": "28223", "P29_002": "B128210003407", "P29_003": "16001", "P29_004": "丹波市立久下小学校", "P29_005": "兵庫県丹波市山南町谷川2276", "P29_006": "3", "P29_007": "1", "P29_008": "00", "P29_009": null }, "geometry": { "type": "Point", "coordinates": [ 135.042922158320408, 35.079744322331308 ] } },
{ "type": "Feature", "properties": { "P29_001": "28223", "P29_002": "B128210003416", "P29_003": "16001", "P29_004": "丹波市立小川小学校", "P29_005": "兵庫県丹波市山南町井原427-1", "P29_006": "3", "P29_007": "1", "P29_008": "00", "P29_009": null }, "geometry": { "type": "Point", "coordinates": [ 135.00776265949321, 35.080841248800965 ] } },
{ "type": "Feature", "properties": { "P29_001": "28223", "P29_002": "B128210003425", "P29_003": "16001", "P29_004": "丹波市立和田小学校", "P29_005": "兵庫県丹波市山南町和田1", "P29_006": "3", "P29_007": "1", "P29_008": "00", "P29_009": null }, "geometry": { "type": "Point", "coordinates": [ 134.975043020070217, 35.093286079615915 ] } },
{ "type": "Feature", "properties": { "P29_001": "28223", "P29_002": "B128210003434", "P29_003": "16001", "P29_004": "丹波市立南小学校", "P29_005": "兵庫県丹波市氷上町佐野530", "P29_006": "3", "P29_007": "1", "P29_008": "00", "P29_009": null }, "geometry": { "type": "Point", "coordinates": [ 135.017665278306339, 35.136208085350297 ] } },
{ "type": "Feature", "properties": { "P29_001": "28223", "P29_002": "B128210003443", "P29_003": "16001", "P29_004": "丹波市立中央小学校", "P29_005": "兵庫県丹波市氷上町成松186-1", "P29_006": "3", "P29_007": "1", "P29_008": "00", "P29_009": null }, "geometry": { "type": "Point", "coordinates": [ 135.032788111493346, 35.174385305509283 ] } },
{ "type": "Feature", "properties": { "P29_001": "28223", "P29_002": "B128210003452", "P29_003": "16001", "P29_004": "丹波市立西小学校", "P29_005": "兵庫県丹波市氷上町上新庄524", "P29_006": "3", "P29_007": "1", "P29_008": "00", "P29_009": null }, "geometry": { "type": "Point", "coordinates": [ 135.001333675247935, 35.181673240477075 ] } },
{ "type": "Feature", "properties": { "P29_001": "28223", "P29_002": "B128210003461", "P29_003": "16001", "P29_004": "丹波市立北小学校", "P29_005": "兵庫県丹波市氷上町絹山608", "P29_006": "3", "P29_007": "1", "P29_008": "00", "P29_009": null }, "geometry": { "type": "Point", "coordinates": [ 135.045346301286685, 35.19981912485936 ] } },
{ "type": "Feature", "properties": { "P29_001": "28223", "P29_002": "B128210003489", "P29_003": "16001", "P29_004": "丹波市立青垣小学校", "P29_005": "兵庫県丹波市青垣町佐治282-3", "P29_006": "3", "P29_007": "1", "P29_008": "00", "P29_009": null }, "geometry": { "type": "Point", "coordinates": [ 135.004803796777423, 35.244390440297408 ] } },
{ "type": "Feature", "properties": { "P29_001": "28223", "P29_002": "B128210003498", "P29_003": "16001", "P29_004": "丹波市立竹田小学校", "P29_005": "兵庫県丹波市市島町中竹田1703-1", "P29_006": "3", "P29_007": "1", "P29_008": "00", "P29_009": null }, "geometry": { "type": "Point", "coordinates": [ 135.136553438949079, 35.247012694876354 ] } },
{ "type": "Feature", "properties": { "P29_001": "28223", "P29_002": "B128210003504", "P29_003": "16001", "P29_004": "丹波市立前山小学校", "P29_005": "兵庫県丹波市市島町上竹田12-1", "P29_006": "3", "P29_007": "1", "P29_008": "00", "P29_009": null }, "geometry": { "type": "Point", "coordinates": [ 135.112205314586788, 35.225652346520569 ] } },
{ "type": "Feature", "properties": { "P29_001": "28223", "P29_002": "B128210003513", "P29_003": "16001", "P29_004": "丹波市立吉見小学校", "P29_005": "兵庫県丹波市市島町上田222-1", "P29_006": "3", "P29_007": "1", "P29_008": "00", "P29_009": null }, "geometry": { "type": "Point", "coordinates": [ 135.133805743175884, 35.206154912094647 ] } },
{ "type": "Feature", "properties": { "P29_001": "28223", "P29_002": "B128210003531", "P29_003": "16001", "P29_004": "丹波市立三輪小学校", "P29_005": "兵庫県丹波市市島町酒梨205", "P29_006": "3", "P29_007": "1", "P29_008": "00", "P29_009": null }, "geometry": { "type": "Point", "coordinates": [ 135.110318756005057, 35.198965377250701 ] } },
{ "type": "Feature", "properties": { "P29_001": "28223", "P29_002": "B128210003540", "P29_003": "16001", "P29_004": "丹波市立春日部小学校", "P29_005": "兵庫県丹波市春日町多利1774", "P29_006": "3", "P29_007": "1", "P29_008": "00", "P29_009": null }, "geometry": { "type": "Point", "coordinates": [ 135.127343308276068, 35.178046680150111 ] } },
{ "type": "Feature", "properties": { "P29_001": "28223", "P29_002": "B128210003559", "P29_003": "16001", "P29_004": "丹波市立大路小学校", "P29_005": "兵庫県丹波市春日町下三井庄1080", "P29_006": "3", "P29_007": "1", "P29_008": "00", "P29_009": null }, "geometry": { "type": "Point", "coordinates": [ 135.164378710622373, 35.147474937245065 ] } },
{ "type": "Feature", "properties": { "P29_001": "28223", "P29_002": "B128210003568", "P29_003": "16001", "P29_004": "丹波市立進修小学校", "P29_005": "兵庫県丹波市春日町国領1011-1", "P29_006": "3", "P29_007": "1", "P29_008": "00", "P29_009": null }, "geometry": { "type": "Point", "coordinates": [ 135.129488522966199, 35.14482357522494 ] } },
{ "type": "Feature", "properties": { "P29_001": "28221", "P29_002": "B128210003595", "P29_003": "16001", "P29_004": "丹波篠山市立篠山小学校", "P29_005": "兵庫県丹波篠山市北新町5", "P29_006": "3", "P29_007": "1", "P29_008": "00", "P29_009": null }, "geometry": { "type": "Point", "coordinates": [ 135.219040092193609, 35.073406896455218 ] } },
{ "type": "Feature", "properties": { "P29_001": "28221", "P29_002": "B128210003602", "P29_003": "16001", "P29_004": "丹波篠山市立八上小学校", "P29_005": "兵庫県丹波篠山市糯ケ坪89", "P29_006": "3", "P29_007": "1", "P29_008": "00", "P29_009": null }, "geometry": { "type": "Point", "coordinates": [ 135.235739046006501, 35.067352447261818 ] } },
{ "type": "Feature", "properties": { "P29_001": "28221", "P29_002": "B128210003611", "P29_003": "16001", "P29_004": "丹波篠山市立岡野小学校", "P29_005": "兵庫県丹波篠山市東浜谷531", "P29_006": "3", "P29_007": "1", "P29_008": "00", "P29_009": null }, "geometry": { "type": "Point", "coordinates": [ 135.201653748652149, 35.081953720335591 ] } },
{ "type": "Feature", "properties": { "P29_001": "28221", "P29_002": "B128210003620", "P29_003": "16001", "P29_004": "丹波篠山市立城北畑小学校", "P29_005": "兵庫県丹波篠山市黒岡89", "P29_006": "3", "P29_007": "1", "P29_008": "00", "P29_009": null }, "geometry": { "type": "Point", "coordinates": [ 135.224181681232039, 35.082566755553138 ] } },
{ "type": "Feature", "properties": { "P29_001": "28221", "P29_002": "B128210003639", "P29_003": "16001", "P29_004": "丹波篠山市立城東小学校", "P29_005": "兵庫県丹波篠山市日置162", "P29_006": "3", "P29_007": "1", "P29_008": "00", "P29_009": null }, "geometry": { "type": "Point", "coordinates": [ 135.281003647464843, 35.0676982958894 ] } },
{ "type": "Feature", "properties": { "P29_001": "28221", "P29_002": "B128210003648", "P29_003": "16001", "P29_004": "丹波篠山市立多紀小学校", "P29_005": "兵庫県丹波篠山市草ノ上108", "P29_006": "3", "P29_007": "1", "P29_008": "00", "P29_009": null }, "geometry": { "type": "Point", "coordinates": [ 135.3170516636863, 35.098963808707538 ] } },
{ "type": "Feature", "properties": { "P29_001": "28221", "P29_002": "B128210003657", "P29_003": "16001", "P29_004": "丹波篠山市立西紀南小学校", "P29_005": "兵庫県丹波篠山市黒田186", "P29_006": "3", "P29_007": "1", "P29_008": "00", "P29_009": null }, "geometry": { "type": "Point", "coordinates": [ 135.179642095505216, 35.083360246164169 ] } },
{ "type": "Feature", "properties": { "P29_001": "28221", "P29_002": "B128210003666", "P29_003": "16001", "P29_004": "丹波篠山市立西紀小学校", "P29_005": "兵庫県丹波篠山市乗竹650", "P29_006": "3", "P29_007": "1", "P29_008": "00", "P29_009": null }, "geometry": { "type": "Point", "coordinates": [ 135.18273587379872, 35.105542212419209 ] } },
{ "type": "Feature", "properties": { "P29_001": "28221", "P29_002": "B128210003675", "P29_003": "16001", "P29_004": "丹波篠山市立西紀北小学校", "P29_005": "兵庫県丹波篠山市本郷123", "P29_006": "3", "P29_007": "1", "P29_008": "00", "P29_009": null }, "geometry": { "type": "Point", "coordinates": [ 135.263202689338414, 35.15937954771897 ] } },
{ "type": "Feature", "properties": { "P29_001": "28221", "P29_002": "B128210003684", "P29_003": "16001", "P29_004": "丹波篠山市立大山小学校", "P29_005": "兵庫県丹波篠山市大山新100", "P29_006": "3", "P29_007": "1", "P29_008": "00", "P29_009": null }, "geometry": { "type": "Point", "coordinates": [ 135.139358654786065, 35.096219258684002 ] } },
{ "type": "Feature", "properties": { "P29_001": "28221", "P29_002": "B128210003693", "P29_003": "16001", "P29_004": "丹波篠山市立味間小学校", "P29_005": "兵庫県丹波篠山市味間新97-3", "P29_006": "3", "P29_007": "1", "P29_008": "00", "P29_009": null }, "geometry": { "type": "Point", "coordinates": [ 135.174142083434077, 35.062930107473264 ] } },
{ "type": "Feature", "properties": { "P29_001": "28221", "P29_002": "B128210003700", "P29_003": "16001", "P29_004": "丹波篠山市立城南小学校", "P29_005": "兵庫県丹波篠山市小枕120", "P29_006": "3", "P29_007": "1", "P29_008": "00", "P29_009": null }, "geometry": { "type": "Point", "coordinates": [ 135.221260395294706, 35.059441214437271 ] } },
{ "type": "Feature", "properties": { "P29_001": "28221", "P29_002": "B128210003719", "P29_003": "16001", "P29_004": "丹波篠山市立古市小学校", "P29_005": "兵庫県丹波篠山市波賀野新田74", "P29_006": "3", "P29_007": "1", "P29_008": "00", "P29_009": null }, "geometry": { "type": "Point", "coordinates": [ 135.15562168988626, 35.023732074292298 ] } },
{ "type": "Feature", "properties": { "P29_001": "28221", "P29_002": "B128210003728", "P29_003": "16001", "P29_004": "丹波篠山市立今田小学校", "P29_005": "兵庫県丹波篠山市今田町下小野原61", "P29_006": "3", "P29_007": "1", "P29_008": "00", "P29_009": null }, "geometry": { "type": "Point", "coordinates": [ 135.113619368602201, 35.007596481911861 ] } },
{ "type": "Feature", "properties": { "P29_001": "28203", "P29_002": "B128210003737", "P29_003": "16001", "P29_004": "明石市立明石小学校", "P29_005": "兵庫県明石市山下町12-21", "P29_006": "3", "P29_007": "1", "P29_008": "00", "P29_009": null }, "geometry": { "type": "Point", "coordinates": [ 134.995074268428311, 34.650191199661904 ] } },
{ "type": "Feature", "properties": { "P29_001": "28203", "P29_002": "B128210003746", "P29_003": "16001", "P29_004": "明石市立人丸小学校", "P29_005": "兵庫県明石市東人丸町26-29", "P29_006": "3", "P29_007": "1", "P29_008": "00", "P29_009": null }, "geometry": { "type": "Point", "coordinates": [ 135.005191358178735, 34.650256996494335 ] } },
{ "type": "Feature", "properties": { "P29_001": "28203", "P29_002": "B128210003755", "P29_003": "16001", "P29_004": "明石市立大観小学校", "P29_005": "兵庫県明石市大明石町2-8-30", "P29_006": "3", "P29_007": "1", "P29_008": "00", "P29_009": null }, "geometry": { "type": "Point", "coordinates": [ 134.985341215882926, 34.649432601644669 ] } },
{ "type": "Feature", "properties": { "P29_001": "28203", "P29_002": "B128210003764", "P29_003": "16001", "P29_004": "明石市立王子小学校", "P29_005": "兵庫県明石市王子1-1-1", "P29_006": "3", "P29_007": "1", "P29_008": "00", "P29_009": null }, "geometry": { "type": "Point", "coordinates": [ 134.982795991690921, 34.656457463317643 ] } },
{ "type": "Feature", "properties": { "P29_001": "28203", "P29_002": "B128210003773", "P29_003": "16001", "P29_004": "明石市立林小学校", "P29_005": "兵庫県明石市林崎町1-8-10", "P29_006": "3", "P29_007": "1", "P29_008": "00", "P29_009": null }, "geometry": { "type": "Point", "coordinates": [ 134.971557711764717, 34.648538698747636 ] } },
{ "type": "Feature", "properties": { "P29_001": "28203", "P29_002": "B128210003791", "P29_003": "16001", "P29_004": "明石市立藤江小学校", "P29_005": "兵庫県明石市藤江235", "P29_006": "3", "P29_007": "1", "P29_008": "00", "P29_009": null }, "geometry": { "type": "Point", "coordinates": [ 134.953473633692397, 34.657549491405021 ] } },
{ "type": "Feature", "properties": { "P29_001": "28203", "P29_002": "B128210003817", "P29_003": "16001", "P29_004": "明石市立貴崎小学校", "P29_005": "兵庫県明石市貴崎5-5-52", "P29_006": "3", "P29_007": "1", "P29_008": "00", "P29_009": null }, "geometry": { "type": "Point", "coordinates": [ 134.961305647097333, 34.656833968234388 ] } },
{ "type": "Feature", "properties": { "P29_001": "28203", "P29_002": "B128210003826", "P29_003": "16001", "P29_004": "明石市立大久保小学校", "P29_005": "兵庫県明石市大久保町大久保町430", "P29_006": "3", "P29_007": "1", "P29_008": "00", "P29_009": null }, "geometry": { "type": "Point", "coordinates": [ 134.945299288301271, 34.679550828195232 ] } },
{ "type": "Feature", "properties": { "P29_001": "28203", "P29_002": "B128210003835", "P29_003": "16001", "P29_004": "明石市立山手小学校", "P29_005": "兵庫県明石市大久保町大窪1600", "P29_006": "3", "P29_007": "1", "P29_008": "00", "P29_009": null }, "geometry": { "type": "Point", "coordinates": [ 134.940850397619414, 34.6926423717726 ] } },
{ "type": "Feature", "properties": { "P29_001": "28203", "P29_002": "B128210003844", "P29_003": "16001", "P29_004": "明石市立谷八木小学校", "P29_005": "兵庫県明石市大久保町谷八木878", "P29_006": "3", "P29_007": "1", "P29_008": "00", "P29_009": null }, "geometry": { "type": "Point", "coordinates": [ 134.937869541339751, 34.66830273347162 ] } },
{ "type": "Feature", "properties": { "P29_001": "28203", "P29_002": "B128210003853", "P29_003": "16001", "P29_004": "明石市立江井島小学校", "P29_005": "兵庫県明石市大久保町西島252", "P29_006": "3", "P29_007": "1", "P29_008": "00", "P29_009": null }, "geometry": { "type": "Point", "coordinates": [ 134.914477506544131, 34.680381996852795 ] } },
{ "type": "Feature", "properties": { "P29_001": "28203", "P29_002": "B128210003871", "P29_003": "16001", "P29_004": "明石市立錦浦小学校", "P29_005": "兵庫県明石市魚住町西岡1349", "P29_006": "3", "P29_007": "1", "P29_008": "00", "P29_009": null }, "geometry": { "type": "Point", "coordinates": [ 134.899614590182665, 34.689634984633116 ] } },
{ "type": "Feature", "properties": { "P29_001": "28203", "P29_002": "B128210003880", "P29_003": "16001", "P29_004": "明石市立二見小学校", "P29_005": "兵庫県明石市二見町東二見454", "P29_006": "3", "P29_007": "1", "P29_008": "00", "P29_009": null }, "geometry": { "type": "Point", "coordinates": [ 134.887750381294779, 34.699157481020414 ] } },
{ "type": "Feature", "properties": { "P29_001": "28203", "P29_002": "B128210003899", "P29_003": "16001", "P29_004": "明石市立松が丘小学校", "P29_005": "兵庫県明石市松が丘3-1-1", "P29_006": "3", "P29_007": "1", "P29_008": "00", "P29_009": null }, "geometry": { "type": "Point", "coordinates": [ 135.026261509074146, 34.65702125080589 ] } },
{ "type": "Feature", "properties": { "P29_001": "28203", "P29_002": "B128210003906", "P29_003": "16001", "P29_004": "明石市立朝霧小学校", "P29_005": "兵庫県明石市朝霧東町1-1-40", "P29_006": "3", "P29_007": "1", "P29_008": "00", "P29_009": null }, "geometry": { "type": "Point", "coordinates": [ 135.018623491215948, 34.653420984613305 ] } },
{ "type": "Feature", "properties": { "P29_001": "28203", "P29_002": "B128210003915", "P29_003": "16001", "P29_004": "明石市立二見北小学校", "P29_005": "兵庫県明石市二見町福里274", "P29_006": "3", "P29_007": "1", "P29_008": "00", "P29_009": null }, "geometry": { "type": "Point", "coordinates": [ 134.891716817655066, 34.71203212450461 ] } },
{ "type": "Feature", "properties": { "P29_001": "28203", "P29_002": "B128210003924", "P29_003": "16001", "P29_004": "明石市立錦が丘小学校", "P29_005": "兵庫県明石市魚住町錦が丘1-17-5", "P29_006": "3", "P29_007": "1", "P29_008": "00", "P29_009": null }, "geometry": { "type": "Point", "coordinates": [ 134.911084062272778, 34.695843433376346 ] } },
{ "type": "Feature", "properties": { "P29_001": "28203", "P29_002": "B128210003933", "P29_003": "16001", "P29_004": "明石市立高丘東小学校", "P29_005": "兵庫県明石市大久保町高丘3-2", "P29_006": "3", "P29_007": "1", "P29_008": "00", "P29_009": null }, "geometry": { "type": "Point", "coordinates": [ 134.950425933111347, 34.701174026818308 ] } },
{ "type": "Feature", "properties": { "P29_001": "28203", "P29_002": "B128210003942", "P29_003": "16001", "P29_004": "明石市立高丘西小学校", "P29_005": "兵庫県明石市大久保町高丘7-23", "P29_006": "3", "P29_007": "1", "P29_008": "00", "P29_009": null }, "geometry": { "type": "Point", "coordinates": [ 134.941255687095776, 34.704004021910613 ] } },
{ "type": "Feature", "properties": { "P29_001": "28203", "P29_002": "B128210003951", "P29_003": "16001", "P29_004": "明石市立沢池小学校", "P29_005": "兵庫県明石市明南町3-3-1", "P29_006": "3", "P29_007": "1", "P29_008": "00", "P29_009": null }, "geometry": { "type": "Point", "coordinates": [ 134.966272781540681, 34.676221487078564 ] } },
{ "type": "Feature", "properties": { "P29_001": "28203", "P29_002": "B128210003979", "P29_003": "16001", "P29_004": "明石市立中崎小学校", "P29_005": "兵庫県明石市中崎1-4-1", "P29_006": "3", "P29_007": "1", "P29_008": "00", "P29_009": null }, "geometry": { "type": "Point", "coordinates": [ 134.999185100456202, 34.642757028241398 ] } },
{ "type": "Feature", "properties": { "P29_001": "28203", "P29_002": "B128210003988", "P29_003": "16001", "P29_004": "明石市立和坂小学校", "P29_005": "兵庫県明石市和坂2-12-1", "P29_006": "3", "P29_007": "1", "P29_008": "00", "P29_009": null }, "geometry": { "type": "Point", "coordinates": [ 134.970747206076538, 34.662119125286786 ] } },
{ "type": "Feature", "properties": { "P29_001": "28203", "P29_002": "B128210003997", "P29_003": "16001", "P29_004": "明石市立二見西小学校", "P29_005": "兵庫県明石市二見町西二見383-34", "P29_006": "3", "P29_007": "1", "P29_008": "00", "P29_009": null }, "geometry": { "type": "Point", "coordinates": [ 134.883086107191957, 34.706026883434681 ] } },
{ "type": "Feature", "properties": { "P29_001": "28203", "P29_002": "B128210004004", "P29_003": "16001", "P29_004": "明石市立大久保南小学校", "P29_005": "兵庫県明石市大久保町ゆりのき通3-1", "P29_006": "3", "P29_007": "1", "P29_008": "00", "P29_009": null }, "geometry": { "type": "Point", "coordinates": [ 134.937471881996004, 34.677114160612639 ] } },
{ "type": "Feature", "properties": { "P29_001": "28210", "P29_002": "B128210004013", "P29_003": "16001", "P29_004": "加古川市立加古川小学校", "P29_005": "兵庫県加古川市加古川町木村222-3", "P29_006": "3", "P29_007": "1", "P29_008": "00", "P29_009": null }, "geometry": { "type": "Point", "coordinates": [ 134.830957035302106, 34.765334425999903 ] } },
{ "type": "Feature", "properties": { "P29_001": "28210", "P29_002": "B128210004022", "P29_003": "16001", "P29_004": "加古川市立氷丘小学校", "P29_005": "兵庫県加古川市加古川町中津886-1", "P29_006": "3", "P29_007": "1", "P29_008": "00", "P29_009": null }, "geometry": { "type": "Point", "coordinates": [ 134.848457642161691, 34.770358402935258 ] } },
{ "type": "Feature", "properties": { "P29_001": "28210", "P29_002": "B128210004040", "P29_003": "16001", "P29_004": "加古川市立野口小学校", "P29_005": "兵庫県加古川市野口町野口493", "P29_006": "3", "P29_007": "1", "P29_008": "00", "P29_009": null }, "geometry": { "type": "Point", "coordinates": [ 134.854638588638323, 34.754867040889451 ] } },
{ "type": "Feature", "properties": { "P29_001": "28210", "P29_002": "B128210004059", "P29_003": "16001", "P29_004": "加古川市立平岡小学校", "P29_005": "兵庫県加古川市平岡町高畑164-1", "P29_006": "3", "P29_007": "1", "P29_008": "00", "P29_009": null }, "geometry": { "type": "Point", "coordinates": [ 134.87215013670496, 34.737304774887363 ] } },
{ "type": "Feature", "properties": { "P29_001": "28210", "P29_002": "B128210004068", "P29_003": "16001", "P29_004": "加古川市立尾上小学校", "P29_005": "兵庫県加古川市尾上町長田519-1", "P29_006": "3", "P29_007": "1", "P29_008": "00", "P29_009": null }, "geometry": { "type": "Point", "coordinates": [ 134.823771276133783, 34.741820295989854 ] } },
{ "type": "Feature", "properties": { "P29_001": "28210", "P29_002": "B128210004077", "P29_003": "16001", "P29_004": "加古川市立別府小学校", "P29_005": "兵庫県加古川市別府町西町1", "P29_006": "3", "P29_007": "1", "P29_008": "00", "P29_009": null }, "geometry": { "type": "Point", "coordinates": [ 134.843411400723795, 34.727180307328112 ] } },
{ "type": "Feature", "properties": { "P29_001": "28210", "P29_002": "B128210004086", "P29_003": "16001", "P29_004": "加古川市立八幡小学校", "P29_005": "兵庫県加古川市八幡町宗佐345", "P29_006": "3", "P29_007": "1", "P29_008": "00", "P29_009": null }, "geometry": { "type": "Point", "coordinates": [ 134.914657328053551, 34.794067514066541 ] } },
{ "type": "Feature", "properties": { "P29_001": "28210", "P29_002": "B128210004102", "P29_003": "16001", "P29_004": "加古川市立上荘小学校", "P29_005": "兵庫県加古川市上荘町都染400", "P29_006": "3", "P29_007": "1", "P29_008": "00", "P29_009": null }, "geometry": { "type": "Point", "coordinates": [ 134.89799294638766, 34.79929977775695 ] } },
{ "type": "Feature", "properties": { "P29_001": "28210", "P29_002": "B128210004111", "P29_003": "16001", "P29_004": "加古川市立東神吉小学校", "P29_005": "兵庫県加古川市東神吉町神吉156", "P29_006": "3", "P29_007": "1", "P29_008": "00", "P29_009": null }, "geometry": { "type": "Point", "coordinates": [ 134.829552145442676, 34.790786978615593 ] } },
{ "type": "Feature", "properties": { "P29_001": "28210", "P29_002": "B128210004120", "P29_003": "16001", "P29_004": "加古川市立西神吉小学校", "P29_005": "兵庫県加古川市西神吉町西村121", "P29_006": "3", "P29_007": "1", "P29_008": "00", "P29_009": null }, "geometry": { "type": "Point", "coordinates": [ 134.820756394922654, 34.798382071095062 ] } },
{ "type": "Feature", "properties": { "P29_001": "28210", "P29_002": "B128210004139", "P29_003": "16001", "P29_004": "加古川市立川西小学校", "P29_005": "兵庫県加古川市米田町平津108", "P29_006": "3", "P29_007": "1", "P29_008": "00", "P29_009": null }, "geometry": { "type": "Point", "coordinates": [ 134.822239922448517, 34.779194197741298 ] } },
{ "type": "Feature", "properties": { "P29_001": "28210", "P29_002": "B128210004148", "P29_003": "16001", "P29_004": "加古川市立陵北小学校", "P29_005": "兵庫県加古川市新神野5-1", "P29_006": "3", "P29_007": "1", "P29_008": "00", "P29_009": null }, "geometry": { "type": "Point", "coordinates": [ 134.873490671422729, 34.789473418583562 ] } },
{ "type": "Feature", "properties": { "P29_001": "28210", "P29_002": "B128210004157", "P29_003": "16001", "P29_004": "加古川市立平岡南小学校", "P29_005": "兵庫県加古川市平岡町二俣180", "P29_006": "3", "P29_007": "1", "P29_008": "00", "P29_009": null }, "geometry": { "type": "Point", "coordinates": [ 134.862006752856871, 34.733713361405201 ] } },
{ "type": "Feature", "properties": { "P29_001": "28210", "P29_002": "B128210004200", "P29_003": "16001", "P29_004": "加古川市立氷丘南小学校", "P29_005": "兵庫県加古川市加古川町溝之口246", "P29_006": "3", "P29_007": "1", "P29_008": "00", "P29_009": null }, "geometry": { "type": "Point", "coordinates": [ 134.844430449836238, 34.769452926773347 ] } },
{ "type": "Feature", "properties": { "P29_001": "28210", "P29_002": "B128210004219", "P29_003": "16001", "P29_004": "加古川市立平岡北小学校", "P29_005": "兵庫県加古川市平岡町新在家1327-1", "P29_006": "3", "P29_007": "1", "P29_008": "00", "P29_009": null }, "geometry": { "type": "Point", "coordinates": [ 134.871267161413726, 34.748582209424995 ] } },
{ "type": "Feature", "properties": { "P29_001": "28210", "P29_002": "B128210004228", "P29_003": "16001", "P29_004": "加古川市立野口南小学校", "P29_005": "兵庫県加古川市野口町古大内245-3", "P29_006": "3", "P29_007": "1", "P29_008": "00", "P29_009": null }, "geometry": { "type": "Point", "coordinates": [ 134.851141094325612, 34.744297789146096 ] } },
{ "type": "Feature", "properties": { "P29_001": "28210", "P29_002": "B128210004237", "P29_003": "16001", "P29_004": "加古川市立東神吉南小学校", "P29_005": "兵庫県加古川市東神吉町砂部393", "P29_006": "3", "P29_007": "1", "P29_008": "00", "P29_009": null }, "geometry": { "type": "Point", "coordinates": [ 134.827231684050389, 34.787041128291783 ] } },
{ "type": "Feature", "properties": { "P29_001": "28213", "P29_002": "B128210004273", "P29_003": "16001", "P29_004": "西脇市立重春小学校", "P29_005": "兵庫県西脇市野村町1795-185", "P29_006": "3", "P29_007": "1", "P29_008": "00", "P29_009": null }, "geometry": { "type": "Point", "coordinates": [ 134.96201467622646, 34.977299516024765 ] } },
{ "type": "Feature", "properties": { "P29_001": "28213", "P29_002": "B128210004282", "P29_003": "16001", "P29_004": "西脇市立日野小学校", "P29_005": "兵庫県西脇市西田町62-1", "P29_006": "3", "P29_007": "1", "P29_008": "00", "P29_009": null }, "geometry": { "type": "Point", "coordinates": [ 134.958088262708714, 35.013731075004223 ] } },
{ "type": "Feature", "properties": { "P29_001": "28213", "P29_002": "B128210004291", "P29_003": "16001", "P29_004": "西脇市立比延小学校", "P29_005": "兵庫県西脇市比延町22", "P29_006": "3", "P29_007": "1", "P29_008": "00", "P29_009": null }, "geometry": { "type": "Point", "coordinates": [ 134.997434194474664, 34.993278364118922 ] } },
{ "type": "Feature", "properties": { "P29_001": "28213", "P29_002": "B128210004317", "P29_003": "16001", "P29_004": "西脇市立芳田小学校", "P29_005": "兵庫県西脇市落方町236-3", "P29_006": "3", "P29_007": "1", "P29_008": "00", "P29_009": null }, "geometry": { "type": "Point", "coordinates": [ 134.917370363175081, 34.974709587213241 ] } },
{ "type": "Feature", "properties": { "P29_001": "28215", "P29_002": "B128210004326", "P29_003": "16001", "P29_004": "三木市立三樹小学校", "P29_005": "兵庫県三木市末広1-10-8", "P29_006": "3", "P29_007": "1", "P29_008": "00", "P29_009": null }, "geometry": { "type": "Point", "coordinates": [ 134.983141738354192, 34.801690000725912 ] } },
{ "type": "Feature", "properties": { "P29_001": "28215", "P29_002": "B128210004335", "P29_003": "16001", "P29_004": "三木市立平田小学校", "P29_005": "兵庫県三木市平田502", "P29_006": "3", "P29_007": "1", "P29_008": "00", "P29_009": null }, "geometry": { "type": "Point", "coordinates": [ 134.973347403874442, 34.810020216594808 ] } },
{ "type": "Feature", "properties": { "P29_001": "28215", "P29_002": "B128210004353", "P29_003": "16001", "P29_004": "三木市立別所小学校", "P29_005": "兵庫県三木市別所町西這田573", "P29_006": "3", "P29_007": "1", "P29_008": "00", "P29_009": null }, "geometry": { "type": "Point", "coordinates": [ 134.955954260988392, 34.788666249431778 ] } },
{ "type": "Feature", "properties": { "P29_001": "28215", "P29_002": "B128210004362", "P29_003": "16001", "P29_004": "三木市立志染小学校", "P29_005": "兵庫県三木市志染町御坂586", "P29_006": "3", "P29_007": "1", "P29_008": "00", "P29_009": null }, "geometry": { "type": "Point", "coordinates": [ 135.046135349612115, 34.79472315072853 ] } },
{ "type": "Feature", "properties": { "P29_001": "28215", "P29_002": "B128210004399", "P29_003": "16001", "P29_004": "三木市立緑が丘小学校", "P29_005": "兵庫県三木市緑が丘町西1-10-8", "P29_006": "3", "P29_007": "1", "P29_008": "00", "P29_009": null }, "geometry": { "type": "Point", "coordinates": [ 135.026338991905106, 34.771679021274238 ] } },
{ "type": "Feature", "properties": { "P29_001": "28215", "P29_002": "B128210004406", "P29_003": "16001", "P29_004": "三木市立自由が丘小学校", "P29_005": "兵庫県三木市志染町中自由が丘3-70", "P29_006": "3", "P29_007": "1", "P29_008": "00", "P29_009": null }, "geometry": { "type": "Point", "coordinates": [ 135.015045891400348, 34.78658228395517 ] } },
{ "type": "Feature", "properties": { "P29_001": "28215", "P29_002": "B128210004415", "P29_003": "16001", "P29_004": "三木市立緑が丘東小学校", "P29_005": "兵庫県三木市緑が丘町東4-45", "P29_006": "3", "P29_007": "1", "P29_008": "00", "P29_009": null }, "geometry": { "type": "Point", "coordinates": [ 135.038236750718738, 34.774578417310622 ] } },
{ "type": "Feature", "properties": { "P29_001": "28215", "P29_002": "B128210004424", "P29_003": "16001", "P29_004": "三木市立広野小学校", "P29_005": "兵庫県三木市志染町広野2-107-1", "P29_006": "3", "P29_007": "1", "P29_008": "00", "P29_009": null }, "geometry": { "type": "Point", "coordinates": [ 135.007438928368884, 34.778923311031399 ] } },
{ "type": "Feature", "properties": { "P29_001": "28215", "P29_002": "B128210004433", "P29_003": "16001", "P29_004": "三木市立自由が丘東小学校", "P29_005": "兵庫県三木市志染町四合谷67-1", "P29_006": "3", "P29_007": "1", "P29_008": "00", "P29_009": null }, "geometry": { "type": "Point", "coordinates": [ 135.022836679225321, 34.785622916900245 ] } },
{ "type": "Feature", "properties": { "P29_001": "28216", "P29_002": "B128210004442", "P29_003": "16001", "P29_004": "高砂市立高砂小学校", "P29_005": "兵庫県高砂市高砂町大工町810-1", "P29_006": "3", "P29_007": "1", "P29_008": "00", "P29_009": null }, "geometry": { "type": "Point", "coordinates": [ 134.797975578902168, 34.745021899543538 ] } },
{ "type": "Feature", "properties": { "P29_001": "28216", "P29_002": "B128210004451", "P29_003": "16001", "P29_004": "高砂市立荒井小学校", "P29_005": "兵庫県高砂市荒井町東本町10-1", "P29_006": "3", "P29_007": "1", "P29_008": "00", "P29_009": null }, "geometry": { "type": "Point", "coordinates": [ 134.796608176241165, 34.760530219468116 ] } },
{ "type": "Feature", "properties": { "P29_001": "28216", "P29_002": "B128210004488", "P29_003": "16001", "P29_004": "高砂市立曽根小学校", "P29_005": "兵庫県高砂市曽根町2500", "P29_006": "3", "P29_007": "1", "P29_008": "00", "P29_009": null }, "geometry": { "type": "Point", "coordinates": [ 134.773824753597808, 34.776509318260246 ] } },
{ "type": "Feature", "properties": { "P29_001": "28216", "P29_002": "B128210004503", "P29_003": "16001", "P29_004": "高砂市立阿弥陀小学校", "P29_005": "兵庫県高砂市阿弥陀町阿弥陀1153-1", "P29_006": "3", "P29_007": "1", "P29_008": "00", "P29_009": null }, "geometry": { "type": "Point", "coordinates": [ 134.781031882407603, 34.797479590548015 ] } },
{ "type": "Feature", "properties": { "P29_001": "28216", "P29_002": "B128210004512", "P29_003": "16001", "P29_004": "高砂市立北浜小学校", "P29_005": "兵庫県高砂市北浜町北脇34-5", "P29_006": "3", "P29_007": "1", "P29_008": "00", "P29_009": null }, "geometry": { "type": "Point", "coordinates": [ 134.752580115337565, 34.784838602035236 ] } },
{ "type": "Feature", "properties": { "P29_001": "28216", "P29_002": "B128210004530", "P29_003": "16001", "P29_004": "高砂市立伊保南小学校", "P29_005": "兵庫県高砂市梅井2-4-1", "P29_006": "3", "P29_007": "1", "P29_008": "00", "P29_009": null }, "geometry": { "type": "Point", "coordinates": [ 134.780263574096267, 34.770814535192592 ] } },
{ "type": "Feature", "properties": { "P29_001": "28218", "P29_002": "B128210004549", "P29_003": "16001", "P29_004": "小野市立小野小学校", "P29_005": "兵庫県小野市西本町477", "P29_006": "3", "P29_007": "1", "P29_008": "00", "P29_009": null }, "geometry": { "type": "Point", "coordinates": [ 134.93209363542104, 34.843535295550815 ] } },
{ "type": "Feature", "properties": { "P29_001": "28218", "P29_002": "B128210004558", "P29_003": "16001", "P29_004": "小野市立河合小学校", "P29_005": "兵庫県小野市新部町904", "P29_006": "3", "P29_007": "1", "P29_008": "00", "P29_009": null }, "geometry": { "type": "Point", "coordinates": [ 134.920252141478841, 34.877068731361625 ] } },
{ "type": "Feature", "properties": { "P29_001": "28218", "P29_002": "B128210004567", "P29_003": "16001", "P29_004": "小野市立来住小学校", "P29_005": "兵庫県小野市下来住町1392", "P29_006": "3", "P29_007": "1", "P29_008": "00", "P29_009": null }, "geometry": { "type": "Point", "coordinates": [ 134.913182122985233, 34.835506493101718 ] } },
{ "type": "Feature", "properties": { "P29_001": "28218", "P29_002": "B128210004576", "P29_003": "16001", "P29_004": "小野市立市場小学校", "P29_005": "兵庫県小野市市場町816", "P29_006": "3", "P29_007": "1", "P29_008": "00", "P29_009": null }, "geometry": { "type": "Point", "coordinates": [ 134.940443819780313, 34.829807068356367 ] } },
{ "type": "Feature", "properties": { "P29_001": "28218", "P29_002": "B128210004585", "P29_003": "16001", "P29_004": "小野市立大部小学校", "P29_005": "兵庫県小野市敷地町866", "P29_006": "3", "P29_007": "1", "P29_008": "00", "P29_009": null }, "geometry": { "type": "Point", "coordinates": [ 134.927434906034136, 34.861390998251103 ] } },
{ "type": "Feature", "properties": { "P29_001": "28218", "P29_002": "B128210004594", "P29_003": "16001", "P29_004": "小野市立中番小学校", "P29_005": "兵庫県小野市中番町18", "P29_006": "3", "P29_007": "1", "P29_008": "00", "P29_009": null }, "geometry": { "type": "Point", "coordinates": [ 134.972549540425575, 34.883355490357545 ] } },
{ "type": "Feature", "properties": { "P29_001": "28220", "P29_002": "B128210004629", "P29_003": "16001", "P29_004": "加西市立北条小学校", "P29_005": "兵庫県加西市北条町北条1274", "P29_006": "3", "P29_007": "1", "P29_008": "00", "P29_009": null }, "geometry": { "type": "Point", "coordinates": [ 134.829617745647994, 34.936644691051832 ] } },
{ "type": "Feature", "properties": { "P29_001": "28220", "P29_002": "B128210004665", "P29_003": "16001", "P29_004": "加西市立九会小学校", "P29_005": "兵庫県加西市中野町5", "P29_006": "3", "P29_007": "1", "P29_008": "00", "P29_009": null }, "geometry": { "type": "Point", "coordinates": [ 134.878556950891209, 34.885954945668459 ] } },
{ "type": "Feature", "properties": { "P29_001": "28220", "P29_002": "B128210004674", "P29_003": "16001", "P29_004": "加西市立富合小学校", "P29_005": "兵庫県加西市別府町甲2664-2", "P29_006": "3", "P29_007": "1", "P29_008": "00", "P29_009": null }, "geometry": { "type": "Point", "coordinates": [ 134.875779637028018, 34.921090326369601 ] } },
{ "type": "Feature", "properties": { "P29_001": "28220", "P29_002": "B128210004683", "P29_003": "16001", "P29_004": "加西市立泉小学校", "P29_005": "兵庫県加西市殿原町54", "P29_006": "3", "P29_007": "1", "P29_008": "00", "P29_009": null }, "geometry": { "type": "Point", "coordinates": [ 134.860648053889975, 34.947688492841138 ] } },
{ "type": "Feature", "properties": { "P29_001": "28220", "P29_002": "B128210004692", "P29_003": "16001", "P29_004": "加西市立日吉小学校", "P29_005": "兵庫県加西市和泉町56", "P29_006": "3", "P29_007": "1", "P29_008": "00", "P29_009": null }, "geometry": { "type": "Point", "coordinates": [ 134.883633634553917, 34.948836364935808 ] } },
{ "type": "Feature", "properties": { "P29_001": "28220", "P29_002": "B128210004709", "P29_003": "16001", "P29_004": "加西市立宇仁小学校", "P29_005": "兵庫県加西市田谷町784", "P29_006": "3", "P29_007": "1", "P29_008": "00", "P29_009": null }, "geometry": { "type": "Point", "coordinates": [ 134.913482182418221, 34.946469933387114 ] } },
{ "type": "Feature", "properties": { "P29_001": "28220", "P29_002": "B128210004718", "P29_003": "16001", "P29_004": "加西市立西在田小学校", "P29_005": "兵庫県加西市上道山町47-1", "P29_006": "3", "P29_007": "1", "P29_008": "00", "P29_009": null }, "geometry": { "type": "Point", "coordinates": [ 134.838191234328548, 34.965671367105159 ] } },
{ "type": "Feature", "properties": { "P29_001": "28220", "P29_002": "B128210004727", "P29_003": "16001", "P29_004": "加西市立北条東小学校", "P29_005": "兵庫県加西市北条町西高室595-2", "P29_006": "3", "P29_007": "1", "P29_008": "00", "P29_009": null }, "geometry": { "type": "Point", "coordinates": [ 134.83763064870061, 34.922919814965809 ] } },
{ "type": "Feature", "properties": { "P29_001": "28228", "P29_002": "B128210004772", "P29_003": "16001", "P29_004": "加東市立社小学校", "P29_005": "兵庫県加東市社1550", "P29_006": "3", "P29_007": "1", "P29_008": "00", "P29_009": null }, "geometry": { "type": "Point", "coordinates": [ 134.967960340107425, 34.92133775257706 ] } },
{ "type": "Feature", "properties": { "P29_001": "28228", "P29_002": "B128210004790", "P29_003": "16001", "P29_004": "加東市立米田小学校", "P29_005": "兵庫県加東市上久米1693", "P29_006": "3", "P29_007": "1", "P29_008": "00", "P29_009": null }, "geometry": { "type": "Point", "coordinates": [ 135.032429524488293, 34.916117032745554 ] } },
{ "type": "Feature", "properties": { "P29_001": "28228", "P29_002": "B128210004843", "P29_003": "16001", "P29_004": "加東市立滝野東小学校", "P29_005": "兵庫県加東市新町88", "P29_006": "3", "P29_007": "1", "P29_008": "00", "P29_009": null }, "geometry": { "type": "Point", "coordinates": [ 134.965417899882539, 34.94280035550878 ] } },
{ "type": "Feature", "properties": { "P29_001": "28228", "P29_002": "B128210004852", "P29_003": "16001", "P29_004": "加東市立滝野南小学校", "P29_005": "兵庫県加東市高岡949", "P29_006": "3", "P29_007": "1", "P29_008": "00", "P29_009": null }, "geometry": { "type": "Point", "coordinates": [ 134.925507949007169, 34.920163872794859 ] } },
{ "type": "Feature", "properties": { "P29_001": "28365", "P29_002": "B128210004861", "P29_003": "16001", "P29_004": "多可町立中町南小学校", "P29_005": "兵庫県多可郡多可町中区森本152-1", "P29_006": "3", "P29_007": "1", "P29_008": "00", "P29_009": null }, "geometry": { "type": "Point", "coordinates": [ 134.92761079022219, 35.042267462382256 ] } },
{ "type": "Feature", "properties": { "P29_001": "28365", "P29_002": "B128210004870", "P29_003": "16001", "P29_004": "多可町立中町北小学校", "P29_005": "兵庫県多可郡多可町中区鍛冶屋434", "P29_006": "3", "P29_007": "1", "P29_008": "00", "P29_009": null }, "geometry": { "type": "Point", "coordinates": [ 134.922637283890737, 35.068319508621514 ] } },
{ "type": "Feature", "properties": { "P29_001": "28365", "P29_002": "B128210004889", "P29_003": "16001", "P29_004": "多可町立松井小学校", "P29_005": "兵庫県多可郡多可町加美区熊野部835", "P29_006": "3", "P29_007": "1", "P29_008": "00", "P29_009": null }, "geometry": { "type": "Point", "coordinates": [ 134.88902052243958, 35.088559767868666 ] } },
{ "type": "Feature", "properties": { "P29_001": "28365", "P29_002": "B128210004898", "P29_003": "16001", "P29_004": "多可町立杉原谷小学校", "P29_005": "兵庫県多可郡多可町加美区市原59", "P29_006": "3", "P29_007": "1", "P29_008": "00", "P29_009": null }, "geometry": { "type": "Point", "coordinates": [ 134.924019034231037, 35.137241531384085 ] } },
{ "type": "Feature", "properties": { "P29_001": "28365", "P29_002": "B128210004905", "P29_003": "16001", "P29_004": "多可町立八千代小学校", "P29_005": "兵庫県多可郡多可町八千代区中野間1137", "P29_006": "3", "P29_007": "1", "P29_008": "00", "P29_009": null }, "geometry": { "type": "Point", "coordinates": [ 134.909110674004751, 34.997573317985207 ] } },
{ "type": "Feature", "properties": { "P29_001": "28213", "P29_002": "B128210004914", "P29_003": "16001", "P29_004": "西脇市立楠丘小学校", "P29_005": "兵庫県西脇市黒田庄町岡379", "P29_006": "3", "P29_007": "1", "P29_008": "00", "P29_009": null }, "geometry": { "type": "Point", "coordinates": [ 134.993266619689848, 35.024042799726722 ] } },
{ "type": "Feature", "properties": { "P29_001": "28213", "P29_002": "B128210004923", "P29_003": "16001", "P29_004": "西脇市立桜丘小学校", "P29_005": "兵庫県西脇市黒田庄町石原1470", "P29_006": "3", "P29_007": "1", "P29_008": "00", "P29_009": null }, "geometry": { "type": "Point", "coordinates": [ 134.988492618253701, 35.056511396762197 ] } },
{ "type": "Feature", "properties": { "P29_001": "28381", "P29_002": "B128210004932", "P29_003": "16001", "P29_004": "稲美町立母里小学校", "P29_005": "兵庫県加古郡稲美町野寺88-1", "P29_006": "3", "P29_007": "1", "P29_008": "00", "P29_009": null }, "geometry": { "type": "Point", "coordinates": [ 134.942588471628824, 34.753982405172039 ] } },
{ "type": "Feature", "properties": { "P29_001": "28381", "P29_002": "B128210004941", "P29_003": "16001", "P29_004": "稲美町立天満小学校", "P29_005": "兵庫県加古郡稲美町国岡538", "P29_006": "3", "P29_007": "1", "P29_008": "00", "P29_009": null }, "geometry": { "type": "Point", "coordinates": [ 134.903041475558666, 34.749442660837985 ] } },
{ "type": "Feature", "properties": { "P29_001": "28381", "P29_002": "B128210004950", "P29_003": "16001", "P29_004": "稲美町立加古小学校", "P29_005": "兵庫県加古郡稲美町加古2316", "P29_006": "3", "P29_007": "1", "P29_008": "00", "P29_009": null }, "geometry": { "type": "Point", "coordinates": [ 134.909508392085769, 34.764279811595365 ] } },
{ "type": "Feature", "properties": { "P29_001": "28381", "P29_002": "B128210004969", "P29_003": "16001", "P29_004": "稲美町立天満南小学校", "P29_005": "兵庫県加古郡稲美町森安81", "P29_006": "3", "P29_007": "1", "P29_008": "00", "P29_009": null }, "geometry": { "type": "Point", "coordinates": [ 134.894566939118789, 34.741248592371065 ] } },
{ "type": "Feature", "properties": { "P29_001": "28381", "P29_002": "B128210004978", "P29_003": "16001", "P29_004": "稲美町立天満東小学校", "P29_005": "兵庫県加古郡稲美町岡1500", "P29_006": "3", "P29_007": "1", "P29_008": "00", "P29_009": null }, "geometry": { "type": "Point", "coordinates": [ 134.919750131169479, 34.739034443332621 ] } },
{ "type": "Feature", "properties": { "P29_001": "28382", "P29_002": "B128210004987", "P29_003": "16001", "P29_004": "播磨町立播磨小学校", "P29_005": "兵庫県加古郡播磨町宮北1-3-10", "P29_006": "3", "P29_007": "1", "P29_008": "00", "P29_009": null }, "geometry": { "type": "Point", "coordinates": [ 134.865807335265657, 34.717735606920947 ] } },
{ "type": "Feature", "properties": { "P29_001": "28382", "P29_002": "B128210005003", "P29_003": "16001", "P29_004": "播磨町立播磨西小学校", "P29_005": "兵庫県加古郡播磨町北本荘4-5-1", "P29_006": "3", "P29_007": "1", "P29_008": "00", "P29_009": null }, "geometry": { "type": "Point", "coordinates": [ 134.860098294100879, 34.722338817857754 ] } },
{ "type": "Feature", "properties": { "P29_001": "28382", "P29_002": "B128210005012", "P29_003": "16001", "P29_004": "播磨町立播磨南小学校", "P29_005": "兵庫県加古郡播磨町古宮5-11-10", "P29_006": "3", "P29_007": "1", "P29_008": "00", "P29_009": null }, "geometry": { "type": "Point", "coordinates": [ 134.870040668096948, 34.708056110552725 ] } },
{ "type": "Feature", "properties": { "P29_001": "28210", "P29_002": "B128210005030", "P29_003": "16001", "P29_004": "加古川市立志方小学校", "P29_005": "兵庫県加古川市志方町志方町1050", "P29_006": "3", "P29_007": "1", "P29_008": "00", "P29_009": null }, "geometry": { "type": "Point", "coordinates": [ 134.822320862274438, 34.818736641518676 ] } },
{ "type": "Feature", "properties": { "P29_001": "28201", "P29_002": "B128210005058", "P29_003": "16001", "P29_004": "姫路市立砥堀小学校", "P29_005": "兵庫県姫路市砥堀1240-3", "P29_006": "3", "P29_007": "1", "P29_008": "00", "P29_009": null }, "geometry": { "type": "Point", "coordinates": [ 134.730798697752192, 34.87543363361582 ] } },
{ "type": "Feature", "properties": { "P29_001": "28201", "P29_002": "B128210005067", "P29_003": "16001", "P29_004": "姫路市立水上小学校", "P29_005": "兵庫県姫路市西中島382", "P29_006": "3", "P29_007": "1", "P29_008": "00", "P29_009": null }, "geometry": { "type": "Point", "coordinates": [ 134.713758741760131, 34.854908453831229 ] } },
{ "type": "Feature", "properties": { "P29_001": "28201", "P29_002": "B128210005085", "P29_003": "16001", "P29_004": "姫路市立野里小学校", "P29_005": "兵庫県姫路市坊主町3-1", "P29_006": "3", "P29_007": "1", "P29_008": "00", "P29_009": null }, "geometry": { "type": "Point", "coordinates": [ 134.697799189851196, 34.843456017178184 ] } },
{ "type": "Feature", "properties": { "P29_001": "28201", "P29_002": "B128210005101", "P29_003": "16001", "P29_004": "姫路市立安室小学校", "P29_005": "兵庫県姫路市田寺6-11-12", "P29_006": "3", "P29_007": "1", "P29_008": "00", "P29_009": null }, "geometry": { "type": "Point", "coordinates": [ 134.667803758334202, 34.859377387953423 ] } },
{ "type": "Feature", "properties": { "P29_001": "28201", "P29_002": "B128210005110", "P29_003": "16001", "P29_004": "姫路市立高岡小学校", "P29_005": "兵庫県姫路市西今宿4-8-1", "P29_006": "3", "P29_007": "1", "P29_008": "00", "P29_009": null }, "geometry": { "type": "Point", "coordinates": [ 134.663737319091098, 34.84602101374287 ] } },
{ "type": "Feature", "properties": { "P29_001": "28201", "P29_002": "B128210005147", "P29_003": "16001", "P29_004": "姫路市立太市小学校", "P29_005": "兵庫県姫路市西脇507", "P29_006": "3", "P29_007": "1", "P29_008": "00", "P29_009": null }, "geometry": { "type": "Point", "coordinates": [ 134.603193479668533, 34.863244278395683 ] } },
{ "type": "Feature", "properties": { "P29_001": "28201", "P29_002": "B128210005156", "P29_003": "16001", "P29_004": "姫路市立東小学校", "P29_005": "兵庫県姫路市市之郷町2-34", "P29_006": "3", "P29_007": "1", "P29_008": "00", "P29_009": null }, "geometry": { "type": "Point", "coordinates": [ 134.709302446634382, 34.826482189614062 ] } },
{ "type": "Feature", "properties": { "P29_001": "28201", "P29_002": "B128210005165", "P29_003": "16001", "P29_004": "姫路市立城東小学校", "P29_005": "兵庫県姫路市城東町竹之門1", "P29_006": "3", "P29_007": "1", "P29_008": "00", "P29_009": null }, "geometry": { "type": "Point", "coordinates": [ 134.704527432388034, 34.836655390165063 ] } },
{ "type": "Feature", "properties": { "P29_001": "28201", "P29_002": "B128210005174", "P29_003": "16001", "P29_004": "姫路市立船場小学校", "P29_005": "兵庫県姫路市東雲町1-29", "P29_006": "3", "P29_007": "1", "P29_008": "00", "P29_009": null }, "geometry": { "type": "Point", "coordinates": [ 134.682493533275988, 34.832906882222645 ] } },
{ "type": "Feature", "properties": { "P29_001": "28201", "P29_002": "B128210005183", "P29_003": "16001", "P29_004": "姫路市立城陽小学校", "P29_005": "兵庫県姫路市北条923-1", "P29_006": "3", "P29_007": "1", "P29_008": "00", "P29_009": null }, "geometry": { "type": "Point", "coordinates": [ 134.697623094425921, 34.822151313026453 ] } },
{ "type": "Feature", "properties": { "P29_001": "28201", "P29_002": "B128210005218", "P29_003": "16001", "P29_004": "姫路市立八木小学校", "P29_005": "兵庫県姫路市八家24-2", "P29_006": "3", "P29_007": "1", "P29_008": "00", "P29_009": null }, "geometry": { "type": "Point", "coordinates": [ 134.7277337802891, 34.78350109071755 ] } },
{ "type": "Feature", "properties": { "P29_001": "28201", "P29_002": "B128210005227", "P29_003": "16001", "P29_004": "姫路市立糸引小学校", "P29_005": "兵庫県姫路市東山114-1", "P29_006": "3", "P29_007": "1", "P29_008": "00", "P29_009": null }, "geometry": { "type": "Point", "coordinates": [ 134.717377113270885, 34.794636383116135 ] } },
{ "type": "Feature", "properties": { "P29_001": "28201", "P29_002": "B128210005245", "P29_003": "16001", "P29_004": "姫路市立妻鹿小学校", "P29_005": "兵庫県姫路市飾磨区妻鹿786-3", "P29_006": "3", "P29_007": "1", "P29_008": "00", "P29_009": null }, "geometry": { "type": "Point", "coordinates": [ 134.695263626293809, 34.788638186285915 ] } },
{ "type": "Feature", "properties": { "P29_001": "28201", "P29_002": "B128210005254", "P29_003": "16001", "P29_004": "姫路市立高浜小学校", "P29_005": "兵庫県姫路市飾磨区阿成鹿古250", "P29_006": "3", "P29_007": "1", "P29_008": "00", "P29_009": null }, "geometry": { "type": "Point", "coordinates": [ 134.686661056476424, 34.799969311819048 ] } },
{ "type": "Feature", "properties": { "P29_001": "28201", "P29_002": "B128210005263", "P29_003": "16001", "P29_004": "姫路市立飾磨小学校", "P29_005": "兵庫県姫路市飾磨区恵美酒22", "P29_006": "3", "P29_007": "1", "P29_008": "00", "P29_009": null }, "geometry": { "type": "Point", "coordinates": [ 134.672432876246205, 34.799133140368291 ] } },
{ "type": "Feature", "properties": { "P29_001": "28201", "P29_002": "B128210005272", "P29_003": "16001", "P29_004": "姫路市立英賀保小学校", "P29_005": "兵庫県姫路市飾磨区英賀清水町2-76", "P29_006": "3", "P29_007": "1", "P29_008": "00", "P29_009": null }, "geometry": { "type": "Point", "coordinates": [ 134.64463756091763, 34.807273321389907 ] } },
{ "type": "Feature", "properties": { "P29_001": "28201", "P29_002": "B128210005290", "P29_003": "16001", "P29_004": "姫路市立広畑小学校", "P29_005": "兵庫県姫路市広畑区清水町1-47", "P29_006": "3", "P29_007": "1", "P29_008": "00", "P29_009": null }, "geometry": { "type": "Point", "coordinates": [ 134.632352951677746, 34.804377039592637 ] } },
{ "type": "Feature", "properties": { "P29_001": "28201", "P29_002": "B128210005307", "P29_003": "16001", "P29_004": "姫路市立広畑第二小学校", "P29_005": "兵庫県姫路市広畑区高浜町3-35", "P29_006": "3", "P29_007": "1", "P29_008": "00", "P29_009": null }, "geometry": { "type": "Point", "coordinates": [ 134.621548072633004, 34.801462134111489 ] } },
{ "type": "Feature", "properties": { "P29_001": "28201", "P29_002": "B128210005316", "P29_003": "16001", "P29_004": "姫路市立大津小学校", "P29_005": "兵庫県姫路市大津区天満1001-4", "P29_006": "3", "P29_007": "1", "P29_008": "00", "P29_009": null }, "geometry": { "type": "Point", "coordinates": [ 134.60618731917549, 34.797673725385536 ] } },
{ "type": "Feature", "properties": { "P29_001": "28201", "P29_002": "B128210005325", "P29_003": "16001", "P29_004": "姫路市立網干小学校", "P29_005": "兵庫県姫路市網干区新在家897-1", "P29_006": "3", "P29_007": "1", "P29_008": "00", "P29_009": null }, "geometry": { "type": "Point", "coordinates": [ 134.592783113871576, 34.781662882882614 ] } },
{ "type": "Feature", "properties": { "P29_001": "28201", "P29_002": "B128210005334", "P29_003": "16001", "P29_004": "姫路市立勝原小学校", "P29_005": "兵庫県姫路市勝原区丁735-3", "P29_006": "3", "P29_007": "1", "P29_008": "00", "P29_009": null }, "geometry": { "type": "Point", "coordinates": [ 134.598056222458894, 34.815138357572778 ] } },
{ "type": "Feature", "properties": { "P29_001": "28201", "P29_002": "B128210005343", "P29_003": "16001", "P29_004": "姫路市立旭陽小学校", "P29_005": "兵庫県姫路市網干区坂上425-1", "P29_006": "3", "P29_007": "1", "P29_008": "00", "P29_009": null }, "geometry": { "type": "Point", "coordinates": [ 134.586537299047933, 34.801262089183545 ] } },
{ "type": "Feature", "properties": { "P29_001": "28201", "P29_002": "B128210005352", "P29_003": "16001", "P29_004": "姫路市立余部小学校", "P29_005": "兵庫県姫路市余部区上余部643-1", "P29_006": "3", "P29_007": "1", "P29_008": "00", "P29_009": null }, "geometry": { "type": "Point", "coordinates": [ 134.572745446460658, 34.800559341924561 ] } },
{ "type": "Feature", "properties": { "P29_001": "28201", "P29_002": "B128210005361", "P29_003": "16001", "P29_004": "姫路市立花田小学校", "P29_005": "兵庫県姫路市花田町勅旨264-2", "P29_006": "3", "P29_007": "1", "P29_008": "00", "P29_009": null }, "geometry": { "type": "Point", "coordinates": [ 134.724550974247336, 34.834971205663805 ] } },
{ "type": "Feature", "properties": { "P29_001": "28201", "P29_002": "B128210005370", "P29_003": "16001", "P29_004": "姫路市立御国野小学校", "P29_005": "兵庫県姫路市御国野町御着1049-3", "P29_006": "3", "P29_007": "1", "P29_008": "00", "P29_009": null }, "geometry": { "type": "Point", "coordinates": [ 134.742442117962582, 34.821202751736394 ] } },
{ "type": "Feature", "properties": { "P29_001": "28201", "P29_002": "B128210005405", "P29_003": "16001", "P29_004": "姫路市立谷内小学校", "P29_005": "兵庫県姫路市飾東町八重畑130-1", "P29_006": "3", "P29_007": "1", "P29_008": "00", "P29_009": null }, "geometry": { "type": "Point", "coordinates": [ 134.77727355722007, 34.856621426959528 ] } },
{ "type": "Feature", "properties": { "P29_001": "28201", "P29_002": "B128210005414", "P29_003": "16001", "P29_004": "姫路市立船津小学校", "P29_005": "兵庫県姫路市船津町921-2", "P29_006": "3", "P29_007": "1", "P29_008": "00", "P29_009": null }, "geometry": { "type": "Point", "coordinates": [ 134.757473019786005, 34.91882271639038 ] } },
{ "type": "Feature", "properties": { "P29_001": "28201", "P29_002": "B128210005423", "P29_003": "16001", "P29_004": "姫路市立山田小学校", "P29_005": "兵庫県姫路市山田町北山田108", "P29_006": "3", "P29_007": "1", "P29_008": "00", "P29_009": null }, "geometry": { "type": "Point", "coordinates": [ 134.773937134162082, 34.911248069378196 ] } },
{ "type": "Feature", "properties": { "P29_001": "28201", "P29_002": "B128210005432", "P29_003": "16001", "P29_004": "姫路市立的形小学校", "P29_005": "兵庫県姫路市的形町的形1619", "P29_006": "3", "P29_007": "1", "P29_008": "00", "P29_009": null }, "geometry": { "type": "Point", "coordinates": [ 134.740379894842846, 34.776640172056425 ] } },
{ "type": "Feature", "properties": { "P29_001": "28201", "P29_002": "B128210005441", "P29_003": "16001", "P29_004": "姫路市立林田小学校", "P29_005": "兵庫県姫路市林田町六九谷523", "P29_006": "3", "P29_007": "1", "P29_008": "00", "P29_009": null }, "geometry": { "type": "Point", "coordinates": [ 134.583287598662992, 34.913965983413419 ] } },
{ "type": "Feature", "properties": { "P29_001": "28201", "P29_002": "B128210005469", "P29_003": "16001", "P29_004": "姫路市立大塩小学校", "P29_005": "兵庫県姫路市大塩町汐咲2-19", "P29_006": "3", "P29_007": "1", "P29_008": "00", "P29_009": null }, "geometry": { "type": "Point", "coordinates": [ 134.754921364400559, 34.778942125119592 ] } },
{ "type": "Feature", "properties": { "P29_001": "28201", "P29_002": "B128210005487", "P29_003": "16001", "P29_004": "姫路市立津田小学校", "P29_005": "兵庫県姫路市飾磨区今在家3-233", "P29_006": "3", "P29_007": "1", "P29_008": "00", "P29_009": null }, "geometry": { "type": "Point", "coordinates": [ 134.658404430682737, 34.803598916889946 ] } },
{ "type": "Feature", "properties": { "P29_001": "28201", "P29_002": "B128210005496", "P29_003": "16001", "P29_004": "姫路市立大津茂小学校", "P29_005": "兵庫県姫路市網干区田井22", "P29_006": "3", "P29_007": "1", "P29_008": "00", "P29_009": null }, "geometry": { "type": "Point", "coordinates": [ 134.599884834330936, 34.802676324606892 ] } },
{ "type": "Feature", "properties": { "P29_001": "28201", "P29_002": "B128210005502", "P29_003": "16001", "P29_004": "姫路市立網干西小学校", "P29_005": "兵庫県姫路市網干区浜田24", "P29_006": "3", "P29_007": "1", "P29_008": "00", "P29_009": null }, "geometry": { "type": "Point", "coordinates": [ 134.578720186695108, 34.781085163500478 ] } },
{ "type": "Feature", "properties": { "P29_001": "28201", "P29_002": "B128210005511", "P29_003": "16001", "P29_004": "姫路市立安室東小学校", "P29_005": "兵庫県姫路市田寺東2-5-1", "P29_006": "3", "P29_007": "1", "P29_008": "00", "P29_009": null }, "geometry": { "type": "Point", "coordinates": [ 134.673120529900643, 34.855412733475653 ] } },
{ "type": "Feature", "properties": { "P29_001": "28201", "P29_002": "B128210005520", "P29_003": "16001", "P29_004": "姫路市立峰相小学校", "P29_005": "兵庫県姫路市打越582-1", "P29_006": "3", "P29_007": "1", "P29_008": "00", "P29_009": null }, "geometry": { "type": "Point", "coordinates": [ 134.635206049619683, 34.884229627187437 ] } },
{ "type": "Feature", "properties": { "P29_001": "28201", "P29_002": "B128210005539", "P29_003": "16001", "P29_004": "姫路市立高岡西小学校", "P29_005": "兵庫県姫路市上手野1-1", "P29_006": "3", "P29_007": "1", "P29_008": "00", "P29_009": null }, "geometry": { "type": "Point", "coordinates": [ 134.655731463980032, 34.848122922903777 ] } },
{ "type": "Feature", "properties": { "P29_001": "28201", "P29_002": "B128210005548", "P29_003": "16001", "P29_004": "姫路市立城乾小学校", "P29_005": "兵庫県姫路市南八代町6-60", "P29_006": "3", "P29_007": "1", "P29_008": "00", "P29_009": null }, "geometry": { "type": "Point", "coordinates": [ 134.686712956471837, 34.843544522949422 ] } },
{ "type": "Feature", "properties": { "P29_001": "28201", "P29_002": "B128210005557", "P29_003": "16001", "P29_004": "姫路市立増位小学校", "P29_005": "兵庫県姫路市白国5-9-1", "P29_006": "3", "P29_007": "1", "P29_008": "00", "P29_009": null }, "geometry": { "type": "Point", "coordinates": [ 134.702868072362236, 34.863702965068114 ] } },
{ "type": "Feature", "properties": { "P29_001": "28201", "P29_002": "B128210005566", "P29_003": "16001", "P29_004": "姫路市立南大津小学校", "P29_005": "兵庫県姫路市大津区真砂町40-2", "P29_006": "3", "P29_007": "1", "P29_008": "00", "P29_009": null }, "geometry": { "type": "Point", "coordinates": [ 134.606566285101763, 34.787828401562813 ] } },
{ "type": "Feature", "properties": { "P29_001": "28208", "P29_002": "B128210005593", "P29_003": "16001", "P29_004": "相生市立那波小学校", "P29_005": "兵庫県相生市那波本町17-30", "P29_006": "3", "P29_007": "1", "P29_008": "00", "P29_009": null }, "geometry": { "type": "Point", "coordinates": [ 134.464387807384156, 34.811575609027628 ] } },
{ "type": "Feature", "properties": { "P29_001": "28208", "P29_002": "B128210005600", "P29_003": "16001", "P29_004": "相生市立双葉小学校", "P29_005": "兵庫県相生市向陽台23-1", "P29_006": "3", "P29_007": "1", "P29_008": "00", "P29_009": null }, "geometry": { "type": "Point", "coordinates": [ 134.49031987125062, 34.813189903221129 ] } },
{ "type": "Feature", "properties": { "P29_001": "28208", "P29_002": "B128210005619", "P29_003": "16001", "P29_004": "相生市立若狭野小学校", "P29_005": "兵庫県相生市若狭野町八洞185", "P29_006": "3", "P29_007": "1", "P29_008": "00", "P29_009": null }, "geometry": { "type": "Point", "coordinates": [ 134.43405936599504, 34.833359060853432 ] } },
{ "type": "Feature", "properties": { "P29_001": "28208", "P29_002": "B128210005628", "P29_003": "16001", "P29_004": "相生市立矢野小学校", "P29_005": "兵庫県相生市矢野町上字向イ西587-3", "P29_006": "3", "P29_007": "1", "P29_008": "00", "P29_009": null }, "geometry": { "type": "Point", "coordinates": [ 134.446252860049981, 34.863597470069962 ] } },
{ "type": "Feature", "properties": { "P29_001": "28208", "P29_002": "B128210005637", "P29_003": "16001", "P29_004": "相生市立青葉台小学校", "P29_005": "兵庫県相生市青葉台1-1", "P29_006": "3", "P29_007": "1", "P29_008": "00", "P29_009": null }, "geometry": { "type": "Point", "coordinates": [ 134.449328350180224, 34.810956302775381 ] } },
{ "type": "Feature", "properties": { "P29_001": "28229", "P29_002": "B128210005655", "P29_003": "16001", "P29_004": "たつの市立龍野小学校", "P29_005": "兵庫県たつの市龍野町上霞城86-2", "P29_006": "3", "P29_007": "1", "P29_008": "00", "P29_009": null }, "geometry": { "type": "Point", "coordinates": [ 134.544171830629978, 34.867417079664364 ] } },
{ "type": "Feature", "properties": { "P29_001": "28229", "P29_002": "B128210005673", "P29_003": "16001", "P29_004": "たつの市立揖西東小学校", "P29_005": "兵庫県たつの市揖西町清水新9", "P29_006": "3", "P29_007": "1", "P29_008": "00", "P29_009": null }, "geometry": { "type": "Point", "coordinates": [ 134.521118223316478, 34.858684644626919 ] } },
{ "type": "Feature", "properties": { "P29_001": "28229", "P29_002": "B128210005682", "P29_003": "16001", "P29_004": "たつの市立揖西西小学校", "P29_005": "兵庫県たつの市揖西町住吉142", "P29_006": "3", "P29_007": "1", "P29_008": "00", "P29_009": null }, "geometry": { "type": "Point", "coordinates": [ 134.507388217165669, 34.850783099805724 ] } },
{ "type": "Feature", "properties": { "P29_001": "28229", "P29_002": "B128210005691", "P29_003": "16001", "P29_004": "たつの市立揖保小学校", "P29_005": "兵庫県たつの市揖保町西構67", "P29_006": "3", "P29_007": "1", "P29_008": "00", "P29_009": null }, "geometry": { "type": "Point", "coordinates": [ 134.546291046799382, 34.829274109804878 ] } },
{ "type": "Feature", "properties": { "P29_001": "28229", "P29_002": "B128210005717", "P29_003": "16001", "P29_004": "たつの市立神岡小学校", "P29_005": "兵庫県たつの市神岡町上横内51", "P29_006": "3", "P29_007": "1", "P29_008": "00", "P29_009": null }, "geometry": { "type": "Point", "coordinates": [ 134.576810733257673, 34.890049400458068 ] } },
{ "type": "Feature", "properties": { "P29_001": "28212", "P29_002": "B128210005726", "P29_003": "16001", "P29_004": "赤穂市立赤穂小学校", "P29_005": "兵庫県赤穂市加里屋37", "P29_006": "3", "P29_007": "1", "P29_008": "00", "P29_009": null }, "geometry": { "type": "Point", "coordinates": [ 134.394453950116514, 34.754677453464851 ] } },
{ "type": "Feature", "properties": { "P29_001": "28212", "P29_002": "B128210005735", "P29_003": "16001", "P29_004": "赤穂市立塩屋小学校", "P29_005": "兵庫県赤穂市古浜町69", "P29_006": "3", "P29_007": "1", "P29_008": "00", "P29_009": null }, "geometry": { "type": "Point", "coordinates": [ 134.376394877989753, 34.761360333928756 ] } },
{ "type": "Feature", "properties": { "P29_001": "28212", "P29_002": "B128210005744", "P29_003": "16001", "P29_004": "赤穂市立尾崎小学校", "P29_005": "兵庫県赤穂市尾崎3117-3", "P29_006": "3", "P29_007": "1", "P29_008": "00", "P29_009": null }, "geometry": { "type": "Point", "coordinates": [ 134.40669981742505, 34.745454202307521 ] } },
{ "type": "Feature", "properties": { "P29_001": "28212", "P29_002": "B128210005753", "P29_003": "16001", "P29_004": "赤穂市立御崎小学校", "P29_005": "兵庫県赤穂市朝日町3", "P29_006": "3", "P29_007": "1", "P29_008": "00", "P29_009": null }, "geometry": { "type": "Point", "coordinates": [ 134.409454981305544, 34.739219559117934 ] } },
{ "type": "Feature", "properties": { "P29_001": "28212", "P29_002": "B128210005762", "P29_003": "16001", "P29_004": "赤穂市立坂越小学校", "P29_005": "兵庫県赤穂市坂越1696-1", "P29_006": "3", "P29_007": "1", "P29_008": "00", "P29_009": null }, "geometry": { "type": "Point", "coordinates": [ 134.425231817643891, 34.766179880077765 ] } },
{ "type": "Feature", "properties": { "P29_001": "28212", "P29_002": "B128210005780", "P29_003": "16001", "P29_004": "赤穂市立有年小学校", "P29_005": "兵庫県赤穂市西有年2853", "P29_006": "3", "P29_007": "1", "P29_008": "00", "P29_009": null }, "geometry": { "type": "Point", "coordinates": [ 134.365909955930817, 34.829366065993476 ] } },
{ "type": "Feature", "properties": { "P29_001": "28212", "P29_002": "B128210005799", "P29_003": "16001", "P29_004": "赤穂市立原小学校", "P29_005": "兵庫県赤穂市有年原625-3", "P29_006": "3", "P29_007": "1", "P29_008": "00", "P29_009": null }, "geometry": { "type": "Point", "coordinates": [ 134.389384415735577, 34.834359466354996 ] } },
{ "type": "Feature", "properties": { "P29_001": "28212", "P29_002": "B128210005806", "P29_003": "16001", "P29_004": "赤穂市立赤穂西小学校", "P29_005": "兵庫県赤穂市鷆和422-2", "P29_006": "3", "P29_007": "1", "P29_008": "00", "P29_009": null }, "geometry": { "type": "Point", "coordinates": [ 134.349146604076282, 34.750946860526248 ] } },
{ "type": "Feature", "properties": { "P29_001": "28212", "P29_002": "B128210005815", "P29_003": "16001", "P29_004": "赤穂市立城西小学校", "P29_005": "兵庫県赤穂市城西町41", "P29_006": "3", "P29_007": "1", "P29_008": "00", "P29_009": null }, "geometry": { "type": "Point", "coordinates": [ 134.381684509379141, 34.751457512014476 ] } },
{ "type": "Feature", "properties": { "P29_001": "28201", "P29_002": "B128210005824", "P29_003": "16001", "P29_004": "姫路市立家島小学校", "P29_005": "兵庫県姫路市家島町真浦2141", "P29_006": "3", "P29_007": "1", "P29_008": "00", "P29_009": null }, "geometry": { "type": "Point", "coordinates": [ 134.530951435648035, 34.674664612632426 ] } },
{ "type": "Feature", "properties": { "P29_001": "28201", "P29_002": "B128210005833", "P29_003": "16001", "P29_004": "姫路市立坊勢小学校", "P29_005": "兵庫県姫路市家島町坊勢415-1", "P29_006": "3", "P29_007": "1", "P29_008": "00", "P29_009": null }, "geometry": { "type": "Point", "coordinates": [ 134.514866733557483, 34.652537575994508 ] } },
{ "type": "Feature", "properties": { "P29_001": "28201", "P29_002": "B128210005842", "P29_003": "16001", "P29_004": "姫路市立置塩小学校", "P29_005": "兵庫県姫路市夢前町宮置235", "P29_006": "3", "P29_007": "1", "P29_008": "00", "P29_009": null }, "geometry": { "type": "Point", "coordinates": [ 134.673758996502897, 34.911888744494441 ] } },
{ "type": "Feature", "properties": { "P29_001": "28201", "P29_002": "B128210005851", "P29_003": "16001", "P29_004": "姫路市立古知小学校", "P29_005": "兵庫県姫路市夢前町古知之庄401-1", "P29_006": "3", "P29_007": "1", "P29_008": "00", "P29_009": null }, "geometry": { "type": "Point", "coordinates": [ 134.67816130579078, 34.946594905255445 ] } },
{ "type": "Feature", "properties": { "P29_001": "28201", "P29_002": "B128210005860", "P29_003": "16001", "P29_004": "姫路市立前之庄小学校", "P29_005": "兵庫県姫路市夢前町前之庄2838-1", "P29_006": "3", "P29_007": "1", "P29_008": "00", "P29_009": null }, "geometry": { "type": "Point", "coordinates": [ 134.681437890843625, 34.972772733877761 ] } },
{ "type": "Feature", "properties": { "P29_001": "28201", "P29_002": "B128210005879", "P29_003": "16001", "P29_004": "姫路市立上菅小学校", "P29_005": "兵庫県姫路市夢前町護持381-2", "P29_006": "3", "P29_007": "1", "P29_008": "00", "P29_009": null }, "geometry": { "type": "Point", "coordinates": [ 134.633993728785896, 34.942642976744388 ] } },
{ "type": "Feature", "properties": { "P29_001": "28201", "P29_002": "B128210005888", "P29_003": "16001", "P29_004": "姫路市立菅生小学校", "P29_005": "兵庫県姫路市夢前町菅生澗802-1", "P29_006": "3", "P29_007": "1", "P29_008": "00", "P29_009": null }, "geometry": { "type": "Point", "coordinates": [ 134.642124674707361, 34.916683051447016 ] } },
{ "type": "Feature", "properties": { "P29_001": "28201", "P29_002": "B128210005897", "P29_003": "16001", "P29_004": "姫路市立莇野小学校", "P29_005": "兵庫県姫路市夢前町莇野299-2", "P29_006": "3", "P29_007": "1", "P29_008": "00", "P29_009": null }, "geometry": { "type": "Point", "coordinates": [ 134.632760737064302, 34.976167985872479 ] } },
{ "type": "Feature", "properties": { "P29_001": "28446", "P29_002": "B128210005904", "P29_003": "16001", "P29_004": "神河町立神崎小学校", "P29_005": "兵庫県神崎郡神河町粟賀町611", "P29_006": "3", "P29_007": "1", "P29_008": "00", "P29_009": null }, "geometry": { "type": "Point", "coordinates": [ 134.772286474758516, 35.069069126789692 ] } },
{ "type": "Feature", "properties": { "P29_001": "28442", "P29_002": "B128210005913", "P29_003": "16001", "P29_004": "市川町立川辺小学校", "P29_005": "兵庫県神崎郡市川町西川辺380", "P29_006": "3", "P29_007": "1", "P29_008": "00", "P29_009": null }, "geometry": { "type": "Point", "coordinates": [ 134.767794493608733, 34.985441615986453 ] } },
{ "type": "Feature", "properties": { "P29_001": "28442", "P29_002": "B128210005922", "P29_003": "16001", "P29_004": "市川町立瀬加小学校", "P29_005": "兵庫県神崎郡市川町上瀬加841", "P29_006": "3", "P29_007": "1", "P29_008": "00", "P29_009": null }, "geometry": { "type": "Point", "coordinates": [ 134.803519881822922, 34.993966123011027 ] } },
{ "type": "Feature", "properties": { "P29_001": "28442", "P29_002": "B128210005931", "P29_003": "16001", "P29_004": "市川町立甘地小学校", "P29_005": "兵庫県神崎郡市川町近平357", "P29_006": "3", "P29_007": "1", "P29_008": "00", "P29_009": null }, "geometry": { "type": "Point", "coordinates": [ 134.757464677542089, 34.994300369407668 ] } },
{ "type": "Feature", "properties": { "P29_001": "28442", "P29_002": "B128210005940", "P29_003": "16001", "P29_004": "市川町立鶴居小学校", "P29_005": "兵庫県神崎郡市川町鶴居45", "P29_006": "3", "P29_007": "1", "P29_008": "00", "P29_009": null }, "geometry": { "type": "Point", "coordinates": [ 134.755422844014049, 35.023923548555764 ] } },
{ "type": "Feature", "properties": { "P29_001": "28443", "P29_002": "B128210005959", "P29_003": "16001", "P29_004": "福崎町立福崎小学校", "P29_005": "兵庫県神崎郡福崎町馬田169-4", "P29_006": "3", "P29_007": "1", "P29_008": "00", "P29_009": null }, "geometry": { "type": "Point", "coordinates": [ 134.751838846902729, 34.956009943666579 ] } },
{ "type": "Feature", "properties": { "P29_001": "28443", "P29_002": "B128210005968", "P29_003": "16001", "P29_004": "福崎町立高岡小学校", "P29_005": "兵庫県神崎郡福崎町高岡1825-1", "P29_006": "3", "P29_007": "1", "P29_008": "00", "P29_009": null }, "geometry": { "type": "Point", "coordinates": [ 134.731296366772511, 34.974358338954588 ] } },
{ "type": "Feature", "properties": { "P29_001": "28201", "P29_002": "B128210005995", "P29_003": "16001", "P29_004": "姫路市立香呂小学校", "P29_005": "兵庫県姫路市香寺町香呂626", "P29_006": "3", "P29_007": "1", "P29_008": "00", "P29_009": null }, "geometry": { "type": "Point", "coordinates": [ 134.730689683083114, 34.911748730821436 ] } },
{ "type": "Feature", "properties": { "P29_001": "28201", "P29_002": "B128210006002", "P29_003": "16001", "P29_004": "姫路市立中寺小学校", "P29_005": "兵庫県姫路市香寺町中寺231", "P29_006": "3", "P29_007": "1", "P29_008": "00", "P29_009": null }, "geometry": { "type": "Point", "coordinates": [ 134.729775259616332, 34.931820320541426 ] } },
{ "type": "Feature", "properties": { "P29_001": "28446", "P29_002": "B128210006020", "P29_003": "16001", "P29_004": "神河町立寺前小学校", "P29_005": "兵庫県神崎郡神河町寺前435-1", "P29_006": "3", "P29_007": "1", "P29_008": "00", "P29_009": null }, "geometry": { "type": "Point", "coordinates": [ 134.739171124267358, 35.067399658907867 ] } },
{ "type": "Feature", "properties": { "P29_001": "28446", "P29_002": "B128210006039", "P29_003": "16001", "P29_004": "神河町立長谷小学校", "P29_005": "兵庫県神崎郡神河町長谷647", "P29_006": "3", "P29_007": "1", "P29_008": "00", "P29_009": null }, "geometry": { "type": "Point", "coordinates": [ 134.742756892205847, 35.119807127982376 ] } },
{ "type": "Feature", "properties": { "P29_001": "28229", "P29_002": "B128210006048", "P29_003": "16001", "P29_004": "たつの市立西栗栖小学校", "P29_005": "兵庫県たつの市新宮町鍛冶屋252", "P29_006": "3", "P29_007": "1", "P29_008": "00", "P29_009": null }, "geometry": { "type": "Point", "coordinates": [ 134.465869629881411, 34.957647001980057 ] } },
{ "type": "Feature", "properties": { "P29_001": "28229", "P29_002": "B128210006057", "P29_003": "16001", "P29_004": "たつの市立東栗栖小学校", "P29_005": "兵庫県たつの市新宮町能地284", "P29_006": "3", "P29_007": "1", "P29_008": "00", "P29_009": null }, "geometry": { "type": "Point", "coordinates": [ 134.519230192652202, 34.933483994912351 ] } },
{ "type": "Feature", "properties": { "P29_001": "28229", "P29_002": "B128210006066", "P29_003": "16001", "P29_004": "たつの市立香島小学校", "P29_005": "兵庫県たつの市新宮町香山1160", "P29_006": "3", "P29_007": "1", "P29_008": "00", "P29_009": null }, "geometry": { "type": "Point", "coordinates": [ 134.547096223309381, 34.948206563660946 ] } },
{ "type": "Feature", "properties": { "P29_001": "28229", "P29_002": "B128210006084", "P29_003": "16001", "P29_004": "たつの市立越部小学校", "P29_005": "兵庫県たつの市新宮町中野庄197", "P29_006": "3", "P29_007": "1", "P29_008": "00", "P29_009": null }, "geometry": { "type": "Point", "coordinates": [ 134.54549409608552, 34.898089649852857 ] } },
{ "type": "Feature", "properties": { "P29_001": "28464", "P29_002": "B128210006093", "P29_003": "16001", "P29_004": "太子町立龍田小学校", "P29_005": "兵庫県揖保郡太子町佐用岡436", "P29_006": "3", "P29_007": "1", "P29_008": "00", "P29_009": null }, "geometry": { "type": "Point", "coordinates": [ 134.586127722024798, 34.844889684056128 ] } },
{ "type": "Feature", "properties": { "P29_001": "28464", "P29_002": "B128210006100", "P29_003": "16001", "P29_004": "太子町立斑鳩小学校", "P29_005": "兵庫県揖保郡太子町鵤713", "P29_006": "3", "P29_007": "1", "P29_008": "00", "P29_009": null }, "geometry": { "type": "Point", "coordinates": [ 134.577248283662527, 34.837427918139198 ] } },
{ "type": "Feature", "properties": { "P29_001": "28464", "P29_002": "B128210006128", "P29_003": "16001", "P29_004": "太子町立石海小学校", "P29_005": "兵庫県揖保郡太子町福地422", "P29_006": "3", "P29_007": "1", "P29_008": "00", "P29_009": null }, "geometry": { "type": "Point", "coordinates": [ 134.572298819622659, 34.820172937290316 ] } },
{ "type": "Feature", "properties": { "P29_001": "28229", "P29_002": "B128210006137", "P29_003": "16001", "P29_004": "たつの市立半田小学校", "P29_005": "兵庫県たつの市揖保川町新在家166-2", "P29_006": "3", "P29_007": "1", "P29_008": "00", "P29_009": null }, "geometry": { "type": "Point", "coordinates": [ 134.531194500079408, 34.839002905663804 ] } },
{ "type": "Feature", "properties": { "P29_001": "28229", "P29_002": "B128210006155", "P29_003": "16001", "P29_004": "たつの市立河内小学校", "P29_005": "兵庫県たつの市揖保川町金剛山604", "P29_006": "3", "P29_007": "1", "P29_008": "00", "P29_009": null }, "geometry": { "type": "Point", "coordinates": [ 134.531697618123616, 34.809803056509267 ] } },
{ "type": "Feature", "properties": { "P29_001": "28229", "P29_002": "B128210006164", "P29_003": "16001", "P29_004": "たつの市立御津小学校", "P29_005": "兵庫県たつの市御津町釜屋206", "P29_006": "3", "P29_007": "1", "P29_008": "00", "P29_009": null }, "geometry": { "type": "Point", "coordinates": [ 134.556949586031465, 34.784998372526545 ] } },
{ "type": "Feature", "properties": { "P29_001": "28481", "P29_002": "B128210006182", "P29_003": "16001", "P29_004": "上郡町立上郡小学校", "P29_005": "兵庫県赤穂郡上郡町上郡306", "P29_006": "3", "P29_007": "1", "P29_008": "00", "P29_009": null }, "geometry": { "type": "Point", "coordinates": [ 134.360732527110173, 34.877103980765696 ] } },
{ "type": "Feature", "properties": { "P29_001": "28481", "P29_002": "B128210006191", "P29_003": "16001", "P29_004": "上郡町立高田小学校", "P29_005": "兵庫県赤穂郡上郡町中野899", "P29_006": "3", "P29_007": "1", "P29_008": "00", "P29_009": null }, "geometry": { "type": "Point", "coordinates": [ 134.392107224354902, 34.859112055790902 ] } },
{ "type": "Feature", "properties": { "P29_001": "28481", "P29_002": "B128210006208", "P29_003": "16001", "P29_004": "上郡町立山野里小学校", "P29_005": "兵庫県赤穂郡上郡町山野里2142-1", "P29_006": "3", "P29_007": "1", "P29_008": "00", "P29_009": null }, "geometry": { "type": "Point", "coordinates": [ 134.349155202905536, 34.868775076544551 ] } },
{ "type": "Feature", "properties": { "P29_001": "28501", "P29_002": "B128210006217", "P29_003": "16001", "P29_004": "佐用町立佐用小学校", "P29_005": "兵庫県佐用郡佐用町佐用286-1", "P29_006": "3", "P29_007": "1", "P29_008": "00", "P29_009": null }, "geometry": { "type": "Point", "coordinates": [ 134.358637502919322, 35.009189919210456 ] } },
{ "type": "Feature", "properties": { "P29_001": "28501", "P29_002": "B128210006226", "P29_003": "16001", "P29_004": "佐用町立上月小学校", "P29_005": "兵庫県佐用郡佐用町上月861", "P29_006": "3", "P29_007": "1", "P29_008": "00", "P29_009": null }, "geometry": { "type": "Point", "coordinates": [ 134.319206138200627, 34.987332609542172 ] } },
{ "type": "Feature", "properties": { "P29_001": "28501", "P29_002": "B128210006235", "P29_003": "16001", "P29_004": "佐用町立南光小学校", "P29_005": "兵庫県佐用郡佐用町西徳久1121-1", "P29_006": "3", "P29_007": "1", "P29_008": "00", "P29_009": null }, "geometry": { "type": "Point", "coordinates": [ 134.402149114377465, 35.000315920212813 ] } },
{ "type": "Feature", "properties": { "P29_001": "28501", "P29_002": "B128210006244", "P29_003": "16001", "P29_004": "佐用町立三日月小学校", "P29_005": "兵庫県佐用郡佐用町乃井野1548", "P29_006": "3", "P29_007": "1", "P29_008": "00", "P29_009": null }, "geometry": { "type": "Point", "coordinates": [ 134.432037550177512, 34.987628809894581 ] } },
{ "type": "Feature", "properties": { "P29_001": "28227", "P29_002": "B128210006253", "P29_003": "16001", "P29_004": "宍粟市立山崎小学校", "P29_005": "兵庫県宍粟市山崎町鹿沢82", "P29_006": "3", "P29_007": "1", "P29_008": "00", "P29_009": null }, "geometry": { "type": "Point", "coordinates": [ 134.540832671550334, 35.002871236450652 ] } },
{ "type": "Feature", "properties": { "P29_001": "28227", "P29_002": "B128210006262", "P29_003": "16001", "P29_004": "宍粟市立城下小学校", "P29_005": "兵庫県宍粟市山崎町御名20-2", "P29_006": "3", "P29_007": "1", "P29_008": "00", "P29_009": null }, "geometry": { "type": "Point", "coordinates": [ 134.539519310037832, 34.98769687950341 ] } },
{ "type": "Feature", "properties": { "P29_001": "28227", "P29_002": "B128210006271", "P29_003": "16001", "P29_004": "宍粟市立戸原小学校", "P29_005": "兵庫県宍粟市山崎町宇原337", "P29_006": "3", "P29_007": "1", "P29_008": "00", "P29_009": null }, "geometry": { "type": "Point", "coordinates": [ 134.551127636022983, 34.968798845842429 ] } },
{ "type": "Feature", "properties": { "P29_001": "28227", "P29_002": "B128210006280", "P29_003": "16001", "P29_004": "宍粟市立河東小学校", "P29_005": "兵庫県宍粟市山崎町神谷377", "P29_006": "3", "P29_007": "1", "P29_008": "00", "P29_009": null }, "geometry": { "type": "Point", "coordinates": [ 134.556270296471041, 35.022836659909117 ] } },
{ "type": "Feature", "properties": { "P29_001": "28227", "P29_002": "B128210006299", "P29_003": "16001", "P29_004": "宍粟市立神野小学校", "P29_005": "兵庫県宍粟市山崎町田井645-9", "P29_006": "3", "P29_007": "1", "P29_008": "00", "P29_009": null }, "geometry": { "type": "Point", "coordinates": [ 134.565042458776901, 35.046170029852931 ] } },
{ "type": "Feature", "properties": { "P29_001": "28201", "P29_002": "B128210006333", "P29_003": "16001", "P29_004": "姫路市立安富南小学校", "P29_005": "兵庫県姫路市安富町安志869", "P29_006": "3", "P29_007": "1", "P29_008": "00", "P29_009": null }, "geometry": { "type": "Point", "coordinates": [ 134.590998308800863, 34.985954091224883 ] } },
{ "type": "Feature", "properties": { "P29_001": "28201", "P29_002": "B128210006342", "P29_003": "16001", "P29_004": "姫路市立安富北小学校", "P29_005": "兵庫県姫路市安富町杤原664-2", "P29_006": "3", "P29_007": "1", "P29_008": "00", "P29_009": null }, "geometry": { "type": "Point", "coordinates": [ 134.604452789070706, 35.020865977009279 ] } },
{ "type": "Feature", "properties": { "P29_001": "28227", "P29_002": "B128210006351", "P29_003": "16001", "P29_004": "宍粟市立一宮北小学校", "P29_005": "兵庫県宍粟市一宮町三方町274", "P29_006": "3", "P29_007": "1", "P29_008": "00", "P29_009": null }, "geometry": { "type": "Point", "coordinates": [ 134.623815925998059, 35.183068567024499 ] } },
{ "type": "Feature", "properties": { "P29_001": "28227", "P29_002": "B128210006360", "P29_003": "16001", "P29_004": "宍粟市立はりま一宮小学校", "P29_005": "兵庫県宍粟市東市場788", "P29_006": "3", "P29_007": "1", "P29_008": "00", "P29_009": null }, "geometry": { "type": "Point", "coordinates": [ 134.586328864234986, 35.095319513378193 ] } },
{ "type": "Feature", "properties": { "P29_001": "28227", "P29_002": "B128210006379", "P29_003": "16001", "P29_004": "宍粟市立波賀小学校", "P29_005": "兵庫県宍粟市波賀町安賀748-2", "P29_006": "3", "P29_007": "1", "P29_008": "00", "P29_009": null }, "geometry": { "type": "Point", "coordinates": [ 134.542594798206011, 35.157771619379005 ] } },
{ "type": "Feature", "properties": { "P29_001": "28227", "P29_002": "B128210006388", "P29_003": "16001", "P29_004": "宍粟市立千種小学校", "P29_005": "兵庫県宍粟市千種町千草29", "P29_006": "3", "P29_007": "1", "P29_008": "00", "P29_009": null }, "geometry": { "type": "Point", "coordinates": [ 134.444056365851537, 35.151462359725457 ] } },
{ "type": "Feature", "properties": { "P29_001": "28209", "P29_002": "B128210006404", "P29_003": "16001", "P29_004": "豊岡市立八条小学校", "P29_005": "兵庫県豊岡市九日市下町402", "P29_006": "3", "P29_007": "1", "P29_008": "00", "P29_009": null }, "geometry": { "type": "Point", "coordinates": [ 134.823116604941191, 35.529401316582735 ] } },
{ "type": "Feature", "properties": { "P29_001": "28209", "P29_002": "B128210006413", "P29_003": "16001", "P29_004": "豊岡市立三江小学校", "P29_005": "兵庫県豊岡市庄境字鎌田口648", "P29_006": "3", "P29_007": "1", "P29_008": "00", "P29_009": null }, "geometry": { "type": "Point", "coordinates": [ 134.844143674225478, 35.553014019352375 ] } },
{ "type": "Feature", "properties": { "P29_001": "28209", "P29_002": "B128210006422", "P29_003": "16001", "P29_004": "豊岡市立田鶴野小学校", "P29_005": "兵庫県豊岡市野上162", "P29_006": "3", "P29_007": "1", "P29_008": "00", "P29_009": null }, "geometry": { "type": "Point", "coordinates": [ 134.819401974026391, 35.562709824652764 ] } },
{ "type": "Feature", "properties": { "P29_001": "28209", "P29_002": "B128210006440", "P29_003": "16001", "P29_004": "豊岡市立新田小学校", "P29_005": "兵庫県豊岡市河谷596", "P29_006": "3", "P29_007": "1", "P29_008": "00", "P29_009": null }, "geometry": { "type": "Point", "coordinates": [ 134.83835718962618, 35.529991065734897 ] } },
{ "type": "Feature", "properties": { "P29_001": "28209", "P29_002": "B128210006459", "P29_003": "16001", "P29_004": "豊岡市立中筋小学校", "P29_005": "兵庫県豊岡市土渕田向27", "P29_006": "3", "P29_007": "1", "P29_008": "00", "P29_009": null }, "geometry": { "type": "Point", "coordinates": [ 134.819854638923317, 35.502538325228869 ] } },
{ "type": "Feature", "properties": { "P29_001": "28209", "P29_002": "B128210006495", "P29_003": "16001", "P29_004": "豊岡市立神美小学校", "P29_005": "兵庫県豊岡市三宅45", "P29_006": "3", "P29_007": "1", "P29_008": "00", "P29_009": null }, "geometry": { "type": "Point", "coordinates": [ 134.860267381753232, 35.521814990575763 ] } },
{ "type": "Feature", "properties": { "P29_001": "28209", "P29_002": "B128210006510", "P29_003": "16001", "P29_004": "豊岡市立竹野小学校", "P29_005": "兵庫県豊岡市竹野町竹野300", "P29_006": "3", "P29_007": "1", "P29_008": "00", "P29_009": null }, "geometry": { "type": "Point", "coordinates": [ 134.76276717228933, 35.657658156164018 ] } },
{ "type": "Feature", "properties": { "P29_001": "28585", "P29_002": "B128210006547", "P29_003": "16001", "P29_004": "香美町立奥佐津小学校", "P29_005": "兵庫県美方郡香美町香住区上岡180", "P29_006": "3", "P29_007": "1", "P29_008": "00", "P29_009": null }, "geometry": { "type": "Point", "coordinates": [ 134.677370811274358, 35.621720503392019 ] } },
{ "type": "Feature", "properties": { "P29_001": "28585", "P29_002": "B128210006556", "P29_003": "16001", "P29_004": "香美町立佐津小学校", "P29_005": "兵庫県美方郡香美町香住区訓谷340", "P29_006": "3", "P29_007": "1", "P29_008": "00", "P29_009": null }, "geometry": { "type": "Point", "coordinates": [ 134.691534569751184, 35.653723869296385 ] } },
{ "type": "Feature", "properties": { "P29_001": "28585", "P29_002": "B128210006565", "P29_003": "16001", "P29_004": "香美町立柴山小学校", "P29_005": "兵庫県美方郡香美町香住区上計34", "P29_006": "3", "P29_007": "1", "P29_008": "00", "P29_009": null }, "geometry": { "type": "Point", "coordinates": [ 134.658077267154368, 35.6482517216267 ] } },
{ "type": "Feature", "properties": { "P29_001": "28585", "P29_002": "B128210006574", "P29_003": "16001", "P29_004": "香美町立香住小学校", "P29_005": "兵庫県美方郡香美町香住区香住1595-9", "P29_006": "3", "P29_007": "1", "P29_008": "00", "P29_009": null }, "geometry": { "type": "Point", "coordinates": [ 134.626872364764097, 35.638206329273139 ] } },
{ "type": "Feature", "properties": { "P29_001": "28585", "P29_002": "B128210006583", "P29_003": "16001", "P29_004": "香美町立長井小学校", "P29_005": "兵庫県美方郡香美町香住区大野83-1", "P29_006": "3", "P29_007": "1", "P29_008": "00", "P29_009": null }, "geometry": { "type": "Point", "coordinates": [ 134.620159172479163, 35.606200344758506 ] } },
{ "type": "Feature", "properties": { "P29_001": "28209", "P29_002": "B128210006618", "P29_003": "16001", "P29_004": "豊岡市立府中小学校", "P29_005": "兵庫県豊岡市日高町野々庄934", "P29_006": "3", "P29_007": "1", "P29_008": "00", "P29_009": null }, "geometry": { "type": "Point", "coordinates": [ 134.800983273351449, 35.491068918500737 ] } },
{ "type": "Feature", "properties": { "P29_001": "28209", "P29_002": "B128210006627", "P29_003": "16001", "P29_004": "豊岡市立八代小学校", "P29_005": "兵庫県豊岡市日高町中320-1", "P29_006": "3", "P29_007": "1", "P29_008": "00", "P29_009": null }, "geometry": { "type": "Point", "coordinates": [ 134.760840193340044, 35.495722990703797 ] } },
{ "type": "Feature", "properties": { "P29_001": "28209", "P29_002": "B128210006654", "P29_003": "16001", "P29_004": "豊岡市立三方小学校", "P29_005": "兵庫県豊岡市日高町栗山735", "P29_006": "3", "P29_007": "1", "P29_008": "00", "P29_009": null }, "geometry": { "type": "Point", "coordinates": [ 134.723514496100648, 35.456423745257688 ] } },
{ "type": "Feature", "properties": { "P29_001": "28209", "P29_002": "B128210006672", "P29_003": "16001", "P29_004": "豊岡市立弘道小学校", "P29_005": "兵庫県豊岡市出石町寺町345", "P29_006": "3", "P29_007": "1", "P29_008": "00", "P29_009": null }, "geometry": { "type": "Point", "coordinates": [ 134.879550660910439, 35.464888498086175 ] } },
{ "type": "Feature", "properties": { "P29_001": "28209", "P29_002": "B128210006707", "P29_003": "16001", "P29_004": "豊岡市立小坂小学校", "P29_005": "兵庫県豊岡市出石町鳥居31", "P29_006": "3", "P29_007": "1", "P29_008": "00", "P29_009": null }, "geometry": { "type": "Point", "coordinates": [ 134.849802847622271, 35.482596326828272 ] } },
{ "type": "Feature", "properties": { "P29_001": "28209", "P29_002": "B128210006725", "P29_003": "16001", "P29_004": "豊岡市立合橋小学校", "P29_005": "兵庫県豊岡市但東町出合市場391", "P29_006": "3", "P29_007": "1", "P29_008": "00", "P29_009": null }, "geometry": { "type": "Point", "coordinates": [ 134.939984365906071, 35.463817429959619 ] } },
{ "type": "Feature", "properties": { "P29_001": "28209", "P29_002": "B128210006743", "P29_003": "16001", "P29_004": "豊岡市立資母小学校", "P29_005": "兵庫県豊岡市但東町中山856", "P29_006": "3", "P29_007": "1", "P29_008": "00", "P29_009": null }, "geometry": { "type": "Point", "coordinates": [ 134.9938296216948, 35.496676475102696 ] } },
{ "type": "Feature", "properties": { "P29_001": "28585", "P29_002": "B128210006752", "P29_003": "16001", "P29_004": "香美町立村岡小学校", "P29_005": "兵庫県美方郡香美町村岡区村岡2940", "P29_006": "3", "P29_007": "1", "P29_008": "00", "P29_009": null }, "geometry": { "type": "Point", "coordinates": [ 134.598988903907895, 35.467708577025441 ] } },
{ "type": "Feature", "properties": { "P29_001": "28585", "P29_002": "B128210006761", "P29_003": "16001", "P29_004": "香美町立兎塚小学校", "P29_005": "兵庫県美方郡香美町村岡区福岡324", "P29_006": "3", "P29_007": "1", "P29_008": "00", "P29_009": null }, "geometry": { "type": "Point", "coordinates": [ 134.600397173731892, 35.415610497491961 ] } },
{ "type": "Feature", "properties": { "P29_001": "28585", "P29_002": "B128210006770", "P29_003": "16001", "P29_004": "香美町立射添小学校", "P29_005": "兵庫県美方郡香美町村岡区川会38", "P29_006": "3", "P29_007": "1", "P29_008": "00", "P29_009": null }, "geometry": { "type": "Point", "coordinates": [ 134.570728935571509, 35.49738808959507 ] } },
{ "type": "Feature", "properties": { "P29_001": "28585", "P29_002": "B128210006789", "P29_003": "16001", "P29_004": "香美町立小代小学校", "P29_005": "兵庫県美方郡香美町小代区実山100", "P29_006": "3", "P29_007": "1", "P29_008": "00", "P29_009": null }, "geometry": { "type": "Point", "coordinates": [ 134.535591680622673, 35.448161322597855 ] } },
{ "type": "Feature", "properties": { "P29_001": "28586", "P29_002": "B128210006798", "P29_003": "16001", "P29_004": "新温泉町立温泉小学校", "P29_005": "兵庫県美方郡新温泉町湯28", "P29_006": "3", "P29_007": "1", "P29_008": "00", "P29_009": null }, "geometry": { "type": "Point", "coordinates": [ 134.485917918429266, 35.556953240038588 ] } },
{ "type": "Feature", "properties": { "P29_001": "28586", "P29_002": "B128210006805", "P29_003": "16001", "P29_004": "新温泉町立照来小学校", "P29_005": "兵庫県美方郡新温泉町桐岡374", "P29_006": "3", "P29_007": "1", "P29_008": "00", "P29_009": null }, "geometry": { "type": "Point", "coordinates": [ 134.486025683876392, 35.530390527177779 ] } },
{ "type": "Feature", "properties": { "P29_001": "28586", "P29_002": "B128210006814", "P29_003": "16001", "P29_004": "新温泉町立浜坂東小学校", "P29_005": "兵庫県美方郡新温泉町高末390-1", "P29_006": "3", "P29_007": "1", "P29_008": "00", "P29_009": null }, "geometry": { "type": "Point", "coordinates": [ 134.50131941119065, 35.618549583811649 ] } },
{ "type": "Feature", "properties": { "P29_001": "28586", "P29_002": "B128210006832", "P29_003": "16001", "P29_004": "新温泉町立浜坂北小学校", "P29_005": "兵庫県美方郡新温泉町浜坂2620", "P29_006": "3", "P29_007": "1", "P29_008": "00", "P29_009": null }, "geometry": { "type": "Point", "coordinates": [ 134.448997265528448, 35.622784478176655 ] } },
{ "type": "Feature", "properties": { "P29_001": "28586", "P29_002": "B128210006841", "P29_003": "16001", "P29_004": "新温泉町立浜坂南小学校", "P29_005": "兵庫県美方郡新温泉町栃谷402-3", "P29_006": "3", "P29_007": "1", "P29_008": "00", "P29_009": null }, "geometry": { "type": "Point", "coordinates": [ 134.471514213750822, 35.608065436392614 ] } },
{ "type": "Feature", "properties": { "P29_001": "28222", "P29_002": "B128210006869", "P29_003": "16001", "P29_004": "養父市立広谷小学校", "P29_005": "兵庫県養父市広谷171", "P29_006": "3", "P29_007": "1", "P29_008": "00", "P29_009": null }, "geometry": { "type": "Point", "coordinates": [ 134.775860083156175, 35.380168212966851 ] } },
{ "type": "Feature", "properties": { "P29_001": "28222", "P29_002": "B128210006878", "P29_003": "16001", "P29_004": "養父市立建屋小学校", "P29_005": "兵庫県養父市建屋1048", "P29_006": "3", "P29_007": "1", "P29_008": "00", "P29_009": null }, "geometry": { "type": "Point", "coordinates": [ 134.741565939338699, 35.304498105353872 ] } },
{ "type": "Feature", "properties": { "P29_001": "28222", "P29_002": "B128210006887", "P29_003": "16001", "P29_004": "養父市立大屋小学校", "P29_005": "兵庫県養父市大屋町山路110", "P29_006": "3", "P29_007": "1", "P29_008": "00", "P29_009": null }, "geometry": { "type": "Point", "coordinates": [ 134.663537308387163, 35.332957290590855 ] } },
{ "type": "Feature", "properties": { "P29_001": "28222", "P29_002": "B128210006896", "P29_003": "16001", "P29_004": "養父市立高柳小学校", "P29_005": "兵庫県養父市八鹿町高柳1113-1", "P29_006": "3", "P29_007": "1", "P29_008": "00", "P29_009": null }, "geometry": { "type": "Point", "coordinates": [ 134.735869695091111, 35.39076250921002 ] } },
{ "type": "Feature", "properties": { "P29_001": "28222", "P29_002": "B128210006912", "P29_003": "16001", "P29_004": "養父市立伊佐小学校", "P29_005": "兵庫県養父市八鹿町浅間1257", "P29_006": "3", "P29_007": "1", "P29_008": "00", "P29_009": null }, "geometry": { "type": "Point", "coordinates": [ 134.796372223711103, 35.43139066837977 ] } },
{ "type": "Feature", "properties": { "P29_001": "28225", "P29_002": "B128210006949", "P29_003": "16001", "P29_004": "朝来市立東河小学校", "P29_005": "兵庫県朝来市和田山町東和田505-1", "P29_006": "3", "P29_007": "1", "P29_008": "00", "P29_009": null }, "geometry": { "type": "Point", "coordinates": [ 134.887552521285528, 35.350128601853854 ] } },
{ "type": "Feature", "properties": { "P29_001": "28225", "P29_002": "B128210006958", "P29_003": "16001", "P29_004": "朝来市立大蔵小学校", "P29_005": "兵庫県朝来市和田山町宮田210", "P29_006": "3", "P29_007": "1", "P29_008": "00", "P29_009": null }, "geometry": { "type": "Point", "coordinates": [ 134.826261494969174, 35.357451538151182 ] } },
{ "type": "Feature", "properties": { "P29_001": "28225", "P29_002": "B128210006976", "P29_003": "16001", "P29_004": "朝来市立竹田小学校", "P29_005": "兵庫県朝来市和田山町安井61", "P29_006": "3", "P29_007": "1", "P29_008": "00", "P29_009": null }, "geometry": { "type": "Point", "coordinates": [ 134.836752171884314, 35.306848648049233 ] } },
{ "type": "Feature", "properties": { "P29_001": "28225", "P29_002": "B128210006985", "P29_003": "16001", "P29_004": "朝来市立梁瀬小学校", "P29_005": "兵庫県朝来市山東町未歳688", "P29_006": "3", "P29_007": "1", "P29_008": "00", "P29_009": null }, "geometry": { "type": "Point", "coordinates": [ 134.882728347587459, 35.315581811260508 ] } },
{ "type": "Feature", "properties": { "P29_001": "28225", "P29_002": "B128210006994", "P29_003": "16001", "P29_004": "朝来市立中川小学校", "P29_005": "兵庫県朝来市桑市99", "P29_006": "3", "P29_007": "1", "P29_008": "00", "P29_009": null }, "geometry": { "type": "Point", "coordinates": [ 134.807397671016787, 35.264866219923697 ] } },
{ "type": "Feature", "properties": { "P29_001": "28225", "P29_002": "B128210007001", "P29_003": "16001", "P29_004": "朝来市立山口小学校", "P29_005": "兵庫県朝来市羽渕565-2", "P29_006": "3", "P29_007": "1", "P29_008": "00", "P29_009": null }, "geometry": { "type": "Point", "coordinates": [ 134.792713995515925, 35.225506504502619 ] } },
{ "type": "Feature", "properties": { "P29_001": "28225", "P29_002": "B128210007010", "P29_003": "16001", "P29_004": "朝来市立生野小学校", "P29_005": "兵庫県朝来市生野町口銀谷546", "P29_006": "3", "P29_007": "1", "P29_008": "00", "P29_009": null }, "geometry": { "type": "Point", "coordinates": [ 134.791760394332556, 35.168624214210354 ] } },
{ "type": "Feature", "properties": { "P29_001": "28205", "P29_002": "B128210007029", "P29_003": "16001", "P29_004": "洲本市立洲本第一小学校", "P29_005": "兵庫県洲本市宇山1-1-37", "P29_006": "3", "P29_007": "1", "P29_008": "00", "P29_009": null }, "geometry": { "type": "Point", "coordinates": [ 134.887530620271775, 34.346399008495794 ] } },
{ "type": "Feature", "properties": { "P29_001": "28205", "P29_002": "B128210007038", "P29_003": "16001", "P29_004": "洲本市立洲本第二小学校", "P29_005": "兵庫県洲本市山手2-1-51", "P29_006": "3", "P29_007": "1", "P29_008": "00", "P29_009": null }, "geometry": { "type": "Point", "coordinates": [ 134.899300836798545, 34.340366571437791 ] } },
{ "type": "Feature", "properties": { "P29_001": "28205", "P29_002": "B128210007047", "P29_003": "16001", "P29_004": "洲本市立洲本第三小学校", "P29_005": "兵庫県洲本市物部1-1-49", "P29_006": "3", "P29_007": "1", "P29_008": "00", "P29_009": null }, "geometry": { "type": "Point", "coordinates": [ 134.888298314712557, 34.338235908533264 ] } },
{ "type": "Feature", "properties": { "P29_001": "28205", "P29_002": "B128210007056", "P29_003": "16001", "P29_004": "洲本市立加茂小学校", "P29_005": "兵庫県洲本市下内膳470", "P29_006": "3", "P29_007": "1", "P29_008": "00", "P29_009": null }, "geometry": { "type": "Point", "coordinates": [ 134.857712927198662, 34.347836643352629 ] } },
{ "type": "Feature", "properties": { "P29_001": "28205", "P29_002": "B128210007074", "P29_003": "16001", "P29_004": "洲本市立由良小学校", "P29_005": "兵庫県洲本市由良3-3-43", "P29_006": "3", "P29_007": "1", "P29_008": "00", "P29_009": null }, "geometry": { "type": "Point", "coordinates": [ 134.944155806166492, 34.291092692815688 ] } },
{ "type": "Feature", "properties": { "P29_001": "28205", "P29_002": "B128210007083", "P29_003": "16001", "P29_004": "洲本市立中川原小学校", "P29_005": "兵庫県洲本市中川原町中川原988", "P29_006": "3", "P29_007": "1", "P29_008": "00", "P29_009": null }, "geometry": { "type": "Point", "coordinates": [ 134.872357263396907, 34.37506831884145 ] } },
{ "type": "Feature", "properties": { "P29_001": "28226", "P29_002": "B128210007109", "P29_003": "16001", "P29_004": "淡路市立塩田小学校", "P29_005": "兵庫県淡路市塩尾430-2", "P29_006": "3", "P29_007": "1", "P29_008": "00", "P29_009": null }, "geometry": { "type": "Point", "coordinates": [ 134.887812186083295, 34.411473148379223 ] } },
{ "type": "Feature", "properties": { "P29_001": "28226", "P29_002": "B128210007118", "P29_003": "16001", "P29_004": "淡路市立志筑小学校", "P29_005": "兵庫県淡路市志筑1578", "P29_006": "3", "P29_007": "1", "P29_008": "00", "P29_009": null }, "geometry": { "type": "Point", "coordinates": [ 134.901461995195831, 34.435768475156301 ] } },
{ "type": "Feature", "properties": { "P29_001": "28226", "P29_002": "B128210007172", "P29_003": "16001", "P29_004": "淡路市立石屋小学校", "P29_005": "兵庫県淡路市岩屋529-1", "P29_006": "3", "P29_007": "1", "P29_008": "00", "P29_009": null }, "geometry": { "type": "Point", "coordinates": [ 135.017827567828789, 34.58741346622736 ] } },
{ "type": "Feature", "properties": { "P29_001": "28226", "P29_002": "B128210007181", "P29_003": "16001", "P29_004": "淡路市立北淡小学校", "P29_005": "兵庫県淡路市浅野神田78", "P29_006": "3", "P29_007": "1", "P29_008": "00", "P29_009": null }, "geometry": { "type": "Point", "coordinates": [ 134.914575303912358, 34.533354743966854 ] } },
{ "type": "Feature", "properties": { "P29_001": "28226", "P29_002": "B128210007190", "P29_003": "16001", "P29_004": "淡路市立多賀小学校", "P29_005": "兵庫県淡路市多賀104", "P29_006": "3", "P29_007": "1", "P29_008": "00", "P29_009": null }, "geometry": { "type": "Point", "coordinates": [ 134.853924293003985, 34.458719337931697 ] } },
{ "type": "Feature", "properties": { "P29_001": "28226", "P29_002": "B128210007207", "P29_003": "16001", "P29_004": "淡路市立一宮小学校", "P29_005": "兵庫県淡路市北山1600", "P29_006": "3", "P29_007": "1", "P29_008": "00", "P29_009": null }, "geometry": { "type": "Point", "coordinates": [ 134.850596224877734, 34.470753626908298 ] } },
{ "type": "Feature", "properties": { "P29_001": "28205", "P29_002": "B128210007216", "P29_003": "16001", "P29_004": "洲本市立都志小学校", "P29_005": "兵庫県洲本市五色町都志万歳919", "P29_006": "3", "P29_007": "1", "P29_008": "00", "P29_009": null }, "geometry": { "type": "Point", "coordinates": [ 134.782089437841023, 34.411647468337783 ] } },
{ "type": "Feature", "properties": { "P29_001": "28205", "P29_002": "B128210007225", "P29_003": "16001", "P29_004": "洲本市立鮎原小学校", "P29_005": "兵庫県洲本市五色町鮎原南谷559", "P29_006": "3", "P29_007": "1", "P29_008": "00", "P29_009": null }, "geometry": { "type": "Point", "coordinates": [ 134.816683091874154, 34.401381345549616 ] } },
{ "type": "Feature", "properties": { "P29_001": "28205", "P29_002": "B128210007234", "P29_003": "16001", "P29_004": "洲本市立広石小学校", "P29_005": "兵庫県洲本市五色町広石下961", "P29_006": "3", "P29_007": "1", "P29_008": "00", "P29_009": null }, "geometry": { "type": "Point", "coordinates": [ 134.793619423728757, 34.375832544668647 ] } },
{ "type": "Feature", "properties": { "P29_001": "28205", "P29_002": "B128210007243", "P29_003": "16001", "P29_004": "洲本市立鳥飼小学校", "P29_005": "兵庫県洲本市五色町鳥飼中309", "P29_006": "3", "P29_007": "1", "P29_008": "00", "P29_009": null }, "geometry": { "type": "Point", "coordinates": [ 134.760626876684569, 34.374391894304033 ] } },
{ "type": "Feature", "properties": { "P29_001": "28205", "P29_002": "B128210007252", "P29_003": "16001", "P29_004": "洲本市立堺小学校", "P29_005": "兵庫県洲本市五色町上堺25-1", "P29_006": "3", "P29_007": "1", "P29_008": "00", "P29_009": null }, "geometry": { "type": "Point", "coordinates": [ 134.78937190933101, 34.363165966393339 ] } },
{ "type": "Feature", "properties": { "P29_001": "28224", "P29_002": "B128210007261", "P29_003": "16001", "P29_004": "南あわじ市立倭文小学校", "P29_005": "兵庫県南あわじ市倭文庄田250", "P29_006": "3", "P29_007": "1", "P29_008": "00", "P29_009": null }, "geometry": { "type": "Point", "coordinates": [ 134.789489649087159, 34.3342280962407 ] } },
{ "type": "Feature", "properties": { "P29_001": "28224", "P29_002": "B128210007270", "P29_003": "16001", "P29_004": "南あわじ市立松帆小学校", "P29_005": "兵庫県南あわじ市松帆江尻594", "P29_006": "3", "P29_007": "1", "P29_008": "00", "P29_009": null }, "geometry": { "type": "Point", "coordinates": [ 134.744513316289044, 34.326191252802737 ] } },
{ "type": "Feature", "properties": { "P29_001": "28224", "P29_002": "B128210007289", "P29_003": "16001", "P29_004": "南あわじ市立湊小学校", "P29_005": "兵庫県南あわじ市湊里1502-1", "P29_006": "3", "P29_007": "1", "P29_008": "00", "P29_009": null }, "geometry": { "type": "Point", "coordinates": [ 134.726841052987623, 34.325957612991246 ] } },
{ "type": "Feature", "properties": { "P29_001": "28224", "P29_002": "B128210007305", "P29_003": "16001", "P29_004": "南あわじ市立榎列小学校", "P29_005": "兵庫県南あわじ市榎列大榎列1426-1", "P29_006": "3", "P29_007": "1", "P29_008": "00", "P29_009": null }, "geometry": { "type": "Point", "coordinates": [ 134.768539164461288, 34.312399980530877 ] } },
{ "type": "Feature", "properties": { "P29_001": "28224", "P29_002": "B128210007314", "P29_003": "16001", "P29_004": "南あわじ市立八木小学校", "P29_005": "兵庫県南あわじ市八木大久保590", "P29_006": "3", "P29_007": "1", "P29_008": "00", "P29_009": null }, "geometry": { "type": "Point", "coordinates": [ 134.794842497102223, 34.293354580599875 ] } },
{ "type": "Feature", "properties": { "P29_001": "28224", "P29_002": "B128210007323", "P29_003": "16001", "P29_004": "南あわじ市立市小学校", "P29_005": "兵庫県南あわじ市市福永345-1", "P29_006": "3", "P29_007": "1", "P29_008": "00", "P29_009": null }, "geometry": { "type": "Point", "coordinates": [ 134.769985527733297, 34.290263550377098 ] } },
{ "type": "Feature", "properties": { "P29_001": "28224", "P29_002": "B128210007332", "P29_003": "16001", "P29_004": "南あわじ市立神代小学校", "P29_005": "兵庫県南あわじ市神代富田3", "P29_006": "3", "P29_007": "1", "P29_008": "00", "P29_009": null }, "geometry": { "type": "Point", "coordinates": [ 134.770820179293622, 34.276968557483798 ] } },
{ "type": "Feature", "properties": { "P29_001": "28224", "P29_002": "B128210007341", "P29_003": "16001", "P29_004": "南あわじ市立賀集小学校", "P29_005": "兵庫県南あわじ市賀集1000", "P29_006": "3", "P29_007": "1", "P29_008": "00", "P29_009": null }, "geometry": { "type": "Point", "coordinates": [ 134.75130020047169, 34.264062553633934 ] } },
{ "type": "Feature", "properties": { "P29_001": "28224", "P29_002": "B128210007350", "P29_003": "16001", "P29_004": "南あわじ市立福良小学校", "P29_005": "兵庫県南あわじ市福良乙1205", "P29_006": "3", "P29_007": "1", "P29_008": "00", "P29_009": null }, "geometry": { "type": "Point", "coordinates": [ 134.712385217587496, 34.258126626114425 ] } },
{ "type": "Feature", "properties": { "P29_001": "28224", "P29_002": "B128210007369", "P29_003": "16001", "P29_004": "南あわじ市立北阿万小学校", "P29_005": "兵庫県南あわじ市北阿万新田中217", "P29_006": "3", "P29_007": "1", "P29_008": "00", "P29_009": null }, "geometry": { "type": "Point", "coordinates": [ 134.752904594602342, 34.247316832538772 ] } },
{ "type": "Feature", "properties": { "P29_001": "28224", "P29_002": "B128210007378", "P29_003": "16001", "P29_004": "南あわじ市立阿万小学校", "P29_005": "兵庫県南あわじ市阿万下町420", "P29_006": "3", "P29_007": "1", "P29_008": "00", "P29_009": null }, "geometry": { "type": "Point", "coordinates": [ 134.736381518266484, 34.222552128302063 ] } },
{ "type": "Feature", "properties": { "P29_001": "28224", "P29_002": "B128210007403", "P29_003": "16001", "P29_004": "南あわじ市・洲本市組合立広田小学校", "P29_005": "兵庫県南あわじ市広田中筋121", "P29_006": "3", "P29_007": "1", "P29_008": "00", "P29_009": null }, "geometry": { "type": "Point", "coordinates": [ 134.835652021853406, 34.323613899383865 ] } },
{ "type": "Feature", "properties": { "P29_001": "28229", "P29_002": "B128210007412", "P29_003": "16001", "P29_004": "播磨高原広域事務組合立播磨高原東小学校", "P29_005": "兵庫県たつの市新宮町光都2-6-1", "P29_006": "3", "P29_007": "1", "P29_008": "00", "P29_009": null }, "geometry": { "type": "Point", "coordinates": [ 134.444988103842945, 34.938530084107654 ] } },
{ "type": "Feature", "properties": { "P29_001": "28102", "P29_002": "B128210007430", "P29_003": "16001", "P29_004": "神戸市立灘の浜小学校", "P29_005": "兵庫県神戸市灘区摩耶海岸通2-2-1", "P29_006": "3", "P29_007": "1", "P29_008": "00", "P29_009": null }, "geometry": { "type": "Point", "coordinates": [ 135.222974517126175, 34.702036601914294 ] } },
{ "type": "Feature", "properties": { "P29_001": "28215", "P29_002": "B128210007449", "P29_003": "16001", "P29_004": "三木市立吉川小学校", "P29_005": "兵庫県三木市吉川町みなぎ台1-31-3", "P29_006": "3", "P29_007": "1", "P29_008": "00", "P29_009": null }, "geometry": { "type": "Point", "coordinates": [ 135.107578409538434, 34.874670694346264 ] } },
{ "type": "Feature", "properties": { "P29_001": "28101", "P29_002": "B128310000015", "P29_003": "16001", "P29_004": "甲南小学校", "P29_005": "兵庫県神戸市東灘区住吉本町1-12-1", "P29_006": "4", "P29_007": "1", "P29_008": "00", "P29_009": null }, "geometry": { "type": "Point", "coordinates": [ 135.263863907956733, 34.722106096650649 ] } },
{ "type": "Feature", "properties": { "P29_001": "28102", "P29_002": "B128310000024", "P29_003": "16001", "P29_004": "神戸海星女子学院小学校", "P29_005": "兵庫県神戸市灘区青谷町2-7-1", "P29_006": "4", "P29_007": "1", "P29_008": "00", "P29_009": null }, "geometry": { "type": "Point", "coordinates": [ 135.211871507612557, 34.712929046158841 ] } },
{ "type": "Feature", "properties": { "P29_001": "28107", "P29_002": "B128310000033", "P29_003": "16001", "P29_004": "須磨浦小学校", "P29_005": "兵庫県神戸市須磨区千守町2-1-13", "P29_006": "4", "P29_007": "1", "P29_008": "00", "P29_009": null }, "geometry": { "type": "Point", "coordinates": [ 135.112441621353526, 34.645937677374143 ] } },
{ "type": "Feature", "properties": { "P29_001": "28108", "P29_002": "B128310000042", "P29_003": "16001", "P29_004": "愛徳学園小学校", "P29_005": "兵庫県神戸市垂水区歌敷山3-6-49", "P29_006": "4", "P29_007": "1", "P29_008": "00", "P29_009": null }, "geometry": { "type": "Point", "coordinates": [ 135.042682459621631, 34.638086471782955 ] } },
{ "type": "Feature", "properties": { "P29_001": "28204", "P29_002": "B128310000060", "P29_003": "16001", "P29_004": "甲子園学院小学校", "P29_005": "兵庫県西宮市天道町10-15", "P29_006": "4", "P29_007": "1", "P29_008": "00", "P29_009": null }, "geometry": { "type": "Point", "coordinates": [ 135.370270368699806, 34.740702873432923 ] } },
{ "type": "Feature", "properties": { "P29_001": "28204", "P29_002": "B128310000079", "P29_003": "16001", "P29_004": "仁川学院小学校", "P29_005": "兵庫県西宮市甲東園2-13-9", "P29_006": "4", "P29_007": "1", "P29_008": "00", "P29_009": null }, "geometry": { "type": "Point", "coordinates": [ 135.361011659878073, 34.770873337978443 ] } },
{ "type": "Feature", "properties": { "P29_001": "28214", "P29_002": "B128310000088", "P29_003": "16001", "P29_004": "小林聖心女子学院小学校", "P29_005": "兵庫県宝塚市塔の町3-113", "P29_006": "4", "P29_007": "1", "P29_008": "00", "P29_009": null }, "geometry": { "type": "Point", "coordinates": [ 135.3500218003432, 34.786832243067884 ] } },
{ "type": "Feature", "properties": { "P29_001": "28214", "P29_002": "B128310000097", "P29_003": "16001", "P29_004": "雲雀丘学園小学校", "P29_005": "兵庫県宝塚市雲雀丘4-2-1", "P29_006": "4", "P29_007": "1", "P29_008": "00", "P29_009": null }, "geometry": { "type": "Point", "coordinates": [ 135.401052746891907, 34.825920985344951 ] } },
{ "type": "Feature", "properties": { "P29_001": "28214", "P29_002": "B128310000104", "P29_003": "16001", "P29_004": "関西学院初等部", "P29_005": "兵庫県宝塚市武庫川町6-27", "P29_006": "4", "P29_007": "1", "P29_008": "00", "P29_009": null }, "geometry": { "type": "Point", "coordinates": [ 135.352225858767696, 34.806743210207927 ] } },
{ "type": "Feature", "properties": { "P29_001": "28101", "P29_002": "B128310000113", "P29_003": "16001", "P29_004": "高羽六甲アイランド小学校", "P29_005": "兵庫県神戸市東灘区向洋町中9-1-11", "P29_006": "4", "P29_007": "1", "P29_008": "00", "P29_009": null }, "geometry": { "type": "Point", "coordinates": [ 135.27020850382948, 34.682270523469967 ] } },
{ "type": "Feature", "properties": { "P29_001": "28228", "P29_002": "B128110000019", "P29_003": "16001", "P29_004": "兵庫教育大学附属小学校", "P29_005": "兵庫県加東市山国2013-4", "P29_006": "1", "P29_007": "1", "P29_008": "00", "P29_009": null }, "geometry": { "type": "Point", "coordinates": [ 134.981791093027908, 34.914388558462591 ] } },
{ "type": "Feature", "properties": { "P29_001": "28203", "P29_002": "B128110000028", "P29_003": "16001", "P29_004": "神戸大学附属小学校", "P29_005": "兵庫県明石市山下町3-4", "P29_006": "1", "P29_007": "1", "P29_008": "00", "P29_009": null }, "geometry": { "type": "Point", "coordinates": [ 134.99715526744609, 34.649337700834536 ] } },
{ "type": "Feature", "properties": { "P29_001": "28101", "P29_002": "B128210000142", "P29_003": "16001", "P29_004": "神戸市立六甲アイランド小学校", "P29_005": "兵庫県神戸市東灘区向洋町中2-7", "P29_006": "3", "P29_007": "1", "P29_008": "00", "P29_009": null }, "geometry": { "type": "Point", "coordinates": [ 135.274510640817425, 34.688776579392794 ] } },
{ "type": "Feature", "properties": { "P29_001": "28102", "P29_002": "B128210000268", "P29_003": "16001", "P29_004": "神戸市立六甲山小学校", "P29_005": "兵庫県神戸市灘区六甲山町北六甲4512-42", "P29_006": "3", "P29_007": "1", "P29_008": "00", "P29_009": null }, "geometry": { "type": "Point", "coordinates": [ 135.232266772873203, 34.757388297402585 ] } },
{ "type": "Feature", "properties": { "P29_001": "28105", "P29_002": "B128210000428", "P29_003": "16001", "P29_004": "神戸市立夢野の丘小学校", "P29_005": "兵庫県神戸市兵庫区東山町4-20", "P29_006": "3", "P29_007": "1", "P29_008": "00", "P29_009": null }, "geometry": { "type": "Point", "coordinates": [ 135.160522158854093, 34.681643490068019 ] } },
{ "type": "Feature", "properties": { "P29_001": "28107", "P29_002": "B128210000703", "P29_003": "16001", "P29_004": "神戸市立若草小学校", "P29_005": "兵庫県神戸市須磨区若草町1-13", "P29_006": "3", "P29_007": "1", "P29_008": "00", "P29_009": null }, "geometry": { "type": "Point", "coordinates": [ 135.114955695204998, 34.687982308237622 ] } },
{ "type": "Feature", "properties": { "P29_001": "28108", "P29_002": "B128210000785", "P29_003": "16001", "P29_004": "神戸市立名谷小学校", "P29_005": "兵庫県神戸市垂水区名谷町1896", "P29_006": "3", "P29_007": "1", "P29_008": "00", "P29_009": null }, "geometry": { "type": "Point", "coordinates": [ 135.071001145816126, 34.6633115989519 ] } },
{ "type": "Feature", "properties": { "P29_001": "28108", "P29_002": "B128210000794", "P29_003": "16001", "P29_004": "神戸市立高丸小学校", "P29_005": "兵庫県神戸市垂水区大町2-6-9", "P29_006": "3", "P29_007": "1", "P29_008": "00", "P29_009": null }, "geometry": { "type": "Point", "coordinates": [ 135.061353796015538, 34.638123065609548 ] } },
{ "type": "Feature", "properties": { "P29_001": "28111", "P29_002": "B128210000856", "P29_003": "16001", "P29_004": "神戸市立太山寺小学校", "P29_005": "兵庫県神戸市西区伊川谷町前開860", "P29_006": "3", "P29_007": "1", "P29_008": "00", "P29_009": null }, "geometry": { "type": "Point", "coordinates": [ 135.055414950766078, 34.69627947048577 ] } },
{ "type": "Feature", "properties": { "P29_001": "28111", "P29_002": "B128210000918", "P29_003": "16001", "P29_004": "神戸市立玉津第一小学校", "P29_005": "兵庫県神戸市西区小山1-4-1", "P29_006": "3", "P29_007": "1", "P29_008": "00", "P29_009": null }, "geometry": { "type": "Point", "coordinates": [ 134.988405549779145, 34.684756202000074 ] } },
{ "type": "Feature", "properties": { "P29_001": "28111", "P29_002": "B128210000945", "P29_003": "16001", "P29_004": "神戸市立岩岡小学校", "P29_005": "兵庫県神戸市西区岩岡町古郷267", "P29_006": "3", "P29_007": "1", "P29_008": "00", "P29_009": null }, "geometry": { "type": "Point", "coordinates": [ 134.944368940881162, 34.718357836615873 ] } },
{ "type": "Feature", "properties": { "P29_001": "28111", "P29_002": "B128210001061", "P29_003": "16001", "P29_004": "神戸市立桜が丘小学校", "P29_005": "兵庫県神戸市西区桜が丘中町3-3-2", "P29_006": "3", "P29_007": "1", "P29_008": "00", "P29_009": null }, "geometry": { "type": "Point", "coordinates": [ 135.058487523747971, 34.74523395316433 ] } },
{ "type": "Feature", "properties": { "P29_001": "28109", "P29_002": "B128210001301", "P29_003": "16001", "P29_004": "神戸市立道場小学校", "P29_005": "兵庫県神戸市北区道場町塩田1460", "P29_006": "3", "P29_007": "1", "P29_008": "00", "P29_009": null }, "geometry": { "type": "Point", "coordinates": [ 135.232606122097451, 34.869701035019503 ] } },
{ "type": "Feature", "properties": { "P29_001": "28109", "P29_002": "B128210001329", "P29_003": "16001", "P29_004": "神戸市立大沢小学校", "P29_005": "兵庫県神戸市北区大沢町中大沢976", "P29_006": "3", "P29_007": "1", "P29_008": "00", "P29_009": null }, "geometry": { "type": "Point", "coordinates": [ 135.165328112354445, 34.855217441365454 ] } },
{ "type": "Feature", "properties": { "P29_001": "28109", "P29_002": "B128210001338", "P29_003": "16001", "P29_004": "神戸市立長尾小学校", "P29_005": "兵庫県神戸市北区上津台3-4-1", "P29_006": "3", "P29_007": "1", "P29_008": "00", "P29_009": null }, "geometry": { "type": "Point", "coordinates": [ 135.194353500239657, 34.865680116799517 ] } },
{ "type": "Feature", "properties": { "P29_001": "28109", "P29_002": "B128210001347", "P29_003": "16001", "P29_004": "神戸市立好徳小学校", "P29_005": "兵庫県神戸市北区淡河町野瀬487", "P29_006": "3", "P29_007": "1", "P29_008": "00", "P29_009": null }, "geometry": { "type": "Point", "coordinates": [ 135.150182933184027, 34.822293264320777 ] } },
{ "type": "Feature", "properties": { "P29_001": "28109", "P29_002": "B128210001356", "P29_003": "16001", "P29_004": "神戸市立淡河小学校", "P29_005": "兵庫県神戸市北区淡河町萩原524", "P29_006": "3", "P29_007": "1", "P29_008": "00", "P29_009": null }, "geometry": { "type": "Point", "coordinates": [ 135.102121366007879, 34.816135920501118 ] } },
{ "type": "Feature", "properties": { "P29_001": "28109", "P29_002": "B128210001409", "P29_003": "16001", "P29_004": "神戸市立箕谷小学校", "P29_005": "兵庫県神戸市北区松が枝町1-11", "P29_006": "3", "P29_007": "1", "P29_008": "00", "P29_009": null }, "geometry": { "type": "Point", "coordinates": [ 135.149481147845364, 34.758285839209925 ] } },
{ "type": "Feature", "properties": { "P29_001": "28109", "P29_002": "B128210001463", "P29_003": "16001", "P29_004": "神戸市立花山小学校", "P29_005": "兵庫県神戸市北区花山東町3-1", "P29_006": "3", "P29_007": "1", "P29_008": "00", "P29_009": null }, "geometry": { "type": "Point", "coordinates": [ 135.185153036288796, 34.765228531350431 ] } },
{ "type": "Feature", "properties": { "P29_001": "28109", "P29_002": "B128210001542", "P29_003": "16001", "P29_004": "神戸市立桂木小学校", "P29_005": "兵庫県神戸市北区桂木1-2-5", "P29_006": "3", "P29_007": "1", "P29_008": "00", "P29_009": null }, "geometry": { "type": "Point", "coordinates": [ 135.144800725977575, 34.747141600228389 ] } },
{ "type": "Feature", "properties": { "P29_001": "28109", "P29_002": "B128210001560", "P29_003": "16001", "P29_004": "神戸市立ありの台小学校", "P29_005": "兵庫県神戸市北区有野台5-2", "P29_006": "3", "P29_007": "1", "P29_008": "00", "P29_009": null }, "geometry": { "type": "Point", "coordinates": [ 135.229802155661361, 34.813515354100453 ] } },
{ "type": "Feature", "properties": { "P29_001": "28202", "P29_002": "B128210001702", "P29_003": "16001", "P29_004": "尼崎市立杭瀬小学校", "P29_005": "兵庫県尼崎市杭瀬北新町2-6-1", "P29_006": "3", "P29_007": "1", "P29_008": "00", "P29_009": null }, "geometry": { "type": "Point", "coordinates": [ 135.438548617839331, 34.723108167501685 ] } },
{ "type": "Feature", "properties": { "P29_001": "28202", "P29_002": "B128210001873", "P29_003": "16001", "P29_004": "尼崎市立武庫東小学校", "P29_005": "兵庫県尼崎市武庫之荘6-15-1", "P29_006": "3", "P29_007": "1", "P29_008": "00", "P29_009": null }, "geometry": { "type": "Point", "coordinates": [ 135.387617013639016, 34.761330980887863 ] } },
{ "type": "Feature", "properties": { "P29_001": "28202", "P29_002": "B128210001935", "P29_003": "16001", "P29_004": "尼崎市立武庫北小学校", "P29_005": "兵庫県尼崎市常松2-14-1", "P29_006": "3", "P29_007": "1", "P29_008": "00", "P29_009": null }, "geometry": { "type": "Point", "coordinates": [ 135.377364654758054, 34.769330145469404 ] } },
{ "type": "Feature", "properties": { "P29_001": "28202", "P29_002": "B128210001944", "P29_003": "16001", "P29_004": "尼崎市立園和北小学校", "P29_005": "兵庫県尼崎市田能1-7-1", "P29_006": "3", "P29_007": "1", "P29_008": "00", "P29_009": null }, "geometry": { "type": "Point", "coordinates": [ 135.442294475042189, 34.763065035954448 ] } },
{ "type": "Feature", "properties": { "P29_001": "28202", "P29_002": "B128210001953", "P29_003": "16001", "P29_004": "尼崎市立武庫南小学校", "P29_005": "兵庫県尼崎市武庫町4-11-1", "P29_006": "3", "P29_007": "1", "P29_008": "00", "P29_009": null }, "geometry": { "type": "Point", "coordinates": [ 135.377739247736599, 34.750924554506049 ] } },
{ "type": "Feature", "properties": { "P29_001": "28202", "P29_002": "B128210001962", "P29_003": "16001", "P29_004": "尼崎市立立花南小学校", "P29_005": "兵庫県尼崎市三反田町2-16-1", "P29_006": "3", "P29_007": "1", "P29_008": "00", "P29_009": null }, "geometry": { "type": "Point", "coordinates": [ 135.409358628922718, 34.739474172994065 ] } },
{ "type": "Feature", "properties": { "P29_001": "28204", "P29_002": "B128210002266", "P29_003": "16001", "P29_004": "西宮市立山口小学校", "P29_005": "兵庫県西宮市山口町下山口4-23-1", "P29_006": "3", "P29_007": "1", "P29_008": "00", "P29_009": null }, "geometry": { "type": "Point", "coordinates": [ 135.237024399792659, 34.82748830038436 ] } },
{ "type": "Feature", "properties": { "P29_001": "28204", "P29_002": "B128210002319", "P29_003": "16001", "P29_004": "西宮市立上ケ原南小学校", "P29_005": "兵庫県西宮市上ヶ原9番町2-93", "P29_006": "3", "P29_007": "1", "P29_008": "00", "P29_009": null }, "geometry": { "type": "Point", "coordinates": [ 135.341877911982436, 34.760536121920886 ] } },
{ "type": "Feature", "properties": { "P29_001": "28204", "P29_002": "B128210002355", "P29_003": "16001", "P29_004": "西宮市立神原小学校", "P29_005": "兵庫県西宮市神原12-62", "P29_006": "3", "P29_007": "1", "P29_008": "00", "P29_009": null }, "geometry": { "type": "Point", "coordinates": [ 135.331045179913616, 34.754272484378362 ] } },
{ "type": "Feature", "properties": { "P29_001": "28204", "P29_002": "B128210002373", "P29_003": "16001", "P29_004": "西宮市立高須西小学校", "P29_005": "兵庫県西宮市高須町2-1-44", "P29_006": "3", "P29_007": "1", "P29_008": "00", "P29_009": null }, "geometry": { "type": "Point", "coordinates": [ 135.364876027912686, 34.705050646230688 ] } },
{ "type": "Feature", "properties": { "P29_001": "28204", "P29_002": "B128210002435", "P29_003": "16001", "P29_004": "西宮市立高須小学校", "P29_005": "兵庫県西宮市高須町1-1-41", "P29_006": "3", "P29_007": "1", "P29_008": "00", "P29_009": null }, "geometry": { "type": "Point", "coordinates": [ 135.368732400023504, 34.701640446021678 ] } },
{ "type": "Feature", "properties": { "P29_001": "28206", "P29_002": "B128210002453", "P29_003": "16001", "P29_004": "芦屋市立精道小学校", "P29_005": "兵庫県芦屋市精道町8-25", "P29_006": "3", "P29_007": "1", "P29_008": "00", "P29_009": null }, "geometry": { "type": "Point", "coordinates": [ 135.305525231362225, 34.72729028267495 ] } },
{ "type": "Feature", "properties": { "P29_001": "28207", "P29_002": "B128210002541", "P29_003": "16001", "P29_004": "伊丹市立稲野小学校", "P29_005": "兵庫県伊丹市昆陽1-175", "P29_006": "3", "P29_007": "1", "P29_008": "00", "P29_009": null }, "geometry": { "type": "Point", "coordinates": [ 135.399104477377335, 34.782474709273302 ] } },
{ "type": "Feature", "properties": { "P29_001": "28207", "P29_002": "B128210002587", "P29_003": "16001", "P29_004": "伊丹市立緑丘小学校", "P29_005": "兵庫県伊丹市高台2-14", "P29_006": "3", "P29_007": "1", "P29_008": "00", "P29_009": null }, "geometry": { "type": "Point", "coordinates": [ 135.409181350295114, 34.791516105414409 ] } },
{ "type": "Feature", "properties": { "P29_001": "28217", "P29_002": "B128210002961", "P29_003": "16001", "P29_004": "川西市立清和台小学校", "P29_005": "兵庫県川西市清和台東2-2-2", "P29_006": "3", "P29_007": "1", "P29_008": "00", "P29_009": null }, "geometry": { "type": "Point", "coordinates": [ 135.38806033917075, 34.87730326009131 ] } },
{ "type": "Feature", "properties": { "P29_001": "28217", "P29_002": "B128210003005", "P29_003": "16001", "P29_004": "川西市立陽明小学校", "P29_005": "兵庫県川西市向陽台3-6-219", "P29_006": "3", "P29_007": "1", "P29_008": "00", "P29_009": null }, "geometry": { "type": "Point", "coordinates": [ 135.402134212838661, 34.879081487981885 ] } },
{ "type": "Feature", "properties": { "P29_001": "28217", "P29_002": "B128210003023", "P29_003": "16001", "P29_004": "川西市立清和台南小学校", "P29_005": "兵庫県川西市清和台西5-1-2", "P29_006": "3", "P29_007": "1", "P29_008": "00", "P29_009": null }, "geometry": { "type": "Point", "coordinates": [ 135.387535817679151, 34.869271923620261 ] } },
{ "type": "Feature", "properties": { "P29_001": "28217", "P29_002": "B128210003041", "P29_003": "16001", "P29_004": "川西市立北陵小学校", "P29_005": "兵庫県川西市丸山台1-3-2", "P29_006": "3", "P29_007": "1", "P29_008": "00", "P29_009": null }, "geometry": { "type": "Point", "coordinates": [ 135.407201538949124, 34.907939920796714 ] } },
{ "type": "Feature", "properties": { "P29_001": "28217", "P29_002": "B128210003050", "P29_003": "16001", "P29_004": "川西市立けやき坂小学校", "P29_005": "兵庫県川西市けやき坂3-1-2", "P29_006": "3", "P29_007": "1", "P29_008": "00", "P29_009": null }, "geometry": { "type": "Point", "coordinates": [ 135.378638103412584, 34.86174694269075 ] } },
{ "type": "Feature", "properties": { "P29_001": "28301", "P29_002": "B128210003103", "P29_003": "16001", "P29_004": "猪名川町立松尾台小学校", "P29_005": "兵庫県川辺郡猪名川町松尾台2-3-2", "P29_006": "3", "P29_007": "1", "P29_008": "00", "P29_009": null }, "geometry": { "type": "Point", "coordinates": [ 135.388697707574863, 34.904440496157768 ] } },
{ "type": "Feature", "properties": { "P29_001": "28219", "P29_002": "B128210003176", "P29_003": "16001", "P29_004": "三田市立三田小学校", "P29_005": "兵庫県三田市屋敷町2-20", "P29_006": "3", "P29_007": "1", "P29_008": "00", "P29_009": null }, "geometry": { "type": "Point", "coordinates": [ 135.220413449094394, 34.887233222104832 ] } },
{ "type": "Feature", "properties": { "P29_001": "28219", "P29_002": "B128210003194", "P29_003": "16001", "P29_004": "三田市立志手原小学校", "P29_005": "兵庫県三田市志手原881", "P29_006": "3", "P29_007": "1", "P29_008": "00", "P29_009": null }, "geometry": { "type": "Point", "coordinates": [ 135.239650464837638, 34.916410238490187 ] } },
{ "type": "Feature", "properties": { "P29_001": "28219", "P29_002": "B128210003210", "P29_003": "16001", "P29_004": "三田市立本庄小学校", "P29_005": "兵庫県三田市東本庄1910", "P29_006": "3", "P29_007": "1", "P29_008": "00", "P29_009": null }, "geometry": { "type": "Point", "coordinates": [ 135.185804828022242, 34.961333671865546 ] } },
{ "type": "Feature", "properties": { "P29_001": "28219", "P29_002": "B128210003229", "P29_003": "16001", "P29_004": "三田市立広野小学校", "P29_005": "兵庫県三田市上井沢295", "P29_006": "3", "P29_007": "1", "P29_008": "00", "P29_009": null }, "geometry": { "type": "Point", "coordinates": [ 135.192757298167777, 34.924976863661634 ] } },
{ "type": "Feature", "properties": { "P29_001": "28219", "P29_002": "B128210003238", "P29_003": "16001", "P29_004": "三田市立小野小学校", "P29_005": "兵庫県三田市小野1254-1", "P29_006": "3", "P29_007": "1", "P29_008": "00", "P29_009": null }, "geometry": { "type": "Point", "coordinates": [ 135.233902964350165, 34.957075636973926 ] } },
{ "type": "Feature", "properties": { "P29_001": "28219", "P29_002": "B128210003274", "P29_003": "16001", "P29_004": "三田市立松が丘小学校", "P29_005": "兵庫県三田市川除535", "P29_006": "3", "P29_007": "1", "P29_008": "00", "P29_009": null }, "geometry": { "type": "Point", "coordinates": [ 135.221219602096312, 34.901751060369676 ] } },
{ "type": "Feature", "properties": { "P29_001": "28223", "P29_002": "B128210003381", "P29_003": "16001", "P29_004": "丹波市立新井小学校", "P29_005": "兵庫県丹波市柏原町大新屋698-2", "P29_006": "3", "P29_007": "1", "P29_008": "00", "P29_009": null }, "geometry": { "type": "Point", "coordinates": [ 135.045937077650763, 35.133986360241671 ] } },
{ "type": "Feature", "properties": { "P29_001": "28223", "P29_002": "B128210003470", "P29_003": "16001", "P29_004": "丹波市立東小学校", "P29_005": "兵庫県丹波市氷上町石生585", "P29_006": "3", "P29_007": "1", "P29_008": "00", "P29_009": null }, "geometry": { "type": "Point", "coordinates": [ 135.05666874069442, 35.151466774451599 ] } },
{ "type": "Feature", "properties": { "P29_001": "28223", "P29_002": "B128210003577", "P29_003": "16001", "P29_004": "丹波市立黒井小学校", "P29_005": "兵庫県丹波市春日町黒井2205", "P29_006": "3", "P29_007": "1", "P29_008": "00", "P29_009": null }, "geometry": { "type": "Point", "coordinates": [ 135.099705445939179, 35.174373143173213 ] } },
{ "type": "Feature", "properties": { "P29_001": "28223", "P29_002": "B128210003586", "P29_003": "16001", "P29_004": "丹波市立船城小学校", "P29_005": "兵庫県丹波市春日町朝日90", "P29_006": "3", "P29_007": "1", "P29_008": "00", "P29_009": null }, "geometry": { "type": "Point", "coordinates": [ 135.079111070953445, 35.171037376340628 ] } },
{ "type": "Feature", "properties": { "P29_001": "28203", "P29_002": "B128210003782", "P29_003": "16001", "P29_004": "明石市立鳥羽小学校", "P29_005": "兵庫県明石市西明石北町2-2-1", "P29_006": "3", "P29_007": "1", "P29_008": "00", "P29_009": null }, "geometry": { "type": "Point", "coordinates": [ 134.965964937672652, 34.670246321284949 ] } },
{ "type": "Feature", "properties": { "P29_001": "28203", "P29_002": "B128210003808", "P29_003": "16001", "P29_004": "明石市立花園小学校", "P29_005": "兵庫県明石市西明石南町1-1-10", "P29_006": "3", "P29_007": "1", "P29_008": "00", "P29_009": null }, "geometry": { "type": "Point", "coordinates": [ 134.962742075420351, 34.66174092403152 ] } },
{ "type": "Feature", "properties": { "P29_001": "28203", "P29_002": "B128210003862", "P29_003": "16001", "P29_004": "明石市立魚住小学校", "P29_005": "兵庫県明石市魚住町清水570", "P29_006": "3", "P29_007": "1", "P29_008": "00", "P29_009": null }, "geometry": { "type": "Point", "coordinates": [ 134.912907613032985, 34.703416872977861 ] } },
{ "type": "Feature", "properties": { "P29_001": "28203", "P29_002": "B128210003960", "P29_003": "16001", "P29_004": "明石市立清水小学校", "P29_005": "兵庫県明石市魚住町清水1752-2", "P29_006": "3", "P29_007": "1", "P29_008": "00", "P29_009": null }, "geometry": { "type": "Point", "coordinates": [ 134.907484694580432, 34.715352459772902 ] } },
{ "type": "Feature", "properties": { "P29_001": "28210", "P29_002": "B128210004031", "P29_003": "16001", "P29_004": "加古川市立神野小学校", "P29_005": "兵庫県加古川市神野町石守1043", "P29_006": "3", "P29_007": "1", "P29_008": "00", "P29_009": null }, "geometry": { "type": "Point", "coordinates": [ 134.87721182680184, 34.776511158436278 ] } },
{ "type": "Feature", "properties": { "P29_001": "28210", "P29_002": "B128210004095", "P29_003": "16001", "P29_004": "加古川市立平荘小学校", "P29_005": "兵庫県加古川市平荘町山角467", "P29_006": "3", "P29_007": "1", "P29_008": "00", "P29_009": null }, "geometry": { "type": "Point", "coordinates": [ 134.872619464410405, 34.80276975017469 ] } },
{ "type": "Feature", "properties": { "P29_001": "28210", "P29_002": "B128210004166", "P29_003": "16001", "P29_004": "加古川市立浜の宮小学校", "P29_005": "兵庫県加古川市尾上町口里770-37", "P29_006": "3", "P29_007": "1", "P29_008": "00", "P29_009": null }, "geometry": { "type": "Point", "coordinates": [ 134.83425576784353, 34.737036713800045 ] } },
{ "type": "Feature", "properties": { "P29_001": "28210", "P29_002": "B128210004175", "P29_003": "16001", "P29_004": "加古川市立鳩里小学校", "P29_005": "兵庫県加古川市加古川町稲屋81", "P29_006": "3", "P29_007": "1", "P29_008": "00", "P29_009": null }, "geometry": { "type": "Point", "coordinates": [ 134.820453195131847, 34.760827666008574 ] } },
{ "type": "Feature", "properties": { "P29_001": "28210", "P29_002": "B128210004184", "P29_003": "16001", "P29_004": "加古川市立平岡東小学校", "P29_005": "兵庫県加古川市平岡町土山109", "P29_006": "3", "P29_007": "1", "P29_008": "00", "P29_009": null }, "geometry": { "type": "Point", "coordinates": [ 134.889496395559263, 34.724559079566255 ] } },
{ "type": "Feature", "properties": { "P29_001": "28210", "P29_002": "B128210004193", "P29_003": "16001", "P29_004": "加古川市立野口北小学校", "P29_005": "兵庫県加古川市野口町北野1110", "P29_006": "3", "P29_007": "1", "P29_008": "00", "P29_009": null }, "geometry": { "type": "Point", "coordinates": [ 134.870422632465591, 34.760003527067461 ] } },
{ "type": "Feature", "properties": { "P29_001": "28210", "P29_002": "B128210004246", "P29_003": "16001", "P29_004": "加古川市立若宮小学校", "P29_005": "兵庫県加古川市尾上町養田218", "P29_006": "3", "P29_007": "1", "P29_008": "00", "P29_009": null }, "geometry": { "type": "Point", "coordinates": [ 134.815370727201071, 34.752574181417856 ] } },
{ "type": "Feature", "properties": { "P29_001": "28210", "P29_002": "B128210004255", "P29_003": "16001", "P29_004": "加古川市立別府西小学校", "P29_005": "兵庫県加古川市別府町新野辺574-175", "P29_006": "3", "P29_007": "1", "P29_008": "00", "P29_009": null }, "geometry": { "type": "Point", "coordinates": [ 134.835619659663649, 34.732044547071681 ] } },
{ "type": "Feature", "properties": { "P29_001": "28213", "P29_002": "B128210004264", "P29_003": "16001", "P29_004": "西脇市立西脇小学校", "P29_005": "兵庫県西脇市西脇656-1", "P29_006": "3", "P29_007": "1", "P29_008": "00", "P29_009": null }, "geometry": { "type": "Point", "coordinates": [ 134.977396756099438, 34.991687938253669 ] } },
{ "type": "Feature", "properties": { "P29_001": "28213", "P29_002": "B128210004308", "P29_003": "16001", "P29_004": "西脇市立双葉小学校", "P29_005": "兵庫県西脇市住吉町1-1-3", "P29_006": "3", "P29_007": "1", "P29_008": "00", "P29_009": null }, "geometry": { "type": "Point", "coordinates": [ 135.049805887144373, 35.023339762488469 ] } },
{ "type": "Feature", "properties": { "P29_001": "28215", "P29_002": "B128210004344", "P29_003": "16001", "P29_004": "三木市立三木小学校", "P29_005": "兵庫県三木市大塚2-4-39", "P29_006": "3", "P29_007": "1", "P29_008": "00", "P29_009": null }, "geometry": { "type": "Point", "coordinates": [ 134.997137059854055, 34.803451323547428 ] } },
{ "type": "Feature", "properties": { "P29_001": "28215", "P29_002": "B128210004371", "P29_003": "16001", "P29_004": "三木市立口吉川小学校", "P29_005": "兵庫県三木市口吉川町殿畑666", "P29_006": "3", "P29_007": "1", "P29_008": "00", "P29_009": null }, "geometry": { "type": "Point", "coordinates": [ 135.063333238715643, 34.860160355175211 ] } },
{ "type": "Feature", "properties": { "P29_001": "28215", "P29_002": "B128210004380", "P29_003": "16001", "P29_004": "三木市立豊地小学校", "P29_005": "兵庫県三木市細川町豊地196", "P29_006": "3", "P29_007": "1", "P29_008": "00", "P29_009": null }, "geometry": { "type": "Point", "coordinates": [ 135.02870243063083, 34.826576864532726 ] } },
{ "type": "Feature", "properties": { "P29_001": "28216", "P29_002": "B128210004460", "P29_003": "16001", "P29_004": "高砂市立伊保小学校", "P29_005": "兵庫県高砂市伊保東1-18-1", "P29_006": "3", "P29_007": "1", "P29_008": "00", "P29_009": null }, "geometry": { "type": "Point", "coordinates": [ 134.790036022289428, 34.768787465560109 ] } },
{ "type": "Feature", "properties": { "P29_001": "28216", "P29_002": "B128210004479", "P29_003": "16001", "P29_004": "高砂市立中筋小学校", "P29_005": "兵庫県高砂市中筋1-2-1", "P29_006": "3", "P29_007": "1", "P29_008": "00", "P29_009": null }, "geometry": { "type": "Point", "coordinates": [ 134.774723964621387, 34.789465454627695 ] } },
{ "type": "Feature", "properties": { "P29_001": "28216", "P29_002": "B128210004497", "P29_003": "16001", "P29_004": "高砂市立米田小学校", "P29_005": "兵庫県高砂市米田町米田451", "P29_006": "3", "P29_007": "1", "P29_008": "00", "P29_009": null }, "geometry": { "type": "Point", "coordinates": [ 134.808083046385775, 34.777128538225583 ] } },
{ "type": "Feature", "properties": { "P29_001": "28216", "P29_002": "B128210004521", "P29_003": "16001", "P29_004": "高砂市立米田西小学校", "P29_005": "兵庫県高砂市米田町塩市17-1", "P29_006": "3", "P29_007": "1", "P29_008": "00", "P29_009": null }, "geometry": { "type": "Point", "coordinates": [ 134.803602220934152, 34.780703027132468 ] } },
{ "type": "Feature", "properties": { "P29_001": "28218", "P29_002": "B128210004601", "P29_003": "16001", "P29_004": "小野市立下東条小学校", "P29_005": "兵庫県小野市小田町1655", "P29_006": "3", "P29_007": "1", "P29_008": "00", "P29_009": null }, "geometry": { "type": "Point", "coordinates": [ 134.99567462524891, 34.884979195037452 ] } },
{ "type": "Feature", "properties": { "P29_001": "28218", "P29_002": "B128210004610", "P29_003": "16001", "P29_004": "小野市立小野東小学校", "P29_005": "兵庫県小野市天神町1185-1", "P29_006": "3", "P29_007": "1", "P29_008": "00", "P29_009": null }, "geometry": { "type": "Point", "coordinates": [ 134.951516017391896, 34.849588478467709 ] } },
{ "type": "Feature", "properties": { "P29_001": "28220", "P29_002": "B128210004638", "P29_003": "16001", "P29_004": "加西市立富田小学校", "P29_005": "兵庫県加西市窪田町22", "P29_006": "3", "P29_007": "1", "P29_008": "00", "P29_009": null }, "geometry": { "type": "Point", "coordinates": [ 134.813801357887314, 34.93854612934178 ] } },
{ "type": "Feature", "properties": { "P29_001": "28220", "P29_002": "B128210004647", "P29_003": "16001", "P29_004": "加西市立賀茂小学校", "P29_005": "兵庫県加西市福住町840", "P29_006": "3", "P29_007": "1", "P29_008": "00", "P29_009": null }, "geometry": { "type": "Point", "coordinates": [ 134.809341284201878, 34.901744033533838 ] } },
{ "type": "Feature", "properties": { "P29_001": "28220", "P29_002": "B128210004656", "P29_003": "16001", "P29_004": "加西市立下里小学校", "P29_005": "兵庫県加西市西笠原町172-1", "P29_006": "3", "P29_007": "1", "P29_008": "00", "P29_009": null }, "geometry": { "type": "Point", "coordinates": [ 134.840691742600598, 34.877735811604694 ] } },
{ "type": "Feature", "properties": { "P29_001": "28228", "P29_002": "B128210004781", "P29_003": "16001", "P29_004": "加東市立福田小学校", "P29_005": "兵庫県加東市沢部613-1", "P29_006": "3", "P29_007": "1", "P29_008": "00", "P29_009": null }, "geometry": { "type": "Point", "coordinates": [ 134.956269508751802, 34.896449618467457 ] } },
{ "type": "Feature", "properties": { "P29_001": "28228", "P29_002": "B128210004807", "P29_003": "16001", "P29_004": "加東市立三草小学校", "P29_005": "兵庫県加東市上三草118", "P29_006": "3", "P29_007": "1", "P29_008": "00", "P29_009": null }, "geometry": { "type": "Point", "coordinates": [ 134.989920463096496, 34.936591223306436 ] } },
{ "type": "Feature", "properties": { "P29_001": "28228", "P29_002": "B128210004816", "P29_003": "16001", "P29_004": "加東市立鴨川小学校", "P29_005": "兵庫県加東市平木1308", "P29_006": "3", "P29_007": "1", "P29_008": "00", "P29_009": null }, "geometry": { "type": "Point", "coordinates": [ 135.072462144376345, 34.964494518130145 ] } },
{ "type": "Feature", "properties": { "P29_001": "28382", "P29_002": "B128210004996", "P29_003": "16001", "P29_004": "播磨町立蓮池小学校", "P29_005": "兵庫県加古郡播磨町西野添4-3-1", "P29_006": "3", "P29_007": "1", "P29_008": "00", "P29_009": null }, "geometry": { "type": "Point", "coordinates": [ 134.878617540701697, 34.72142810692376 ] } },
{ "type": "Feature", "properties": { "P29_001": "28210", "P29_002": "B128210005021", "P29_003": "16001", "P29_004": "加古川市立志方東小学校", "P29_005": "兵庫県加古川市志方町細工所146", "P29_006": "3", "P29_007": "1", "P29_008": "00", "P29_009": null }, "geometry": { "type": "Point", "coordinates": [ 134.838329098959719, 34.832452806543074 ] } },
{ "type": "Feature", "properties": { "P29_001": "28210", "P29_002": "B128210005049", "P29_003": "16001", "P29_004": "加古川市立志方西小学校", "P29_005": "兵庫県加古川市志方町原587", "P29_006": "3", "P29_007": "1", "P29_008": "00", "P29_009": null }, "geometry": { "type": "Point", "coordinates": [ 134.808515076164127, 34.815915746580842 ] } },
{ "type": "Feature", "properties": { "P29_001": "28201", "P29_002": "B128210005076", "P29_003": "16001", "P29_004": "姫路市立城北小学校", "P29_005": "兵庫県姫路市伊伝居600-2", "P29_006": "3", "P29_007": "1", "P29_008": "00", "P29_009": null }, "geometry": { "type": "Point", "coordinates": [ 134.697240480531718, 34.849701763201807 ] } },
{ "type": "Feature", "properties": { "P29_001": "28201", "P29_002": "B128210005094", "P29_003": "16001", "P29_004": "姫路市立城西小学校", "P29_005": "兵庫県姫路市新在家2-4-1", "P29_006": "3", "P29_007": "1", "P29_008": "00", "P29_009": null }, "geometry": { "type": "Point", "coordinates": [ 134.6816421447908, 34.845114507097598 ] } },
{ "type": "Feature", "properties": { "P29_001": "28201", "P29_002": "B128210005129", "P29_003": "16001", "P29_004": "姫路市立曽左小学校", "P29_005": "兵庫県姫路市書写634-51", "P29_006": "3", "P29_007": "1", "P29_008": "00", "P29_009": null }, "geometry": { "type": "Point", "coordinates": [ 134.661285076815972, 34.868245107148724 ] } },
{ "type": "Feature", "properties": { "P29_001": "28201", "P29_002": "B128210005138", "P29_003": "16001", "P29_004": "姫路市立白鳥小学校", "P29_005": "兵庫県姫路市飾西341", "P29_006": "3", "P29_007": "1", "P29_008": "00", "P29_009": null }, "geometry": { "type": "Point", "coordinates": [ 134.642600372004836, 34.863517822801789 ] } },
{ "type": "Feature", "properties": { "P29_001": "28201", "P29_002": "B128210005192", "P29_003": "16001", "P29_004": "姫路市立手柄小学校", "P29_005": "兵庫県姫路市延末148-2", "P29_006": "3", "P29_007": "1", "P29_008": "00", "P29_009": null }, "geometry": { "type": "Point", "coordinates": [ 134.678016568877069, 34.821709907334238 ] } },
{ "type": "Feature", "properties": { "P29_001": "28201", "P29_002": "B128210005209", "P29_003": "16001", "P29_004": "姫路市立荒川小学校", "P29_005": "兵庫県姫路市井ノ口49-1", "P29_006": "3", "P29_007": "1", "P29_008": "00", "P29_009": null }, "geometry": { "type": "Point", "coordinates": [ 134.661568569136136, 34.82195863258346 ] } },
{ "type": "Feature", "properties": { "P29_001": "28201", "P29_002": "B128210005236", "P29_003": "16001", "P29_004": "姫路市立白浜小学校", "P29_005": "兵庫県姫路市白浜町甲458", "P29_006": "3", "P29_007": "1", "P29_008": "00", "P29_009": null }, "geometry": { "type": "Point", "coordinates": [ 134.705038104089766, 34.785834701122766 ] } },
{ "type": "Feature", "properties": { "P29_001": "28201", "P29_002": "B128210005281", "P29_003": "16001", "P29_004": "姫路市立八幡小学校", "P29_005": "兵庫県姫路市広畑区西蒲田1400-24", "P29_006": "3", "P29_007": "1", "P29_008": "00", "P29_009": null }, "geometry": { "type": "Point", "coordinates": [ 134.636934791322119, 34.824655212690303 ] } },
{ "type": "Feature", "properties": { "P29_001": "28201", "P29_002": "B128210005389", "P29_003": "16001", "P29_004": "姫路市立別所小学校", "P29_005": "兵庫県姫路市別所町別所673", "P29_006": "3", "P29_007": "1", "P29_008": "00", "P29_009": null }, "geometry": { "type": "Point", "coordinates": [ 134.755441925002856, 34.809360608617197 ] } },
{ "type": "Feature", "properties": { "P29_001": "28201", "P29_002": "B128210005398", "P29_003": "16001", "P29_004": "姫路市立谷外小学校", "P29_005": "兵庫県姫路市飾東町豊国560", "P29_006": "3", "P29_007": "1", "P29_008": "00", "P29_009": null }, "geometry": { "type": "Point", "coordinates": [ 134.741985455773829, 34.844370746760085 ] } },
{ "type": "Feature", "properties": { "P29_001": "28201", "P29_002": "B128210005450", "P29_003": "16001", "P29_004": "姫路市立伊勢小学校", "P29_005": "兵庫県姫路市林田町上伊勢886-1", "P29_006": "3", "P29_007": "1", "P29_008": "00", "P29_009": null }, "geometry": { "type": "Point", "coordinates": [ 134.60857101178371, 34.90179991750508 ] } },
{ "type": "Feature", "properties": { "P29_001": "28201", "P29_002": "B128210005478", "P29_003": "16001", "P29_004": "姫路市立広峰小学校", "P29_005": "兵庫県姫路市峰南町2-1", "P29_006": "3", "P29_007": "1", "P29_008": "00", "P29_009": null }, "geometry": { "type": "Point", "coordinates": [ 134.695795750373321, 34.857501348807929 ] } },
{ "type": "Feature", "properties": { "P29_001": "28201", "P29_002": "B128210005575", "P29_003": "16001", "P29_004": "姫路市立青山小学校", "P29_005": "兵庫県姫路市青山北3-42-1", "P29_006": "3", "P29_007": "1", "P29_008": "00", "P29_009": null }, "geometry": { "type": "Point", "coordinates": [ 134.633269054285336, 34.852159447804702 ] } },
{ "type": "Feature", "properties": { "P29_001": "28208", "P29_002": "B128210005584", "P29_003": "16001", "P29_004": "相生市立相生小学校", "P29_005": "兵庫県相生市川原町31-1", "P29_006": "3", "P29_007": "1", "P29_008": "00", "P29_009": null }, "geometry": { "type": "Point", "coordinates": [ 134.478332623783501, 34.797492013661483 ] } },
{ "type": "Feature", "properties": { "P29_001": "28208", "P29_002": "B128210005646", "P29_003": "16001", "P29_004": "相生市立中央小学校", "P29_005": "兵庫県相生市旭5-16-67", "P29_006": "3", "P29_007": "1", "P29_008": "00", "P29_009": null }, "geometry": { "type": "Point", "coordinates": [ 134.473935093685697, 34.809743071263071 ] } },
{ "type": "Feature", "properties": { "P29_001": "28229", "P29_002": "B128210005664", "P29_003": "16001", "P29_004": "たつの市立小宅小学校", "P29_005": "兵庫県たつの市龍野町日飼105", "P29_006": "3", "P29_007": "1", "P29_008": "00", "P29_009": null }, "geometry": { "type": "Point", "coordinates": [ 134.555058584674498, 34.865220934023803 ] } },
{ "type": "Feature", "properties": { "P29_001": "28229", "P29_002": "B128210005708", "P29_003": "16001", "P29_004": "たつの市立誉田小学校", "P29_005": "兵庫県たつの市誉田町広山580-1", "P29_006": "3", "P29_007": "1", "P29_008": "00", "P29_009": null }, "geometry": { "type": "Point", "coordinates": [ 134.563594833440419, 34.844601067589331 ] } },
{ "type": "Feature", "properties": { "P29_001": "28212", "P29_002": "B128210005771", "P29_003": "16001", "P29_004": "赤穂市立高雄小学校", "P29_005": "兵庫県赤穂市高雄2240-1", "P29_006": "3", "P29_007": "1", "P29_008": "00", "P29_009": null }, "geometry": { "type": "Point", "coordinates": [ 134.413603549100571, 34.794278627714966 ] } },
{ "type": "Feature", "properties": { "P29_001": "28443", "P29_002": "B128210005977", "P29_003": "16001", "P29_004": "福崎町立田原小学校", "P29_005": "兵庫県神崎郡福崎町西田原1274", "P29_006": "3", "P29_007": "1", "P29_008": "00", "P29_009": null }, "geometry": { "type": "Point", "coordinates": [ 134.761921120177647, 34.952878150042416 ] } },
{ "type": "Feature", "properties": { "P29_001": "28443", "P29_002": "B128210005986", "P29_003": "16001", "P29_004": "福崎町立八千種小学校", "P29_005": "兵庫県神崎郡福崎町八千種300", "P29_006": "3", "P29_007": "1", "P29_008": "00", "P29_009": null }, "geometry": { "type": "Point", "coordinates": [ 134.779288680175171, 34.936569933153677 ] } },
{ "type": "Feature", "properties": { "P29_001": "28201", "P29_002": "B128210006011", "P29_003": "16001", "P29_004": "姫路市立香呂南小学校", "P29_005": "兵庫県姫路市香寺町須加院173", "P29_006": "3", "P29_007": "1", "P29_008": "00", "P29_009": null }, "geometry": { "type": "Point", "coordinates": [ 134.726497884012559, 34.894398682164478 ] } },
{ "type": "Feature", "properties": { "P29_001": "28229", "P29_002": "B128210006075", "P29_003": "16001", "P29_004": "たつの市立新宮小学校", "P29_005": "兵庫県たつの市新宮町新宮437", "P29_006": "3", "P29_007": "1", "P29_008": "00", "P29_009": null }, "geometry": { "type": "Point", "coordinates": [ 134.548142714671258, 34.925127750357447 ] } },
{ "type": "Feature", "properties": { "P29_001": "28464", "P29_002": "B128210006119", "P29_003": "16001", "P29_004": "太子町立太田小学校", "P29_005": "兵庫県揖保郡太子町東出128", "P29_006": "3", "P29_007": "1", "P29_008": "00", "P29_009": null }, "geometry": { "type": "Point", "coordinates": [ 134.596335091914341, 34.834239239532089 ] } },
{ "type": "Feature", "properties": { "P29_001": "28229", "P29_002": "B128210006146", "P29_003": "16001", "P29_004": "たつの市立神部小学校", "P29_005": "兵庫県たつの市揖保川町黍田434", "P29_006": "3", "P29_007": "1", "P29_008": "00", "P29_009": null }, "geometry": { "type": "Point", "coordinates": [ 134.5151595594794, 34.816950762730912 ] } },
{ "type": "Feature", "properties": { "P29_001": "28227", "P29_002": "B128210006324", "P29_003": "16001", "P29_004": "宍粟市立山崎西小学校", "P29_005": "兵庫県宍粟市山崎町青木106", "P29_006": "3", "P29_007": "1", "P29_008": "00", "P29_009": null }, "geometry": { "type": "Point", "coordinates": [ 134.497804234993083, 35.027618127893533 ] } },
{ "type": "Feature", "properties": { "P29_001": "28209", "P29_002": "B128210006397", "P29_003": "16001", "P29_004": "豊岡市立豊岡小学校", "P29_005": "兵庫県豊岡市中央町16-5", "P29_006": "3", "P29_007": "1", "P29_008": "00", "P29_009": null }, "geometry": { "type": "Point", "coordinates": [ 134.822019412240735, 35.541637530109121 ] } },
{ "type": "Feature", "properties": { "P29_001": "28209", "P29_002": "B128210006431", "P29_003": "16001", "P29_004": "豊岡市立五荘小学校", "P29_005": "兵庫県豊岡市中陰1", "P29_006": "3", "P29_007": "1", "P29_008": "00", "P29_009": null }, "geometry": { "type": "Point", "coordinates": [ 134.803742110177893, 35.548917282081483 ] } },
{ "type": "Feature", "properties": { "P29_001": "28209", "P29_002": "B128210006501", "P29_003": "16001", "P29_004": "豊岡市立城崎小学校", "P29_005": "兵庫県豊岡市城崎町湯島72-4", "P29_006": "3", "P29_007": "1", "P29_008": "00", "P29_009": null }, "geometry": { "type": "Point", "coordinates": [ 134.812260955997118, 35.623115939794594 ] } },
{ "type": "Feature", "properties": { "P29_001": "28585", "P29_002": "B128210006592", "P29_003": "16001", "P29_004": "香美町立余部小学校", "P29_005": "兵庫県美方郡香美町香住区余部1697", "P29_006": "3", "P29_007": "1", "P29_008": "00", "P29_009": null }, "geometry": { "type": "Point", "coordinates": [ 134.560259598241572, 35.6478365246424 ] } },
{ "type": "Feature", "properties": { "P29_001": "28585", "P29_002": "B128210006609", "P29_003": "16001", "P29_004": "香美町立余部小学校御崎分校", "P29_005": "兵庫県美方郡香美町香住区余部2988", "P29_006": "3", "P29_007": "9", "P29_008": "00", "P29_009": null }, "geometry": { "type": "Point", "coordinates": [ 134.545092710913252, 35.662932208188693 ] } },
{ "type": "Feature", "properties": { "P29_001": "28209", "P29_002": "B128210006636", "P29_003": "16001", "P29_004": "豊岡市立日高小学校", "P29_005": "兵庫県豊岡市日高町岩中22", "P29_006": "3", "P29_007": "1", "P29_008": "00", "P29_009": null }, "geometry": { "type": "Point", "coordinates": [ 134.772425337842151, 35.468366473551526 ] } },
{ "type": "Feature", "properties": { "P29_001": "28209", "P29_002": "B128210006663", "P29_003": "16001", "P29_004": "豊岡市立清滝小学校", "P29_005": "兵庫県豊岡市日高町山宮1357-1", "P29_006": "3", "P29_007": "1", "P29_008": "00", "P29_009": null }, "geometry": { "type": "Point", "coordinates": [ 134.696215630150363, 35.488188587709566 ] } },
{ "type": "Feature", "properties": { "P29_001": "28209", "P29_002": "B128210006681", "P29_003": "16001", "P29_004": "豊岡市立福住小学校", "P29_005": "兵庫県豊岡市出石町福住209", "P29_006": "3", "P29_007": "1", "P29_008": "00", "P29_009": null }, "geometry": { "type": "Point", "coordinates": [ 134.861983015776758, 35.457003905867026 ] } },
{ "type": "Feature", "properties": { "P29_001": "28209", "P29_002": "B128210006690", "P29_003": "16001", "P29_004": "豊岡市立寺坂小学校", "P29_005": "兵庫県豊岡市出石町日野辺1-1", "P29_006": "3", "P29_007": "1", "P29_008": "00", "P29_009": null }, "geometry": { "type": "Point", "coordinates": [ 134.894107783096473, 35.453657178332868 ] } },
{ "type": "Feature", "properties": { "P29_001": "28209", "P29_002": "B128210006716", "P29_003": "16001", "P29_004": "豊岡市立小野小学校", "P29_005": "兵庫県豊岡市出石町口小野153", "P29_006": "3", "P29_007": "1", "P29_008": "00", "P29_009": null }, "geometry": { "type": "Point", "coordinates": [ 134.87528920097057, 35.497778345101416 ] } },
{ "type": "Feature", "properties": { "P29_001": "28586", "P29_002": "B128210006823", "P29_003": "16001", "P29_004": "新温泉町立浜坂西小学校", "P29_005": "兵庫県美方郡新温泉町諸寄1181", "P29_006": "3", "P29_007": "1", "P29_008": "00", "P29_009": null }, "geometry": { "type": "Point", "coordinates": [ 134.430801857259524, 35.610523848618783 ] } },
{ "type": "Feature", "properties": { "P29_001": "28222", "P29_002": "B128210006850", "P29_003": "16001", "P29_004": "養父市立養父小学校", "P29_005": "兵庫県養父市養父市場153", "P29_006": "3", "P29_007": "1", "P29_008": "00", "P29_009": null }, "geometry": { "type": "Point", "coordinates": [ 134.811755925629058, 35.383142767632897 ] } },
{ "type": "Feature", "properties": { "P29_001": "28222", "P29_002": "B128210006903", "P29_003": "16001", "P29_004": "養父市立八鹿小学校", "P29_005": "兵庫県養父市八鹿町八鹿1045-4", "P29_006": "3", "P29_007": "1", "P29_008": "00", "P29_009": null }, "geometry": { "type": "Point", "coordinates": [ 134.764341607701084, 35.406954419648812 ] } },
{ "type": "Feature", "properties": { "P29_001": "28222", "P29_002": "B128210006921", "P29_003": "16001", "P29_004": "養父市立宿南小学校", "P29_005": "兵庫県養父市八鹿町宿南478", "P29_006": "3", "P29_007": "1", "P29_008": "00", "P29_009": null }, "geometry": { "type": "Point", "coordinates": [ 134.775388123644859, 35.438700283373372 ] } },
{ "type": "Feature", "properties": { "P29_001": "28225", "P29_002": "B128210006930", "P29_003": "16001", "P29_004": "朝来市立枚田小学校", "P29_005": "兵庫県朝来市和田山町和田山474", "P29_006": "3", "P29_007": "1", "P29_008": "00", "P29_009": null }, "geometry": { "type": "Point", "coordinates": [ 134.856077985852693, 35.334825827124106 ] } },
{ "type": "Feature", "properties": { "P29_001": "28225", "P29_002": "B128210006967", "P29_003": "16001", "P29_004": "朝来市立糸井小学校", "P29_005": "兵庫県朝来市和田山町高生田4-1", "P29_006": "3", "P29_007": "1", "P29_008": "00", "P29_009": null }, "geometry": { "type": "Point", "coordinates": [ 134.850161027996876, 35.363979838990396 ] } },
{ "type": "Feature", "properties": { "P29_001": "28205", "P29_002": "B128210007065", "P29_003": "16001", "P29_004": "洲本市立大野小学校", "P29_005": "兵庫県洲本市大野318", "P29_006": "3", "P29_007": "1", "P29_008": "00", "P29_009": null }, "geometry": { "type": "Point", "coordinates": [ 134.855143845081983, 34.323288856915248 ] } },
{ "type": "Feature", "properties": { "P29_001": "28205", "P29_002": "B128210007092", "P29_003": "16001", "P29_004": "洲本市立安乎小学校", "P29_005": "兵庫県洲本市安乎町平安浦445", "P29_006": "3", "P29_007": "1", "P29_008": "00", "P29_009": null }, "geometry": { "type": "Point", "coordinates": [ 134.880199004613075, 34.393595779963093 ] } },
{ "type": "Feature", "properties": { "P29_001": "28226", "P29_002": "B128210007127", "P29_003": "16001", "P29_004": "淡路市立中田小学校", "P29_005": "兵庫県淡路市中田4390", "P29_006": "3", "P29_007": "1", "P29_008": "00", "P29_009": null }, "geometry": { "type": "Point", "coordinates": [ 134.882273907539712, 34.437333217653915 ] } },
{ "type": "Feature", "properties": { "P29_001": "28226", "P29_002": "B128210007136", "P29_003": "16001", "P29_004": "淡路市立大町小学校", "P29_005": "兵庫県淡路市大町上461", "P29_006": "3", "P29_007": "1", "P29_008": "00", "P29_009": null }, "geometry": { "type": "Point", "coordinates": [ 134.857554987670937, 34.426164775116675 ] } },
{ "type": "Feature", "properties": { "P29_001": "28226", "P29_002": "B128210007145", "P29_003": "16001", "P29_004": "淡路市立津名東小学校", "P29_005": "兵庫県淡路市生穂2346-2", "P29_006": "3", "P29_007": "1", "P29_008": "00", "P29_009": null }, "geometry": { "type": "Point", "coordinates": [ 134.915998328368119, 34.453870289779061 ] } },
{ "type": "Feature", "properties": { "P29_001": "28226", "P29_002": "B128210007154", "P29_003": "16001", "P29_004": "淡路市立学習小学校", "P29_005": "兵庫県淡路市久留麻1724-1", "P29_006": "3", "P29_007": "1", "P29_008": "00", "P29_009": null }, "geometry": { "type": "Point", "coordinates": [ 134.985832583612165, 34.516726859546651 ] } },
{ "type": "Feature", "properties": { "P29_001": "28226", "P29_002": "B128210007163", "P29_003": "16001", "P29_004": "淡路市立浦小学校", "P29_005": "兵庫県淡路市浦701", "P29_006": "3", "P29_007": "1", "P29_008": "00", "P29_009": null }, "geometry": { "type": "Point", "coordinates": [ 134.990286953015499, 34.539145865265667 ] } },
{ "type": "Feature", "properties": { "P29_001": "28224", "P29_002": "B128210007298", "P29_003": "16001", "P29_004": "南あわじ市立辰美小学校", "P29_005": "兵庫県南あわじ市津井2285-4", "P29_006": "3", "P29_007": "1", "P29_008": "00", "P29_009": null }, "geometry": { "type": "Point", "coordinates": [ 134.691357322825041, 34.317866631065534 ] } },
{ "type": "Feature", "properties": { "P29_001": "28224", "P29_002": "B128210007387", "P29_003": "16001", "P29_004": "南あわじ市立沼島小学校", "P29_005": "兵庫県南あわじ市沼島995", "P29_006": "3", "P29_007": "1", "P29_008": "00", "P29_009": null }, "geometry": { "type": "Point", "coordinates": [ 134.822358029224858, 34.165219192397004 ] } },
{ "type": "Feature", "properties": { "P29_001": "28224", "P29_002": "B128210007396", "P29_003": "16001", "P29_004": "南あわじ市立志知小学校", "P29_005": "兵庫県南あわじ市志知南16", "P29_006": "3", "P29_007": "1", "P29_008": "00", "P29_009": null }, "geometry": { "type": "Point", "coordinates": [ 134.738271815236573, 34.302177762605524 ] } },
{ "type": "Feature", "properties": { "P29_001": "28108", "P29_002": "B128210007421", "P29_003": "16001", "P29_004": "神戸市立多聞の丘小学校", "P29_005": "兵庫県神戸市垂水区本多聞5-2-1", "P29_006": "3", "P29_007": "1", "P29_008": "00", "P29_009": null }, "geometry": { "type": "Point", "coordinates": [ 135.046810511575046, 34.652857783437824 ] } },
{ "type": "Feature", "properties": { "P29_001": "28209", "P29_002": "B128210007458", "P29_003": "16001", "P29_004": "豊岡市立港小学校", "P29_005": "兵庫県豊岡市気比3291-235", "P29_006": "3", "P29_007": "1", "P29_008": "00", "P29_009": null }, "geometry": { "type": "Point", "coordinates": [ 134.839567939553774, 35.6409562878355 ] } },
{ "type": "Feature", "properties": { "P29_001": "28214", "P29_002": "B128210007467", "P29_003": "16001", "P29_004": "宝塚市立中山台小学校", "P29_005": "兵庫県宝塚市中山桜台4-25-1", "P29_006": "3", "P29_007": "1", "P29_008": "00", "P29_009": null }, "geometry": { "type": "Point", "coordinates": [ 135.359981199681556, 34.834981113058561 ] } },
{ "type": "Feature", "properties": { "P29_001": "28227", "P29_002": "B128210007476", "P29_003": "16001", "P29_004": "宍粟市立蔦沢小学校", "P29_005": "兵庫県宍粟市山崎町宇野419-1", "P29_006": "3", "P29_007": "1", "P29_008": "00", "P29_009": null }, "geometry": { "type": "Point", "coordinates": [ 134.522556020037086, 35.033352613864132 ] } },
{ "type": "Feature", "properties": { "P29_001": "28202", "P29_002": "B128310000051", "P29_003": "16001", "P29_004": "百合学院小学校", "P29_005": "兵庫県尼崎市若王寺2-18-2", "P29_006": "4", "P29_007": "1", "P29_008": "00", "P29_009": null }, "geometry": { "type": "Point", "coordinates": [ 135.439874417324546, 34.747476139236632 ] } }
]
}
