{
"type": "FeatureCollection",
"name": "geo_28_幼稚園",
"crs": { "type": "name", "properties": { "name": "urn:ogc:def:crs:EPSG::6668" } },
"features": [
{ "type": "Feature", "properties": { "P29_001": "28203", "P29_002": "A128110000011", "P29_003": "16011", "P29_004": "神戸大学附属幼稚園", "P29_005": "兵庫県明石市山下町3-4", "P29_006": "1", "P29_007": "0", "P29_008": "00", "P29_009": null }, "geometry": { "type": "Point", "coordinates": [ 134.99863946356686, 34.649401131841294 ] } },
{ "type": "Feature", "properties": { "P29_001": "28207", "P29_002": "A128210000019", "P29_003": "16011", "P29_004": "伊丹市立伊丹幼稚園ありおか分園", "P29_005": "兵庫県伊丹市伊丹7-1-30", "P29_006": "3", "P29_007": "0", "P29_008": "00", "P29_009": null }, "geometry": { "type": "Point", "coordinates": [ 135.421335611108276, 34.774683633192893 ] } },
{ "type": "Feature", "properties": { "P29_001": "28101", "P29_002": "A128210000028", "P29_003": "16011", "P29_004": "神戸市立東灘のぞみ幼稚園", "P29_005": "兵庫県神戸市東灘区深江北町3-11-3", "P29_006": "3", "P29_007": "0", "P29_008": "00", "P29_009": null }, "geometry": { "type": "Point", "coordinates": [ 135.292944120305037, 34.725385829305864 ] } },
{ "type": "Feature", "properties": { "P29_001": "28101", "P29_002": "A128210000037", "P29_003": "16011", "P29_004": "神戸市立魚崎幼稚園", "P29_005": "兵庫県神戸市東灘区魚崎中町4-10-39", "P29_006": "3", "P29_007": "0", "P29_008": "00", "P29_009": null }, "geometry": { "type": "Point", "coordinates": [ 135.269840061865779, 34.714862822309279 ] } },
{ "type": "Feature", "properties": { "P29_001": "28101", "P29_002": "A128210000046", "P29_003": "16011", "P29_004": "神戸市立御影幼稚園", "P29_005": "兵庫県神戸市東灘区御影石町3-13-1", "P29_006": "3", "P29_007": "0", "P29_008": "00", "P29_009": null }, "geometry": { "type": "Point", "coordinates": [ 135.25134044124718, 34.715548757388817 ] } },
{ "type": "Feature", "properties": { "P29_001": "28108", "P29_002": "A128210000055", "P29_003": "16011", "P29_004": "神戸市立たるみ幼稚園", "P29_005": "兵庫県神戸市垂水区高丸6-3-1", "P29_006": "3", "P29_007": "0", "P29_008": "00", "P29_009": null }, "geometry": { "type": "Point", "coordinates": [ 135.05583626217981, 34.638416081274862 ] } },
{ "type": "Feature", "properties": { "P29_001": "28102", "P29_002": "A128210000073", "P29_003": "16011", "P29_004": "神戸市立灘すずかけ幼稚園", "P29_005": "兵庫県神戸市灘区大石東町6-2-2", "P29_006": "3", "P29_007": "0", "P29_008": "00", "P29_009": null }, "geometry": { "type": "Point", "coordinates": [ 135.233825704344582, 34.706941198036247 ] } },
{ "type": "Feature", "properties": { "P29_001": "28110", "P29_002": "A128210000082", "P29_003": "16011", "P29_004": "神戸市立あづま幼稚園", "P29_005": "兵庫県神戸市中央区吾妻通4-1-6", "P29_006": "3", "P29_007": "0", "P29_008": "00", "P29_009": null }, "geometry": { "type": "Point", "coordinates": [ 135.204758060068571, 34.698015500624635 ] } },
{ "type": "Feature", "properties": { "P29_001": "28110", "P29_002": "A128210000108", "P29_003": "16011", "P29_004": "神戸市立神戸幼稚園", "P29_005": "兵庫県神戸市中央区北長狭通4-9-17", "P29_006": "3", "P29_007": "0", "P29_008": "00", "P29_009": null }, "geometry": { "type": "Point", "coordinates": [ 135.185821722035485, 34.690836814997049 ] } },
{ "type": "Feature", "properties": { "P29_001": "28105", "P29_002": "A128210000117", "P29_003": "16011", "P29_004": "神戸市立兵庫くすのき幼稚園", "P29_005": "兵庫県神戸市兵庫区永沢町3-7-12", "P29_006": "3", "P29_007": "0", "P29_008": "00", "P29_009": null }, "geometry": { "type": "Point", "coordinates": [ 135.171015370992279, 34.674086082658683 ] } },
{ "type": "Feature", "properties": { "P29_001": "28111", "P29_002": "A128210000126", "P29_003": "16011", "P29_004": "神戸市立おしんべ幼稚園", "P29_005": "兵庫県神戸市西区押部谷町西盛174", "P29_006": "3", "P29_007": "0", "P29_008": "00", "P29_009": null }, "geometry": { "type": "Point", "coordinates": [ 135.036322370829396, 34.754491113386223 ] } },
{ "type": "Feature", "properties": { "P29_001": "28111", "P29_002": "A128210000135", "P29_003": "16011", "P29_004": "神戸市立たまつ幼稚園", "P29_005": "兵庫県神戸市西区玉津町出合字古瀬183-5", "P29_006": "3", "P29_007": "0", "P29_008": "00", "P29_009": null }, "geometry": { "type": "Point", "coordinates": [ 134.983158142769213, 34.674419340378805 ] } },
{ "type": "Feature", "properties": { "P29_001": "28106", "P29_002": "A128210000144", "P29_003": "16011", "P29_004": "神戸市立西野幼稚園", "P29_005": "兵庫県神戸市長田区重池町1-10-8", "P29_006": "3", "P29_007": "0", "P29_008": "00", "P29_009": null }, "geometry": { "type": "Point", "coordinates": [ 135.154783378614411, 34.675638898494626 ] } },
{ "type": "Feature", "properties": { "P29_001": "28107", "P29_002": "A128210000153", "P29_003": "16011", "P29_004": "神戸市立名谷きぼうの丘幼稚園", "P29_005": "兵庫県神戸市須磨区東落合2-18-1", "P29_006": "3", "P29_007": "0", "P29_008": "00", "P29_009": null }, "geometry": { "type": "Point", "coordinates": [ 135.100974886201385, 34.685682837067063 ] } },
{ "type": "Feature", "properties": { "P29_001": "28111", "P29_002": "A128210000171", "P29_003": "16011", "P29_004": "神戸市立玉津第二幼稚園", "P29_005": "兵庫県神戸市西区玉津町新方字南方452-3", "P29_006": "3", "P29_007": "0", "P29_008": "00", "P29_009": null }, "geometry": { "type": "Point", "coordinates": [ 134.98971569831906, 34.661141547322025 ] } },
{ "type": "Feature", "properties": { "P29_001": "28111", "P29_002": "A128210000180", "P29_003": "16011", "P29_004": "神戸市立平野幼稚園", "P29_005": "兵庫県神戸市西区平野町宮前字広畑275-1", "P29_006": "3", "P29_007": "0", "P29_008": "00", "P29_009": null }, "geometry": { "type": "Point", "coordinates": [ 134.980612084664784, 34.705259805954448 ] } },
{ "type": "Feature", "properties": { "P29_001": "28111", "P29_002": "A128210000199", "P29_003": "16011", "P29_004": "神戸市立神出幼稚園", "P29_005": "兵庫県神戸市西区神出町田井425-2", "P29_006": "3", "P29_007": "0", "P29_008": "00", "P29_009": null }, "geometry": { "type": "Point", "coordinates": [ 134.987013939212858, 34.747309336924488 ] } },
{ "type": "Feature", "properties": { "P29_001": "28111", "P29_002": "A128210000206", "P29_003": "16011", "P29_004": "神戸市立櫨谷幼稚園", "P29_005": "兵庫県神戸市西区櫨谷町池谷字山の谷203-2", "P29_006": "3", "P29_007": "0", "P29_008": "00", "P29_009": null }, "geometry": { "type": "Point", "coordinates": [ 135.024998089022489, 34.709729710231088 ] } },
{ "type": "Feature", "properties": { "P29_001": "28108", "P29_002": "A128210000233", "P29_003": "16011", "P29_004": "神戸市立小束山幼稚園", "P29_005": "兵庫県神戸市垂水区小束山7-868-735", "P29_006": "3", "P29_007": "0", "P29_008": "00", "P29_009": null }, "geometry": { "type": "Point", "coordinates": [ 135.059859917185179, 34.66661407661141 ] } },
{ "type": "Feature", "properties": { "P29_001": "28108", "P29_002": "A128210000242", "P29_003": "16011", "P29_004": "神戸市立青山台こばと幼稚園", "P29_005": "兵庫県神戸市垂水区青山台4-8-30", "P29_006": "3", "P29_007": "0", "P29_008": "00", "P29_009": null }, "geometry": { "type": "Point", "coordinates": [ 135.071937811641021, 34.642584619765501 ] } },
{ "type": "Feature", "properties": { "P29_001": "28109", "P29_002": "A128210000251", "P29_003": "16011", "P29_004": "神戸市立有野幼稚園", "P29_005": "兵庫県神戸市北区有野中町1-7-8", "P29_006": "3", "P29_007": "0", "P29_008": "00", "P29_009": null }, "geometry": { "type": "Point", "coordinates": [ 135.222265122537237, 34.819762098298931 ] } },
{ "type": "Feature", "properties": { "P29_001": "28109", "P29_002": "A128210000260", "P29_003": "16011", "P29_004": "神戸市立からと幼稚園", "P29_005": "兵庫県神戸市北区唐櫃台2-38-10", "P29_006": "3", "P29_007": "0", "P29_008": "00", "P29_009": null }, "geometry": { "type": "Point", "coordinates": [ 135.21490311008921, 34.790529348033573 ] } },
{ "type": "Feature", "properties": { "P29_001": "28109", "P29_002": "A128210000279", "P29_003": "16011", "P29_004": "神戸市立山田幼稚園", "P29_005": "兵庫県神戸市北区山田町中字長尾サ18", "P29_006": "3", "P29_007": "0", "P29_008": "00", "P29_009": null }, "geometry": { "type": "Point", "coordinates": [ 135.131759810968589, 34.76595640423924 ] } },
{ "type": "Feature", "properties": { "P29_001": "28109", "P29_002": "A128210000297", "P29_003": "16011", "P29_004": "神戸市立八多幼稚園", "P29_005": "兵庫県神戸市北区八多町附物383-1", "P29_006": "3", "P29_007": "0", "P29_008": "00", "P29_009": null }, "geometry": { "type": "Point", "coordinates": [ 135.196529880684295, 34.822258630612964 ] } },
{ "type": "Feature", "properties": { "P29_001": "28111", "P29_002": "A128210000340", "P29_003": "16011", "P29_004": "神戸市立いかわ幼稚園", "P29_005": "兵庫県神戸市西区伊川谷町別府1342", "P29_006": "3", "P29_007": "0", "P29_008": "00", "P29_009": null }, "geometry": { "type": "Point", "coordinates": [ 135.019641756583951, 34.675718880763164 ] } },
{ "type": "Feature", "properties": { "P29_001": "28201", "P29_002": "A128210000359", "P29_003": "16011", "P29_004": "姫路市立水上幼稚園", "P29_005": "兵庫県姫路市保城5-4", "P29_006": "3", "P29_007": "0", "P29_008": "00", "P29_009": null }, "geometry": { "type": "Point", "coordinates": [ 134.713895588907036, 34.85403491696924 ] } },
{ "type": "Feature", "properties": { "P29_001": "28201", "P29_002": "A128210000368", "P29_003": "16011", "P29_004": "姫路市立城西幼稚園", "P29_005": "兵庫県姫路市新在家3-5-1", "P29_006": "3", "P29_007": "0", "P29_008": "00", "P29_009": null }, "geometry": { "type": "Point", "coordinates": [ 134.683400441935817, 34.845134353355093 ] } },
{ "type": "Feature", "properties": { "P29_001": "28201", "P29_002": "A128210000377", "P29_003": "16011", "P29_004": "姫路市立高岡幼稚園", "P29_005": "兵庫県姫路市西今宿4-4-20", "P29_006": "3", "P29_007": "0", "P29_008": "00", "P29_009": null }, "geometry": { "type": "Point", "coordinates": [ 134.664090336178674, 34.844386639772132 ] } },
{ "type": "Feature", "properties": { "P29_001": "28201", "P29_002": "A128210000386", "P29_003": "16011", "P29_004": "姫路市立曽左幼稚園", "P29_005": "兵庫県姫路市書写台1-62-1", "P29_006": "3", "P29_007": "0", "P29_008": "00", "P29_009": null }, "geometry": { "type": "Point", "coordinates": [ 134.649447729279984, 34.874089546641187 ] } },
{ "type": "Feature", "properties": { "P29_001": "28201", "P29_002": "A128210000395", "P29_003": "16011", "P29_004": "姫路市立城東幼稚園", "P29_005": "兵庫県姫路市城東町野田1-2", "P29_006": "3", "P29_007": "0", "P29_008": "00", "P29_009": null }, "geometry": { "type": "Point", "coordinates": [ 134.70863173909953, 34.834552434987252 ] } },
{ "type": "Feature", "properties": { "P29_001": "28201", "P29_002": "A128210000402", "P29_003": "16011", "P29_004": "姫路市立城陽幼稚園", "P29_005": "兵庫県姫路市北条1064", "P29_006": "3", "P29_007": "0", "P29_008": "00", "P29_009": null }, "geometry": { "type": "Point", "coordinates": [ 134.698890254101315, 34.821065795559413 ] } },
{ "type": "Feature", "properties": { "P29_001": "28201", "P29_002": "A128210000420", "P29_003": "16011", "P29_004": "姫路市立荒川幼稚園", "P29_005": "兵庫県姫路市町坪127", "P29_006": "3", "P29_007": "0", "P29_008": "00", "P29_009": null }, "geometry": { "type": "Point", "coordinates": [ 134.658500309674935, 34.821172335763848 ] } },
{ "type": "Feature", "properties": { "P29_001": "28201", "P29_002": "A128210000439", "P29_003": "16011", "P29_004": "姫路市立糸引幼稚園", "P29_005": "兵庫県姫路市東山91-18", "P29_006": "3", "P29_007": "0", "P29_008": "00", "P29_009": null }, "geometry": { "type": "Point", "coordinates": [ 134.716524819294364, 34.79450800855053 ] } },
{ "type": "Feature", "properties": { "P29_001": "28201", "P29_002": "A128210000448", "P29_003": "16011", "P29_004": "姫路市立白浜幼稚園", "P29_005": "兵庫県姫路市白浜町甲842-2", "P29_006": "3", "P29_007": "0", "P29_008": "00", "P29_009": null }, "geometry": { "type": "Point", "coordinates": [ 134.703680403561293, 34.78367060479826 ] } },
{ "type": "Feature", "properties": { "P29_001": "28201", "P29_002": "A128210000457", "P29_003": "16011", "P29_004": "姫路市立高浜幼稚園", "P29_005": "兵庫県姫路市飾磨区阿成鹿古307", "P29_006": "3", "P29_007": "0", "P29_008": "00", "P29_009": null }, "geometry": { "type": "Point", "coordinates": [ 134.686998401096076, 34.801130697476523 ] } },
{ "type": "Feature", "properties": { "P29_001": "28201", "P29_002": "A128210000466", "P29_003": "16011", "P29_004": "姫路市立飾磨幼稚園", "P29_005": "兵庫県姫路市飾磨区恵美酒22", "P29_006": "3", "P29_007": "0", "P29_008": "00", "P29_009": null }, "geometry": { "type": "Point", "coordinates": [ 134.67205536511571, 34.797745453466653 ] } },
{ "type": "Feature", "properties": { "P29_001": "28201", "P29_002": "A128210000475", "P29_003": "16011", "P29_004": "姫路市立英賀保幼稚園", "P29_005": "兵庫県姫路市飾磨区英賀清水町2-73", "P29_006": "3", "P29_007": "0", "P29_008": "00", "P29_009": null }, "geometry": { "type": "Point", "coordinates": [ 134.644452629365617, 34.806182093422102 ] } },
{ "type": "Feature", "properties": { "P29_001": "28201", "P29_002": "A128210000493", "P29_003": "16011", "P29_004": "姫路市立広畑第二幼稚園", "P29_005": "兵庫県姫路市広畑区高浜町3-35", "P29_006": "3", "P29_007": "0", "P29_008": "00", "P29_009": null }, "geometry": { "type": "Point", "coordinates": [ 134.620461619131305, 34.801288175361663 ] } },
{ "type": "Feature", "properties": { "P29_001": "28201", "P29_002": "A128210000509", "P29_003": "16011", "P29_004": "姫路市立大津幼稚園", "P29_005": "兵庫県姫路市大津区天満1606", "P29_006": "3", "P29_007": "0", "P29_008": "00", "P29_009": null }, "geometry": { "type": "Point", "coordinates": [ 134.607200007494072, 34.797612683497164 ] } },
{ "type": "Feature", "properties": { "P29_001": "28201", "P29_002": "A128210000518", "P29_003": "16011", "P29_004": "姫路市立網干幼稚園", "P29_005": "兵庫県姫路市網干区興浜16", "P29_006": "3", "P29_007": "0", "P29_008": "00", "P29_009": null }, "geometry": { "type": "Point", "coordinates": [ 134.586011835715283, 34.780883926871141 ] } },
{ "type": "Feature", "properties": { "P29_001": "28201", "P29_002": "A128210000527", "P29_003": "16011", "P29_004": "姫路市立勝原幼稚園", "P29_005": "兵庫県姫路市勝原区丁715-1", "P29_006": "3", "P29_007": "0", "P29_008": "00", "P29_009": null }, "geometry": { "type": "Point", "coordinates": [ 134.596719834940188, 34.814692168498667 ] } },
{ "type": "Feature", "properties": { "P29_001": "28201", "P29_002": "A128210000536", "P29_003": "16011", "P29_004": "姫路市立旭陽幼稚園", "P29_005": "兵庫県姫路市網干区坂上430-3", "P29_006": "3", "P29_007": "0", "P29_008": "00", "P29_009": null }, "geometry": { "type": "Point", "coordinates": [ 134.586713540021293, 34.801600672053389 ] } },
{ "type": "Feature", "properties": { "P29_001": "28201", "P29_002": "A128210000545", "P29_003": "16011", "P29_004": "姫路市立花田幼稚園", "P29_005": "兵庫県姫路市花田町加納原田956", "P29_006": "3", "P29_007": "0", "P29_008": "00", "P29_009": null }, "geometry": { "type": "Point", "coordinates": [ 134.726101077691993, 34.835017259155329 ] } },
{ "type": "Feature", "properties": { "P29_001": "28201", "P29_002": "A128210000554", "P29_003": "16011", "P29_004": "姫路市立御国野幼稚園", "P29_005": "兵庫県姫路市御国野町御着1049-3", "P29_006": "3", "P29_007": "0", "P29_008": "00", "P29_009": null }, "geometry": { "type": "Point", "coordinates": [ 134.741752826863916, 34.819899234151357 ] } },
{ "type": "Feature", "properties": { "P29_001": "28201", "P29_002": "A128210000590", "P29_003": "16011", "P29_004": "姫路市立豊富幼稚園", "P29_005": "兵庫県姫路市豊富町御蔭1113-3", "P29_006": "3", "P29_007": "0", "P29_008": "00", "P29_009": null }, "geometry": { "type": "Point", "coordinates": [ 134.747050228914759, 34.88238419713759 ] } },
{ "type": "Feature", "properties": { "P29_001": "28201", "P29_002": "A128210000607", "P29_003": "16011", "P29_004": "姫路市立大塩幼稚園", "P29_005": "兵庫県姫路市大塩町汐咲2-20-2", "P29_006": "3", "P29_007": "0", "P29_008": "00", "P29_009": null }, "geometry": { "type": "Point", "coordinates": [ 134.755394874264596, 34.779357016820633 ] } },
{ "type": "Feature", "properties": { "P29_001": "28201", "P29_002": "A128210000616", "P29_003": "16011", "P29_004": "姫路市立広峰幼稚園", "P29_005": "兵庫県姫路市北平野2-9-20", "P29_006": "3", "P29_007": "0", "P29_008": "00", "P29_009": null }, "geometry": { "type": "Point", "coordinates": [ 134.694037420575427, 34.860214821920593 ] } },
{ "type": "Feature", "properties": { "P29_001": "28201", "P29_002": "A128210000625", "P29_003": "16011", "P29_004": "姫路市立津田幼稚園", "P29_005": "兵庫県姫路市飾磨区加茂347", "P29_006": "3", "P29_007": "0", "P29_008": "00", "P29_009": null }, "geometry": { "type": "Point", "coordinates": [ 134.659141458404662, 34.803028965735734 ] } },
{ "type": "Feature", "properties": { "P29_001": "28201", "P29_002": "A128210000634", "P29_003": "16011", "P29_004": "姫路市立安室東幼稚園", "P29_005": "兵庫県姫路市辻井8-18-1", "P29_006": "3", "P29_007": "0", "P29_008": "00", "P29_009": null }, "geometry": { "type": "Point", "coordinates": [ 134.672629893045212, 34.854300664222727 ] } },
{ "type": "Feature", "properties": { "P29_001": "28201", "P29_002": "A128210000643", "P29_003": "16011", "P29_004": "姫路市立城乾幼稚園", "P29_005": "兵庫県姫路市南八代町6-53", "P29_006": "3", "P29_007": "0", "P29_008": "00", "P29_009": null }, "geometry": { "type": "Point", "coordinates": [ 134.687584547235303, 34.843959799235456 ] } },
{ "type": "Feature", "properties": { "P29_001": "28202", "P29_002": "A128210000661", "P29_003": "16011", "P29_004": "尼崎市立竹谷幼稚園", "P29_005": "兵庫県尼崎市北竹谷町2-36", "P29_006": "3", "P29_007": "0", "P29_008": "00", "P29_009": null }, "geometry": { "type": "Point", "coordinates": [ 135.405194384165753, 34.720640717301016 ] } },
{ "type": "Feature", "properties": { "P29_001": "28202", "P29_002": "A128210000670", "P29_003": "16011", "P29_004": "尼崎市立長洲幼稚園", "P29_005": "兵庫県尼崎市長洲東通3-7-48", "P29_006": "3", "P29_007": "0", "P29_008": "00", "P29_009": null }, "geometry": { "type": "Point", "coordinates": [ 135.432304740540758, 34.720651811895202 ] } },
{ "type": "Feature", "properties": { "P29_001": "28202", "P29_002": "A128210000689", "P29_003": "16011", "P29_004": "尼崎市立大島幼稚園", "P29_005": "兵庫県尼崎市稲葉荘1-9-25", "P29_006": "3", "P29_007": "0", "P29_008": "00", "P29_009": null }, "geometry": { "type": "Point", "coordinates": [ 135.385943367201435, 34.732443348206438 ] } },
{ "type": "Feature", "properties": { "P29_001": "28202", "P29_002": "A128210000698", "P29_003": "16011", "P29_004": "尼崎市立立花幼稚園", "P29_005": "兵庫県尼崎市栗山町2-26-2", "P29_006": "3", "P29_007": "0", "P29_008": "00", "P29_009": null }, "geometry": { "type": "Point", "coordinates": [ 135.405204706817926, 34.745133096801624 ] } },
{ "type": "Feature", "properties": { "P29_001": "28202", "P29_002": "A128210000705", "P29_003": "16011", "P29_004": "尼崎市立塚口幼稚園", "P29_005": "兵庫県尼崎市塚口町2-13-9", "P29_006": "3", "P29_007": "0", "P29_008": "00", "P29_009": null }, "geometry": { "type": "Point", "coordinates": [ 135.413050975641738, 34.757746013563128 ] } },
{ "type": "Feature", "properties": { "P29_001": "28202", "P29_002": "A128210000714", "P29_003": "16011", "P29_004": "尼崎市立武庫幼稚園", "P29_005": "兵庫県尼崎市武庫元町2-25-9", "P29_006": "3", "P29_007": "0", "P29_008": "00", "P29_009": null }, "geometry": { "type": "Point", "coordinates": [ 135.381018715398682, 34.758897818085543 ] } },
{ "type": "Feature", "properties": { "P29_001": "28202", "P29_002": "A128210000723", "P29_003": "16011", "P29_004": "尼崎市立園田幼稚園", "P29_005": "兵庫県尼崎市口田中1-2-17", "P29_006": "3", "P29_007": "0", "P29_008": "00", "P29_009": null }, "geometry": { "type": "Point", "coordinates": [ 135.433243626162607, 34.754722414280337 ] } },
{ "type": "Feature", "properties": { "P29_001": "28202", "P29_002": "A128210000732", "P29_003": "16011", "P29_004": "尼崎市立園和北幼稚園", "P29_005": "兵庫県尼崎市東園田町3-76-1", "P29_006": "3", "P29_007": "0", "P29_008": "00", "P29_009": null }, "geometry": { "type": "Point", "coordinates": [ 135.442681464576168, 34.761388859919983 ] } },
{ "type": "Feature", "properties": { "P29_001": "28202", "P29_002": "A128210000741", "P29_003": "16011", "P29_004": "尼崎市立小園幼稚園", "P29_005": "兵庫県尼崎市小中島3-17-3", "P29_006": "3", "P29_007": "0", "P29_008": "00", "P29_009": null }, "geometry": { "type": "Point", "coordinates": [ 135.442556706102522, 34.745960226799966 ] } },
{ "type": "Feature", "properties": { "P29_001": "28203", "P29_002": "A128210000787", "P29_003": "16011", "P29_004": "明石市立王子幼稚園", "P29_005": "兵庫県明石市王子1-1-1", "P29_006": "3", "P29_007": "0", "P29_008": "00", "P29_009": null }, "geometry": { "type": "Point", "coordinates": [ 134.982101965915433, 34.656230869194935 ] } },
{ "type": "Feature", "properties": { "P29_001": "28203", "P29_002": "A128210000812", "P29_003": "16011", "P29_004": "明石市立藤江幼稚園", "P29_005": "兵庫県明石市藤江235", "P29_006": "3", "P29_007": "0", "P29_008": "00", "P29_009": null }, "geometry": { "type": "Point", "coordinates": [ 134.952873757012441, 34.657555577592206 ] } },
{ "type": "Feature", "properties": { "P29_001": "28203", "P29_002": "A128210000821", "P29_003": "16011", "P29_004": "明石市立花園幼稚園", "P29_005": "兵庫県明石市西明石南町1-1-10", "P29_006": "3", "P29_007": "0", "P29_008": "00", "P29_009": null }, "geometry": { "type": "Point", "coordinates": [ 134.962785377450672, 34.661722589442029 ] } },
{ "type": "Feature", "properties": { "P29_001": "28203", "P29_002": "A128210000830", "P29_003": "16011", "P29_004": "明石市立貴崎幼稚園", "P29_005": "兵庫県明石市貴崎5-6-9", "P29_006": "3", "P29_007": "0", "P29_008": "00", "P29_009": null }, "geometry": { "type": "Point", "coordinates": [ 134.960054042484074, 34.656829020718504 ] } },
{ "type": "Feature", "properties": { "P29_001": "28203", "P29_002": "A128210000858", "P29_003": "16011", "P29_004": "明石市立山手幼稚園", "P29_005": "兵庫県明石市大久保町大窪1600", "P29_006": "3", "P29_007": "0", "P29_008": "00", "P29_009": null }, "geometry": { "type": "Point", "coordinates": [ 134.940628132644008, 34.693199470893582 ] } },
{ "type": "Feature", "properties": { "P29_001": "28203", "P29_002": "A128210000867", "P29_003": "16011", "P29_004": "明石市立谷八木幼稚園", "P29_005": "兵庫県明石市大久保町谷八木878", "P29_006": "3", "P29_007": "0", "P29_008": "00", "P29_009": null }, "geometry": { "type": "Point", "coordinates": [ 134.937229596551816, 34.668499617244059 ] } },
{ "type": "Feature", "properties": { "P29_001": "28203", "P29_002": "A128210000894", "P29_003": "16011", "P29_004": "明石市立錦浦幼稚園", "P29_005": "兵庫県明石市魚住町西岡1349", "P29_006": "3", "P29_007": "0", "P29_008": "00", "P29_009": null }, "geometry": { "type": "Point", "coordinates": [ 134.898873999406248, 34.689308021300832 ] } },
{ "type": "Feature", "properties": { "P29_001": "28203", "P29_002": "A128210000901", "P29_003": "16011", "P29_004": "明石市立播陽幼稚園", "P29_005": "兵庫県明石市中崎1-4-10", "P29_006": "3", "P29_007": "0", "P29_008": "00", "P29_009": null }, "geometry": { "type": "Point", "coordinates": [ 135.000419885692736, 34.643156059609126 ] } },
{ "type": "Feature", "properties": { "P29_001": "28203", "P29_002": "A128210000910", "P29_003": "16011", "P29_004": "明石市立松が丘幼稚園", "P29_005": "兵庫県明石市3-1-1", "P29_006": "3", "P29_007": "0", "P29_008": "00", "P29_009": null }, "geometry": { "type": "Point", "coordinates": [ 135.02530648766006, 34.656825323187981 ] } },
{ "type": "Feature", "properties": { "P29_001": "28203", "P29_002": "A128210000929", "P29_003": "16011", "P29_004": "明石市立朝霧幼稚園", "P29_005": "兵庫県明石市朝霧東町1-2-45", "P29_006": "3", "P29_007": "0", "P29_008": "00", "P29_009": null }, "geometry": { "type": "Point", "coordinates": [ 135.019724726677055, 34.653035819820758 ] } },
{ "type": "Feature", "properties": { "P29_001": "28203", "P29_002": "A128210000938", "P29_003": "16011", "P29_004": "明石市立二見北幼稚園", "P29_005": "兵庫県明石市二見町福里274", "P29_006": "3", "P29_007": "0", "P29_008": "00", "P29_009": null }, "geometry": { "type": "Point", "coordinates": [ 134.891703505250661, 34.710851138697272 ] } },
{ "type": "Feature", "properties": { "P29_001": "28203", "P29_002": "A128210000947", "P29_003": "16011", "P29_004": "明石市立錦が丘幼稚園", "P29_005": "兵庫県明石市魚住町錦が丘1-17-5", "P29_006": "3", "P29_007": "0", "P29_008": "00", "P29_009": null }, "geometry": { "type": "Point", "coordinates": [ 134.911950094971729, 34.695495530419194 ] } },
{ "type": "Feature", "properties": { "P29_001": "28203", "P29_002": "A128210000956", "P29_003": "16011", "P29_004": "明石市立高丘東幼稚園", "P29_005": "兵庫県明石市大久保町高丘3-2", "P29_006": "3", "P29_007": "0", "P29_008": "00", "P29_009": null }, "geometry": { "type": "Point", "coordinates": [ 134.951072433146663, 34.700843026456305 ] } },
{ "type": "Feature", "properties": { "P29_001": "28203", "P29_002": "A128210000965", "P29_003": "16011", "P29_004": "明石市立高丘西幼稚園", "P29_005": "兵庫県明石市大久保町高丘7-23", "P29_006": "3", "P29_007": "0", "P29_008": "00", "P29_009": null }, "geometry": { "type": "Point", "coordinates": [ 134.940869166930185, 34.703526068943795 ] } },
{ "type": "Feature", "properties": { "P29_001": "28203", "P29_002": "A128210000983", "P29_003": "16011", "P29_004": "明石市立沢池幼稚園", "P29_005": "兵庫県明石市明南町3-3-1", "P29_006": "3", "P29_007": "0", "P29_008": "00", "P29_009": null }, "geometry": { "type": "Point", "coordinates": [ 134.966163784106186, 34.676870960523672 ] } },
{ "type": "Feature", "properties": { "P29_001": "28203", "P29_002": "A128210000992", "P29_003": "16011", "P29_004": "明石市立和坂幼稚園", "P29_005": "兵庫県明石市和坂2-12-1", "P29_006": "3", "P29_007": "0", "P29_008": "00", "P29_009": null }, "geometry": { "type": "Point", "coordinates": [ 134.970995670649728, 34.66135117737285 ] } },
{ "type": "Feature", "properties": { "P29_001": "28203", "P29_002": "A128210001018", "P29_003": "16011", "P29_004": "明石市立大久保南幼稚園", "P29_005": "兵庫県明石市大久保町ゆりのき通3-1", "P29_006": "3", "P29_007": "0", "P29_008": "00", "P29_009": null }, "geometry": { "type": "Point", "coordinates": [ 134.938219774990387, 34.6770369815059 ] } },
{ "type": "Feature", "properties": { "P29_001": "28204", "P29_002": "A128210001027", "P29_003": "16011", "P29_004": "西宮市立浜脇幼稚園", "P29_005": "兵庫県西宮市宮前町8-22", "P29_006": "3", "P29_007": "0", "P29_008": "00", "P29_009": null }, "geometry": { "type": "Point", "coordinates": [ 135.333562991998264, 34.733095379714683 ] } },
{ "type": "Feature", "properties": { "P29_001": "28204", "P29_002": "A128210001036", "P29_003": "16011", "P29_004": "西宮市立大社幼稚園", "P29_005": "兵庫県西宮市柳本町1-8", "P29_006": "3", "P29_007": "0", "P29_008": "00", "P29_009": null }, "geometry": { "type": "Point", "coordinates": [ 135.341419401973837, 34.747491724076781 ] } },
{ "type": "Feature", "properties": { "P29_001": "28204", "P29_002": "A128210001045", "P29_003": "16011", "P29_004": "西宮市立上ケ原幼稚園", "P29_005": "兵庫県西宮市上ヶ原三番町6-27", "P29_006": "3", "P29_007": "0", "P29_008": "00", "P29_009": null }, "geometry": { "type": "Point", "coordinates": [ 135.344485709709517, 34.766185595162447 ] } },
{ "type": "Feature", "properties": { "P29_001": "28204", "P29_002": "A128210001054", "P29_003": "16011", "P29_004": "西宮市立今津幼稚園", "P29_005": "兵庫県西宮市今津二葉町4-10", "P29_006": "3", "P29_007": "0", "P29_008": "00", "P29_009": null }, "geometry": { "type": "Point", "coordinates": [ 135.353276001358097, 34.727008406032205 ] } },
{ "type": "Feature", "properties": { "P29_001": "28204", "P29_002": "A128210001063", "P29_003": "16011", "P29_004": "西宮市立鳴尾東幼稚園", "P29_005": "兵庫県西宮市笠屋町30-47", "P29_006": "3", "P29_007": "0", "P29_008": "00", "P29_009": null }, "geometry": { "type": "Point", "coordinates": [ 135.372652276045983, 34.711733158295836 ] } },
{ "type": "Feature", "properties": { "P29_001": "28204", "P29_002": "A128210001072", "P29_003": "16011", "P29_004": "西宮市立浜甲子園幼稚園", "P29_005": "兵庫県西宮市枝川町12-3", "P29_006": "3", "P29_007": "0", "P29_008": "00", "P29_009": null }, "geometry": { "type": "Point", "coordinates": [ 135.363457365058707, 34.710891219609302 ] } },
{ "type": "Feature", "properties": { "P29_001": "28204", "P29_002": "A128210001081", "P29_003": "16011", "P29_004": "西宮市立鳴尾北幼稚園", "P29_005": "兵庫県西宮市花園町10-20", "P29_006": "3", "P29_007": "0", "P29_008": "00", "P29_009": null }, "geometry": { "type": "Point", "coordinates": [ 135.369561874680159, 34.724366507176391 ] } },
{ "type": "Feature", "properties": { "P29_001": "28204", "P29_002": "A128210001090", "P29_003": "16011", "P29_004": "西宮市立山口幼稚園", "P29_005": "兵庫県西宮市山口町下山口4-1-5", "P29_006": "3", "P29_007": "0", "P29_008": "00", "P29_009": null }, "geometry": { "type": "Point", "coordinates": [ 135.239769473799328, 34.828296780800727 ] } },
{ "type": "Feature", "properties": { "P29_001": "28204", "P29_002": "A128210001107", "P29_003": "16011", "P29_004": "西宮市立名塩幼稚園", "P29_005": "兵庫県西宮市名塩1-41-15", "P29_006": "3", "P29_007": "0", "P29_008": "00", "P29_009": null }, "geometry": { "type": "Point", "coordinates": [ 135.296214889113884, 34.830525245178912 ] } },
{ "type": "Feature", "properties": { "P29_001": "28204", "P29_002": "A128210001125", "P29_003": "16011", "P29_004": "西宮市立夙川幼稚園", "P29_005": "兵庫県西宮市松ヶ丘町9-23", "P29_006": "3", "P29_007": "0", "P29_008": "00", "P29_009": null }, "geometry": { "type": "Point", "coordinates": [ 135.320174105781973, 34.749273854737154 ] } },
{ "type": "Feature", "properties": { "P29_001": "28204", "P29_002": "A128210001134", "P29_003": "16011", "P29_004": "西宮市立高木幼稚園", "P29_005": "兵庫県西宮市伏原町3-40", "P29_006": "3", "P29_007": "0", "P29_008": "00", "P29_009": null }, "geometry": { "type": "Point", "coordinates": [ 135.360653477186105, 34.753788498982068 ] } },
{ "type": "Feature", "properties": { "P29_001": "28204", "P29_002": "A128210001143", "P29_003": "16011", "P29_004": "西宮市立春風幼稚園", "P29_005": "兵庫県西宮市今津野田町2-6", "P29_006": "3", "P29_007": "0", "P29_008": "00", "P29_009": null }, "geometry": { "type": "Point", "coordinates": [ 135.360051454771821, 34.731430500307908 ] } },
{ "type": "Feature", "properties": { "P29_001": "28204", "P29_002": "A128210001152", "P29_003": "16011", "P29_004": "西宮市立小松幼稚園", "P29_005": "兵庫県西宮市小松北町2-4-1", "P29_006": "3", "P29_007": "0", "P29_008": "00", "P29_009": null }, "geometry": { "type": "Point", "coordinates": [ 135.378639036096416, 34.725005577149631 ] } },
{ "type": "Feature", "properties": { "P29_001": "28204", "P29_002": "A128210001161", "P29_003": "16011", "P29_004": "西宮市立越木岩幼稚園", "P29_005": "兵庫県西宮市美作町6-10", "P29_006": "3", "P29_007": "0", "P29_008": "00", "P29_009": null }, "geometry": { "type": "Point", "coordinates": [ 135.320930051019928, 34.756136285303839 ] } },
{ "type": "Feature", "properties": { "P29_001": "28204", "P29_002": "A128210001170", "P29_003": "16011", "P29_004": "西宮市立瓦木幼稚園", "P29_005": "兵庫県西宮市中島町5-2", "P29_006": "3", "P29_007": "0", "P29_008": "00", "P29_009": null }, "geometry": { "type": "Point", "coordinates": [ 135.366365501740319, 34.740100648039018 ] } },
{ "type": "Feature", "properties": { "P29_001": "28204", "P29_002": "A128210001189", "P29_003": "16011", "P29_004": "西宮市立南甲子園幼稚園", "P29_005": "兵庫県西宮市南甲子園3-2-24", "P29_006": "3", "P29_007": "0", "P29_008": "00", "P29_009": null }, "geometry": { "type": "Point", "coordinates": [ 135.354159630796971, 34.720513270866093 ] } },
{ "type": "Feature", "properties": { "P29_001": "28204", "P29_002": "A128210001198", "P29_003": "16011", "P29_004": "西宮市立用海幼稚園", "P29_005": "兵庫県西宮市石在町17-29", "P29_006": "3", "P29_007": "0", "P29_008": "00", "P29_009": null }, "geometry": { "type": "Point", "coordinates": [ 135.341163274185078, 34.729615319366104 ] } },
{ "type": "Feature", "properties": { "P29_001": "28204", "P29_002": "A128210001205", "P29_003": "16011", "P29_004": "西宮市立門戸幼稚園", "P29_005": "兵庫県西宮市門戸東町3-25", "P29_006": "3", "P29_007": "0", "P29_008": "00", "P29_009": null }, "geometry": { "type": "Point", "coordinates": [ 135.357560064721042, 34.75995988913494 ] } },
{ "type": "Feature", "properties": { "P29_001": "28204", "P29_002": "A128210001223", "P29_003": "16011", "P29_004": "西宮市立子育て総合センター付属あおぞら幼稚園", "P29_005": "兵庫県西宮市津田町3-40", "P29_006": "3", "P29_007": "0", "P29_008": "00", "P29_009": null }, "geometry": { "type": "Point", "coordinates": [ 135.345653302465422, 34.740753190543266 ] } },
{ "type": "Feature", "properties": { "P29_001": "28205", "P29_002": "A128210001232", "P29_003": "16011", "P29_004": "洲本市立洲本幼稚園", "P29_005": "兵庫県洲本市山手2-1-7", "P29_006": "3", "P29_007": "0", "P29_008": "00", "P29_009": null }, "geometry": { "type": "Point", "coordinates": [ 134.900090751988245, 34.340389894261705 ] } },
{ "type": "Feature", "properties": { "P29_001": "28206", "P29_002": "A128210001250", "P29_003": "16011", "P29_004": "芦屋市立宮川幼稚園", "P29_005": "兵庫県芦屋市浜町1-20", "P29_006": "3", "P29_007": "0", "P29_008": "00", "P29_009": null }, "geometry": { "type": "Point", "coordinates": [ 135.315754888958196, 34.728461478179113 ] } },
{ "type": "Feature", "properties": { "P29_001": "28206", "P29_002": "A128210001269", "P29_003": "16011", "P29_004": "芦屋市立岩園幼稚園", "P29_005": "兵庫県芦屋市岩園町24-3", "P29_006": "3", "P29_007": "0", "P29_008": "00", "P29_009": null }, "geometry": { "type": "Point", "coordinates": [ 135.311242310169547, 34.744197530955311 ] } },
{ "type": "Feature", "properties": { "P29_001": "28206", "P29_002": "A128210001278", "P29_003": "16011", "P29_004": "芦屋市立小槌幼稚園", "P29_005": "兵庫県芦屋市打出小槌町15-7", "P29_006": "3", "P29_007": "0", "P29_008": "00", "P29_009": null }, "geometry": { "type": "Point", "coordinates": [ 135.314667591864833, 34.733442819589463 ] } },
{ "type": "Feature", "properties": { "P29_001": "28206", "P29_002": "A128210001287", "P29_003": "16011", "P29_004": "芦屋市立西山幼稚園", "P29_005": "兵庫県芦屋市西山町22-15", "P29_006": "3", "P29_007": "0", "P29_008": "00", "P29_009": null }, "geometry": { "type": "Point", "coordinates": [ 135.298499241643782, 34.737956162956038 ] } },
{ "type": "Feature", "properties": { "P29_001": "28206", "P29_002": "A128210001303", "P29_003": "16011", "P29_004": "芦屋市立潮見幼稚園", "P29_005": "兵庫県芦屋市潮見町1-3", "P29_006": "3", "P29_007": "0", "P29_008": "00", "P29_009": null }, "geometry": { "type": "Point", "coordinates": [ 135.312428166956693, 34.717705542615867 ] } },
{ "type": "Feature", "properties": { "P29_001": "28207", "P29_002": "A128210001312", "P29_003": "16011", "P29_004": "伊丹市立伊丹幼稚園", "P29_005": "兵庫県伊丹市桜ヶ丘1-5-20", "P29_006": "3", "P29_007": "0", "P29_008": "00", "P29_009": null }, "geometry": { "type": "Point", "coordinates": [ 135.411089731745392, 34.784118683787511 ] } },
{ "type": "Feature", "properties": { "P29_001": "28207", "P29_002": "A128210001321", "P29_003": "16011", "P29_004": "伊丹市立みずほ幼稚園", "P29_005": "兵庫県伊丹市瑞穂町3-46", "P29_006": "3", "P29_007": "0", "P29_008": "00", "P29_009": null }, "geometry": { "type": "Point", "coordinates": [ 135.404359740394028, 34.792243274917638 ] } },
{ "type": "Feature", "properties": { "P29_001": "28207", "P29_002": "A128210001358", "P29_003": "16011", "P29_004": "伊丹市立おぎの幼稚園", "P29_005": "兵庫県伊丹市大野2-159", "P29_006": "3", "P29_007": "0", "P29_008": "00", "P29_009": null }, "geometry": { "type": "Point", "coordinates": [ 135.396539442746644, 34.803986859870058 ] } },
{ "type": "Feature", "properties": { "P29_001": "28207", "P29_002": "A128210001367", "P29_003": "16011", "P29_004": "伊丹市立いけじり幼稚園", "P29_005": "兵庫県伊丹市池尻6-231", "P29_006": "3", "P29_007": "0", "P29_008": "00", "P29_009": null }, "geometry": { "type": "Point", "coordinates": [ 135.377201587843217, 34.783192173800543 ] } },
{ "type": "Feature", "properties": { "P29_001": "28207", "P29_002": "A128210001376", "P29_003": "16011", "P29_004": "伊丹市立こうのいけ幼稚園", "P29_005": "兵庫県伊丹市鴻池4-4-4", "P29_006": "3", "P29_007": "0", "P29_008": "00", "P29_009": null }, "geometry": { "type": "Point", "coordinates": [ 135.392766312034951, 34.799538003151746 ] } },
{ "type": "Feature", "properties": { "P29_001": "28208", "P29_002": "A128210001385", "P29_003": "16011", "P29_004": "相生市立相生幼稚園", "P29_005": "兵庫県相生市川原町31-2", "P29_006": "3", "P29_007": "0", "P29_008": "00", "P29_009": null }, "geometry": { "type": "Point", "coordinates": [ 134.477315671036763, 34.798078061264853 ] } },
{ "type": "Feature", "properties": { "P29_001": "28208", "P29_002": "A128210001394", "P29_003": "16011", "P29_004": "相生市立矢野川幼稚園", "P29_005": "兵庫県相生市若狭野町八洞字梶212", "P29_006": "3", "P29_007": "0", "P29_008": "00", "P29_009": null }, "geometry": { "type": "Point", "coordinates": [ 134.433148039390289, 34.833677506081521 ] } },
{ "type": "Feature", "properties": { "P29_001": "28208", "P29_002": "A128210001401", "P29_003": "16011", "P29_004": "相生市立平芝幼稚園", "P29_005": "兵庫県相生市那波野1-1-6", "P29_006": "3", "P29_007": "0", "P29_008": "00", "P29_009": null }, "geometry": { "type": "Point", "coordinates": [ 134.491087574029279, 34.814204793423905 ] } },
{ "type": "Feature", "properties": { "P29_001": "28208", "P29_002": "A128210001410", "P29_003": "16011", "P29_004": "相生市立中央幼稚園", "P29_005": "兵庫県相生市旭5-16-68", "P29_006": "3", "P29_007": "0", "P29_008": "00", "P29_009": null }, "geometry": { "type": "Point", "coordinates": [ 134.473639255723214, 34.810198951378041 ] } },
{ "type": "Feature", "properties": { "P29_001": "28208", "P29_002": "A128210001429", "P29_003": "16011", "P29_004": "相生市立山手幼稚園", "P29_005": "兵庫県相生市山手2-497-15", "P29_006": "3", "P29_007": "0", "P29_008": "00", "P29_009": null }, "geometry": { "type": "Point", "coordinates": [ 134.478276964614793, 34.822432070842183 ] } },
{ "type": "Feature", "properties": { "P29_001": "28210", "P29_002": "A128210001517", "P29_003": "16011", "P29_004": "加古川市立やまて幼稚園", "P29_005": "兵庫県加古川市神野町石守1489", "P29_006": "3", "P29_007": "0", "P29_008": "00", "P29_009": null }, "geometry": { "type": "Point", "coordinates": [ 134.878176160476414, 34.77550113582555 ] } },
{ "type": "Feature", "properties": { "P29_001": "28210", "P29_002": "A128210001535", "P29_003": "16011", "P29_004": "加古川市立加古川幼稚園", "P29_005": "兵庫県加古川市加古川町木村35-3", "P29_006": "3", "P29_007": "0", "P29_008": "00", "P29_009": null }, "geometry": { "type": "Point", "coordinates": [ 134.83169492664581, 34.764764368646972 ] } },
{ "type": "Feature", "properties": { "P29_001": "28210", "P29_002": "A128210001544", "P29_003": "16011", "P29_004": "加古川市立氷丘幼稚園", "P29_005": "兵庫県加古川市加古川町中津866", "P29_006": "3", "P29_007": "0", "P29_008": "00", "P29_009": null }, "geometry": { "type": "Point", "coordinates": [ 134.848752148977042, 34.77163656712937 ] } },
{ "type": "Feature", "properties": { "P29_001": "28210", "P29_002": "A128210001553", "P29_003": "16011", "P29_004": "加古川市立鳩里幼稚園", "P29_005": "兵庫県加古川市加古川町備後170", "P29_006": "3", "P29_007": "0", "P29_008": "00", "P29_009": null }, "geometry": { "type": "Point", "coordinates": [ 134.821735298389626, 34.76079321100557 ] } },
{ "type": "Feature", "properties": { "P29_001": "28210", "P29_002": "A128210001562", "P29_003": "16011", "P29_004": "加古川市立野口幼稚園", "P29_005": "兵庫県加古川市野口町野口532-1", "P29_006": "3", "P29_007": "0", "P29_008": "00", "P29_009": null }, "geometry": { "type": "Point", "coordinates": [ 134.853836205097736, 34.754703670349109 ] } },
{ "type": "Feature", "properties": { "P29_001": "28210", "P29_002": "A128210001571", "P29_003": "16011", "P29_004": "加古川市立平岡幼稚園", "P29_005": "兵庫県加古川市平岡町高畑193", "P29_006": "3", "P29_007": "0", "P29_008": "00", "P29_009": null }, "geometry": { "type": "Point", "coordinates": [ 134.872064512250034, 34.736599184751576 ] } },
{ "type": "Feature", "properties": { "P29_001": "28210", "P29_002": "A128210001599", "P29_003": "16011", "P29_004": "加古川市立別府町幼稚園", "P29_005": "兵庫県加古川市別府町宮田町37", "P29_006": "3", "P29_007": "0", "P29_008": "00", "P29_009": null }, "geometry": { "type": "Point", "coordinates": [ 134.843994669132314, 34.72813684358379 ] } },
{ "type": "Feature", "properties": { "P29_001": "28210", "P29_002": "A128210001606", "P29_003": "16011", "P29_004": "加古川市立西神吉幼稚園", "P29_005": "兵庫県加古川市西神吉町西村139", "P29_006": "3", "P29_007": "0", "P29_008": "00", "P29_009": null }, "geometry": { "type": "Point", "coordinates": [ 134.821377398586066, 34.797568888482175 ] } },
{ "type": "Feature", "properties": { "P29_001": "28210", "P29_002": "A128210001615", "P29_003": "16011", "P29_004": "加古川市立平岡南幼稚園", "P29_005": "兵庫県加古川市平岡町二俣150", "P29_006": "3", "P29_007": "0", "P29_008": "00", "P29_009": null }, "geometry": { "type": "Point", "coordinates": [ 134.86169217500651, 34.734467475795618 ] } },
{ "type": "Feature", "properties": { "P29_001": "28210", "P29_002": "A128210001651", "P29_003": "16011", "P29_004": "加古川市立氷丘南幼稚園", "P29_005": "兵庫県加古川市加古川町河原227-1", "P29_006": "3", "P29_007": "0", "P29_008": "00", "P29_009": null }, "geometry": { "type": "Point", "coordinates": [ 134.843773252774099, 34.770593073922633 ] } },
{ "type": "Feature", "properties": { "P29_001": "28212", "P29_002": "A128210001688", "P29_003": "16011", "P29_004": "赤穂市立赤穂幼稚園", "P29_005": "兵庫県赤穂市加里屋中洲2-59", "P29_006": "3", "P29_007": "0", "P29_008": "00", "P29_009": null }, "geometry": { "type": "Point", "coordinates": [ 134.395747883798634, 34.753961933442298 ] } },
{ "type": "Feature", "properties": { "P29_001": "28212", "P29_002": "A128210001704", "P29_003": "16011", "P29_004": "赤穂市立坂越幼稚園", "P29_005": "兵庫県赤穂市坂越1645-2", "P29_006": "3", "P29_007": "0", "P29_008": "00", "P29_009": null }, "geometry": { "type": "Point", "coordinates": [ 134.424982429770068, 34.767924317061521 ] } },
{ "type": "Feature", "properties": { "P29_001": "28212", "P29_002": "A128210001713", "P29_003": "16011", "P29_004": "赤穂市立高雄幼稚園", "P29_005": "兵庫県赤穂市高雄2156-4", "P29_006": "3", "P29_007": "0", "P29_008": "00", "P29_009": null }, "geometry": { "type": "Point", "coordinates": [ 134.412947486950856, 34.793542486525531 ] } },
{ "type": "Feature", "properties": { "P29_001": "28212", "P29_002": "A128210001722", "P29_003": "16011", "P29_004": "赤穂市立塩屋幼稚園", "P29_005": "兵庫県赤穂市古浜町156", "P29_006": "3", "P29_007": "0", "P29_008": "00", "P29_009": null }, "geometry": { "type": "Point", "coordinates": [ 134.37475345475616, 34.761803348874544 ] } },
{ "type": "Feature", "properties": { "P29_001": "28212", "P29_002": "A128210001731", "P29_003": "16011", "P29_004": "赤穂市立赤穂西幼稚園", "P29_005": "兵庫県赤穂市鷏和470-2", "P29_006": "3", "P29_007": "0", "P29_008": "00", "P29_009": null }, "geometry": { "type": "Point", "coordinates": [ 134.34972449112044, 34.749803075394709 ] } },
{ "type": "Feature", "properties": { "P29_001": "28212", "P29_002": "A128210001740", "P29_003": "16011", "P29_004": "赤穂市立御崎幼稚園", "P29_005": "兵庫県赤穂市朝日町3", "P29_006": "3", "P29_007": "0", "P29_008": "00", "P29_009": null }, "geometry": { "type": "Point", "coordinates": [ 134.409173893305706, 34.737891398890568 ] } },
{ "type": "Feature", "properties": { "P29_001": "28212", "P29_002": "A128210001777", "P29_003": "16011", "P29_004": "赤穂市立城西幼稚園", "P29_005": "兵庫県赤穂市若草町52", "P29_006": "3", "P29_007": "0", "P29_008": "00", "P29_009": null }, "geometry": { "type": "Point", "coordinates": [ 134.383241701786119, 34.753292625097401 ] } },
{ "type": "Feature", "properties": { "P29_001": "28214", "P29_002": "A128210001802", "P29_003": "16011", "P29_004": "宝塚市立仁川幼稚園", "P29_005": "兵庫県宝塚市仁川宮西町1-12", "P29_006": "3", "P29_007": "0", "P29_008": "00", "P29_009": null }, "geometry": { "type": "Point", "coordinates": [ 135.351853388891954, 34.780638634417784 ] } },
{ "type": "Feature", "properties": { "P29_001": "28214", "P29_002": "A128210001811", "P29_003": "16011", "P29_004": "宝塚市市立小浜幼稚園", "P29_005": "兵庫県宝塚市小浜4-7-40", "P29_006": "3", "P29_007": "0", "P29_008": "00", "P29_009": null }, "geometry": { "type": "Point", "coordinates": [ 135.365227453405311, 34.806709291781637 ] } },
{ "type": "Feature", "properties": { "P29_001": "28214", "P29_002": "A128210001820", "P29_003": "16011", "P29_004": "宝塚市立宝塚幼稚園", "P29_005": "兵庫県宝塚市川面3-9-5", "P29_006": "3", "P29_007": "0", "P29_008": "00", "P29_009": null }, "geometry": { "type": "Point", "coordinates": [ 135.347894960361799, 34.811227010696385 ] } },
{ "type": "Feature", "properties": { "P29_001": "28214", "P29_002": "A128210001839", "P29_003": "16011", "P29_004": "宝塚市立長尾幼稚園", "P29_005": "兵庫県宝塚市山手台東1-3-1", "P29_006": "3", "P29_007": "0", "P29_008": "00", "P29_009": null }, "geometry": { "type": "Point", "coordinates": [ 135.38452606880449, 34.824582425129485 ] } },
{ "type": "Feature", "properties": { "P29_001": "28214", "P29_002": "A128210001848", "P29_003": "16011", "P29_004": "宝塚市立西谷幼稚園", "P29_005": "兵庫県宝塚市大原野字石保62-1", "P29_006": "3", "P29_007": "0", "P29_008": "00", "P29_009": null }, "geometry": { "type": "Point", "coordinates": [ 135.303838118691971, 34.909962255926636 ] } },
{ "type": "Feature", "properties": { "P29_001": "28214", "P29_002": "A128210001857", "P29_003": "16011", "P29_004": "宝塚市立西山幼稚園", "P29_005": "兵庫県宝塚市野上6-2-2", "P29_006": "3", "P29_007": "0", "P29_008": "00", "P29_009": null }, "geometry": { "type": "Point", "coordinates": [ 135.341084312517751, 34.789960393646659 ] } },
{ "type": "Feature", "properties": { "P29_001": "28215", "P29_002": "A128210001875", "P29_003": "16011", "P29_004": "三木市立自由が丘幼稚園", "P29_005": "兵庫県三木市志染町中自由が丘3-70", "P29_006": "3", "P29_007": "0", "P29_008": "00", "P29_009": null }, "geometry": { "type": "Point", "coordinates": [ 135.014854440417537, 34.785683833045447 ] } },
{ "type": "Feature", "properties": { "P29_001": "28215", "P29_002": "A128210001884", "P29_003": "16011", "P29_004": "三木市立緑が丘東幼稚園", "P29_005": "兵庫県三木市緑が丘町東4-45", "P29_006": "3", "P29_007": "0", "P29_008": "00", "P29_009": null }, "geometry": { "type": "Point", "coordinates": [ 135.038210316516228, 34.774004260266011 ] } },
{ "type": "Feature", "properties": { "P29_001": "28216", "P29_002": "A128210001900", "P29_003": "16011", "P29_004": "高砂市立荒井幼稚園", "P29_005": "兵庫県高砂市荒井町東本町10-1", "P29_006": "3", "P29_007": "0", "P29_008": "00", "P29_009": null }, "geometry": { "type": "Point", "coordinates": [ 134.797632811667881, 34.76092603753046 ] } },
{ "type": "Feature", "properties": { "P29_001": "28217", "P29_002": "A128210001919", "P29_003": "16011", "P29_004": "川西市立久代幼稚園", "P29_005": "兵庫県川西市久代2-12-1", "P29_006": "3", "P29_007": "0", "P29_008": "00", "P29_009": null }, "geometry": { "type": "Point", "coordinates": [ 135.409884211012923, 34.806044924548104 ] } },
{ "type": "Feature", "properties": { "P29_001": "28217", "P29_002": "A128210001937", "P29_003": "16011", "P29_004": "川西市立多田幼稚園", "P29_005": "兵庫県川西市多田院1-4-3", "P29_006": "3", "P29_007": "0", "P29_008": "00", "P29_009": null }, "geometry": { "type": "Point", "coordinates": [ 135.40527085683334, 34.861843086996579 ] } },
{ "type": "Feature", "properties": { "P29_001": "28217", "P29_002": "A128210001946", "P29_003": "16011", "P29_004": "川西市立東谷幼稚園", "P29_005": "兵庫県川西市見野2-29-24", "P29_006": "3", "P29_007": "0", "P29_008": "00", "P29_009": null }, "geometry": { "type": "Point", "coordinates": [ 135.408750839370043, 34.892787935485686 ] } },
{ "type": "Feature", "properties": { "P29_001": "28218", "P29_002": "A128210001964", "P29_003": "16011", "P29_004": "小野市立わか松幼稚園", "P29_005": "兵庫県小野市西本町497-1", "P29_006": "3", "P29_007": "0", "P29_008": "00", "P29_009": null }, "geometry": { "type": "Point", "coordinates": [ 134.931257391798255, 34.843757517803624 ] } },
{ "type": "Feature", "properties": { "P29_001": "28218", "P29_002": "A128210001973", "P29_003": "16011", "P29_004": "小野市立小野東幼稚園", "P29_005": "兵庫県小野市黒川町474-1", "P29_006": "3", "P29_007": "0", "P29_008": "00", "P29_009": null }, "geometry": { "type": "Point", "coordinates": [ 134.942556770301763, 34.850285888850358 ] } },
{ "type": "Feature", "properties": { "P29_001": "28219", "P29_002": "A128210001982", "P29_003": "16011", "P29_004": "三田市立三田幼稚園", "P29_005": "兵庫県三田市西山1-8-1", "P29_006": "3", "P29_007": "0", "P29_008": "00", "P29_009": null }, "geometry": { "type": "Point", "coordinates": [ 135.220310674146873, 34.883926085723303 ] } },
{ "type": "Feature", "properties": { "P29_001": "28219", "P29_002": "A128210002017", "P29_003": "16011", "P29_004": "三田市立小野幼稚園", "P29_005": "兵庫県三田市小野1740", "P29_006": "3", "P29_007": "0", "P29_008": "00", "P29_009": null }, "geometry": { "type": "Point", "coordinates": [ 135.233773550179166, 34.956280640892011 ] } },
{ "type": "Feature", "properties": { "P29_001": "28219", "P29_002": "A128210002026", "P29_003": "16011", "P29_004": "三田市立母子幼稚園", "P29_005": "兵庫県三田市母子721", "P29_006": "3", "P29_007": "0", "P29_008": "00", "P29_009": null }, "geometry": { "type": "Point", "coordinates": [ 135.230342078203819, 35.022269411773578 ] } },
{ "type": "Feature", "properties": { "P29_001": "28219", "P29_002": "A128210002035", "P29_003": "16011", "P29_004": "三田市立広野幼稚園", "P29_005": "兵庫県三田市上井沢310", "P29_006": "3", "P29_007": "0", "P29_008": "00", "P29_009": null }, "geometry": { "type": "Point", "coordinates": [ 135.192073817307033, 34.925175810270296 ] } },
{ "type": "Feature", "properties": { "P29_001": "28219", "P29_002": "A128210002071", "P29_003": "16011", "P29_004": "三田市立高平幼稚園", "P29_005": "兵庫県三田市下里171", "P29_006": "3", "P29_007": "0", "P29_008": "00", "P29_009": null }, "geometry": { "type": "Point", "coordinates": [ 135.27090954102303, 34.949604198434088 ] } },
{ "type": "Feature", "properties": { "P29_001": "28214", "P29_002": "A128210002080", "P29_003": "16011", "P29_004": "宝塚市立安倉幼稚園", "P29_005": "兵庫県宝塚市安倉中6-1-2", "P29_006": "3", "P29_007": "0", "P29_008": "00", "P29_009": null }, "geometry": { "type": "Point", "coordinates": [ 135.377543526710923, 34.802230462146767 ] } },
{ "type": "Feature", "properties": { "P29_001": "28214", "P29_002": "A128210002099", "P29_003": "16011", "P29_004": "宝塚市立末成幼稚園", "P29_005": "兵庫県宝塚市末成町1-2", "P29_006": "3", "P29_007": "0", "P29_008": "00", "P29_009": null }, "geometry": { "type": "Point", "coordinates": [ 135.362864135595515, 34.791666344154685 ] } },
{ "type": "Feature", "properties": { "P29_001": "28214", "P29_002": "A128210002106", "P29_003": "16011", "P29_004": "宝塚市立丸橋幼稚園", "P29_005": "兵庫県宝塚市山本丸橋4-13-2", "P29_006": "3", "P29_007": "0", "P29_008": "00", "P29_009": null }, "geometry": { "type": "Point", "coordinates": [ 135.395876828278233, 34.811688562448616 ] } },
{ "type": "Feature", "properties": { "P29_001": "28301", "P29_002": "A128210002142", "P29_003": "16011", "P29_004": "猪名川町立六瀬幼稚園", "P29_005": "兵庫県川辺郡猪名川町笹尾字加門田6", "P29_006": "3", "P29_007": "0", "P29_008": "00", "P29_009": null }, "geometry": { "type": "Point", "coordinates": [ 135.326115939876047, 34.953687586672032 ] } },
{ "type": "Feature", "properties": { "P29_001": "28301", "P29_002": "A128210002151", "P29_003": "16011", "P29_004": "猪名川町立猪名川幼稚園", "P29_005": "兵庫県川辺郡猪名川町若葉1-48-1", "P29_006": "3", "P29_007": "0", "P29_008": "00", "P29_009": null }, "geometry": { "type": "Point", "coordinates": [ 135.371175288154973, 34.898387345460762 ] } },
{ "type": "Feature", "properties": { "P29_001": "28381", "P29_002": "A128210002179", "P29_003": "16011", "P29_004": "稲美町立母里幼稚園", "P29_005": "兵庫県加古郡稲美町野寺114-5", "P29_006": "3", "P29_007": "0", "P29_008": "00", "P29_009": null }, "geometry": { "type": "Point", "coordinates": [ 134.941743540661747, 34.7543579066961 ] } },
{ "type": "Feature", "properties": { "P29_001": "28381", "P29_002": "A128210002188", "P29_003": "16011", "P29_004": "稲美町立天満幼稚園", "P29_005": "兵庫県加古郡稲美町中村470", "P29_006": "3", "P29_007": "0", "P29_008": "00", "P29_009": null }, "geometry": { "type": "Point", "coordinates": [ 134.901346188823652, 34.749098350659089 ] } },
{ "type": "Feature", "properties": { "P29_001": "28381", "P29_002": "A128210002197", "P29_003": "16011", "P29_004": "稲美町立加古幼稚園", "P29_005": "兵庫県加古郡稲美町加古7900", "P29_006": "3", "P29_007": "0", "P29_008": "00", "P29_009": null }, "geometry": { "type": "Point", "coordinates": [ 134.908773681552134, 34.764780822503518 ] } },
{ "type": "Feature", "properties": { "P29_001": "28381", "P29_002": "A128210002204", "P29_003": "16011", "P29_004": "稲美町立天満南幼稚園", "P29_005": "兵庫県加古郡稲美町六分一632-1", "P29_006": "3", "P29_007": "0", "P29_008": "00", "P29_009": null }, "geometry": { "type": "Point", "coordinates": [ 134.901902984640856, 34.731856770057163 ] } },
{ "type": "Feature", "properties": { "P29_001": "28382", "P29_002": "A128210002222", "P29_003": "16011", "P29_004": "播磨町立播磨幼稚園", "P29_005": "兵庫県加古郡播磨町宮北1-7-7", "P29_006": "3", "P29_007": "0", "P29_008": "00", "P29_009": null }, "geometry": { "type": "Point", "coordinates": [ 134.865330434440068, 34.719468043992016 ] } },
{ "type": "Feature", "properties": { "P29_001": "28382", "P29_002": "A128210002231", "P29_003": "16011", "P29_004": "播磨町立蓮池幼稚園", "P29_005": "兵庫県加古郡播磨町野添2-10-35", "P29_006": "3", "P29_007": "0", "P29_008": "00", "P29_009": null }, "geometry": { "type": "Point", "coordinates": [ 134.878793356211304, 34.719500705034953 ] } },
{ "type": "Feature", "properties": { "P29_001": "28201", "P29_002": "A128210002259", "P29_003": "16011", "P29_004": "姫路市立坊勢幼稚園", "P29_005": "兵庫県姫路市家島町坊勢303-3", "P29_006": "3", "P29_007": "0", "P29_008": "00", "P29_009": null }, "geometry": { "type": "Point", "coordinates": [ 134.515610968568296, 34.653155190325982 ] } },
{ "type": "Feature", "properties": { "P29_001": "28201", "P29_002": "A128210002268", "P29_003": "16011", "P29_004": "姫路市立家島幼稚園", "P29_005": "兵庫県姫路市家島町真浦2152", "P29_006": "3", "P29_007": "0", "P29_008": "00", "P29_009": null }, "geometry": { "type": "Point", "coordinates": [ 134.529572792062538, 34.674415144149577 ] } },
{ "type": "Feature", "properties": { "P29_001": "28201", "P29_002": "A128210002286", "P29_003": "16011", "P29_004": "姫路市立菅生幼稚園", "P29_005": "兵庫県姫路市夢前町菅生澗829-1", "P29_006": "3", "P29_007": "0", "P29_008": "00", "P29_009": null }, "geometry": { "type": "Point", "coordinates": [ 134.6414237785186, 34.916172982443477 ] } },
{ "type": "Feature", "properties": { "P29_001": "28446", "P29_002": "A128210002295", "P29_003": "16011", "P29_004": "神河町立神崎幼稚園", "P29_005": "兵庫県神崎郡神河町粟賀町611", "P29_006": "3", "P29_007": "0", "P29_008": "00", "P29_009": null }, "geometry": { "type": "Point", "coordinates": [ 134.773429383732008, 35.069627712476041 ] } },
{ "type": "Feature", "properties": { "P29_001": "28446", "P29_002": "A128210002302", "P29_003": "16011", "P29_004": "神河町立寺前幼稚園", "P29_005": "兵庫県神崎郡神河町寺前192", "P29_006": "3", "P29_007": "0", "P29_008": "00", "P29_009": null }, "geometry": { "type": "Point", "coordinates": [ 134.740478374585024, 35.06629276058181 ] } },
{ "type": "Feature", "properties": { "P29_001": "28446", "P29_002": "A128210002311", "P29_003": "16011", "P29_004": "神河町立長谷幼稚園", "P29_005": "兵庫県神崎郡神河町長谷954-3", "P29_006": "3", "P29_007": "0", "P29_008": "00", "P29_009": null }, "geometry": { "type": "Point", "coordinates": [ 134.742334727180321, 35.119086265020329 ] } },
{ "type": "Feature", "properties": { "P29_001": "28464", "P29_002": "A128210002339", "P29_003": "16011", "P29_004": "太子町立龍田幼稚園", "P29_005": "兵庫県揖保郡太子町佐用岡390-2", "P29_006": "3", "P29_007": "0", "P29_008": "00", "P29_009": null }, "geometry": { "type": "Point", "coordinates": [ 134.586975701948433, 34.844480419284189 ] } },
{ "type": "Feature", "properties": { "P29_001": "28464", "P29_002": "A128210002348", "P29_003": "16011", "P29_004": "太子町立斑鳩幼稚園", "P29_005": "兵庫県揖保郡太子町馬場5", "P29_006": "3", "P29_007": "0", "P29_008": "00", "P29_009": null }, "geometry": { "type": "Point", "coordinates": [ 134.57437426167624, 34.837420348382338 ] } },
{ "type": "Feature", "properties": { "P29_001": "28464", "P29_002": "A128210002357", "P29_003": "16011", "P29_004": "太子町立太田幼稚園", "P29_005": "兵庫県揖保郡太子町東出126127合併-1", "P29_006": "3", "P29_007": "0", "P29_008": "00", "P29_009": null }, "geometry": { "type": "Point", "coordinates": [ 134.59517532008087, 34.833817856546446 ] } },
{ "type": "Feature", "properties": { "P29_001": "28464", "P29_002": "A128210002366", "P29_003": "16011", "P29_004": "太子町立石海幼稚園", "P29_005": "兵庫県揖保郡太子町福地501-1", "P29_006": "3", "P29_007": "0", "P29_008": "00", "P29_009": null }, "geometry": { "type": "Point", "coordinates": [ 134.573102674153859, 34.818533123804116 ] } },
{ "type": "Feature", "properties": { "P29_001": "28227", "P29_002": "A128210002428", "P29_003": "16011", "P29_004": "宍粟市立山崎幼稚園", "P29_005": "兵庫県宍粟市山崎町金谷33-3", "P29_006": "3", "P29_007": "0", "P29_008": "00", "P29_009": null }, "geometry": { "type": "Point", "coordinates": [ 134.537173411554221, 35.006174886648488 ] } },
{ "type": "Feature", "properties": { "P29_001": "28227", "P29_002": "A128210002446", "P29_003": "16011", "P29_004": "宍粟市立城下幼稚園", "P29_005": "兵庫県宍粟市山崎町金谷33-3", "P29_006": "3", "P29_007": "0", "P29_008": "00", "P29_009": null }, "geometry": { "type": "Point", "coordinates": [ 134.537884654991444, 34.988384192713156 ] } },
{ "type": "Feature", "properties": { "P29_001": "28227", "P29_002": "A128210002455", "P29_003": "16011", "P29_004": "宍粟市立河東幼稚園", "P29_005": "兵庫県宍粟市山崎町三谷57-6", "P29_006": "3", "P29_007": "0", "P29_008": "00", "P29_009": null }, "geometry": { "type": "Point", "coordinates": [ 134.559082337632191, 35.02017457364861 ] } },
{ "type": "Feature", "properties": { "P29_001": "28227", "P29_002": "A128210002491", "P29_003": "16011", "P29_004": "宍粟市立波賀幼稚園", "P29_005": "兵庫県宍粟市波賀町安賀654-1", "P29_006": "3", "P29_007": "0", "P29_008": "00", "P29_009": null }, "geometry": { "type": "Point", "coordinates": [ 134.54335928012938, 35.156729690736043 ] } },
{ "type": "Feature", "properties": { "P29_001": "28585", "P29_002": "A128210002507", "P29_003": "16011", "P29_004": "香美町立奥佐津幼稚園", "P29_005": "兵庫県美方郡香美町香住区上岡180", "P29_006": "3", "P29_007": "0", "P29_008": "00", "P29_009": null }, "geometry": { "type": "Point", "coordinates": [ 134.677745377252563, 35.622275103358334 ] } },
{ "type": "Feature", "properties": { "P29_001": "28585", "P29_002": "A128210002516", "P29_003": "16011", "P29_004": "香美町立佐津幼稚園", "P29_005": "兵庫県美方郡香美町香住区訓谷340", "P29_006": "3", "P29_007": "0", "P29_008": "00", "P29_009": null }, "geometry": { "type": "Point", "coordinates": [ 134.691155579765365, 35.65345567106322 ] } },
{ "type": "Feature", "properties": { "P29_001": "28585", "P29_002": "A128210002525", "P29_003": "16011", "P29_004": "香美町立柴山幼稚園", "P29_005": "兵庫県美方郡香美町香住区上計34", "P29_006": "3", "P29_007": "0", "P29_008": "00", "P29_009": null }, "geometry": { "type": "Point", "coordinates": [ 134.657797893005608, 35.648373748712658 ] } },
{ "type": "Feature", "properties": { "P29_001": "28585", "P29_002": "A128210002534", "P29_003": "16011", "P29_004": "香美町立香住幼稚園", "P29_005": "兵庫県美方郡香美町香住区香住1595-9", "P29_006": "3", "P29_007": "0", "P29_008": "00", "P29_009": null }, "geometry": { "type": "Point", "coordinates": [ 134.626711449642471, 35.637871544697305 ] } },
{ "type": "Feature", "properties": { "P29_001": "28585", "P29_002": "A128210002543", "P29_003": "16011", "P29_004": "香美町立長井幼稚園", "P29_005": "兵庫県美方郡香美町香住区大野83-1", "P29_006": "3", "P29_007": "0", "P29_008": "00", "P29_009": null }, "geometry": { "type": "Point", "coordinates": [ 134.61994682011354, 35.606491600758325 ] } },
{ "type": "Feature", "properties": { "P29_001": "28209", "P29_002": "A128210002561", "P29_003": "16011", "P29_004": "豊岡市立日高幼稚園", "P29_005": "兵庫県豊岡市日高町岩中46-1", "P29_006": "3", "P29_007": "0", "P29_008": "00", "P29_009": null }, "geometry": { "type": "Point", "coordinates": [ 134.771175055351591, 35.468006377529171 ] } },
{ "type": "Feature", "properties": { "P29_001": "28209", "P29_002": "A128210002570", "P29_003": "16011", "P29_004": "豊岡市立出石幼稚園", "P29_005": "兵庫県豊岡市出石町町分36-2", "P29_006": "3", "P29_007": "0", "P29_008": "00", "P29_009": null }, "geometry": { "type": "Point", "coordinates": [ 134.87531845528656, 35.466296152093854 ] } },
{ "type": "Feature", "properties": { "P29_001": "28585", "P29_002": "A128210002605", "P29_003": "16011", "P29_004": "香美町立村岡幼稚園", "P29_005": "兵庫県美方郡香美町村岡区村岡2940", "P29_006": "3", "P29_007": "0", "P29_008": "00", "P29_009": null }, "geometry": { "type": "Point", "coordinates": [ 134.598790420719268, 35.467293179756737 ] } },
{ "type": "Feature", "properties": { "P29_001": "28585", "P29_002": "A128210002614", "P29_003": "16011", "P29_004": "香美町立うづか幼稚園", "P29_005": "兵庫県美方郡香美町村岡区福岡324", "P29_006": "3", "P29_007": "0", "P29_008": "00", "P29_009": null }, "geometry": { "type": "Point", "coordinates": [ 134.60035668907733, 35.415955401024192 ] } },
{ "type": "Feature", "properties": { "P29_001": "28221", "P29_002": "A128210002632", "P29_003": "16011", "P29_004": "丹波篠山市立篠山幼稚園", "P29_005": "兵庫県丹波篠山市北新町5", "P29_006": "3", "P29_007": "0", "P29_008": "00", "P29_009": null }, "geometry": { "type": "Point", "coordinates": [ 135.218505463613383, 35.073975601120587 ] } },
{ "type": "Feature", "properties": { "P29_001": "28221", "P29_002": "A128210002641", "P29_003": "16011", "P29_004": "丹波篠山市立たまみず幼稚園", "P29_005": "兵庫県丹波篠山市黒岡89", "P29_006": "3", "P29_007": "0", "P29_008": "00", "P29_009": null }, "geometry": { "type": "Point", "coordinates": [ 135.223447022309671, 35.082105600143471 ] } },
{ "type": "Feature", "properties": { "P29_001": "28221", "P29_002": "A128210002650", "P29_003": "16011", "P29_004": "丹波篠山市立岡野幼稚園", "P29_005": "兵庫県丹波篠山市東浜谷531", "P29_006": "3", "P29_007": "0", "P29_008": "00", "P29_009": null }, "geometry": { "type": "Point", "coordinates": [ 135.202091999895998, 35.08166709811146 ] } },
{ "type": "Feature", "properties": { "P29_001": "28221", "P29_002": "A128210002669", "P29_003": "16011", "P29_004": "丹波篠山市立八上幼稚園", "P29_005": "兵庫県丹波篠山市糯ケ坪89", "P29_006": "3", "P29_007": "0", "P29_008": "00", "P29_009": null }, "geometry": { "type": "Point", "coordinates": [ 135.23538745798777, 35.067459552774721 ] } },
{ "type": "Feature", "properties": { "P29_001": "28221", "P29_002": "A128210002678", "P29_003": "16011", "P29_004": "丹波篠山市立かやのみ幼稚園", "P29_005": "兵庫県丹波篠山市日置162", "P29_006": "3", "P29_007": "0", "P29_008": "00", "P29_009": null }, "geometry": { "type": "Point", "coordinates": [ 135.280527664530837, 35.067809892554173 ] } },
{ "type": "Feature", "properties": { "P29_001": "28221", "P29_002": "A128210002687", "P29_003": "16011", "P29_004": "丹波篠山市立西紀みなみ幼稚園", "P29_005": "兵庫県丹波篠山市黒田186", "P29_006": "3", "P29_007": "0", "P29_008": "00", "P29_009": null }, "geometry": { "type": "Point", "coordinates": [ 135.1790278390786, 35.08331283662703 ] } },
{ "type": "Feature", "properties": { "P29_001": "28221", "P29_002": "A128210002696", "P29_003": "16011", "P29_004": "丹波篠山市立西紀きた幼稚園", "P29_005": "兵庫県丹波篠山市本郷159", "P29_006": "3", "P29_007": "0", "P29_008": "00", "P29_009": null }, "geometry": { "type": "Point", "coordinates": [ 135.26250831944219, 35.158957308377012 ] } },
{ "type": "Feature", "properties": { "P29_001": "28221", "P29_002": "A128210002703", "P29_003": "16011", "P29_004": "丹波篠山市立大山幼稚園", "P29_005": "兵庫県丹波篠山市大山新99", "P29_006": "3", "P29_007": "0", "P29_008": "00", "P29_009": null }, "geometry": { "type": "Point", "coordinates": [ 135.139903279122791, 35.096451972925102 ] } },
{ "type": "Feature", "properties": { "P29_001": "28221", "P29_002": "A128210002712", "P29_003": "16011", "P29_004": "丹波篠山市立城南幼稚園", "P29_005": "兵庫県丹波篠山市小枕140-2", "P29_006": "3", "P29_007": "0", "P29_008": "00", "P29_009": null }, "geometry": { "type": "Point", "coordinates": [ 135.221938264057201, 35.059496038815482 ] } },
{ "type": "Feature", "properties": { "P29_001": "28221", "P29_002": "A128210002721", "P29_003": "16011", "P29_004": "丹波篠山市立古市幼稚園", "P29_005": "兵庫県丹波篠山市波賀野新田74-1", "P29_006": "3", "P29_007": "0", "P29_008": "00", "P29_009": null }, "geometry": { "type": "Point", "coordinates": [ 135.155176242868237, 35.023471065694416 ] } },
{ "type": "Feature", "properties": { "P29_001": "28221", "P29_002": "A128210002730", "P29_003": "16011", "P29_004": "丹波篠山市立今田幼稚園", "P29_005": "兵庫県丹波篠山市今田町今田1-3", "P29_006": "3", "P29_007": "0", "P29_008": "00", "P29_009": null }, "geometry": { "type": "Point", "coordinates": [ 135.112260282422767, 35.007341205700754 ] } },
{ "type": "Feature", "properties": { "P29_001": "28224", "P29_002": "A128210002758", "P29_003": "16011", "P29_004": "南あわじ市立湊幼稚園", "P29_005": "兵庫県南あわじ市湊736", "P29_006": "3", "P29_007": "0", "P29_008": "00", "P29_009": null }, "geometry": { "type": "Point", "coordinates": [ 134.726201556677381, 34.324908867733107 ] } },
{ "type": "Feature", "properties": { "P29_001": "28210", "P29_002": "A128210002785", "P29_003": "16011", "P29_004": "加古川市立野口南幼稚園", "P29_005": "兵庫県加古川市野口町古大内245-5", "P29_006": "3", "P29_007": "0", "P29_008": "00", "P29_009": null }, "geometry": { "type": "Point", "coordinates": [ 134.850948984333201, 34.74393796073646 ] } },
{ "type": "Feature", "properties": { "P29_001": "28101", "P29_002": "A128310000026", "P29_003": "16011", "P29_004": "群華幼稚園", "P29_005": "兵庫県神戸市東灘区御影郡家1-23-19", "P29_006": "4", "P29_007": "0", "P29_008": "00", "P29_009": null }, "geometry": { "type": "Point", "coordinates": [ 135.254073166810599, 34.72154205417813 ] } },
{ "type": "Feature", "properties": { "P29_001": "28101", "P29_002": "A128310000035", "P29_003": "16011", "P29_004": "本山幼稚園", "P29_005": "兵庫県神戸市東灘区本山北町6-4-1", "P29_006": "4", "P29_007": "0", "P29_008": "00", "P29_009": null }, "geometry": { "type": "Point", "coordinates": [ 135.277425643087554, 34.729416737810972 ] } },
{ "type": "Feature", "properties": { "P29_001": "28101", "P29_002": "A128310000044", "P29_003": "16011", "P29_004": "甲南同胞幼稚園", "P29_005": "兵庫県神戸市東灘区田中町3-9-14", "P29_006": "4", "P29_007": "0", "P29_008": "00", "P29_009": null }, "geometry": { "type": "Point", "coordinates": [ 135.273586485338541, 34.723256390673967 ] } },
{ "type": "Feature", "properties": { "P29_001": "28101", "P29_002": "A128310000053", "P29_003": "16011", "P29_004": "光の園幼稚園", "P29_005": "兵庫県神戸市東灘区岡本1-14-12", "P29_006": "4", "P29_007": "0", "P29_008": "00", "P29_009": null }, "geometry": { "type": "Point", "coordinates": [ 135.274919330834848, 34.728993143478121 ] } },
{ "type": "Feature", "properties": { "P29_001": "28101", "P29_002": "A128310000062", "P29_003": "16011", "P29_004": "岡本信愛幼稚園", "P29_005": "兵庫県神戸市東灘区岡本2-11-20", "P29_006": "4", "P29_007": "0", "P29_008": "00", "P29_009": null }, "geometry": { "type": "Point", "coordinates": [ 135.27214651003095, 34.727895429472312 ] } },
{ "type": "Feature", "properties": { "P29_001": "28101", "P29_002": "A128310000071", "P29_003": "16011", "P29_004": "星の園幼稚園", "P29_005": "兵庫県神戸市東灘区住吉宮町2-18-23", "P29_006": "4", "P29_007": "0", "P29_008": "00", "P29_009": null }, "geometry": { "type": "Point", "coordinates": [ 135.263776795988917, 34.715670457102227 ] } },
{ "type": "Feature", "properties": { "P29_001": "28101", "P29_002": "A128310000080", "P29_003": "16011", "P29_004": "青い鳥学園第一幼稚園", "P29_005": "兵庫県神戸市東灘区深江北町2-9-22", "P29_006": "4", "P29_007": "0", "P29_008": "00", "P29_009": null }, "geometry": { "type": "Point", "coordinates": [ 135.294241952577977, 34.725463402446458 ] } },
{ "type": "Feature", "properties": { "P29_001": "28101", "P29_002": "A128310000099", "P29_003": "16011", "P29_004": "学校法人住吉学園住吉学園幼稚園", "P29_005": "兵庫県神戸市東灘区住吉本町3-3-4", "P29_006": "4", "P29_007": "0", "P29_008": "00", "P29_009": null }, "geometry": { "type": "Point", "coordinates": [ 135.260522210298518, 34.724759401280195 ] } },
{ "type": "Feature", "properties": { "P29_001": "28101", "P29_002": "A128310000106", "P29_003": "16011", "P29_004": "青い鳥学園第二幼稚園", "P29_005": "兵庫県神戸市東灘区本山南町4-3-1", "P29_006": "4", "P29_007": "0", "P29_008": "00", "P29_009": null }, "geometry": { "type": "Point", "coordinates": [ 135.280044391040747, 34.720549385616309 ] } },
{ "type": "Feature", "properties": { "P29_001": "28102", "P29_002": "A128310000142", "P29_003": "16011", "P29_004": "六甲幼稚園", "P29_005": "兵庫県神戸市灘区宮山町3-3-5", "P29_006": "4", "P29_007": "0", "P29_008": "00", "P29_009": null }, "geometry": { "type": "Point", "coordinates": [ 135.233201519954179, 34.719925891521619 ] } },
{ "type": "Feature", "properties": { "P29_001": "28102", "P29_002": "A128310000151", "P29_003": "16011", "P29_004": "ランバス記念幼稚園", "P29_005": "兵庫県神戸市灘区岸地通5-2-17", "P29_006": "4", "P29_007": "0", "P29_008": "00", "P29_009": null }, "geometry": { "type": "Point", "coordinates": [ 135.221194106544857, 34.710552625964397 ] } },
{ "type": "Feature", "properties": { "P29_001": "28102", "P29_002": "A128310000160", "P29_003": "16011", "P29_004": "若草幼稚園", "P29_005": "兵庫県神戸市灘区土山町1-5", "P29_006": "4", "P29_007": "0", "P29_008": "00", "P29_009": null }, "geometry": { "type": "Point", "coordinates": [ 135.242858931553485, 34.724067420891892 ] } },
{ "type": "Feature", "properties": { "P29_001": "28102", "P29_002": "A128310000179", "P29_003": "16011", "P29_004": "かおる幼稚園", "P29_005": "兵庫県神戸市灘区薬師通4-2-8", "P29_006": "4", "P29_007": "0", "P29_008": "00", "P29_009": null }, "geometry": { "type": "Point", "coordinates": [ 135.216414916257321, 34.71757553985676 ] } },
{ "type": "Feature", "properties": { "P29_001": "28102", "P29_002": "A128310000197", "P29_003": "16011", "P29_004": "西灘幼稚園", "P29_005": "兵庫県神戸市灘区岩屋北町3-2-14", "P29_006": "4", "P29_007": "0", "P29_008": "00", "P29_009": null }, "geometry": { "type": "Point", "coordinates": [ 135.219359018738714, 34.704914088778693 ] } },
{ "type": "Feature", "properties": { "P29_001": "28110", "P29_002": "A128310000213", "P29_003": "16011", "P29_004": "熊内幼稚園", "P29_005": "兵庫県神戸市中央区熊内町9-2-18", "P29_006": "4", "P29_007": "0", "P29_008": "00", "P29_009": null }, "geometry": { "type": "Point", "coordinates": [ 135.198374966756859, 34.709417937308672 ] } },
{ "type": "Feature", "properties": { "P29_001": "28110", "P29_002": "A128310000222", "P29_003": "16011", "P29_004": "聖ラファエル幼稚園", "P29_005": "兵庫県神戸市中央区熊野町2-9-19", "P29_006": "4", "P29_007": "0", "P29_008": "00", "P29_009": null }, "geometry": { "type": "Point", "coordinates": [ 135.201115726227044, 34.706230268521075 ] } },
{ "type": "Feature", "properties": { "P29_001": "28110", "P29_002": "A128310000231", "P29_003": "16011", "P29_004": "明照幼稚園", "P29_005": "兵庫県神戸市中央区熊内町3-2-3", "P29_006": "4", "P29_007": "0", "P29_008": "00", "P29_009": null }, "geometry": { "type": "Point", "coordinates": [ 135.200182870691123, 34.706500279035154 ] } },
{ "type": "Feature", "properties": { "P29_001": "28110", "P29_002": "A128310000240", "P29_003": "16011", "P29_004": "小さき花の園幼稚園", "P29_005": "兵庫県神戸市中央区籠池通5-1-13", "P29_006": "4", "P29_007": "0", "P29_008": "00", "P29_009": null }, "geometry": { "type": "Point", "coordinates": [ 135.206290372256973, 34.710168953152312 ] } },
{ "type": "Feature", "properties": { "P29_001": "28110", "P29_002": "A128310000259", "P29_003": "16011", "P29_004": "学校法人城口学園山手幼稚園", "P29_005": "兵庫県神戸市中央区山本通3-16-12", "P29_006": "4", "P29_007": "0", "P29_008": "00", "P29_009": null }, "geometry": { "type": "Point", "coordinates": [ 135.185773003738603, 34.6970404891903 ] } },
{ "type": "Feature", "properties": { "P29_001": "28110", "P29_002": "A128310000268", "P29_003": "16011", "P29_004": "神戸教会いずみ幼稚園", "P29_005": "兵庫県神戸市中央区花隈町9-18", "P29_006": "4", "P29_007": "0", "P29_008": "00", "P29_009": null }, "geometry": { "type": "Point", "coordinates": [ 135.181069266420565, 34.68939909349136 ] } },
{ "type": "Feature", "properties": { "P29_001": "28110", "P29_002": "A128310000277", "P29_003": "16011", "P29_004": "学校法人光の丘幼稚園", "P29_005": "兵庫県神戸市中央区山本通1-7-27", "P29_006": "4", "P29_007": "0", "P29_008": "00", "P29_009": null }, "geometry": { "type": "Point", "coordinates": [ 135.191137058520269, 34.699353390736974 ] } },
{ "type": "Feature", "properties": { "P29_001": "28110", "P29_002": "A128310000286", "P29_003": "16011", "P29_004": "学校法人神戸華僑幼稚園", "P29_005": "兵庫県神戸市中央区中山手通6-4-20", "P29_006": "4", "P29_007": "0", "P29_008": "00", "P29_009": null }, "geometry": { "type": "Point", "coordinates": [ 135.179221986376405, 34.690953845089993 ] } },
{ "type": "Feature", "properties": { "P29_001": "28105", "P29_002": "A128310000295", "P29_003": "16011", "P29_004": "石井幼稚園", "P29_005": "兵庫県神戸市兵庫区都由乃町1-1-11", "P29_006": "4", "P29_007": "0", "P29_008": "00", "P29_009": null }, "geometry": { "type": "Point", "coordinates": [ 135.162233862549783, 34.690851645433369 ] } },
{ "type": "Feature", "properties": { "P29_001": "28105", "P29_002": "A128310000311", "P29_003": "16011", "P29_004": "認定こども園みなと幼稚園", "P29_005": "兵庫県神戸市兵庫区荒田町3-20-4", "P29_006": "4", "P29_007": "0", "P29_008": "00", "P29_009": null }, "geometry": { "type": "Point", "coordinates": [ 135.167426074934298, 34.684554141703344 ] } },
{ "type": "Feature", "properties": { "P29_001": "28105", "P29_002": "A128310000320", "P29_003": "16011", "P29_004": "たちえ幼稚園", "P29_005": "兵庫県神戸市兵庫区菊水町10-39-25", "P29_006": "4", "P29_007": "0", "P29_008": "00", "P29_009": null }, "geometry": { "type": "Point", "coordinates": [ 135.153296804939686, 34.680839205162037 ] } },
{ "type": "Feature", "properties": { "P29_001": "28106", "P29_002": "A128310000348", "P29_003": "16011", "P29_004": "昭和幼稚園", "P29_005": "兵庫県神戸市長田区腕塚町6-1-22", "P29_006": "4", "P29_007": "0", "P29_008": "00", "P29_009": null }, "geometry": { "type": "Point", "coordinates": [ 135.145872485177023, 34.653620959047871 ] } },
{ "type": "Feature", "properties": { "P29_001": "28106", "P29_002": "A128310000357", "P29_003": "16011", "P29_004": "しろはな幼稚園", "P29_005": "兵庫県神戸市長田区池田寺町25", "P29_006": "4", "P29_007": "0", "P29_008": "00", "P29_009": null }, "geometry": { "type": "Point", "coordinates": [ 135.145541452733681, 34.66870849062758 ] } },
{ "type": "Feature", "properties": { "P29_001": "28106", "P29_002": "A128310000366", "P29_003": "16011", "P29_004": "学校法人岡田学院あけぼの幼稚園", "P29_005": "兵庫県神戸市長田区片山町1-6-12", "P29_006": "4", "P29_007": "0", "P29_008": "00", "P29_009": null }, "geometry": { "type": "Point", "coordinates": [ 135.151314240816646, 34.671536731207482 ] } },
{ "type": "Feature", "properties": { "P29_001": "28106", "P29_002": "A128310000375", "P29_003": "16011", "P29_004": "丸山小羊幼稚園", "P29_005": "兵庫県神戸市長田区西丸山町2-3-34", "P29_006": "4", "P29_007": "0", "P29_008": "00", "P29_009": null }, "geometry": { "type": "Point", "coordinates": [ 135.138760797324778, 34.685572551114063 ] } },
{ "type": "Feature", "properties": { "P29_001": "28106", "P29_002": "A128310000400", "P29_003": "16011", "P29_004": "神戸常盤大学附属ときわ幼稚園", "P29_005": "兵庫県神戸市長田区大谷町2-6-2", "P29_006": "4", "P29_007": "0", "P29_008": "00", "P29_009": null }, "geometry": { "type": "Point", "coordinates": [ 135.140349435071926, 34.666198578367435 ] } },
{ "type": "Feature", "properties": { "P29_001": "28106", "P29_002": "A128310000419", "P29_003": "16011", "P29_004": "学校法人穐原学園高取台幼稚園", "P29_005": "兵庫県神戸市長田区上池田3-17-6", "P29_006": "4", "P29_007": "0", "P29_008": "00", "P29_009": null }, "geometry": { "type": "Point", "coordinates": [ 135.138469782117937, 34.669920392230658 ] } },
{ "type": "Feature", "properties": { "P29_001": "28107", "P29_002": "A128310000428", "P29_003": "16011", "P29_004": "須磨浦幼稚園", "P29_005": "兵庫県神戸市須磨区千守町2-1-8", "P29_006": "4", "P29_007": "0", "P29_008": "00", "P29_009": null }, "geometry": { "type": "Point", "coordinates": [ 135.112832347422369, 34.645423477937634 ] } },
{ "type": "Feature", "properties": { "P29_001": "28107", "P29_002": "A128310000437", "P29_003": "16011", "P29_004": "千鳥幼稚園", "P29_005": "兵庫県神戸市須磨区千守町1-3-21", "P29_006": "4", "P29_007": "0", "P29_008": "00", "P29_009": null }, "geometry": { "type": "Point", "coordinates": [ 135.11431420464956, 34.645714295886918 ] } },
{ "type": "Feature", "properties": { "P29_001": "28107", "P29_002": "A128310000446", "P29_003": "16011", "P29_004": "兵庫大学附属須磨幼稚園", "P29_005": "兵庫県神戸市須磨区行幸町2-6-19", "P29_006": "4", "P29_007": "0", "P29_008": "00", "P29_009": null }, "geometry": { "type": "Point", "coordinates": [ 135.121608802059399, 34.646169929845172 ] } },
{ "type": "Feature", "properties": { "P29_001": "28107", "P29_002": "A128310000455", "P29_003": "16011", "P29_004": "禅昌寺幼稚園", "P29_005": "兵庫県神戸市須磨区禅昌寺町2-5-1", "P29_006": "4", "P29_007": "0", "P29_008": "00", "P29_009": null }, "geometry": { "type": "Point", "coordinates": [ 135.127390281135831, 34.66949380430507 ] } },
{ "type": "Feature", "properties": { "P29_001": "28107", "P29_002": "A128310000464", "P29_003": "16011", "P29_004": "育英幼稚園", "P29_005": "兵庫県神戸市須磨区板宿町2-2-1", "P29_006": "4", "P29_007": "0", "P29_008": "00", "P29_009": null }, "geometry": { "type": "Point", "coordinates": [ 135.130268558058901, 34.661956129603155 ] } },
{ "type": "Feature", "properties": { "P29_001": "28107", "P29_002": "A128310000473", "P29_003": "16011", "P29_004": "須磨みどり幼稚園", "P29_005": "兵庫県神戸市須磨区中島町2-5-15", "P29_006": "4", "P29_007": "0", "P29_008": "00", "P29_009": null }, "geometry": { "type": "Point", "coordinates": [ 135.129214760359815, 34.652263701171492 ] } },
{ "type": "Feature", "properties": { "P29_001": "28107", "P29_002": "A128310000482", "P29_003": "16011", "P29_004": "平田幼稚園", "P29_005": "兵庫県神戸市須磨区平田町3-2-4", "P29_006": "4", "P29_007": "0", "P29_008": "00", "P29_009": null }, "geometry": { "type": "Point", "coordinates": [ 135.133580106442025, 34.659776420287315 ] } },
{ "type": "Feature", "properties": { "P29_001": "28107", "P29_002": "A128310000491", "P29_003": "16011", "P29_004": "妙法寺幼稚園", "P29_005": "兵庫県神戸市須磨区妙法寺字前田77", "P29_006": "4", "P29_007": "0", "P29_008": "00", "P29_009": null }, "geometry": { "type": "Point", "coordinates": [ 135.118251617645512, 34.675371659379806 ] } },
{ "type": "Feature", "properties": { "P29_001": "28108", "P29_002": "A128310000525", "P29_003": "16011", "P29_004": "舞子幼稚園", "P29_005": "兵庫県神戸市垂水区西舞子4-2-5", "P29_006": "4", "P29_007": "0", "P29_008": "00", "P29_009": null }, "geometry": { "type": "Point", "coordinates": [ 135.028949582942886, 34.642804500609877 ] } },
{ "type": "Feature", "properties": { "P29_001": "28108", "P29_002": "A128310000543", "P29_003": "16011", "P29_004": "愛徳幼稚園", "P29_005": "兵庫県神戸市垂水区霞ヶ丘7-4-3", "P29_006": "4", "P29_007": "0", "P29_008": "00", "P29_009": null }, "geometry": { "type": "Point", "coordinates": [ 135.044352989822073, 34.638389603848204 ] } },
{ "type": "Feature", "properties": { "P29_001": "28108", "P29_002": "A128310000552", "P29_003": "16011", "P29_004": "湊川短期大学附属西舞子幼稚園", "P29_005": "兵庫県神戸市垂水区南多聞台5-8-1", "P29_006": "4", "P29_007": "0", "P29_008": "00", "P29_009": null }, "geometry": { "type": "Point", "coordinates": [ 135.03116835722065, 34.654155869669026 ] } },
{ "type": "Feature", "properties": { "P29_001": "28108", "P29_002": "A128310000561", "P29_003": "16011", "P29_004": "星陵台めぐみ幼稚園", "P29_005": "兵庫県神戸市垂水区星陵台4-2", "P29_006": "4", "P29_007": "0", "P29_008": "00", "P29_009": null }, "geometry": { "type": "Point", "coordinates": [ 135.046921610736433, 34.643305787063603 ] } },
{ "type": "Feature", "properties": { "P29_001": "28108", "P29_002": "A128310000570", "P29_003": "16011", "P29_004": "湊川短期大学附属神陵台幼稚園", "P29_005": "兵庫県神戸市垂水区神陵台5-8-6", "P29_006": "4", "P29_007": "0", "P29_008": "00", "P29_009": null }, "geometry": { "type": "Point", "coordinates": [ 135.035221809176846, 34.658189367950172 ] } },
{ "type": "Feature", "properties": { "P29_001": "28108", "P29_002": "A128310000589", "P29_003": "16011", "P29_004": "神陵台愛徳幼稚園", "P29_005": "兵庫県神戸市垂水区神陵台7-13-13", "P29_006": "4", "P29_007": "0", "P29_008": "00", "P29_009": null }, "geometry": { "type": "Point", "coordinates": [ 135.036318571075782, 34.662454030168995 ] } },
{ "type": "Feature", "properties": { "P29_001": "28108", "P29_002": "A128310000598", "P29_003": "16011", "P29_004": "学校法人愛垂幼稚園", "P29_005": "兵庫県神戸市垂水区瑞ヶ丘6-13", "P29_006": "4", "P29_007": "0", "P29_008": "00", "P29_009": null }, "geometry": { "type": "Point", "coordinates": [ 135.056556874013097, 34.634018102527307 ] } },
{ "type": "Feature", "properties": { "P29_001": "28111", "P29_002": "A128310000605", "P29_003": "16011", "P29_004": "学校法人とよた学園認定こども園さくらんぼ幼稚園", "P29_005": "兵庫県神戸市西区桜が丘中町2-8-2", "P29_006": "4", "P29_007": "0", "P29_008": "00", "P29_009": null }, "geometry": { "type": "Point", "coordinates": [ 135.056765504601515, 34.747180611041358 ] } },
{ "type": "Feature", "properties": { "P29_001": "28108", "P29_002": "A128310000614", "P29_003": "16011", "P29_004": "園田学園女子大学附属学が丘幼稚園", "P29_005": "兵庫県神戸市垂水区学が丘1-10", "P29_006": "4", "P29_007": "0", "P29_008": "00", "P29_009": null }, "geometry": { "type": "Point", "coordinates": [ 135.051823045915626, 34.652669666258276 ] } },
{ "type": "Feature", "properties": { "P29_001": "28111", "P29_002": "A128310000623", "P29_003": "16011", "P29_004": "学校法人有野台幼稚園春日台幼稚園", "P29_005": "兵庫県神戸市西区春日台4-2", "P29_006": "4", "P29_007": "0", "P29_008": "00", "P29_009": null }, "geometry": { "type": "Point", "coordinates": [ 134.995736507610474, 34.707772320573945 ] } },
{ "type": "Feature", "properties": { "P29_001": "28111", "P29_002": "A128310000641", "P29_003": "16011", "P29_004": "高羽美賀多台幼稚園", "P29_005": "兵庫県神戸市西区美賀多台6-2", "P29_006": "4", "P29_007": "0", "P29_008": "00", "P29_009": null }, "geometry": { "type": "Point", "coordinates": [ 135.006055270385531, 34.719056639565778 ] } },
{ "type": "Feature", "properties": { "P29_001": "28109", "P29_002": "A128310000650", "P29_003": "16011", "P29_004": "鈴蘭台幼稚園", "P29_005": "兵庫県神戸市北区鈴蘭台南町1-2-15", "P29_006": "4", "P29_007": "0", "P29_008": "00", "P29_009": null }, "geometry": { "type": "Point", "coordinates": [ 135.143468255236741, 34.724103594330515 ] } },
{ "type": "Feature", "properties": { "P29_001": "28109", "P29_002": "A128310000669", "P29_003": "16011", "P29_004": "ありの藤原幼稚園", "P29_005": "兵庫県神戸市北区藤原台南町1-11", "P29_006": "4", "P29_007": "0", "P29_008": "00", "P29_009": null }, "geometry": { "type": "Point", "coordinates": [ 135.209379285217153, 34.812520496300849 ] } },
{ "type": "Feature", "properties": { "P29_001": "28109", "P29_002": "A128310000678", "P29_003": "16011", "P29_004": "聖ミカエル幼稚園", "P29_005": "兵庫県神戸市北区南五葉3-1-2", "P29_006": "4", "P29_007": "0", "P29_008": "00", "P29_009": null }, "geometry": { "type": "Point", "coordinates": [ 135.133281868273372, 34.72144701329983 ] } },
{ "type": "Feature", "properties": { "P29_001": "28109", "P29_002": "A128310000687", "P29_003": "16011", "P29_004": "認定こども園北六甲幼稚園", "P29_005": "兵庫県神戸市北区有野台3-12", "P29_006": "4", "P29_007": "0", "P29_008": "00", "P29_009": null }, "geometry": { "type": "Point", "coordinates": [ 135.227073551998444, 34.814973385327349 ] } },
{ "type": "Feature", "properties": { "P29_001": "28109", "P29_002": "A128310000696", "P29_003": "16011", "P29_004": "広陵幼稚園", "P29_005": "兵庫県神戸市北区広陵町2-32", "P29_006": "4", "P29_007": "0", "P29_008": "00", "P29_009": null }, "geometry": { "type": "Point", "coordinates": [ 135.15989121289681, 34.748433143464482 ] } },
{ "type": "Feature", "properties": { "P29_001": "28109", "P29_002": "A128310000712", "P29_003": "16011", "P29_004": "ひよどり台幼稚園", "P29_005": "兵庫県神戸市北区ひよどり台5-2", "P29_006": "4", "P29_007": "0", "P29_008": "00", "P29_009": null }, "geometry": { "type": "Point", "coordinates": [ 135.122020291534284, 34.70153385304156 ] } },
{ "type": "Feature", "properties": { "P29_001": "28109", "P29_002": "A128310000721", "P29_003": "16011", "P29_004": "レナ幼稚園", "P29_005": "兵庫県神戸市北区有野町唐櫃字西の垣2833", "P29_006": "4", "P29_007": "0", "P29_008": "00", "P29_009": null }, "geometry": { "type": "Point", "coordinates": [ 135.20297022019642, 34.778030541404718 ] } },
{ "type": "Feature", "properties": { "P29_001": "28109", "P29_002": "A128310000730", "P29_003": "16011", "P29_004": "認定こども園正英幼稚園", "P29_005": "兵庫県神戸市北区泉台5-11", "P29_006": "4", "P29_007": "0", "P29_008": "00", "P29_009": null }, "geometry": { "type": "Point", "coordinates": [ 135.133021512168114, 34.739033572213117 ] } },
{ "type": "Feature", "properties": { "P29_001": "28109", "P29_002": "A128310000749", "P29_003": "16011", "P29_004": "六甲藤原台幼稚園", "P29_005": "兵庫県神戸市北区藤原台中町3-17-2", "P29_006": "4", "P29_007": "0", "P29_008": "00", "P29_009": null }, "geometry": { "type": "Point", "coordinates": [ 135.21688650815247, 34.820468678094493 ] } },
{ "type": "Feature", "properties": { "P29_001": "28111", "P29_002": "A128310000758", "P29_003": "16011", "P29_004": "いぶき幼稚園", "P29_005": "兵庫県神戸市西区井吹台東町4-19", "P29_006": "4", "P29_007": "0", "P29_008": "00", "P29_009": null }, "geometry": { "type": "Point", "coordinates": [ 135.039590072671444, 34.703373760049054 ] } },
{ "type": "Feature", "properties": { "P29_001": "28201", "P29_002": "A128310000767", "P29_003": "16011", "P29_004": "日ノ本幼稚園", "P29_005": "兵庫県姫路市南新在家5-16", "P29_006": "4", "P29_007": "0", "P29_008": "00", "P29_009": null }, "geometry": { "type": "Point", "coordinates": [ 134.685005601261707, 34.844558257221784 ] } },
{ "type": "Feature", "properties": { "P29_001": "28201", "P29_002": "A128310000776", "P29_003": "16011", "P29_004": "フタバ幼稚園", "P29_005": "兵庫県姫路市飾磨区恵美酒55", "P29_006": "4", "P29_007": "0", "P29_008": "00", "P29_009": null }, "geometry": { "type": "Point", "coordinates": [ 134.673153604806544, 34.798902919424094 ] } },
{ "type": "Feature", "properties": { "P29_001": "28201", "P29_002": "A128310000785", "P29_003": "16011", "P29_004": "マリア幼稚園", "P29_005": "兵庫県姫路市網干区浜田816-6", "P29_006": "4", "P29_007": "0", "P29_008": "00", "P29_009": null }, "geometry": { "type": "Point", "coordinates": [ 134.577614618931506, 34.779120617686033 ] } },
{ "type": "Feature", "properties": { "P29_001": "28201", "P29_002": "A128310000794", "P29_003": "16011", "P29_004": "しげる幼稚園", "P29_005": "兵庫県姫路市町ノ坪125", "P29_006": "4", "P29_007": "0", "P29_008": "00", "P29_009": null }, "geometry": { "type": "Point", "coordinates": [ 134.659593782973189, 34.821178211937323 ] } },
{ "type": "Feature", "properties": { "P29_001": "28201", "P29_002": "A128310000801", "P29_003": "16011", "P29_004": "エンゼル学園幼稚園", "P29_005": "兵庫県姫路市梅ヶ谷町10-1", "P29_006": "4", "P29_007": "0", "P29_008": "00", "P29_009": null }, "geometry": { "type": "Point", "coordinates": [ 134.690092225896933, 34.857606236468257 ] } },
{ "type": "Feature", "properties": { "P29_001": "28201", "P29_002": "A128310000810", "P29_003": "16011", "P29_004": "真愛幼稚園", "P29_005": "兵庫県姫路市書写828", "P29_006": "4", "P29_007": "0", "P29_008": "00", "P29_009": null }, "geometry": { "type": "Point", "coordinates": [ 134.661516975266835, 34.872368652212771 ] } },
{ "type": "Feature", "properties": { "P29_001": "28202", "P29_002": "A128310000829", "P29_003": "16011", "P29_004": "慈愛幼稚園", "P29_005": "兵庫県尼崎市金楽寺町2-30-10", "P29_006": "4", "P29_007": "0", "P29_008": "00", "P29_009": null }, "geometry": { "type": "Point", "coordinates": [ 135.424365519177485, 34.724061072979325 ] } },
{ "type": "Feature", "properties": { "P29_001": "28202", "P29_002": "A128310000838", "P29_003": "16011", "P29_004": "認定こども園関西国際大学附属難波愛の園幼稚園", "P29_005": "兵庫県尼崎市西難波町5-8-33", "P29_006": "4", "P29_007": "0", "P29_008": "00", "P29_009": null }, "geometry": { "type": "Point", "coordinates": [ 135.408024038604111, 34.726471182576013 ] } },
{ "type": "Feature", "properties": { "P29_001": "28202", "P29_002": "A128310000847", "P29_003": "16011", "P29_004": "園田学園女子大学附属園田学園幼稚園", "P29_005": "兵庫県尼崎市南塚口町1-24-14", "P29_006": "4", "P29_007": "0", "P29_008": "00", "P29_009": null }, "geometry": { "type": "Point", "coordinates": [ 135.4144527442987, 34.748805346073418 ] } },
{ "type": "Feature", "properties": { "P29_001": "28202", "P29_002": "A128310000856", "P29_003": "16011", "P29_004": "常光寺幼稚園", "P29_005": "兵庫県尼崎市常光寺1-18-10", "P29_006": "4", "P29_007": "0", "P29_008": "00", "P29_009": null }, "geometry": { "type": "Point", "coordinates": [ 135.439591665339634, 34.727395602543623 ] } },
{ "type": "Feature", "properties": { "P29_001": "28202", "P29_002": "A128310000865", "P29_003": "16011", "P29_004": "みこころ幼稚園", "P29_005": "兵庫県尼崎市武庫之荘3-5-9", "P29_006": "4", "P29_007": "0", "P29_008": "00", "P29_009": null }, "geometry": { "type": "Point", "coordinates": [ 135.387525858508752, 34.756737128068217 ] } },
{ "type": "Feature", "properties": { "P29_001": "28202", "P29_002": "A128310000874", "P29_003": "16011", "P29_004": "みのり幼稚園", "P29_005": "兵庫県尼崎市元浜町2-58", "P29_006": "4", "P29_007": "0", "P29_008": "00", "P29_009": null }, "geometry": { "type": "Point", "coordinates": [ 135.386190654183736, 34.713485132673853 ] } },
{ "type": "Feature", "properties": { "P29_001": "28202", "P29_002": "A128310000883", "P29_003": "16011", "P29_004": "百合学院幼稚園", "P29_005": "兵庫県尼崎市小中島2-18-1", "P29_006": "4", "P29_007": "0", "P29_008": "00", "P29_009": null }, "geometry": { "type": "Point", "coordinates": [ 135.440767551586219, 34.748436062228038 ] } },
{ "type": "Feature", "properties": { "P29_001": "28202", "P29_002": "A128310000909", "P29_003": "16011", "P29_004": "認定こども園からたち幼稚園", "P29_005": "兵庫県尼崎市東大物町1-5-5", "P29_006": "4", "P29_007": "0", "P29_008": "00", "P29_009": null }, "geometry": { "type": "Point", "coordinates": [ 135.426473524035885, 34.717564279925867 ] } },
{ "type": "Feature", "properties": { "P29_001": "28202", "P29_002": "A128310000927", "P29_003": "16011", "P29_004": "明和幼稚園", "P29_005": "兵庫県尼崎市富松町2-35-46", "P29_006": "4", "P29_007": "0", "P29_008": "00", "P29_009": null }, "geometry": { "type": "Point", "coordinates": [ 135.405132674627851, 34.756539727644096 ] } },
{ "type": "Feature", "properties": { "P29_001": "28202", "P29_002": "A128310000936", "P29_003": "16011", "P29_004": "めぐみ幼稚園", "P29_005": "兵庫県尼崎市西立花町2-6-20", "P29_006": "4", "P29_007": "0", "P29_008": "00", "P29_009": null }, "geometry": { "type": "Point", "coordinates": [ 135.39718172584503, 34.73665598374135 ] } },
{ "type": "Feature", "properties": { "P29_001": "28202", "P29_002": "A128310000945", "P29_003": "16011", "P29_004": "立花愛の園幼稚園", "P29_005": "兵庫県尼崎市立花町3-20-27", "P29_006": "4", "P29_007": "0", "P29_008": "00", "P29_009": null }, "geometry": { "type": "Point", "coordinates": [ 135.401509289585363, 34.743155550390981 ] } },
{ "type": "Feature", "properties": { "P29_001": "28202", "P29_002": "A128310000954", "P29_003": "16011", "P29_004": "武庫之荘幼稚園", "P29_005": "兵庫県尼崎市武庫之荘西2-44-35", "P29_006": "4", "P29_007": "0", "P29_008": "00", "P29_009": null }, "geometry": { "type": "Point", "coordinates": [ 135.388551013104319, 34.752968470370966 ] } },
{ "type": "Feature", "properties": { "P29_001": "28202", "P29_002": "A128310000972", "P29_003": "16011", "P29_004": "武庫からたち幼稚園", "P29_005": "兵庫県尼崎市武庫之荘5-35-2", "P29_006": "4", "P29_007": "0", "P29_008": "00", "P29_009": null }, "geometry": { "type": "Point", "coordinates": [ 135.390023649986716, 34.760515297197365 ] } },
{ "type": "Feature", "properties": { "P29_001": "28202", "P29_002": "A128310000981", "P29_003": "16011", "P29_004": "母智幼稚園", "P29_005": "兵庫県尼崎市武庫の里2-11-20", "P29_006": "4", "P29_007": "0", "P29_008": "00", "P29_009": null }, "geometry": { "type": "Point", "coordinates": [ 135.383845681133693, 34.764479591796672 ] } },
{ "type": "Feature", "properties": { "P29_001": "28202", "P29_002": "A128310000990", "P29_003": "16011", "P29_004": "武庫愛の園幼稚園", "P29_005": "兵庫県尼崎市南武庫之荘4-5-23", "P29_006": "4", "P29_007": "0", "P29_008": "00", "P29_009": null }, "geometry": { "type": "Point", "coordinates": [ 135.390654621865451, 34.746007460724606 ] } },
{ "type": "Feature", "properties": { "P29_001": "28202", "P29_002": "A128310001016", "P29_003": "16011", "P29_004": "たけぞの幼稚園", "P29_005": "兵庫県尼崎市南武庫之荘1-10-1", "P29_006": "4", "P29_007": "0", "P29_008": "00", "P29_009": null }, "geometry": { "type": "Point", "coordinates": [ 135.394853913183624, 34.749956772942902 ] } },
{ "type": "Feature", "properties": { "P29_001": "28202", "P29_002": "A128310001025", "P29_003": "16011", "P29_004": "武庫東からたち幼稚園", "P29_005": "兵庫県尼崎市武庫之荘本町1-10-10", "P29_006": "4", "P29_007": "0", "P29_008": "00", "P29_009": null }, "geometry": { "type": "Point", "coordinates": [ 135.392846616388113, 34.759177259208165 ] } },
{ "type": "Feature", "properties": { "P29_001": "28202", "P29_002": "A128310001034", "P29_003": "16011", "P29_004": "園田慈愛幼稚園", "P29_005": "兵庫県尼崎市食満5-10-40", "P29_006": "4", "P29_007": "0", "P29_008": "00", "P29_009": null }, "geometry": { "type": "Point", "coordinates": [ 135.439218597051052, 34.760490252769316 ] } },
{ "type": "Feature", "properties": { "P29_001": "28203", "P29_002": "A128310001043", "P29_003": "16011", "P29_004": "錦江幼稚園", "P29_005": "兵庫県明石市東仲ノ町3-5", "P29_006": "4", "P29_007": "0", "P29_008": "00", "P29_009": null }, "geometry": { "type": "Point", "coordinates": [ 134.997517943249193, 34.647437357680268 ] } },
{ "type": "Feature", "properties": { "P29_001": "28203", "P29_002": "A128310001052", "P29_003": "16011", "P29_004": "牧羊幼稚園", "P29_005": "兵庫県明石市太寺天王町11", "P29_006": "4", "P29_007": "0", "P29_008": "00", "P29_009": null }, "geometry": { "type": "Point", "coordinates": [ 135.003861598625434, 34.656220868059684 ] } },
{ "type": "Feature", "properties": { "P29_001": "28204", "P29_002": "A128310001061", "P29_003": "16011", "P29_004": "仁川幼稚園", "P29_005": "兵庫県西宮市上甲東園2-4-43", "P29_006": "4", "P29_007": "0", "P29_008": "00", "P29_009": null }, "geometry": { "type": "Point", "coordinates": [ 135.354213304440918, 34.767546496977594 ] } },
{ "type": "Feature", "properties": { "P29_001": "28204", "P29_002": "A128310001070", "P29_003": "16011", "P29_004": "すずらん幼稚園", "P29_005": "兵庫県西宮市甲風園2-4-15", "P29_006": "4", "P29_007": "0", "P29_008": "00", "P29_009": null }, "geometry": { "type": "Point", "coordinates": [ 135.35589384946411, 34.750137923936393 ] } },
{ "type": "Feature", "properties": { "P29_001": "28204", "P29_002": "A128310001089", "P29_003": "16011", "P29_004": "浜甲子園健康幼稚園", "P29_005": "兵庫県西宮市浜甲子園2-10-4", "P29_006": "4", "P29_007": "0", "P29_008": "00", "P29_009": null }, "geometry": { "type": "Point", "coordinates": [ 135.355727909695531, 34.71422690149268 ] } },
{ "type": "Feature", "properties": { "P29_001": "28204", "P29_002": "A128310001098", "P29_003": "16011", "P29_004": "甲子園二葉幼稚園", "P29_005": "兵庫県西宮市甲子園三保町6-10", "P29_006": "4", "P29_007": "0", "P29_008": "00", "P29_009": null }, "geometry": { "type": "Point", "coordinates": [ 135.365045380478193, 34.728274025210197 ] } },
{ "type": "Feature", "properties": { "P29_001": "28204", "P29_002": "A128310001105", "P29_003": "16011", "P29_004": "上甲子園幼稚園", "P29_005": "兵庫県西宮市甲子園口2-16-31", "P29_006": "4", "P29_007": "0", "P29_008": "00", "P29_009": null }, "geometry": { "type": "Point", "coordinates": [ 135.373956359738543, 34.735476292123977 ] } },
{ "type": "Feature", "properties": { "P29_001": "28204", "P29_002": "A128310001114", "P29_003": "16011", "P29_004": "西宮教会こひつじ幼稚園", "P29_005": "兵庫県西宮市津門呉羽町7-36", "P29_006": "4", "P29_007": "0", "P29_008": "00", "P29_009": null }, "geometry": { "type": "Point", "coordinates": [ 135.353707719211826, 34.731672832919585 ] } },
{ "type": "Feature", "properties": { "P29_001": "28204", "P29_002": "A128310001123", "P29_003": "16011", "P29_004": "甲子園学院幼稚園", "P29_005": "兵庫県西宮市熊野町5-18", "P29_006": "4", "P29_007": "0", "P29_008": "00", "P29_009": null }, "geometry": { "type": "Point", "coordinates": [ 135.37173643023911, 34.744084513153176 ] } },
{ "type": "Feature", "properties": { "P29_001": "28204", "P29_002": "A128310001132", "P29_003": "16011", "P29_004": "甲子園口幼稚園", "P29_005": "兵庫県西宮市甲子園口4-22-9", "P29_006": "4", "P29_007": "0", "P29_008": "00", "P29_009": null }, "geometry": { "type": "Point", "coordinates": [ 135.371273176021646, 34.734221295682744 ] } },
{ "type": "Feature", "properties": { "P29_001": "28204", "P29_002": "A128310001150", "P29_003": "16011", "P29_004": "みそら幼稚園", "P29_005": "兵庫県西宮市若松町1-1", "P29_006": "4", "P29_007": "0", "P29_008": "00", "P29_009": null }, "geometry": { "type": "Point", "coordinates": [ 135.334519792912005, 34.742952392790322 ] } },
{ "type": "Feature", "properties": { "P29_001": "28204", "P29_002": "A128310001169", "P29_003": "16011", "P29_004": "神戸海星女子学院マリア幼稚園", "P29_005": "兵庫県西宮市木津山町5-26", "P29_006": "4", "P29_007": "0", "P29_008": "00", "P29_009": null }, "geometry": { "type": "Point", "coordinates": [ 135.319870164843934, 34.746097828574378 ] } },
{ "type": "Feature", "properties": { "P29_001": "28204", "P29_002": "A128310001178", "P29_003": "16011", "P29_004": "甲東幼稚園", "P29_005": "兵庫県西宮市甲東園1-2-15", "P29_006": "4", "P29_007": "0", "P29_008": "00", "P29_009": null }, "geometry": { "type": "Point", "coordinates": [ 135.361226733029866, 34.766615188088132 ] } },
{ "type": "Feature", "properties": { "P29_001": "28204", "P29_002": "A128310001187", "P29_003": "16011", "P29_004": "認定こども園むこがわ幼稚園", "P29_005": "兵庫県西宮市松並町9-4", "P29_006": "4", "P29_007": "0", "P29_008": "00", "P29_009": null }, "geometry": { "type": "Point", "coordinates": [ 135.374730430943174, 34.745109416473056 ] } },
{ "type": "Feature", "properties": { "P29_001": "28204", "P29_002": "A128310001196", "P29_003": "16011", "P29_004": "松風幼稚園", "P29_005": "兵庫県西宮市鳴尾町3-4-6", "P29_006": "4", "P29_007": "0", "P29_008": "00", "P29_009": null }, "geometry": { "type": "Point", "coordinates": [ 135.370864407357544, 34.718062957061889 ] } },
{ "type": "Feature", "properties": { "P29_001": "28204", "P29_002": "A128310001203", "P29_003": "16011", "P29_004": "安井幼稚園", "P29_005": "兵庫県西宮市平松町6-7", "P29_006": "4", "P29_007": "0", "P29_008": "00", "P29_009": null }, "geometry": { "type": "Point", "coordinates": [ 135.336062430368997, 34.739519475660288 ] } },
{ "type": "Feature", "properties": { "P29_001": "28204", "P29_002": "A128310001212", "P29_003": "16011", "P29_004": "花園幼稚園", "P29_005": "兵庫県西宮市上鳴尾町19-19", "P29_006": "4", "P29_007": "0", "P29_008": "00", "P29_009": null }, "geometry": { "type": "Point", "coordinates": [ 135.366880327764108, 34.72341318512234 ] } },
{ "type": "Feature", "properties": { "P29_001": "28204", "P29_002": "A128310001221", "P29_003": "16011", "P29_004": "光明幼稚園", "P29_005": "兵庫県西宮市甲子園七番町22-3", "P29_006": "4", "P29_007": "0", "P29_008": "00", "P29_009": null }, "geometry": { "type": "Point", "coordinates": [ 135.365375817509175, 34.719581839571596 ] } },
{ "type": "Feature", "properties": { "P29_001": "28204", "P29_002": "A128310001230", "P29_003": "16011", "P29_004": "甲子園東幼稚園", "P29_005": "兵庫県西宮市甲子園四番町4-32", "P29_006": "4", "P29_007": "0", "P29_008": "00", "P29_009": null }, "geometry": { "type": "Point", "coordinates": [ 135.369624695429877, 34.728559911662607 ] } },
{ "type": "Feature", "properties": { "P29_001": "28204", "P29_002": "A128310001249", "P29_003": "16011", "P29_004": "くるみ幼稚園", "P29_005": "兵庫県西宮市仁川町5-6-49", "P29_006": "4", "P29_007": "0", "P29_008": "00", "P29_009": null }, "geometry": { "type": "Point", "coordinates": [ 135.348844995413145, 34.773186714353685 ] } },
{ "type": "Feature", "properties": { "P29_001": "28204", "P29_002": "A128310001258", "P29_003": "16011", "P29_004": "香櫨園幼稚園", "P29_005": "兵庫県西宮市上葭原町3-31", "P29_006": "4", "P29_007": "0", "P29_008": "00", "P29_009": null }, "geometry": { "type": "Point", "coordinates": [ 135.32696104730698, 34.729857065333192 ] } },
{ "type": "Feature", "properties": { "P29_001": "28204", "P29_002": "A128310001267", "P29_003": "16011", "P29_004": "学校法人太田学園つぼみ幼稚園", "P29_005": "兵庫県西宮市甲子園浜田町10-18", "P29_006": "4", "P29_007": "0", "P29_008": "00", "P29_009": null }, "geometry": { "type": "Point", "coordinates": [ 135.362406411812884, 34.728841861735383 ] } },
{ "type": "Feature", "properties": { "P29_001": "28204", "P29_002": "A128310001276", "P29_003": "16011", "P29_004": "西光幼稚園", "P29_005": "兵庫県西宮市鳴尾町1-16-2", "P29_006": "4", "P29_007": "0", "P29_008": "00", "P29_009": null }, "geometry": { "type": "Point", "coordinates": [ 135.37090571058593, 34.717016460041563 ] } },
{ "type": "Feature", "properties": { "P29_001": "28204", "P29_002": "A128310001285", "P29_003": "16011", "P29_004": "一里山幼稚園", "P29_005": "兵庫県西宮市一里山町15-14", "P29_006": "4", "P29_007": "0", "P29_008": "00", "P29_009": null }, "geometry": { "type": "Point", "coordinates": [ 135.370306544159746, 34.774165838097055 ] } },
{ "type": "Feature", "properties": { "P29_001": "28204", "P29_002": "A128310001301", "P29_003": "16011", "P29_004": "学校法人阪急学園阪急幼稚園", "P29_005": "兵庫県西宮市大屋町28-18", "P29_006": "4", "P29_007": "0", "P29_008": "00", "P29_009": null }, "geometry": { "type": "Point", "coordinates": [ 135.364541292572994, 34.746790992245977 ] } },
{ "type": "Feature", "properties": { "P29_001": "28204", "P29_002": "A128310001310", "P29_003": "16011", "P29_004": "こばと幼稚園", "P29_005": "兵庫県西宮市津門西口町5-9", "P29_006": "4", "P29_007": "0", "P29_008": "00", "P29_009": null }, "geometry": { "type": "Point", "coordinates": [ 135.348332520497451, 34.735832815860014 ] } },
{ "type": "Feature", "properties": { "P29_001": "28204", "P29_002": "A128310001329", "P29_003": "16011", "P29_004": "西宮甲武幼稚園", "P29_005": "兵庫県西宮市樋ノ口町2-6-1", "P29_006": "4", "P29_007": "0", "P29_008": "00", "P29_009": null }, "geometry": { "type": "Point", "coordinates": [ 135.368516134231157, 34.758687996224921 ] } },
{ "type": "Feature", "properties": { "P29_001": "28204", "P29_002": "A128310001338", "P29_003": "16011", "P29_004": "西宮公同幼稚園", "P29_005": "兵庫県西宮市南昭和町10-22", "P29_006": "4", "P29_007": "0", "P29_008": "00", "P29_009": null }, "geometry": { "type": "Point", "coordinates": [ 135.354868008412211, 34.747526859394895 ] } },
{ "type": "Feature", "properties": { "P29_001": "28204", "P29_002": "A128310001347", "P29_003": "16011", "P29_004": "学校法人阪急学園段上幼稚園", "P29_005": "兵庫県西宮市段上町8-9-13", "P29_006": "4", "P29_007": "0", "P29_008": "00", "P29_009": null }, "geometry": { "type": "Point", "coordinates": [ 135.367076452801427, 34.767723125243648 ] } },
{ "type": "Feature", "properties": { "P29_001": "28204", "P29_002": "A128310001374", "P29_003": "16011", "P29_004": "広田幼稚園", "P29_005": "兵庫県西宮市広田町11-27", "P29_006": "4", "P29_007": "0", "P29_008": "00", "P29_009": null }, "geometry": { "type": "Point", "coordinates": [ 135.348195861773803, 34.752851733119172 ] } },
{ "type": "Feature", "properties": { "P29_001": "28204", "P29_002": "A128310001383", "P29_003": "16011", "P29_004": "和光幼稚園", "P29_005": "兵庫県西宮市室川町1-4", "P29_006": "4", "P29_007": "0", "P29_008": "00", "P29_009": null }, "geometry": { "type": "Point", "coordinates": [ 135.341511107640827, 34.744170008418322 ] } },
{ "type": "Feature", "properties": { "P29_001": "28204", "P29_002": "A128310001392", "P29_003": "16011", "P29_004": "松秀幼稚園", "P29_005": "兵庫県西宮市千歳町7-10", "P29_006": "4", "P29_007": "0", "P29_008": "00", "P29_009": null }, "geometry": { "type": "Point", "coordinates": [ 135.32910415130533, 34.740494269205783 ] } },
{ "type": "Feature", "properties": { "P29_001": "28204", "P29_002": "A128310001409", "P29_003": "16011", "P29_004": "武庫川女子大学附属幼稚園", "P29_005": "兵庫県西宮市池開町10-3", "P29_006": "4", "P29_007": "0", "P29_008": "00", "P29_009": null }, "geometry": { "type": "Point", "coordinates": [ 135.376294234891787, 34.71685780930251 ] } },
{ "type": "Feature", "properties": { "P29_001": "28204", "P29_002": "A128310001427", "P29_003": "16011", "P29_004": "幸幼稚園", "P29_005": "兵庫県西宮市北六甲台1-23-10", "P29_006": "4", "P29_007": "0", "P29_008": "00", "P29_009": null }, "geometry": { "type": "Point", "coordinates": [ 135.245882525089058, 34.834428422334248 ] } },
{ "type": "Feature", "properties": { "P29_001": "28204", "P29_002": "A128310001436", "P29_003": "16011", "P29_004": "東山幼稚園", "P29_005": "兵庫県西宮市東山台2-8-1", "P29_006": "4", "P29_007": "0", "P29_008": "00", "P29_009": null }, "geometry": { "type": "Point", "coordinates": [ 135.310542959538509, 34.831244003301769 ] } },
{ "type": "Feature", "properties": { "P29_001": "28205", "P29_002": "A128310001454", "P29_003": "16011", "P29_004": "柳幼稚園", "P29_005": "兵庫県洲本市海岸通2-4-7", "P29_006": "4", "P29_007": "0", "P29_008": "00", "P29_009": null }, "geometry": { "type": "Point", "coordinates": [ 134.899415037371938, 34.342864176026517 ] } },
{ "type": "Feature", "properties": { "P29_001": "28206", "P29_002": "A128310001463", "P29_003": "16011", "P29_004": "愛光幼稚園", "P29_005": "兵庫県芦屋市公光町2-10", "P29_006": "4", "P29_007": "0", "P29_008": "00", "P29_009": null }, "geometry": { "type": "Point", "coordinates": [ 135.30414490273219, 34.730816487084759 ] } },
{ "type": "Feature", "properties": { "P29_001": "28206", "P29_002": "A128310001472", "P29_003": "16011", "P29_004": "芦屋甲陽幼稚園", "P29_005": "兵庫県芦屋市大原町20-6", "P29_006": "4", "P29_007": "0", "P29_008": "00", "P29_009": null }, "geometry": { "type": "Point", "coordinates": [ 135.306107494373578, 34.73757720255437 ] } },
{ "type": "Feature", "properties": { "P29_001": "28206", "P29_002": "A128310001481", "P29_003": "16011", "P29_004": "芦屋大学附属幼稚園", "P29_005": "兵庫県芦屋市六麓荘町16-3", "P29_006": "4", "P29_007": "0", "P29_008": "00", "P29_009": null }, "geometry": { "type": "Point", "coordinates": [ 135.310497364897685, 34.75514791815597 ] } },
{ "type": "Feature", "properties": { "P29_001": "28206", "P29_002": "A128310001490", "P29_003": "16011", "P29_004": "芦屋みどり幼稚園", "P29_005": "兵庫県芦屋市翠ヶ丘町9-5", "P29_006": "4", "P29_007": "0", "P29_008": "00", "P29_009": null }, "geometry": { "type": "Point", "coordinates": [ 135.314142484986377, 34.736791113966333 ] } },
{ "type": "Feature", "properties": { "P29_001": "28207", "P29_002": "A128310001506", "P29_003": "16011", "P29_004": "王たるキリスト幼稚園", "P29_005": "兵庫県伊丹市梅ノ木5-3-1", "P29_006": "4", "P29_007": "0", "P29_008": "00", "P29_009": null }, "geometry": { "type": "Point", "coordinates": [ 135.410902350816485, 34.775429357529099 ] } },
{ "type": "Feature", "properties": { "P29_001": "28207", "P29_002": "A128310001515", "P29_003": "16011", "P29_004": "二葉幼稚園", "P29_005": "兵庫県伊丹市梅ノ木2-1-10", "P29_006": "4", "P29_007": "0", "P29_008": "00", "P29_009": null }, "geometry": { "type": "Point", "coordinates": [ 135.414793258151605, 34.773468145751778 ] } },
{ "type": "Feature", "properties": { "P29_001": "28207", "P29_002": "A128310001524", "P29_003": "16011", "P29_004": "月影幼稚園", "P29_005": "兵庫県伊丹市中央2-8-30", "P29_006": "4", "P29_007": "0", "P29_008": "00", "P29_009": null }, "geometry": { "type": "Point", "coordinates": [ 135.41592533389445, 34.781323930558614 ] } },
{ "type": "Feature", "properties": { "P29_001": "28207", "P29_002": "A128310001533", "P29_003": "16011", "P29_004": "ロザリオ幼稚園", "P29_005": "兵庫県伊丹市高台5-27", "P29_006": "4", "P29_007": "0", "P29_008": "00", "P29_009": null }, "geometry": { "type": "Point", "coordinates": [ 135.414529809783545, 34.792654964979228 ] } },
{ "type": "Feature", "properties": { "P29_001": "28207", "P29_002": "A128310001542", "P29_003": "16011", "P29_004": "白ゆり幼稚園", "P29_005": "兵庫県伊丹市春日丘3-50", "P29_006": "4", "P29_007": "0", "P29_008": "00", "P29_009": null }, "geometry": { "type": "Point", "coordinates": [ 135.412441417689138, 34.790461796517349 ] } },
{ "type": "Feature", "properties": { "P29_001": "28207", "P29_002": "A128310001551", "P29_003": "16011", "P29_004": "西伊丹幼稚園", "P29_005": "兵庫県伊丹市寺本5-373", "P29_006": "4", "P29_007": "0", "P29_008": "00", "P29_009": null }, "geometry": { "type": "Point", "coordinates": [ 135.388663226613858, 34.781287799578074 ] } },
{ "type": "Feature", "properties": { "P29_001": "28207", "P29_002": "A128310001560", "P29_003": "16011", "P29_004": "美鈴月影幼稚園", "P29_005": "兵庫県伊丹市昆陽東5-2-61", "P29_006": "4", "P29_007": "0", "P29_008": "00", "P29_009": null }, "geometry": { "type": "Point", "coordinates": [ 135.400379290142638, 34.777322310859702 ] } },
{ "type": "Feature", "properties": { "P29_001": "28207", "P29_002": "A128310001579", "P29_003": "16011", "P29_004": "野間幼稚園", "P29_005": "兵庫県伊丹市野間8-9-7", "P29_006": "4", "P29_007": "0", "P29_008": "00", "P29_009": null }, "geometry": { "type": "Point", "coordinates": [ 135.398517253994271, 34.764108179977676 ] } },
{ "type": "Feature", "properties": { "P29_001": "28208", "P29_002": "A128310001588", "P29_003": "16011", "P29_004": "学校法人淳心学院テレジア幼稚園", "P29_005": "兵庫県相生市栄町17-7", "P29_006": "4", "P29_007": "0", "P29_008": "00", "P29_009": null }, "geometry": { "type": "Point", "coordinates": [ 134.47177033389454, 34.813327073144499 ] } },
{ "type": "Feature", "properties": { "P29_001": "28212", "P29_002": "A128310001613", "P29_003": "16011", "P29_004": "赤穂あけぼの幼稚園", "P29_005": "兵庫県赤穂市上仮屋北15-7", "P29_006": "4", "P29_007": "0", "P29_008": "00", "P29_009": null }, "geometry": { "type": "Point", "coordinates": [ 134.388416640298345, 34.751842685292445 ] } },
{ "type": "Feature", "properties": { "P29_001": "28214", "P29_002": "A128310001622", "P29_003": "16011", "P29_004": "認定こども園自然幼稚園", "P29_005": "兵庫県宝塚市川面5-15-9", "P29_006": "4", "P29_007": "0", "P29_008": "00", "P29_009": null }, "geometry": { "type": "Point", "coordinates": [ 135.33769057129544, 34.813794521407722 ] } },
{ "type": "Feature", "properties": { "P29_001": "28214", "P29_002": "A128310001631", "P29_003": "16011", "P29_004": "宝塚厚生幼稚園", "P29_005": "兵庫県宝塚市旭町1-2-35", "P29_006": "4", "P29_007": "0", "P29_008": "00", "P29_009": null }, "geometry": { "type": "Point", "coordinates": [ 135.354683637416912, 34.807517586736196 ] } },
{ "type": "Feature", "properties": { "P29_001": "28214", "P29_002": "A128310001640", "P29_003": "16011", "P29_004": "雲雀丘学園幼稚園", "P29_005": "兵庫県宝塚市雲雀丘4-1-3", "P29_006": "4", "P29_007": "0", "P29_008": "00", "P29_009": null }, "geometry": { "type": "Point", "coordinates": [ 135.401879116136513, 34.82630471362495 ] } },
{ "type": "Feature", "properties": { "P29_001": "28214", "P29_002": "A128310001659", "P29_003": "16011", "P29_004": "生成幼稚園", "P29_005": "兵庫県宝塚市雲雀丘山手1-16-17", "P29_006": "4", "P29_007": "0", "P29_008": "00", "P29_009": null }, "geometry": { "type": "Point", "coordinates": [ 135.403178474842662, 34.832863078029867 ] } },
{ "type": "Feature", "properties": { "P29_001": "28214", "P29_002": "A128310001668", "P29_003": "16011", "P29_004": "宝塚武庫山幼稚園", "P29_005": "兵庫県宝塚市武庫山1-1-17", "P29_006": "4", "P29_007": "0", "P29_008": "00", "P29_009": null }, "geometry": { "type": "Point", "coordinates": [ 135.340976045470484, 34.802874855968717 ] } },
{ "type": "Feature", "properties": { "P29_001": "28214", "P29_002": "A128310001677", "P29_003": "16011", "P29_004": "学校法人宝塚伊和志津学園認定こども園逆瀬川幼稚園", "P29_005": "兵庫県宝塚市伊孑志1-4-50", "P29_006": "4", "P29_007": "0", "P29_008": "00", "P29_009": null }, "geometry": { "type": "Point", "coordinates": [ 135.353255764738719, 34.79952731780007 ] } },
{ "type": "Feature", "properties": { "P29_001": "28214", "P29_002": "A128310001686", "P29_003": "16011", "P29_004": "宝塚南口幼稚園", "P29_005": "兵庫県宝塚市南口2-4-4", "P29_006": "4", "P29_007": "0", "P29_008": "00", "P29_009": null }, "geometry": { "type": "Point", "coordinates": [ 135.346772189173862, 34.803161572429715 ] } },
{ "type": "Feature", "properties": { "P29_001": "28217", "P29_002": "A128310001695", "P29_003": "16011", "P29_004": "花屋敷幼稚園", "P29_005": "兵庫県宝塚市口谷東2-3-9", "P29_006": "4", "P29_007": "0", "P29_008": "00", "P29_009": null }, "geometry": { "type": "Point", "coordinates": [ 135.400646187808235, 34.81832397869151 ] } },
{ "type": "Feature", "properties": { "P29_001": "28214", "P29_002": "A128310001702", "P29_003": "16011", "P29_004": "学校法人ルンビニ学園幼稚園", "P29_005": "兵庫県宝塚市売布2-6-21", "P29_006": "4", "P29_007": "0", "P29_008": "00", "P29_009": null }, "geometry": { "type": "Point", "coordinates": [ 135.361381642685018, 34.814286526409468 ] } },
{ "type": "Feature", "properties": { "P29_001": "28214", "P29_002": "A128310001711", "P29_003": "16011", "P29_004": "めぐみ学園幼稚園", "P29_005": "兵庫県宝塚市小林3-7-45", "P29_006": "4", "P29_007": "0", "P29_008": "00", "P29_009": null }, "geometry": { "type": "Point", "coordinates": [ 135.357432951388859, 34.796186113982252 ] } },
{ "type": "Feature", "properties": { "P29_001": "28214", "P29_002": "A128310001720", "P29_003": "16011", "P29_004": "宝塚ふたば幼稚園", "P29_005": "兵庫県宝塚市星の荘6-18", "P29_006": "4", "P29_007": "0", "P29_008": "00", "P29_009": null }, "geometry": { "type": "Point", "coordinates": [ 135.364735437139359, 34.814130234982471 ] } },
{ "type": "Feature", "properties": { "P29_001": "28214", "P29_002": "A128310001739", "P29_003": "16011", "P29_004": "雲雀丘学園中山台幼稚園", "P29_005": "兵庫県宝塚市中山桜台1-1-1", "P29_006": "4", "P29_007": "0", "P29_008": "00", "P29_009": null }, "geometry": { "type": "Point", "coordinates": [ 135.36766765040062, 34.830081787544401 ] } },
{ "type": "Feature", "properties": { "P29_001": "28214", "P29_002": "A128310001748", "P29_003": "16011", "P29_004": "野上幼稚園", "P29_005": "兵庫県宝塚市野上5-5-30", "P29_006": "4", "P29_007": "0", "P29_008": "00", "P29_009": null }, "geometry": { "type": "Point", "coordinates": [ 135.337466282331604, 34.792875568482728 ] } },
{ "type": "Feature", "properties": { "P29_001": "28214", "P29_002": "A128310001757", "P29_003": "16011", "P29_004": "すみれ幼稚園", "P29_005": "兵庫県宝塚市すみれガ丘1-5-2", "P29_006": "4", "P29_007": "0", "P29_008": "00", "P29_009": null }, "geometry": { "type": "Point", "coordinates": [ 135.342022449958449, 34.820822992803571 ] } },
{ "type": "Feature", "properties": { "P29_001": "28217", "P29_002": "A128310001766", "P29_003": "16011", "P29_004": "鶴之荘幼稚園", "P29_005": "兵庫県川西市小戸1-15-13", "P29_006": "4", "P29_007": "0", "P29_008": "00", "P29_009": null }, "geometry": { "type": "Point", "coordinates": [ 135.419182032592431, 34.829254633059762 ] } },
{ "type": "Feature", "properties": { "P29_001": "28217", "P29_002": "A128310001775", "P29_003": "16011", "P29_004": "緑台幼稚園", "P29_005": "兵庫県川西市緑台4-1", "P29_006": "4", "P29_007": "0", "P29_008": "00", "P29_009": null }, "geometry": { "type": "Point", "coordinates": [ 135.408059688495428, 34.867375033001835 ] } },
{ "type": "Feature", "properties": { "P29_001": "28217", "P29_002": "A128310001784", "P29_003": "16011", "P29_004": "親和幼稚園", "P29_005": "兵庫県川西市霞ヶ丘1-3-10", "P29_006": "4", "P29_007": "0", "P29_008": "00", "P29_009": null }, "geometry": { "type": "Point", "coordinates": [ 135.412560484351758, 34.836326962432366 ] } },
{ "type": "Feature", "properties": { "P29_001": "28217", "P29_002": "A128310001800", "P29_003": "16011", "P29_004": "平野幼稚園", "P29_005": "兵庫県川西市水明台4-4-5", "P29_006": "4", "P29_007": "0", "P29_008": "00", "P29_009": null }, "geometry": { "type": "Point", "coordinates": [ 135.399048269682112, 34.882166415497139 ] } },
{ "type": "Feature", "properties": { "P29_001": "28217", "P29_002": "A128310001819", "P29_003": "16011", "P29_004": "藤ケ丘幼稚園", "P29_005": "兵庫県川西市湯山台1-38-4", "P29_006": "4", "P29_007": "0", "P29_008": "00", "P29_009": null }, "geometry": { "type": "Point", "coordinates": [ 135.40016601958223, 34.847574558835952 ] } },
{ "type": "Feature", "properties": { "P29_001": "28501", "P29_002": "A128310001828", "P29_003": "16011", "P29_004": "佐用マリア幼稚園", "P29_005": "兵庫県佐用郡佐用町佐用2847", "P29_006": "4", "P29_007": "0", "P29_008": "00", "P29_009": null }, "geometry": { "type": "Point", "coordinates": [ 134.356224459142567, 35.005844405581307 ] } },
{ "type": "Feature", "properties": { "P29_001": "28224", "P29_002": "A128310001837", "P29_003": "16011", "P29_004": "淡路さゆり幼稚園", "P29_005": "兵庫県南あわじ市潮美台1-26", "P29_006": "4", "P29_007": "0", "P29_008": "00", "P29_009": null }, "geometry": { "type": "Point", "coordinates": [ 134.732173607932594, 34.251348759059354 ] } },
{ "type": "Feature", "properties": { "P29_001": "28219", "P29_002": "A128310001846", "P29_003": "16011", "P29_004": "認定こども園湊川短期大学附属北摂第一幼稚園", "P29_005": "兵庫県三田市武庫が丘4-10", "P29_006": "4", "P29_007": "0", "P29_008": "00", "P29_009": null }, "geometry": { "type": "Point", "coordinates": [ 135.206852307922901, 34.885164880005028 ] } },
{ "type": "Feature", "properties": { "P29_001": "28219", "P29_002": "A128310001855", "P29_003": "16011", "P29_004": "認定こども園湊川短期大学附属北摂中央幼稚園", "P29_005": "兵庫県三田市すずかけ台2-16", "P29_006": "4", "P29_007": "0", "P29_008": "00", "P29_009": null }, "geometry": { "type": "Point", "coordinates": [ 135.194383209307802, 34.901331662599702 ] } },
{ "type": "Feature", "properties": { "P29_001": "28219", "P29_002": "A128310001864", "P29_003": "16011", "P29_004": "認定こども園ふじ幼稚園", "P29_005": "兵庫県三田市富士が丘2-16", "P29_006": "4", "P29_007": "0", "P29_008": "00", "P29_009": null }, "geometry": { "type": "Point", "coordinates": [ 135.193286304693288, 34.890211648666146 ] } },
{ "type": "Feature", "properties": { "P29_001": "28219", "P29_002": "A128310001873", "P29_003": "16011", "P29_004": "認定こども園三田あさひ幼稚園", "P29_005": "兵庫県三田市あかしあ台4-21", "P29_006": "4", "P29_007": "0", "P29_008": "00", "P29_009": null }, "geometry": { "type": "Point", "coordinates": [ 135.18290869902296, 34.905613470881484 ] } },
{ "type": "Feature", "properties": { "P29_001": "28219", "P29_002": "A128310001882", "P29_003": "16011", "P29_004": "認定こども園三田さち幼稚園", "P29_005": "兵庫県三田市狭間が丘4-5", "P29_006": "4", "P29_007": "0", "P29_008": "00", "P29_009": null }, "geometry": { "type": "Point", "coordinates": [ 135.200004875529061, 34.880776058148385 ] } },
{ "type": "Feature", "properties": { "P29_001": "28219", "P29_002": "A128310001891", "P29_003": "16011", "P29_004": "三田つつじが丘認定こども園", "P29_005": "兵庫県三田市つつじが丘北2-26", "P29_006": "4", "P29_007": "0", "P29_008": "00", "P29_009": null }, "geometry": { "type": "Point", "coordinates": [ 135.1283164056521, 34.943421322038368 ] } },
{ "type": "Feature", "properties": { "P29_001": "28219", "P29_002": "A128310001908", "P29_003": "16011", "P29_004": "認定こども園やよい幼稚園", "P29_005": "兵庫県三田市弥生が丘5-13", "P29_006": "4", "P29_007": "0", "P29_008": "00", "P29_009": null }, "geometry": { "type": "Point", "coordinates": [ 135.193820164718375, 34.88329272358493 ] } },
{ "type": "Feature", "properties": { "P29_001": "28219", "P29_002": "A128310001917", "P29_003": "16011", "P29_004": "認定こども園湊川短期大学附属北摂学園幼稚園", "P29_005": "兵庫県三田市学園7-1-3", "P29_006": "4", "P29_007": "0", "P29_008": "00", "P29_009": null }, "geometry": { "type": "Point", "coordinates": [ 135.163487346148003, 34.905069337465306 ] } },
{ "type": "Feature", "properties": { "P29_001": "28219", "P29_002": "A128310001926", "P29_003": "16011", "P29_004": "認定こども園神戸親和大学附属親和幼稚園", "P29_005": "兵庫県三田市ゆりのき台5-43", "P29_006": "4", "P29_007": "0", "P29_008": "00", "P29_009": null }, "geometry": { "type": "Point", "coordinates": [ 135.178272578481341, 34.917602464627059 ] } },
{ "type": "Feature", "properties": { "P29_001": "28201", "P29_002": "A128310001935", "P29_003": "16011", "P29_004": "真教寺宝国幼稚園", "P29_005": "兵庫県姫路市飾磨区今在家北1-1", "P29_006": "4", "P29_007": "0", "P29_008": "00", "P29_009": null }, "geometry": { "type": "Point", "coordinates": [ 134.656607653086127, 34.809063959142819 ] } },
{ "type": "Feature", "properties": { "P29_001": "28228", "P29_002": "A128110000020", "P29_003": "16011", "P29_004": "兵庫教育大学附属幼稚園", "P29_005": "兵庫県加東市山国2013-4", "P29_006": "1", "P29_007": "0", "P29_008": "00", "P29_009": null }, "geometry": { "type": "Point", "coordinates": [ 134.980774596225018, 34.914450593113685 ] } },
{ "type": "Feature", "properties": { "P29_001": "28102", "P29_002": "A128210000064", "P29_003": "16011", "P29_004": "神戸市立六甲山幼稚園", "P29_005": "兵庫県神戸市灘区六甲山町北六甲4512-42", "P29_006": "3", "P29_007": "0", "P29_008": "00", "P29_009": null }, "geometry": { "type": "Point", "coordinates": [ 135.232559007382804, 34.75726281070402 ] } },
{ "type": "Feature", "properties": { "P29_001": "28110", "P29_002": "A128210000091", "P29_003": "16011", "P29_004": "神戸市立港島幼稚園", "P29_005": "兵庫県神戸市中央区港島中町3-2-10", "P29_006": "3", "P29_007": "0", "P29_008": "00", "P29_009": null }, "geometry": { "type": "Point", "coordinates": [ 135.214208524523059, 34.669206278220031 ] } },
{ "type": "Feature", "properties": { "P29_001": "28111", "P29_002": "A128210000162", "P29_003": "16011", "P29_004": "神戸市立太山寺幼稚園", "P29_005": "兵庫県神戸市西区伊川谷町前開860", "P29_006": "3", "P29_007": "0", "P29_008": "00", "P29_009": null }, "geometry": { "type": "Point", "coordinates": [ 135.054907529747396, 34.696388853721047 ] } },
{ "type": "Feature", "properties": { "P29_001": "28111", "P29_002": "A128210000215", "P29_003": "16011", "P29_004": "神戸市立岩岡幼稚園", "P29_005": "兵庫県神戸市西区岩岡町古郷294", "P29_006": "3", "P29_007": "0", "P29_008": "00", "P29_009": null }, "geometry": { "type": "Point", "coordinates": [ 134.943269012009694, 34.717541488441171 ] } },
{ "type": "Feature", "properties": { "P29_001": "28109", "P29_002": "A128210000288", "P29_003": "16011", "P29_004": "神戸市立道場幼稚園", "P29_005": "兵庫県神戸市北区道場町塩田1460", "P29_006": "3", "P29_007": "0", "P29_008": "00", "P29_009": null }, "geometry": { "type": "Point", "coordinates": [ 135.23270854933628, 34.870357690671767 ] } },
{ "type": "Feature", "properties": { "P29_001": "28109", "P29_002": "A128210000304", "P29_003": "16011", "P29_004": "神戸市立大沢幼稚園", "P29_005": "兵庫県神戸市北区大沢町中大沢976", "P29_006": "3", "P29_007": "0", "P29_008": "00", "P29_009": null }, "geometry": { "type": "Point", "coordinates": [ 135.165199639773618, 34.854670495504593 ] } },
{ "type": "Feature", "properties": { "P29_001": "28109", "P29_002": "A128210000313", "P29_003": "16011", "P29_004": "神戸市立長尾幼稚園", "P29_005": "兵庫県神戸市北区長尾町宅原130", "P29_006": "3", "P29_007": "0", "P29_008": "00", "P29_009": null }, "geometry": { "type": "Point", "coordinates": [ 135.204142875604134, 34.872767645816964 ] } },
{ "type": "Feature", "properties": { "P29_001": "28109", "P29_002": "A128210000322", "P29_003": "16011", "P29_004": "神戸市立淡河好徳幼稚園", "P29_005": "兵庫県神戸市北区淡河町萩原1087", "P29_006": "3", "P29_007": "0", "P29_008": "00", "P29_009": null }, "geometry": { "type": "Point", "coordinates": [ 135.10271079690844, 34.816887561153209 ] } },
{ "type": "Feature", "properties": { "P29_001": "28109", "P29_002": "A128210000331", "P29_003": "16011", "P29_004": "神戸市立やまびこ幼稚園", "P29_005": "兵庫県神戸市北区花山東町3-2", "P29_006": "3", "P29_007": "0", "P29_008": "00", "P29_009": null }, "geometry": { "type": "Point", "coordinates": [ 135.187223890098892, 34.765291527638517 ] } },
{ "type": "Feature", "properties": { "P29_001": "28201", "P29_002": "A128210000411", "P29_003": "16011", "P29_004": "姫路市立手柄幼稚園", "P29_005": "兵庫県姫路市延末148-2", "P29_006": "3", "P29_007": "0", "P29_008": "00", "P29_009": null }, "geometry": { "type": "Point", "coordinates": [ 134.677480883289007, 34.82124793455494 ] } },
{ "type": "Feature", "properties": { "P29_001": "28201", "P29_002": "A128210000484", "P29_003": "16011", "P29_004": "姫路市立八幡幼稚園", "P29_005": "兵庫県姫路市広畑区城山町1400-1", "P29_006": "3", "P29_007": "0", "P29_008": "00", "P29_009": null }, "geometry": { "type": "Point", "coordinates": [ 134.637028106230645, 34.825703303688769 ] } },
{ "type": "Feature", "properties": { "P29_001": "28201", "P29_002": "A128210000572", "P29_003": "16011", "P29_004": "姫路市立別所幼稚園", "P29_005": "兵庫県姫路市別所町別所1721", "P29_006": "3", "P29_007": "0", "P29_008": "00", "P29_009": null }, "geometry": { "type": "Point", "coordinates": [ 134.75629767759898, 34.808190368808106 ] } },
{ "type": "Feature", "properties": { "P29_001": "28201", "P29_002": "A128210000581", "P29_003": "16011", "P29_004": "姫路市立谷外幼稚園", "P29_005": "兵庫県姫路市飾東町豊国1164-91", "P29_006": "3", "P29_007": "0", "P29_008": "00", "P29_009": null }, "geometry": { "type": "Point", "coordinates": [ 134.740966221981154, 34.84437363839767 ] } },
{ "type": "Feature", "properties": { "P29_001": "28201", "P29_002": "A128210000652", "P29_003": "16011", "P29_004": "姫路市立青山幼稚園", "P29_005": "兵庫県姫路市青山北3-42-2", "P29_006": "3", "P29_007": "0", "P29_008": "00", "P29_009": null }, "geometry": { "type": "Point", "coordinates": [ 134.632406541227851, 34.851848295200881 ] } },
{ "type": "Feature", "properties": { "P29_001": "28203", "P29_002": "A128210000750", "P29_003": "16011", "P29_004": "明石市立明石幼稚園", "P29_005": "兵庫県明石市山下町12-21", "P29_006": "3", "P29_007": "0", "P29_008": "00", "P29_009": null }, "geometry": { "type": "Point", "coordinates": [ 134.994918446658772, 34.651119692689555 ] } },
{ "type": "Feature", "properties": { "P29_001": "28203", "P29_002": "A128210000769", "P29_003": "16011", "P29_004": "明石市立人丸幼稚園", "P29_005": "兵庫県明石市東人丸町26-29", "P29_006": "3", "P29_007": "0", "P29_008": "00", "P29_009": null }, "geometry": { "type": "Point", "coordinates": [ 135.005286241262212, 34.650968613101945 ] } },
{ "type": "Feature", "properties": { "P29_001": "28203", "P29_002": "A128210000778", "P29_003": "16011", "P29_004": "明石市立大観幼稚園", "P29_005": "兵庫県明石市大明石町2-8-30", "P29_006": "3", "P29_007": "0", "P29_008": "00", "P29_009": null }, "geometry": { "type": "Point", "coordinates": [ 134.985446320675379, 34.649809336084736 ] } },
{ "type": "Feature", "properties": { "P29_001": "28203", "P29_002": "A128210000796", "P29_003": "16011", "P29_004": "明石市立林幼稚園", "P29_005": "兵庫県明石市林崎町1-8-10", "P29_006": "3", "P29_007": "0", "P29_008": "00", "P29_009": null }, "geometry": { "type": "Point", "coordinates": [ 134.970795209084088, 34.649369960715894 ] } },
{ "type": "Feature", "properties": { "P29_001": "28203", "P29_002": "A128210000803", "P29_003": "16011", "P29_004": "明石市立鳥羽幼稚園", "P29_005": "兵庫県明石市西明石北町2-2-1", "P29_006": "3", "P29_007": "0", "P29_008": "00", "P29_009": null }, "geometry": { "type": "Point", "coordinates": [ 134.966938816322084, 34.670005104038061 ] } },
{ "type": "Feature", "properties": { "P29_001": "28203", "P29_002": "A128210000849", "P29_003": "16011", "P29_004": "明石市立大久保幼稚園", "P29_005": "兵庫県明石市大久保町大久保町430", "P29_006": "3", "P29_007": "0", "P29_008": "00", "P29_009": null }, "geometry": { "type": "Point", "coordinates": [ 134.946240418889232, 34.679557618710597 ] } },
{ "type": "Feature", "properties": { "P29_001": "28203", "P29_002": "A128210000876", "P29_003": "16011", "P29_004": "明石市立江井島幼稚園", "P29_005": "兵庫県明石市大久保町西島252", "P29_006": "3", "P29_007": "0", "P29_008": "00", "P29_009": null }, "geometry": { "type": "Point", "coordinates": [ 134.915184473153573, 34.6798964778366 ] } },
{ "type": "Feature", "properties": { "P29_001": "28203", "P29_002": "A128210000885", "P29_003": "16011", "P29_004": "明石市立魚住幼稚園", "P29_005": "兵庫県明石市魚住町清水570", "P29_006": "3", "P29_007": "0", "P29_008": "00", "P29_009": null }, "geometry": { "type": "Point", "coordinates": [ 134.913062744145293, 34.702875316609855 ] } },
{ "type": "Feature", "properties": { "P29_001": "28203", "P29_002": "A128210000974", "P29_003": "16011", "P29_004": "明石市立清水幼稚園", "P29_005": "兵庫県明石市魚住町清水1752-2", "P29_006": "3", "P29_007": "0", "P29_008": "00", "P29_009": null }, "geometry": { "type": "Point", "coordinates": [ 134.906367176012225, 34.715700096393419 ] } },
{ "type": "Feature", "properties": { "P29_001": "28203", "P29_002": "A128210001009", "P29_003": "16011", "P29_004": "明石市立二見西幼稚園", "P29_005": "兵庫県明石市二見町西二見383-34", "P29_006": "3", "P29_007": "0", "P29_008": "00", "P29_009": null }, "geometry": { "type": "Point", "coordinates": [ 134.883323425713684, 34.705428188729677 ] } },
{ "type": "Feature", "properties": { "P29_001": "28204", "P29_002": "A128210001116", "P29_003": "16011", "P29_004": "西宮市立生瀬幼稚園", "P29_005": "兵庫県西宮市生瀬町2-26-24", "P29_006": "3", "P29_007": "0", "P29_008": "00", "P29_009": null }, "geometry": { "type": "Point", "coordinates": [ 135.330570247324886, 34.81810023031376 ] } },
{ "type": "Feature", "properties": { "P29_001": "28204", "P29_002": "A128210001214", "P29_003": "16011", "P29_004": "西宮市立高須西幼稚園", "P29_005": "兵庫県西宮市高須町2-1-45", "P29_006": "3", "P29_007": "0", "P29_008": "00", "P29_009": null }, "geometry": { "type": "Point", "coordinates": [ 135.364615507023615, 34.705611098968077 ] } },
{ "type": "Feature", "properties": { "P29_001": "28208", "P29_002": "A128210001438", "P29_003": "16011", "P29_004": "相生市立あおば幼稚園", "P29_005": "兵庫県相生市青葉台1-2", "P29_006": "3", "P29_007": "0", "P29_008": "00", "P29_009": null }, "geometry": { "type": "Point", "coordinates": [ 134.450607325112628, 34.810226816347651 ] } },
{ "type": "Feature", "properties": { "P29_001": "28209", "P29_002": "A128210001508", "P29_003": "16011", "P29_004": "豊岡市立五荘奈佐幼稚園", "P29_005": "兵庫県豊岡市中陰1", "P29_006": "3", "P29_007": "0", "P29_008": "00", "P29_009": null }, "geometry": { "type": "Point", "coordinates": [ 134.804831650894414, 35.548185518725155 ] } },
{ "type": "Feature", "properties": { "P29_001": "28210", "P29_002": "A128210001580", "P29_003": "16011", "P29_004": "加古川市立尾上幼稚園", "P29_005": "兵庫県加古川市尾上町長田517-70", "P29_006": "3", "P29_007": "0", "P29_008": "00", "P29_009": null }, "geometry": { "type": "Point", "coordinates": [ 134.825058955425931, 34.741771613036853 ] } },
{ "type": "Feature", "properties": { "P29_001": "28210", "P29_002": "A128210001624", "P29_003": "16011", "P29_004": "加古川市立浜の宮幼稚園", "P29_005": "兵庫県加古川市尾上町口里790-60", "P29_006": "3", "P29_007": "0", "P29_008": "00", "P29_009": null }, "geometry": { "type": "Point", "coordinates": [ 134.831041984878453, 34.736287512668717 ] } },
{ "type": "Feature", "properties": { "P29_001": "28210", "P29_002": "A128210001633", "P29_003": "16011", "P29_004": "加古川市立平岡東幼稚園", "P29_005": "兵庫県加古川市平岡町土山109", "P29_006": "3", "P29_007": "0", "P29_008": "00", "P29_009": null }, "geometry": { "type": "Point", "coordinates": [ 134.890134776069857, 34.725112173419149 ] } },
{ "type": "Feature", "properties": { "P29_001": "28210", "P29_002": "A128210001642", "P29_003": "16011", "P29_004": "加古川市立野口北幼稚園", "P29_005": "兵庫県加古川市野口町北野1110", "P29_006": "3", "P29_007": "0", "P29_008": "00", "P29_009": null }, "geometry": { "type": "Point", "coordinates": [ 134.869986186656689, 34.760607377637541 ] } },
{ "type": "Feature", "properties": { "P29_001": "28212", "P29_002": "A128210001697", "P29_003": "16011", "P29_004": "赤穂市立尾崎幼稚園", "P29_005": "兵庫県赤穂市尾崎3117-3", "P29_006": "3", "P29_007": "0", "P29_008": "00", "P29_009": null }, "geometry": { "type": "Point", "coordinates": [ 134.40726060435702, 34.744864653020322 ] } },
{ "type": "Feature", "properties": { "P29_001": "28212", "P29_002": "A128210001759", "P29_003": "16011", "P29_004": "赤穂市立有年幼稚園", "P29_005": "兵庫県赤穂市東有年680-1", "P29_006": "3", "P29_007": "0", "P29_008": "00", "P29_009": null }, "geometry": { "type": "Point", "coordinates": [ 134.369387831410222, 34.827377220883065 ] } },
{ "type": "Feature", "properties": { "P29_001": "28212", "P29_002": "A128210001768", "P29_003": "16011", "P29_004": "赤穂市立原幼稚園", "P29_005": "兵庫県赤穂市有年原583", "P29_006": "3", "P29_007": "0", "P29_008": "00", "P29_009": null }, "geometry": { "type": "Point", "coordinates": [ 134.388467917435293, 34.833478217542797 ] } },
{ "type": "Feature", "properties": { "P29_001": "28215", "P29_002": "A128210001866", "P29_003": "16011", "P29_004": "三木市立三樹幼稚園", "P29_005": "兵庫県三木市末広1-10-8", "P29_006": "3", "P29_007": "0", "P29_008": "00", "P29_009": null }, "geometry": { "type": "Point", "coordinates": [ 134.983245141207931, 34.802147397335084 ] } },
{ "type": "Feature", "properties": { "P29_001": "28215", "P29_002": "A128210001893", "P29_003": "16011", "P29_004": "三木市立広野幼稚園", "P29_005": "兵庫県三木市志染町広野2-107-4", "P29_006": "3", "P29_007": "0", "P29_008": "00", "P29_009": null }, "geometry": { "type": "Point", "coordinates": [ 135.005859017204159, 34.778423655344717 ] } },
{ "type": "Feature", "properties": { "P29_001": "28217", "P29_002": "A128210001955", "P29_003": "16011", "P29_004": "川西市立清和台幼稚園", "P29_005": "兵庫県川西市清和台東2-3-4", "P29_006": "3", "P29_007": "0", "P29_008": "00", "P29_009": null }, "geometry": { "type": "Point", "coordinates": [ 135.38930662780993, 34.877768771978594 ] } },
{ "type": "Feature", "properties": { "P29_001": "28219", "P29_002": "A128210001991", "P29_003": "16011", "P29_004": "三田市立三輪幼稚園", "P29_005": "兵庫県三田市三輪1-13-41", "P29_006": "3", "P29_007": "0", "P29_008": "00", "P29_009": null }, "geometry": { "type": "Point", "coordinates": [ 135.229541227825848, 34.891560519033348 ] } },
{ "type": "Feature", "properties": { "P29_001": "28219", "P29_002": "A128210002008", "P29_003": "16011", "P29_004": "三田市立志手原幼稚園", "P29_005": "兵庫県三田市志手原881", "P29_006": "3", "P29_007": "0", "P29_008": "00", "P29_009": null }, "geometry": { "type": "Point", "coordinates": [ 135.239301673199691, 34.916153642688734 ] } },
{ "type": "Feature", "properties": { "P29_001": "28219", "P29_002": "A128210002044", "P29_003": "16011", "P29_004": "三田市立本庄幼稚園", "P29_005": "兵庫県三田市東本庄1921", "P29_006": "3", "P29_007": "0", "P29_008": "00", "P29_009": null }, "geometry": { "type": "Point", "coordinates": [ 135.184793089852519, 34.960469852181546 ] } },
{ "type": "Feature", "properties": { "P29_001": "28219", "P29_002": "A128210002053", "P29_003": "16011", "P29_004": "三田市立藍幼稚園", "P29_005": "兵庫県三田市西相野477-1", "P29_006": "3", "P29_007": "0", "P29_008": "00", "P29_009": null }, "geometry": { "type": "Point", "coordinates": [ 135.143158552523516, 34.960647845461231 ] } },
{ "type": "Feature", "properties": { "P29_001": "28219", "P29_002": "A128210002062", "P29_003": "16011", "P29_004": "三田市立松が丘幼稚園", "P29_005": "兵庫県三田市川除547", "P29_006": "3", "P29_007": "0", "P29_008": "00", "P29_009": null }, "geometry": { "type": "Point", "coordinates": [ 135.22029864786569, 34.901432731444643 ] } },
{ "type": "Feature", "properties": { "P29_001": "28381", "P29_002": "A128210002213", "P29_003": "16011", "P29_004": "稲美町立天満東幼稚園", "P29_005": "兵庫県加古郡稲美町岡1498-1", "P29_006": "3", "P29_007": "0", "P29_008": "00", "P29_009": null }, "geometry": { "type": "Point", "coordinates": [ 134.919462169073995, 34.737879302775696 ] } },
{ "type": "Feature", "properties": { "P29_001": "28585", "P29_002": "A128210002552", "P29_003": "16011", "P29_004": "香美町立余部幼稚園", "P29_005": "兵庫県美方郡香美町香住区余部1697", "P29_006": "3", "P29_007": "0", "P29_008": "00", "P29_009": null }, "geometry": { "type": "Point", "coordinates": [ 134.559683590794322, 35.647985336037301 ] } },
{ "type": "Feature", "properties": { "P29_001": "28209", "P29_002": "A128210002589", "P29_003": "16011", "P29_004": "豊岡市立福住幼稚園", "P29_005": "兵庫県豊岡市出石町福住209", "P29_006": "3", "P29_007": "0", "P29_008": "00", "P29_009": null }, "geometry": { "type": "Point", "coordinates": [ 134.861727772536739, 35.456693934069726 ] } },
{ "type": "Feature", "properties": { "P29_001": "28209", "P29_002": "A128210002598", "P29_003": "16011", "P29_004": "豊岡市立寺坂幼稚園", "P29_005": "兵庫県豊岡市出石町日野辺1-1", "P29_006": "3", "P29_007": "0", "P29_008": "00", "P29_009": null }, "geometry": { "type": "Point", "coordinates": [ 134.894949445661837, 35.453593025285031 ] } },
{ "type": "Feature", "properties": { "P29_001": "28585", "P29_002": "A128210002623", "P29_003": "16011", "P29_004": "香美町立射添幼稚園", "P29_005": "兵庫県美方郡香美町村岡区川会38", "P29_006": "3", "P29_007": "0", "P29_008": "00", "P29_009": null }, "geometry": { "type": "Point", "coordinates": [ 134.570570010854368, 35.496936995632304 ] } },
{ "type": "Feature", "properties": { "P29_001": "28224", "P29_002": "A128210002749", "P29_003": "16011", "P29_004": "南あわじ市立津井幼稚園", "P29_005": "兵庫県南あわじ市津井2280-2", "P29_006": "3", "P29_007": "0", "P29_008": "00", "P29_009": null }, "geometry": { "type": "Point", "coordinates": [ 134.690828948244445, 34.319747089068898 ] } },
{ "type": "Feature", "properties": { "P29_001": "28224", "P29_002": "A128210002767", "P29_003": "16011", "P29_004": "南あわじ市立志知幼稚園", "P29_005": "兵庫県南あわじ市志知南15", "P29_006": "3", "P29_007": "0", "P29_008": "00", "P29_009": null }, "geometry": { "type": "Point", "coordinates": [ 134.737574443169706, 34.302283513008064 ] } },
{ "type": "Feature", "properties": { "P29_001": "28210", "P29_002": "A128210002776", "P29_003": "16011", "P29_004": "加古川市立平岡北幼稚園", "P29_005": "兵庫県加古川市平岡町新在家1407-1", "P29_006": "3", "P29_007": "0", "P29_008": "00", "P29_009": null }, "geometry": { "type": "Point", "coordinates": [ 134.872063172462077, 34.747862693792705 ] } },
{ "type": "Feature", "properties": { "P29_001": "28209", "P29_002": "A128210002794", "P29_003": "16011", "P29_004": "豊岡市立豊岡幼稚園", "P29_005": "兵庫県豊岡市山王町7-5", "P29_006": "3", "P29_007": "0", "P29_008": "00", "P29_009": null }, "geometry": { "type": "Point", "coordinates": [ 134.817893063618044, 35.540358283911253 ] } },
{ "type": "Feature", "properties": { "P29_001": "28101", "P29_002": "A128310000017", "P29_003": "16011", "P29_004": "甲南幼稚園", "P29_005": "兵庫県神戸市東灘区住吉本町1-12-1", "P29_006": "4", "P29_007": "0", "P29_008": "00", "P29_009": null }, "geometry": { "type": "Point", "coordinates": [ 135.263495206661901, 34.722680451331478 ] } },
{ "type": "Feature", "properties": { "P29_001": "28101", "P29_002": "A128310000115", "P29_003": "16011", "P29_004": "頌栄幼稚園", "P29_005": "兵庫県神戸市東灘区御影山手1-18-1", "P29_006": "4", "P29_007": "0", "P29_008": "00", "P29_009": null }, "geometry": { "type": "Point", "coordinates": [ 135.24957329557364, 34.726869198794432 ] } },
{ "type": "Feature", "properties": { "P29_001": "28101", "P29_002": "A128310000124", "P29_003": "16011", "P29_004": "青い鳥学園六甲アイランド幼稚園", "P29_005": "兵庫県神戸市東灘区向洋町中6-1", "P29_006": "4", "P29_007": "0", "P29_008": "00", "P29_009": null }, "geometry": { "type": "Point", "coordinates": [ 135.264010712523429, 34.687329728896678 ] } },
{ "type": "Feature", "properties": { "P29_001": "28101", "P29_002": "A128310000133", "P29_003": "16011", "P29_004": "夢の星幼稚園", "P29_005": "兵庫県神戸市東灘区向洋町中3-1-3", "P29_006": "4", "P29_007": "0", "P29_008": "00", "P29_009": null }, "geometry": { "type": "Point", "coordinates": [ 135.274952562945145, 34.687095347832326 ] } },
{ "type": "Feature", "properties": { "P29_001": "28102", "P29_002": "A128310000204", "P29_003": "16011", "P29_004": "鶴甲幼稚園", "P29_005": "兵庫県神戸市灘区鶴甲2-2-126", "P29_006": "4", "P29_007": "0", "P29_008": "00", "P29_009": null }, "geometry": { "type": "Point", "coordinates": [ 135.237166987376185, 34.733170169603213 ] } },
{ "type": "Feature", "properties": { "P29_001": "28106", "P29_002": "A128310000384", "P29_003": "16011", "P29_004": "光の子幼稚園", "P29_005": "兵庫県神戸市長田区宮川町4-31-6", "P29_006": "4", "P29_007": "0", "P29_008": "00", "P29_009": null }, "geometry": { "type": "Point", "coordinates": [ 135.145936590293417, 34.672329384559859 ] } },
{ "type": "Feature", "properties": { "P29_001": "28107", "P29_002": "A128310000507", "P29_003": "16011", "P29_004": "白川台幼稚園", "P29_005": "兵庫県神戸市須磨区白川台5-53-1", "P29_006": "4", "P29_007": "0", "P29_008": "00", "P29_009": null }, "geometry": { "type": "Point", "coordinates": [ 135.098838754170657, 34.692254987836222 ] } },
{ "type": "Feature", "properties": { "P29_001": "28108", "P29_002": "A128310000534", "P29_003": "16011", "P29_004": "聖マリアの園幼稚園", "P29_005": "兵庫県神戸市垂水区舞子台8-20-2", "P29_006": "4", "P29_007": "0", "P29_008": "00", "P29_009": null }, "geometry": { "type": "Point", "coordinates": [ 135.032658129478477, 34.641386270869255 ] } },
{ "type": "Feature", "properties": { "P29_001": "28109", "P29_002": "A128310000703", "P29_003": "16011", "P29_004": "泉台幼稚園", "P29_005": "兵庫県神戸市北区泉台2-2-3", "P29_006": "4", "P29_007": "0", "P29_008": "00", "P29_009": null }, "geometry": { "type": "Point", "coordinates": [ 135.143446437175243, 34.738986051156303 ] } },
{ "type": "Feature", "properties": { "P29_001": "28204", "P29_002": "A128310001141", "P29_003": "16011", "P29_004": "仁川学院マリアの園幼稚園", "P29_005": "兵庫県西宮市甲東園2-13-9", "P29_006": "4", "P29_007": "0", "P29_008": "00", "P29_009": null }, "geometry": { "type": "Point", "coordinates": [ 135.360555084674161, 34.772556468841792 ] } },
{ "type": "Feature", "properties": { "P29_001": "28204", "P29_002": "A128310001294", "P29_003": "16011", "P29_004": "関西学院幼稚園", "P29_005": "兵庫県西宮市岡田山7-54", "P29_006": "4", "P29_007": "0", "P29_008": "00", "P29_009": null }, "geometry": { "type": "Point", "coordinates": [ 135.351227855856621, 34.76289811923003 ] } },
{ "type": "Feature", "properties": { "P29_001": "28204", "P29_002": "A128310001365", "P29_003": "16011", "P29_004": "甲陽幼稚園", "P29_005": "兵庫県西宮市甲陽園本庄町7-23", "P29_006": "4", "P29_007": "0", "P29_008": "00", "P29_009": null }, "geometry": { "type": "Point", "coordinates": [ 135.33122620307438, 34.760920463219676 ] } },
{ "type": "Feature", "properties": { "P29_001": "28204", "P29_002": "A128310001418", "P29_003": "16011", "P29_004": "睦幼稚園", "P29_005": "兵庫県西宮市高須町1-1-5", "P29_006": "4", "P29_007": "0", "P29_008": "00", "P29_009": null }, "geometry": { "type": "Point", "coordinates": [ 135.372996070243687, 34.705534207152724 ] } },
{ "type": "Feature", "properties": { "P29_001": "28204", "P29_002": "A128310001445", "P29_003": "16011", "P29_004": "学校法人阪急学園認定こども園いるか幼稚園", "P29_005": "兵庫県西宮市西宮浜4-13-2", "P29_006": "4", "P29_007": "0", "P29_008": "00", "P29_009": null }, "geometry": { "type": "Point", "coordinates": [ 135.327377680998524, 34.712333980916597 ] } },
{ "type": "Feature", "properties": { "P29_001": "28210", "P29_002": "A128310001597", "P29_003": "16011", "P29_004": "別府幼稚園", "P29_005": "兵庫県加古川市別府町新野辺1201", "P29_006": "4", "P29_007": "0", "P29_008": "00", "P29_009": null }, "geometry": { "type": "Point", "coordinates": [ 134.837678959971242, 34.730928507069066 ] } },
{ "type": "Feature", "properties": { "P29_001": "28210", "P29_002": "A128310001604", "P29_003": "16011", "P29_004": "兵庫大学附属加古川幼稚園", "P29_005": "兵庫県加古川市平岡町新在家2301", "P29_006": "4", "P29_007": "0", "P29_008": "00", "P29_009": null }, "geometry": { "type": "Point", "coordinates": [ 134.880150751080919, 34.747779416678597 ] } }
]
}
