{
"type": "FeatureCollection",
"name": "geo_28_通所介護",
"crs": { "type": "name", "properties": { "name": "urn:ogc:def:crs:OGC:1.3:CRS84" } },
"features": [
{ "type": "Feature", "properties": { "内容": "社会福祉法人　協同の苑　は～とらんど甲南デイサービス【通所介護】兵庫県神戸市東灘区甲南町２丁目１の２０コープリビング３階", "url": "https://www.kaigokensaku.mhlw.go.jp/28/index.php?action_kouhyou_detail_004_kani=true&JigyosyoCd=2870100167-00&ServiceCd=150&Type=search", "url2": "http://www.kyodo-no-sono.or.jp/" }, "geometry": { "type": "Point", "coordinates": [ 135.276246672383081, 34.722296239582455 ] } },
{ "type": "Feature", "properties": { "内容": "協同の苑六甲アイランドデイサービス【通所介護】兵庫県神戸市東灘区向洋町中３－１－２", "url": "https://www.kaigokensaku.mhlw.go.jp/28/index.php?action_kouhyou_detail_004_kani=true&JigyosyoCd=2870100274-00&ServiceCd=150&Type=search", "url2": "http://www.kyodo-no-sono.or.jp" }, "geometry": { "type": "Point", "coordinates": [ 135.275176900000019, 34.6876754 ] } },
{ "type": "Feature", "properties": { "内容": "デイサービスセンターおおぎの郷【通所介護】北青木1-1-3", "url": "https://www.kaigokensaku.mhlw.go.jp/28/index.php?action_kouhyou_detail_004_kani=true&JigyosyoCd=2870100316-00&ServiceCd=150&Type=search", "url2": "https://www.chikusakai.jp/" }, "geometry": { "type": "Point", "coordinates": [ 135.2865601, 34.7215782 ] } },
{ "type": "Feature", "properties": { "内容": "協同の苑　魚崎中町デイサービス【通所介護】神戸市東灘区魚崎中町４丁目３－１８", "url": "https://www.kaigokensaku.mhlw.go.jp/28/index.php?action_kouhyou_detail_004_kani=true&JigyosyoCd=2870100324-00&ServiceCd=150&Type=search", "url2": "http://www.kyodo-no-sono.or.jp/" }, "geometry": { "type": "Point", "coordinates": [ 135.27159359999996, 34.7140173 ] } },
{ "type": "Feature", "properties": { "内容": "ディーサービス　やまびこ【通所介護】兵庫県神戸市東灘区住吉本町３丁目７番４１号", "url": "https://www.kaigokensaku.mhlw.go.jp/28/index.php?action_kouhyou_detail_004_kani=true&JigyosyoCd=2870100373-00&ServiceCd=150&Type=search", "url2": "http://www.krh-sumiyoshi.com" }, "geometry": { "type": "Point", "coordinates": [ 135.259069400000044, 34.7240771 ] } },
{ "type": "Feature", "properties": { "内容": "魚崎高齢者介護支援センター【通所介護】神戸市東灘区魚崎中町4丁目10番50号", "url": "https://www.kaigokensaku.mhlw.go.jp/28/index.php?action_kouhyou_detail_004_kani=true&JigyosyoCd=2870100498-00&ServiceCd=150&Type=search", "url2": "https://sunlifeuozaki.jp" }, "geometry": { "type": "Point", "coordinates": [ 135.270199199999979, 34.7152672 ] } },
{ "type": "Feature", "properties": { "内容": "デイサービスセンターＫＯＢＥ岡本【通所介護】神戸市東灘区西岡本　２－２５－４－１０１", "url": "https://www.kaigokensaku.mhlw.go.jp/28/index.php?action_kouhyou_detail_004_kani=true&JigyosyoCd=2870100720-00&ServiceCd=150&Type=search", "url2": "http://www.long-stage.com" }, "geometry": { "type": "Point", "coordinates": [ 135.26484389999996, 34.7241522 ] } },
{ "type": "Feature", "properties": { "内容": "東灘在宅福祉センター【通所介護】神戸市東灘区住吉宮町3-4-17", "url": "https://www.kaigokensaku.mhlw.go.jp/28/index.php?action_kouhyou_detail_004_kani=true&JigyosyoCd=2870100928-00&ServiceCd=150&Type=search", "url2": "http://www.ninindoshinkai.or.jp" }, "geometry": { "type": "Point", "coordinates": [ 135.261236100000019, 34.7161947 ] } },
{ "type": "Feature", "properties": { "内容": "デイサービスこだま【通所介護】兵庫県神戸市東灘区鴨子ヶ原２丁目１４－１７", "url": "https://www.kaigokensaku.mhlw.go.jp/28/index.php?action_kouhyou_detail_004_kani=true&JigyosyoCd=2870101355-00&ServiceCd=150&Type=search", "url2": "http://www.krh-sumiyoshi.com" }, "geometry": { "type": "Point", "coordinates": [ 135.250361399999946, 34.7342008 ] } },
{ "type": "Feature", "properties": { "内容": "くすのきデイサービスセンター【通所介護】兵庫県神戸市東灘区深江本町1-7-27", "url": "https://www.kaigokensaku.mhlw.go.jp/28/index.php?action_kouhyou_detail_004_kani=true&JigyosyoCd=2870101819-00&ServiceCd=150&Type=search", "url2": null }, "geometry": { "type": "Point", "coordinates": [ 135.299626699999976, 34.7250804 ] } },
{ "type": "Feature", "properties": { "内容": "ARC石屋川【通所介護】兵庫県神戸市東灘区御影本町７丁目１番１５号", "url": "https://www.kaigokensaku.mhlw.go.jp/28/index.php?action_kouhyou_detail_004_kani=true&JigyosyoCd=2870101884-00&ServiceCd=150&Type=search", "url2": "http://www.arataka.co.jp/" }, "geometry": { "type": "Point", "coordinates": [ 135.2542952, 34.70899 ] } },
{ "type": "Feature", "properties": { "内容": "住吉デイサービス【通所介護】住吉本町３丁目４－１５インターメディックビル201", "url": "https://www.kaigokensaku.mhlw.go.jp/28/index.php?action_kouhyou_detail_004_kani=true&JigyosyoCd=2870102023-00&ServiceCd=150&Type=search", "url2": "http://www.nakai-hp.jp" }, "geometry": { "type": "Point", "coordinates": [ 135.260922, 34.7233967 ] } },
{ "type": "Feature", "properties": { "内容": "ARC甲南山手【通所介護】本庄町１丁目８番１３号", "url": "https://www.kaigokensaku.mhlw.go.jp/28/index.php?action_kouhyou_detail_004_kani=true&JigyosyoCd=2870102163-00&ServiceCd=150&Type=search", "url2": "http://www.arataka.co.jp/" }, "geometry": { "type": "Point", "coordinates": [ 135.295692892065404, 34.727534459450233 ] } },
{ "type": "Feature", "properties": { "内容": "ベストケア・デイサービスセンター東灘【通所介護】兵庫県神戸市東灘区本山南町６丁目１番６号", "url": "https://www.kaigokensaku.mhlw.go.jp/28/index.php?action_kouhyou_detail_004_kani=true&JigyosyoCd=2870102387-00&ServiceCd=150&Type=search", "url2": "http://www.best-care.jp/" }, "geometry": { "type": "Point", "coordinates": [ 135.288041799999974, 34.7245998 ] } },
{ "type": "Feature", "properties": { "内容": "デイサービスセンター　The　SPA　甲南山手【通所介護】兵庫県神戸市東灘区本山中町1-15-7", "url": "https://www.kaigokensaku.mhlw.go.jp/28/index.php?action_kouhyou_detail_004_kani=true&JigyosyoCd=2870102528-00&ServiceCd=150&Type=search", "url2": "http://www.chikusakai.jp" }, "geometry": { "type": "Point", "coordinates": [ 135.287299148174384, 34.728585551359643 ] } },
{ "type": "Feature", "properties": { "内容": "リハ・うさぎ御影スタジオ【通所介護】兵庫県神戸市東灘区御影一丁目１１番１６号ジュネシス御影1Ｆ", "url": "https://www.kaigokensaku.mhlw.go.jp/28/index.php?action_kouhyou_detail_004_kani=true&JigyosyoCd=2870102569-00&ServiceCd=150&Type=search", "url2": "https://koudai-care.co.jp" }, "geometry": { "type": "Point", "coordinates": [ 135.250917500000014, 34.7203965 ] } },
{ "type": "Feature", "properties": { "内容": "コープは～とらんどすこやかデイ本山【通所介護】兵庫県神戸市東灘区田中町２丁目９－１０ハイム本山１階", "url": "https://www.kaigokensaku.mhlw.go.jp/28/index.php?action_kouhyou_detail_004_kani=true&JigyosyoCd=2870103120-00&ServiceCd=150&Type=search", "url2": "https://www.kobe.coop.or.jp/" }, "geometry": { "type": "Point", "coordinates": [ 135.2740569, 34.7237552 ] } },
{ "type": "Feature", "properties": { "内容": "ステップリハ本山【通所介護】神戸市東灘区田中町３丁目４－９コーポ山口１Ｆ", "url": "https://www.kaigokensaku.mhlw.go.jp/28/index.php?action_kouhyou_detail_004_kani=true&JigyosyoCd=2870103260-00&ServiceCd=150&Type=search", "url2": null }, "geometry": { "type": "Point", "coordinates": [ 135.271915300000046, 34.7223266 ] } },
{ "type": "Feature", "properties": { "内容": "デイサービスセンターまんてん住吉山手【通所介護】兵庫県神戸市東灘区住吉山手7-6-3", "url": "https://www.kaigokensaku.mhlw.go.jp/28/index.php?action_kouhyou_detail_004_kani=true&JigyosyoCd=2870103443-00&ServiceCd=150&Type=search", "url2": "http://www.sankei-kai.or.jp/" }, "geometry": { "type": "Point", "coordinates": [ 135.252293900000012, 34.7344305 ] } },
{ "type": "Feature", "properties": { "内容": "アズリック東灘甲南【通所介護】兵庫県神戸市東灘区甲南町3丁目7-4神戸本山ガーデンハウス１０１", "url": "https://www.kaigokensaku.mhlw.go.jp/28/index.php?action_kouhyou_detail_004_kani=true&JigyosyoCd=2870103666-00&ServiceCd=150&Type=search", "url2": "azlic.co.jp" }, "geometry": { "type": "Point", "coordinates": [ 135.2740579, 34.7215694 ] } },
{ "type": "Feature", "properties": { "内容": "医療法人社団　ユニコ　ユニコの森　リハビリセンター御影【通所介護】神戸市東灘区御影本町4丁目3番5号", "url": "https://www.kaigokensaku.mhlw.go.jp/28/index.php?action_kouhyou_detail_004_kani=true&JigyosyoCd=2870101694-00&ServiceCd=150&Type=search", "url2": "www.unico-kaigo.com/" }, "geometry": { "type": "Point", "coordinates": [ 135.256211600000029, 34.7127812 ] } },
{ "type": "Feature", "properties": { "内容": "デイサービススイッチオン神戸御影【通所介護】兵庫県神戸市東灘区御影本町8-1-8", "url": "https://www.kaigokensaku.mhlw.go.jp/28/index.php?action_kouhyou_detail_004_kani=true&JigyosyoCd=2870103831-00&ServiceCd=150&Type=search", "url2": "https://switchon-service.co.jp/" }, "geometry": { "type": "Point", "coordinates": [ 135.2538385, 34.7111987 ] } },
{ "type": "Feature", "properties": { "内容": "レッツ俱楽部青木【通所介護】兵庫県神戸市東灘区北青木2-1-32", "url": "https://www.kaigokensaku.mhlw.go.jp/28/index.php?action_kouhyou_detail_004_kani=true&JigyosyoCd=2870103914-00&ServiceCd=150&Type=search", "url2": "https://www.lets-club.jp/shop/ogi/" }, "geometry": { "type": "Point", "coordinates": [ 135.2849645, 34.7206735 ] } },
{ "type": "Feature", "properties": { "内容": "ケアセンターふれあい【通所介護】神戸市東灘区住吉本町２丁目２０－１５", "url": "https://www.kaigokensaku.mhlw.go.jp/28/index.php?action_kouhyou_detail_004_kani=true&JigyosyoCd=2870101124-00&ServiceCd=150&Type=search", "url2": "k-kyowakai-kaigo.com" }, "geometry": { "type": "Point", "coordinates": [ 135.25937628095096, 34.722282381727823 ] } },
{ "type": "Feature", "properties": { "内容": "デイサービス　なごみ【通所介護】神戸市灘区鶴甲5丁目1番50号", "url": "https://www.kaigokensaku.mhlw.go.jp/28/index.php?action_kouhyou_detail_004_kani=true&JigyosyoCd=2870201346-00&ServiceCd=150&Type=search", "url2": "https://rokko-kakujuen.or.jp/" }, "geometry": { "type": "Point", "coordinates": [ 135.2358372, 34.7380948 ] } },
{ "type": "Feature", "properties": { "内容": "デイスペースほほえみの里【通所介護】兵庫県神戸市灘区徳井町4丁目1-2サンシャイン徳井", "url": "https://www.kaigokensaku.mhlw.go.jp/28/index.php?action_kouhyou_detail_004_kani=true&JigyosyoCd=2870201353-00&ServiceCd=150&Type=search", "url2": "http://www.kourei-h.org/office/rokkou" }, "geometry": { "type": "Point", "coordinates": [ 135.245632099999966, 34.71445760000001 ] } },
{ "type": "Feature", "properties": { "内容": "デイサービス　ソラスト摩耶【通所介護】兵庫県神戸市灘区都通2丁目1-26摩耶コート壱番館1F", "url": "https://www.kaigokensaku.mhlw.go.jp/28/index.php?action_kouhyou_detail_004_kani=true&JigyosyoCd=2870201445-00&ServiceCd=150&Type=search", "url2": "https://solasto-kaigo.com/care/area/solastomaya.html" }, "geometry": { "type": "Point", "coordinates": [ 135.228133219643354, 34.70521744283824 ] } },
{ "type": "Feature", "properties": { "内容": "パナソニックエイジフリーケアセンター六甲・デイサービス【通所介護】兵庫県神戸市灘区八幡町１－９－１６六甲北中ビル１Ｆ", "url": "https://www.kaigokensaku.mhlw.go.jp/28/index.php?action_kouhyou_detail_004_kani=true&JigyosyoCd=2870201544-00&ServiceCd=150&Type=search", "url2": "http://www.panasonic.co.jp/es/phcasv" }, "geometry": { "type": "Point", "coordinates": [ 135.237061600000061, 34.7205444 ] } },
{ "type": "Feature", "properties": { "内容": "大石高齢者介護支援センター【通所介護】兵庫県神戸市灘区大石東町1-2-1", "url": "https://www.kaigokensaku.mhlw.go.jp/28/index.php?action_kouhyou_detail_004_kani=true&JigyosyoCd=2870200033-00&ServiceCd=150&Type=search", "url2": "http://www.long-stage.com" }, "geometry": { "type": "Point", "coordinates": [ 135.2385071, 34.709602700000019 ] } },
{ "type": "Feature", "properties": { "内容": "デイサービスセンターあおたに【通所介護】神戸市灘区青谷町２丁目１－９", "url": "https://www.kaigokensaku.mhlw.go.jp/28/index.php?action_kouhyou_detail_004_kani=true&JigyosyoCd=2870200207-00&ServiceCd=150&Type=search", "url2": "http://bulevalley-aotani.com" }, "geometry": { "type": "Point", "coordinates": [ 135.21388120000006, 34.7133503 ] } },
{ "type": "Feature", "properties": { "内容": "うみのほしデイサービスセンター【通所介護】兵庫県神戸市灘区篠原北町3-11-15", "url": "https://www.kaigokensaku.mhlw.go.jp/28/index.php?action_kouhyou_detail_004_kani=true&JigyosyoCd=2870200363-00&ServiceCd=150&Type=search", "url2": "http://www.kobe-kaiseikai.com/" }, "geometry": { "type": "Point", "coordinates": [ 135.225713199999973, 34.7237437 ] } },
{ "type": "Feature", "properties": { "内容": "灘の浜高齢者介護支援センター【通所介護】神戸市灘区摩耶海岸通２－３－９", "url": "https://www.kaigokensaku.mhlw.go.jp/28/index.php?action_kouhyou_detail_004_kani=true&JigyosyoCd=2870200397-00&ServiceCd=150&Type=search", "url2": "http://hakuyusha.org/" }, "geometry": { "type": "Point", "coordinates": [ 135.220517, 34.7011047 ] } },
{ "type": "Feature", "properties": { "内容": "デイサービスセンター　ひまわりの家【通所介護】兵庫県神戸市灘区都通３丁目２番５号", "url": "https://www.kaigokensaku.mhlw.go.jp/28/index.php?action_kouhyou_detail_004_kani=true&JigyosyoCd=2870201189-00&ServiceCd=150&Type=search", "url2": "http://care-net.biz/28/himawarinoie/index.php" }, "geometry": { "type": "Point", "coordinates": [ 135.226305300000035, 34.7054904 ] } },
{ "type": "Feature", "properties": { "内容": "ＡＲＣ灘【通所介護】兵庫県神戸市灘区記田町3－1－20灘・石屋川壱番館ハウス102号", "url": "https://www.kaigokensaku.mhlw.go.jp/28/index.php?action_kouhyou_detail_004_kani=true&JigyosyoCd=2870201635-00&ServiceCd=150&Type=search", "url2": null }, "geometry": { "type": "Point", "coordinates": [ 135.246704789549284, 34.713250651913235 ] } },
{ "type": "Feature", "properties": { "内容": "ヒューマンライフケア灘の湯【通所介護】神戸市灘区灘北通9-1-7", "url": "https://www.kaigokensaku.mhlw.go.jp/28/index.php?action_kouhyou_detail_004_kani=true&JigyosyoCd=2870201775-00&ServiceCd=150&Type=search", "url2": "https://kaigo.human-lifecare.jp/facilities/ds086_Nada/summary.html" }, "geometry": { "type": "Point", "coordinates": [ 135.217861500000026, 34.706529 ] } },
{ "type": "Feature", "properties": { "内容": "NAC六甲デイサービス【通所介護】兵庫県神戸市灘区八幡町４丁目８－24ー１F", "url": "https://www.kaigokensaku.mhlw.go.jp/28/index.php?action_kouhyou_detail_004_kani=true&JigyosyoCd=2870202187-00&ServiceCd=150&Type=search", "url2": "https://www.nac-rokko.co.jp" }, "geometry": { "type": "Point", "coordinates": [ 135.233273064631959, 34.718750709960126 ] } },
{ "type": "Feature", "properties": { "内容": "ＴＲＵＳＴデイサービス【通所介護】兵庫県神戸市灘区土山町16-1トラストグレイス御影", "url": "https://www.kaigokensaku.mhlw.go.jp/28/index.php?action_kouhyou_detail_004_kani=true&JigyosyoCd=2870203136-00&ServiceCd=150&Type=search", "url2": null }, "geometry": { "type": "Point", "coordinates": [ 135.243734700000033, 34.7319842 ] } },
{ "type": "Feature", "properties": { "内容": "通所介護　デイサービスセンターかなざわ【通所介護】神戸市灘区神ノ木通３－1－4", "url": "https://www.kaigokensaku.mhlw.go.jp/28/index.php?action_kouhyou_detail_004_kani=true&JigyosyoCd=2870201262-00&ServiceCd=150&Type=search", "url2": "http://kanazawa-hospital.jp/kanazawahospital/dayservice.html" }, "geometry": { "type": "Point", "coordinates": [ 135.230584497097738, 34.713224270298277 ] } },
{ "type": "Feature", "properties": { "内容": "Ｃａｎｖａｓ　篠原【通所介護】神戸市灘区篠原北町2-5-15", "url": "https://www.kaigokensaku.mhlw.go.jp/28/index.php?action_kouhyou_detail_004_kani=true&JigyosyoCd=2870202948-00&ServiceCd=150&Type=search", "url2": null }, "geometry": { "type": "Point", "coordinates": [ 135.229198500000024, 34.72349670000002 ] } },
{ "type": "Feature", "properties": { "内容": "ジョイリハプラスはつらつ館【通所介護】神戸市東灘区本山中町2-2-71F", "url": "https://www.kaigokensaku.mhlw.go.jp/28/index.php?action_kouhyou_detail_004_kani=true&JigyosyoCd=2870103815-00&ServiceCd=150&Type=search", "url2": null }, "geometry": { "type": "Point", "coordinates": [ 135.2843981, 34.7259465 ] } },
{ "type": "Feature", "properties": { "内容": "キャナルタウン高齢者介護支援センター【通所介護】神戸市兵庫区駅南通5丁目１－２", "url": "https://www.kaigokensaku.mhlw.go.jp/28/index.php?action_kouhyou_detail_004_kani=true&JigyosyoCd=2870500960-00&ServiceCd=150&Type=search", "url2": "https://www.kobe-mozart.jp" }, "geometry": { "type": "Point", "coordinates": [ 135.16387229999998, 34.6671265 ] } },
{ "type": "Feature", "properties": { "内容": "リハメイトＫＯＢＥregain【通所介護】兵庫県神戸市兵庫区湊川町4－6－8", "url": "https://www.kaigokensaku.mhlw.go.jp/28/index.php?action_kouhyou_detail_004_kani=true&JigyosyoCd=2870503097-00&ServiceCd=150&Type=search", "url2": null }, "geometry": { "type": "Point", "coordinates": [ 135.1615362, 34.6836915 ] } },
{ "type": "Feature", "properties": { "内容": "中道高齢者介護支援センター【通所介護】兵庫県神戸市兵庫区中道通6丁目1-33", "url": "https://www.kaigokensaku.mhlw.go.jp/28/index.php?action_kouhyou_detail_004_kani=true&JigyosyoCd=2870500010-00&ServiceCd=150&Type=search", "url2": "http://www.houonkai.jp/" }, "geometry": { "type": "Point", "coordinates": [ 135.162950099999989, 34.6736147 ] } },
{ "type": "Feature", "properties": { "内容": "デイサービスセンターさとやま【通所介護】兵庫県神戸市兵庫区里山町１番４８高齢者ケアセンターひょうご", "url": "https://www.kaigokensaku.mhlw.go.jp/28/index.php?action_kouhyou_detail_004_kani=true&JigyosyoCd=2870500630-00&ServiceCd=150&Type=search", "url2": "http://www.kobe-fukuseikai.com" }, "geometry": { "type": "Point", "coordinates": [ 135.140934900000047, 34.6926209 ] } },
{ "type": "Feature", "properties": { "内容": "浜山高齢者介護支援センター【通所介護】兵庫県神戸市兵庫区浜中町１－１６－１８", "url": "https://www.kaigokensaku.mhlw.go.jp/28/index.php?action_kouhyou_detail_004_kani=true&JigyosyoCd=2870501646-00&ServiceCd=150&Type=search", "url2": "http://www.hanamisaki.or.jp" }, "geometry": { "type": "Point", "coordinates": [ 135.165928, 34.6557247 ] } },
{ "type": "Feature", "properties": { "内容": "ラグナケア千鳥山荘【通所介護】神戸市兵庫区千鳥町３丁目5-1", "url": "https://www.kaigokensaku.mhlw.go.jp/28/index.php?action_kouhyou_detail_004_kani=true&JigyosyoCd=2870501745-00&ServiceCd=150&Type=search", "url2": "http://www.houonkai.jp/" }, "geometry": { "type": "Point", "coordinates": [ 135.160552899999971, 34.6910686 ] } },
{ "type": "Feature", "properties": { "内容": "パワーリハビリ・デイサービスかみさわ【通所介護】神戸市兵庫区下沢通5丁目２－９大地グランハイム１F", "url": "https://www.kaigokensaku.mhlw.go.jp/28/index.php?action_kouhyou_detail_004_kani=true&JigyosyoCd=2870501869-00&ServiceCd=150&Type=search", "url2": "http://www.hayashiyama.jp/" }, "geometry": { "type": "Point", "coordinates": [ 135.16215051187487, 34.675532167129575 ] } },
{ "type": "Feature", "properties": { "内容": "まんてん堂デイサービスセンターひょうご湊【通所介護】兵庫県神戸市兵庫区荒田町３丁目８２番２号", "url": "https://www.kaigokensaku.mhlw.go.jp/28/index.php?action_kouhyou_detail_004_kani=true&JigyosyoCd=2870501943-00&ServiceCd=150&Type=search", "url2": "http://www.manten.org/service/facility03.html" }, "geometry": { "type": "Point", "coordinates": [ 135.166133100000025, 34.6871913 ] } },
{ "type": "Feature", "properties": { "内容": "SNOW　PLUM【通所介護】神戸市兵庫区駅前通4-1-32スノープラムビル", "url": "https://www.kaigokensaku.mhlw.go.jp/28/index.php?action_kouhyou_detail_004_kani=true&JigyosyoCd=2870501984-00&ServiceCd=150&Type=search", "url2": "http://www.unikaigo.jp" }, "geometry": { "type": "Point", "coordinates": [ 135.159093126844823, 34.666458464136888 ] } },
{ "type": "Feature", "properties": { "内容": "アースサポート兵庫【通所介護】兵庫県神戸市兵庫区中道通5丁目1番8号", "url": "https://www.kaigokensaku.mhlw.go.jp/28/index.php?action_kouhyou_detail_004_kani=true&JigyosyoCd=2870502362-00&ServiceCd=150&Type=search", "url2": "http://www.earthsupport.co.jp" }, "geometry": { "type": "Point", "coordinates": [ 135.163575, 34.6740342 ] } },
{ "type": "Feature", "properties": { "内容": "みどり通所介護センター【通所介護】兵庫県神戸市兵庫区兵庫町1丁目4番6号サービス付き高齢者向け住宅せんだんの実", "url": "https://www.kaigokensaku.mhlw.go.jp/28/index.php?action_kouhyou_detail_004_kani=true&JigyosyoCd=2870502974-00&ServiceCd=150&Type=search", "url2": "http://www.sendankai.or.jp/" }, "geometry": { "type": "Point", "coordinates": [ 135.1712662, 34.6716929 ] } },
{ "type": "Feature", "properties": { "内容": "デイサービス花うさぎ【通所介護】大開通２丁目３番２１号甲南アセット大開ビル別館２階", "url": "https://www.kaigokensaku.mhlw.go.jp/28/index.php?action_kouhyou_detail_004_kani=true&JigyosyoCd=2870503378-00&ServiceCd=150&Type=search", "url2": "https://koudai-care.co.jp/" }, "geometry": { "type": "Point", "coordinates": [ 135.167860900000051, 34.6747398 ] } },
{ "type": "Feature", "properties": { "内容": "リハビリテーションデイ　GREENAPPLE【通所介護】神戸市兵庫区東山町4-19-1ワコーレ東山1階", "url": "https://www.kaigokensaku.mhlw.go.jp/28/index.php?action_kouhyou_detail_004_kani=true&JigyosyoCd=2870503675-00&ServiceCd=150&Type=search", "url2": "https://www.green-apple.jp/" }, "geometry": { "type": "Point", "coordinates": [ 135.1628565, 34.681938 ] } },
{ "type": "Feature", "properties": { "内容": "デイサービスらしく1号館【通所介護】兵庫県神戸市兵庫区荒田町1丁目10-3井上ビル１階", "url": "https://www.kaigokensaku.mhlw.go.jp/28/index.php?action_kouhyou_detail_004_kani=true&JigyosyoCd=2870504038-00&ServiceCd=150&Type=search", "url2": "http://rashiku-kobe.com/" }, "geometry": { "type": "Point", "coordinates": [ 135.168502576057421, 34.680676395665891 ] } },
{ "type": "Feature", "properties": { "内容": "紅葉のデイ　新長田【通所介護】神楽町３丁目３番９号", "url": "https://www.kaigokensaku.mhlw.go.jp/28/index.php?action_kouhyou_detail_004_kani=true&JigyosyoCd=2870603905-00&ServiceCd=150&Type=search", "url2": "https://unversallife-momiji.com/" }, "geometry": { "type": "Point", "coordinates": [ 135.1477643, 34.6604547 ] } },
{ "type": "Feature", "properties": { "内容": "デイサービス　ソラスト新長田【通所介護】神戸市長田区松野通３丁目３－３キャッツビル１０１号室", "url": "https://www.kaigokensaku.mhlw.go.jp/28/index.php?action_kouhyou_detail_004_kani=true&JigyosyoCd=2870602824-00&ServiceCd=150&Type=search", "url2": "https://solasto-kaigo.com/care/area/post.html" }, "geometry": { "type": "Point", "coordinates": [ 135.142400599405619, 34.657604292415954 ] } },
{ "type": "Feature", "properties": { "内容": "デイサービスセンター　ふれんど神戸【通所介護】神戸市長田区房王寺町7丁目1-7", "url": "https://www.kaigokensaku.mhlw.go.jp/28/index.php?action_kouhyou_detail_004_kani=true&JigyosyoCd=2870600919-00&ServiceCd=150&Type=search", "url2": null }, "geometry": { "type": "Point", "coordinates": [ 135.151095400000031, 34.6800417 ] } },
{ "type": "Feature", "properties": { "内容": "ディサービスセンター福【通所介護】腕塚町７丁目6-10", "url": "https://www.kaigokensaku.mhlw.go.jp/28/index.php?action_kouhyou_detail_004_kani=true&JigyosyoCd=2870601917-00&ServiceCd=150&Type=search", "url2": "http://www.kotanicare.com/" }, "geometry": { "type": "Point", "coordinates": [ 135.144293699999906, 34.6532969 ] } },
{ "type": "Feature", "properties": { "内容": "ポラリスデイサービスセンター長田【通所介護】神戸市長田区大道通1-14フレール長田1F", "url": "https://www.kaigokensaku.mhlw.go.jp/28/index.php?action_kouhyou_detail_004_kani=true&JigyosyoCd=2870602220-00&ServiceCd=150&Type=search", "url2": "http://www.aurorakai.com/" }, "geometry": { "type": "Point", "coordinates": [ 135.148840131877108, 34.666055951470845 ] } },
{ "type": "Feature", "properties": { "内容": "デイサービスセンターいたやど【通所介護】神戸市長田区庄山町２丁目１番５号", "url": "https://www.kaigokensaku.mhlw.go.jp/28/index.php?action_kouhyou_detail_004_kani=true&JigyosyoCd=2870600083-00&ServiceCd=150&Type=search", "url2": "http://www.komadory.com/" }, "geometry": { "type": "Point", "coordinates": [ 135.136444100000062, 34.6626378 ] } },
{ "type": "Feature", "properties": { "内容": "西部高齢者介護支援センター　高齢者ケアセンターながたデイサービス【通所介護】神戸市長田区北町3丁目3番地", "url": "https://www.kaigokensaku.mhlw.go.jp/28/index.php?action_kouhyou_detail_004_kani=true&JigyosyoCd=2870600190-00&ServiceCd=150&Type=search", "url2": "http://www.kobe-fukuseikai.com/html/03top.html" }, "geometry": { "type": "Point", "coordinates": [ 135.151717700000063, 34.6654708 ] } },
{ "type": "Feature", "properties": { "内容": "特別養護老人ホーム長田すみれ園デイサービスセンター【通所介護】神戸市長田区雲雀ヶ丘１－１－３", "url": "https://www.kaigokensaku.mhlw.go.jp/28/index.php?action_kouhyou_detail_004_kani=true&JigyosyoCd=2870600224-00&ServiceCd=150&Type=search", "url2": "http://www.sumire.or.jp" }, "geometry": { "type": "Point", "coordinates": [ 135.134809803730093, 34.690703771439779 ] } },
{ "type": "Feature", "properties": { "内容": "デイサービス故郷の家・神戸【通所介護】神戸市長田区東尻池町7-4-21", "url": "https://www.kaigokensaku.mhlw.go.jp/28/index.php?action_kouhyou_detail_004_kani=true&JigyosyoCd=2870600349-00&ServiceCd=150&Type=search", "url2": "http://www.kokorono.or.jp" }, "geometry": { "type": "Point", "coordinates": [ 135.157037, 34.6558078 ] } },
{ "type": "Feature", "properties": { "内容": "デイサービス　あおぞら【通所介護】兵庫県神戸市長田区久保町1丁目2-16", "url": "https://www.kaigokensaku.mhlw.go.jp/28/index.php?action_kouhyou_detail_004_kani=true&JigyosyoCd=2870600810-00&ServiceCd=150&Type=search", "url2": null }, "geometry": { "type": "Point", "coordinates": [ 135.150395460713185, 34.656186969859711 ] } },
{ "type": "Feature", "properties": { "内容": "デイサービス　ふたば【通所介護】神戸市長田区二葉町５－１－１－１０１", "url": "https://www.kaigokensaku.mhlw.go.jp/28/index.php?action_kouhyou_detail_004_kani=true&JigyosyoCd=2870600968-00&ServiceCd=150&Type=search", "url2": "http://komadory.com" }, "geometry": { "type": "Point", "coordinates": [ 135.148596099999963, 34.6525359 ] } },
{ "type": "Feature", "properties": { "内容": "パワーリハビリ・デイサービスはやしやま【通所介護】神戸市長田区林山町7-5", "url": "https://www.kaigokensaku.mhlw.go.jp/28/index.php?action_kouhyou_detail_004_kani=true&JigyosyoCd=2870601784-00&ServiceCd=150&Type=search", "url2": "http://www.hayashiyama.jp/" }, "geometry": { "type": "Point", "coordinates": [ 135.14345430000003, 34.6772003 ] } },
{ "type": "Feature", "properties": { "内容": "有限会社　ディサービスセンターサクラ【通所介護】兵庫県神戸市長田区菅原通1-9-6", "url": "https://www.kaigokensaku.mhlw.go.jp/28/index.php?action_kouhyou_detail_004_kani=true&JigyosyoCd=2870601859-00&ServiceCd=150&Type=search", "url2": "http://www.day-service-sakura.com" }, "geometry": { "type": "Point", "coordinates": [ 135.158969, 34.6654811 ] } },
{ "type": "Feature", "properties": { "内容": "ＡＲＣ御蔵通【通所介護】御蔵通5-14-2", "url": "https://www.kaigokensaku.mhlw.go.jp/28/index.php?action_kouhyou_detail_004_kani=true&JigyosyoCd=2870602204-00&ServiceCd=150&Type=search", "url2": "http://www.arataka.co.jp" }, "geometry": { "type": "Point", "coordinates": [ 135.153950900000041, 34.6640543 ] } },
{ "type": "Feature", "properties": { "内容": "ケアプラザ　そよ風ながた【通所介護】神戸市長田区腕塚町6丁目1-31アスタくにづか2番館南棟", "url": "https://www.kaigokensaku.mhlw.go.jp/28/index.php?action_kouhyou_detail_004_kani=true&JigyosyoCd=2870602311-00&ServiceCd=150&Type=search", "url2": "http://www.hyogofukushi.co.jp/nagata.html" }, "geometry": { "type": "Point", "coordinates": [ 135.146221299999979, 34.6537219 ] } },
{ "type": "Feature", "properties": { "内容": "総合福祉サービス愛ランド長田【通所介護】兵庫県神戸市長田区御蔵通２丁目１３－１ウイング神戸1Ｆウイング神戸１Ｆ", "url": "https://www.kaigokensaku.mhlw.go.jp/28/index.php?action_kouhyou_detail_004_kani=true&JigyosyoCd=2870602501-00&ServiceCd=150&Type=search", "url2": null }, "geometry": { "type": "Point", "coordinates": [ 135.157077484096163, 34.666332736452404 ] } },
{ "type": "Feature", "properties": { "内容": "リハビリパートナー　オーカ【通所介護】兵庫県神戸市長田区神楽町2丁目３－１第2ビル丸鹿１０１", "url": "https://www.kaigokensaku.mhlw.go.jp/28/index.php?action_kouhyou_detail_004_kani=true&JigyosyoCd=2870602626-00&ServiceCd=150&Type=search", "url2": null }, "geometry": { "type": "Point", "coordinates": [ 135.149870533316687, 34.660706870166045 ] } },
{ "type": "Feature", "properties": { "内容": "かがやきデイサービス神戸【通所介護】神戸市長田区東尻池町6丁目3-29", "url": "https://www.kaigokensaku.mhlw.go.jp/28/index.php?action_kouhyou_detail_004_kani=true&JigyosyoCd=2870602709-00&ServiceCd=150&Type=search", "url2": "https://www.ymmd.co.jp/" }, "geometry": { "type": "Point", "coordinates": [ 135.1569869, 34.6568633 ] } },
{ "type": "Feature", "properties": { "内容": "ツクイ神戸板宿【通所介護】兵庫県神戸市長田区長尾町2-4-5", "url": "https://www.kaigokensaku.mhlw.go.jp/28/index.php?action_kouhyou_detail_004_kani=true&JigyosyoCd=2870603459-00&ServiceCd=150&Type=search", "url2": "https://www.tsukui.net/home-care/2605/" }, "geometry": { "type": "Point", "coordinates": [ 135.1336382, 34.6675176 ] } },
{ "type": "Feature", "properties": { "内容": "リハビリテーションデイGREENAPPLEWEST【通所介護】兵庫県神戸市長田区上池田3丁目18-22惣町サンハイツ1号棟", "url": "https://www.kaigokensaku.mhlw.go.jp/28/index.php?action_kouhyou_detail_004_kani=true&JigyosyoCd=2870603590-00&ServiceCd=150&Type=search", "url2": "https://www.green-apple.jp/company/" }, "geometry": { "type": "Point", "coordinates": [ 135.1366889, 34.6693231 ] } },
{ "type": "Feature", "properties": { "内容": "ふれあいホーム【通所介護】兵庫県神戸市長田区三番町１丁目４－１ふれあいホーム", "url": "https://www.kaigokensaku.mhlw.go.jp/28/index.php?action_kouhyou_detail_004_kani=true&JigyosyoCd=2870603699-00&ServiceCd=150&Type=search", "url2": "https://www.kobe-salvia.or.jp/" }, "geometry": { "type": "Point", "coordinates": [ 135.15772290000001, 34.6701524 ] } },
{ "type": "Feature", "properties": { "内容": "Days鷹取【通所介護】神戸市長田区若松町１１丁目５番１７号１０２グレイス若松", "url": "https://www.kaigokensaku.mhlw.go.jp/28/index.php?action_kouhyou_detail_004_kani=true&JigyosyoCd=2870603525-00&ServiceCd=150&Type=search", "url2": "http://www.carewhite.co" }, "geometry": { "type": "Point", "coordinates": [ 135.1395775, 34.6526748 ] } },
{ "type": "Feature", "properties": { "内容": "まんてん堂デイサービスセンター新長田【通所介護】兵庫県神戸市長田区細田町６丁目１番２４号", "url": "https://www.kaigokensaku.mhlw.go.jp/28/index.php?action_kouhyou_detail_004_kani=true&JigyosyoCd=2870602121-00&ServiceCd=150&Type=search", "url2": "http://www.manten.org/mantendou_categoy/mantendou_01_01" }, "geometry": { "type": "Point", "coordinates": [ 135.145401699999979, 34.6601963 ] } },
{ "type": "Feature", "properties": { "内容": "パワーリハみくら【通所介護】御蔵通５丁目205番1Soleadoみくら", "url": "https://www.kaigokensaku.mhlw.go.jp/28/index.php?action_kouhyou_detail_004_kani=true&JigyosyoCd=2870603707-00&ServiceCd=150&Type=search", "url2": "http://www/nissin-care.com" }, "geometry": { "type": "Point", "coordinates": [ 135.1540858, 34.6644711 ] } },
{ "type": "Feature", "properties": { "内容": "長田すみれデイサービスセンター【通所介護】神戸市長田区御蔵通５丁目２０５－３長田すみれビル", "url": "https://www.kaigokensaku.mhlw.go.jp/28/index.php?action_kouhyou_detail_004_kani=true&JigyosyoCd=2870601016-00&ServiceCd=150&Type=search", "url2": null }, "geometry": { "type": "Point", "coordinates": [ 135.153831399999945, 34.664757 ] } },
{ "type": "Feature", "properties": { "内容": "ワークみくら【通所介護】神戸市長田区御蔵通4丁目205-2育成会会館", "url": "https://www.kaigokensaku.mhlw.go.jp/28/index.php?action_kouhyou_detail_004_kani=true&JigyosyoCd=2870603319-00&ServiceCd=150&Type=search", "url2": "http://www.shafuku-ikuseikai.or.jp" }, "geometry": { "type": "Point", "coordinates": [ 135.1543666, 34.6649545 ] } },
{ "type": "Feature", "properties": { "内容": "セントケア須磨デイサービスセンター【通所介護】神戸市須磨区菅の台６丁目25　土池サブセンター内", "url": "https://www.kaigokensaku.mhlw.go.jp/28/index.php?action_kouhyou_detail_004_kani=true&JigyosyoCd=2870702244-00&ServiceCd=150&Type=search", "url2": "ｗｗｗ.saint-care.com" }, "geometry": { "type": "Point", "coordinates": [ 135.082079300000032, 34.6660296 ] } },
{ "type": "Feature", "properties": { "内容": "神港園デイサービス白川【通所介護】神戸市須磨区白川台１丁目３５－３", "url": "https://www.kaigokensaku.mhlw.go.jp/28/index.php?action_kouhyou_detail_004_kani=true&JigyosyoCd=2870700321-00&ServiceCd=150&Type=search", "url2": "http://www.sunnylife@kobe.emeil.ne.jp" }, "geometry": { "type": "Point", "coordinates": [ 135.095244699999967, 34.6896094 ] } },
{ "type": "Feature", "properties": { "内容": "愛の園デイサービスセンター【通所介護】神戸市須磨区妙法寺字野路山1053", "url": "https://www.kaigokensaku.mhlw.go.jp/28/index.php?action_kouhyou_detail_004_kani=true&JigyosyoCd=2870700362-00&ServiceCd=150&Type=search", "url2": "http://ainosono.jp" }, "geometry": { "type": "Point", "coordinates": [ 135.1211644, 34.6829383 ] } },
{ "type": "Feature", "properties": { "内容": "あいハート須磨デイサービスセンター【通所介護】神戸市須磨区松風町４丁目2-26", "url": "https://www.kaigokensaku.mhlw.go.jp/28/index.php?action_kouhyou_detail_004_kani=true&JigyosyoCd=2870700883-00&ServiceCd=150&Type=search", "url2": "http://www.ai-heart-suma.or.jp" }, "geometry": { "type": "Point", "coordinates": [ 135.1267593, 34.6482168 ] } },
{ "type": "Feature", "properties": { "内容": "デイサービス　そよ風【通所介護】神戸市須磨区大池町5丁目16-4ヴィタ大池　３F", "url": "https://www.kaigokensaku.mhlw.go.jp/28/index.php?action_kouhyou_detail_004_kani=true&JigyosyoCd=2870701121-00&ServiceCd=150&Type=search", "url2": "http://www.hyogofukushi.co.jp/suma.html" }, "geometry": { "type": "Point", "coordinates": [ 135.134083499999946, 34.6530331 ] } },
{ "type": "Feature", "properties": { "内容": "デイサービスやまもも【通所介護】神戸市須磨区白川台３丁目63-1", "url": "https://www.kaigokensaku.mhlw.go.jp/28/index.php?action_kouhyou_detail_004_kani=true&JigyosyoCd=2870701717-00&ServiceCd=150&Type=search", "url2": "http://komadory.com" }, "geometry": { "type": "Point", "coordinates": [ 135.100424699999962, 34.6899983 ] } },
{ "type": "Feature", "properties": { "内容": "リベロスタジオリハ・リハ【通所介護】高倉台1丁目1番2号", "url": "https://www.kaigokensaku.mhlw.go.jp/28/index.php?action_kouhyou_detail_004_kani=true&JigyosyoCd=2870701899-00&ServiceCd=150&Type=search", "url2": "https://www.reha-reha.jp/" }, "geometry": { "type": "Point", "coordinates": [ 135.1105671, 34.6551271 ] } },
{ "type": "Feature", "properties": { "内容": "デイサービスセンター宙【通所介護】神の谷5－2－2", "url": "https://www.kaigokensaku.mhlw.go.jp/28/index.php?action_kouhyou_detail_004_kani=true&JigyosyoCd=2870702020-00&ServiceCd=150&Type=search", "url2": "http//soracamino.com/" }, "geometry": { "type": "Point", "coordinates": [ 135.084762400000045, 34.6892315 ] } },
{ "type": "Feature", "properties": { "内容": "KOBE須磨きらくえんデイサービス【通所介護】兵庫県神戸市須磨区車字菅ノ池１３５１－１４", "url": "https://www.kaigokensaku.mhlw.go.jp/28/index.php?action_kouhyou_detail_004_kani=true&JigyosyoCd=2870702368-00&ServiceCd=150&Type=search", "url2": "http://www.kirakuen.or.jp/" }, "geometry": { "type": "Point", "coordinates": [ 135.10946, 34.6817382 ] } },
{ "type": "Feature", "properties": { "内容": "有限会社　デイサービスセンターサクラ・スマ【通所介護】兵庫県神戸市須磨区飛松町4-43ヌォーヴァーヴィータ1階", "url": "https://www.kaigokensaku.mhlw.go.jp/28/index.php?action_kouhyou_detail_004_kani=true&JigyosyoCd=2870702418-00&ServiceCd=150&Type=search", "url2": "ｈｔｔｐ：//day-sakura.jp" }, "geometry": { "type": "Point", "coordinates": [ 135.131791900000053, 34.6601019 ] } },
{ "type": "Feature", "properties": { "内容": "すこやかトレーニングスタジオ白川【通所介護】兵庫県神戸市須磨区白川台６丁目１２－３森ビル３階", "url": "https://www.kaigokensaku.mhlw.go.jp/28/index.php?action_kouhyou_detail_004_kani=true&JigyosyoCd=2870702491-00&ServiceCd=150&Type=search", "url2": null }, "geometry": { "type": "Point", "coordinates": [ 135.100946900000054, 34.6932813 ] } },
{ "type": "Feature", "properties": { "内容": "KOBE須磨きらくえんデイサービス　げんき・須磨【通所介護】兵庫県神戸市須磨区車字菅ノ池684-1", "url": "https://www.kaigokensaku.mhlw.go.jp/28/index.php?action_kouhyou_detail_004_kani=true&JigyosyoCd=2870703051-00&ServiceCd=150&Type=search", "url2": "http://www.kirakuen.or.jp/" }, "geometry": { "type": "Point", "coordinates": [ 135.110507863935027, 34.681744744765226 ] } },
{ "type": "Feature", "properties": { "内容": "Ｔラボスタジオ　リハ・リハ【通所介護】兵庫県神戸市須磨区前池町3丁目4-1ビバタウン板宿4階", "url": "https://www.kaigokensaku.mhlw.go.jp/28/index.php?action_kouhyou_detail_004_kani=true&JigyosyoCd=2870703226-00&ServiceCd=150&Type=search", "url2": "https://www.reha-reha.jp" }, "geometry": { "type": "Point", "coordinates": [ 135.132138, 34.6621185 ] } },
{ "type": "Feature", "properties": { "内容": "ツクイ神戸北落合【通所介護】兵庫県神戸市須磨区北落合2-10-13", "url": "https://www.kaigokensaku.mhlw.go.jp/28/index.php?action_kouhyou_detail_004_kani=true&JigyosyoCd=2870703317-00&ServiceCd=150&Type=search", "url2": "http://www.tsukui.net/" }, "geometry": { "type": "Point", "coordinates": [ 135.094105, 34.686381 ] } },
{ "type": "Feature", "properties": { "内容": "生活機能強化型デイサービス　DEKIRUスタジオ　リハ・リハ【通所介護】兵庫県須磨区飛松町2丁目5－17リハリビング神戸須磨", "url": "https://www.kaigokensaku.mhlw.go.jp/28/index.php?action_kouhyou_detail_004_kani=true&JigyosyoCd=2870703382-00&ServiceCd=150&Type=search", "url2": "https://www.reha-reha.jp" }, "geometry": { "type": "Point", "coordinates": [ 135.1339676, 34.6616952 ] } },
{ "type": "Feature", "properties": { "内容": "AnyCare白川リハビリ特化型デイサービス【通所介護】白川台3丁目６１－２アニモン白川1階", "url": "https://www.kaigokensaku.mhlw.go.jp/28/index.php?action_kouhyou_detail_004_kani=true&JigyosyoCd=2870703523-00&ServiceCd=150&Type=search", "url2": "https://www.anycare.jp/anycare_shirakawa/" }, "geometry": { "type": "Point", "coordinates": [ 135.0996519, 34.6887138 ] } },
{ "type": "Feature", "properties": { "内容": "あさひリハリゾート白川台【通所介護】兵庫県神戸市須磨区白川台6丁目4－5", "url": "https://www.kaigokensaku.mhlw.go.jp/28/index.php?action_kouhyou_detail_004_kani=true&JigyosyoCd=2870703614-00&ServiceCd=150&Type=search", "url2": "https://asahi4141.com/" }, "geometry": { "type": "Point", "coordinates": [ 135.103078399999987, 34.6925187 ] } },
{ "type": "Feature", "properties": { "内容": "ウィンデイサービスセンター須磨【通所介護】兵庫県神戸市須磨区権現町3丁目6番4号東須磨プラザ1階", "url": "https://www.kaigokensaku.mhlw.go.jp/28/index.php?action_kouhyou_detail_004_kani=true&JigyosyoCd=2870703655-00&ServiceCd=150&Type=search", "url2": "https://granr.co.jp" }, "geometry": { "type": "Point", "coordinates": [ 135.128422, 34.6556099 ] } },
{ "type": "Feature", "properties": { "内容": "SDクルーズ神港園妙法寺【通所介護】兵庫県神戸市須磨区妙法寺字ぬめり石１－４", "url": "https://www.kaigokensaku.mhlw.go.jp/28/index.php?action_kouhyou_detail_004_kani=true&JigyosyoCd=2870703671-00&ServiceCd=150&Type=search", "url2": "https://www.shinkouen.or.jp" }, "geometry": { "type": "Point", "coordinates": [ 135.104249, 34.6715338 ] } },
{ "type": "Feature", "properties": { "内容": "けんけんデイサービス【通所介護】兵庫県神戸市須磨区常盤町1丁目1番13号", "url": "https://www.kaigokensaku.mhlw.go.jp/28/index.php?action_kouhyou_detail_004_kani=true&JigyosyoCd=2870703754-00&ServiceCd=150&Type=search", "url2": "rihashin" }, "geometry": { "type": "Point", "coordinates": [ 135.140668, 34.656011800000023 ] } },
{ "type": "Feature", "properties": { "内容": "ヒューマンライフケア板宿の湯【通所介護】神戸市須磨区大田町５丁目３番２４号シャトー東須磨１階", "url": "https://www.kaigokensaku.mhlw.go.jp/28/index.php?action_kouhyou_detail_004_kani=true&JigyosyoCd=2870702079-00&ServiceCd=150&Type=search", "url2": "http://hlc.athuman.com/caresearch/hyougo/364023/index.php?sisetu=50" }, "geometry": { "type": "Point", "coordinates": [ 135.1332863, 34.6564189 ] } },
{ "type": "Feature", "properties": { "内容": "デイサービスじゅげむ【通所介護】兵庫県神戸市須磨区車字口中ノ尾737-1", "url": "https://www.kaigokensaku.mhlw.go.jp/28/index.php?action_kouhyou_detail_004_kani=true&JigyosyoCd=2870702111-00&ServiceCd=150&Type=search", "url2": "http://www.jyugem-day.com" }, "geometry": { "type": "Point", "coordinates": [ 135.109708229430453, 34.689686629705605 ] } },
{ "type": "Feature", "properties": { "内容": "須磨シニアコミュニティ　デイサービスセンター【通所介護】神戸市須磨区外浜町3丁目3-18", "url": "https://www.kaigokensaku.mhlw.go.jp/28/index.php?action_kouhyou_detail_004_kani=true&JigyosyoCd=2870701337-00&ServiceCd=150&Type=search", "url2": "http://www.yoneda-hospitl.com/suma" }, "geometry": { "type": "Point", "coordinates": [ 135.1352726, 34.6431617 ] } },
{ "type": "Feature", "properties": { "内容": "スマイルこすもす【通所介護】神戸市須磨区大田町７丁目3-15須磨在宅福祉センター", "url": "https://www.kaigokensaku.mhlw.go.jp/28/index.php?action_kouhyou_detail_004_kani=true&JigyosyoCd=2870703481-00&ServiceCd=150&Type=search", "url2": "https://www.with-kobe.or.jp/" }, "geometry": { "type": "Point", "coordinates": [ 135.131767700000012, 34.6547772 ] } },
{ "type": "Feature", "properties": { "内容": "AQUS【通所介護】車字仏坂816", "url": "https://www.kaigokensaku.mhlw.go.jp/28/index.php?action_kouhyou_detail_004_kani=true&JigyosyoCd=2870703267-00&ServiceCd=150&Type=search", "url2": "https://isai-aqus.com" }, "geometry": { "type": "Point", "coordinates": [ 135.1070947, 34.6915894 ] } },
{ "type": "Feature", "properties": { "内容": "ソララ多聞台【通所介護】兵庫県神戸市垂水区多聞台1丁目6番5号", "url": "https://www.kaigokensaku.mhlw.go.jp/28/index.php?action_kouhyou_detail_004_kani=true&JigyosyoCd=2870804834-00&ServiceCd=150&Type=search", "url2": null }, "geometry": { "type": "Point", "coordinates": [ 135.043691602162454, 34.660676662743462 ] } },
{ "type": "Feature", "properties": { "内容": "パナソニックエイジフリーケアセンター垂水・デイサービス【通所介護】神戸市垂水区瑞ヶ丘7-14　グランツ垂水１Ｆ", "url": "https://www.kaigokensaku.mhlw.go.jp/28/index.php?action_kouhyou_detail_004_kani=true&JigyosyoCd=2870802259-00&ServiceCd=150&Type=search", "url2": "http://www.net-kaigo.com" }, "geometry": { "type": "Point", "coordinates": [ 135.05575, 34.6338758 ] } },
{ "type": "Feature", "properties": { "内容": "本多聞高齢者介護支援センター【通所介護】神戸市垂水区本多聞7-2-2", "url": "https://www.kaigokensaku.mhlw.go.jp/28/index.php?action_kouhyou_detail_004_kani=true&JigyosyoCd=2870800055-00&ServiceCd=150&Type=search", "url2": "http://hontamon.jp/" }, "geometry": { "type": "Point", "coordinates": [ 135.043058200000019, 34.6518323 ] } },
{ "type": "Feature", "properties": { "内容": "オービーホームデイサービスセンター【通所介護】兵庫県神戸市垂水区名谷町字猿倉２７３－７", "url": "https://www.kaigokensaku.mhlw.go.jp/28/index.php?action_kouhyou_detail_004_kani=true&JigyosyoCd=2870800337-00&ServiceCd=150&Type=search", "url2": "http://www.obh2525.or.jp" }, "geometry": { "type": "Point", "coordinates": [ 135.063005649598722, 34.649828870131152 ] } },
{ "type": "Feature", "properties": { "内容": "しあわせ家族デイサービスセンター【通所介護】神戸市垂水区名谷町字小川2557-4うぐいすの里", "url": "https://www.kaigokensaku.mhlw.go.jp/28/index.php?action_kouhyou_detail_004_kani=true&JigyosyoCd=2870800352-00&ServiceCd=150&Type=search", "url2": "http://shiawasekazoku.main.jp" }, "geometry": { "type": "Point", "coordinates": [ 135.082471656236294, 34.664412306490718 ] } },
{ "type": "Feature", "properties": { "内容": "桃山台ホームデイサービスセンター【通所介護】神戸市垂水区桃山台5丁目1139番地3", "url": "https://www.kaigokensaku.mhlw.go.jp/28/index.php?action_kouhyou_detail_004_kani=true&JigyosyoCd=2870800402-00&ServiceCd=150&Type=search", "url2": "http://www.momoyamadaihome.jp/" }, "geometry": { "type": "Point", "coordinates": [ 135.085229499999969, 34.6570488 ] } },
{ "type": "Feature", "properties": { "内容": "デイサービスセンターふるさと【通所介護】兵庫県神戸市垂水区塩屋町6丁目38番8号", "url": "https://www.kaigokensaku.mhlw.go.jp/28/index.php?action_kouhyou_detail_004_kani=true&JigyosyoCd=2870800485-00&ServiceCd=150&Type=search", "url2": "http://www.tokuyo-furusato.or.jp/" }, "geometry": { "type": "Point", "coordinates": [ 135.073928300000034, 34.6361596 ] } },
{ "type": "Feature", "properties": { "内容": "デイサービスセンターファボール星陵【通所介護】神戸市垂水区星陵台４－４－４３", "url": "https://www.kaigokensaku.mhlw.go.jp/28/index.php?action_kouhyou_detail_004_kani=true&JigyosyoCd=2870800543-00&ServiceCd=150&Type=search", "url2": "http://kyowakai.main.jp/" }, "geometry": { "type": "Point", "coordinates": [ 135.048135699999989, 34.6476913 ] } },
{ "type": "Feature", "properties": { "内容": "舞子台ホーム・デイサービスセンター【通所介護】兵庫県　神戸市　垂水区　舞子台7丁目2番1号", "url": "https://www.kaigokensaku.mhlw.go.jp/28/index.php?action_kouhyou_detail_004_kani=true&JigyosyoCd=2870800584-00&ServiceCd=150&Type=search", "url2": "http://maikodaihome.jp" }, "geometry": { "type": "Point", "coordinates": [ 135.042006379237364, 34.639844770055745 ] } },
{ "type": "Feature", "properties": { "内容": "フェニックスリハビリテーションセンター【通所介護】兵庫県神戸市垂水区桃山台２－１６６４－４５", "url": "https://www.kaigokensaku.mhlw.go.jp/28/index.php?action_kouhyou_detail_004_kani=true&JigyosyoCd=2870801475-00&ServiceCd=150&Type=search", "url2": "http://rehab.co.jp" }, "geometry": { "type": "Point", "coordinates": [ 135.078480003843652, 34.653171567151702 ] } },
{ "type": "Feature", "properties": { "内容": "げんき・もりもり王居殿【通所介護】神戸市垂水区王居殿3-9-4", "url": "https://www.kaigokensaku.mhlw.go.jp/28/index.php?action_kouhyou_detail_004_kani=true&JigyosyoCd=2870801707-00&ServiceCd=150&Type=search", "url2": "https://getwell-jun.com/genkigroup/oiden/" }, "geometry": { "type": "Point", "coordinates": [ 135.068930663368292, 34.635449521113486 ] } },
{ "type": "Feature", "properties": { "内容": "垂水在宅福祉センター【通所介護】神戸市垂水区平磯１-２-５垂水年金会館２階", "url": "https://www.kaigokensaku.mhlw.go.jp/28/index.php?action_kouhyou_detail_004_kani=true&JigyosyoCd=2870801913-00&ServiceCd=150&Type=search", "url2": "http://www.obh2525.or.jp/　　法人ホームページ内に記載有" }, "geometry": { "type": "Point", "coordinates": [ 135.058977899999945, 34.6280653 ] } },
{ "type": "Feature", "properties": { "内容": "塩屋さくら苑デイサービスセンター【通所介護】神戸市垂水区塩屋町4丁目25-11", "url": "https://www.kaigokensaku.mhlw.go.jp/28/index.php?action_kouhyou_detail_004_kani=true&JigyosyoCd=2870802085-00&ServiceCd=150&Type=search", "url2": "https://kobechuofukusikai.net/shioyasakuraen/" }, "geometry": { "type": "Point", "coordinates": [ 135.080416600000035, 34.6367151 ] } },
{ "type": "Feature", "properties": { "内容": "げんきトレーニングセンター向陽【通所介護】兵庫県神戸市垂水区向陽２－６－２６", "url": "https://www.kaigokensaku.mhlw.go.jp/28/index.php?action_kouhyou_detail_004_kani=true&JigyosyoCd=2870802358-00&ServiceCd=150&Type=search", "url2": "https://getwell-jun.com/genkigroup/koyo/" }, "geometry": { "type": "Point", "coordinates": [ 135.0642901, 34.6446086 ] } },
{ "type": "Feature", "properties": { "内容": "すこやかトレーニングスタジオ【通所介護】本多聞２丁目３４－１４ザ・ライフ本多聞　1Ｆ", "url": "https://www.kaigokensaku.mhlw.go.jp/28/index.php?action_kouhyou_detail_004_kani=true&JigyosyoCd=2870802580-00&ServiceCd=150&Type=search", "url2": "www.sukoyaka-life.co.jp" }, "geometry": { "type": "Point", "coordinates": [ 135.0473022, 34.6604814 ] } },
{ "type": "Feature", "properties": { "内容": "すこやかトレーニング第２スタジオ【通所介護】本多聞3丁目5-20カーサ多聞1Ｆ", "url": "https://www.kaigokensaku.mhlw.go.jp/28/index.php?action_kouhyou_detail_004_kani=true&JigyosyoCd=2870802739-00&ServiceCd=150&Type=search", "url2": "www.sukoyaka-life.co.jp" }, "geometry": { "type": "Point", "coordinates": [ 135.0486631, 34.6616174 ] } },
{ "type": "Feature", "properties": { "内容": "げんきトレーニングセンター多聞【通所介護】南多聞台6丁目10-5-1階", "url": "https://www.kaigokensaku.mhlw.go.jp/28/index.php?action_kouhyou_detail_004_kani=true&JigyosyoCd=2870802754-00&ServiceCd=150&Type=search", "url2": "https://getwell-jun.com/genkigroup/tamon/" }, "geometry": { "type": "Point", "coordinates": [ 135.030694067927129, 34.656030655711128 ] } },
{ "type": "Feature", "properties": { "内容": "トレーニングステーション　ファイン【通所介護】兵庫県神戸市垂水区大町5-5-27", "url": "https://www.kaigokensaku.mhlw.go.jp/28/index.php?action_kouhyou_detail_004_kani=true&JigyosyoCd=2870802861-00&ServiceCd=150&Type=search", "url2": "https://www.finelabo.work/" }, "geometry": { "type": "Point", "coordinates": [ 135.061379399999964, 34.6396092 ] } },
{ "type": "Feature", "properties": { "内容": "ひだまりデイサービスすず【通所介護】兵庫県神戸市垂水区泉が丘1-8-3-2", "url": "https://www.kaigokensaku.mhlw.go.jp/28/index.php?action_kouhyou_detail_004_kani=true&JigyosyoCd=2870802879-00&ServiceCd=150&Type=search", "url2": "https://www.su-zu.co.jp/" }, "geometry": { "type": "Point", "coordinates": [ 135.067132896295163, 34.630765571977904 ] } },
{ "type": "Feature", "properties": { "内容": "デイサービス　リエゾン　星が丘【通所介護】兵庫県神戸市垂水区星が丘1丁目1-32", "url": "https://www.kaigokensaku.mhlw.go.jp/28/index.php?action_kouhyou_detail_004_kani=true&JigyosyoCd=2870803166-00&ServiceCd=150&Type=search", "url2": "http://www.liasonkobe.co.jp/" }, "geometry": { "type": "Point", "coordinates": [ 135.047193687765798, 34.637805050445685 ] } },
{ "type": "Feature", "properties": { "内容": "ドレミリハビリテーションセンター垂水【通所介護】大町１－１－１１", "url": "https://www.kaigokensaku.mhlw.go.jp/28/index.php?action_kouhyou_detail_004_kani=true&JigyosyoCd=2870803190-00&ServiceCd=150&Type=search", "url2": "http://www.care-relife.com/" }, "geometry": { "type": "Point", "coordinates": [ 140.118446100000028, 39.7195475 ] } },
{ "type": "Feature", "properties": { "内容": "アルクスタジオ　リハ･リハ【通所介護】兵庫県神戸市垂水区名谷町字横尾1825番地1", "url": "https://www.kaigokensaku.mhlw.go.jp/28/index.php?action_kouhyou_detail_004_kani=true&JigyosyoCd=2870803307-00&ServiceCd=150&Type=search", "url2": "https://www.reha-reha.jp" }, "geometry": { "type": "Point", "coordinates": [ 135.072214768508957, 34.661532809881159 ] } },
{ "type": "Feature", "properties": { "内容": "かがやきデイサービス垂水【通所介護】兵庫県神戸市垂水区福田１－２－２", "url": "https://www.kaigokensaku.mhlw.go.jp/28/index.php?action_kouhyou_detail_004_kani=true&JigyosyoCd=2870803331-00&ServiceCd=150&Type=search", "url2": "http://www.ymmd.co.jp" }, "geometry": { "type": "Point", "coordinates": [ 135.063719799999944, 34.6394804 ] } },
{ "type": "Feature", "properties": { "内容": "げんき・もりもり南多聞【通所介護】兵庫県神戸市垂水区南多聞台6-10-5-2F", "url": "https://www.kaigokensaku.mhlw.go.jp/28/index.php?action_kouhyou_detail_004_kani=true&JigyosyoCd=2870803513-00&ServiceCd=150&Type=search", "url2": "https://getwell-jun.com/genkigroup/minami-tamon/" }, "geometry": { "type": "Point", "coordinates": [ 135.03068410000003, 34.656087 ] } },
{ "type": "Feature", "properties": { "内容": "リハビリセンター　りらいふ舞子【通所介護】兵庫県神戸市垂水区星陵台１－９－５リヴェールメイ垂水１０１号室", "url": "https://www.kaigokensaku.mhlw.go.jp/28/index.php?action_kouhyou_detail_004_kani=true&JigyosyoCd=2870803638-00&ServiceCd=150&Type=search", "url2": "http://www.care-relife.com/" }, "geometry": { "type": "Point", "coordinates": [ 135.045059364169589, 34.638781290676206 ] } },
{ "type": "Feature", "properties": { "内容": "ARC舞多聞【通所介護】兵庫県神戸市垂水区舞多聞西5-1-4", "url": "https://www.kaigokensaku.mhlw.go.jp/28/index.php?action_kouhyou_detail_004_kani=true&JigyosyoCd=2870803703-00&ServiceCd=150&Type=search", "url2": "http://www.arataka.co.jp" }, "geometry": { "type": "Point", "coordinates": [ 135.048082499999964, 34.6651726 ] } },
{ "type": "Feature", "properties": { "内容": "エクレ小束台デイサービスセンター【通所介護】小束台868-1134", "url": "https://www.kaigokensaku.mhlw.go.jp/28/index.php?action_kouhyou_detail_004_kani=true&JigyosyoCd=2870803786-00&ServiceCd=150&Type=search", "url2": "http://www.kouyukai.jp" }, "geometry": { "type": "Point", "coordinates": [ 135.0544956, 34.6732579 ] } },
{ "type": "Feature", "properties": { "内容": "倖糸【通所介護】兵庫県神戸市垂水区塩屋北町３丁目６－７", "url": "https://www.kaigokensaku.mhlw.go.jp/28/index.php?action_kouhyou_detail_004_kani=true&JigyosyoCd=2870803950-00&ServiceCd=150&Type=search", "url2": "http://rehab.co.jp" }, "geometry": { "type": "Point", "coordinates": [ 135.0869047, 34.6448558 ] } },
{ "type": "Feature", "properties": { "内容": "フォレストケアデイサービスセンター【通所介護】兵庫県神戸市垂水区旭が丘1丁目9番60号", "url": "https://www.kaigokensaku.mhlw.go.jp/28/index.php?action_kouhyou_detail_004_kani=true&JigyosyoCd=2870804073-00&ServiceCd=150&Type=search", "url2": "https://www.forestcare.co.jp" }, "geometry": { "type": "Point", "coordinates": [ 135.052547657672108, 34.633207648657965 ] } },
{ "type": "Feature", "properties": { "内容": "デイサービスセンター神戸垂水ちどり【通所介護】兵庫県神戸市垂水区高丸6丁目7番2号神戸垂水ちどり", "url": "https://www.kaigokensaku.mhlw.go.jp/28/index.php?action_kouhyou_detail_004_kani=true&JigyosyoCd=2870804149-00&ServiceCd=150&Type=search", "url2": "https://www.chidori.or.jp" }, "geometry": { "type": "Point", "coordinates": [ 135.055923473074245, 34.639918552112142 ] } },
{ "type": "Feature", "properties": { "内容": "リハビリテーションラボ　スリーツリー【通所介護】兵庫県神戸市垂水区王居殿3丁目25-1", "url": "https://www.kaigokensaku.mhlw.go.jp/28/index.php?action_kouhyou_detail_004_kani=true&JigyosyoCd=2870804206-00&ServiceCd=150&Type=search", "url2": null }, "geometry": { "type": "Point", "coordinates": [ 135.0691736, 34.637268 ] } },
{ "type": "Feature", "properties": { "内容": "ARC×me-boi東垂水【通所介護】兵庫県神戸市垂水区青山台7‐6‐1", "url": "https://www.kaigokensaku.mhlw.go.jp/28/index.php?action_kouhyou_detail_004_kani=true&JigyosyoCd=2870804230-00&ServiceCd=150&Type=search", "url2": "https://www.aratakaholdings.jp/" }, "geometry": { "type": "Point", "coordinates": [ 135.0740078, 34.6455949 ] } },
{ "type": "Feature", "properties": { "内容": "ツクイ神戸多聞台【通所介護】多聞台2-2-7", "url": "https://www.kaigokensaku.mhlw.go.jp/28/index.php?action_kouhyou_detail_004_kani=true&JigyosyoCd=2870804347-00&ServiceCd=150&Type=search", "url2": "https：//www.tsukui.net" }, "geometry": { "type": "Point", "coordinates": [ 135.040792900000014, 34.6573045 ] } },
{ "type": "Feature", "properties": { "内容": "リハビリテーションラボ　スリーツリーmaiko【通所介護】兵庫県神戸市垂水区舞子台5丁目1-20", "url": "https://www.kaigokensaku.mhlw.go.jp/28/index.php?action_kouhyou_detail_004_kani=true&JigyosyoCd=2870804412-00&ServiceCd=150&Type=search", "url2": null }, "geometry": { "type": "Point", "coordinates": [ 135.031212670367353, 34.636516369687421 ] } },
{ "type": "Feature", "properties": { "内容": "Tryus（トライアス舞子）【通所介護】神戸市垂水区舞子台2-9-13", "url": "https://www.kaigokensaku.mhlw.go.jp/28/index.php?action_kouhyou_detail_004_kani=true&JigyosyoCd=2870804511-00&ServiceCd=150&Type=search", "url2": "https://tryus.jp" }, "geometry": { "type": "Point", "coordinates": [ 135.0325415, 34.6358201 ] } },
{ "type": "Feature", "properties": { "内容": "デイサービス元気塾せいほう【通所介護】兵庫県神戸市垂水区名谷町丸尾451", "url": "https://www.kaigokensaku.mhlw.go.jp/28/index.php?action_kouhyou_detail_004_kani=true&JigyosyoCd=2870804529-00&ServiceCd=150&Type=search", "url2": null }, "geometry": { "type": "Point", "coordinates": [ 135.066622937046901, 34.652830882943583 ] } },
{ "type": "Feature", "properties": { "内容": "ふるさとmine【通所介護】青山台4-7-14", "url": "https://www.kaigokensaku.mhlw.go.jp/28/index.php?action_kouhyou_detail_004_kani=true&JigyosyoCd=2870804578-00&ServiceCd=150&Type=search", "url2": "http://www.tokuyo-furusato.or.jp" }, "geometry": { "type": "Point", "coordinates": [ 135.073497, 34.6425197 ] } },
{ "type": "Feature", "properties": { "内容": "アップリハビリセンター【通所介護】神戸市垂水区名谷町1777-11階", "url": "https://www.kaigokensaku.mhlw.go.jp/28/index.php?action_kouhyou_detail_004_kani=true&JigyosyoCd=2870801855-00&ServiceCd=150&Type=search", "url2": null }, "geometry": { "type": "Point", "coordinates": [ 135.0727359, 34.6646367 ] } },
{ "type": "Feature", "properties": { "内容": "ヒューマンライフケアたるみ乃湯【通所介護】本多聞4丁目1-263", "url": "https://www.kaigokensaku.mhlw.go.jp/28/index.php?action_kouhyou_detail_004_kani=true&JigyosyoCd=2870802622-00&ServiceCd=150&Type=search", "url2": "http//hlc.athuman.com/" }, "geometry": { "type": "Point", "coordinates": [ 135.049768800000038, 34.6556349 ] } },
{ "type": "Feature", "properties": { "内容": "さん舞子神港園デイサービスセンター【通所介護】神戸市垂水区五色山7丁目12-38さん舞子神港園", "url": "https://www.kaigokensaku.mhlw.go.jp/28/index.php?action_kouhyou_detail_004_kani=true&JigyosyoCd=2870803349-00&ServiceCd=150&Type=search", "url2": "htp://www.shinkouen.or.jp" }, "geometry": { "type": "Point", "coordinates": [ 135.039708799999971, 34.6301236 ] } },
{ "type": "Feature", "properties": { "内容": "福田デイサービスセンター彩樹の家【通所介護】兵庫県神戸市垂水区福田４丁目４－２５", "url": "https://www.kaigokensaku.mhlw.go.jp/28/index.php?action_kouhyou_detail_004_kani=true&JigyosyoCd=2870804891-00&ServiceCd=150&Type=search", "url2": "https://www.su-zu.co.jp/" }, "geometry": { "type": "Point", "coordinates": [ 135.066404279762253, 34.646363763670671 ] } },
{ "type": "Feature", "properties": { "内容": "グループホーム希の丘【通所介護】兵庫県神戸市垂水区小束台868-1129", "url": "https://www.kaigokensaku.mhlw.go.jp/28/index.php?action_kouhyou_detail_004_kani=true&JigyosyoCd=2890800341-00&ServiceCd=150&Type=search", "url2": "https://midori-hp.or.jp/group-home-rare-hill-2/" }, "geometry": { "type": "Point", "coordinates": [ 135.0526682, 34.6737153 ] } },
{ "type": "Feature", "properties": { "内容": "パワーリハ垂水【通所介護】野田通9-10ソレアード垂水", "url": "https://www.kaigokensaku.mhlw.go.jp/28/index.php?action_kouhyou_detail_004_kani=true&JigyosyoCd=2870803851-00&ServiceCd=150&Type=search", "url2": "info＠nisshin-care.co.jp" }, "geometry": { "type": "Point", "coordinates": [ 135.0581075, 34.635954 ] } },
{ "type": "Feature", "properties": { "内容": "株式会社　リエゾン【通所介護】兵庫県神戸市垂水区名谷町中坊60-10", "url": "https://www.kaigokensaku.mhlw.go.jp/28/index.php?action_kouhyou_detail_004_kani=true&JigyosyoCd=2870801269-00&ServiceCd=150&Type=search", "url2": "http://www.liaisonkobe.co.jp" }, "geometry": { "type": "Point", "coordinates": [ 135.067514073927299, 34.650076801357855 ] } },
{ "type": "Feature", "properties": { "内容": "やすらぎ介護センター　つくしが丘【通所介護】神戸市北区筑紫が丘４丁目２番７号", "url": "https://www.kaigokensaku.mhlw.go.jp/28/index.php?action_kouhyou_detail_004_kani=true&JigyosyoCd=2875001337-00&ServiceCd=150&Type=search", "url2": "http://www.yasuragi-swc.or.jp/tsukushigaoka/index.html" }, "geometry": { "type": "Point", "coordinates": [ 135.164598899999987, 34.7456818 ] } },
{ "type": "Feature", "properties": { "内容": "デイサービスサニーリハトレセンター【通所介護】有野中町3-17-8", "url": "https://www.kaigokensaku.mhlw.go.jp/28/index.php?action_kouhyou_detail_004_kani=true&JigyosyoCd=2875002194-00&ServiceCd=150&Type=search", "url2": "https://ee-sunny.com/" }, "geometry": { "type": "Point", "coordinates": [ 135.2253422, 34.8322364 ] } },
{ "type": "Feature", "properties": { "内容": "やすらぎの里道場　デイサービスセンター【通所介護】神戸市北区道場町塩田３０８０番地", "url": "https://www.kaigokensaku.mhlw.go.jp/28/index.php?action_kouhyou_detail_004_kani=true&JigyosyoCd=2875000404-00&ServiceCd=150&Type=search", "url2": "http://www.syobikai.or.jp" }, "geometry": { "type": "Point", "coordinates": [ 135.245451600000024, 34.8721919 ] } },
{ "type": "Feature", "properties": { "内容": "さつき園デイサービスセンター【通所介護】兵庫県神戸市北区山田町小部字杉ノ木３番地の２", "url": "https://www.kaigokensaku.mhlw.go.jp/28/index.php?action_kouhyou_detail_004_kani=true&JigyosyoCd=2875000636-00&ServiceCd=150&Type=search", "url2": "http://www.yasuragi-swc.or.jp" }, "geometry": { "type": "Point", "coordinates": [ 135.16113, 34.7285311 ] } },
{ "type": "Feature", "properties": { "内容": "デイサービスセンターさくらの家【通所介護】兵庫県神戸市北区八多町中１３６７", "url": "https://www.kaigokensaku.mhlw.go.jp/28/index.php?action_kouhyou_detail_004_kani=true&JigyosyoCd=2875001220-00&ServiceCd=150&Type=search", "url2": null }, "geometry": { "type": "Point", "coordinates": [ 135.216118300000062, 34.8483906 ] } },
{ "type": "Feature", "properties": { "内容": "ゆうゆう・楽天【通所介護】兵庫県　神戸市　北区　鹿の子台北町　４－２４－１１", "url": "https://www.kaigokensaku.mhlw.go.jp/28/index.php?action_kouhyou_detail_004_kani=true&JigyosyoCd=2875001493-00&ServiceCd=150&Type=search", "url2": null }, "geometry": { "type": "Point", "coordinates": [ 135.218434699999989, 34.8592233 ] } },
{ "type": "Feature", "properties": { "内容": "なごみ介護センター　なごみデイサービス【通所介護】神戸市北区山田町下谷上字かんじゃ７番３号", "url": "https://www.kaigokensaku.mhlw.go.jp/28/index.php?action_kouhyou_detail_004_kani=true&JigyosyoCd=2875001519-00&ServiceCd=150&Type=search", "url2": "http://www.jyowakai.or.jp/nagomi/" }, "geometry": { "type": "Point", "coordinates": [ 135.153799700000036, 34.761927 ] } },
{ "type": "Feature", "properties": { "内容": "デイサービスセンターこんぺいとう【通所介護】兵庫県神戸市北区山田町下谷上字門口１０－３", "url": "https://www.kaigokensaku.mhlw.go.jp/28/index.php?action_kouhyou_detail_004_kani=true&JigyosyoCd=2875001816-00&ServiceCd=150&Type=search", "url2": "http://www.hg-corp.jp/" }, "geometry": { "type": "Point", "coordinates": [ 135.155651172244262, 34.749752093734195 ] } },
{ "type": "Feature", "properties": { "内容": "さくらホームデイサービスセンター【通所介護】兵庫県神戸市北区山田町小部字惣六畑山8-18", "url": "https://www.kaigokensaku.mhlw.go.jp/28/index.php?action_kouhyou_detail_004_kani=true&JigyosyoCd=2875002061-00&ServiceCd=150&Type=search", "url2": "http://www.yasuragi-swc.or.jp" }, "geometry": { "type": "Point", "coordinates": [ 135.160785300000043, 34.7371106 ] } },
{ "type": "Feature", "properties": { "内容": "鈴の音リハビリテーションセンター【通所介護】兵庫県神戸市北区山田町小部字大脇山１７－１北鈴プラザ２Ｆ", "url": "https://www.kaigokensaku.mhlw.go.jp/28/index.php?action_kouhyou_detail_004_kani=true&JigyosyoCd=2875002160-00&ServiceCd=150&Type=search", "url2": "http://rehab.co.jp" }, "geometry": { "type": "Point", "coordinates": [ 135.15972110000007, 34.7401708 ] } },
{ "type": "Feature", "properties": { "内容": "社会福祉法人黎明会デイサービスストロベリー【通所介護】兵庫県神戸市北区有野町二郎字西浦383番地", "url": "https://www.kaigokensaku.mhlw.go.jp/28/index.php?action_kouhyou_detail_004_kani=true&JigyosyoCd=2875002319-00&ServiceCd=150&Type=search", "url2": "http://www.reimeikai.org" }, "geometry": { "type": "Point", "coordinates": [ 135.230736232571417, 34.84279512945993 ] } },
{ "type": "Feature", "properties": { "内容": "リハビリデイサービス　すまぁと【通所介護】兵庫県神戸市北区北五葉1丁目5-1ハピネスプラザ3階", "url": "https://www.kaigokensaku.mhlw.go.jp/28/index.php?action_kouhyou_detail_004_kani=true&JigyosyoCd=2875002434-00&ServiceCd=150&Type=search", "url2": "http://www.smart-kobe.com/service/care.html#day_service" }, "geometry": { "type": "Point", "coordinates": [ 135.133871, 34.7265584 ] } },
{ "type": "Feature", "properties": { "内容": "やすらぎの里神戸赤松台デイサービスセンター【通所介護】兵庫県神戸市北区赤松台１丁目1-77", "url": "https://www.kaigokensaku.mhlw.go.jp/28/index.php?action_kouhyou_detail_004_kani=true&JigyosyoCd=2875002913-00&ServiceCd=150&Type=search", "url2": "http://www.syobikai.or.jp/" }, "geometry": { "type": "Point", "coordinates": [ 135.181108, 34.8740472 ] } },
{ "type": "Feature", "properties": { "内容": "パワーリハ　山之街【通所介護】神戸市北区緑町3丁目2番47号Soleado　山之街", "url": "https://www.kaigokensaku.mhlw.go.jp/28/index.php?action_kouhyou_detail_004_kani=true&JigyosyoCd=2875003168-00&ServiceCd=150&Type=search", "url2": "http://www/nissin‐care.com" }, "geometry": { "type": "Point", "coordinates": [ 135.150449900000012, 34.7490702 ] } },
{ "type": "Feature", "properties": { "内容": "デイサービスセンター　レックオール【通所介護】鈴蘭台南町3丁目12-14", "url": "https://www.kaigokensaku.mhlw.go.jp/28/index.php?action_kouhyou_detail_004_kani=true&JigyosyoCd=2875003234-00&ServiceCd=150&Type=search", "url2": "http://www.soresys.co.jp" }, "geometry": { "type": "Point", "coordinates": [ 135.140323299999977, 34.7261948 ] } },
{ "type": "Feature", "properties": { "内容": "ポラリスデイサービスセンター　谷上【通所介護】谷上西町１５－１０", "url": "https://www.kaigokensaku.mhlw.go.jp/28/index.php?action_kouhyou_detail_004_kani=true&JigyosyoCd=2875003333-00&ServiceCd=150&Type=search", "url2": "http://www.polaris.care/" }, "geometry": { "type": "Point", "coordinates": [ 135.162129899999968, 34.7614145 ] } },
{ "type": "Feature", "properties": { "内容": "デイサービス駒どりの郷【通所介護】兵庫県神戸市北区西大池2丁目7-41", "url": "https://www.kaigokensaku.mhlw.go.jp/28/index.php?action_kouhyou_detail_004_kani=true&JigyosyoCd=2875003366-00&ServiceCd=150&Type=search", "url2": "http://komadory.com/" }, "geometry": { "type": "Point", "coordinates": [ 135.195209699999964, 34.7735981 ] } },
{ "type": "Feature", "properties": { "内容": "ネオライフサポート　デイサービスセンター【通所介護】兵庫県神戸市北区八多町中888番地グラン悠遊", "url": "https://www.kaigokensaku.mhlw.go.jp/28/index.php?action_kouhyou_detail_004_kani=true&JigyosyoCd=2875003515-00&ServiceCd=150&Type=search", "url2": "https://www.yuyugroup.jp/" }, "geometry": { "type": "Point", "coordinates": [ 135.21971434274451, 34.853955200973004 ] } },
{ "type": "Feature", "properties": { "内容": "あさひリハリゾート　星和台【通所介護】兵庫県神戸市北区星和台１－１６－１２０", "url": "https://www.kaigokensaku.mhlw.go.jp/28/index.php?action_kouhyou_detail_004_kani=true&JigyosyoCd=2875003721-00&ServiceCd=150&Type=search", "url2": "https://asahi4141.com/service/day/" }, "geometry": { "type": "Point", "coordinates": [ 135.130158200000011, 34.7193073 ] } },
{ "type": "Feature", "properties": { "内容": "デイサービスセンター　レックオール　北鈴蘭台【通所介護】兵庫県神戸市北区甲栄台３丁目４ー１０ベラジュール北鈴蘭台　１階", "url": "https://www.kaigokensaku.mhlw.go.jp/28/index.php?action_kouhyou_detail_004_kani=true&JigyosyoCd=2875003853-00&ServiceCd=150&Type=search", "url2": "https://soresys.co.jp/reqol/" }, "geometry": { "type": "Point", "coordinates": [ 135.147803, 34.7416027 ] } },
{ "type": "Feature", "properties": { "内容": "リハ・タイム【通所介護】神戸市北区西大池2丁目26番地の2", "url": "https://www.kaigokensaku.mhlw.go.jp/28/index.php?action_kouhyou_detail_004_kani=true&JigyosyoCd=2875003887-00&ServiceCd=150&Type=search", "url2": null }, "geometry": { "type": "Point", "coordinates": [ 135.195046100000013, 34.771767 ] } },
{ "type": "Feature", "properties": { "内容": "ツクイ神戸西山【通所介護】兵庫県神戸市北区西山1-15-9", "url": "https://www.kaigokensaku.mhlw.go.jp/28/index.php?action_kouhyou_detail_004_kani=true&JigyosyoCd=2875003945-00&ServiceCd=150&Type=search", "url2": null }, "geometry": { "type": "Point", "coordinates": [ 135.218977099999989, 34.8351329 ] } },
{ "type": "Feature", "properties": { "内容": "ツクイ神戸松宮台【通所介護】松宮台2-1-9", "url": "https://www.kaigokensaku.mhlw.go.jp/28/index.php?action_kouhyou_detail_004_kani=true&JigyosyoCd=2875003960-00&ServiceCd=150&Type=search", "url2": null }, "geometry": { "type": "Point", "coordinates": [ 135.1456, 34.734218 ] } },
{ "type": "Feature", "properties": { "内容": "デイサービスすまぁとACE【通所介護】兵庫県神戸市北区山田町小部字宮ノ前1-1", "url": "https://www.kaigokensaku.mhlw.go.jp/28/index.php?action_kouhyou_detail_004_kani=true&JigyosyoCd=2875004356-00&ServiceCd=150&Type=search", "url2": "http://www.smart-kobe.com/service/care.html#day_service" }, "geometry": { "type": "Point", "coordinates": [ 135.151970207147087, 34.730745676586061 ] } },
{ "type": "Feature", "properties": { "内容": "デイサービス笑楽　岡場【通所介護】神戸市北区藤原台中町1-2-2エコールリラ1F", "url": "https://www.kaigokensaku.mhlw.go.jp/28/index.php?action_kouhyou_detail_004_kani=true&JigyosyoCd=2875002608-00&ServiceCd=150&Type=search", "url2": "http://わらく.com/" }, "geometry": { "type": "Point", "coordinates": [ 135.221229988499459, 34.821766918221002 ] } },
{ "type": "Feature", "properties": { "内容": "しあわせの菜の花畑デイサービスセンター【通所介護】兵庫県神戸市北区菖蒲が丘１丁目１４－２しあわせの菜の花畑・神戸菖蒲が丘", "url": "https://www.kaigokensaku.mhlw.go.jp/28/index.php?action_kouhyou_detail_004_kani=true&JigyosyoCd=2875003689-00&ServiceCd=150&Type=search", "url2": "http://www.nanohanabatake.jp/" }, "geometry": { "type": "Point", "coordinates": [ 135.217807, 34.8392523 ] } },
{ "type": "Feature", "properties": { "内容": "さくらガーデン　デイサービス【通所介護】神戸市北区長尾町上津4658－6", "url": "https://www.kaigokensaku.mhlw.go.jp/28/index.php?action_kouhyou_detail_004_kani=true&JigyosyoCd=2875004059-00&ServiceCd=150&Type=search", "url2": "http://aijukai.org" }, "geometry": { "type": "Point", "coordinates": [ 135.16808877567135, 34.888687729820042 ] } },
{ "type": "Feature", "properties": { "内容": "でいさーびすつきひのなごみ【通所介護】鈴蘭台東町３丁目３－３７岡田マンション1Ｆ", "url": "https://www.kaigokensaku.mhlw.go.jp/28/index.php?action_kouhyou_detail_004_kani=true&JigyosyoCd=2875004463-00&ServiceCd=150&Type=search", "url2": "https://www.instagram.com/p/DLwxTflzdnO/" }, "geometry": { "type": "Point", "coordinates": [ 135.151465964418037, 34.723797035859874 ] } },
{ "type": "Feature", "properties": { "内容": "社会福祉法人恩賜財団済生会支部兵庫県済生会　ふじの里デイサービスセンター【通所介護】兵庫県神戸市北区藤原台中町5丁目1番2号", "url": "https://www.kaigokensaku.mhlw.go.jp/28/index.php?action_kouhyou_detail_004_kani=true&JigyosyoCd=2875000255-00&ServiceCd=150&Type=search", "url2": "http://fujinosato.info/" }, "geometry": { "type": "Point", "coordinates": [ 135.214662800000042, 34.8225235 ] } },
{ "type": "Feature", "properties": { "内容": "リハビリクラブスキップ【通所介護】有野町有野922－1石岡整形外科３F", "url": "https://www.kaigokensaku.mhlw.go.jp/28/index.php?action_kouhyou_detail_004_kani=true&JigyosyoCd=2875002871-00&ServiceCd=150&Type=search", "url2": null }, "geometry": { "type": "Point", "coordinates": [ 135.21682340000001, 34.8097784 ] } },
{ "type": "Feature", "properties": { "内容": "リハ・タイム【通所介護】西大池2丁目26番地の2", "url": "https://www.kaigokensaku.mhlw.go.jp/28/index.php?action_kouhyou_detail_004_kani=true&JigyosyoCd=2875004547-00&ServiceCd=150&Type=search", "url2": null }, "geometry": { "type": "Point", "coordinates": [ 135.195010200000013, 34.7717571 ] } },
{ "type": "Feature", "properties": { "内容": "デイサービスセンター　まほしの里【通所介護】神戸市北区有野町唐櫃291-1", "url": "https://www.kaigokensaku.mhlw.go.jp/28/index.php?action_kouhyou_detail_004_kani=true&JigyosyoCd=2875002129-00&ServiceCd=150&Type=search", "url2": "http://www.mahoshi.com/" }, "geometry": { "type": "Point", "coordinates": [ 135.220010515313817, 34.795222011859046 ] } },
{ "type": "Feature", "properties": { "内容": "デイサービスセンターみねのさと【通所介護】藤原台中町2丁目２－３", "url": "https://www.kaigokensaku.mhlw.go.jp/28/index.php?action_kouhyou_detail_004_kani=true&JigyosyoCd=2875003572-00&ServiceCd=150&Type=search", "url2": "http://www.minenosato.com" }, "geometry": { "type": "Point", "coordinates": [ 135.220954, 34.820329 ] } },
{ "type": "Feature", "properties": { "内容": "デイサービス　再度【通所介護】神戸市中央区再度筋町12-4グランディート神戸II　１Ｆ", "url": "https://www.kaigokensaku.mhlw.go.jp/28/index.php?action_kouhyou_detail_004_kani=true&JigyosyoCd=2875101798-00&ServiceCd=150&Type=search", "url2": "https://dayfutatabi.amebaownd.com/" }, "geometry": { "type": "Point", "coordinates": [ 135.17708427546313, 34.693363586487102 ] } },
{ "type": "Feature", "properties": { "内容": "オリンピアデイサービスセンター【通所介護】兵庫県神戸市中央区生田町１丁目２番３２号", "url": "https://www.kaigokensaku.mhlw.go.jp/28/index.php?action_kouhyou_detail_004_kani=true&JigyosyoCd=2875100584-00&ServiceCd=150&Type=search", "url2": "http://www.olympia.or.jp" }, "geometry": { "type": "Point", "coordinates": [ 135.196305199999983, 34.703712 ] } },
{ "type": "Feature", "properties": { "内容": "東部高齢者介護支援センター【通所介護】神戸市中央区日暮通5丁目5番8号", "url": "https://www.kaigokensaku.mhlw.go.jp/28/index.php?action_kouhyou_detail_004_kani=true&JigyosyoCd=2875100667-00&ServiceCd=150&Type=search", "url2": "http://www.shin-ai.biz" }, "geometry": { "type": "Point", "coordinates": [ 135.203096400000049, 34.6985239 ] } },
{ "type": "Feature", "properties": { "内容": "すまいるデイサービスセンター【通所介護】神戸市中央区中山手通4-10-10", "url": "https://www.kaigokensaku.mhlw.go.jp/28/index.php?action_kouhyou_detail_004_kani=true&JigyosyoCd=2875100915-00&ServiceCd=150&Type=search", "url2": "http://www.smile-kouseikai.or.jp/" }, "geometry": { "type": "Point", "coordinates": [ 135.1851759, 34.6936186 ] } },
{ "type": "Feature", "properties": { "内容": "山手さくら苑デイサービスセンター【通所介護】神戸市中央区下山手通７丁目１番１６号", "url": "https://www.kaigokensaku.mhlw.go.jp/28/index.php?action_kouhyou_detail_004_kani=true&JigyosyoCd=2875101012-00&ServiceCd=150&Type=search", "url2": "http://kobechuofukusikai.net" }, "geometry": { "type": "Point", "coordinates": [ 135.17889880000007, 34.6881163 ] } },
{ "type": "Feature", "properties": { "内容": "めぐみデイサービスセンター【通所介護】神戸市中央区港島中町三丁目２番６号エバーグリーンポートアイランド１階", "url": "https://www.kaigokensaku.mhlw.go.jp/28/index.php?action_kouhyou_detail_004_kani=true&JigyosyoCd=2875102036-00&ServiceCd=150&Type=search", "url2": "https://hummingls.jp/" }, "geometry": { "type": "Point", "coordinates": [ 135.211499078065771, 34.668106047020174 ] } },
{ "type": "Feature", "properties": { "内容": "神戸海岸特養ケアセンター　デイサービス【通所介護】神戸市中央区磯辺通１丁目1-28", "url": "https://www.kaigokensaku.mhlw.go.jp/28/index.php?action_kouhyou_detail_004_kani=true&JigyosyoCd=2875102770-00&ServiceCd=150&Type=search", "url2": "http://www.kobekaigan-tokuyou.com/index.html" }, "geometry": { "type": "Point", "coordinates": [ 135.200309989549254, 34.690856927044834 ] } },
{ "type": "Feature", "properties": { "内容": "脇の浜高齢者介護支援センター【通所介護】神戸市中央区脇浜海岸通3-2-6", "url": "https://www.kaigokensaku.mhlw.go.jp/28/index.php?action_kouhyou_detail_004_kani=true&JigyosyoCd=2875103505-00&ServiceCd=150&Type=search", "url2": "http://www.yasuragi-swc.or.jp/careport/" }, "geometry": { "type": "Point", "coordinates": [ 135.207285, 34.695366 ] } },
{ "type": "Feature", "properties": { "内容": "ツクイ神戸三宮【通所介護】旭通1-1-1サンピア114", "url": "https://www.kaigokensaku.mhlw.go.jp/28/index.php?action_kouhyou_detail_004_kani=true&JigyosyoCd=2875104107-00&ServiceCd=150&Type=search", "url2": "https://www.tsukui.net/" }, "geometry": { "type": "Point", "coordinates": [ 135.200625300000013, 34.6977443 ] } },
{ "type": "Feature", "properties": { "内容": "デイサービスハミングガーデン【通所介護】兵庫県神戸市中央区筒井町1-3-18", "url": "https://www.kaigokensaku.mhlw.go.jp/28/index.php?action_kouhyou_detail_004_kani=true&JigyosyoCd=2875104123-00&ServiceCd=150&Type=search", "url2": "https://hummingls.jp/" }, "geometry": { "type": "Point", "coordinates": [ 135.209218899999968, 34.7039527 ] } },
{ "type": "Feature", "properties": { "内容": "デイサービスらしく２号館【通所介護】兵庫県神戸市中央区筒井町3-2-25リーガーデン１階", "url": "https://www.kaigokensaku.mhlw.go.jp/28/index.php?action_kouhyou_detail_004_kani=true&JigyosyoCd=2875104404-00&ServiceCd=150&Type=search", "url2": "http://rashiku-kobe.com" }, "geometry": { "type": "Point", "coordinates": [ 135.208876299999986, 34.7014277 ] } },
{ "type": "Feature", "properties": { "内容": "介護老人福祉施設ぽー愛【通所介護】兵庫県神戸市中央区港島中町５－２", "url": "https://www.kaigokensaku.mhlw.go.jp/28/index.php?action_kouhyou_detail_004_kani=true&JigyosyoCd=2875100931-00&ServiceCd=150&Type=search", "url2": "http://www.meirinfukushi.or.jp" }, "geometry": { "type": "Point", "coordinates": [ 135.209130100000039, 34.6638886 ] } },
{ "type": "Feature", "properties": { "内容": "トレーニング・デイサービス　ブルーム蕾神戸駅前【通所介護】兵庫県神戸市中央区中町通2丁目2-5ローレル神戸駅前101", "url": "https://www.kaigokensaku.mhlw.go.jp/28/index.php?action_kouhyou_detail_004_kani=true&JigyosyoCd=2875104503-00&ServiceCd=150&Type=search", "url2": "https://steps-kobe.com/bloom/" }, "geometry": { "type": "Point", "coordinates": [ 135.1761735, 34.6790243 ] } },
{ "type": "Feature", "properties": { "内容": "山陽ケアセンター神戸デイサービスいきいき【通所介護】兵庫県神戸市中央区神若通4丁目2番15号", "url": "https://www.kaigokensaku.mhlw.go.jp/28/index.php?action_kouhyou_detail_004_kani=true&JigyosyoCd=2875102499-00&ServiceCd=150&Type=search", "url2": "http://sanyo-medical.com/" }, "geometry": { "type": "Point", "coordinates": [ 135.201773656344614, 34.703395013390178 ] } },
{ "type": "Feature", "properties": { "内容": "デイサービス　やなしん【通所介護】神戸市中央区旗塚通５丁目1-25ふきあいの郷1Ｆ", "url": "https://www.kaigokensaku.mhlw.go.jp/28/index.php?action_kouhyou_detail_004_kani=true&JigyosyoCd=2875102697-00&ServiceCd=150&Type=search", "url2": "k-kyowakai-kaigo.com" }, "geometry": { "type": "Point", "coordinates": [ 135.201200381614626, 34.703785534171978 ] } },
{ "type": "Feature", "properties": { "内容": "スマイルなでしこ【通所介護】兵庫県神戸市西区春日台5丁目174番地10", "url": "https://www.kaigokensaku.mhlw.go.jp/28/index.php?action_kouhyou_detail_004_kani=true&JigyosyoCd=2875205037-00&ServiceCd=150&Type=search", "url2": "https://www.with-kobe.or.jp/zaitaku/area/nishi/" }, "geometry": { "type": "Point", "coordinates": [ 134.9880934, 34.7022255 ] } },
{ "type": "Feature", "properties": { "内容": "AnyCare学園センター【通所介護】兵庫県神戸市西区学園東町6丁目２－１０", "url": "https://www.kaigokensaku.mhlw.go.jp/28/index.php?action_kouhyou_detail_004_kani=true&JigyosyoCd=2875205482-00&ServiceCd=150&Type=search", "url2": null }, "geometry": { "type": "Point", "coordinates": [ 135.070322800000014, 34.6812664 ] } },
{ "type": "Feature", "properties": { "内容": "リハビリテーションラボ　スリーツリー西神【通所介護】兵庫県神戸市西区狩場台1丁目4-8", "url": "https://www.kaigokensaku.mhlw.go.jp/28/index.php?action_kouhyou_detail_004_kani=true&JigyosyoCd=2875205508-00&ServiceCd=150&Type=search", "url2": "https://three-tree.co.jp/" }, "geometry": { "type": "Point", "coordinates": [ 135.0372624, 34.721253200000014 ] } },
{ "type": "Feature", "properties": { "内容": "デイサービスセンター　サンホーム神戸西【通所介護】神戸市西区平野町印路８８７－８", "url": "https://www.kaigokensaku.mhlw.go.jp/28/index.php?action_kouhyou_detail_004_kani=true&JigyosyoCd=2875200533-00&ServiceCd=150&Type=search", "url2": "www.kobe-hinode.or.jp" }, "geometry": { "type": "Point", "coordinates": [ 134.9649723, 34.7166021 ] } },
{ "type": "Feature", "properties": { "内容": "神出シニアコミュニティ　デイサービスセンター【通所介護】兵庫県神戸市西区神出町南368-119", "url": "https://www.kaigokensaku.mhlw.go.jp/28/index.php?action_kouhyou_detail_004_kani=true&JigyosyoCd=2875200608-00&ServiceCd=150&Type=search", "url2": "http://www.yoneda-hospital.com/kande/" }, "geometry": { "type": "Point", "coordinates": [ 134.998774300000036, 34.7441994 ] } },
{ "type": "Feature", "properties": { "内容": "デイサービスセンターながさか【通所介護】神戸市西区伊川谷町長坂800番地", "url": "https://www.kaigokensaku.mhlw.go.jp/28/index.php?action_kouhyou_detail_004_kani=true&JigyosyoCd=2875200657-00&ServiceCd=150&Type=search", "url2": "http://www.kobe-fukuseikai.com/" }, "geometry": { "type": "Point", "coordinates": [ 135.033517, 34.6721852 ] } },
{ "type": "Feature", "properties": { "内容": "大慈デイサ－ビスセンタ－【通所介護】神戸市西区櫨谷町長谷13-1", "url": "https://www.kaigokensaku.mhlw.go.jp/28/index.php?action_kouhyou_detail_004_kani=true&JigyosyoCd=2875200665-00&ServiceCd=150&Type=search", "url2": "http://www.daijien.com" }, "geometry": { "type": "Point", "coordinates": [ 135.023739100000057, 34.7057512 ] } },
{ "type": "Feature", "properties": { "内容": "デイサービスセンター　ほっと倶楽部【通所介護】兵庫県神戸市西区伊川谷町別府７１９－１", "url": "https://www.kaigokensaku.mhlw.go.jp/28/index.php?action_kouhyou_detail_004_kani=true&JigyosyoCd=2875201796-00&ServiceCd=150&Type=search", "url2": "http://www.kouei-medical.jp" }, "geometry": { "type": "Point", "coordinates": [ 135.018210100000033, 34.6675048 ] } },
{ "type": "Feature", "properties": { "内容": "ハレスタジオ　リハ・リハ【通所介護】兵庫県神戸市西区前開南町二丁目１３－５", "url": "https://www.kaigokensaku.mhlw.go.jp/28/index.php?action_kouhyou_detail_004_kani=true&JigyosyoCd=2875202018-00&ServiceCd=150&Type=search", "url2": "http://www.reha-reha.jp/" }, "geometry": { "type": "Point", "coordinates": [ 135.044769314155587, 34.686894855116485 ] } },
{ "type": "Feature", "properties": { "内容": "ケアパートナー伊川谷【通所介護】神戸市西区伊川谷町有瀬７９７－１", "url": "https://www.kaigokensaku.mhlw.go.jp/28/index.php?action_kouhyou_detail_004_kani=true&JigyosyoCd=2875202463-00&ServiceCd=150&Type=search", "url2": "http://www.care-partner.com/" }, "geometry": { "type": "Point", "coordinates": [ 135.022961320901459, 34.660165061427421 ] } },
{ "type": "Feature", "properties": { "内容": "株式会社　ライフアンドコミュニティ【通所介護】神戸市西区玉津町西河原七反田51-7", "url": "https://www.kaigokensaku.mhlw.go.jp/28/index.php?action_kouhyou_detail_004_kani=true&JigyosyoCd=2875202588-00&ServiceCd=150&Type=search", "url2": null }, "geometry": { "type": "Point", "coordinates": [ 134.988750629638616, 34.664873926105429 ] } },
{ "type": "Feature", "properties": { "内容": "ベストケア・デイサービスセンター王塚台【通所介護】兵庫県神戸市西区王塚台２丁目７４番地", "url": "https://www.kaigokensaku.mhlw.go.jp/28/index.php?action_kouhyou_detail_004_kani=true&JigyosyoCd=2875202836-00&ServiceCd=150&Type=search", "url2": "www.best-care.jp/" }, "geometry": { "type": "Point", "coordinates": [ 134.973158099999949, 34.671512700000015 ] } },
{ "type": "Feature", "properties": { "内容": "デイサービスセンター　アヴィ【通所介護】神戸市西区神出町宝勢７７４－１６７", "url": "https://www.kaigokensaku.mhlw.go.jp/28/index.php?action_kouhyou_detail_004_kani=true&JigyosyoCd=2875202943-00&ServiceCd=150&Type=search", "url2": "https://www.ontoku.or.jp/facilities/avi-day/" }, "geometry": { "type": "Point", "coordinates": [ 134.973052100000018, 34.7284566 ] } },
{ "type": "Feature", "properties": { "内容": "デイサービスセンターおれんじ【通所介護】神戸市西区伊川谷町有瀬934-1", "url": "https://www.kaigokensaku.mhlw.go.jp/28/index.php?action_kouhyou_detail_004_kani=true&JigyosyoCd=2875203008-00&ServiceCd=150&Type=search", "url2": "https://hinode.or.jp/establishment/orange/" }, "geometry": { "type": "Point", "coordinates": [ 135.0156326, 34.6578864 ] } },
{ "type": "Feature", "properties": { "内容": "リーバルスタジオ　リハ・リハ【通所介護】神戸市西区北別府1丁目3-2", "url": "https://www.kaigokensaku.mhlw.go.jp/28/index.php?action_kouhyou_detail_004_kani=true&JigyosyoCd=2875203073-00&ServiceCd=150&Type=search", "url2": "http://www.reha-reha.jp/" }, "geometry": { "type": "Point", "coordinates": [ 135.017965600000025, 34.6742347 ] } },
{ "type": "Feature", "properties": { "内容": "デイサービスセンターふるさと有瀬【通所介護】兵庫県神戸市西区伊川谷町有瀬31-1ファルファーラ伊川谷101", "url": "https://www.kaigokensaku.mhlw.go.jp/28/index.php?action_kouhyou_detail_004_kani=true&JigyosyoCd=2875203214-00&ServiceCd=150&Type=search", "url2": "http://www.tokuyo-furusato.or.jp/" }, "geometry": { "type": "Point", "coordinates": [ 135.035875199999964, 34.6686329 ] } },
{ "type": "Feature", "properties": { "内容": "デイサービスやん和り【通所介護】神戸市西区白水1-40-2", "url": "https://www.kaigokensaku.mhlw.go.jp/28/index.php?action_kouhyou_detail_004_kani=true&JigyosyoCd=2875203255-00&ServiceCd=150&Type=search", "url2": "http://www.yanwari.net" }, "geometry": { "type": "Point", "coordinates": [ 135.002333599999929, 34.677101 ] } },
{ "type": "Feature", "properties": { "内容": "神港園シルビアデイサービスセンター【通所介護】神戸市西区神出町東1188-345", "url": "https://www.kaigokensaku.mhlw.go.jp/28/index.php?action_kouhyou_detail_004_kani=true&JigyosyoCd=2875203420-00&ServiceCd=150&Type=search", "url2": "https://www.shinkouen.or.jp" }, "geometry": { "type": "Point", "coordinates": [ 135.018028801574701, 34.758247478996125 ] } },
{ "type": "Feature", "properties": { "内容": "げんきトレーニングセンター枝吉【通所介護】枝吉2-62-2", "url": "https://www.kaigokensaku.mhlw.go.jp/28/index.php?action_kouhyou_detail_004_kani=true&JigyosyoCd=2875203594-00&ServiceCd=150&Type=search", "url2": "https://getwell-jun.com/genkigroup/edayoshi/" }, "geometry": { "type": "Point", "coordinates": [ 134.976230200000032, 34.6655243 ] } },
{ "type": "Feature", "properties": { "内容": "かがやきデイサービス明石朝霧【通所介護】兵庫県神戸市西区伊川谷町有瀬818-1", "url": "https://www.kaigokensaku.mhlw.go.jp/28/index.php?action_kouhyou_detail_004_kani=true&JigyosyoCd=2875203925-00&ServiceCd=150&Type=search", "url2": "https://www.ymmd.co.jp/" }, "geometry": { "type": "Point", "coordinates": [ 135.022232, 34.6591919 ] } },
{ "type": "Feature", "properties": { "内容": "リ・ハビット西神戸デイサービスセンター【通所介護】兵庫県神戸市西区水谷2丁目4-21", "url": "https://www.kaigokensaku.mhlw.go.jp/28/index.php?action_kouhyou_detail_004_kani=true&JigyosyoCd=2875204105-00&ServiceCd=150&Type=search", "url2": "https://rehabit.co.jp" }, "geometry": { "type": "Point", "coordinates": [ 134.996503500000017, 34.6775981 ] } },
{ "type": "Feature", "properties": { "内容": "きたえるーむ神戸押部谷【通所介護】兵庫県神戸市西区押部谷町木見609", "url": "https://www.kaigokensaku.mhlw.go.jp/28/index.php?action_kouhyou_detail_004_kani=true&JigyosyoCd=2875204295-00&ServiceCd=150&Type=search", "url2": "http://kitaeroom.com/" }, "geometry": { "type": "Point", "coordinates": [ 135.075832306745923, 34.733948972315424 ] } },
{ "type": "Feature", "properties": { "内容": "デイサービスセンター三芳苑【通所介護】兵庫県神戸市西区伊川谷町潤和1447-1デイサービスセンター　三芳苑", "url": "https://www.kaigokensaku.mhlw.go.jp/28/index.php?action_kouhyou_detail_004_kani=true&JigyosyoCd=2875204311-00&ServiceCd=150&Type=search", "url2": "http://shofukai.jp" }, "geometry": { "type": "Point", "coordinates": [ 135.0045242, 34.6629769 ] } },
{ "type": "Feature", "properties": { "内容": "ブルーミングケア神戸西【通所介護】兵庫県神戸市西区宮下1丁目10-18", "url": "https://www.kaigokensaku.mhlw.go.jp/28/index.php?action_kouhyou_detail_004_kani=true&JigyosyoCd=2875204691-00&ServiceCd=150&Type=search", "url2": null }, "geometry": { "type": "Point", "coordinates": [ 134.976859699999977, 34.6883239 ] } },
{ "type": "Feature", "properties": { "内容": "出逢いデイサービス【通所介護】兵庫県神戸市西区玉津町出合３１５－１リヴェール愛１０１", "url": "https://www.kaigokensaku.mhlw.go.jp/28/index.php?action_kouhyou_detail_004_kani=true&JigyosyoCd=2875204733-00&ServiceCd=150&Type=search", "url2": null }, "geometry": { "type": "Point", "coordinates": [ 134.97871193166884, 34.676784091192523 ] } },
{ "type": "Feature", "properties": { "内容": "エイトスタジオ　リハ・リハ【通所介護】兵庫県神戸市西区前開南町1丁目5-24", "url": "https://www.kaigokensaku.mhlw.go.jp/28/index.php?action_kouhyou_detail_004_kani=true&JigyosyoCd=2875204832-00&ServiceCd=150&Type=search", "url2": "https://www.reha-reha.jp/" }, "geometry": { "type": "Point", "coordinates": [ 135.0428283, 34.6886079 ] } },
{ "type": "Feature", "properties": { "内容": "ツクイ神戸伊川谷【通所介護】兵庫県神戸市西区伊川谷町潤和1425-4", "url": "https://www.kaigokensaku.mhlw.go.jp/28/index.php?action_kouhyou_detail_004_kani=true&JigyosyoCd=2875204956-00&ServiceCd=150&Type=search", "url2": "https://www.tsukui.net/home-care/2691/" }, "geometry": { "type": "Point", "coordinates": [ 135.00351617626805, 34.660663128236358 ] } },
{ "type": "Feature", "properties": { "内容": "ツクイ神戸竜が岡【通所介護】兵庫県神戸市西区竜が岡4丁目1-2", "url": "https://www.kaigokensaku.mhlw.go.jp/28/index.php?action_kouhyou_detail_004_kani=true&JigyosyoCd=2875204972-00&ServiceCd=150&Type=search", "url2": "https://www.tsukui.net" }, "geometry": { "type": "Point", "coordinates": [ 134.9335078, 34.7122906 ] } },
{ "type": "Feature", "properties": { "内容": "ツクイ神戸秋葉台【通所介護】兵庫県神戸市西区押部谷町木幡字宇津木原33-3", "url": "https://www.kaigokensaku.mhlw.go.jp/28/index.php?action_kouhyou_detail_004_kani=true&JigyosyoCd=2875204980-00&ServiceCd=150&Type=search", "url2": null }, "geometry": { "type": "Point", "coordinates": [ 135.0681735, 34.748595399999985 ] } },
{ "type": "Feature", "properties": { "内容": "デイサービスセンター岩岡の郷【通所介護】兵庫県神戸市西区岩岡町岩岡656番地の2", "url": "https://www.kaigokensaku.mhlw.go.jp/28/index.php?action_kouhyou_detail_004_kani=true&JigyosyoCd=2875205060-00&ServiceCd=150&Type=search", "url2": "https://www.chikusakai.jp/" }, "geometry": { "type": "Point", "coordinates": [ 134.9465519, 34.7171792 ] } },
{ "type": "Feature", "properties": { "内容": "ブルーミンフケア南別府【通所介護】兵庫県神戸市西区南別府３丁目７番９", "url": "https://www.kaigokensaku.mhlw.go.jp/28/index.php?action_kouhyou_detail_004_kani=true&JigyosyoCd=2875205094-00&ServiceCd=150&Type=search", "url2": "https://26minamibefu.bloomingcare.net/" }, "geometry": { "type": "Point", "coordinates": [ 135.015686814111149, 34.669716114559336 ] } },
{ "type": "Feature", "properties": { "内容": "すこやかトレーニングスタジオ神戸西【通所介護】櫨谷町長谷７２番２", "url": "https://www.kaigokensaku.mhlw.go.jp/28/index.php?action_kouhyou_detail_004_kani=true&JigyosyoCd=2875205151-00&ServiceCd=150&Type=search", "url2": "http://ts.sukoyaka-life.co.jp/" }, "geometry": { "type": "Point", "coordinates": [ 135.020158, 34.7068876 ] } },
{ "type": "Feature", "properties": { "内容": "デイサービスセンターつどい【通所介護】神戸市西区枝吉１丁目２２６－１", "url": "https://www.kaigokensaku.mhlw.go.jp/28/index.php?action_kouhyou_detail_004_kani=true&JigyosyoCd=2875202174-00&ServiceCd=150&Type=search", "url2": "https://tsudoi-care.com" }, "geometry": { "type": "Point", "coordinates": [ 134.97746630000006, 34.6615106 ] } },
{ "type": "Feature", "properties": { "内容": "デイサービスセンターつどい岩岡【通所介護】岩岡町岩岡４２５‐３", "url": "https://www.kaigokensaku.mhlw.go.jp/28/index.php?action_kouhyou_detail_004_kani=true&JigyosyoCd=2875203107-00&ServiceCd=150&Type=search", "url2": "https://tsudoi-care.com" }, "geometry": { "type": "Point", "coordinates": [ 134.9563091, 34.7155272 ] } },
{ "type": "Feature", "properties": { "内容": "たかわの里【通所介護】神戸市西区押部谷町高和1017", "url": "https://www.kaigokensaku.mhlw.go.jp/28/index.php?action_kouhyou_detail_004_kani=true&JigyosyoCd=2875202166-00&ServiceCd=150&Type=search", "url2": "http://arch-gr.com/takawa/" }, "geometry": { "type": "Point", "coordinates": [ 135.02139950000003, 34.7428468 ] } },
{ "type": "Feature", "properties": { "内容": "Tryus（トライアス神戸西）【通所介護】兵庫県神戸市西区竜が岡1-18-16", "url": "https://www.kaigokensaku.mhlw.go.jp/28/index.php?action_kouhyou_detail_004_kani=true&JigyosyoCd=2875204923-00&ServiceCd=150&Type=search", "url2": "https://tryus.jp" }, "geometry": { "type": "Point", "coordinates": [ 134.9378305, 34.7127087 ] } },
{ "type": "Feature", "properties": { "内容": "コンパスウォーク西神戸【通所介護】兵庫県神戸市西区持子1-219", "url": "https://www.kaigokensaku.mhlw.go.jp/28/index.php?action_kouhyou_detail_004_kani=true&JigyosyoCd=2875205052-00&ServiceCd=150&Type=search", "url2": "https://sites.google.com/goodfellows-llc.com/cwnishikobe" }, "geometry": { "type": "Point", "coordinates": [ 134.985782699999987, 34.667891 ] } },
{ "type": "Feature", "properties": { "内容": "Tryus（トライアス西神中央）【通所介護】兵庫県神戸市西区春日台3丁目3－23", "url": "https://www.kaigokensaku.mhlw.go.jp/28/index.php?action_kouhyou_detail_004_kani=true&JigyosyoCd=2875205086-00&ServiceCd=150&Type=search", "url2": "https://tryus.jp/shoplist/detail07.html" }, "geometry": { "type": "Point", "coordinates": [ 134.996396299999986, 34.7078631 ] } },
{ "type": "Feature", "properties": { "内容": "西神の里【通所介護】兵庫県神戸市西区岩岡町古郷2888番地", "url": "https://www.kaigokensaku.mhlw.go.jp/28/index.php?action_kouhyou_detail_004_kani=true&JigyosyoCd=2875200905-00&ServiceCd=150&Type=search", "url2": "http://www.seishinnosato.jp/" }, "geometry": { "type": "Point", "coordinates": [ 134.923089299999987, 34.7253041 ] } },
{ "type": "Feature", "properties": { "内容": "西神中央デイサービス【通所介護】神戸市西区竹の台６丁目４－２", "url": "https://www.kaigokensaku.mhlw.go.jp/28/index.php?action_kouhyou_detail_004_kani=true&JigyosyoCd=2875201309-00&ServiceCd=150&Type=search", "url2": "http://www.myclinic.ne.jp/yuiclinic/pc/free5.html" }, "geometry": { "type": "Point", "coordinates": [ 135.015292300000027, 34.7189301 ] } },
{ "type": "Feature", "properties": { "内容": "ラグナケア春日台【通所介護】神戸市西区春日台7丁目45-2", "url": "https://www.kaigokensaku.mhlw.go.jp/28/index.php?action_kouhyou_detail_004_kani=true&JigyosyoCd=2875203172-00&ServiceCd=150&Type=search", "url2": "http://www.houonkai.jp/" }, "geometry": { "type": "Point", "coordinates": [ 134.990761600000042, 34.7086779 ] } },
{ "type": "Feature", "properties": { "内容": "デイサービス　昭和の隠れ家【通所介護】兵庫県神戸市西区伊川谷町長坂901-1", "url": "https://www.kaigokensaku.mhlw.go.jp/28/index.php?action_kouhyou_detail_004_kani=true&JigyosyoCd=2875203867-00&ServiceCd=150&Type=search", "url2": "http://syouwa.org" }, "geometry": { "type": "Point", "coordinates": [ 135.038933199999974, 34.6707772 ] } },
{ "type": "Feature", "properties": { "内容": "デイサービススイッチオン神戸西【通所介護】兵庫県神戸市西区森友５－５", "url": "https://www.kaigokensaku.mhlw.go.jp/28/index.php?action_kouhyou_detail_004_kani=true&JigyosyoCd=2875204774-00&ServiceCd=150&Type=search", "url2": "switchon-service.co.jp" }, "geometry": { "type": "Point", "coordinates": [ 134.9838583, 34.6675188 ] } },
{ "type": "Feature", "properties": { "内容": "デイサービスセンターりんご【通所介護】兵庫県神戸市西区月が丘５丁目1-13", "url": "https://www.kaigokensaku.mhlw.go.jp/28/index.php?action_kouhyou_detail_004_kani=true&JigyosyoCd=2875205391-00&ServiceCd=150&Type=search", "url2": null }, "geometry": { "type": "Point", "coordinates": [ 135.0503889, 34.760456 ] } },
{ "type": "Feature", "properties": { "内容": "医療法人社団おばやしクリニック　ディサービスファーストクラス【通所介護】兵庫県神戸市西区美穂が丘5丁目101-8", "url": "https://www.kaigokensaku.mhlw.go.jp/28/index.php?action_kouhyou_detail_004_kani=true&JigyosyoCd=2875204188-00&ServiceCd=150&Type=search", "url2": "www.excellent-l.com" }, "geometry": { "type": "Point", "coordinates": [ 135.045675299999971, 34.7605563 ] } },
{ "type": "Feature", "properties": { "内容": "スタジオデイズ【通所介護】神戸市西区伊川谷町有瀬1248-1", "url": "https://www.kaigokensaku.mhlw.go.jp/28/index.php?action_kouhyou_detail_004_kani=true&JigyosyoCd=2875204899-00&ServiceCd=150&Type=search", "url2": "https://mail.google.com/mail/u/0/?tab=rm&ogbl#label/info@studio-days-kobe.com" }, "geometry": { "type": "Point", "coordinates": [ 135.0175257, 34.6658713 ] } },
{ "type": "Feature", "properties": { "内容": "紡スタジオ　リハ・リハ【通所介護】兵庫県神戸市西区押部谷町栄252-7", "url": "https://www.kaigokensaku.mhlw.go.jp/28/index.php?action_kouhyou_detail_004_kani=true&JigyosyoCd=2875205656-00&ServiceCd=150&Type=search", "url2": "https://www.reha-reha.jp/" }, "geometry": { "type": "Point", "coordinates": [ 135.056649599999986, 34.7549998 ] } },
{ "type": "Feature", "properties": { "内容": "よろこびデイサービス姫路【通所介護】兵庫県姫路市北条永良町115番地", "url": "https://www.kaigokensaku.mhlw.go.jp/28/index.php?action_kouhyou_detail_004_kani=true&JigyosyoCd=2874002898-00&ServiceCd=150&Type=search", "url2": null }, "geometry": { "type": "Point", "coordinates": [ 134.692328039147895, 34.813955982301934 ] } },
{ "type": "Feature", "properties": { "内容": "クレヨンFARM【通所介護】姫路市三左衛門堀西の町５６", "url": "https://www.kaigokensaku.mhlw.go.jp/28/index.php?action_kouhyou_detail_004_kani=true&JigyosyoCd=2874003581-00&ServiceCd=150&Type=search", "url2": null }, "geometry": { "type": "Point", "coordinates": [ 134.687470227577933, 34.817617650593924 ] } },
{ "type": "Feature", "properties": { "内容": "みのりデイサービスセンター東阿保【通所介護】四郷町東阿保646", "url": "https://www.kaigokensaku.mhlw.go.jp/28/index.php?action_kouhyou_detail_004_kani=true&JigyosyoCd=2874006642-00&ServiceCd=150&Type=search", "url2": null }, "geometry": { "type": "Point", "coordinates": [ 134.713946513491862, 34.81080395008442 ] } },
{ "type": "Feature", "properties": { "内容": "デイサービスセンターあおやま【通所介護】兵庫県姫路市青山西5丁目8‐48", "url": "https://www.kaigokensaku.mhlw.go.jp/28/index.php?action_kouhyou_detail_004_kani=true&JigyosyoCd=2874008820-00&ServiceCd=150&Type=search", "url2": "http://www.hakuchokai.or.jp/tokuyo_aoyama/" }, "geometry": { "type": "Point", "coordinates": [ 134.6239296, 34.8414342 ] } },
{ "type": "Feature", "properties": { "内容": "デイサービスセンターゆずりは飾磨【通所介護】兵庫県姫路市飾磨区今在家４丁目２２", "url": "https://www.kaigokensaku.mhlw.go.jp/28/index.php?action_kouhyou_detail_004_kani=true&JigyosyoCd=2874008887-00&ServiceCd=150&Type=search", "url2": ":http//www.sunnyheart.co.jp/" }, "geometry": { "type": "Point", "coordinates": [ 134.651995100000022, 34.803803 ] } },
{ "type": "Feature", "properties": { "内容": "キャッシル真和デイサービスセンター第２【通所介護】兵庫県姫路市飾磨区今在家７丁目９９", "url": "https://www.kaigokensaku.mhlw.go.jp/28/index.php?action_kouhyou_detail_004_kani=true&JigyosyoCd=2874009414-00&ServiceCd=150&Type=search", "url2": "www.casil.or.jp" }, "geometry": { "type": "Point", "coordinates": [ 134.659280599999988, 34.8076281 ] } },
{ "type": "Feature", "properties": { "内容": "ツクイ姫路飾磨【通所介護】姫路市飾磨区英賀西町1-58", "url": "https://www.kaigokensaku.mhlw.go.jp/28/index.php?action_kouhyou_detail_004_kani=true&JigyosyoCd=2874010263-00&ServiceCd=150&Type=search", "url2": null }, "geometry": { "type": "Point", "coordinates": [ 134.6423843, 34.803495 ] } },
{ "type": "Feature", "properties": { "内容": "ツクイ姫路西今宿【通所介護】西今宿8-9-33", "url": "https://www.kaigokensaku.mhlw.go.jp/28/index.php?action_kouhyou_detail_004_kani=true&JigyosyoCd=2874010297-00&ServiceCd=150&Type=search", "url2": null }, "geometry": { "type": "Point", "coordinates": [ 134.6655896, 34.8488827 ] } },
{ "type": "Feature", "properties": { "内容": "ニチイケアセンター今宿【通所介護】姫路市北今宿2-6-11", "url": "https://www.kaigokensaku.mhlw.go.jp/28/index.php?action_kouhyou_detail_004_kani=true&JigyosyoCd=2874001361-00&ServiceCd=150&Type=search", "url2": "http://www.nichiigakkan.co.jp" }, "geometry": { "type": "Point", "coordinates": [ 134.669539399999962, 34.8459843 ] } },
{ "type": "Feature", "properties": { "内容": "通所介護支援事業所　サン・ビレッジ夢前【通所介護】姫路市夢前町又坂405", "url": "https://www.kaigokensaku.mhlw.go.jp/28/index.php?action_kouhyou_detail_004_kani=true&JigyosyoCd=2873500322-00&ServiceCd=150&Type=search", "url2": "http://www.sv-yumesaki.com" }, "geometry": { "type": "Point", "coordinates": [ 134.668479499999989, 34.9253889 ] } },
{ "type": "Feature", "properties": { "内容": "リハビリスタジオ夢咲【通所介護】姫路市書写221-1", "url": "https://www.kaigokensaku.mhlw.go.jp/28/index.php?action_kouhyou_detail_004_kani=true&JigyosyoCd=2874008465-00&ServiceCd=150&Type=search", "url2": null }, "geometry": { "type": "Point", "coordinates": [ 134.655184599999984, 34.8641792 ] } },
{ "type": "Feature", "properties": { "内容": "キャッシル真和デイサービスセンター【通所介護】兵庫県姫路市山田町西山田726-1", "url": "https://www.kaigokensaku.mhlw.go.jp/28/index.php?action_kouhyou_detail_004_kani=true&JigyosyoCd=2874000959-00&ServiceCd=150&Type=search", "url2": "http://www.casil.or.jp" }, "geometry": { "type": "Point", "coordinates": [ 134.772683499999971, 34.9057619 ] } },
{ "type": "Feature", "properties": { "内容": "デイサービスセンター汐里【通所介護】兵庫県姫路市的形町的形1768-28", "url": "https://www.kaigokensaku.mhlw.go.jp/28/index.php?action_kouhyou_detail_004_kani=true&JigyosyoCd=2874010784-00&ServiceCd=150&Type=search", "url2": "https://www.ontoku.or.jp" }, "geometry": { "type": "Point", "coordinates": [ 134.7418745, 34.7780689 ] } },
{ "type": "Feature", "properties": { "内容": "でんでん倶楽部中地【通所介護】兵庫県姫路市中地南町6-1", "url": "https://www.kaigokensaku.mhlw.go.jp/28/index.php?action_kouhyou_detail_004_kani=true&JigyosyoCd=2874008804-00&ServiceCd=150&Type=search", "url2": "https://www.godai.net/denden-club/index.html" }, "geometry": { "type": "Point", "coordinates": [ 134.66782390000003, 34.814849 ] } },
{ "type": "Feature", "properties": { "内容": "山彦第２デイサービス【通所介護】花田町加納原田１５３－３", "url": "https://www.kaigokensaku.mhlw.go.jp/28/index.php?action_kouhyou_detail_004_kani=true&JigyosyoCd=2874007574-00&ServiceCd=150&Type=search", "url2": "http://www.honkakuji-gr.com" }, "geometry": { "type": "Point", "coordinates": [ 134.7262422, 34.8271761 ] } },
{ "type": "Feature", "properties": { "内容": "デイサービス　ゆたかの里【通所介護】兵庫県姫路市網干区津市場493-1", "url": "https://www.kaigokensaku.mhlw.go.jp/28/index.php?action_kouhyou_detail_004_kani=true&JigyosyoCd=2874004654-00&ServiceCd=150&Type=search", "url2": "http://www.yutakanosato.jp" }, "geometry": { "type": "Point", "coordinates": [ 134.579225, 34.7966677 ] } },
{ "type": "Feature", "properties": { "内容": "通所介護事業所　デイサービスセンター　香照苑【通所介護】兵庫県姫路市香寺町須加院338番地506", "url": "https://www.kaigokensaku.mhlw.go.jp/28/index.php?action_kouhyou_detail_004_kani=true&JigyosyoCd=2873400416-00&ServiceCd=150&Type=search", "url2": "http://www.tokusou.or.jp" }, "geometry": { "type": "Point", "coordinates": [ 134.720818300000019, 34.9009453 ] } },
{ "type": "Feature", "properties": { "内容": "デイサービスサンライフ安室【通所介護】兵庫県姫路市御立中4-13-16デイサービスサンライフ安室", "url": "https://www.kaigokensaku.mhlw.go.jp/28/index.php?action_kouhyou_detail_004_kani=true&JigyosyoCd=2874006154-00&ServiceCd=150&Type=search", "url2": "https://sasayurikai.or.jp" }, "geometry": { "type": "Point", "coordinates": [ 134.666628, 34.866957 ] } },
{ "type": "Feature", "properties": { "内容": "デイサービス　悠【通所介護】兵庫県姫路市加茂381-7", "url": "https://www.kaigokensaku.mhlw.go.jp/28/index.php?action_kouhyou_detail_004_kani=true&JigyosyoCd=2874011303-00&ServiceCd=150&Type=search", "url2": "https://yuyusya.co.jp/day_yuu/" }, "geometry": { "type": "Point", "coordinates": [ 134.659782, 34.8042494 ] } },
{ "type": "Feature", "properties": { "内容": "姫路医療生協　デイサービスてがら【通所介護】姫路市飯田472-1福祉介護センターてがら内", "url": "https://www.kaigokensaku.mhlw.go.jp/28/index.php?action_kouhyou_detail_004_kani=true&JigyosyoCd=2874006451-00&ServiceCd=150&Type=search", "url2": "ds-tegara@himeji-mcoop.or.jp" }, "geometry": { "type": "Point", "coordinates": [ 134.669443199999932, 34.8151101 ] } },
{ "type": "Feature", "properties": { "内容": "ケアパートナー広畑【通所介護】兵庫県姫路市広畑区小坂８９－１ラフォーレ広畑1階", "url": "https://www.kaigokensaku.mhlw.go.jp/28/index.php?action_kouhyou_detail_004_kani=true&JigyosyoCd=2874003912-00&ServiceCd=150&Type=search", "url2": null }, "geometry": { "type": "Point", "coordinates": [ 134.616952955819642, 34.808024786324864 ] } },
{ "type": "Feature", "properties": { "内容": "デイサービスサンライフ田寺【通所介護】田寺８丁目10番8号", "url": "https://www.kaigokensaku.mhlw.go.jp/28/index.php?action_kouhyou_detail_004_kani=true&JigyosyoCd=2874004795-00&ServiceCd=150&Type=search", "url2": "https://sasayurikai.or.jp/facility/tadera-day/" }, "geometry": { "type": "Point", "coordinates": [ 134.6703556, 34.8599412 ] } },
{ "type": "Feature", "properties": { "内容": "姫路医療生協デイサービスおおつ【通所介護】姫路市大津区天満1047-1", "url": "https://www.kaigokensaku.mhlw.go.jp/28/index.php?action_kouhyou_detail_004_kani=true&JigyosyoCd=2874006287-00&ServiceCd=150&Type=search", "url2": "http://www.himeji-mcoop.or.jp" }, "geometry": { "type": "Point", "coordinates": [ 134.6054974, 34.7953174 ] } },
{ "type": "Feature", "properties": { "内容": "清住園デイサービスセンター【通所介護】兵庫県姫路市飾東町清住555", "url": "https://www.kaigokensaku.mhlw.go.jp/28/index.php?action_kouhyou_detail_004_kani=true&JigyosyoCd=2874000702-00&ServiceCd=150&Type=search", "url2": "http://www.kiyosumien" }, "geometry": { "type": "Point", "coordinates": [ 134.775634599999989, 34.8494909 ] } },
{ "type": "Feature", "properties": { "内容": "清住園第二デイサービスセンター【通所介護】姫路市飾東町清住555番地", "url": "https://www.kaigokensaku.mhlw.go.jp/28/index.php?action_kouhyou_detail_004_kani=true&JigyosyoCd=2874005776-00&ServiceCd=150&Type=search", "url2": "http://www.kiyosumien.jp" }, "geometry": { "type": "Point", "coordinates": [ 134.775634599999989, 34.8494909 ] } },
{ "type": "Feature", "properties": { "内容": "デイサービス碧【通所介護】久保町166", "url": "https://www.kaigokensaku.mhlw.go.jp/28/index.php?action_kouhyou_detail_004_kani=true&JigyosyoCd=2874008333-00&ServiceCd=150&Type=search", "url2": null }, "geometry": { "type": "Point", "coordinates": [ 134.6845303, 34.8296028 ] } },
{ "type": "Feature", "properties": { "内容": "ゆめふる飾磨恵美酒【通所介護】兵庫県姫路市飾磨区都倉３丁目２７番地", "url": "https://www.kaigokensaku.mhlw.go.jp/28/index.php?action_kouhyou_detail_004_kani=true&JigyosyoCd=2874010644-00&ServiceCd=150&Type=search", "url2": "http://search.yasashiite.com" }, "geometry": { "type": "Point", "coordinates": [ 134.676602699999989, 34.8045648 ] } },
{ "type": "Feature", "properties": { "内容": "デイサービスセンター歩歩大村【通所介護】兵庫県姫路市夢前町菅生澗字大村７７８－９", "url": "https://www.kaigokensaku.mhlw.go.jp/28/index.php?action_kouhyou_detail_004_kani=true&JigyosyoCd=2873500256-00&ServiceCd=150&Type=search", "url2": "http://www.yumesaki-kai.jp/daycare/hohoomura/" }, "geometry": { "type": "Point", "coordinates": [ 134.644506500000034, 34.921003 ] } },
{ "type": "Feature", "properties": { "内容": "デイサービスセンター　はるか【通所介護】兵庫県姫路市船津町5270番地61", "url": "https://www.kaigokensaku.mhlw.go.jp/28/index.php?action_kouhyou_detail_004_kani=true&JigyosyoCd=2874007566-00&ServiceCd=150&Type=search", "url2": null }, "geometry": { "type": "Point", "coordinates": [ 134.761942500000032, 34.9107806 ] } },
{ "type": "Feature", "properties": { "内容": "デイサービスセンターはくちょう【通所介護】姫路市打越1075番地1", "url": "https://www.kaigokensaku.mhlw.go.jp/28/index.php?action_kouhyou_detail_004_kani=true&JigyosyoCd=2874001007-00&ServiceCd=150&Type=search", "url2": "www.h-fukushi.com/dayhakucho/index.html" }, "geometry": { "type": "Point", "coordinates": [ 134.628591799999981, 34.8914621 ] } },
{ "type": "Feature", "properties": { "内容": "エルグラン清住園デイサービスセンター【通所介護】兵庫県姫路市飾磨区三宅1－185番地エルグランコウショウ1Ｆ", "url": "https://www.kaigokensaku.mhlw.go.jp/28/index.php?action_kouhyou_detail_004_kani=true&JigyosyoCd=2874007301-00&ServiceCd=150&Type=search", "url2": "http://www.kiyosumien.jp/" }, "geometry": { "type": "Point", "coordinates": [ 134.682833699999946, 34.8141963 ] } },
{ "type": "Feature", "properties": { "内容": "デイサービスセンター歩歩【通所介護】兵庫県姫路市夢前町前之庄２９３５－１", "url": "https://www.kaigokensaku.mhlw.go.jp/28/index.php?action_kouhyou_detail_004_kani=true&JigyosyoCd=2873500215-00&ServiceCd=150&Type=search", "url2": "http://www.yumesaki-kai.jp" }, "geometry": { "type": "Point", "coordinates": [ 134.682405, 34.9706599 ] } },
{ "type": "Feature", "properties": { "内容": "銀の櫂【通所介護】兵庫県姫路市網干区興浜９０７－２０２", "url": "https://www.kaigokensaku.mhlw.go.jp/28/index.php?action_kouhyou_detail_004_kani=true&JigyosyoCd=2874001155-00&ServiceCd=150&Type=search", "url2": "http://www.e-akane.com" }, "geometry": { "type": "Point", "coordinates": [ 134.585762299999942, 34.7705284 ] } },
{ "type": "Feature", "properties": { "内容": "アイアイデイサービスセンター【通所介護】姫路市城東町五軒屋2-1", "url": "https://www.kaigokensaku.mhlw.go.jp/28/index.php?action_kouhyou_detail_004_kani=true&JigyosyoCd=2874002393-00&ServiceCd=150&Type=search", "url2": "htt://aiai-h.com" }, "geometry": { "type": "Point", "coordinates": [ 134.7030168, 34.8395965 ] } },
{ "type": "Feature", "properties": { "内容": "デイサービスなぎさ【通所介護】姫路市網干区新在家1382番地の2", "url": "https://www.kaigokensaku.mhlw.go.jp/28/index.php?action_kouhyou_detail_004_kani=true&JigyosyoCd=2874004589-00&ServiceCd=150&Type=search", "url2": "https://kanaicare.com/" }, "geometry": { "type": "Point", "coordinates": [ 134.5881392, 34.7826551 ] } },
{ "type": "Feature", "properties": { "内容": "デイサービスこもれび【通所介護】兵庫県姫路市保城400番地14", "url": "https://www.kaigokensaku.mhlw.go.jp/28/index.php?action_kouhyou_detail_004_kani=true&JigyosyoCd=2874007814-00&ServiceCd=150&Type=search", "url2": null }, "geometry": { "type": "Point", "coordinates": [ 134.7178796, 34.8582582 ] } },
{ "type": "Feature", "properties": { "内容": "社会福祉法人ささゆり会　デイサービス　サンライフ土山【通所介護】土山東の町9番12号", "url": "https://www.kaigokensaku.mhlw.go.jp/28/index.php?action_kouhyou_detail_004_kani=true&JigyosyoCd=2874007889-00&ServiceCd=150&Type=search", "url2": "http://www.sunlife-daytsuchiyama.jp/" }, "geometry": { "type": "Point", "coordinates": [ 134.677664100000015, 34.8325191 ] } },
{ "type": "Feature", "properties": { "内容": "ディサービスセンターしかまの里【通所介護】姫路市飾磨区阿成植木960番地", "url": "https://www.kaigokensaku.mhlw.go.jp/28/index.php?action_kouhyou_detail_004_kani=true&JigyosyoCd=2874001577-00&ServiceCd=150&Type=search", "url2": "http://www.Shikamanosato.Com" }, "geometry": { "type": "Point", "coordinates": [ 134.690330499999959, 34.8022533 ] } },
{ "type": "Feature", "properties": { "内容": "しんわデイサービスセンター亀山【通所介護】姫路市亀山212-6", "url": "https://www.kaigokensaku.mhlw.go.jp/28/index.php?action_kouhyou_detail_004_kani=true&JigyosyoCd=2874002492-00&ServiceCd=150&Type=search", "url2": null }, "geometry": { "type": "Point", "coordinates": [ 134.676006599999937, 34.8090247 ] } },
{ "type": "Feature", "properties": { "内容": "さくらデイサービス広峰【通所介護】兵庫県姫路市広峰１丁目４番５０号", "url": "https://www.kaigokensaku.mhlw.go.jp/28/index.php?action_kouhyou_detail_004_kani=true&JigyosyoCd=2874002609-00&ServiceCd=150&Type=search", "url2": null }, "geometry": { "type": "Point", "coordinates": [ 134.7024136, 34.8535007 ] } },
{ "type": "Feature", "properties": { "内容": "デイサービス　あ・み・ず【通所介護】兵庫県姫路市書写２４７８", "url": "https://www.kaigokensaku.mhlw.go.jp/28/index.php?action_kouhyou_detail_004_kani=true&JigyosyoCd=2874003961-00&ServiceCd=150&Type=search", "url2": "http://amuse24.co.jp/" }, "geometry": { "type": "Point", "coordinates": [ 134.6547789, 34.8727199 ] } },
{ "type": "Feature", "properties": { "内容": "あじさいホーム　デイサービスセンター【通所介護】兵庫県姫路市安富町植木野426-64", "url": "https://www.kaigokensaku.mhlw.go.jp/28/index.php?action_kouhyou_detail_004_kani=true&JigyosyoCd=2874009745-00&ServiceCd=150&Type=search", "url2": "http://www.ajisai.or.jp" }, "geometry": { "type": "Point", "coordinates": [ 134.587999200000013, 34.9660502 ] } },
{ "type": "Feature", "properties": { "内容": "社会福祉法人ささゆり会　デイサービスセンターサンライフ御立【通所介護】姫路市御立東５丁目１－１", "url": "https://www.kaigokensaku.mhlw.go.jp/28/index.php?action_kouhyou_detail_004_kani=true&JigyosyoCd=2874000850-00&ServiceCd=150&Type=search", "url2": "https://sasayurikai.or.jp/" }, "geometry": { "type": "Point", "coordinates": [ 134.683535400000011, 34.8623119 ] } },
{ "type": "Feature", "properties": { "内容": "姫路医療生協　デイサービスさろお【通所介護】姫路市飾東町佐良和３２－１", "url": "https://www.kaigokensaku.mhlw.go.jp/28/index.php?action_kouhyou_detail_004_kani=true&JigyosyoCd=2874005370-00&ServiceCd=150&Type=search", "url2": "http://www.himeji-mcoop.or.jp" }, "geometry": { "type": "Point", "coordinates": [ 134.729927500000031, 34.8445159 ] } },
{ "type": "Feature", "properties": { "内容": "リハビリデイサービス　サンライフ御立西【通所介護】兵庫県姫路市御立西５丁目１０番２２号", "url": "https://www.kaigokensaku.mhlw.go.jp/28/index.php?action_kouhyou_detail_004_kani=true&JigyosyoCd=2874007541-00&ServiceCd=150&Type=search", "url2": "http://sasayurikai.or.jp" }, "geometry": { "type": "Point", "coordinates": [ 134.663964399999941, 34.8636406 ] } },
{ "type": "Feature", "properties": { "内容": "デイサービスセンター　なごみの里【通所介護】兵庫県姫路市大津区吉美７８０番地", "url": "https://www.kaigokensaku.mhlw.go.jp/28/index.php?action_kouhyou_detail_004_kani=true&JigyosyoCd=2874002344-00&ServiceCd=150&Type=search", "url2": "http://sachi-himeji.com" }, "geometry": { "type": "Point", "coordinates": [ 134.5992235, 34.7889043 ] } },
{ "type": "Feature", "properties": { "内容": "姫路医療生協　デイサービスつどい【通所介護】姫路市双葉町１番地福祉介護センターつどい", "url": "https://www.kaigokensaku.mhlw.go.jp/28/index.php?action_kouhyou_detail_004_kani=true&JigyosyoCd=2874002377-00&ServiceCd=150&Type=search", "url2": "http://www.himeji-mcoop.or.jp" }, "geometry": { "type": "Point", "coordinates": [ 134.711071599999968, 34.8312699 ] } },
{ "type": "Feature", "properties": { "内容": "デイサービス　いつは【通所介護】姫路市城北新町2丁目１７－１８", "url": "https://www.kaigokensaku.mhlw.go.jp/28/index.php?action_kouhyou_detail_004_kani=true&JigyosyoCd=2874002419-00&ServiceCd=150&Type=search", "url2": "http://www.itsuhakai.or.jp/" }, "geometry": { "type": "Point", "coordinates": [ 134.695378299999987, 34.8563447 ] } },
{ "type": "Feature", "properties": { "内容": "デイサービスリゾート　杣緑【通所介護】兵庫県　姫路市　書写28番地", "url": "https://www.kaigokensaku.mhlw.go.jp/28/index.php?action_kouhyou_detail_004_kani=true&JigyosyoCd=2874003045-00&ServiceCd=150&Type=search", "url2": "http://www.e-akane.com/" }, "geometry": { "type": "Point", "coordinates": [ 134.649290699999938, 34.8635404 ] } },
{ "type": "Feature", "properties": { "内容": "第二デイサービスセンターしかまの里【通所介護】兵庫県姫路市飾磨区今在家７丁目７６番地第二デイサービスセンターしかまの里", "url": "https://www.kaigokensaku.mhlw.go.jp/28/index.php?action_kouhyou_detail_004_kani=true&JigyosyoCd=2874005719-00&ServiceCd=150&Type=search", "url2": "day2@shikamanosato.com" }, "geometry": { "type": "Point", "coordinates": [ 134.658174573266479, 34.807504314423298 ] } },
{ "type": "Feature", "properties": { "内容": "大津みやび野デイサービスセンター【通所介護】大津区大津町一丁目３１－１１１", "url": "https://www.kaigokensaku.mhlw.go.jp/28/index.php?action_kouhyou_detail_004_kani=true&JigyosyoCd=2874006964-00&ServiceCd=150&Type=search", "url2": "http://www.katuhara.or.jp" }, "geometry": { "type": "Point", "coordinates": [ 134.611285100000032, 34.8053801 ] } },
{ "type": "Feature", "properties": { "内容": "いつきリハビリテーションサービス【通所介護】兵庫県姫路市白浜町宇佐崎北1丁目167", "url": "https://www.kaigokensaku.mhlw.go.jp/28/index.php?action_kouhyou_detail_004_kani=true&JigyosyoCd=2874009299-00&ServiceCd=150&Type=search", "url2": "https://www.i-tsu-ki.com/" }, "geometry": { "type": "Point", "coordinates": [ 134.719485046695269, 34.787278662378704 ] } },
{ "type": "Feature", "properties": { "内容": "いぶきデイサービスセンター【通所介護】兵庫県姫路市御国野町深志野18-2", "url": "https://www.kaigokensaku.mhlw.go.jp/28/index.php?action_kouhyou_detail_004_kani=true&JigyosyoCd=2874009455-00&ServiceCd=150&Type=search", "url2": "http://www.ibukidayservice.jp/index.html" }, "geometry": { "type": "Point", "coordinates": [ 134.744518914155606, 34.82193015041863 ] } },
{ "type": "Feature", "properties": { "内容": "デイサービスセンターさかい【通所介護】兵庫県姫路市飾西573フルーツガーデンさかい", "url": "https://www.kaigokensaku.mhlw.go.jp/28/index.php?action_kouhyou_detail_004_kani=true&JigyosyoCd=2874004332-00&ServiceCd=150&Type=search", "url2": "https://www.sakai-hp.jp/index.html" }, "geometry": { "type": "Point", "coordinates": [ 134.640406907795722, 34.858188683958161 ] } },
{ "type": "Feature", "properties": { "内容": "デイサービスサンライフ岡田【通所介護】岡田51番地", "url": "https://www.kaigokensaku.mhlw.go.jp/28/index.php?action_kouhyou_detail_004_kani=true&JigyosyoCd=2874010446-00&ServiceCd=150&Type=search", "url2": "https://sasayurikai.or.jp" }, "geometry": { "type": "Point", "coordinates": [ 134.666947, 34.824857 ] } },
{ "type": "Feature", "properties": { "内容": "デイサービスＣＨＩＡＫＩほおずき姫路宮西【通所介護】姫路市宮西町3丁目6-1", "url": "https://www.kaigokensaku.mhlw.go.jp/28/index.php?action_kouhyou_detail_004_kani=true&JigyosyoCd=2874003789-00&ServiceCd=150&Type=search", "url2": "http://www.chiaki-hozuki.co.jp" }, "geometry": { "type": "Point", "coordinates": [ 134.704172500000027, 34.8280311 ] } },
{ "type": "Feature", "properties": { "内容": "みのりデイサービスセンター保城【通所介護】姫路市砥堀１６７－１", "url": "https://www.kaigokensaku.mhlw.go.jp/28/index.php?action_kouhyou_detail_004_kani=true&JigyosyoCd=2874004746-00&ServiceCd=150&Type=search", "url2": "http://www.wel-fare.co.jp/" }, "geometry": { "type": "Point", "coordinates": [ 134.726905, 34.8638886 ] } },
{ "type": "Feature", "properties": { "内容": "みのりデイサービスセンター香寺【通所介護】姫路市仁豊野４５０－１", "url": "https://www.kaigokensaku.mhlw.go.jp/28/index.php?action_kouhyou_detail_004_kani=true&JigyosyoCd=2874005669-00&ServiceCd=150&Type=search", "url2": "http://www.wel-fare.co.jp/" }, "geometry": { "type": "Point", "coordinates": [ 134.72754478465572, 34.881606096889925 ] } },
{ "type": "Feature", "properties": { "内容": "デイサービスセンターあさなぎ【通所介護】兵庫県姫路市白浜町乙８３６", "url": "https://www.kaigokensaku.mhlw.go.jp/28/index.php?action_kouhyou_detail_004_kani=true&JigyosyoCd=2874000843-00&ServiceCd=150&Type=search", "url2": "http://www.aiwahp.or.jp" }, "geometry": { "type": "Point", "coordinates": [ 134.710623450160938, 34.787562534333446 ] } },
{ "type": "Feature", "properties": { "内容": "さくらデイサービス大津【通所介護】兵庫県姫路市大津区天神町2-105", "url": "https://www.kaigokensaku.mhlw.go.jp/28/index.php?action_kouhyou_detail_004_kani=true&JigyosyoCd=2874001528-00&ServiceCd=150&Type=search", "url2": "https://sakuracare-s.jp/contact/sakura_dayservice_otsu/" }, "geometry": { "type": "Point", "coordinates": [ 134.615749700000038, 34.7932332 ] } },
{ "type": "Feature", "properties": { "内容": "JA兵庫西伊勢介護センター【通所介護】兵庫県姫路市林田町上伊勢１０６１ー１", "url": "https://www.kaigokensaku.mhlw.go.jp/28/index.php?action_kouhyou_detail_004_kani=true&JigyosyoCd=2874004506-00&ServiceCd=150&Type=search", "url2": "http://www.ja-hyogonishi.or.jp" }, "geometry": { "type": "Point", "coordinates": [ 134.608198960186996, 34.9060735000498 ] } },
{ "type": "Feature", "properties": { "内容": "通所介護事業所　サン・ビレッジ姫路【通所介護】兵庫県姫路市町坪468サン・ビレッジ姫路", "url": "https://www.kaigokensaku.mhlw.go.jp/28/index.php?action_kouhyou_detail_004_kani=true&JigyosyoCd=2874007111-00&ServiceCd=150&Type=search", "url2": "http://www.sv-yumesaki.com" }, "geometry": { "type": "Point", "coordinates": [ 134.658094099999971, 34.8175459 ] } },
{ "type": "Feature", "properties": { "内容": "姫路市御立中3丁目11－20【通所介護】兵庫県姫路市御立中3丁目11－20", "url": "https://www.kaigokensaku.mhlw.go.jp/28/index.php?action_kouhyou_detail_004_kani=true&JigyosyoCd=2874008911-00&ServiceCd=150&Type=search", "url2": "http://repro-s.com" }, "geometry": { "type": "Point", "coordinates": [ 134.66835279999998, 34.8669431 ] } },
{ "type": "Feature", "properties": { "内容": "ツクイ姫路市之郷【通所介護】姫路市市之郷町1-7", "url": "https://www.kaigokensaku.mhlw.go.jp/28/index.php?action_kouhyou_detail_004_kani=true&JigyosyoCd=2874010271-00&ServiceCd=150&Type=search", "url2": "https://www.tsukui.net/home-care/2583/" }, "geometry": { "type": "Point", "coordinates": [ 134.7098542, 34.827964 ] } },
{ "type": "Feature", "properties": { "内容": "デイサービスセンターリプロス田寺【通所介護】兵庫県姫路市田寺東2丁目30ー31", "url": "https://www.kaigokensaku.mhlw.go.jp/28/index.php?action_kouhyou_detail_004_kani=true&JigyosyoCd=2874011220-00&ServiceCd=150&Type=search", "url2": "http://www.repro-s.com" }, "geometry": { "type": "Point", "coordinates": [ 134.6741161, 34.859654 ] } },
{ "type": "Feature", "properties": { "内容": "ツクイ姫路正門通【通所介護】兵庫県姫路市広畑区正門通2-2-9", "url": "https://www.kaigokensaku.mhlw.go.jp/28/index.php?action_kouhyou_detail_004_kani=true&JigyosyoCd=2874010289-00&ServiceCd=150&Type=search", "url2": "https://www.tsukui.net/home-care2397" }, "geometry": { "type": "Point", "coordinates": [ 134.6294394, 34.8046282 ] } },
{ "type": "Feature", "properties": { "内容": "デイサービスセンターあゆ美【通所介護】兵庫県姫路市北条宮の町137番地", "url": "https://www.kaigokensaku.mhlw.go.jp/28/index.php?action_kouhyou_detail_004_kani=true&JigyosyoCd=2874002633-00&ServiceCd=150&Type=search", "url2": "https://kitakawa.jp/" }, "geometry": { "type": "Point", "coordinates": [ 134.69276590000004, 34.8176793 ] } },
{ "type": "Feature", "properties": { "内容": "老人デイサービスセンター　書写ひまわりホーム【通所介護】兵庫県姫路市書写６３４－１９８", "url": "https://www.kaigokensaku.mhlw.go.jp/28/index.php?action_kouhyou_detail_004_kani=true&JigyosyoCd=2874003391-00&ServiceCd=150&Type=search", "url2": "http://himawarihome.or.jp" }, "geometry": { "type": "Point", "coordinates": [ 134.6590787, 34.866779 ] } },
{ "type": "Feature", "properties": { "内容": "デイサービスセンターひかり【通所介護】兵庫県姫路市船津町1340-1", "url": "https://www.kaigokensaku.mhlw.go.jp/28/index.php?action_kouhyou_detail_004_kani=true&JigyosyoCd=2874010628-00&ServiceCd=150&Type=search", "url2": "https://www.big-advance.site/s/198/1386" }, "geometry": { "type": "Point", "coordinates": [ 134.754241400000012, 34.9222201 ] } },
{ "type": "Feature", "properties": { "内容": "むれさき苑通所介護事業所【通所介護】姫路市四郷町東阿保４４番地", "url": "https://www.kaigokensaku.mhlw.go.jp/28/index.php?action_kouhyou_detail_004_kani=true&JigyosyoCd=2874000769-00&ServiceCd=150&Type=search", "url2": "http://www.syousikai.jp" }, "geometry": { "type": "Point", "coordinates": [ 134.714155, 34.8179768 ] } },
{ "type": "Feature", "properties": { "内容": "デイサービスセンター　ライフビラ姫路【通所介護】兵庫県姫路市飯田3丁目44番地", "url": "https://www.kaigokensaku.mhlw.go.jp/28/index.php?action_kouhyou_detail_004_kani=true&JigyosyoCd=2874001924-00&ServiceCd=150&Type=search", "url2": "http://www.life-villa-himeji.jp" }, "geometry": { "type": "Point", "coordinates": [ 134.673226200000045, 34.8129604 ] } },
{ "type": "Feature", "properties": { "内容": "デイサービスセンター　志深の苑【通所介護】姫路市御国野町深志野1430番地", "url": "https://www.kaigokensaku.mhlw.go.jp/28/index.php?action_kouhyou_detail_004_kani=true&JigyosyoCd=2874002286-00&ServiceCd=150&Type=search", "url2": "http://sankoushi.or.jp/" }, "geometry": { "type": "Point", "coordinates": [ 134.752717399999938, 34.832648 ] } },
{ "type": "Feature", "properties": { "内容": "デイサービスセンター泉の杜【通所介護】兵庫県姫路市豊富町神谷3041-20", "url": "https://www.kaigokensaku.mhlw.go.jp/28/index.php?action_kouhyou_detail_004_kani=true&JigyosyoCd=2874003003-00&ServiceCd=150&Type=search", "url2": "http://www.izuminomori.com" }, "geometry": { "type": "Point", "coordinates": [ 134.781833799999959, 34.8770628 ] } },
{ "type": "Feature", "properties": { "内容": "デイサービス　ＥＮＥＲＧＹ【通所介護】兵庫県姫路市大津区天満２７６－５", "url": "https://www.kaigokensaku.mhlw.go.jp/28/index.php?action_kouhyou_detail_004_kani=true&JigyosyoCd=2874003557-00&ServiceCd=150&Type=search", "url2": "http://www.five-land.com" }, "geometry": { "type": "Point", "coordinates": [ 134.605394199999978, 34.8028805 ] } },
{ "type": "Feature", "properties": { "内容": "いきいき道場【通所介護】兵庫県姫路市飾磨区矢倉１丁目16番地1", "url": "https://www.kaigokensaku.mhlw.go.jp/28/index.php?action_kouhyou_detail_004_kani=true&JigyosyoCd=2874010248-00&ServiceCd=150&Type=search", "url2": null }, "geometry": { "type": "Point", "coordinates": [ 134.643216700000011, 34.8080694 ] } },
{ "type": "Feature", "properties": { "内容": "勝原デイ・サービスセンター【通所介護】姫路市勝原区下太田573番地", "url": "https://www.kaigokensaku.mhlw.go.jp/28/index.php?action_kouhyou_detail_004_kani=true&JigyosyoCd=2874000967-00&ServiceCd=150&Type=search", "url2": "https://www.katuhara.or.jp" }, "geometry": { "type": "Point", "coordinates": [ 134.595214299999952, 34.8216592 ] } },
{ "type": "Feature", "properties": { "内容": "デイサービス杏の里I・II【通所介護】姫路市広畑区東新町2－49－5", "url": "https://www.kaigokensaku.mhlw.go.jp/28/index.php?action_kouhyou_detail_004_kani=true&JigyosyoCd=2874004142-00&ServiceCd=150&Type=search", "url2": "http://www.1484naika.jp/" }, "geometry": { "type": "Point", "coordinates": [ 134.633695177246068, 34.798782337736249 ] } },
{ "type": "Feature", "properties": { "内容": "デイサービス万年青【通所介護】広畑区東新町1-30", "url": "https://www.kaigokensaku.mhlw.go.jp/28/index.php?action_kouhyou_detail_004_kani=true&JigyosyoCd=2874005255-00&ServiceCd=150&Type=search", "url2": null }, "geometry": { "type": "Point", "coordinates": [ 134.631288700000027, 34.7992252 ] } },
{ "type": "Feature", "properties": { "内容": "リハビリ特化型デイサービス柊【通所介護】夢前町寺82番地1", "url": "https://www.kaigokensaku.mhlw.go.jp/28/index.php?action_kouhyou_detail_004_kani=true&JigyosyoCd=2874010917-00&ServiceCd=150&Type=search", "url2": null }, "geometry": { "type": "Point", "coordinates": [ 134.645025, 34.9151119 ] } },
{ "type": "Feature", "properties": { "内容": "姫路市社会福祉協議会　蒲田デイサービスセンター【通所介護】兵庫県姫路市広畑区蒲田１１", "url": "https://www.kaigokensaku.mhlw.go.jp/28/index.php?action_kouhyou_detail_004_kani=true&JigyosyoCd=2874000983-00&ServiceCd=150&Type=search", "url2": "http://www.himeji-wel.or.jp" }, "geometry": { "type": "Point", "coordinates": [ 134.64547240185243, 34.841361517281882 ] } },
{ "type": "Feature", "properties": { "内容": "デイサービスセンター　ライフサポートひめじ【通所介護】姫路市城東町竹之門６番地", "url": "https://www.kaigokensaku.mhlw.go.jp/28/index.php?action_kouhyou_detail_004_kani=true&JigyosyoCd=2874002872-00&ServiceCd=150&Type=search", "url2": "http://lifesupport-himeji.ｊｐ" }, "geometry": { "type": "Point", "coordinates": [ 134.704838800000061, 34.8374052 ] } },
{ "type": "Feature", "properties": { "内容": "姫路市社会福祉協議会　香りの里デイサービスセンター【通所介護】兵庫県姫路市香寺町矢田部７２５", "url": "https://www.kaigokensaku.mhlw.go.jp/28/index.php?action_kouhyou_detail_004_kani=true&JigyosyoCd=2874003896-00&ServiceCd=150&Type=search", "url2": "http://www.himeji-wel.or/jp" }, "geometry": { "type": "Point", "coordinates": [ 134.725129, 34.9252458 ] } },
{ "type": "Feature", "properties": { "内容": "通所介護施設　デコ・ライフ【通所介護】兵庫県姫路市家島町真浦２１３６－３３", "url": "https://www.kaigokensaku.mhlw.go.jp/28/index.php?action_kouhyou_detail_004_kani=true&JigyosyoCd=2874004894-00&ServiceCd=150&Type=search", "url2": null }, "geometry": { "type": "Point", "coordinates": [ 134.526955943655366, 34.671672480123355 ] } },
{ "type": "Feature", "properties": { "内容": "デイサービスセンター　ゆめさき【通所介護】兵庫県姫路市広畑区蒲田271-1", "url": "https://www.kaigokensaku.mhlw.go.jp/28/index.php?action_kouhyou_detail_004_kani=true&JigyosyoCd=2874006998-00&ServiceCd=150&Type=search", "url2": "http://www.mc-evoke.jp/" }, "geometry": { "type": "Point", "coordinates": [ 134.643067100000053, 34.83586040000003 ] } },
{ "type": "Feature", "properties": { "内容": "ゆめふる東辻井【通所介護】兵庫県姫路市東辻井4-4-25やさしえ東辻井1階", "url": "https://www.kaigokensaku.mhlw.go.jp/28/index.php?action_kouhyou_detail_004_kani=true&JigyosyoCd=2874010594-00&ServiceCd=150&Type=search", "url2": "https://search.yasashiite.com/detail/tsusyokaigo_higashitsujii/" }, "geometry": { "type": "Point", "coordinates": [ 134.676680299999987, 34.8478962 ] } },
{ "type": "Feature", "properties": { "内容": "デイサービスセンターしらさぎ【通所介護】姫路市林田町山田351番地3", "url": "https://www.kaigokensaku.mhlw.go.jp/28/index.php?action_kouhyou_detail_004_kani=true&JigyosyoCd=2874000884-00&ServiceCd=150&Type=search", "url2": "www.sirasagi.or.jp/" }, "geometry": { "type": "Point", "coordinates": [ 134.591424050262503, 34.930366673135993 ] } },
{ "type": "Feature", "properties": { "内容": "こころ広畑デイサービスセンター【通所介護】姫路市広畑区小松町2-66-28", "url": "https://www.kaigokensaku.mhlw.go.jp/28/index.php?action_kouhyou_detail_004_kani=true&JigyosyoCd=2874003490-00&ServiceCd=150&Type=search", "url2": "http://www.chowahukusikai.or.jp" }, "geometry": { "type": "Point", "coordinates": [ 134.624530899999968, 34.8025051 ] } },
{ "type": "Feature", "properties": { "内容": "リハビリセンター癒々しかま【通所介護】兵庫県姫路市飾磨区中浜町2-79-2", "url": "https://www.kaigokensaku.mhlw.go.jp/28/index.php?action_kouhyou_detail_004_kani=true&JigyosyoCd=2874007905-00&ServiceCd=150&Type=search", "url2": "http//imone.jp" }, "geometry": { "type": "Point", "coordinates": [ 134.6462321, 34.801599 ] } },
{ "type": "Feature", "properties": { "内容": "ブルーミングケア大津【通所介護】兵庫県姫路市大津区平松237-6", "url": "https://www.kaigokensaku.mhlw.go.jp/28/index.php?action_kouhyou_detail_004_kani=true&JigyosyoCd=2874009091-00&ServiceCd=150&Type=search", "url2": null }, "geometry": { "type": "Point", "coordinates": [ 134.59985370000004, 34.7947398 ] } },
{ "type": "Feature", "properties": { "内容": "デイサービスケアサービス神姫あおやま【通所介護】兵庫県姫路市青山1丁目35番5", "url": "https://www.kaigokensaku.mhlw.go.jp/28/index.php?action_kouhyou_detail_004_kani=true&JigyosyoCd=2874010198-00&ServiceCd=150&Type=search", "url2": "https://care-shinki.jp" }, "geometry": { "type": "Point", "coordinates": [ 134.6427522, 34.8498303 ] } },
{ "type": "Feature", "properties": { "内容": "デイサービス書写台ひまわり【通所介護】兵庫県姫路市書写台2丁目5-11書写台カーサひまわり", "url": "https://www.kaigokensaku.mhlw.go.jp/28/index.php?action_kouhyou_detail_004_kani=true&JigyosyoCd=2874010826-00&ServiceCd=150&Type=search", "url2": "https://himawarihome.or.jp" }, "geometry": { "type": "Point", "coordinates": [ 134.6503754, 34.8701837 ] } },
{ "type": "Feature", "properties": { "内容": "デイサービスセンター光寿園【通所介護】兵庫県姫路市夢前町塩田118番地1", "url": "https://www.kaigokensaku.mhlw.go.jp/28/index.php?action_kouhyou_detail_004_kani=true&JigyosyoCd=2873500140-00&ServiceCd=150&Type=search", "url2": null }, "geometry": { "type": "Point", "coordinates": [ 134.686889471858194, 34.948619933896154 ] } },
{ "type": "Feature", "properties": { "内容": "あっぷるデイサービス姫路【通所介護】姫路市宮西町3丁目14番地", "url": "https://www.kaigokensaku.mhlw.go.jp/28/index.php?action_kouhyou_detail_004_kani=true&JigyosyoCd=2874003763-00&ServiceCd=150&Type=search", "url2": "http://www.apple-117.jp/" }, "geometry": { "type": "Point", "coordinates": [ 134.70557789999998, 34.8275923 ] } },
{ "type": "Feature", "properties": { "内容": "デイサービスセンター揚羽蝶田寺【通所介護】姫路市田寺1丁目10番21号", "url": "https://www.kaigokensaku.mhlw.go.jp/28/index.php?action_kouhyou_detail_004_kani=true&JigyosyoCd=2874005792-00&ServiceCd=150&Type=search", "url2": null }, "geometry": { "type": "Point", "coordinates": [ 134.6704641, 34.8553417 ] } },
{ "type": "Feature", "properties": { "内容": "アースサポート姫路【通所介護】兵庫県姫路市飯田777番地", "url": "https://www.kaigokensaku.mhlw.go.jp/28/index.php?action_kouhyou_detail_004_kani=true&JigyosyoCd=2874011329-00&ServiceCd=150&Type=search", "url2": "http://www.earthsupport.co.jp" }, "geometry": { "type": "Point", "coordinates": [ 134.6751887, 34.814773100000011 ] } },
{ "type": "Feature", "properties": { "内容": "あいデイサービスセンター【通所介護】兵庫県姫路市青山5丁目10番19号", "url": "https://www.kaigokensaku.mhlw.go.jp/28/index.php?action_kouhyou_detail_004_kani=true&JigyosyoCd=2874003029-00&ServiceCd=150&Type=search", "url2": "http://techno-aids.com/" }, "geometry": { "type": "Point", "coordinates": [ 134.636434099999974, 34.8453148 ] } },
{ "type": "Feature", "properties": { "内容": "姫路ケアセンターそよ風【通所介護】姫路市神田町4丁目15番地", "url": "https://www.kaigokensaku.mhlw.go.jp/28/index.php?action_kouhyou_detail_004_kani=true&JigyosyoCd=2874003805-00&ServiceCd=150&Type=search", "url2": "http://www.sykz.co.jp/" }, "geometry": { "type": "Point", "coordinates": [ 134.6777697, 34.8314026 ] } },
{ "type": "Feature", "properties": { "内容": "デイサービスセンター　アムール平松【通所介護】兵庫県姫路市大津区平松495-1", "url": "https://www.kaigokensaku.mhlw.go.jp/28/index.php?action_kouhyou_detail_004_kani=true&JigyosyoCd=2874009489-00&ServiceCd=150&Type=search", "url2": null }, "geometry": { "type": "Point", "coordinates": [ 134.5984736, 34.7897474 ] } },
{ "type": "Feature", "properties": { "内容": "ニチイケアセンター飾磨【通所介護】兵庫県姫路市飾磨区今在家北３－５５－１", "url": "https://www.kaigokensaku.mhlw.go.jp/28/index.php?action_kouhyou_detail_004_kani=true&JigyosyoCd=2874000975-00&ServiceCd=150&Type=search", "url2": "http://www.nichiigakkann.co.jp" }, "geometry": { "type": "Point", "coordinates": [ 134.656444500000021, 34.8110773 ] } },
{ "type": "Feature", "properties": { "内容": "ニチイケアセンター灘浜【通所介護】姫路市白浜町甲７７９－５", "url": "https://www.kaigokensaku.mhlw.go.jp/28/index.php?action_kouhyou_detail_004_kani=true&JigyosyoCd=2874002906-00&ServiceCd=150&Type=search", "url2": null }, "geometry": { "type": "Point", "coordinates": [ 134.699068500000067, 34.7835389 ] } },
{ "type": "Feature", "properties": { "内容": "勝原第二デイサービスセンター【通所介護】姫路市勝原区下太田201", "url": "https://www.kaigokensaku.mhlw.go.jp/28/index.php?action_kouhyou_detail_004_kani=true&JigyosyoCd=2874001593-00&ServiceCd=150&Type=search", "url2": "http//katuhara.or.jp" }, "geometry": { "type": "Point", "coordinates": [ 134.602038399999969, 34.8247088 ] } },
{ "type": "Feature", "properties": { "内容": "デイサービス花みずき【通所介護】姫路市豊富町豊富915-2", "url": "https://www.kaigokensaku.mhlw.go.jp/28/index.php?action_kouhyou_detail_004_kani=true&JigyosyoCd=2874001601-00&ServiceCd=150&Type=search", "url2": null }, "geometry": { "type": "Point", "coordinates": [ 134.750701899999967, 34.8938156 ] } },
{ "type": "Feature", "properties": { "内容": "デイサービス小麦【通所介護】兵庫県姫路市余部区下余部358", "url": "https://www.kaigokensaku.mhlw.go.jp/28/index.php?action_kouhyou_detail_004_kani=true&JigyosyoCd=2874010420-00&ServiceCd=150&Type=search", "url2": "https://unir-silverpier.com/" }, "geometry": { "type": "Point", "coordinates": [ 134.577257800000012, 34.797961 ] } },
{ "type": "Feature", "properties": { "内容": "ネバーランドデイサービスセンター【通所介護】兵庫県姫路市船津町5271-16", "url": "https://www.kaigokensaku.mhlw.go.jp/28/index.php?action_kouhyou_detail_004_kani=true&JigyosyoCd=2874000942-00&ServiceCd=150&Type=search", "url2": "https://www.neverland.or.jp/" }, "geometry": { "type": "Point", "coordinates": [ 134.763431299999979, 34.9099002 ] } },
{ "type": "Feature", "properties": { "内容": "多機能事業所花りん【通所介護】兵庫県姫路市上手野239-1", "url": "https://www.kaigokensaku.mhlw.go.jp/28/index.php?action_kouhyou_detail_004_kani=true&JigyosyoCd=2874009802-00&ServiceCd=150&Type=search", "url2": "https://karinday.jp/" }, "geometry": { "type": "Point", "coordinates": [ 134.6590716, 34.8558448 ] } },
{ "type": "Feature", "properties": { "内容": "デイサービスうさぎ【通所介護】東山５７７", "url": "https://www.kaigokensaku.mhlw.go.jp/28/index.php?action_kouhyou_detail_004_kani=true&JigyosyoCd=2874007590-00&ServiceCd=150&Type=search", "url2": "http://www.taishukai.jp" }, "geometry": { "type": "Point", "coordinates": [ 134.725368500000059, 34.7859749 ] } },
{ "type": "Feature", "properties": { "内容": "デイサービスステップ白鳥【通所介護】兵庫県姫路市白鳥台1丁目7-16", "url": "https://www.kaigokensaku.mhlw.go.jp/28/index.php?action_kouhyou_detail_004_kani=true&JigyosyoCd=2874009851-00&ServiceCd=150&Type=search", "url2": "https://www.k-flap.co.jp/" }, "geometry": { "type": "Point", "coordinates": [ 134.6235361, 34.8793858 ] } },
{ "type": "Feature", "properties": { "内容": "ペリカン　大島【通所介護】兵庫県尼崎市大島３丁目８－１５シャルダン大島１０１号", "url": "https://www.kaigokensaku.mhlw.go.jp/28/index.php?action_kouhyou_detail_004_kani=true&JigyosyoCd=2873011908-00&ServiceCd=150&Type=search", "url2": null }, "geometry": { "type": "Point", "coordinates": [ 135.390314, 34.726173 ] } },
{ "type": "Feature", "properties": { "内容": "ペリカン【通所介護】兵庫県尼崎市東大物町１丁目５－２７", "url": "https://www.kaigokensaku.mhlw.go.jp/28/index.php?action_kouhyou_detail_004_kani=true&JigyosyoCd=2873007518-00&ServiceCd=150&Type=search", "url2": "ｐｅｌｉｃａｎ２００７．ｊｐ" }, "geometry": { "type": "Point", "coordinates": [ 135.426796664309677, 34.717476661467259 ] } },
{ "type": "Feature", "properties": { "内容": "塚口ケアハートガーデン通所介護事業所【通所介護】尼崎市塚口本町６－９－１８", "url": "https://www.kaigokensaku.mhlw.go.jp/28/index.php?action_kouhyou_detail_004_kani=true&JigyosyoCd=2873001503-00&ServiceCd=150&Type=search", "url2": "https://www.mdlife.co.jp" }, "geometry": { "type": "Point", "coordinates": [ 135.42110660000003, 34.7578621 ] } },
{ "type": "Feature", "properties": { "内容": "デイサービス寿長生の郷【通所介護】尼崎市元浜町5丁目10番地の2", "url": "https://www.kaigokensaku.mhlw.go.jp/28/index.php?action_kouhyou_detail_004_kani=true&JigyosyoCd=2873002717-00&ServiceCd=150&Type=search", "url2": null }, "geometry": { "type": "Point", "coordinates": [ 135.386889800000063, 34.7113964 ] } },
{ "type": "Feature", "properties": { "内容": "阪神医療生活協同組合小中島診療所デイサービスセンターゆんたく【通所介護】尼崎市東園田町4-96-1阪神医療生活協同組合サポートセンターゆんたく", "url": "https://www.kaigokensaku.mhlw.go.jp/28/index.php?action_kouhyou_detail_004_kani=true&JigyosyoCd=2873002873-00&ServiceCd=150&Type=search", "url2": "https://hansiniseikyo.or.jp" }, "geometry": { "type": "Point", "coordinates": [ 135.4464422, 34.7536018 ] } },
{ "type": "Feature", "properties": { "内容": "かつらデイサービスセンター【通所介護】兵庫県尼崎市久々知1-14-1", "url": "https://www.kaigokensaku.mhlw.go.jp/28/index.php?action_kouhyou_detail_004_kani=true&JigyosyoCd=2873004937-00&ServiceCd=150&Type=search", "url2": "http://www.seisyu-kai.com/index.html" }, "geometry": { "type": "Point", "coordinates": [ 135.431864600000011, 34.746466300000016 ] } },
{ "type": "Feature", "properties": { "内容": "あい・さくらホーム田能デイサービスセンター【通所介護】兵庫県尼崎市田能5丁目9-39アートプラザ田能３００", "url": "https://www.kaigokensaku.mhlw.go.jp/28/index.php?action_kouhyou_detail_004_kani=true&JigyosyoCd=2873007351-00&ServiceCd=150&Type=search", "url2": null }, "geometry": { "type": "Point", "coordinates": [ 135.431777799999963, 34.7692805 ] } },
{ "type": "Feature", "properties": { "内容": "ジョイリハ塚口【通所介護】兵庫県尼崎市塚口本町2-1-15", "url": "https://www.kaigokensaku.mhlw.go.jp/28/index.php?action_kouhyou_detail_004_kani=true&JigyosyoCd=2873014290-00&ServiceCd=150&Type=search", "url2": "https://joyreha.co.jp/shop/%e3%82%b8%e3%83%a7%e3%82%a4%e3%83%aa%e3%83%8f%e5%a1%9a%e5%8f%a3/" }, "geometry": { "type": "Point", "coordinates": [ 135.416088800000011, 34.7552506 ] } },
{ "type": "Feature", "properties": { "内容": "Tryus(トライアス尼崎）【通所介護】尼崎市潮江1-3-34", "url": "https://www.kaigokensaku.mhlw.go.jp/28/index.php?action_kouhyou_detail_004_kani=true&JigyosyoCd=2873012773-00&ServiceCd=150&Type=search", "url2": "https://tryus.jp/shoplist/detail04.html" }, "geometry": { "type": "Point", "coordinates": [ 135.4308253, 34.734544 ] } },
{ "type": "Feature", "properties": { "内容": "サンホームあまがさき　デイサービスセンター【通所介護】兵庫県尼崎市大庄北3丁目15番1号", "url": "https://www.kaigokensaku.mhlw.go.jp/28/index.php?action_kouhyou_detail_004_kani=true&JigyosyoCd=2873000745-00&ServiceCd=150&Type=search", "url2": "http://www.sunhoumama.jp/" }, "geometry": { "type": "Point", "coordinates": [ 135.389122300000054, 34.7336778 ] } },
{ "type": "Feature", "properties": { "内容": "デイサービス　らくらく苑【通所介護】尼崎市田能４－２－５０", "url": "https://www.kaigokensaku.mhlw.go.jp/28/index.php?action_kouhyou_detail_004_kani=true&JigyosyoCd=2873001446-00&ServiceCd=150&Type=search", "url2": "http://www.rakurakuen.jp/" }, "geometry": { "type": "Point", "coordinates": [ 135.438669200000049, 34.7644034 ] } },
{ "type": "Feature", "properties": { "内容": "デイサービス　木かげ【通所介護】兵庫県尼崎市南武庫之荘１０丁目62－17", "url": "https://www.kaigokensaku.mhlw.go.jp/28/index.php?action_kouhyou_detail_004_kani=true&JigyosyoCd=2873002097-00&ServiceCd=150&Type=search", "url2": "http://www.shafuku-nijinokai.or/jp" }, "geometry": { "type": "Point", "coordinates": [ 135.384733500000038, 34.7409744 ] } },
{ "type": "Feature", "properties": { "内容": "医療法人尼崎厚生会デイサービスセンターそれいゆ【通所介護】兵庫県尼崎市武庫之荘5丁目10番3号ノースサブロン1階", "url": "https://www.kaigokensaku.mhlw.go.jp/28/index.php?action_kouhyou_detail_004_kani=true&JigyosyoCd=2873002170-00&ServiceCd=150&Type=search", "url2": "https://www.tachibanarouken.or.jp/soleil" }, "geometry": { "type": "Point", "coordinates": [ 135.387412399999988, 34.7580785 ] } },
{ "type": "Feature", "properties": { "内容": "デイサービスセンター　いちべえ【通所介護】兵庫県尼崎市額田町７－２３", "url": "https://www.kaigokensaku.mhlw.go.jp/28/index.php?action_kouhyou_detail_004_kani=true&JigyosyoCd=2873002436-00&ServiceCd=150&Type=search", "url2": null }, "geometry": { "type": "Point", "coordinates": [ 135.44843590000005, 34.7437306 ] } },
{ "type": "Feature", "properties": { "内容": "あんずデイサ-ビス立花【通所介護】尼崎市立花町1-9-14", "url": "https://www.kaigokensaku.mhlw.go.jp/28/index.php?action_kouhyou_detail_004_kani=true&JigyosyoCd=2873003418-00&ServiceCd=150&Type=search", "url2": "www.furea.jp/" }, "geometry": { "type": "Point", "coordinates": [ 135.400912400000038, 34.7381333 ] } },
{ "type": "Feature", "properties": { "内容": "株式会社　有優癒　デイサービス　いぶき【通所介護】浜田町5丁目23番地の1号オーパス浜田1F", "url": "https://www.kaigokensaku.mhlw.go.jp/28/index.php?action_kouhyou_detail_004_kani=true&JigyosyoCd=2873005603-00&ServiceCd=150&Type=search", "url2": "http://www.dayserviceibuki.jp/" }, "geometry": { "type": "Point", "coordinates": [ 135.4006766, 34.7264844 ] } },
{ "type": "Feature", "properties": { "内容": "武庫之荘ケアセンターそよ風【通所介護】武庫元町1-17-8", "url": "https://www.kaigokensaku.mhlw.go.jp/28/index.php?action_kouhyou_detail_004_kani=true&JigyosyoCd=2873005751-00&ServiceCd=150&Type=search", "url2": "https://www.sykz.co.jp/" }, "geometry": { "type": "Point", "coordinates": [ 135.384344199999987, 34.7568756 ] } },
{ "type": "Feature", "properties": { "内容": "はぐみデイサービスセンター【通所介護】兵庫県尼崎市浜田町2-79", "url": "https://www.kaigokensaku.mhlw.go.jp/28/index.php?action_kouhyou_detail_004_kani=true&JigyosyoCd=2873006106-00&ServiceCd=150&Type=search", "url2": "https://dayhagumi.com/" }, "geometry": { "type": "Point", "coordinates": [ 135.398110200000019, 34.7307228 ] } },
{ "type": "Feature", "properties": { "内容": "尼崎ケアセンターそよ風【通所介護】食満７丁目１７－１", "url": "https://www.kaigokensaku.mhlw.go.jp/28/index.php?action_kouhyou_detail_004_kani=true&JigyosyoCd=2873006197-00&ServiceCd=150&Type=search", "url2": "https://www.sykz.co.jp/" }, "geometry": { "type": "Point", "coordinates": [ 135.436375099999964, 34.7570375 ] } },
{ "type": "Feature", "properties": { "内容": "ヒューマンライフケアくいせ乃湯【通所介護】兵庫県尼崎市杭瀬本町２－２－１１", "url": "https://www.kaigokensaku.mhlw.go.jp/28/index.php?action_kouhyou_detail_004_kani=true&JigyosyoCd=2873006940-00&ServiceCd=150&Type=search", "url2": "http://hlc.athuman.com/" }, "geometry": { "type": "Point", "coordinates": [ 135.438162, 34.7202025 ] } },
{ "type": "Feature", "properties": { "内容": "ヒューマンライフケアかみのしま湯【通所介護】上ノ島町二丁目2番1号", "url": "https://www.kaigokensaku.mhlw.go.jp/28/index.php?action_kouhyou_detail_004_kani=true&JigyosyoCd=2873006957-00&ServiceCd=150&Type=search", "url2": "http://hlc.athuman.com/" }, "geometry": { "type": "Point", "coordinates": [ 135.399045600000022, 34.7480962 ] } },
{ "type": "Feature", "properties": { "内容": "めばえ【通所介護】兵庫県尼崎市富松町二丁目2番2号フォレスト", "url": "https://www.kaigokensaku.mhlw.go.jp/28/index.php?action_kouhyou_detail_004_kani=true&JigyosyoCd=2873011015-00&ServiceCd=150&Type=search", "url2": "http://www.mebaesanko.com/day.html" }, "geometry": { "type": "Point", "coordinates": [ 135.398967951498747, 34.755948815782595 ] } },
{ "type": "Feature", "properties": { "内容": "デイサービスセンター　リアンつかぐち【通所介護】兵庫県尼崎市塚口本町2丁目2番20号ベアコート塚口", "url": "https://www.kaigokensaku.mhlw.go.jp/28/index.php?action_kouhyou_detail_004_kani=true&JigyosyoCd=2873012492-00&ServiceCd=150&Type=search", "url2": null }, "geometry": { "type": "Point", "coordinates": [ 135.415877963020392, 34.756570308611181 ] } },
{ "type": "Feature", "properties": { "内容": "通所介護ガラシアウイングス【通所介護】兵庫県尼崎市小中島二丁目17番1号", "url": "https://www.kaigokensaku.mhlw.go.jp/28/index.php?action_kouhyou_detail_004_kani=true&JigyosyoCd=2873012914-00&ServiceCd=150&Type=search", "url2": "https://www.gratia-wings.jp/" }, "geometry": { "type": "Point", "coordinates": [ 135.4410857, 34.7489794 ] } },
{ "type": "Feature", "properties": { "内容": "コンパスウォーク築地【通所介護】兵庫県尼崎市築地４丁目２－１９伍代ビル", "url": "https://www.kaigokensaku.mhlw.go.jp/28/index.php?action_kouhyou_detail_004_kani=true&JigyosyoCd=2873013490-00&ServiceCd=150&Type=search", "url2": "https://keigo-group.co.jp/shop/hyogoken/4219/" }, "geometry": { "type": "Point", "coordinates": [ 135.4179403, 34.7120611 ] } },
{ "type": "Feature", "properties": { "内容": "デイサービスくまさん【通所介護】尼崎市道意町４丁目４０－３小川医院ビル２F", "url": "https://www.kaigokensaku.mhlw.go.jp/28/index.php?action_kouhyou_detail_004_kani=true&JigyosyoCd=2873013607-00&ServiceCd=150&Type=search", "url2": "https://www.teishinkaigo.com/" }, "geometry": { "type": "Point", "coordinates": [ 135.3957853, 34.7167559 ] } },
{ "type": "Feature", "properties": { "内容": "お料理デイサービス　まるたか食堂【通所介護】兵庫県尼崎市長洲中通３丁目15-1", "url": "https://www.kaigokensaku.mhlw.go.jp/28/index.php?action_kouhyou_detail_004_kani=true&JigyosyoCd=2873014167-00&ServiceCd=150&Type=search", "url2": null }, "geometry": { "type": "Point", "coordinates": [ 135.4298173, 34.7219006 ] } },
{ "type": "Feature", "properties": { "内容": "フロイデケアセンター【通所介護】兵庫県尼崎市神田南通2丁目35番1", "url": "https://www.kaigokensaku.mhlw.go.jp/28/index.php?action_kouhyou_detail_004_kani=true&JigyosyoCd=2873001669-00&ServiceCd=150&Type=search", "url2": "https://nishimura-iin.co.jp/freude/" }, "geometry": { "type": "Point", "coordinates": [ 135.410064599999941, 34.7203047 ] } },
{ "type": "Feature", "properties": { "内容": "木戸リハビリデイサービス【通所介護】尼崎市武庫之荘西2丁目52-15", "url": "https://www.kaigokensaku.mhlw.go.jp/28/index.php?action_kouhyou_detail_004_kani=true&JigyosyoCd=2873002162-00&ServiceCd=150&Type=search", "url2": "http://kido-sekkotu.com/care.html" }, "geometry": { "type": "Point", "coordinates": [ 135.3862775, 34.7511179 ] } },
{ "type": "Feature", "properties": { "内容": "デイサービスセンター　大島の里【通所介護】兵庫県尼崎市大島２丁目３３番１２号", "url": "https://www.kaigokensaku.mhlw.go.jp/28/index.php?action_kouhyou_detail_004_kani=true&JigyosyoCd=2873002444-00&ServiceCd=150&Type=search", "url2": null }, "geometry": { "type": "Point", "coordinates": [ 135.3854533, 34.7248813 ] } },
{ "type": "Feature", "properties": { "内容": "デイサービスセンター　ロータス・オデオン【通所介護】兵庫県尼崎市宮内町2丁目81-1", "url": "https://www.kaigokensaku.mhlw.go.jp/28/index.php?action_kouhyou_detail_004_kani=true&JigyosyoCd=2873005421-00&ServiceCd=150&Type=search", "url2": "http://www.e-akane.com" }, "geometry": { "type": "Point", "coordinates": [ 135.405484600000023, 34.7190852 ] } },
{ "type": "Feature", "properties": { "内容": "デイサービス　北之庄らくらく苑【通所介護】兵庫県尼崎市田能３丁目５－２８", "url": "https://www.kaigokensaku.mhlw.go.jp/28/index.php?action_kouhyou_detail_004_kani=true&JigyosyoCd=2873005728-00&ServiceCd=150&Type=search", "url2": "http://www.rakurakuen.jp" }, "geometry": { "type": "Point", "coordinates": [ 135.438410800000042, 34.766106 ] } },
{ "type": "Feature", "properties": { "内容": "尼崎医療生活協同組合デイサービス潮江【通所介護】兵庫県尼崎市潮江３丁目18-19-2在宅支援センターおひさま3F", "url": "https://www.kaigokensaku.mhlw.go.jp/28/index.php?action_kouhyou_detail_004_kani=true&JigyosyoCd=2873005900-00&ServiceCd=150&Type=search", "url2": "https://www.shioe-coop.jp/" }, "geometry": { "type": "Point", "coordinates": [ 135.434348234918133, 34.738256256078571 ] } },
{ "type": "Feature", "properties": { "内容": "デイサービスセンター南野の華【通所介護】尼崎市富松町3丁目3番10号", "url": "https://www.kaigokensaku.mhlw.go.jp/28/index.php?action_kouhyou_detail_004_kani=true&JigyosyoCd=2873008300-00&ServiceCd=150&Type=search", "url2": "http://www.mimamino.or.jp/" }, "geometry": { "type": "Point", "coordinates": [ 135.400495200000023, 34.7585257 ] } },
{ "type": "Feature", "properties": { "内容": "通所介護　メロディスクエア【通所介護】兵庫県尼崎市大庄中通1丁目２１番", "url": "https://www.kaigokensaku.mhlw.go.jp/28/index.php?action_kouhyou_detail_004_kani=true&JigyosyoCd=2873008813-00&ServiceCd=150&Type=search", "url2": "http://melody-house.jp/" }, "geometry": { "type": "Point", "coordinates": [ 135.392486885458311, 34.727080256271755 ] } },
{ "type": "Feature", "properties": { "内容": "サンホーム大庄西　デイサービスセンター【通所介護】兵庫県尼崎市大島3丁目9番1号", "url": "https://www.kaigokensaku.mhlw.go.jp/28/index.php?action_kouhyou_detail_004_kani=true&JigyosyoCd=2873009159-00&ServiceCd=150&Type=search", "url2": "http://hinode.or.jp/osyonishi/" }, "geometry": { "type": "Point", "coordinates": [ 135.389328, 34.7255286 ] } },
{ "type": "Feature", "properties": { "内容": "SmartCare【通所介護】兵庫県尼崎市立花町1丁目14-11ハイツルミナール1階", "url": "https://www.kaigokensaku.mhlw.go.jp/28/index.php?action_kouhyou_detail_004_kani=true&JigyosyoCd=2873009944-00&ServiceCd=150&Type=search", "url2": "http://www.necess.jp/" }, "geometry": { "type": "Point", "coordinates": [ 135.400894869380977, 34.739498474162843 ] } },
{ "type": "Feature", "properties": { "内容": "デイサービスセンターゆめパラティース【通所介護】兵庫県尼崎市下坂部３－３－１", "url": "https://www.kaigokensaku.mhlw.go.jp/28/index.php?action_kouhyou_detail_004_kani=true&JigyosyoCd=2873010132-00&ServiceCd=150&Type=search", "url2": "https://smile-yume.com/paratiis/" }, "geometry": { "type": "Point", "coordinates": [ 135.438128098147558, 34.740804610382675 ] } },
{ "type": "Feature", "properties": { "内容": "デイサービスほのぼの建家【通所介護】建家町68", "url": "https://www.kaigokensaku.mhlw.go.jp/28/index.php?action_kouhyou_detail_004_kani=true&JigyosyoCd=2873010231-00&ServiceCd=150&Type=search", "url2": "http://honobono-gr.com/" }, "geometry": { "type": "Point", "coordinates": [ 135.410670100000061, 34.7197381 ] } },
{ "type": "Feature", "properties": { "内容": "デイサービス立花あまの里【通所介護】水堂町１丁目10番37号特別養護老人ホーム立花あまの里", "url": "https://www.kaigokensaku.mhlw.go.jp/28/index.php?action_kouhyou_detail_004_kani=true&JigyosyoCd=2873011049-00&ServiceCd=150&Type=search", "url2": "http://www.shafuku-nijinokai.or.jp/tachibana_ama_day.html" }, "geometry": { "type": "Point", "coordinates": [ 135.396376700000019, 34.7423911 ] } },
{ "type": "Feature", "properties": { "内容": "デイサービス　Azzurra【通所介護】兵庫県尼崎市西難波町３丁目２０番１６号ピアッツア　アズーラ", "url": "https://www.kaigokensaku.mhlw.go.jp/28/index.php?action_kouhyou_detail_004_kani=true&JigyosyoCd=2873011098-00&ServiceCd=150&Type=search", "url2": "http://www.seisyu-kai.com/" }, "geometry": { "type": "Point", "coordinates": [ 135.404562181074652, 34.724642259386314 ] } },
{ "type": "Feature", "properties": { "内容": "デイサービスセンターなこうじ【通所介護】兵庫県尼崎市若王寺3丁目１６－３", "url": "https://www.kaigokensaku.mhlw.go.jp/28/index.php?action_kouhyou_detail_004_kani=true&JigyosyoCd=2873011296-00&ServiceCd=150&Type=search", "url2": "http://bluevalley-amaryllis.com/" }, "geometry": { "type": "Point", "coordinates": [ 135.440128, 34.7452026 ] } },
{ "type": "Feature", "properties": { "内容": "まごころケアセンター【通所介護】兵庫県尼崎市下坂部2丁目24番5号", "url": "https://www.kaigokensaku.mhlw.go.jp/28/index.php?action_kouhyou_detail_004_kani=true&JigyosyoCd=2873011346-00&ServiceCd=150&Type=search", "url2": "https://magocoro-kaigo.co.jp" }, "geometry": { "type": "Point", "coordinates": [ 135.432417901624689, 34.742684107024829 ] } },
{ "type": "Feature", "properties": { "内容": "Daysalonオーク【通所介護】兵庫県尼崎市栗山町2丁目21-16", "url": "https://www.kaigokensaku.mhlw.go.jp/28/index.php?action_kouhyou_detail_004_kani=true&JigyosyoCd=2873011445-00&ServiceCd=150&Type=search", "url2": "https://www.ooku4109.co.jp/" }, "geometry": { "type": "Point", "coordinates": [ 135.406634200000013, 34.7460384 ] } },
{ "type": "Feature", "properties": { "内容": "からふるデイサービスセンター【通所介護】兵庫県尼崎市稲葉荘１丁目１５－８", "url": "https://www.kaigokensaku.mhlw.go.jp/28/index.php?action_kouhyou_detail_004_kani=true&JigyosyoCd=2873012112-00&ServiceCd=150&Type=search", "url2": "https://sankei-h-n.com/" }, "geometry": { "type": "Point", "coordinates": [ 135.383895700000039, 34.7311437 ] } },
{ "type": "Feature", "properties": { "内容": "ラウレアート【通所介護】武庫川町1-8", "url": "https://www.kaigokensaku.mhlw.go.jp/28/index.php?action_kouhyou_detail_004_kani=true&JigyosyoCd=2873012211-00&ServiceCd=150&Type=search", "url2": "http：//arustak" }, "geometry": { "type": "Point", "coordinates": [ 135.3473682, 34.8067764 ] } },
{ "type": "Feature", "properties": { "内容": "デイサービスセンターいいあす【通所介護】兵庫県尼崎市武庫元町1-18-1武庫元町阪神ビル", "url": "https://www.kaigokensaku.mhlw.go.jp/28/index.php?action_kouhyou_detail_004_kani=true&JigyosyoCd=2873014217-00&ServiceCd=150&Type=search", "url2": "https://jcare-inc.com/" }, "geometry": { "type": "Point", "coordinates": [ 135.3854705, 34.7563685 ] } },
{ "type": "Feature", "properties": { "内容": "お泊りデイぱれっと【通所介護】兵庫県尼崎市南七松町１－２－７", "url": "https://www.kaigokensaku.mhlw.go.jp/28/index.php?action_kouhyou_detail_004_kani=true&JigyosyoCd=2873014233-00&ServiceCd=150&Type=search", "url2": null }, "geometry": { "type": "Point", "coordinates": [ 135.4003873, 34.7332857 ] } },
{ "type": "Feature", "properties": { "内容": "ナニワ診療所【通所介護】尼崎市神田中通9丁目291番地", "url": "https://www.kaigokensaku.mhlw.go.jp/28/index.php?action_kouhyou_detail_004_kani=true&JigyosyoCd=2813022346-00&ServiceCd=150&Type=search", "url2": null }, "geometry": { "type": "Point", "coordinates": [ 135.403079299999945, 34.7223931 ] } },
{ "type": "Feature", "properties": { "内容": "社会福祉法人　阪神共同福祉会　園田苑【通所介護】兵庫県尼崎市小中島１丁目１－１８", "url": "https://www.kaigokensaku.mhlw.go.jp/28/index.php?action_kouhyou_detail_004_kani=true&JigyosyoCd=2873000729-00&ServiceCd=150&Type=search", "url2": "https://sonodaen.com" }, "geometry": { "type": "Point", "coordinates": [ 135.444691499999976, 34.7499133 ] } },
{ "type": "Feature", "properties": { "内容": "喜楽苑指定通所介護事業所【通所介護】兵庫県尼崎市長洲西通２丁目８番３号", "url": "https://www.kaigokensaku.mhlw.go.jp/28/index.php?action_kouhyou_detail_004_kani=true&JigyosyoCd=2873000877-00&ServiceCd=150&Type=search", "url2": "http://www.kirakuen.or.jp" }, "geometry": { "type": "Point", "coordinates": [ 135.428298700000028, 34.7256824 ] } },
{ "type": "Feature", "properties": { "内容": "ロータス・ガーデン【通所介護】兵庫県尼崎市栗山町1－20－20", "url": "https://www.kaigokensaku.mhlw.go.jp/28/index.php?action_kouhyou_detail_004_kani=true&JigyosyoCd=2873001040-00&ServiceCd=150&Type=search", "url2": "http://www.e-akane.com" }, "geometry": { "type": "Point", "coordinates": [ 135.408802899999955, 34.7452355 ] } },
{ "type": "Feature", "properties": { "内容": "西長洲荘デイサービスセンター【通所介護】兵庫県尼崎市西長洲町３丁目３番２０号", "url": "https://www.kaigokensaku.mhlw.go.jp/28/index.php?action_kouhyou_detail_004_kani=true&JigyosyoCd=2873001206-00&ServiceCd=150&Type=search", "url2": "http://www.heiseikai.or.jp" }, "geometry": { "type": "Point", "coordinates": [ 135.417566299999976, 34.7261738 ] } },
{ "type": "Feature", "properties": { "内容": "けま喜楽苑デイサービスセンター【通所介護】尼崎市食満２丁目２２番１号", "url": "https://www.kaigokensaku.mhlw.go.jp/28/index.php?action_kouhyou_detail_004_kani=true&JigyosyoCd=2873001461-00&ServiceCd=150&Type=search", "url2": "http://www.kirakuen.or.jp" }, "geometry": { "type": "Point", "coordinates": [ 135.4310752, 34.7627673 ] } },
{ "type": "Feature", "properties": { "内容": "デイサービスセンター桜【通所介護】兵庫県尼崎市武庫元町2丁目２３－１５", "url": "https://www.kaigokensaku.mhlw.go.jp/28/index.php?action_kouhyou_detail_004_kani=true&JigyosyoCd=2873004390-00&ServiceCd=150&Type=search", "url2": "http:hakujyuen.or.jp" }, "geometry": { "type": "Point", "coordinates": [ 135.378547300000037, 34.760003 ] } },
{ "type": "Feature", "properties": { "内容": "MSCデイサービスセンター　すみれ【通所介護】尼崎市塚口町6-43-1　亀井整形外科医院2階", "url": "https://www.kaigokensaku.mhlw.go.jp/28/index.php?action_kouhyou_detail_004_kani=true&JigyosyoCd=2873005124-00&ServiceCd=150&Type=search", "url2": "symire@kamei-seikei.com" }, "geometry": { "type": "Point", "coordinates": [ 135.407727600000044, 34.7599756 ] } },
{ "type": "Feature", "properties": { "内容": "デイサービスセンター　サンフォート武庫之荘【通所介護】兵庫県尼崎市武庫之荘9-34-16特別養護老人ホームサンフォート武庫之荘", "url": "https://www.kaigokensaku.mhlw.go.jp/28/index.php?action_kouhyou_detail_004_kani=true&JigyosyoCd=2873005926-00&ServiceCd=150&Type=search", "url2": "http://www.sanyoufukusikaicom/" }, "geometry": { "type": "Point", "coordinates": [ 135.388315700000021, 34.7704328 ] } },
{ "type": "Feature", "properties": { "内容": "デイサービスセンターハルム上坂部【通所介護】尼崎市上坂部3－29－8", "url": "https://www.kaigokensaku.mhlw.go.jp/28/index.php?action_kouhyou_detail_004_kani=true&JigyosyoCd=2873006676-00&ServiceCd=150&Type=search", "url2": "https://www.thinks-cs.com/" }, "geometry": { "type": "Point", "coordinates": [ 135.432575600000064, 34.7482023 ] } },
{ "type": "Feature", "properties": { "内容": "リハビリデイサービス尼崎武庫之荘の風ゆめゆめらいふ【通所介護】兵庫県尼崎市富松町1-12-10エーベル武庫之荘壱番館1階", "url": "https://www.kaigokensaku.mhlw.go.jp/28/index.php?action_kouhyou_detail_004_kani=true&JigyosyoCd=2873007187-00&ServiceCd=150&Type=search", "url2": "http://yumeyumelife.jp/" }, "geometry": { "type": "Point", "coordinates": [ 135.400829104893518, 34.753351037396982 ] } },
{ "type": "Feature", "properties": { "内容": "芦風荘デイサービスセンター【通所介護】尼崎市西長洲町１丁目３ー１", "url": "https://www.kaigokensaku.mhlw.go.jp/28/index.php?action_kouhyou_detail_004_kani=true&JigyosyoCd=2873008342-00&ServiceCd=150&Type=search", "url2": "www.heiseikai.or.jp" }, "geometry": { "type": "Point", "coordinates": [ 135.424293976721174, 34.72860265169097 ] } },
{ "type": "Feature", "properties": { "内容": "株式会社　池田　デイサービス明日香　南武庫之荘【通所介護】兵庫県尼崎市南武庫之荘２丁目２２番２２号", "url": "https://www.kaigokensaku.mhlw.go.jp/28/index.php?action_kouhyou_detail_004_kani=true&JigyosyoCd=2873008623-00&ServiceCd=150&Type=search", "url2": null }, "geometry": { "type": "Point", "coordinates": [ 135.398193, 34.7477406 ] } },
{ "type": "Feature", "properties": { "内容": "ダイニング＆リハステーション稀【通所介護】南武庫之荘２丁目１５－２０エスペランサ藤井Ⅱ", "url": "https://www.kaigokensaku.mhlw.go.jp/28/index.php?action_kouhyou_detail_004_kani=true&JigyosyoCd=2873011197-00&ServiceCd=150&Type=search", "url2": "http://www.necess.jp/" }, "geometry": { "type": "Point", "coordinates": [ 135.398228600000039, 34.7483912 ] } },
{ "type": "Feature", "properties": { "内容": "デイサービスはなみずき【通所介護】兵庫県尼崎市西難波町５丁目12-1特別養護老人ホームはなみずき", "url": "https://www.kaigokensaku.mhlw.go.jp/28/index.php?action_kouhyou_detail_004_kani=true&JigyosyoCd=2873012146-00&ServiceCd=150&Type=search", "url2": "https://hanamizuki-amagasaki.org/index.html" }, "geometry": { "type": "Point", "coordinates": [ 135.407685848410011, 34.728110612597945 ] } },
{ "type": "Feature", "properties": { "内容": "ツクイ尼崎武庫之荘【通所介護】兵庫県尼崎市武庫之荘本町二丁目22－20", "url": "https://www.kaigokensaku.mhlw.go.jp/28/index.php?action_kouhyou_detail_004_kani=true&JigyosyoCd=2873012955-00&ServiceCd=150&Type=search", "url2": null }, "geometry": { "type": "Point", "coordinates": [ 135.390550100000013, 34.7610387 ] } },
{ "type": "Feature", "properties": { "内容": "ツクイ尼崎塚口【通所介護】上坂部１丁目３番４１号", "url": "https://www.kaigokensaku.mhlw.go.jp/28/index.php?action_kouhyou_detail_004_kani=true&JigyosyoCd=2873012963-00&ServiceCd=150&Type=search", "url2": null }, "geometry": { "type": "Point", "coordinates": [ 135.4295611, 34.751008 ] } },
{ "type": "Feature", "properties": { "内容": "尼崎ラガールデイサービス【通所介護】兵庫県尼崎市大庄西町4-4-1", "url": "https://www.kaigokensaku.mhlw.go.jp/28/index.php?action_kouhyou_detail_004_kani=true&JigyosyoCd=2873013169-00&ServiceCd=150&Type=search", "url2": "http://ama-la.koudoukai.or.jp/" }, "geometry": { "type": "Point", "coordinates": [ 135.3896317, 34.7180599 ] } },
{ "type": "Feature", "properties": { "内容": "ベルセゾンデイサービス【通所介護】尼崎市宮内町1丁目23-1ヴィラベルセゾン", "url": "https://www.kaigokensaku.mhlw.go.jp/28/index.php?action_kouhyou_detail_004_kani=true&JigyosyoCd=2873013532-00&ServiceCd=150&Type=search", "url2": "https://akane-villa.com/bellesaison/day/" }, "geometry": { "type": "Point", "coordinates": [ 135.406325600000031, 34.719169300000019 ] } },
{ "type": "Feature", "properties": { "内容": "在宅ケアサービス　ソラストつかしん【通所介護】兵庫県尼崎市塚口本町4-8-1", "url": "https://www.kaigokensaku.mhlw.go.jp/28/index.php?action_kouhyou_detail_004_kani=true&JigyosyoCd=2873005132-00&ServiceCd=150&Type=search", "url2": "http://solasto-kaigo.com/care/area/solastotsukashin2.html" }, "geometry": { "type": "Point", "coordinates": [ 135.4178899, 34.7609033 ] } },
{ "type": "Feature", "properties": { "内容": "ケアパートナー尼崎【通所介護】兵庫県尼崎市下坂部1丁目9-10パインガーデンイケダ1階", "url": "https://www.kaigokensaku.mhlw.go.jp/28/index.php?action_kouhyou_detail_004_kani=true&JigyosyoCd=2873012336-00&ServiceCd=150&Type=search", "url2": "https://www.care-partner.com/" }, "geometry": { "type": "Point", "coordinates": [ 135.4352556, 34.740319900000024 ] } },
{ "type": "Feature", "properties": { "内容": "デイサービス　「あまの里」【通所介護】尼崎市下坂部3丁目２－４０", "url": "https://www.kaigokensaku.mhlw.go.jp/28/index.php?action_kouhyou_detail_004_kani=true&JigyosyoCd=2873004895-00&ServiceCd=150&Type=search", "url2": "https://www.shafuku-nijinokai.jp/" }, "geometry": { "type": "Point", "coordinates": [ 135.439942, 34.7419419 ] } },
{ "type": "Feature", "properties": { "内容": "ポシブル尼崎【通所介護】兵庫県尼崎市浜１丁目１－５８", "url": "https://www.kaigokensaku.mhlw.go.jp/28/index.php?action_kouhyou_detail_004_kani=true&JigyosyoCd=2873013441-00&ServiceCd=150&Type=search", "url2": "https://www.possible-plus.co.jp" }, "geometry": { "type": "Point", "coordinates": [ 135.439105100859422, 34.730703134087207 ] } },
{ "type": "Feature", "properties": { "内容": "リハビリデイ芦風荘尾浜事業所【通所介護】尼崎市尾浜町２丁目２０－１７フラクタス尾浜　１階", "url": "https://www.kaigokensaku.mhlw.go.jp/28/index.php?action_kouhyou_detail_004_kani=true&JigyosyoCd=2873013672-00&ServiceCd=150&Type=search", "url2": "https://www.heiseikai.or.jp/" }, "geometry": { "type": "Point", "coordinates": [ 135.418526494477476, 34.737757445713484 ] } },
{ "type": "Feature", "properties": { "内容": "癒しのデイサービス尼崎北【通所介護】兵庫県尼崎市上坂部2-26-1", "url": "https://www.kaigokensaku.mhlw.go.jp/28/index.php?action_kouhyou_detail_004_kani=true&JigyosyoCd=2873007542-00&ServiceCd=150&Type=search", "url2": "http://www.c-24.jp/home/day-amagasaki" }, "geometry": { "type": "Point", "coordinates": [ 135.427495300000032, 34.7474856 ] } },
{ "type": "Feature", "properties": { "内容": "デイサービス　のむら【通所介護】兵庫県尼崎市大物町１丁目１０－１７", "url": "https://www.kaigokensaku.mhlw.go.jp/28/index.php?action_kouhyou_detail_004_kani=true&JigyosyoCd=2873009183-00&ServiceCd=150&Type=search", "url2": "http://www.shuwakai‐nomura.or.jp/" }, "geometry": { "type": "Point", "coordinates": [ 135.4263297, 34.7145001 ] } },
{ "type": "Feature", "properties": { "内容": "ニチイケアセンター武庫之荘【通所介護】尼崎市武庫之荘東1丁目23番11号", "url": "https://www.kaigokensaku.mhlw.go.jp/28/index.php?action_kouhyou_detail_004_kani=true&JigyosyoCd=2873000968-00&ServiceCd=150&Type=search", "url2": "http://www.nichiigakkan.co.jp" }, "geometry": { "type": "Point", "coordinates": [ 135.396101300000026, 34.7566453 ] } },
{ "type": "Feature", "properties": { "内容": "入浴付デイサービス　ふくしま【通所介護】兵庫県尼崎市名神町2-4-18ディオブローネⅡ　101", "url": "https://www.kaigokensaku.mhlw.go.jp/28/index.php?action_kouhyou_detail_004_kani=true&JigyosyoCd=2873010371-00&ServiceCd=150&Type=search", "url2": "http://fukushima-day.com/" }, "geometry": { "type": "Point", "coordinates": [ 135.418979600000057, 34.7396836 ] } },
{ "type": "Feature", "properties": { "内容": "デイサービス瓦宮ガーデンクラブ【通所介護】尼崎市瓦宮2丁目22-19", "url": "https://www.kaigokensaku.mhlw.go.jp/28/index.php?action_kouhyou_detail_004_kani=true&JigyosyoCd=2873009928-00&ServiceCd=150&Type=search", "url2": "http://sugihara-spt.com" }, "geometry": { "type": "Point", "coordinates": [ 135.439223500000026, 34.7527863 ] } },
{ "type": "Feature", "properties": { "内容": "多文化共生デイサービス三和之家【通所介護】兵庫県尼崎市神田北通６丁目１６９", "url": "https://www.kaigokensaku.mhlw.go.jp/28/index.php?action_kouhyou_detail_004_kani=true&JigyosyoCd=2873012633-00&ServiceCd=150&Type=search", "url2": "https://aurora-inc.jp/" }, "geometry": { "type": "Point", "coordinates": [ 135.4091039, 34.7217713 ] } },
{ "type": "Feature", "properties": { "内容": "明石愛老園デイサービスセンター【通所介護】明石市魚住町錦が丘2丁目6番地8", "url": "https://www.kaigokensaku.mhlw.go.jp/28/index.php?action_kouhyou_detail_004_kani=true&JigyosyoCd=2872000217-00&ServiceCd=150&Type=search", "url2": "http://www.airouen.or.jp/" }, "geometry": { "type": "Point", "coordinates": [ 134.912234687033106, 34.694659267021443 ] } },
{ "type": "Feature", "properties": { "内容": "株式会社ケアネットデイサービスセンター明石【通所介護】兵庫県明石市大久保町大窪1826-14", "url": "https://www.kaigokensaku.mhlw.go.jp/28/index.php?action_kouhyou_detail_004_kani=true&JigyosyoCd=2872000738-00&ServiceCd=150&Type=search", "url2": "http://www.carenet.fujitsu.com" }, "geometry": { "type": "Point", "coordinates": [ 134.9406411, 34.6952458 ] } },
{ "type": "Feature", "properties": { "内容": "デイサービススイッチオン彗星【通所介護】兵庫県明石市二見町西二見駅前2-138", "url": "https://www.kaigokensaku.mhlw.go.jp/28/index.php?action_kouhyou_detail_004_kani=true&JigyosyoCd=2872003138-00&ServiceCd=150&Type=search", "url2": "http://switchon-s.xsrv.jp/" }, "geometry": { "type": "Point", "coordinates": [ 134.877313500000014, 34.7023784 ] } },
{ "type": "Feature", "properties": { "内容": "友愛園デイサービスセンター【通所介護】明石市大久保町大窪2603-550", "url": "https://www.kaigokensaku.mhlw.go.jp/28/index.php?action_kouhyou_detail_004_kani=true&JigyosyoCd=2872000589-00&ServiceCd=150&Type=search", "url2": "http://www.yu-ai.or.jp" }, "geometry": { "type": "Point", "coordinates": [ 134.9457909, 34.7055226 ] } },
{ "type": "Feature", "properties": { "内容": "デイサービス笑楽　西明石【通所介護】兵庫県明石市藤江889番地14ミサワコート西明石１Ｆ", "url": "https://www.kaigokensaku.mhlw.go.jp/28/index.php?action_kouhyou_detail_004_kani=true&JigyosyoCd=2872002429-00&ServiceCd=150&Type=search", "url2": "http://www.わらく.com/" }, "geometry": { "type": "Point", "coordinates": [ 134.9578007, 34.669874 ] } },
{ "type": "Feature", "properties": { "内容": "ヒューマンライフケア明石の湯【通所介護】兵庫県明石市材木町11番20号メゾンラメール1F", "url": "https://www.kaigokensaku.mhlw.go.jp/28/index.php?action_kouhyou_detail_004_kani=true&JigyosyoCd=2872003179-00&ServiceCd=150&Type=search", "url2": "https://kaigo.human-lifecare.jp/facilities/ds090_Akashi/summary.html" }, "geometry": { "type": "Point", "coordinates": [ 134.9873579, 34.645332 ] } },
{ "type": "Feature", "properties": { "内容": "協同の苑東二見デイサービス【通所介護】兵庫県明石市二見町東二見1018-2", "url": "https://www.kaigokensaku.mhlw.go.jp/28/index.php?action_kouhyou_detail_004_kani=true&JigyosyoCd=2872001256-00&ServiceCd=150&Type=search", "url2": "http://www.kyodo-no-sono.or.jp" }, "geometry": { "type": "Point", "coordinates": [ 134.88558230000001, 34.7001035 ] } },
{ "type": "Feature", "properties": { "内容": "いきいきデイサービス【通所介護】明石市沢野南町三丁目１番地の12", "url": "https://www.kaigokensaku.mhlw.go.jp/28/index.php?action_kouhyou_detail_004_kani=true&JigyosyoCd=2872001660-00&ServiceCd=150&Type=search", "url2": "http://www.familycare-yuai.com/" }, "geometry": { "type": "Point", "coordinates": [ 134.959885323007711, 34.679740745834366 ] } },
{ "type": "Feature", "properties": { "内容": "元気あっぷ大久保　デイサービスセンター【通所介護】明石市大久保町大窪１７４１－１トスト・明石　１階", "url": "https://www.kaigokensaku.mhlw.go.jp/28/index.php?action_kouhyou_detail_004_kani=true&JigyosyoCd=2872003070-00&ServiceCd=150&Type=search", "url2": "http://nishieigashima.com/genkiup/" }, "geometry": { "type": "Point", "coordinates": [ 134.942946500000062, 34.6954347 ] } },
{ "type": "Feature", "properties": { "内容": "朝霧リハビリセンター【通所介護】兵庫県明石市朝霧南町2-181-8あおばビル３階", "url": "https://www.kaigokensaku.mhlw.go.jp/28/index.php?action_kouhyou_detail_004_kani=true&JigyosyoCd=2872002262-00&ServiceCd=150&Type=search", "url2": "https://tachibanaclinic.net/" }, "geometry": { "type": "Point", "coordinates": [ 135.018094673571795, 34.645859331141104 ] } },
{ "type": "Feature", "properties": { "内容": "特別養護老人ホーム　うおずみ【通所介護】明石市魚住町金ヶ崎１６０９－９", "url": "https://www.kaigokensaku.mhlw.go.jp/28/index.php?action_kouhyou_detail_004_kani=true&JigyosyoCd=2872002296-00&ServiceCd=150&Type=search", "url2": "https://seiwakai-uozumi.com/" }, "geometry": { "type": "Point", "coordinates": [ 134.9225983, 34.7028839 ] } },
{ "type": "Feature", "properties": { "内容": "明石二見ラガールデイサービス【通所介護】明石市二見町西二見685-8", "url": "https://www.kaigokensaku.mhlw.go.jp/28/index.php?action_kouhyou_detail_004_kani=true&JigyosyoCd=2872003369-00&ServiceCd=150&Type=search", "url2": "http://www.koudoukai.or.jp/akashifutami/" }, "geometry": { "type": "Point", "coordinates": [ 134.880646500000012, 34.7027145 ] } },
{ "type": "Feature", "properties": { "内容": "元気あっぷ江井島デイサービスセンター【通所介護】兵庫県明石市大久保町西島７７４－４", "url": "https://www.kaigokensaku.mhlw.go.jp/28/index.php?action_kouhyou_detail_004_kani=true&JigyosyoCd=2872001520-00&ServiceCd=150&Type=search", "url2": "www.nishieigashima.com/dscenter/index.html" }, "geometry": { "type": "Point", "coordinates": [ 134.908545784655729, 34.684670967144335 ] } },
{ "type": "Feature", "properties": { "内容": "特別養護老人ホームペーパームーン【通所介護】兵庫県明石市二見町西二見1601-1", "url": "https://www.kaigokensaku.mhlw.go.jp/28/index.php?action_kouhyou_detail_004_kani=true&JigyosyoCd=2872000761-00&ServiceCd=150&Type=search", "url2": "http://www.p-moon.or.jp" }, "geometry": { "type": "Point", "coordinates": [ 134.880016, 34.7089722 ] } },
{ "type": "Feature", "properties": { "内容": "パナソニックエイジフリーケアセンター明石藤江・デイサービス【通所介護】兵庫県明石市藤江1054-1", "url": "https://www.kaigokensaku.mhlw.go.jp/28/index.php?action_kouhyou_detail_004_kani=true&JigyosyoCd=2872004565-00&ServiceCd=150&Type=search", "url2": null }, "geometry": { "type": "Point", "coordinates": [ 134.952829, 34.6665102 ] } },
{ "type": "Feature", "properties": { "内容": "デイサービスセンターエバーグリーンわかば【通所介護】兵庫県明石市魚住町金ヶ崎298-1", "url": "https://www.kaigokensaku.mhlw.go.jp/28/index.php?action_kouhyou_detail_004_kani=true&JigyosyoCd=2872005760-00&ServiceCd=150&Type=search", "url2": "https://www.evergreen-pj.com/" }, "geometry": { "type": "Point", "coordinates": [ 134.9266895, 34.6921576 ] } },
{ "type": "Feature", "properties": { "内容": "デイサービス千歳大久保【通所介護】兵庫県明石市大久保町八木654－3千歳大久保", "url": "https://www.kaigokensaku.mhlw.go.jp/28/index.php?action_kouhyou_detail_004_kani=true&JigyosyoCd=2872005778-00&ServiceCd=150&Type=search", "url2": "http://chitoseーkai.com" }, "geometry": { "type": "Point", "coordinates": [ 134.928345400000012, 34.6764644 ] } },
{ "type": "Feature", "properties": { "内容": "デイサービスセンターこころ【通所介護】兵庫県明石市朝霧台1162-6", "url": "https://www.kaigokensaku.mhlw.go.jp/28/index.php?action_kouhyou_detail_004_kani=true&JigyosyoCd=2872002221-00&ServiceCd=150&Type=search", "url2": "m2-dash.com" }, "geometry": { "type": "Point", "coordinates": [ 135.016829700000017, 34.6549618 ] } },
{ "type": "Feature", "properties": { "内容": "デイサービスセンター　ハートライフ大久保南【通所介護】明石市大久保町大久保町1315", "url": "https://www.kaigokensaku.mhlw.go.jp/28/index.php?action_kouhyou_detail_004_kani=true&JigyosyoCd=2872003682-00&ServiceCd=150&Type=search", "url2": "https://www.heartcaregroup.co.jp" }, "geometry": { "type": "Point", "coordinates": [ 134.939693022090182, 34.676715966056861 ] } },
{ "type": "Feature", "properties": { "内容": "げんき・もりもり藤江【通所介護】藤江1112-1", "url": "https://www.kaigokensaku.mhlw.go.jp/28/index.php?action_kouhyou_detail_004_kani=true&JigyosyoCd=2872004656-00&ServiceCd=150&Type=search", "url2": "https://getwell-jun.com/genkigroup/fujie/" }, "geometry": { "type": "Point", "coordinates": [ 134.9519473, 34.6655871 ] } },
{ "type": "Feature", "properties": { "内容": "ウェルフェア・グランデ明石【通所介護】兵庫県明石市北王子町13-41", "url": "https://www.kaigokensaku.mhlw.go.jp/28/index.php?action_kouhyou_detail_004_kani=true&JigyosyoCd=2872000308-00&ServiceCd=150&Type=search", "url2": "https://wga.or.jp/" }, "geometry": { "type": "Point", "coordinates": [ 134.982885399999986, 34.6581775 ] } },
{ "type": "Feature", "properties": { "内容": "ウェルフェア・グランデ明石デイサービスセンターきらら【通所介護】明石市王子1-15-11ロイヤルメゾン山口", "url": "https://www.kaigokensaku.mhlw.go.jp/28/index.php?action_kouhyou_detail_004_kani=true&JigyosyoCd=2872000787-00&ServiceCd=150&Type=search", "url2": "https://wga.or.jp" }, "geometry": { "type": "Point", "coordinates": [ 134.980399499999976, 34.6551943 ] } },
{ "type": "Feature", "properties": { "内容": "スプリングテラス明舞【通所介護】松が丘4-1-43", "url": "https://www.kaigokensaku.mhlw.go.jp/28/index.php?action_kouhyou_detail_004_kani=true&JigyosyoCd=2872002957-00&ServiceCd=150&Type=search", "url2": "http://www.springterrace.jp/" }, "geometry": { "type": "Point", "coordinates": [ 135.025279844180318, 34.652122621939299 ] } },
{ "type": "Feature", "properties": { "内容": "ツクイ明石二見【通所介護】明石市二見町東二見98-12", "url": "https://www.kaigokensaku.mhlw.go.jp/28/index.php?action_kouhyou_detail_004_kani=true&JigyosyoCd=2872005273-00&ServiceCd=150&Type=search", "url2": null }, "geometry": { "type": "Point", "coordinates": [ 134.890576900000013, 34.6961435 ] } },
{ "type": "Feature", "properties": { "内容": "デイサービスセンターはやしのいおり【通所介護】明石市林崎町１丁目１０－２５", "url": "https://www.kaigokensaku.mhlw.go.jp/28/index.php?action_kouhyou_detail_004_kani=true&JigyosyoCd=2872003047-00&ServiceCd=150&Type=search", "url2": null }, "geometry": { "type": "Point", "coordinates": [ 134.970026375393672, 34.649171132388034 ] } },
{ "type": "Feature", "properties": { "内容": "明石特別養護老人ホームラガール【通所介護】兵庫県明石市林崎町３丁目５４２番地３７", "url": "https://www.kaigokensaku.mhlw.go.jp/28/index.php?action_kouhyou_detail_004_kani=true&JigyosyoCd=2872001058-00&ServiceCd=150&Type=search", "url2": "http://www.koudoukai.or.jp/akashi/" }, "geometry": { "type": "Point", "coordinates": [ 134.964025799999945, 34.6499724 ] } },
{ "type": "Feature", "properties": { "内容": "デイサービス　ほのぼのの郷【通所介護】兵庫県明石市二見町東二見１８３－１", "url": "https://www.kaigokensaku.mhlw.go.jp/28/index.php?action_kouhyou_detail_004_kani=true&JigyosyoCd=2872001314-00&ServiceCd=150&Type=search", "url2": "http://www.kobe-iseikyo.or.jp/honobono" }, "geometry": { "type": "Point", "coordinates": [ 134.891769350926211, 34.698290639687883 ] } },
{ "type": "Feature", "properties": { "内容": "デイサービス楽園明石海峡【通所介護】明石市中崎一丁目１－１－１０２マリンパレス明石", "url": "https://www.kaigokensaku.mhlw.go.jp/28/index.php?action_kouhyou_detail_004_kani=true&JigyosyoCd=2872003054-00&ServiceCd=150&Type=search", "url2": "htpps://akashikaikyo.com/" }, "geometry": { "type": "Point", "coordinates": [ 135.00157, 34.6434345 ] } },
{ "type": "Feature", "properties": { "内容": "ツクイ明石江井島【通所介護】大久保町江井島字池下919-1", "url": "https://www.kaigokensaku.mhlw.go.jp/28/index.php?action_kouhyou_detail_004_kani=true&JigyosyoCd=2872005281-00&ServiceCd=150&Type=search", "url2": null }, "geometry": { "type": "Point", "coordinates": [ 134.920425279345693, 34.678302152245294 ] } },
{ "type": "Feature", "properties": { "内容": "アクティブスタジオ　リハ・リハ【通所介護】兵庫県明石市大久保町茜3丁目15-4リハリビング明石西", "url": "https://www.kaigokensaku.mhlw.go.jp/28/index.php?action_kouhyou_detail_004_kani=true&JigyosyoCd=2872004680-00&ServiceCd=150&Type=search", "url2": "https://www.reha-reha.jp/" }, "geometry": { "type": "Point", "coordinates": [ 134.934127799999942, 34.692601600000025 ] } },
{ "type": "Feature", "properties": { "内容": "かいのき【通所介護】兵庫県明石市大久保町大窪2746番1", "url": "https://www.kaigokensaku.mhlw.go.jp/28/index.php?action_kouhyou_detail_004_kani=true&JigyosyoCd=2872004938-00&ServiceCd=150&Type=search", "url2": "https://www.meioukai.com/" }, "geometry": { "type": "Point", "coordinates": [ 134.953947347680781, 34.706983941812837 ] } },
{ "type": "Feature", "properties": { "内容": "医療法人社団　佳和会　中山クリニック　デイサービスセター　スマイル・ロコ【通所介護】兵庫県明石市魚住町金ヶ崎378-8", "url": "https://www.kaigokensaku.mhlw.go.jp/28/index.php?action_kouhyou_detail_004_kani=true&JigyosyoCd=2872004912-00&ServiceCd=150&Type=search", "url2": "http://www.akashi-n-clinic.com" }, "geometry": { "type": "Point", "coordinates": [ 134.925979699999971, 34.6904537 ] } },
{ "type": "Feature", "properties": { "内容": "プライム江井ヶ島　デイサービスセンター【通所介護】明石市大久保町江井島1693-2", "url": "https://www.kaigokensaku.mhlw.go.jp/28/index.php?action_kouhyou_detail_004_kani=true&JigyosyoCd=2872001322-00&ServiceCd=150&Type=search", "url2": "http://www.wga.or.jp" }, "geometry": { "type": "Point", "coordinates": [ 134.9224011, 34.6804859 ] } },
{ "type": "Feature", "properties": { "内容": "明石大久保の風　にしがきデイサービスセンター　ゆめゆめらいふ【通所介護】兵庫県明石市大久保町西島699-1", "url": "https://www.kaigokensaku.mhlw.go.jp/28/index.php?action_kouhyou_detail_004_kani=true&JigyosyoCd=2872004011-00&ServiceCd=150&Type=search", "url2": "http://www.yumeyumelife.jp/" }, "geometry": { "type": "Point", "coordinates": [ 134.909616199999988, 34.685679 ] } },
{ "type": "Feature", "properties": { "内容": "ステップ谷八木【通所介護】兵庫県明石市大久保町谷八木123-4株式会社ライフ・プロデュース中村", "url": "https://www.kaigokensaku.mhlw.go.jp/28/index.php?action_kouhyou_detail_004_kani=true&JigyosyoCd=2872005356-00&ServiceCd=150&Type=search", "url2": null }, "geometry": { "type": "Point", "coordinates": [ 134.9456422, 34.6709139 ] } },
{ "type": "Feature", "properties": { "内容": "明石デイサービスセンター　海岸通り【通所介護】林2丁目10-13", "url": "https://www.kaigokensaku.mhlw.go.jp/28/index.php?action_kouhyou_detail_004_kani=true&JigyosyoCd=2872003732-00&ServiceCd=150&Type=search", "url2": null }, "geometry": { "type": "Point", "coordinates": [ 139.633617500000014, 35.217134 ] } },
{ "type": "Feature", "properties": { "内容": "ファミリーデイサービス魚住【通所介護】魚住町清水141", "url": "https://www.kaigokensaku.mhlw.go.jp/28/index.php?action_kouhyou_detail_004_kani=true&JigyosyoCd=2872004318-00&ServiceCd=150&Type=search", "url2": "http://familyday-akashi.com" }, "geometry": { "type": "Point", "coordinates": [ 134.905250543585879, 34.700077631688643 ] } },
{ "type": "Feature", "properties": { "内容": "明石デイサービスセンター　望海苑【通所介護】兵庫県明石市材木町３－４", "url": "https://www.kaigokensaku.mhlw.go.jp/28/index.php?action_kouhyou_detail_004_kani=true&JigyosyoCd=2872002320-00&ServiceCd=150&Type=search", "url2": "http://www3.ocn,ne.jp/^boukaien/" }, "geometry": { "type": "Point", "coordinates": [ 134.989143300000023, 34.6448283 ] } },
{ "type": "Feature", "properties": { "内容": "ニチイケアセンター明石【通所介護】明石市太寺４丁目４番３０号", "url": "https://www.kaigokensaku.mhlw.go.jp/28/index.php?action_kouhyou_detail_004_kani=true&JigyosyoCd=2872000340-00&ServiceCd=150&Type=search", "url2": "http://www.nichiigakkan.co.jp" }, "geometry": { "type": "Point", "coordinates": [ 134.999584, 34.656875 ] } },
{ "type": "Feature", "properties": { "内容": "ファミリーデイサービス【通所介護】硯町２丁目4－15グランドハイツ池田1F", "url": "https://www.kaigokensaku.mhlw.go.jp/28/index.php?action_kouhyou_detail_004_kani=true&JigyosyoCd=2872003468-00&ServiceCd=150&Type=search", "url2": "https://familyday-akashi.com" }, "geometry": { "type": "Point", "coordinates": [ 134.978971801223338, 34.650645912953351 ] } },
{ "type": "Feature", "properties": { "内容": "デイサービスセンター紅葉【通所介護】兵庫県明石市野々上1丁目12番地の21", "url": "https://www.kaigokensaku.mhlw.go.jp/28/index.php?action_kouhyou_detail_004_kani=true&JigyosyoCd=2872003575-00&ServiceCd=150&Type=search", "url2": "http://kowa-momiji.com/" }, "geometry": { "type": "Point", "coordinates": [ 134.970711100000017, 34.666877 ] } },
{ "type": "Feature", "properties": { "内容": "デイサービスセンター藤の家【通所介護】兵庫県明石市二見町西二見字中池の下653-3", "url": "https://www.kaigokensaku.mhlw.go.jp/28/index.php?action_kouhyou_detail_004_kani=true&JigyosyoCd=2872004276-00&ServiceCd=150&Type=search", "url2": "http://akashihakuho.com/Fuji.html" }, "geometry": { "type": "Point", "coordinates": [ 134.880566, 34.7047393 ] } },
{ "type": "Feature", "properties": { "内容": "社会福祉法人　円勝会　シルバーコースト甲子園　デイサービスセンター【通所介護】兵庫県西宮市枝川町17番40号", "url": "https://www.kaigokensaku.mhlw.go.jp/28/index.php?action_kouhyou_detail_004_kani=true&JigyosyoCd=2870901176-00&ServiceCd=150&Type=search", "url2": "http://www.ensyokai.com" }, "geometry": { "type": "Point", "coordinates": [ 135.358685899999955, 34.7110542 ] } },
{ "type": "Feature", "properties": { "内容": "総合福祉施設ドレミーナ夙川【通所介護】兵庫県西宮市城ヶ堀町3-18総合福祉施設ドレミーナ夙川", "url": "https://www.kaigokensaku.mhlw.go.jp/28/index.php?action_kouhyou_detail_004_kani=true&JigyosyoCd=2870903677-00&ServiceCd=150&Type=search", "url2": "http://www.doremina.jp/" }, "geometry": { "type": "Point", "coordinates": [ 135.339595, 34.742235800000017 ] } },
{ "type": "Feature", "properties": { "内容": "高須デイサービスセンター【通所介護】兵庫県西宮市高須町1丁目7-91", "url": "https://www.kaigokensaku.mhlw.go.jp/28/index.php?action_kouhyou_detail_004_kani=true&JigyosyoCd=2870900764-00&ServiceCd=150&Type=search", "url2": "http://www.akashi-keisen.com" }, "geometry": { "type": "Point", "coordinates": [ 135.373979700000064, 34.7032495 ] } },
{ "type": "Feature", "properties": { "内容": "恵泉西宮浜デイサービスセンター【通所介護】西宮市西宮浜３－７－７", "url": "https://www.kaigokensaku.mhlw.go.jp/28/index.php?action_kouhyou_detail_004_kani=true&JigyosyoCd=2870900780-00&ServiceCd=150&Type=search", "url2": "http://www.akashi-keisen.com" }, "geometry": { "type": "Point", "coordinates": [ 135.329090599999972, 34.7175034 ] } },
{ "type": "Feature", "properties": { "内容": "あずまデイサービスアカデミー【通所介護】兵庫県西宮市松原町４－１２", "url": "https://www.kaigokensaku.mhlw.go.jp/28/index.php?action_kouhyou_detail_004_kani=true&JigyosyoCd=2870901754-00&ServiceCd=150&Type=search", "url2": "http://www.azuma-cm.com" }, "geometry": { "type": "Point", "coordinates": [ 135.348130399999945, 34.7372661 ] } },
{ "type": "Feature", "properties": { "内容": "甲陽園すみれデイサービスセンター【通所介護】兵庫県西宮市神原15番65号", "url": "https://www.kaigokensaku.mhlw.go.jp/28/index.php?action_kouhyou_detail_004_kani=true&JigyosyoCd=2870902042-00&ServiceCd=150&Type=search", "url2": "http://www.sumire.or.jp/koyoen-sumire/" }, "geometry": { "type": "Point", "coordinates": [ 135.335783900000024, 34.7597246 ] } },
{ "type": "Feature", "properties": { "内容": "アネシス西宮デイサービスセンター【通所介護】西宮市柳本町8-7", "url": "https://www.kaigokensaku.mhlw.go.jp/28/index.php?action_kouhyou_detail_004_kani=true&JigyosyoCd=2870902166-00&ServiceCd=150&Type=search", "url2": "http://www.i-souseikai.jp/" }, "geometry": { "type": "Point", "coordinates": [ 135.343619600000011, 34.7478676 ] } },
{ "type": "Feature", "properties": { "内容": "メディカルケア甲子園【通所介護】兵庫県西宮市甲子園町26-14甲子園メディカルプラザ2F", "url": "https://www.kaigokensaku.mhlw.go.jp/28/index.php?action_kouhyou_detail_004_kani=true&JigyosyoCd=2870903024-00&ServiceCd=150&Type=search", "url2": "https://ndyndy.grupo.jp" }, "geometry": { "type": "Point", "coordinates": [ 135.3605452, 34.7181419 ] } },
{ "type": "Feature", "properties": { "内容": "ヒューマンライフケア甲子園の湯【通所介護】兵庫県西宮市上甲子園4丁目9-66ジークレフ上甲子園", "url": "https://www.kaigokensaku.mhlw.go.jp/28/index.php?action_kouhyou_detail_004_kani=true&JigyosyoCd=2870904386-00&ServiceCd=150&Type=search", "url2": "https://kaigo.human-lifecare.jp/facilities/ds085_Koushien/summary.html" }, "geometry": { "type": "Point", "coordinates": [ 135.363263, 34.7335514 ] } },
{ "type": "Feature", "properties": { "内容": "デイサービス笑楽　西宮名塩【通所介護】兵庫県西宮市名塩新町6番地", "url": "https://www.kaigokensaku.mhlw.go.jp/28/index.php?action_kouhyou_detail_004_kani=true&JigyosyoCd=2870905516-00&ServiceCd=150&Type=search", "url2": "http://わらく.com/" }, "geometry": { "type": "Point", "coordinates": [ 135.3101292, 34.8269997 ] } },
{ "type": "Feature", "properties": { "内容": "ABCデイサービス　粋き生き。【通所介護】兵庫県西宮市生瀬町２丁目８－１４", "url": "https://www.kaigokensaku.mhlw.go.jp/28/index.php?action_kouhyou_detail_004_kani=true&JigyosyoCd=2870905607-00&ServiceCd=150&Type=search", "url2": "http://abc-cc.jp/" }, "geometry": { "type": "Point", "coordinates": [ 135.3273054, 34.8190149 ] } },
{ "type": "Feature", "properties": { "内容": "ポラリスデイサービスセンター仁川【通所介護】兵庫県西宮市段上町6-5-7", "url": "https://www.kaigokensaku.mhlw.go.jp/28/index.php?action_kouhyou_detail_004_kani=true&JigyosyoCd=2870906068-00&ServiceCd=150&Type=search", "url2": null }, "geometry": { "type": "Point", "coordinates": [ 135.3677424, 34.7739457 ] } },
{ "type": "Feature", "properties": { "内容": "デイサービスセンター　プリューム【通所介護】上甲子園3丁目1番15号", "url": "https://www.kaigokensaku.mhlw.go.jp/28/index.php?action_kouhyou_detail_004_kani=true&JigyosyoCd=2870906084-00&ServiceCd=150&Type=search", "url2": "http://www.plume-day.co.jp/" }, "geometry": { "type": "Point", "coordinates": [ 135.366176399999972, 34.7345666 ] } },
{ "type": "Feature", "properties": { "内容": "ポラリスデイサービスセンター山口町【通所介護】兵庫県西宮市山口町上山口3丁目23-27", "url": "https://www.kaigokensaku.mhlw.go.jp/28/index.php?action_kouhyou_detail_004_kani=true&JigyosyoCd=2870907447-00&ServiceCd=150&Type=search", "url2": "www.polaris.care" }, "geometry": { "type": "Point", "coordinates": [ 135.250483799999984, 34.827459900000029 ] } },
{ "type": "Feature", "properties": { "内容": "デイサービスブロッサム【通所介護】兵庫県西宮市生瀬町20-7", "url": "https://www.kaigokensaku.mhlw.go.jp/28/index.php?action_kouhyou_detail_004_kani=true&JigyosyoCd=2870907983-00&ServiceCd=150&Type=search", "url2": null }, "geometry": { "type": "Point", "coordinates": [ 135.331054504402317, 34.819425522656765 ] } },
{ "type": "Feature", "properties": { "内容": "ポシブル甲東園【通所介護】段上町1-10-2甲東園エクセル", "url": "https://www.kaigokensaku.mhlw.go.jp/28/index.php?action_kouhyou_detail_004_kani=true&JigyosyoCd=2870908387-00&ServiceCd=150&Type=search", "url2": null }, "geometry": { "type": "Point", "coordinates": [ 135.363188900000011, 34.7679097 ] } },
{ "type": "Feature", "properties": { "内容": "ハゴロモデイサービス【通所介護】兵庫県西宮市西平町3-8-1階", "url": "https://www.kaigokensaku.mhlw.go.jp/28/index.php?action_kouhyou_detail_004_kani=true&JigyosyoCd=2870909278-00&ServiceCd=150&Type=search", "url2": "https://baby-leaf.co.jp/?page_id=2303(新しいタブで開く" }, "geometry": { "type": "Point", "coordinates": [ 135.325661599999989, 34.75557160000001 ] } },
{ "type": "Feature", "properties": { "内容": "デイサービスM'sstudio西宮若草店【通所介護】兵庫県西宮市若草町2丁目11-7アップ西宮学文ビル102号室", "url": "https://www.kaigokensaku.mhlw.go.jp/28/index.php?action_kouhyou_detail_004_kani=true&JigyosyoCd=2870909351-00&ServiceCd=150&Type=search", "url2": "https://www.dayservice-msstudio.co.jp/" }, "geometry": { "type": "Point", "coordinates": [ 135.3753621, 34.7256716 ] } },
{ "type": "Feature", "properties": { "内容": "えむデイサービスサロン【通所介護】兵庫県西宮市山口町上山口1-14-22", "url": "https://www.kaigokensaku.mhlw.go.jp/28/index.php?action_kouhyou_detail_004_kani=true&JigyosyoCd=2870909427-00&ServiceCd=150&Type=search", "url2": "https://emudayservicesalon-recruit.site/" }, "geometry": { "type": "Point", "coordinates": [ 135.250004600000011, 34.8191683 ] } },
{ "type": "Feature", "properties": { "内容": "デイサービスあんじん【通所介護】上ヶ原八番町13-33", "url": "https://www.kaigokensaku.mhlw.go.jp/28/index.php?action_kouhyou_detail_004_kani=true&JigyosyoCd=2870909666-00&ServiceCd=150&Type=search", "url2": "https://an-jin.jp/" }, "geometry": { "type": "Point", "coordinates": [ 135.3418014, 34.7651482 ] } },
{ "type": "Feature", "properties": { "内容": "甲東デイサービスセンター【通所介護】西宮市上甲東園２丁目１１－６０", "url": "https://www.kaigokensaku.mhlw.go.jp/28/index.php?action_kouhyou_detail_004_kani=true&JigyosyoCd=2870900558-00&ServiceCd=150&Type=search", "url2": "https://www.nishinomiya-fukushi.jp/" }, "geometry": { "type": "Point", "coordinates": [ 135.353449299999966, 34.7686598 ] } },
{ "type": "Feature", "properties": { "内容": "浜脇デイサービスセンター【通所介護】西宮市久保町１４－１２", "url": "https://www.kaigokensaku.mhlw.go.jp/28/index.php?action_kouhyou_detail_004_kani=true&JigyosyoCd=2870900566-00&ServiceCd=150&Type=search", "url2": "https://www.nishinomiya-fukushi.jp/" }, "geometry": { "type": "Point", "coordinates": [ 135.338909199999989, 34.7260028 ] } },
{ "type": "Feature", "properties": { "内容": "小松デイサービスセンター【通所介護】西宮市小松東町１丁目３－１０", "url": "https://www.kaigokensaku.mhlw.go.jp/28/index.php?action_kouhyou_detail_004_kani=true&JigyosyoCd=2870900624-00&ServiceCd=150&Type=search", "url2": "https://www.nishinomiya-fukushi.jp/" }, "geometry": { "type": "Point", "coordinates": [ 135.381031399999983, 34.7253451 ] } },
{ "type": "Feature", "properties": { "内容": "デイサービスセンター　フローラ武庫川レインボータウン【通所介護】高須町1-1武庫川団地12号棟201号室", "url": "https://www.kaigokensaku.mhlw.go.jp/28/index.php?action_kouhyou_detail_004_kani=true&JigyosyoCd=2870904295-00&ServiceCd=150&Type=search", "url2": "https://www.keijin-kai.com/corpration/office-list/flora/" }, "geometry": { "type": "Point", "coordinates": [ 135.369903589688079, 34.704688184665194 ] } },
{ "type": "Feature", "properties": { "内容": "ARC西宮本店【通所介護】兵庫県西宮市甲子園春風町3-27", "url": "https://www.kaigokensaku.mhlw.go.jp/28/index.php?action_kouhyou_detail_004_kani=true&JigyosyoCd=2870905532-00&ServiceCd=150&Type=search", "url2": "http://www.arataka.co.jp/" }, "geometry": { "type": "Point", "coordinates": [ 135.361595722614993, 34.730096934371218 ] } },
{ "type": "Feature", "properties": { "内容": "デイサービスセンターマタアシタ【通所介護】兵庫県西宮市室川町５－１５", "url": "https://www.kaigokensaku.mhlw.go.jp/28/index.php?action_kouhyou_detail_004_kani=true&JigyosyoCd=2870905672-00&ServiceCd=150&Type=search", "url2": "mataashita@crest.ocn.ne.jp" }, "geometry": { "type": "Point", "coordinates": [ 135.341786400000046, 34.7467427 ] } },
{ "type": "Feature", "properties": { "内容": "デイサービスセンターまたあした春風【通所介護】兵庫県西宮市甲子園春風町７－１０", "url": "https://www.kaigokensaku.mhlw.go.jp/28/index.php?action_kouhyou_detail_004_kani=true&JigyosyoCd=2870907488-00&ServiceCd=150&Type=search", "url2": null }, "geometry": { "type": "Point", "coordinates": [ 135.36317669999994, 34.730253 ] } },
{ "type": "Feature", "properties": { "内容": "和みのデイサービス四季彩【通所介護】兵庫県西宮市浜松原町1番28号", "url": "https://www.kaigokensaku.mhlw.go.jp/28/index.php?action_kouhyou_detail_004_kani=true&JigyosyoCd=2870908023-00&ServiceCd=150&Type=search", "url2": "http://marsun.jp" }, "geometry": { "type": "Point", "coordinates": [ 135.345576620237722, 34.728868448321478 ] } },
{ "type": "Feature", "properties": { "内容": "きたえるーむ西宮鳴尾【通所介護】兵庫県西宮市笠屋町13番26号", "url": "https://www.kaigokensaku.mhlw.go.jp/28/index.php?action_kouhyou_detail_004_kani=true&JigyosyoCd=2870909419-00&ServiceCd=150&Type=search", "url2": "https://kitaeroom.com/" }, "geometry": { "type": "Point", "coordinates": [ 135.3744991, 34.7143997 ] } },
{ "type": "Feature", "properties": { "内容": "リセルフデイ今津浜【通所介護】西宮市今津真砂町１番６号１０３号室今津浜パークタウン６号棟１０３号室", "url": "https://www.kaigokensaku.mhlw.go.jp/28/index.php?action_kouhyou_detail_004_kani=true&JigyosyoCd=2870909526-00&ServiceCd=150&Type=search", "url2": "https://sites.google.com/view/rsday-imaduhama" }, "geometry": { "type": "Point", "coordinates": [ 135.3497332, 34.7193248 ] } },
{ "type": "Feature", "properties": { "内容": "甲寿園通所介護事業所【通所介護】兵庫県西宮市甲山町５３番地", "url": "https://www.kaigokensaku.mhlw.go.jp/28/index.php?action_kouhyou_detail_004_kani=true&JigyosyoCd=2870900327-00&ServiceCd=150&Type=search", "url2": "https://kojyuen.jp" }, "geometry": { "type": "Point", "coordinates": [ 135.323215406745902, 34.776248945653201 ] } },
{ "type": "Feature", "properties": { "内容": "にしのみや聖徳園甲武デイサービスセンター【通所介護】西宮市段上町6丁目24番1号", "url": "https://www.kaigokensaku.mhlw.go.jp/28/index.php?action_kouhyou_detail_004_kani=true&JigyosyoCd=2870900731-00&ServiceCd=150&Type=search", "url2": "http://www.shotokuen.or.jp" }, "geometry": { "type": "Point", "coordinates": [ 135.368789600000014, 34.7733319 ] } },
{ "type": "Feature", "properties": { "内容": "今津南デイサービスセンター【通所介護】兵庫県西宮市今津巽町７番１０号", "url": "https://www.kaigokensaku.mhlw.go.jp/28/index.php?action_kouhyou_detail_004_kani=true&JigyosyoCd=2870900749-00&ServiceCd=150&Type=search", "url2": "http://www.shotokuen.or.jp" }, "geometry": { "type": "Point", "coordinates": [ 135.351372199999986, 34.721995 ] } },
{ "type": "Feature", "properties": { "内容": "デイサービスセンターメヌエット【通所介護】兵庫県西宮市浜脇町4-33", "url": "https://www.kaigokensaku.mhlw.go.jp/28/index.php?action_kouhyou_detail_004_kani=true&JigyosyoCd=2870903693-00&ServiceCd=150&Type=search", "url2": null }, "geometry": { "type": "Point", "coordinates": [ 135.3381507, 34.7316842 ] } },
{ "type": "Feature", "properties": { "内容": "リハビリデイサービス　西宮甲子園の風【通所介護】西宮市甲子園６番町１５－６シャルマン六番館１階", "url": "https://www.kaigokensaku.mhlw.go.jp/28/index.php?action_kouhyou_detail_004_kani=true&JigyosyoCd=2870904790-00&ServiceCd=150&Type=search", "url2": "http://www.yumeyumelife.jp/" }, "geometry": { "type": "Point", "coordinates": [ 135.363808968400576, 34.725045907178803 ] } },
{ "type": "Feature", "properties": { "内容": "デイサービスセンター　アリス甲子園【通所介護】兵庫県西宮市枝川町８－６８高齢者地域福祉連携施設　アリス甲子園", "url": "https://www.kaigokensaku.mhlw.go.jp/28/index.php?action_kouhyou_detail_004_kani=true&JigyosyoCd=2870905151-00&ServiceCd=150&Type=search", "url2": "http://www.toyonakafamily.jp/" }, "geometry": { "type": "Point", "coordinates": [ 135.364471699999967, 34.7082323 ] } },
{ "type": "Feature", "properties": { "内容": "ふくふく庵甲東園【通所介護】兵庫県西宮市甲東園2-6-18", "url": "https://www.kaigokensaku.mhlw.go.jp/28/index.php?action_kouhyou_detail_004_kani=true&JigyosyoCd=2870905433-00&ServiceCd=150&Type=search", "url2": "http://www.forestcareservice.co.jp/" }, "geometry": { "type": "Point", "coordinates": [ 135.362665200000038, 34.769257199999984 ] } },
{ "type": "Feature", "properties": { "内容": "第２シルバーコースト甲子園　デイサービスセンター【通所介護】兵庫県西宮市枝川町17-55", "url": "https://www.kaigokensaku.mhlw.go.jp/28/index.php?action_kouhyou_detail_004_kani=true&JigyosyoCd=2870906720-00&ServiceCd=150&Type=search", "url2": "http://www.ensyokai.com/" }, "geometry": { "type": "Point", "coordinates": [ 135.358649799999966, 34.7117902 ] } },
{ "type": "Feature", "properties": { "内容": "ローズガーデン甲子園　デイサービスセンター【通所介護】兵庫県西宮市甲子園九番町10番50号", "url": "https://www.kaigokensaku.mhlw.go.jp/28/index.php?action_kouhyou_detail_004_kani=true&JigyosyoCd=2870907025-00&ServiceCd=150&Type=search", "url2": "http://rg-koshien.toyonaka-fukushikai.com/" }, "geometry": { "type": "Point", "coordinates": [ 135.364245891401652, 34.713441542357643 ] } },
{ "type": "Feature", "properties": { "内容": "ツクイ西宮浜甲子園【通所介護】浜甲子園1-3-16", "url": "https://www.kaigokensaku.mhlw.go.jp/28/index.php?action_kouhyou_detail_004_kani=true&JigyosyoCd=2870908742-00&ServiceCd=150&Type=search", "url2": null }, "geometry": { "type": "Point", "coordinates": [ 135.3583004, 34.7134931 ] } },
{ "type": "Feature", "properties": { "内容": "ジョイリハ西宮北口【通所介護】兵庫県西宮市大屋町21-22", "url": "https://www.kaigokensaku.mhlw.go.jp/28/index.php?action_kouhyou_detail_004_kani=true&JigyosyoCd=2870910078-00&ServiceCd=150&Type=search", "url2": "https://joyreha.co.jp/shop/%e3%82%b8%e3%83%a7%e3%82%a4%e3%83%aa%e3%83%8f%e8%a5%bf%e5%ae%ae%e5%8c%97%e5%8f%a3/" }, "geometry": { "type": "Point", "coordinates": [ 135.3663257, 34.7457758 ] } },
{ "type": "Feature", "properties": { "内容": "デイサービス　ソラスト甲子園口【通所介護】兵庫県西宮市甲子園口4-7-11ロイヤルハイツ甲子園口101号", "url": "https://www.kaigokensaku.mhlw.go.jp/28/index.php?action_kouhyou_detail_004_kani=true&JigyosyoCd=2870903198-00&ServiceCd=150&Type=search", "url2": "https://solasto-kaigo.com/care/area/solastokoushienguchi2.html" }, "geometry": { "type": "Point", "coordinates": [ 135.3709566, 34.7373997 ] } },
{ "type": "Feature", "properties": { "内容": "芦原デイサービスセンター通所介護事業所【通所介護】兵庫県西宮市芦原町１番２０号", "url": "https://www.kaigokensaku.mhlw.go.jp/28/index.php?action_kouhyou_detail_004_kani=true&JigyosyoCd=2870901127-00&ServiceCd=150&Type=search", "url2": "https://www.ashiharaday.jp" }, "geometry": { "type": "Point", "coordinates": [ 135.351416200000017, 34.7410408 ] } },
{ "type": "Feature", "properties": { "内容": "特別養護老人ホーム　名塩さくら苑【通所介護】兵庫県西宮市名塩さくら台２－４４", "url": "https://www.kaigokensaku.mhlw.go.jp/28/index.php?action_kouhyou_detail_004_kani=true&JigyosyoCd=2870900681-00&ServiceCd=150&Type=search", "url2": "http://care-net.biz/28/jininkai/" }, "geometry": { "type": "Point", "coordinates": [ 135.278848299999936, 34.8356785 ] } },
{ "type": "Feature", "properties": { "内容": "香櫨園ケアセンターそよ風【通所介護】上葭原町4-21香櫨園ケアセンターそよ風", "url": "https://www.kaigokensaku.mhlw.go.jp/28/index.php?action_kouhyou_detail_004_kani=true&JigyosyoCd=2870905995-00&ServiceCd=150&Type=search", "url2": null }, "geometry": { "type": "Point", "coordinates": [ 135.32569639999997, 34.7289801 ] } },
{ "type": "Feature", "properties": { "内容": "セントケア西宮デイサービス【通所介護】兵庫県西宮市五月ヶ丘12-8", "url": "https://www.kaigokensaku.mhlw.go.jp/28/index.php?action_kouhyou_detail_004_kani=true&JigyosyoCd=2870903222-00&ServiceCd=150&Type=search", "url2": "http://www.saint-care.com/" }, "geometry": { "type": "Point", "coordinates": [ 135.3383976, 34.7585636 ] } },
{ "type": "Feature", "properties": { "内容": "ユニコの森　リハビリセンター西宮北口【通所介護】西宮市高松町18-12ユニコビル１階", "url": "https://www.kaigokensaku.mhlw.go.jp/28/index.php?action_kouhyou_detail_004_kani=true&JigyosyoCd=2870907181-00&ServiceCd=150&Type=search", "url2": "unico-nishikita.com" }, "geometry": { "type": "Point", "coordinates": [ 135.360344299999952, 34.7462609 ] } },
{ "type": "Feature", "properties": { "内容": "Tryus（トライアス西宮）【通所介護】用海町4-36", "url": "https://www.kaigokensaku.mhlw.go.jp/28/index.php?action_kouhyou_detail_004_kani=true&JigyosyoCd=2870908668-00&ServiceCd=150&Type=search", "url2": "https://tryus.jp/" }, "geometry": { "type": "Point", "coordinates": [ 135.343822671163906, 34.730398130578713 ] } },
{ "type": "Feature", "properties": { "内容": "西宮門戸の風デイサービスセンター【通所介護】兵庫県西宮市野間町５－６ドーミー西宮門戸1階", "url": "https://www.kaigokensaku.mhlw.go.jp/28/index.php?action_kouhyou_detail_004_kani=true&JigyosyoCd=2870908395-00&ServiceCd=150&Type=search", "url2": "http://www.yumeyumelife.jp" }, "geometry": { "type": "Point", "coordinates": [ 135.3603238, 34.7572245 ] } },
{ "type": "Feature", "properties": { "内容": "デイサービスセンター　ほほえみ【通所介護】兵庫県洲本市五色町鮎原鮎の郷405-9", "url": "https://www.kaigokensaku.mhlw.go.jp/28/index.php?action_kouhyou_detail_004_kani=true&JigyosyoCd=2871501306-00&ServiceCd=150&Type=search", "url2": null }, "geometry": { "type": "Point", "coordinates": [ 134.8090526, 34.390921 ] } },
{ "type": "Feature", "properties": { "内容": "あべいすとリハビリセンター【通所介護】宇原484-1", "url": "https://www.kaigokensaku.mhlw.go.jp/28/index.php?action_kouhyou_detail_004_kani=true&JigyosyoCd=2871500969-00&ServiceCd=150&Type=search", "url2": "http://abeist.jp/" }, "geometry": { "type": "Point", "coordinates": [ 134.867318387463371, 34.332339771380283 ] } },
{ "type": "Feature", "properties": { "内容": "デイサービスセンターいちごの家・楽園すもと【通所介護】兵庫県洲本市物部1丁目13-26いちごの家・楽園すもと", "url": "https://www.kaigokensaku.mhlw.go.jp/28/index.php?action_kouhyou_detail_004_kani=true&JigyosyoCd=2871501066-00&ServiceCd=150&Type=search", "url2": null }, "geometry": { "type": "Point", "coordinates": [ 134.883918300524897, 34.33622035893103 ] } },
{ "type": "Feature", "properties": { "内容": "ラガールデイサービスセンター【通所介護】兵庫県洲本市中川原安坂字屋敷９８６", "url": "https://www.kaigokensaku.mhlw.go.jp/28/index.php?action_kouhyou_detail_004_kani=true&JigyosyoCd=2871500274-00&ServiceCd=150&Type=search", "url2": "http://www.koudoukai.or.jp/sumoto/" }, "geometry": { "type": "Point", "coordinates": [ 134.8956197, 34.34242620000002 ] } },
{ "type": "Feature", "properties": { "内容": "洲本市五色地域福祉センター【通所介護】兵庫県洲本市五色町広石中90ー5", "url": "https://www.kaigokensaku.mhlw.go.jp/28/index.php?action_kouhyou_detail_004_kani=true&JigyosyoCd=2875400067-00&ServiceCd=150&Type=search", "url2": "http://www.sumoto-wel.or.jp/" }, "geometry": { "type": "Point", "coordinates": [ 134.796855328186382, 34.376660357672712 ] } },
{ "type": "Feature", "properties": { "内容": "ものべリハビリセンター【通所介護】兵庫県洲本市物部1-12-74", "url": "https://www.kaigokensaku.mhlw.go.jp/28/index.php?action_kouhyou_detail_004_kani=true&JigyosyoCd=2871501314-00&ServiceCd=150&Type=search", "url2": null }, "geometry": { "type": "Point", "coordinates": [ 134.8846643, 34.3381532 ] } },
{ "type": "Feature", "properties": { "内容": "由良総合福祉センター【通所介護】兵庫県洲本市由良１丁目6番7号", "url": "https://www.kaigokensaku.mhlw.go.jp/28/index.php?action_kouhyou_detail_004_kani=true&JigyosyoCd=2871500084-00&ServiceCd=150&Type=search", "url2": "http://sumoto-tachibana.or.jp" }, "geometry": { "type": "Point", "coordinates": [ 134.945105300000023, 34.287322 ] } },
{ "type": "Feature", "properties": { "内容": "デイサービスセンター六華【通所介護】兵庫県洲本市宇原2282", "url": "https://www.kaigokensaku.mhlw.go.jp/28/index.php?action_kouhyou_detail_004_kani=true&JigyosyoCd=2871501223-00&ServiceCd=150&Type=search", "url2": "http://www.akn-en.com" }, "geometry": { "type": "Point", "coordinates": [ 134.869579700000031, 34.3326124 ] } },
{ "type": "Feature", "properties": { "内容": "Tryus（トライアス芦屋）【通所介護】兵庫県芦屋市松ノ内町4-5アーベイン芦屋川101", "url": "https://www.kaigokensaku.mhlw.go.jp/28/index.php?action_kouhyou_detail_004_kani=true&JigyosyoCd=2871001844-00&ServiceCd=150&Type=search", "url2": "https://tryus.jp/shoplist/detail02.html" }, "geometry": { "type": "Point", "coordinates": [ 135.3019105, 34.7347344 ] } },
{ "type": "Feature", "properties": { "内容": "パナソニックエイジフリーケアセンター芦屋浜デイサービス【通所介護】兵庫県芦屋市若葉町3番2号", "url": "https://www.kaigokensaku.mhlw.go.jp/28/index.php?action_kouhyou_detail_004_kani=true&JigyosyoCd=2871001695-00&ServiceCd=150&Type=search", "url2": "https://sumai.panasonic.jp/agefree/map/detail.php?id=399" }, "geometry": { "type": "Point", "coordinates": [ 135.3137514, 34.7194349 ] } },
{ "type": "Feature", "properties": { "内容": "芦屋市立三条デイサービスセンター【通所介護】兵庫県芦屋市三条町39－20", "url": "https://www.kaigokensaku.mhlw.go.jp/28/index.php?action_kouhyou_detail_004_kani=true&JigyosyoCd=2871001794-00&ServiceCd=150&Type=search", "url2": "https://ashiya-shakyo.com/" }, "geometry": { "type": "Point", "coordinates": [ 135.292779, 34.7387932 ] } },
{ "type": "Feature", "properties": { "内容": "羽衣リハビリデイサービス【通所介護】楠町１５番７M３ビル２階", "url": "https://www.kaigokensaku.mhlw.go.jp/28/index.php?action_kouhyou_detail_004_kani=true&JigyosyoCd=2871001901-00&ServiceCd=150&Type=search", "url2": "baby-leaf.co.jp" }, "geometry": { "type": "Point", "coordinates": [ 139.612845600000014, 35.4675163 ] } },
{ "type": "Feature", "properties": { "内容": "ツクイ芦屋朝日ケ丘【通所介護】朝日ケ丘町28-20", "url": "https://www.kaigokensaku.mhlw.go.jp/28/index.php?action_kouhyou_detail_004_kani=true&JigyosyoCd=2871001851-00&ServiceCd=150&Type=search", "url2": null }, "geometry": { "type": "Point", "coordinates": [ 135.309873300000021, 34.745665100000011 ] } },
{ "type": "Feature", "properties": { "内容": "エルホーム芦屋【通所介護】芦屋市浜町１２番３号", "url": "https://www.kaigokensaku.mhlw.go.jp/28/index.php?action_kouhyou_detail_004_kani=true&JigyosyoCd=2871000168-00&ServiceCd=150&Type=search", "url2": "http://ellehome.jp" }, "geometry": { "type": "Point", "coordinates": [ 135.31668609999997, 34.7259608 ] } },
{ "type": "Feature", "properties": { "内容": "あしや聖徳園デイサービス　リーブル【通所介護】芦屋市六麓荘町3-57あしや聖徳園", "url": "https://www.kaigokensaku.mhlw.go.jp/28/index.php?action_kouhyou_detail_004_kani=true&JigyosyoCd=2871000564-00&ServiceCd=150&Type=search", "url2": "http://www.shotokuen.or.jp/project/korei/ashiya3.php" }, "geometry": { "type": "Point", "coordinates": [ 135.308959480934845, 34.749942449784221 ] } },
{ "type": "Feature", "properties": { "内容": "デイサービス陽光苑【通所介護】兵庫県芦屋市陽光町3-75", "url": "https://www.kaigokensaku.mhlw.go.jp/28/index.php?action_kouhyou_detail_004_kani=true&JigyosyoCd=2871001307-00&ServiceCd=150&Type=search", "url2": "http://www.well-seikokai.jp" }, "geometry": { "type": "Point", "coordinates": [ 135.3128441, 34.7129277 ] } },
{ "type": "Feature", "properties": { "内容": "桜十字通所介護Let`sリハ朝日ヶ丘【通所介護】松之内町73-301", "url": "https://www.kaigokensaku.mhlw.go.jp/28/index.php?action_kouhyou_detail_004_kani=true&JigyosyoCd=2871001737-00&ServiceCd=150&Type=search", "url2": "http://www.sakurajyuji.jp/" }, "geometry": { "type": "Point", "coordinates": [ 134.0518926, 34.3463251 ] } },
{ "type": "Feature", "properties": { "内容": "ARC芦屋【通所介護】打出町6-4", "url": "https://www.kaigokensaku.mhlw.go.jp/28/index.php?action_kouhyou_detail_004_kani=true&JigyosyoCd=2871001810-00&ServiceCd=150&Type=search", "url2": "http://www.arataka.co.jp/" }, "geometry": { "type": "Point", "coordinates": [ 135.32151, 34.7324375 ] } },
{ "type": "Feature", "properties": { "内容": "地域福祉センター「ハーブあしや」【通所介護】芦屋市潮見町31-1", "url": "https://www.kaigokensaku.mhlw.go.jp/28/index.php?action_kouhyou_detail_004_kani=true&JigyosyoCd=2871001877-00&ServiceCd=150&Type=search", "url2": "http://www.kirakuen.or.jp" }, "geometry": { "type": "Point", "coordinates": [ 135.3061979, 34.7162064 ] } },
{ "type": "Feature", "properties": { "内容": "ポシブル芦屋【通所介護】兵庫県芦屋市春日町23-8ベッサボーネン芦屋1F", "url": "https://www.kaigokensaku.mhlw.go.jp/28/index.php?action_kouhyou_detail_004_kani=true&JigyosyoCd=2871002016-00&ServiceCd=150&Type=search", "url2": "https://essc.co.jp/possible/" }, "geometry": { "type": "Point", "coordinates": [ 135.320086830578902, 34.734357047069032 ] } },
{ "type": "Feature", "properties": { "内容": "デイサービスセンター豊泉家芦屋山手【通所介護】兵庫県芦屋市剣谷9番地1", "url": "https://www.kaigokensaku.mhlw.go.jp/28/index.php?action_kouhyou_detail_004_kani=true&JigyosyoCd=2871001919-00&ServiceCd=150&Type=search", "url2": "https://www.housenka.com/" }, "geometry": { "type": "Point", "coordinates": [ 135.299599699999987, 34.7488259 ] } },
{ "type": "Feature", "properties": { "内容": "デイサロン椿　東芦屋【通所介護】兵庫県芦屋市東芦屋町２－１３ラグゼ芦屋　１階", "url": "https://www.kaigokensaku.mhlw.go.jp/28/index.php?action_kouhyou_detail_004_kani=true&JigyosyoCd=2871001653-00&ServiceCd=150&Type=search", "url2": "daytsubaki.jp" }, "geometry": { "type": "Point", "coordinates": [ 135.304112800000013, 34.7384172 ] } },
{ "type": "Feature", "properties": { "内容": "はつらつ空間　ゆずりは【通所介護】伊丹市南本町１丁目2-10", "url": "https://www.kaigokensaku.mhlw.go.jp/28/index.php?action_kouhyou_detail_004_kani=true&JigyosyoCd=2873302307-00&ServiceCd=150&Type=search", "url2": "www.yuzuriha.co.jp/" }, "geometry": { "type": "Point", "coordinates": [ 135.418203799999986, 34.776140500000018 ] } },
{ "type": "Feature", "properties": { "内容": "ジョイリハ昆陽池【通所介護】兵庫県伊丹市松ケ丘1丁目158", "url": "https://www.kaigokensaku.mhlw.go.jp/28/index.php?action_kouhyou_detail_004_kani=true&JigyosyoCd=2873304048-00&ServiceCd=150&Type=search", "url2": "https://joyreha.co.jp/shop/%e3%82%b8%e3%83%a7%e3%82%a4%e3%83%aa%e3%83%8f%e6%98%86%e9%99%bd%e6%b1%a0/" }, "geometry": { "type": "Point", "coordinates": [ 135.3900435, 34.7893581 ] } },
{ "type": "Feature", "properties": { "内容": "協同の苑　ケイ・メゾンときめきデイサービス【通所介護】兵庫県伊丹市森本１－８－１９", "url": "https://www.kaigokensaku.mhlw.go.jp/28/index.php?action_kouhyou_detail_004_kani=true&JigyosyoCd=2873300210-00&ServiceCd=150&Type=search", "url2": "http://www.kyodo-no-sono.or.jp" }, "geometry": { "type": "Point", "coordinates": [ 135.429252799999972, 34.7789376 ] } },
{ "type": "Feature", "properties": { "内容": "愛ケアデイサービスセンター【通所介護】兵庫県伊丹市昆陽南5－5－25リアライズ昆陽", "url": "https://www.kaigokensaku.mhlw.go.jp/28/index.php?action_kouhyou_detail_004_kani=true&JigyosyoCd=2873300996-00&ServiceCd=150&Type=search", "url2": "伊丹市愛ケアセンター" }, "geometry": { "type": "Point", "coordinates": [ 135.392684599999939, 34.7730186 ] } },
{ "type": "Feature", "properties": { "内容": "(株)北摂福祉研究所いきいき倶楽部【通所介護】兵庫県伊丹市荒牧4丁目8-6C＆Cローズガーデン　１F", "url": "https://www.kaigokensaku.mhlw.go.jp/28/index.php?action_kouhyou_detail_004_kani=true&JigyosyoCd=2873301580-00&ServiceCd=150&Type=search", "url2": "http://www.hokusetu-fukusi.co.jp" }, "geometry": { "type": "Point", "coordinates": [ 135.382209399999965, 34.812011 ] } },
{ "type": "Feature", "properties": { "内容": "あんずデイサービス伊丹【通所介護】平松４丁目2－23", "url": "https://www.kaigokensaku.mhlw.go.jp/28/index.php?action_kouhyou_detail_004_kani=true&JigyosyoCd=2873301770-00&ServiceCd=150&Type=search", "url2": "https://furea.jp" }, "geometry": { "type": "Point", "coordinates": [ 135.7762251, 34.6753461 ] } },
{ "type": "Feature", "properties": { "内容": "伊丹南野ステップアップデイサービスセンター【通所介護】伊丹市南野２丁目３－２５ラスタホール３階", "url": "https://www.kaigokensaku.mhlw.go.jp/28/index.php?action_kouhyou_detail_004_kani=true&JigyosyoCd=2873302034-00&ServiceCd=150&Type=search", "url2": "http//jigyoudan-itami-hyogo,jp/" }, "geometry": { "type": "Point", "coordinates": [ 135.408683200000013, 34.765994 ] } },
{ "type": "Feature", "properties": { "内容": "伊丹荒牧デイサービスセンター【通所介護】荒牧5丁目16-27", "url": "https://www.kaigokensaku.mhlw.go.jp/28/index.php?action_kouhyou_detail_004_kani=true&JigyosyoCd=2873302042-00&ServiceCd=150&Type=search", "url2": "http://jigyoudan-itami-hyogo.jp" }, "geometry": { "type": "Point", "coordinates": [ 135.385375899999985, 34.8101363 ] } },
{ "type": "Feature", "properties": { "内容": "コミュニティスタジオ奏音【通所介護】兵庫県伊丹市鴻池5-9-37", "url": "https://www.kaigokensaku.mhlw.go.jp/28/index.php?action_kouhyou_detail_004_kani=true&JigyosyoCd=2873302620-00&ServiceCd=150&Type=search", "url2": "http://www.smg-core-s.jp/" }, "geometry": { "type": "Point", "coordinates": [ 135.388688785844352, 34.800272504973208 ] } },
{ "type": "Feature", "properties": { "内容": "デイサービス笑楽北伊丹【通所介護】兵庫県伊丹市鋳物師3-47-1", "url": "https://www.kaigokensaku.mhlw.go.jp/28/index.php?action_kouhyou_detail_004_kani=true&JigyosyoCd=2873302992-00&ServiceCd=150&Type=search", "url2": "http://わらく.com./" }, "geometry": { "type": "Point", "coordinates": [ 135.411132100000032, 34.7979851 ] } },
{ "type": "Feature", "properties": { "内容": "デイサービス　ＪＯＹトレ【通所介護】兵庫県伊丹市荒牧南3丁目6-35", "url": "https://www.kaigokensaku.mhlw.go.jp/28/index.php?action_kouhyou_detail_004_kani=true&JigyosyoCd=2873303339-00&ServiceCd=150&Type=search", "url2": "http://www.hokusetu-fukusi.co.jp/service/joytore/" }, "geometry": { "type": "Point", "coordinates": [ 135.383552400000013, 34.8074956 ] } },
{ "type": "Feature", "properties": { "内容": "リハプライド伊丹【通所介護】兵庫県伊丹市昆陽東6-9-4", "url": "https://www.kaigokensaku.mhlw.go.jp/28/index.php?action_kouhyou_detail_004_kani=true&JigyosyoCd=2873303701-00&ServiceCd=150&Type=search", "url2": null }, "geometry": { "type": "Point", "coordinates": [ 135.4024976, 34.7743054 ] } },
{ "type": "Feature", "properties": { "内容": "伸幸苑デイサービスセンター【通所介護】兵庫県伊丹市寺本6丁目１５０番地", "url": "https://www.kaigokensaku.mhlw.go.jp/28/index.php?action_kouhyou_detail_004_kani=true&JigyosyoCd=2873300236-00&ServiceCd=150&Type=search", "url2": "http://shinkoen.jp/" }, "geometry": { "type": "Point", "coordinates": [ 135.387137700000039, 34.7807649 ] } },
{ "type": "Feature", "properties": { "内容": "あそか苑デイサービスセンター【通所介護】伊丹市中野西1丁目18番地", "url": "https://www.kaigokensaku.mhlw.go.jp/28/index.php?action_kouhyou_detail_004_kani=true&JigyosyoCd=2873300434-00&ServiceCd=150&Type=search", "url2": "http:/www.asokaen.or.jp" }, "geometry": { "type": "Point", "coordinates": [ 135.388845599999968, 34.7890889 ] } },
{ "type": "Feature", "properties": { "内容": "株式会社　恵友会　ソレイユ【通所介護】兵庫県伊丹市稲野町３丁目３番地駅前ビル1F", "url": "https://www.kaigokensaku.mhlw.go.jp/28/index.php?action_kouhyou_detail_004_kani=true&JigyosyoCd=2873300707-00&ServiceCd=150&Type=search", "url2": "http://www.masao.kiyukai@miracle.ocn.ne.jp" }, "geometry": { "type": "Point", "coordinates": [ 135.4153321, 34.7643946 ] } },
{ "type": "Feature", "properties": { "内容": "オアシス千歳デイサービスセンター【通所介護】兵庫県伊丹市中央4丁目5-6", "url": "https://www.kaigokensaku.mhlw.go.jp/28/index.php?action_kouhyou_detail_004_kani=true&JigyosyoCd=2873300814-00&ServiceCd=150&Type=search", "url2": "http://ja-oasis.com/" }, "geometry": { "type": "Point", "coordinates": [ 135.415831799999978, 34.7782846 ] } },
{ "type": "Feature", "properties": { "内容": "在宅複合型施設　ぐろ～りあ【通所介護】兵庫県伊丹市北園1丁目19番1", "url": "https://www.kaigokensaku.mhlw.go.jp/28/index.php?action_kouhyou_detail_004_kani=true&JigyosyoCd=2873301440-00&ServiceCd=150&Type=search", "url2": "http//helkyo.sub.jp/" }, "geometry": { "type": "Point", "coordinates": [ 135.416117799999938, 34.792719 ] } },
{ "type": "Feature", "properties": { "内容": "パドマ館デイサービスセンター【通所介護】伊丹市中野西１丁目108-1", "url": "https://www.kaigokensaku.mhlw.go.jp/28/index.php?action_kouhyou_detail_004_kani=true&JigyosyoCd=2873301598-00&ServiceCd=150&Type=search", "url2": "http//www.asokaen.or.jp/" }, "geometry": { "type": "Point", "coordinates": [ 135.388076299999966, 34.7881973 ] } },
{ "type": "Feature", "properties": { "内容": "SAIYOデイサービスリハビリセンター【通所介護】兵庫県伊丹市鴻池2丁目１４－５　１F", "url": "https://www.kaigokensaku.mhlw.go.jp/28/index.php?action_kouhyou_detail_004_kani=true&JigyosyoCd=2873302190-00&ServiceCd=150&Type=search", "url2": "https://saiyo-kaigo.com/" }, "geometry": { "type": "Point", "coordinates": [ 135.3888759705643, 34.796241669663566 ] } },
{ "type": "Feature", "properties": { "内容": "ありがとうデイサービス【通所介護】伊丹市南野北3丁目6-15ありがとうデイサービス", "url": "https://www.kaigokensaku.mhlw.go.jp/28/index.php?action_kouhyou_detail_004_kani=true&JigyosyoCd=2873303040-00&ServiceCd=150&Type=search", "url2": null }, "geometry": { "type": "Point", "coordinates": [ 135.400958599999967, 34.7696496 ] } },
{ "type": "Feature", "properties": { "内容": "デイサービススイッチオン伊丹【通所介護】兵庫県伊丹市鴻池3丁目16-10", "url": "https://www.kaigokensaku.mhlw.go.jp/28/index.php?action_kouhyou_detail_004_kani=true&JigyosyoCd=2873303115-00&ServiceCd=150&Type=search", "url2": "https://switchon-service.co.jp/" }, "geometry": { "type": "Point", "coordinates": [ 135.3852456, 34.7980196 ] } },
{ "type": "Feature", "properties": { "内容": "デイサービス緑ヶ丘ガーデンクラブ【通所介護】兵庫県伊丹市高台3丁目6-4", "url": "https://www.kaigokensaku.mhlw.go.jp/28/index.php?action_kouhyou_detail_004_kani=true&JigyosyoCd=2873303271-00&ServiceCd=150&Type=search", "url2": null }, "geometry": { "type": "Point", "coordinates": [ 135.412240399999973, 34.7916636 ] } },
{ "type": "Feature", "properties": { "内容": "デイサービスセンターSORA【通所介護】兵庫県伊丹市山田5丁目3-3スギ薬局2階ナッセケアビレッジ内", "url": "https://www.kaigokensaku.mhlw.go.jp/28/index.php?action_kouhyou_detail_004_kani=true&JigyosyoCd=2873303461-00&ServiceCd=150&Type=search", "url2": "http://www.necess..jp/" }, "geometry": { "type": "Point", "coordinates": [ 135.384393199999977, 34.772241 ] } },
{ "type": "Feature", "properties": { "内容": "デイサービス昆陽里ガーデンクラブ【通所介護】伊丹市山田3-5-2", "url": "https://www.kaigokensaku.mhlw.go.jp/28/index.php?action_kouhyou_detail_004_kani=true&JigyosyoCd=2873304071-00&ServiceCd=150&Type=search", "url2": "http://sugihara-spt.com" }, "geometry": { "type": "Point", "coordinates": [ 135.388346, 34.7718086 ] } },
{ "type": "Feature", "properties": { "内容": "ウェルフェアー伊丹デイサービスセンター【通所介護】兵庫県伊丹市野間北５丁目７番２０号", "url": "https://www.kaigokensaku.mhlw.go.jp/28/index.php?action_kouhyou_detail_004_kani=true&JigyosyoCd=2873300905-00&ServiceCd=150&Type=search", "url2": "http://www.wel-fare.co." }, "geometry": { "type": "Point", "coordinates": [ 135.3915098, 34.7681525 ] } },
{ "type": "Feature", "properties": { "内容": "フクユデイサービス　ほっと【通所介護】兵庫県伊丹市池尻7丁目184番地", "url": "https://www.kaigokensaku.mhlw.go.jp/28/index.php?action_kouhyou_detail_004_kani=true&JigyosyoCd=2873301150-00&ServiceCd=150&Type=search", "url2": "http://fukuyu.co.jp/" }, "geometry": { "type": "Point", "coordinates": [ 135.375603577909828, 34.780770684231285 ] } },
{ "type": "Feature", "properties": { "内容": "アール・サポートセンター和楽【通所介護】兵庫県伊丹市行基町4丁目55番地", "url": "https://www.kaigokensaku.mhlw.go.jp/28/index.php?action_kouhyou_detail_004_kani=true&JigyosyoCd=2873301713-00&ServiceCd=150&Type=search", "url2": "https://aresupport.jp/" }, "geometry": { "type": "Point", "coordinates": [ 135.408329900000012, 34.7771042 ] } },
{ "type": "Feature", "properties": { "内容": "ＡＲＣ伊丹【通所介護】兵庫県伊丹市船原2丁目4番29号", "url": "https://www.kaigokensaku.mhlw.go.jp/28/index.php?action_kouhyou_detail_004_kani=true&JigyosyoCd=2873301739-00&ServiceCd=150&Type=search", "url2": "http://www.arataka.co.jp" }, "geometry": { "type": "Point", "coordinates": [ 135.410355008087208, 34.78238012656022 ] } },
{ "type": "Feature", "properties": { "内容": "ウェルフェアー千僧デイサービスセンター【通所介護】千僧5-139千寿ビル　1F", "url": "https://www.kaigokensaku.mhlw.go.jp/28/index.php?action_kouhyou_detail_004_kani=true&JigyosyoCd=2873302265-00&ServiceCd=150&Type=search", "url2": "http://www.wel-fare.co.jp/" }, "geometry": { "type": "Point", "coordinates": [ 135.405002400000058, 34.7825758 ] } },
{ "type": "Feature", "properties": { "内容": "アトズライフ伊丹デイサービスセンター【通所介護】安堂寺町2-12アトズスクエア101", "url": "https://www.kaigokensaku.mhlw.go.jp/28/index.php?action_kouhyou_detail_004_kani=true&JigyosyoCd=2873302273-00&ServiceCd=150&Type=search", "url2": "http://hp.kaipoke.biz/35r/" }, "geometry": { "type": "Point", "coordinates": [ 135.4114687, 34.7622115 ] } },
{ "type": "Feature", "properties": { "内容": "アイリーデイサービス【通所介護】兵庫県伊丹市野間北５丁目９－１３", "url": "https://www.kaigokensaku.mhlw.go.jp/28/index.php?action_kouhyou_detail_004_kani=true&JigyosyoCd=2873303396-00&ServiceCd=150&Type=search", "url2": "http://aily.life/" }, "geometry": { "type": "Point", "coordinates": [ 135.390382544180284, 34.767798526230834 ] } },
{ "type": "Feature", "properties": { "内容": "ツクイ伊丹昆陽【通所介護】兵庫県伊丹市昆陽南1-5-48", "url": "https://www.kaigokensaku.mhlw.go.jp/28/index.php?action_kouhyou_detail_004_kani=true&JigyosyoCd=2873303651-00&ServiceCd=150&Type=search", "url2": "https://www.tsukui.net/" }, "geometry": { "type": "Point", "coordinates": [ 135.395918680287139, 34.77739084474765 ] } },
{ "type": "Feature", "properties": { "内容": "たのしみやでいいたみ【通所介護】兵庫県伊丹市昆陽3-134-1レジデンス昆陽", "url": "https://www.kaigokensaku.mhlw.go.jp/28/index.php?action_kouhyou_detail_004_kani=true&JigyosyoCd=2873303966-00&ServiceCd=150&Type=search", "url2": "https://www.heartfulcare.com/" }, "geometry": { "type": "Point", "coordinates": [ 135.400323, 34.7793539 ] } },
{ "type": "Feature", "properties": { "内容": "シェアりはデイサービス昆陽池公園【通所介護】中野東1-364", "url": "https://www.kaigokensaku.mhlw.go.jp/28/index.php?action_kouhyou_detail_004_kani=true&JigyosyoCd=2873303974-00&ServiceCd=150&Type=search", "url2": null }, "geometry": { "type": "Point", "coordinates": [ 135.3903195, 34.7902608 ] } },
{ "type": "Feature", "properties": { "内容": "癒しのデイサービス伊丹【通所介護】兵庫県伊丹市東野4-28-1-1階", "url": "https://www.kaigokensaku.mhlw.go.jp/28/index.php?action_kouhyou_detail_004_kani=true&JigyosyoCd=2873301283-00&ServiceCd=150&Type=search", "url2": "http://www.riei.co.jp" }, "geometry": { "type": "Point", "coordinates": [ 135.402077299999974, 34.8034122 ] } },
{ "type": "Feature", "properties": { "内容": "リハビリデイサービス伊丹【通所介護】兵庫県伊丹市東野4-28-1-2階", "url": "https://www.kaigokensaku.mhlw.go.jp/28/index.php?action_kouhyou_detail_004_kani=true&JigyosyoCd=2873301697-00&ServiceCd=150&Type=search", "url2": "http://www.riei.co.jp" }, "geometry": { "type": "Point", "coordinates": [ 135.402077299999974, 34.8034122 ] } },
{ "type": "Feature", "properties": { "内容": "Tryus（トライアス伊丹）【通所介護】兵庫県伊丹市荒牧南3-3-13", "url": "https://www.kaigokensaku.mhlw.go.jp/28/index.php?action_kouhyou_detail_004_kani=true&JigyosyoCd=2873303636-00&ServiceCd=150&Type=search", "url2": "https://tryus.jp/shoplist/detail05.html" }, "geometry": { "type": "Point", "coordinates": [ 135.3831926, 34.8067583 ] } },
{ "type": "Feature", "properties": { "内容": "あすなろリハビリスタジオ相生店【通所介護】兵庫県相生市緑ヶ丘1丁目14-5", "url": "https://www.kaigokensaku.mhlw.go.jp/28/index.php?action_kouhyou_detail_004_kani=true&JigyosyoCd=2874200500-00&ServiceCd=150&Type=search", "url2": "http://www.yume-reha.co.jp/" }, "geometry": { "type": "Point", "coordinates": [ 134.454080551017, 34.818345340603102 ] } },
{ "type": "Feature", "properties": { "内容": "こすもす倶楽部デイサービスセンター【通所介護】兵庫県相生市野瀬1375番地の1", "url": "https://www.kaigokensaku.mhlw.go.jp/28/index.php?action_kouhyou_detail_004_kani=true&JigyosyoCd=2874200146-00&ServiceCd=150&Type=search", "url2": "http://www.aioi-cosmos.com/" }, "geometry": { "type": "Point", "coordinates": [ 134.48334890000001, 34.7877418 ] } },
{ "type": "Feature", "properties": { "内容": "デイサービス　ハートの木【通所介護】兵庫県豊岡市中央町7-11", "url": "https://www.kaigokensaku.mhlw.go.jp/28/index.php?action_kouhyou_detail_004_kani=true&JigyosyoCd=2874401504-00&ServiceCd=150&Type=search", "url2": "https://www.facebook.com/profile.php?id=61578838457602" }, "geometry": { "type": "Point", "coordinates": [ 134.824553976721177, 35.543321235101061 ] } },
{ "type": "Feature", "properties": { "内容": "デイサービスセンターとよおかの里【通所介護】豊岡市香住１２７２番地", "url": "https://www.kaigokensaku.mhlw.go.jp/28/index.php?action_kouhyou_detail_004_kani=true&JigyosyoCd=2874400324-00&ServiceCd=150&Type=search", "url2": "http://shotokukai.jan-jan.net/" }, "geometry": { "type": "Point", "coordinates": [ 134.8590034, 35.5199561 ] } },
{ "type": "Feature", "properties": { "内容": "加陽いちごの里【通所介護】兵庫県豊岡市加陽659番地", "url": "https://www.kaigokensaku.mhlw.go.jp/28/index.php?action_kouhyou_detail_004_kani=true&JigyosyoCd=2874400787-00&ServiceCd=150&Type=search", "url2": "http://www.h-kounotori.com/day-service/" }, "geometry": { "type": "Point", "coordinates": [ 134.827784400000041, 35.5062874 ] } },
{ "type": "Feature", "properties": { "内容": "デイサビスセンター豊岡やなぎの里【通所介護】兵庫県豊岡市塩津町2-36", "url": "https://www.kaigokensaku.mhlw.go.jp/28/index.php?action_kouhyou_detail_004_kani=true&JigyosyoCd=2874401140-00&ServiceCd=150&Type=search", "url2": "http://www.h-kounotori.com<biz_yanagi" }, "geometry": { "type": "Point", "coordinates": [ 134.828075200000058, 35.5335765 ] } },
{ "type": "Feature", "properties": { "内容": "出石ｸﾞﾗﾝﾄﾞﾎﾃﾙ機能訓練特化型ﾃﾞｲｻｰﾋﾞｽ【通所介護】兵庫県豊岡市出石町福住450", "url": "https://www.kaigokensaku.mhlw.go.jp/28/index.php?action_kouhyou_detail_004_kani=true&JigyosyoCd=2874401900-00&ServiceCd=150&Type=search", "url2": "http://www.minaminokai.or.jp" }, "geometry": { "type": "Point", "coordinates": [ 134.86562330000001, 35.4625296 ] } },
{ "type": "Feature", "properties": { "内容": "デイサービスセンターここのか【通所介護】兵庫県豊岡市九日市上町785番地", "url": "https://www.kaigokensaku.mhlw.go.jp/28/index.php?action_kouhyou_detail_004_kani=true&JigyosyoCd=2874401538-00&ServiceCd=150&Type=search", "url2": "http://www.aso.or.jp/" }, "geometry": { "type": "Point", "coordinates": [ 134.818621200000052, 35.5154614 ] } },
{ "type": "Feature", "properties": { "内容": "高齢者デイサービスセンター楓の杜【通所介護】兵庫県豊岡市竹野町林６００番地", "url": "https://www.kaigokensaku.mhlw.go.jp/28/index.php?action_kouhyou_detail_004_kani=true&JigyosyoCd=2874401017-00&ServiceCd=150&Type=search", "url2": "http://toyooka-saika.or.jp/" }, "geometry": { "type": "Point", "coordinates": [ 134.747895400000061, 35.5986712 ] } },
{ "type": "Feature", "properties": { "内容": "ＪＡたじま豊岡東デイサービスセンター【通所介護】兵庫県豊岡市大篠岡962-2", "url": "https://www.kaigokensaku.mhlw.go.jp/28/index.php?action_kouhyou_detail_004_kani=true&JigyosyoCd=2874400258-00&ServiceCd=150&Type=search", "url2": "http://www.ja-tajima.or.jp/" }, "geometry": { "type": "Point", "coordinates": [ 134.839274400000022, 35.5284021 ] } },
{ "type": "Feature", "properties": { "内容": "豊岡市社会福祉協議会竹野デイサービスセンター【通所介護】兵庫県豊岡市竹野町須谷４８０番地の４", "url": "https://www.kaigokensaku.mhlw.go.jp/28/index.php?action_kouhyou_detail_004_kani=true&JigyosyoCd=2874400613-00&ServiceCd=150&Type=search", "url2": "http://www.toyooka-wel.jp" }, "geometry": { "type": "Point", "coordinates": [ 134.756299099999978, 35.6402306 ] } },
{ "type": "Feature", "properties": { "内容": "豊岡市社会福祉協議会日高西デイサービスセンター【通所介護】兵庫県豊岡市日高町頃垣40", "url": "https://www.kaigokensaku.mhlw.go.jp/28/index.php?action_kouhyou_detail_004_kani=true&JigyosyoCd=2874400688-00&ServiceCd=150&Type=search", "url2": "http://www.toyooka-wel.jp" }, "geometry": { "type": "Point", "coordinates": [ 134.718670100000054, 35.4770423 ] } },
{ "type": "Feature", "properties": { "内容": "豊岡市社会福祉協議会　日高東デイサービスセンター【通所介護】兵庫県豊岡市日高町堀809日高東部健康福祉センター内", "url": "https://www.kaigokensaku.mhlw.go.jp/28/index.php?action_kouhyou_detail_004_kani=true&JigyosyoCd=2874400696-00&ServiceCd=150&Type=search", "url2": "http://www.toyooka-wel.jp" }, "geometry": { "type": "Point", "coordinates": [ 134.7994215, 35.4897475 ] } },
{ "type": "Feature", "properties": { "内容": "豊岡市社会福祉協議会但東デイサービスセンター【通所介護】兵庫県豊岡市但東町出合433-1", "url": "https://www.kaigokensaku.mhlw.go.jp/28/index.php?action_kouhyou_detail_004_kani=true&JigyosyoCd=2874400761-00&ServiceCd=150&Type=search", "url2": "http://www.toyooka-wel.jp" }, "geometry": { "type": "Point", "coordinates": [ 134.947355199999947, 35.4714635 ] } },
{ "type": "Feature", "properties": { "内容": "でいさ～びす豊岡げんき村【通所介護】兵庫県豊岡市正法寺611-3", "url": "https://www.kaigokensaku.mhlw.go.jp/28/index.php?action_kouhyou_detail_004_kani=true&JigyosyoCd=2874400829-00&ServiceCd=150&Type=search", "url2": null }, "geometry": { "type": "Point", "coordinates": [ 134.81229350000001, 35.5408172 ] } },
{ "type": "Feature", "properties": { "内容": "デイサービスセンター楽々むら【通所介護】兵庫県豊岡市城崎町楽々浦深原４１９番１", "url": "https://www.kaigokensaku.mhlw.go.jp/28/index.php?action_kouhyou_detail_004_kani=true&JigyosyoCd=2874400902-00&ServiceCd=150&Type=search", "url2": "http://www.amanoho.com/" }, "geometry": { "type": "Point", "coordinates": [ 134.8213336, 35.6176702 ] } },
{ "type": "Feature", "properties": { "内容": "豊岡の風デイサービスセンター　ゆめゆめらいふ【通所介護】兵庫県豊岡市若松町7番25号", "url": "https://www.kaigokensaku.mhlw.go.jp/28/index.php?action_kouhyou_detail_004_kani=true&JigyosyoCd=2874401280-00&ServiceCd=150&Type=search", "url2": "yumeyumelife.jp" }, "geometry": { "type": "Point", "coordinates": [ 134.81441940000002, 35.5497611 ] } },
{ "type": "Feature", "properties": { "内容": "デイサービスセンター出石荘【通所介護】豊岡市出石町福住字赤坂1301", "url": "https://www.kaigokensaku.mhlw.go.jp/28/index.php?action_kouhyou_detail_004_kani=true&JigyosyoCd=2874600113-00&ServiceCd=150&Type=search", "url2": "http://www.tajima-fukushien.jp/" }, "geometry": { "type": "Point", "coordinates": [ 134.864373699999987, 35.4583023 ] } },
{ "type": "Feature", "properties": { "内容": "にしがき豊岡若松町デイサービスセンター【通所介護】兵庫県豊岡市若松町１１－３", "url": "https://www.kaigokensaku.mhlw.go.jp/28/index.php?action_kouhyou_detail_004_kani=true&JigyosyoCd=2874400993-00&ServiceCd=150&Type=search", "url2": null }, "geometry": { "type": "Point", "coordinates": [ 134.814001500000018, 35.5503719 ] } },
{ "type": "Feature", "properties": { "内容": "浜の宮松竹園【通所介護】兵庫県加古川市別府町新野辺５３８－９", "url": "https://www.kaigokensaku.mhlw.go.jp/28/index.php?action_kouhyou_detail_004_kani=true&JigyosyoCd=2872201203-00&ServiceCd=150&Type=search", "url2": "http//syo-chikuen.com/" }, "geometry": { "type": "Point", "coordinates": [ 134.840394599999968, 34.7368132 ] } },
{ "type": "Feature", "properties": { "内容": "デイサービスセンター　由の郷【通所介護】兵庫県加古川市野口町長砂897-4", "url": "https://www.kaigokensaku.mhlw.go.jp/28/index.php?action_kouhyou_detail_004_kani=true&JigyosyoCd=2872201617-00&ServiceCd=150&Type=search", "url2": "http://www.nakano-dc.or.jp/yunosato/" }, "geometry": { "type": "Point", "coordinates": [ 134.839980500000024, 34.7485677 ] } },
{ "type": "Feature", "properties": { "内容": "ヒューマンライフケア加古川の湯【通所介護】兵庫県加古川市加古川町北在家516番地1エルグランデ北在家1階", "url": "https://www.kaigokensaku.mhlw.go.jp/28/index.php?action_kouhyou_detail_004_kani=true&JigyosyoCd=2872203043-00&ServiceCd=150&Type=search", "url2": "http://hlc.athuman.com/" }, "geometry": { "type": "Point", "coordinates": [ 134.830076, 34.7507897 ] } },
{ "type": "Feature", "properties": { "内容": "尾上の郷デイサービス【通所介護】兵庫県加古川市尾上町池田830-1", "url": "https://www.kaigokensaku.mhlw.go.jp/28/index.php?action_kouhyou_detail_004_kani=true&JigyosyoCd=2872201070-00&ServiceCd=150&Type=search", "url2": "http://www.onoenosato.org" }, "geometry": { "type": "Point", "coordinates": [ 134.820918600000027, 34.7400295 ] } },
{ "type": "Feature", "properties": { "内容": "デイサービスリハビリセンターagain【通所介護】兵庫県加古川市尾上町今福426-5", "url": "https://www.kaigokensaku.mhlw.go.jp/28/index.php?action_kouhyou_detail_004_kani=true&JigyosyoCd=2872204157-00&ServiceCd=150&Type=search", "url2": "http://hp.kaipoke.biz/su9/" }, "geometry": { "type": "Point", "coordinates": [ 134.8226015, 34.7526734 ] } },
{ "type": "Feature", "properties": { "内容": "デイふぁ～みん加古川【通所介護】兵庫県加古川市西神吉町大国554-1", "url": "https://www.kaigokensaku.mhlw.go.jp/28/index.php?action_kouhyou_detail_004_kani=true&JigyosyoCd=2872204637-00&ServiceCd=150&Type=search", "url2": "https://www.fukuinaho.jp" }, "geometry": { "type": "Point", "coordinates": [ 134.817397199999988, 34.7977978 ] } },
{ "type": "Feature", "properties": { "内容": "デイサービスセンターあえる加古川北【通所介護】兵庫県加古川市上荘町都台2丁目18-3", "url": "https://www.kaigokensaku.mhlw.go.jp/28/index.php?action_kouhyou_detail_004_kani=true&JigyosyoCd=2872203258-00&ServiceCd=150&Type=search", "url2": "http://www.a-lc.co.jp/" }, "geometry": { "type": "Point", "coordinates": [ 134.892175100000031, 34.8112703 ] } },
{ "type": "Feature", "properties": { "内容": "デイサービスセンターニッケつどい加古川【通所介護】加古川市加古川町本町239-1", "url": "https://www.kaigokensaku.mhlw.go.jp/28/index.php?action_kouhyou_detail_004_kani=true&JigyosyoCd=2872201328-00&ServiceCd=150&Type=search", "url2": "https://nikkecare.com/" }, "geometry": { "type": "Point", "coordinates": [ 134.827863643872092, 34.769915409098608 ] } },
{ "type": "Feature", "properties": { "内容": "デイサービス和気あいあい【通所介護】兵庫県加古川市別府町石町81－1", "url": "https://www.kaigokensaku.mhlw.go.jp/28/index.php?action_kouhyou_detail_004_kani=true&JigyosyoCd=2872203027-00&ServiceCd=150&Type=search", "url2": "http://www.lifesupporter.net" }, "geometry": { "type": "Point", "coordinates": [ 134.845394199999987, 34.7277364 ] } },
{ "type": "Feature", "properties": { "内容": "パナソニックエイジフリー加古川東デイサービス【通所介護】兵庫県加古川市平岡町二俣10番-5", "url": "https://www.kaigokensaku.mhlw.go.jp/28/index.php?action_kouhyou_detail_004_kani=true&JigyosyoCd=2872203894-00&ServiceCd=150&Type=search", "url2": null }, "geometry": { "type": "Point", "coordinates": [ 134.862344226319891, 34.737494692361608 ] } },
{ "type": "Feature", "properties": { "内容": "ドレミリハビリテーションセンター【通所介護】兵庫県加古川市別府町新野辺2086", "url": "https://www.kaigokensaku.mhlw.go.jp/28/index.php?action_kouhyou_detail_004_kani=true&JigyosyoCd=2872201104-00&ServiceCd=150&Type=search", "url2": "https://doleme.net" }, "geometry": { "type": "Point", "coordinates": [ 134.83982519999995, 34.7341996 ] } },
{ "type": "Feature", "properties": { "内容": "ドレミリハビリテーションセンター加古川北【通所介護】加古川市上荘町井ノ口390-2", "url": "https://www.kaigokensaku.mhlw.go.jp/28/index.php?action_kouhyou_detail_004_kani=true&JigyosyoCd=2872202193-00&ServiceCd=150&Type=search", "url2": "https://doleme.net" }, "geometry": { "type": "Point", "coordinates": [ 134.911867700000016, 34.8023212 ] } },
{ "type": "Feature", "properties": { "内容": "ドレミリハビリテーションセンター加古川東【通所介護】加古川市平岡町新在家1588-21アビエスメディカルモール１Ｆ", "url": "https://www.kaigokensaku.mhlw.go.jp/28/index.php?action_kouhyou_detail_004_kani=true&JigyosyoCd=2872202615-00&ServiceCd=150&Type=search", "url2": "https://doleme.net" }, "geometry": { "type": "Point", "coordinates": [ 134.871844300000021, 34.743638 ] } },
{ "type": "Feature", "properties": { "内容": "ドレミリハビリテーションセンター加古川中央【通所介護】加古川市野口町良野16-1", "url": "https://www.kaigokensaku.mhlw.go.jp/28/index.php?action_kouhyou_detail_004_kani=true&JigyosyoCd=2872202961-00&ServiceCd=150&Type=search", "url2": "https://doleme.net" }, "geometry": { "type": "Point", "coordinates": [ 134.845145689718635, 34.751287670932008 ] } },
{ "type": "Feature", "properties": { "内容": "フットライズリハビリケアセンター【通所介護】兵庫県加古川市野口町野口58-1", "url": "https://www.kaigokensaku.mhlw.go.jp/28/index.php?action_kouhyou_detail_004_kani=true&JigyosyoCd=2872204231-00&ServiceCd=150&Type=search", "url2": "https://www.footrise.jp" }, "geometry": { "type": "Point", "coordinates": [ 134.8539321, 34.7521481 ] } },
{ "type": "Feature", "properties": { "内容": "特別養護老人ホーム　こすもす園【通所介護】兵庫県加古川市神野町神野１３６－８", "url": "https://www.kaigokensaku.mhlw.go.jp/28/index.php?action_kouhyou_detail_004_kani=true&JigyosyoCd=2872200205-00&ServiceCd=150&Type=search", "url2": "http://www.nojigiku.or.jp" }, "geometry": { "type": "Point", "coordinates": [ 134.886281100000019, 34.7726822 ] } },
{ "type": "Feature", "properties": { "内容": "ポラリスデイサービスセンター加古川【通所介護】兵庫県加古川市別府町別府979-1", "url": "https://www.kaigokensaku.mhlw.go.jp/28/index.php?action_kouhyou_detail_004_kani=true&JigyosyoCd=2872204470-00&ServiceCd=150&Type=search", "url2": "https://www.polaris.care/office/detail.php?no=MTI0" }, "geometry": { "type": "Point", "coordinates": [ 134.849603800000011, 34.7320961 ] } },
{ "type": "Feature", "properties": { "内容": "ケアハウス　すこやか　デイサービス【通所介護】兵庫県加古川市野口町坂井59-1", "url": "https://www.kaigokensaku.mhlw.go.jp/28/index.php?action_kouhyou_detail_004_kani=true&JigyosyoCd=2872201146-00&ServiceCd=150&Type=search", "url2": "http://www.nojigiku.or.jp/pages/40/" }, "geometry": { "type": "Point", "coordinates": [ 134.846987050926145, 34.738059108295431 ] } },
{ "type": "Feature", "properties": { "内容": "デイサービスセンター佰楽苑【通所介護】兵庫県加古川市別府町新野辺1429番地の10", "url": "https://www.kaigokensaku.mhlw.go.jp/28/index.php?action_kouhyou_detail_004_kani=true&JigyosyoCd=2872203423-00&ServiceCd=150&Type=search", "url2": "http://seiwa-w.com/" }, "geometry": { "type": "Point", "coordinates": [ 134.835247900000013, 34.7313499 ] } },
{ "type": "Feature", "properties": { "内容": "オアシストレーニングサービス【通所介護】兵庫県加古川市野口町長砂271-6", "url": "https://www.kaigokensaku.mhlw.go.jp/28/index.php?action_kouhyou_detail_004_kani=true&JigyosyoCd=2872202748-00&ServiceCd=150&Type=search", "url2": "https://oasis-training.net/" }, "geometry": { "type": "Point", "coordinates": [ 134.847722115362302, 34.745689391377688 ] } },
{ "type": "Feature", "properties": { "内容": "みどり園デイサービス【通所介護】加古川市平岡町土山４２３－９", "url": "https://www.kaigokensaku.mhlw.go.jp/28/index.php?action_kouhyou_detail_004_kani=true&JigyosyoCd=2872200049-00&ServiceCd=150&Type=search", "url2": "http://www.taishifukushikai.org/midorien/" }, "geometry": { "type": "Point", "coordinates": [ 134.896195593670626, 34.728459698637451 ] } },
{ "type": "Feature", "properties": { "内容": "フットライズ神野リハビリケアセンター【通所介護】兵庫県加古川市神野町石守1丁目26", "url": "https://www.kaigokensaku.mhlw.go.jp/28/index.php?action_kouhyou_detail_004_kani=true&JigyosyoCd=2872204546-00&ServiceCd=150&Type=search", "url2": "https://www.footrise.jp/" }, "geometry": { "type": "Point", "coordinates": [ 134.881326754216218, 34.763390727720065 ] } },
{ "type": "Feature", "properties": { "内容": "さくらデイサービスセンター【通所介護】加古川市加古川町粟津234-7セラサス加古川　２Ｆ", "url": "https://www.kaigokensaku.mhlw.go.jp/28/index.php?action_kouhyou_detail_004_kani=true&JigyosyoCd=2872200908-00&ServiceCd=150&Type=search", "url2": "http://matsumoto-sakura.jp/" }, "geometry": { "type": "Point", "coordinates": [ 134.837202869628186, 34.763485579333555 ] } },
{ "type": "Feature", "properties": { "内容": "デイサービスセンターあえる【通所介護】加古川市野口町坂元１１２３－２", "url": "https://www.kaigokensaku.mhlw.go.jp/28/index.php?action_kouhyou_detail_004_kani=true&JigyosyoCd=2872202854-00&ServiceCd=150&Type=search", "url2": "https://www.a-lc.co.jp/" }, "geometry": { "type": "Point", "coordinates": [ 134.853220414379848, 34.756652140077286 ] } },
{ "type": "Feature", "properties": { "内容": "鶴林園デイ・センター【通所介護】兵庫県加古川市志方町細工所1086番地", "url": "https://www.kaigokensaku.mhlw.go.jp/28/index.php?action_kouhyou_detail_004_kani=true&JigyosyoCd=2872200429-00&ServiceCd=150&Type=search", "url2": "https://www.kakurinen.com" }, "geometry": { "type": "Point", "coordinates": [ 134.84136014781572, 34.839492347837641 ] } },
{ "type": "Feature", "properties": { "内容": "デイサービスセンターうららか【通所介護】別府町新野辺3033", "url": "https://www.kaigokensaku.mhlw.go.jp/28/index.php?action_kouhyou_detail_004_kani=true&JigyosyoCd=2872202482-00&ServiceCd=150&Type=search", "url2": "https://uraraka-fukushi.com/" }, "geometry": { "type": "Point", "coordinates": [ 134.83600433715668, 34.730823169218105 ] } },
{ "type": "Feature", "properties": { "内容": "デイサービスセンター　鹿児の郷【通所介護】加古川市平荘町山角251-2", "url": "https://www.kaigokensaku.mhlw.go.jp/28/index.php?action_kouhyou_detail_004_kani=true&JigyosyoCd=2872202730-00&ServiceCd=150&Type=search", "url2": "https://ftk1998.or.jp/" }, "geometry": { "type": "Point", "coordinates": [ 134.871997574066171, 34.806782078634399 ] } },
{ "type": "Feature", "properties": { "内容": "ツクイ加古川町【通所介護】兵庫県加古川市加古川町平野23－1", "url": "https://www.kaigokensaku.mhlw.go.jp/28/index.php?action_kouhyou_detail_004_kani=true&JigyosyoCd=2872204256-00&ServiceCd=150&Type=search", "url2": "https://www.tsukui.net/home-care/2398/" }, "geometry": { "type": "Point", "coordinates": [ 134.84656240000001, 34.7595879 ] } },
{ "type": "Feature", "properties": { "内容": "老人デイサービスセンター　はっぴいあかり【通所介護】加古川市山手１丁目19-4", "url": "https://www.kaigokensaku.mhlw.go.jp/28/index.php?action_kouhyou_detail_004_kani=true&JigyosyoCd=2872200387-00&ServiceCd=150&Type=search", "url2": "http://akari-fukushikai.com" }, "geometry": { "type": "Point", "coordinates": [ 134.8874505, 34.779201 ] } },
{ "type": "Feature", "properties": { "内容": "ヴィラ播磨デイサービスセンター【通所介護】兵庫県加古川市志方町成井１００番地", "url": "https://www.kaigokensaku.mhlw.go.jp/28/index.php?action_kouhyou_detail_004_kani=true&JigyosyoCd=2872200635-00&ServiceCd=150&Type=search", "url2": "https://harima.tokuyou.jp" }, "geometry": { "type": "Point", "coordinates": [ 134.803241800000023, 34.8161521 ] } },
{ "type": "Feature", "properties": { "内容": "デイサービスらいふあかり【通所介護】加古川市加古川町中津557-1らいふあかり", "url": "https://www.kaigokensaku.mhlw.go.jp/28/index.php?action_kouhyou_detail_004_kani=true&JigyosyoCd=2872202912-00&ServiceCd=150&Type=search", "url2": "https://akari-fukushikai.or.jp" }, "geometry": { "type": "Point", "coordinates": [ 134.847404200000028, 34.7777012 ] } },
{ "type": "Feature", "properties": { "内容": "あっぷるデイサービス加古川【通所介護】加古川市尾上町養田160-1", "url": "https://www.kaigokensaku.mhlw.go.jp/28/index.php?action_kouhyou_detail_004_kani=true&JigyosyoCd=2872201211-00&ServiceCd=150&Type=search", "url2": "http://www.apple-117.jp/" }, "geometry": { "type": "Point", "coordinates": [ 134.817404318910235, 34.752490195723041 ] } },
{ "type": "Feature", "properties": { "内容": "デイサービスセンター和【通所介護】平岡町新在家2333-2", "url": "https://www.kaigokensaku.mhlw.go.jp/28/index.php?action_kouhyou_detail_004_kani=true&JigyosyoCd=2872203050-00&ServiceCd=150&Type=search", "url2": "http://www.hakuaif.or.jp/index.html" }, "geometry": { "type": "Point", "coordinates": [ 134.88755679999997, 34.7436356 ] } },
{ "type": "Feature", "properties": { "内容": "せいりょう園デイサービスセンター【通所介護】兵庫県加古川市野口町長砂95-20", "url": "https://www.kaigokensaku.mhlw.go.jp/28/index.php?action_kouhyou_detail_004_kani=true&JigyosyoCd=2872200478-00&ServiceCd=150&Type=search", "url2": "http://www.seiryoen.or.jp" }, "geometry": { "type": "Point", "coordinates": [ 134.8490074, 34.7495759 ] } },
{ "type": "Feature", "properties": { "内容": "デイサービスセンター万亀園【通所介護】兵庫県加古川市野口町水足１０９－１", "url": "https://www.kaigokensaku.mhlw.go.jp/28/index.php?action_kouhyou_detail_004_kani=true&JigyosyoCd=2872200494-00&ServiceCd=150&Type=search", "url2": "http://mankien.com./category02/" }, "geometry": { "type": "Point", "coordinates": [ 134.870197687310792, 34.762267974191694 ] } },
{ "type": "Feature", "properties": { "内容": "デイサービスセンター　おひさま【通所介護】加古川市加古川町新神野３丁目１８－２０", "url": "https://www.kaigokensaku.mhlw.go.jp/28/index.php?action_kouhyou_detail_004_kani=true&JigyosyoCd=2872202466-00&ServiceCd=150&Type=search", "url2": "https://hinode.or.jp/establishment/ohisama/" }, "geometry": { "type": "Point", "coordinates": [ 134.839416, 34.767844 ] } },
{ "type": "Feature", "properties": { "内容": "加古川さくら園　デイサービスセンター【通所介護】兵庫県加古川市東神吉町神吉1844番5", "url": "https://www.kaigokensaku.mhlw.go.jp/28/index.php?action_kouhyou_detail_004_kani=true&JigyosyoCd=2872202409-00&ServiceCd=150&Type=search", "url2": "http://www.kakogawa-sakuraen.com/" }, "geometry": { "type": "Point", "coordinates": [ 134.833263699999947, 34.8018684 ] } },
{ "type": "Feature", "properties": { "内容": "グループ華【通所介護】加古川市加古川町南備後51-7", "url": "https://www.kaigokensaku.mhlw.go.jp/28/index.php?action_kouhyou_detail_004_kani=true&JigyosyoCd=2872201872-00&ServiceCd=150&Type=search", "url2": "http://www.group-hana.jp/" }, "geometry": { "type": "Point", "coordinates": [ 134.8222184, 34.7558587 ] } },
{ "type": "Feature", "properties": { "内容": "ニチイケアセンターべふ【通所介護】兵庫県加古川市別府町新野辺北町3丁目56-1", "url": "https://www.kaigokensaku.mhlw.go.jp/28/index.php?action_kouhyou_detail_004_kani=true&JigyosyoCd=2872200783-00&ServiceCd=150&Type=search", "url2": "http://www.nichiigakkan.co.jp" }, "geometry": { "type": "Point", "coordinates": [ 134.838459577909816, 34.736680158584342 ] } },
{ "type": "Feature", "properties": { "内容": "あるこリハビリデイサービス【通所介護】兵庫県加古川市野口町野口160-6", "url": "https://www.kaigokensaku.mhlw.go.jp/28/index.php?action_kouhyou_detail_004_kani=true&JigyosyoCd=2872203860-00&ServiceCd=150&Type=search", "url2": "https://okrs.co.jp" }, "geometry": { "type": "Point", "coordinates": [ 134.859843720901495, 34.750470740630071 ] } },
{ "type": "Feature", "properties": { "内容": "ツクイ赤穂【通所介護】兵庫県赤穂市さつき町34-7", "url": "https://www.kaigokensaku.mhlw.go.jp/28/index.php?action_kouhyou_detail_004_kani=true&JigyosyoCd=2874300730-00&ServiceCd=150&Type=search", "url2": "https://www.tsukui.net" }, "geometry": { "type": "Point", "coordinates": [ 134.4033112, 34.7398749 ] } },
{ "type": "Feature", "properties": { "内容": "あすなろリハビリスタジオ赤穂店【通所介護】赤穂市農神町8-25", "url": "https://www.kaigokensaku.mhlw.go.jp/28/index.php?action_kouhyou_detail_004_kani=true&JigyosyoCd=2874300565-00&ServiceCd=150&Type=search", "url2": "http://www.yume-reha.co.jp" }, "geometry": { "type": "Point", "coordinates": [ 134.385434530024639, 34.753524444821679 ] } },
{ "type": "Feature", "properties": { "内容": "赤穂市立坂越地区　デイサービスセンターいきしま【通所介護】兵庫県赤穂市坂越2351-6", "url": "https://www.kaigokensaku.mhlw.go.jp/28/index.php?action_kouhyou_detail_004_kani=true&JigyosyoCd=2874300250-00&ServiceCd=150&Type=search", "url2": "http://www.hakuho.or.jp/" }, "geometry": { "type": "Point", "coordinates": [ 134.430113, 34.7644184 ] } },
{ "type": "Feature", "properties": { "内容": "あすなろリハビリスタジオ本店【通所介護】兵庫県赤穂市細野町780", "url": "https://www.kaigokensaku.mhlw.go.jp/28/index.php?action_kouhyou_detail_004_kani=true&JigyosyoCd=2874300656-00&ServiceCd=150&Type=search", "url2": "http://www.yume-reha.co.jp" }, "geometry": { "type": "Point", "coordinates": [ 134.403296599999976, 34.7563847 ] } },
{ "type": "Feature", "properties": { "内容": "マスターズ倶楽部【通所介護】兵庫県赤穂市加里屋45-1", "url": "https://www.kaigokensaku.mhlw.go.jp/28/index.php?action_kouhyou_detail_004_kani=true&JigyosyoCd=2874300698-00&ServiceCd=150&Type=search", "url2": "https://www.hakuho.or.jp/ako/genbukai/masters/wp/" }, "geometry": { "type": "Point", "coordinates": [ 134.394098900000017, 34.752701 ] } },
{ "type": "Feature", "properties": { "内容": "デイサービスセンター　千種の苑【通所介護】兵庫県赤穂市東有年664番地１", "url": "https://www.kaigokensaku.mhlw.go.jp/28/index.php?action_kouhyou_detail_004_kani=true&JigyosyoCd=2874300169-00&ServiceCd=150&Type=search", "url2": "http://www.shunjyukai.or.jp/" }, "geometry": { "type": "Point", "coordinates": [ 134.369601031213364, 34.827906159465364 ] } },
{ "type": "Feature", "properties": { "内容": "デイサービスセンターやすらぎ【通所介護】兵庫県赤穂市古浜町57番地", "url": "https://www.kaigokensaku.mhlw.go.jp/28/index.php?action_kouhyou_detail_004_kani=true&JigyosyoCd=2874300185-00&ServiceCd=150&Type=search", "url2": "http://www.sakuradanifukushikai.com/" }, "geometry": { "type": "Point", "coordinates": [ 134.37578510000003, 34.7603638 ] } },
{ "type": "Feature", "properties": { "内容": "はくほう会デイサービスセンター【通所介護】兵庫県赤穂市加里屋字岩２９０－２８", "url": "https://www.kaigokensaku.mhlw.go.jp/28/index.php?action_kouhyou_detail_004_kani=true&JigyosyoCd=2874300318-00&ServiceCd=150&Type=search", "url2": "http://www.hakuho.or.jp" }, "geometry": { "type": "Point", "coordinates": [ 134.392586905379517, 34.756955582337724 ] } },
{ "type": "Feature", "properties": { "内容": "デイサービスシャイン上郡【通所介護】兵庫県赤穂市上郡町竹万381-5シャイン上郡", "url": "https://www.kaigokensaku.mhlw.go.jp/28/index.php?action_kouhyou_detail_004_kani=true&JigyosyoCd=2873900332-00&ServiceCd=150&Type=search", "url2": null }, "geometry": { "type": "Point", "coordinates": [ 134.359898, 34.864517 ] } },
{ "type": "Feature", "properties": { "内容": "デイサービス　しおさい【通所介護】兵庫県赤穂市元沖町132番地", "url": "https://www.kaigokensaku.mhlw.go.jp/28/index.php?action_kouhyou_detail_004_kani=true&JigyosyoCd=2874300193-00&ServiceCd=150&Type=search", "url2": null }, "geometry": { "type": "Point", "coordinates": [ 134.402817, 34.7356307 ] } },
{ "type": "Feature", "properties": { "内容": "デイサービスセンター　惣門の家【通所介護】兵庫県赤穂市惣門町２４", "url": "https://www.kaigokensaku.mhlw.go.jp/28/index.php?action_kouhyou_detail_004_kani=true&JigyosyoCd=2874300649-00&ServiceCd=150&Type=search", "url2": null }, "geometry": { "type": "Point", "coordinates": [ 134.384594500000048, 34.7553156 ] } },
{ "type": "Feature", "properties": { "内容": "デイサービスのむらスタジオ【通所介護】西脇市野村町1257－1", "url": "https://www.kaigokensaku.mhlw.go.jp/28/index.php?action_kouhyou_detail_004_kani=true&JigyosyoCd=2871800716-00&ServiceCd=150&Type=search", "url2": "https://seihoukai-grp.jp/" }, "geometry": { "type": "Point", "coordinates": [ 134.9631568, 34.9719664 ] } },
{ "type": "Feature", "properties": { "内容": "桜丘デイサービスセンター【通所介護】兵庫県西脇市黒田庄町田高313-294", "url": "https://www.kaigokensaku.mhlw.go.jp/28/index.php?action_kouhyou_detail_004_kani=true&JigyosyoCd=2871800302-00&ServiceCd=150&Type=search", "url2": null }, "geometry": { "type": "Point", "coordinates": [ 134.994110399999954, 35.0557188 ] } },
{ "type": "Feature", "properties": { "内容": "デイサービスセンター　ナオミ館【通所介護】兵庫県西脇市八坂町213-1", "url": "https://www.kaigokensaku.mhlw.go.jp/28/index.php?action_kouhyou_detail_004_kani=true&JigyosyoCd=2871800138-00&ServiceCd=150&Type=search", "url2": "http://www.migiwa.or.jp/" }, "geometry": { "type": "Point", "coordinates": [ 134.945492849073815, 34.965947124858999 ] } },
{ "type": "Feature", "properties": { "内容": "社会福祉法人　正峰会　デイサービスセンターこもれび庵【通所介護】兵庫県西脇市蒲江551-1", "url": "https://www.kaigokensaku.mhlw.go.jp/28/index.php?action_kouhyou_detail_004_kani=true&JigyosyoCd=2871800658-00&ServiceCd=150&Type=search", "url2": "http://www.seihoukai.com/" }, "geometry": { "type": "Point", "coordinates": [ 134.987586700000065, 35.0106678 ] } },
{ "type": "Feature", "properties": { "内容": "楽寿園デイサービスセンター【通所介護】兵庫県西脇市前島町２６０－１", "url": "https://www.kaigokensaku.mhlw.go.jp/28/index.php?action_kouhyou_detail_004_kani=true&JigyosyoCd=2871800120-00&ServiceCd=150&Type=search", "url2": "https://rakujuen.net/" }, "geometry": { "type": "Point", "coordinates": [ 134.961934644705252, 35.024061675537794 ] } },
{ "type": "Feature", "properties": { "内容": "元気あっぷ西脇デイサービスセンター【通所介護】兵庫県西脇市小坂町字丁田２２５番地の9", "url": "https://www.kaigokensaku.mhlw.go.jp/28/index.php?action_kouhyou_detail_004_kani=true&JigyosyoCd=2871800443-00&ServiceCd=150&Type=search", "url2": "http://www.ono-hp.eikokai1996.or.jp" }, "geometry": { "type": "Point", "coordinates": [ 134.960961, 34.997446 ] } },
{ "type": "Feature", "properties": { "内容": "特別養護老人ホームオンベリーコ　デイサービスセンター【通所介護】兵庫県西脇市上比延町１４２２－１４", "url": "https://www.kaigokensaku.mhlw.go.jp/28/index.php?action_kouhyou_detail_004_kani=true&JigyosyoCd=2871800377-00&ServiceCd=150&Type=search", "url2": "https://seihoukai-grp.jp/fukushi" }, "geometry": { "type": "Point", "coordinates": [ 135.016014600000062, 35.0036251 ] } },
{ "type": "Feature", "properties": { "内容": "デイサービスセンターときの郷【通所介護】西脇273", "url": "https://www.kaigokensaku.mhlw.go.jp/28/index.php?action_kouhyou_detail_004_kani=true&JigyosyoCd=2871800260-00&ServiceCd=150&Type=search", "url2": null }, "geometry": { "type": "Point", "coordinates": [ 134.969354900000013, 34.9933877 ] } },
{ "type": "Feature", "properties": { "内容": "真心デイサービス【通所介護】中山寺２丁目８－１カルム中山２０５号", "url": "https://www.kaigokensaku.mhlw.go.jp/28/index.php?action_kouhyou_detail_004_kani=true&JigyosyoCd=2871102501-00&ServiceCd=150&Type=search", "url2": "http://hp.kaipoke.biz/95p/" }, "geometry": { "type": "Point", "coordinates": [ 135.368990899999972, 34.8197957 ] } },
{ "type": "Feature", "properties": { "内容": "あそか苑あやな中山寺デイサービスセンター【通所介護】兵庫県宝塚市三笠町6-21彩那テラス中山寺１Ｆ", "url": "https://www.kaigokensaku.mhlw.go.jp/28/index.php?action_kouhyou_detail_004_kani=true&JigyosyoCd=2871102758-00&ServiceCd=150&Type=search", "url2": "http://www.asokaen.or.jp" }, "geometry": { "type": "Point", "coordinates": [ 135.369424500000036, 34.812621600000014 ] } },
{ "type": "Feature", "properties": { "内容": "デイサービスセンター宝塚清光苑【通所介護】仁川団地4-15", "url": "https://www.kaigokensaku.mhlw.go.jp/28/index.php?action_kouhyou_detail_004_kani=true&JigyosyoCd=2871103657-00&ServiceCd=150&Type=search", "url2": "http://www.well-seikokai.jp" }, "geometry": { "type": "Point", "coordinates": [ 135.350524700000051, 34.7814211 ] } },
{ "type": "Feature", "properties": { "内容": "特別養護老人ホーム宝塚シニアコミュニティ　通所介護【通所介護】兵庫県宝塚市大原野字南穴虫1-253", "url": "https://www.kaigokensaku.mhlw.go.jp/28/index.php?action_kouhyou_detail_004_kani=true&JigyosyoCd=2871100133-00&ServiceCd=150&Type=search", "url2": "http://www.yoneda-hospital.com/takaraduka/" }, "geometry": { "type": "Point", "coordinates": [ 135.305594299999939, 34.9008579 ] } },
{ "type": "Feature", "properties": { "内容": "安倉デイサービスセンター【通所介護】兵庫県宝塚市安倉西2丁目１－２", "url": "https://www.kaigokensaku.mhlw.go.jp/28/index.php?action_kouhyou_detail_004_kani=true&JigyosyoCd=2871100265-00&ServiceCd=150&Type=search", "url2": null }, "geometry": { "type": "Point", "coordinates": [ 135.3694315, 34.7992141 ] } },
{ "type": "Feature", "properties": { "内容": "花屋敷デイサービスセンター【通所介護】兵庫県宝塚市切畑字長尾山5-321", "url": "https://www.kaigokensaku.mhlw.go.jp/28/index.php?action_kouhyou_detail_004_kani=true&JigyosyoCd=2871100315-00&ServiceCd=150&Type=search", "url2": "http://www.seirei.or.jp/elderlyhome/hanayashiki/" }, "geometry": { "type": "Point", "coordinates": [ 135.3959797, 34.8399887 ] } },
{ "type": "Feature", "properties": { "内容": "聖隷逆瀬川デイサービスセンター【通所介護】兵庫県宝塚市中州１-９-１６", "url": "https://www.kaigokensaku.mhlw.go.jp/28/index.php?action_kouhyou_detail_004_kani=true&JigyosyoCd=2871100372-00&ServiceCd=150&Type=search", "url2": "http://www.seirei.or.jp/hq/" }, "geometry": { "type": "Point", "coordinates": [ 135.350591, 34.8016423 ] } },
{ "type": "Feature", "properties": { "内容": "ARC宝塚【通所介護】月見山２丁目２番３９号", "url": "https://www.kaigokensaku.mhlw.go.jp/28/index.php?action_kouhyou_detail_004_kani=true&JigyosyoCd=2871102261-00&ServiceCd=150&Type=search", "url2": "http://arataka.co.jp/" }, "geometry": { "type": "Point", "coordinates": [ 135.335582700000032, 34.8109186 ] } },
{ "type": "Feature", "properties": { "内容": "ここちリハビリセンター宝塚南【通所介護】安倉南２-１５-４", "url": "https://www.kaigokensaku.mhlw.go.jp/28/index.php?action_kouhyou_detail_004_kani=true&JigyosyoCd=2871102972-00&ServiceCd=150&Type=search", "url2": "http://www.bloomingsmile.jp/" }, "geometry": { "type": "Point", "coordinates": [ 135.376910400000043, 34.7954433 ] } },
{ "type": "Feature", "properties": { "内容": "エルケア株式会社デイサ－ビス宝塚【通所介護】兵庫県宝塚市栄町1-11-5ジョイフローラ1Ｆ", "url": "https://www.kaigokensaku.mhlw.go.jp/28/index.php?action_kouhyou_detail_004_kani=true&JigyosyoCd=2871103285-00&ServiceCd=150&Type=search", "url2": "http://l-care.jp" }, "geometry": { "type": "Point", "coordinates": [ 135.347453303982547, 34.809752074324734 ] } },
{ "type": "Feature", "properties": { "内容": "ポラリスデイサービスセンター山手台【通所介護】兵庫県宝塚市山手台西3-3-1", "url": "https://www.kaigokensaku.mhlw.go.jp/28/index.php?action_kouhyou_detail_004_kani=true&JigyosyoCd=2871103988-00&ServiceCd=150&Type=search", "url2": "www.polaris.care" }, "geometry": { "type": "Point", "coordinates": [ 135.3778453, 34.8337455 ] } },
{ "type": "Feature", "properties": { "内容": "ポラリスデイサービスセンター旭町【通所介護】兵庫県宝塚市旭町3丁目9-1ポラリス本社ビル1F", "url": "https://www.kaigokensaku.mhlw.go.jp/28/index.php?action_kouhyou_detail_004_kani=true&JigyosyoCd=2871104192-00&ServiceCd=150&Type=search", "url2": "https://www.polaris.care/" }, "geometry": { "type": "Point", "coordinates": [ 135.3567099, 34.805922 ] } },
{ "type": "Feature", "properties": { "内容": "ポラリスデイサービスセンター逆瀬川【通所介護】兵庫県宝塚市逆瀬川2－2－5アリビオ逆瀬川１F", "url": "https://www.kaigokensaku.mhlw.go.jp/28/index.php?action_kouhyou_detail_004_kani=true&JigyosyoCd=2871104366-00&ServiceCd=150&Type=search", "url2": "https://www.polaris.care/office/detail.php?no=MTA4" }, "geometry": { "type": "Point", "coordinates": [ 135.350657405526704, 34.796918681012023 ] } },
{ "type": "Feature", "properties": { "内容": "宝塚医療生協デイサービスひだまり【通所介護】兵庫県宝塚市高松町5-10", "url": "https://www.kaigokensaku.mhlw.go.jp/28/index.php?action_kouhyou_detail_004_kani=true&JigyosyoCd=2871104465-00&ServiceCd=150&Type=search", "url2": "www.takarazuka-mcoop.net" }, "geometry": { "type": "Point", "coordinates": [ 135.3676323, 34.7906539 ] } },
{ "type": "Feature", "properties": { "内容": "ポシブル宝塚中山寺【通所介護】兵庫県宝塚市三笠町4-17南ビル", "url": "https://www.kaigokensaku.mhlw.go.jp/28/index.php?action_kouhyou_detail_004_kani=true&JigyosyoCd=2871104762-00&ServiceCd=150&Type=search", "url2": "https://essc.co.jp/" }, "geometry": { "type": "Point", "coordinates": [ 135.3682613, 34.8132839 ] } },
{ "type": "Feature", "properties": { "内容": "ポラリスデイサービスセンター逆瀬川Ⅱ【通所介護】伊孑志3-2-30逆瀬川メディカルステージ3F", "url": "https://www.kaigokensaku.mhlw.go.jp/28/index.php?action_kouhyou_detail_004_kani=true&JigyosyoCd=2871104820-00&ServiceCd=150&Type=search", "url2": "https://www.polaris.care/office/detail.php?no=MTI5" }, "geometry": { "type": "Point", "coordinates": [ 135.3287271, 34.8054856 ] } },
{ "type": "Feature", "properties": { "内容": "社会福祉法人　聖隷福祉事業団　聖隷逆瀬台デイサービスセンター【通所介護】宝塚市逆瀬台６－１－２", "url": "https://www.kaigokensaku.mhlw.go.jp/28/index.php?action_kouhyou_detail_004_kani=true&JigyosyoCd=2871100331-00&ServiceCd=150&Type=search", "url2": null }, "geometry": { "type": "Point", "coordinates": [ 135.330327799999964, 34.7939262 ] } },
{ "type": "Feature", "properties": { "内容": "宝塚あいわ苑デイサービスセンター【通所介護】兵庫県宝塚市中筋2丁目10番18号", "url": "https://www.kaigokensaku.mhlw.go.jp/28/index.php?action_kouhyou_detail_004_kani=true&JigyosyoCd=2871100562-00&ServiceCd=150&Type=search", "url2": "http://www.aijinkai.or.jp/aiwakai/index.html" }, "geometry": { "type": "Point", "coordinates": [ 135.378248399999961, 34.819671 ] } },
{ "type": "Feature", "properties": { "内容": "宝塚市社会福祉協議会　光明デイサービスセンター【通所介護】宝塚市光明町１０－２４", "url": "https://www.kaigokensaku.mhlw.go.jp/28/index.php?action_kouhyou_detail_004_kani=true&JigyosyoCd=2871101354-00&ServiceCd=150&Type=search", "url2": "http://takarazukashakyo.life.coocan.jp/" }, "geometry": { "type": "Point", "coordinates": [ 135.358259399999952, 34.790740599999985 ] } },
{ "type": "Feature", "properties": { "内容": "リハビリデイ　スマイルラボ宝塚【通所介護】兵庫県宝塚市山本南2－7－16", "url": "https://www.kaigokensaku.mhlw.go.jp/28/index.php?action_kouhyou_detail_004_kani=true&JigyosyoCd=2871104523-00&ServiceCd=150&Type=search", "url2": "http//www.smilelab-ltd.jp" }, "geometry": { "type": "Point", "coordinates": [ 135.391334, 34.817702 ] } },
{ "type": "Feature", "properties": { "内容": "デイサービススイッチオン宝塚【通所介護】兵庫県宝塚市高司5丁目2-2", "url": "https://www.kaigokensaku.mhlw.go.jp/28/index.php?action_kouhyou_detail_004_kani=true&JigyosyoCd=2871104671-00&ServiceCd=150&Type=search", "url2": "https://switchon-service.co.jp/" }, "geometry": { "type": "Point", "coordinates": [ 135.367595599999987, 34.7876219 ] } },
{ "type": "Feature", "properties": { "内容": "りはびりでいりんくたからづかあくら【通所介護】兵庫県宝塚市安倉南２丁目２－１４１F", "url": "https://www.kaigokensaku.mhlw.go.jp/28/index.php?action_kouhyou_detail_004_kani=true&JigyosyoCd=2871104911-00&ServiceCd=150&Type=search", "url2": "https://hcl-hanshin.com/rehaday-link" }, "geometry": { "type": "Point", "coordinates": [ 135.3745377, 34.7956354 ] } },
{ "type": "Feature", "properties": { "内容": "アクティブライフ中山倶楽部【通所介護】宝塚市中山台２－１７－３０", "url": "https://www.kaigokensaku.mhlw.go.jp/28/index.php?action_kouhyou_detail_004_kani=true&JigyosyoCd=2871100307-00&ServiceCd=150&Type=search", "url2": "http://www.activelife.co.jp" }, "geometry": { "type": "Point", "coordinates": [ 135.370587800000067, 34.8281226 ] } },
{ "type": "Feature", "properties": { "内容": "池ノ島デイサービスセンター【通所介護】兵庫県宝塚市泉町6番33号", "url": "https://www.kaigokensaku.mhlw.go.jp/28/index.php?action_kouhyou_detail_004_kani=true&JigyosyoCd=2871100323-00&ServiceCd=150&Type=search", "url2": "http://www.takarazuka-fukushi.or.jp" }, "geometry": { "type": "Point", "coordinates": [ 135.369473149073769, 34.809292487798231 ] } },
{ "type": "Feature", "properties": { "内容": "デイサービスセンター宝塚ちどり【通所介護】宝塚市亀井町10-30", "url": "https://www.kaigokensaku.mhlw.go.jp/28/index.php?action_kouhyou_detail_004_kani=true&JigyosyoCd=2871101503-00&ServiceCd=150&Type=search", "url2": "https://www.chidori.or.jp" }, "geometry": { "type": "Point", "coordinates": [ 135.363411700000029, 34.7930266 ] } },
{ "type": "Feature", "properties": { "内容": "株式会社恵友会ナテュール【通所介護】兵庫県宝塚市中筋８－１３－５宝塚すみれメディカルビル3Ｆ", "url": "https://www.kaigokensaku.mhlw.go.jp/28/index.php?action_kouhyou_detail_004_kani=true&JigyosyoCd=2871101883-00&ServiceCd=150&Type=search", "url2": "http://www.masao.kiyukai@miracle.ocn.ne.jp" }, "geometry": { "type": "Point", "coordinates": [ 135.374799, 34.8126079 ] } },
{ "type": "Feature", "properties": { "内容": "パナソニックエイジフリーケアセンター宝塚・デイサービス【通所介護】宝塚市高司１丁目６－１８リバーウエスト宝塚１Ｆ", "url": "https://www.kaigokensaku.mhlw.go.jp/28/index.php?action_kouhyou_detail_004_kani=true&JigyosyoCd=2871101990-00&ServiceCd=150&Type=search", "url2": "http://panasonic.co.jp/hcc/phcasv/" }, "geometry": { "type": "Point", "coordinates": [ 135.359595600000034, 34.7863911 ] } },
{ "type": "Feature", "properties": { "内容": "ポラリスデイサービスセンター中筋【通所介護】宝塚市中筋2-8-2-1F今里第3ビル", "url": "https://www.kaigokensaku.mhlw.go.jp/28/index.php?action_kouhyou_detail_004_kani=true&JigyosyoCd=2871102436-00&ServiceCd=150&Type=search", "url2": "ｈｔｔｐ//ｗｗｗ.polaris.care/" }, "geometry": { "type": "Point", "coordinates": [ 135.37628715535584, 34.820293956299679 ] } },
{ "type": "Feature", "properties": { "内容": "デイサービスセンター中山ちどり【通所介護】宝塚市中山桜台1丁目7番1号", "url": "https://www.kaigokensaku.mhlw.go.jp/28/index.php?action_kouhyou_detail_004_kani=true&JigyosyoCd=2871102543-00&ServiceCd=150&Type=search", "url2": "http://www.chidori.or.jp" }, "geometry": { "type": "Point", "coordinates": [ 135.3680213, 34.8307 ] } },
{ "type": "Feature", "properties": { "内容": "ヒューマンライフケア宝塚の湯【通所介護】小林5丁目5-31obayasi５", "url": "https://www.kaigokensaku.mhlw.go.jp/28/index.php?action_kouhyou_detail_004_kani=true&JigyosyoCd=2871102592-00&ServiceCd=150&Type=search", "url2": "http://hlc.athuman.com/" }, "geometry": { "type": "Point", "coordinates": [ 135.3563014, 34.7880103 ] } },
{ "type": "Feature", "properties": { "内容": "でいさーびすたわらくからづか【通所介護】兵庫県宝塚市宮の町3-23ティエドゥール宝塚1F", "url": "https://www.kaigokensaku.mhlw.go.jp/28/index.php?action_kouhyou_detail_004_kani=true&JigyosyoCd=2871102832-00&ServiceCd=150&Type=search", "url2": "http://わらく.com/waraku/takarazuka" }, "geometry": { "type": "Point", "coordinates": [ 135.348460499999987, 34.8094838 ] } },
{ "type": "Feature", "properties": { "内容": "宝塚すみれ栄光園デイサービスセンター【通所介護】宝塚市弥生町2-2宝塚すみれ栄光園", "url": "https://www.kaigokensaku.mhlw.go.jp/28/index.php?action_kouhyou_detail_004_kani=true&JigyosyoCd=2871103459-00&ServiceCd=150&Type=search", "url2": "http://www.seirei.or.jp/tss/" }, "geometry": { "type": "Point", "coordinates": [ 135.367822299999943, 34.7975067 ] } },
{ "type": "Feature", "properties": { "内容": "レコードブック宝塚米谷【通所介護】兵庫県宝塚市米谷2丁目4-24", "url": "https://www.kaigokensaku.mhlw.go.jp/28/index.php?action_kouhyou_detail_004_kani=true&JigyosyoCd=2871104036-00&ServiceCd=150&Type=search", "url2": "https://smile-place.com/recordbook/takarazuka_maitani/" }, "geometry": { "type": "Point", "coordinates": [ 135.359180808598353, 34.810719017661 ] } },
{ "type": "Feature", "properties": { "内容": "ツクイ宝塚安倉【通所介護】安倉南３丁目２－９", "url": "https://www.kaigokensaku.mhlw.go.jp/28/index.php?action_kouhyou_detail_004_kani=true&JigyosyoCd=2871104424-00&ServiceCd=150&Type=search", "url2": "https://www.tsukui.net/home-care/2530/" }, "geometry": { "type": "Point", "coordinates": [ 135.3778954, 34.7980059 ] } },
{ "type": "Feature", "properties": { "内容": "ひかりサロン宝塚小林【通所介護】兵庫県宝塚市小林5丁目5−47イズミヤ小林店3階", "url": "https://www.kaigokensaku.mhlw.go.jp/28/index.php?action_kouhyou_detail_004_kani=true&JigyosyoCd=2871104861-00&ServiceCd=150&Type=search", "url2": "https://shopping-reha.com" }, "geometry": { "type": "Point", "coordinates": [ 135.3557731, 34.7883133 ] } },
{ "type": "Feature", "properties": { "内容": "社会福祉福祉法人　籐壽会　デーサービスたちなな【通所介護】川面長尾山15-16", "url": "https://www.kaigokensaku.mhlw.go.jp/28/index.php?action_kouhyou_detail_004_kani=true&JigyosyoCd=2871100620-00&ServiceCd=150&Type=search", "url2": null }, "geometry": { "type": "Point", "coordinates": [ 135.338303599999989, 34.8207628 ] } },
{ "type": "Feature", "properties": { "内容": "ツクイ宝塚福井【通所介護】兵庫県宝塚市福井町23-3", "url": "https://www.kaigokensaku.mhlw.go.jp/28/index.php?action_kouhyou_detail_004_kani=true&JigyosyoCd=2871104432-00&ServiceCd=150&Type=search", "url2": "https://www.tsukui.net/home-care/2622/" }, "geometry": { "type": "Point", "coordinates": [ 135.3587106, 34.7936298 ] } },
{ "type": "Feature", "properties": { "内容": "社会福祉法人　宝塚市社会福祉協議会　仁川デイサービスセンター【通所介護】宝塚市仁川高台２丁目１番７７号", "url": "https://www.kaigokensaku.mhlw.go.jp/28/index.php?action_kouhyou_detail_004_kani=true&JigyosyoCd=2871100273-00&ServiceCd=150&Type=search", "url2": "http://homepage1.nifty.com/takarazukashakyo/ndown.htm" }, "geometry": { "type": "Point", "coordinates": [ 135.3484856, 34.7759784 ] } },
{ "type": "Feature", "properties": { "内容": "デイサービスセンターひまわり【通所介護】三木市緑が丘町西４丁目48番地", "url": "https://www.kaigokensaku.mhlw.go.jp/28/index.php?action_kouhyou_detail_004_kani=true&JigyosyoCd=2872300906-00&ServiceCd=150&Type=search", "url2": "http://www.miki.or.jp" }, "geometry": { "type": "Point", "coordinates": [ 135.030318200000011, 34.7766681 ] } },
{ "type": "Feature", "properties": { "内容": "さざんかの郷　デイサービスセンター【通所介護】三木市吉川町大沢418番地", "url": "https://www.kaigokensaku.mhlw.go.jp/28/index.php?action_kouhyou_detail_004_kani=true&JigyosyoCd=2872400037-00&ServiceCd=150&Type=search", "url2": "yokawa@sazankanosato.com" }, "geometry": { "type": "Point", "coordinates": [ 135.121250599999939, 34.8835051 ] } },
{ "type": "Feature", "properties": { "内容": "デイサービスセンターつどい御坂【通所介護】兵庫県三木市志染町御坂字南大原557番", "url": "https://www.kaigokensaku.mhlw.go.jp/28/index.php?action_kouhyou_detail_004_kani=true&JigyosyoCd=2872301243-00&ServiceCd=150&Type=search", "url2": "https://tsudoi-care.com" }, "geometry": { "type": "Point", "coordinates": [ 135.043995, 34.794872 ] } },
{ "type": "Feature", "properties": { "内容": "しゅうらく苑デイサービスセンター【通所介護】兵庫県三木市別所町興治１５８８番地", "url": "https://www.kaigokensaku.mhlw.go.jp/28/index.php?action_kouhyou_detail_004_kani=true&JigyosyoCd=2872300245-00&ServiceCd=150&Type=search", "url2": "http://shuraku.upper.jp" }, "geometry": { "type": "Point", "coordinates": [ 134.970813842883331, 34.768990545569658 ] } },
{ "type": "Feature", "properties": { "内容": "デイサービスセンターえびすの郷【通所介護】兵庫県三木市大塚206-6", "url": "https://www.kaigokensaku.mhlw.go.jp/28/index.php?action_kouhyou_detail_004_kani=true&JigyosyoCd=2872301094-00&ServiceCd=150&Type=search", "url2": "https://ebisunosato.com" }, "geometry": { "type": "Point", "coordinates": [ 134.999543099999983, 34.8001742 ] } },
{ "type": "Feature", "properties": { "内容": "ほの華【通所介護】兵庫県三木市平田105-1", "url": "https://www.kaigokensaku.mhlw.go.jp/28/index.php?action_kouhyou_detail_004_kani=true&JigyosyoCd=2872301334-00&ServiceCd=150&Type=search", "url2": "http://www.rakusei-group.jp" }, "geometry": { "type": "Point", "coordinates": [ 134.97626560370486, 34.804031085534639 ] } },
{ "type": "Feature", "properties": { "内容": "デイサービスセンター口吉川【通所介護】兵庫県三木市口吉川町殿畑１４４番地", "url": "https://www.kaigokensaku.mhlw.go.jp/28/index.php?action_kouhyou_detail_004_kani=true&JigyosyoCd=2872300807-00&ServiceCd=150&Type=search", "url2": "http://www.miki.or.jp" }, "geometry": { "type": "Point", "coordinates": [ 135.062372699999969, 34.8563379 ] } },
{ "type": "Feature", "properties": { "内容": "デイサービスセンター自由が丘【通所介護】兵庫県三木市志染町吉田1241番地の13", "url": "https://www.kaigokensaku.mhlw.go.jp/28/index.php?action_kouhyou_detail_004_kani=true&JigyosyoCd=2872300872-00&ServiceCd=150&Type=search", "url2": "http://www.miki.or.jp" }, "geometry": { "type": "Point", "coordinates": [ 135.01864420000004, 34.7887196 ] } },
{ "type": "Feature", "properties": { "内容": "デイサービスセンター志染【通所介護】兵庫県三木市志染町井上７４４番地の１", "url": "https://www.kaigokensaku.mhlw.go.jp/28/index.php?action_kouhyou_detail_004_kani=true&JigyosyoCd=2872300898-00&ServiceCd=150&Type=search", "url2": "http://www.miki.or.jp" }, "geometry": { "type": "Point", "coordinates": [ 135.034501099999943, 34.7977467 ] } },
{ "type": "Feature", "properties": { "内容": "デイサービスセンター三木南【通所介護】兵庫県三木市福井３丁目３番１２号", "url": "https://www.kaigokensaku.mhlw.go.jp/28/index.php?action_kouhyou_detail_004_kani=true&JigyosyoCd=2872300914-00&ServiceCd=150&Type=search", "url2": "http://www.miki.or.jp" }, "geometry": { "type": "Point", "coordinates": [ 134.979939400000035, 34.7950524 ] } },
{ "type": "Feature", "properties": { "内容": "デイサービスセンター三木北【通所介護】兵庫県三木市加佐５７７番１", "url": "https://www.kaigokensaku.mhlw.go.jp/28/index.php?action_kouhyou_detail_004_kani=true&JigyosyoCd=2872300922-00&ServiceCd=150&Type=search", "url2": "http://www.miki.or.jp" }, "geometry": { "type": "Point", "coordinates": [ 134.982461300000068, 34.8094398 ] } },
{ "type": "Feature", "properties": { "内容": "デイサービスセンター三木東【通所介護】兵庫県三木市君が峰町３番３８号", "url": "https://www.kaigokensaku.mhlw.go.jp/28/index.php?action_kouhyou_detail_004_kani=true&JigyosyoCd=2872300948-00&ServiceCd=150&Type=search", "url2": "http://www.miki.or.jp" }, "geometry": { "type": "Point", "coordinates": [ 134.997587800000019, 34.795494 ] } },
{ "type": "Feature", "properties": { "内容": "デイサービスセンター細川【通所介護】兵庫県三木市細川町豊地１２３０番地", "url": "https://www.kaigokensaku.mhlw.go.jp/28/index.php?action_kouhyou_detail_004_kani=true&JigyosyoCd=2872301201-00&ServiceCd=150&Type=search", "url2": "http://www.miki.or.jp" }, "geometry": { "type": "Point", "coordinates": [ 135.026501100000019, 34.8274106 ] } },
{ "type": "Feature", "properties": { "内容": "デイサービスセンター　高砂げんき村【通所介護】兵庫県高砂市伊保港町１丁目1-７", "url": "https://www.kaigokensaku.mhlw.go.jp/28/index.php?action_kouhyou_detail_004_kani=true&JigyosyoCd=2872100272-00&ServiceCd=150&Type=search", "url2": "https://kyoritsukai.or.jp/takasago/" }, "geometry": { "type": "Point", "coordinates": [ 134.789153, 34.7679038 ] } },
{ "type": "Feature", "properties": { "内容": "T'sメディフィット【通所介護】兵庫県高砂市今市2丁目6番1号", "url": "https://www.kaigokensaku.mhlw.go.jp/28/index.php?action_kouhyou_detail_004_kani=true&JigyosyoCd=2872101387-00&ServiceCd=150&Type=search", "url2": null }, "geometry": { "type": "Point", "coordinates": [ 134.798418100000021, 34.7670196 ] } },
{ "type": "Feature", "properties": { "内容": "デイサービスセンター阿弥陀げんき村【通所介護】高砂市阿弥陀町魚橋１０７９－２", "url": "https://www.kaigokensaku.mhlw.go.jp/28/index.php?action_kouhyou_detail_004_kani=true&JigyosyoCd=2872100686-00&ServiceCd=150&Type=search", "url2": "http://kyoritsukai.or.jp/amida/index.html" }, "geometry": { "type": "Point", "coordinates": [ 134.792998500000067, 34.791849 ] } },
{ "type": "Feature", "properties": { "内容": "リハビリ　けんちゃん家【通所介護】兵庫県　高砂市　伊保崎3丁目16-20", "url": "https://www.kaigokensaku.mhlw.go.jp/28/index.php?action_kouhyou_detail_004_kani=true&JigyosyoCd=2872101395-00&ServiceCd=150&Type=search", "url2": "https://www.kenchan-support.com" }, "geometry": { "type": "Point", "coordinates": [ 134.7809087, 34.7758992 ] } },
{ "type": "Feature", "properties": { "内容": "風呂リハごえんデイサービス【通所介護】兵庫県高砂市神爪1丁目11番5号", "url": "https://www.kaigokensaku.mhlw.go.jp/28/index.php?action_kouhyou_detail_004_kani=true&JigyosyoCd=2872101148-00&ServiceCd=150&Type=search", "url2": "http://hp.kaipoke.biz/mp3/77299/index_0004.html" }, "geometry": { "type": "Point", "coordinates": [ 134.8125245, 34.7865556 ] } },
{ "type": "Feature", "properties": { "内容": "ドレミリハビリテーションセンター高砂【通所介護】兵庫県高砂市荒井町千鳥1-1-2", "url": "https://www.kaigokensaku.mhlw.go.jp/28/index.php?action_kouhyou_detail_004_kani=true&JigyosyoCd=2872101049-00&ServiceCd=150&Type=search", "url2": "https://doleme.net" }, "geometry": { "type": "Point", "coordinates": [ 134.7899473, 34.7655263 ] } },
{ "type": "Feature", "properties": { "内容": "ドレミリハビリテーションセンター高砂南【通所介護】兵庫県高砂市荒井町千鳥2-14-26", "url": "https://www.kaigokensaku.mhlw.go.jp/28/index.php?action_kouhyou_detail_004_kani=true&JigyosyoCd=2872101288-00&ServiceCd=150&Type=search", "url2": "https://doleme.net" }, "geometry": { "type": "Point", "coordinates": [ 134.789344116108225, 34.76517379178361 ] } },
{ "type": "Feature", "properties": { "内容": "特別養護老人ホームのじぎくの里　デイサービス【通所介護】兵庫県高砂市北浜町西浜773-3", "url": "https://www.kaigokensaku.mhlw.go.jp/28/index.php?action_kouhyou_detail_004_kani=true&JigyosyoCd=2872100322-00&ServiceCd=150&Type=search", "url2": "http://www.nojigiku.or.jp/" }, "geometry": { "type": "Point", "coordinates": [ 134.748401800000011, 34.7855176 ] } },
{ "type": "Feature", "properties": { "内容": "特別養護老人ホームサンリットひまわり園【通所介護】高砂市高砂町松波町440番地５", "url": "https://www.kaigokensaku.mhlw.go.jp/28/index.php?action_kouhyou_detail_004_kani=true&JigyosyoCd=2872100066-00&ServiceCd=150&Type=search", "url2": "http://care-net.biz/28/matunami" }, "geometry": { "type": "Point", "coordinates": [ 134.7951488, 34.7534905 ] } },
{ "type": "Feature", "properties": { "内容": "デイサービス　つくし野【通所介護】兵庫県北浜町北脇247-2", "url": "https://www.kaigokensaku.mhlw.go.jp/28/index.php?action_kouhyou_detail_004_kani=true&JigyosyoCd=2872100652-00&ServiceCd=150&Type=search", "url2": "http://tsukusino.jp/" }, "geometry": { "type": "Point", "coordinates": [ 134.755678699999976, 34.7862623 ] } },
{ "type": "Feature", "properties": { "内容": "めぐみ苑デイサービスセンター【通所介護】兵庫県高砂市阿弥陀町阿弥陀４３番の１", "url": "https://www.kaigokensaku.mhlw.go.jp/28/index.php?action_kouhyou_detail_004_kani=true&JigyosyoCd=2872100082-00&ServiceCd=150&Type=search", "url2": "http://www.megumien.jp" }, "geometry": { "type": "Point", "coordinates": [ 134.786457199999973, 34.79779 ] } },
{ "type": "Feature", "properties": { "内容": "デイサービスセンター　　鹿島の郷【通所介護】兵庫県高砂市阿弥陀町南池９４－１", "url": "https://www.kaigokensaku.mhlw.go.jp/28/index.php?action_kouhyou_detail_004_kani=true&JigyosyoCd=2872100389-00&ServiceCd=150&Type=search", "url2": "https://ftk1998.or.jp/" }, "geometry": { "type": "Point", "coordinates": [ 134.782055600000035, 34.7886823 ] } },
{ "type": "Feature", "properties": { "内容": "ひいらぎデイサービスセンター高砂【通所介護】兵庫県高砂市今市2丁目9-28", "url": "https://www.kaigokensaku.mhlw.go.jp/28/index.php?action_kouhyou_detail_004_kani=true&JigyosyoCd=2872101353-00&ServiceCd=150&Type=search", "url2": "https://www.shizutanikai.com/hiiragi-takasago" }, "geometry": { "type": "Point", "coordinates": [ 134.796276299999988, 34.7681354 ] } },
{ "type": "Feature", "properties": { "内容": "特別養護老人ホーム常寿園【通所介護】兵庫県高砂市北浜町牛谷721-1", "url": "https://www.kaigokensaku.mhlw.go.jp/28/index.php?action_kouhyou_detail_004_kani=true&JigyosyoCd=2872100074-00&ServiceCd=150&Type=search", "url2": "http://www.jyoujyuen.com/" }, "geometry": { "type": "Point", "coordinates": [ 134.7606667, 34.7934785 ] } },
{ "type": "Feature", "properties": { "内容": "中島デイサービスセンター常寿園【通所介護】兵庫県高砂市中島1丁目6-8", "url": "https://www.kaigokensaku.mhlw.go.jp/28/index.php?action_kouhyou_detail_004_kani=true&JigyosyoCd=2872100280-00&ServiceCd=150&Type=search", "url2": "http://www.jyoujyuen.com/" }, "geometry": { "type": "Point", "coordinates": [ 134.800451599999974, 34.7687041 ] } },
{ "type": "Feature", "properties": { "内容": "ツクイ高砂【通所介護】阿弥陀町阿弥陀2475-1", "url": "https://www.kaigokensaku.mhlw.go.jp/28/index.php?action_kouhyou_detail_004_kani=true&JigyosyoCd=2872101304-00&ServiceCd=150&Type=search", "url2": "https://tsukui.net" }, "geometry": { "type": "Point", "coordinates": [ 134.769473799999986, 34.7963469 ] } },
{ "type": "Feature", "properties": { "内容": "社会福祉法人稲穂会　デイふぁ～みん高砂【通所介護】阿弥陀町北池102ふぁ～みんの里高砂", "url": "https://www.kaigokensaku.mhlw.go.jp/28/index.php?action_kouhyou_detail_004_kani=true&JigyosyoCd=2872101437-00&ServiceCd=150&Type=search", "url2": null }, "geometry": { "type": "Point", "coordinates": [ 134.7836129, 34.7935417 ] } },
{ "type": "Feature", "properties": { "内容": "デイサービスCHIAKIほおずき高砂【通所介護】兵庫県高砂市米田町米田256-3", "url": "https://www.kaigokensaku.mhlw.go.jp/28/index.php?action_kouhyou_detail_004_kani=true&JigyosyoCd=2872101486-00&ServiceCd=150&Type=search", "url2": "http://www.chiaki-hozuki.co.jp" }, "geometry": { "type": "Point", "coordinates": [ 134.808627, 34.7793388 ] } },
{ "type": "Feature", "properties": { "内容": "癒しのデイサービス川西【通所介護】兵庫県川西市火打2丁目11-12", "url": "https://www.kaigokensaku.mhlw.go.jp/28/index.php?action_kouhyou_detail_004_kani=true&JigyosyoCd=2873101584-00&ServiceCd=150&Type=search", "url2": "http://www.riei.co.jp/" }, "geometry": { "type": "Point", "coordinates": [ 135.417072908598357, 34.836934036175002 ] } },
{ "type": "Feature", "properties": { "内容": "ハピネス川西シルバーデイサービス【通所介護】兵庫県川西市加茂３－１３－２６", "url": "https://www.kaigokensaku.mhlw.go.jp/28/index.php?action_kouhyou_detail_004_kani=true&JigyosyoCd=2873100388-00&ServiceCd=150&Type=search", "url2": "http://www.seisin.or.jp" }, "geometry": { "type": "Point", "coordinates": [ 135.402485399999932, 34.8130084 ] } },
{ "type": "Feature", "properties": { "内容": "湯々館デイサービスセンター【通所介護】兵庫県川西市西多田字平井田筋５番地", "url": "https://www.kaigokensaku.mhlw.go.jp/28/index.php?action_kouhyou_detail_004_kani=true&JigyosyoCd=2873100461-00&ServiceCd=150&Type=search", "url2": "http://toto-kan.org/service/dayservice.html" }, "geometry": { "type": "Point", "coordinates": [ 135.399109800000019, 34.8517237 ] } },
{ "type": "Feature", "properties": { "内容": "ディサービス　やわらぎの里清和台【通所介護】兵庫県川西市清和台東４丁目５－２６", "url": "https://www.kaigokensaku.mhlw.go.jp/28/index.php?action_kouhyou_detail_004_kani=true&JigyosyoCd=2873100842-00&ServiceCd=150&Type=search", "url2": "http://www.plusonegroup.co.jp/showakai/inndex.html" }, "geometry": { "type": "Point", "coordinates": [ 135.395521199999962, 34.8719662 ] } },
{ "type": "Feature", "properties": { "内容": "ポラリスデイサービスセンター川西【通所介護】丸の内町2-1NTT西日本川西別館一階", "url": "https://www.kaigokensaku.mhlw.go.jp/28/index.php?action_kouhyou_detail_004_kani=true&JigyosyoCd=2873101535-00&ServiceCd=150&Type=search", "url2": "ｈｔｔｐ：／／ｗｗｗ．ａｕｒｏｒａｋａｉ．ｃｏｍ／" }, "geometry": { "type": "Point", "coordinates": [ 135.417155936562125, 34.83956206530187 ] } },
{ "type": "Feature", "properties": { "内容": "デイサービスやわらぎの里　西多田【通所介護】川西市西多田2丁目１－７", "url": "https://www.kaigokensaku.mhlw.go.jp/28/index.php?action_kouhyou_detail_004_kani=true&JigyosyoCd=2873102376-00&ServiceCd=150&Type=search", "url2": "http://www.plusone-group.co.jp/showakai/" }, "geometry": { "type": "Point", "coordinates": [ 135.406349399999954, 34.8531212 ] } },
{ "type": "Feature", "properties": { "内容": "ビーナスプラス南花屋敷【通所介護】兵庫県川西市南花屋敷4丁目10番8号", "url": "https://www.kaigokensaku.mhlw.go.jp/28/index.php?action_kouhyou_detail_004_kani=true&JigyosyoCd=2873103002-00&ServiceCd=150&Type=search", "url2": "https://www.venus-comrade.co.jp/office/plus_minamihanayashiki/" }, "geometry": { "type": "Point", "coordinates": [ 135.4052024, 34.8236607 ] } },
{ "type": "Feature", "properties": { "内容": "さぎそう園デイサービスセンター【通所介護】兵庫県川西市丸山台３丁目５番地の６", "url": "https://www.kaigokensaku.mhlw.go.jp/28/index.php?action_kouhyou_detail_004_kani=true&JigyosyoCd=2873100222-00&ServiceCd=150&Type=search", "url2": "http://www.seisin.or.jp" }, "geometry": { "type": "Point", "coordinates": [ 135.408205800000019, 34.9154829 ] } },
{ "type": "Feature", "properties": { "内容": "あんずデイサービス川西【通所介護】川西市小花1-12-16", "url": "https://www.kaigokensaku.mhlw.go.jp/28/index.php?action_kouhyou_detail_004_kani=true&JigyosyoCd=2873100776-00&ServiceCd=150&Type=search", "url2": "http://www.furea.jp/" }, "geometry": { "type": "Point", "coordinates": [ 135.4137756, 34.8249434 ] } },
{ "type": "Feature", "properties": { "内容": "リハビリデイこころ川西南【通所介護】兵庫県川西市加茂1－14－18", "url": "https://www.kaigokensaku.mhlw.go.jp/28/index.php?action_kouhyou_detail_004_kani=true&JigyosyoCd=2873101063-00&ServiceCd=150&Type=search", "url2": "http://www.caremind.net/" }, "geometry": { "type": "Point", "coordinates": [ 135.408632082742344, 34.818485762144881 ] } },
{ "type": "Feature", "properties": { "内容": "リハビリデイこころけやき坂【通所介護】けやき坂2-62-22レガロアコンフォート川西けやき坂", "url": "https://www.kaigokensaku.mhlw.go.jp/28/index.php?action_kouhyou_detail_004_kani=true&JigyosyoCd=2873102699-00&ServiceCd=150&Type=search", "url2": "http://www.caremind.co.jp" }, "geometry": { "type": "Point", "coordinates": [ 135.3825755, 34.8602339 ] } },
{ "type": "Feature", "properties": { "内容": "デイサービス胡蝶の夢【通所介護】向陽台1-6-39センタービル", "url": "https://www.kaigokensaku.mhlw.go.jp/28/index.php?action_kouhyou_detail_004_kani=true&JigyosyoCd=2873102954-00&ServiceCd=150&Type=search", "url2": "https：//www．ephr.jp" }, "geometry": { "type": "Point", "coordinates": [ 136.632963600000011, 36.6349898 ] } },
{ "type": "Feature", "properties": { "内容": "デイサービススマイルラボ川西【通所介護】兵庫県川西市西多田2-2-8三栄ビル2階", "url": "https://www.kaigokensaku.mhlw.go.jp/28/index.php?action_kouhyou_detail_004_kani=true&JigyosyoCd=2873103069-00&ServiceCd=150&Type=search", "url2": "www.smilelab-ltd.jp" }, "geometry": { "type": "Point", "coordinates": [ 135.406083200000012, 34.8535801 ] } },
{ "type": "Feature", "properties": { "内容": "清和苑デイサービスセンター【通所介護】清和台東2-4-32", "url": "https://www.kaigokensaku.mhlw.go.jp/28/index.php?action_kouhyou_detail_004_kani=true&JigyosyoCd=2873100156-00&ServiceCd=150&Type=search", "url2": "https://www.ufo-group.jp" }, "geometry": { "type": "Point", "coordinates": [ 135.392024399999968, 34.8758576 ] } },
{ "type": "Feature", "properties": { "内容": "デイサービス　やわらぎの里　東谷【通所介護】兵庫県川西市一庫字北中島1-1", "url": "https://www.kaigokensaku.mhlw.go.jp/28/index.php?action_kouhyou_detail_004_kani=true&JigyosyoCd=2873101139-00&ServiceCd=150&Type=search", "url2": "http://www.plusone-group.co.jp/showakai/index.html" }, "geometry": { "type": "Point", "coordinates": [ 135.403031400000032, 34.9006506 ] } },
{ "type": "Feature", "properties": { "内容": "デイサービスセンターそらりお大和【通所介護】兵庫県川西市大和東3-4-3", "url": "https://www.kaigokensaku.mhlw.go.jp/28/index.php?action_kouhyou_detail_004_kani=true&JigyosyoCd=2873101386-00&ServiceCd=150&Type=search", "url2": "http://sorario.com" }, "geometry": { "type": "Point", "coordinates": [ 135.4214912, 34.8911497 ] } },
{ "type": "Feature", "properties": { "内容": "デイサービスセンターそらりお清和台【通所介護】兵庫県川西市清和台東3－1－8トナリエ清和台2F", "url": "https://www.kaigokensaku.mhlw.go.jp/28/index.php?action_kouhyou_detail_004_kani=true&JigyosyoCd=2873101634-00&ServiceCd=150&Type=search", "url2": "http://sorario.com" }, "geometry": { "type": "Point", "coordinates": [ 135.387238799999977, 34.8737577 ] } },
{ "type": "Feature", "properties": { "内容": "デイサービス　やわらぎの里　ぷらす館【通所介護】兵庫県川西市清和台東4丁目5番地-1", "url": "https://www.kaigokensaku.mhlw.go.jp/28/index.php?action_kouhyou_detail_004_kani=true&JigyosyoCd=2873101659-00&ServiceCd=150&Type=search", "url2": "http://www/plusone-group.co.jp/" }, "geometry": { "type": "Point", "coordinates": [ 135.39586840000004, 34.8707107 ] } },
{ "type": "Feature", "properties": { "内容": "あいな清和苑　デイサービスセンター【通所介護】川西市久代６丁目１－９８", "url": "https://www.kaigokensaku.mhlw.go.jp/28/index.php?action_kouhyou_detail_004_kani=true&JigyosyoCd=2873101816-00&ServiceCd=150&Type=search", "url2": "https://www.ufo-group.jp/" }, "geometry": { "type": "Point", "coordinates": [ 135.4183481, 34.8028678 ] } },
{ "type": "Feature", "properties": { "内容": "芍薬デイサービス【通所介護】兵庫県川西市東多田１－１２－１１", "url": "https://www.kaigokensaku.mhlw.go.jp/28/index.php?action_kouhyou_detail_004_kani=true&JigyosyoCd=2873102178-00&ServiceCd=150&Type=search", "url2": "syakuyaku@zeus.eonet.ne.jp" }, "geometry": { "type": "Point", "coordinates": [ 135.418507937434356, 34.857178730667663 ] } },
{ "type": "Feature", "properties": { "内容": "デイサービスセンターそらりお畦野【通所介護】兵庫県川西市東畦野5丁目15-31", "url": "https://www.kaigokensaku.mhlw.go.jp/28/index.php?action_kouhyou_detail_004_kani=true&JigyosyoCd=2873102558-00&ServiceCd=150&Type=search", "url2": "https://sorario.com/" }, "geometry": { "type": "Point", "coordinates": [ 135.40663930000008, 34.8871347 ] } },
{ "type": "Feature", "properties": { "内容": "LETｓ俱楽部川西能勢口【通所介護】兵庫県川西市中央町10番5号ディークラディア川西１階", "url": "https://www.kaigokensaku.mhlw.go.jp/28/index.php?action_kouhyou_detail_004_kani=true&JigyosyoCd=2873103044-00&ServiceCd=150&Type=search", "url2": null }, "geometry": { "type": "Point", "coordinates": [ 135.414684, 34.8298235 ] } },
{ "type": "Feature", "properties": { "内容": "ツクイ小野黒川【通所介護】小野市黒川町1708-1", "url": "https://www.kaigokensaku.mhlw.go.jp/28/index.php?action_kouhyou_detail_004_kani=true&JigyosyoCd=2871900839-00&ServiceCd=150&Type=search", "url2": "https://www.tsukui.net/" }, "geometry": { "type": "Point", "coordinates": [ 134.9399644, 34.8538359 ] } },
{ "type": "Feature", "properties": { "内容": "さわらびデイサービスセンター小野【通所介護】小野市西本町５７２", "url": "https://www.kaigokensaku.mhlw.go.jp/28/index.php?action_kouhyou_detail_004_kani=true&JigyosyoCd=2871900433-00&ServiceCd=150&Type=search", "url2": "http://www.sikinosato.jp/sawarabi/index.html" }, "geometry": { "type": "Point", "coordinates": [ 134.930318, 34.8463382 ] } },
{ "type": "Feature", "properties": { "内容": "ふたばの里デイサービスセンター【通所介護】兵庫県小野市二葉町８０番地の１２３", "url": "https://www.kaigokensaku.mhlw.go.jp/28/index.php?action_kouhyou_detail_004_kani=true&JigyosyoCd=2871900383-00&ServiceCd=150&Type=search", "url2": "http://hinode.or.jp/" }, "geometry": { "type": "Point", "coordinates": [ 134.946528100000023, 34.8395001 ] } },
{ "type": "Feature", "properties": { "内容": "複合福祉施設くつろぎの杜　デイサービスセンター【通所介護】兵庫県小野市市場町926-462福祉施設くつろぎの杜", "url": "https://www.kaigokensaku.mhlw.go.jp/28/index.php?action_kouhyou_detail_004_kani=true&JigyosyoCd=2871900797-00&ServiceCd=150&Type=search", "url2": "http://www.yasuragi-swc.or.jp" }, "geometry": { "type": "Point", "coordinates": [ 134.952419, 34.8310756 ] } },
{ "type": "Feature", "properties": { "内容": "粟生逢花苑　デイサービスセンター【通所介護】小野市粟生町字前田３６１０－１", "url": "https://www.kaigokensaku.mhlw.go.jp/28/index.php?action_kouhyou_detail_004_kani=true&JigyosyoCd=2871900144-00&ServiceCd=150&Type=search", "url2": "http//www.aoyama-med.gr.jp/ouka-welfear/" }, "geometry": { "type": "Point", "coordinates": [ 134.908450436029057, 34.856924610298798 ] } },
{ "type": "Feature", "properties": { "内容": "小野市デイサービスセンター【通所介護】兵庫県小野市復井町673番地20", "url": "https://www.kaigokensaku.mhlw.go.jp/28/index.php?action_kouhyou_detail_004_kani=true&JigyosyoCd=2871900094-00&ServiceCd=150&Type=search", "url2": "https://seizansou.or.jp/" }, "geometry": { "type": "Point", "coordinates": [ 134.934804399999962, 34.9001687 ] } },
{ "type": "Feature", "properties": { "内容": "デイサービスセンター　あったかい家　七宝【通所介護】兵庫県小野市大島町５７０－４", "url": "https://www.kaigokensaku.mhlw.go.jp/28/index.php?action_kouhyou_detail_004_kani=true&JigyosyoCd=2871900326-00&ServiceCd=150&Type=search", "url2": "https://still-kusu-1794.icurus.jp" }, "geometry": { "type": "Point", "coordinates": [ 134.928662600000052, 34.8359255 ] } },
{ "type": "Feature", "properties": { "内容": "デイサービスキリン堂【通所介護】王子町２５－１", "url": "https://www.kaigokensaku.mhlw.go.jp/28/index.php?action_kouhyou_detail_004_kani=true&JigyosyoCd=2871900615-00&ServiceCd=150&Type=search", "url2": "https://www.kirindobest.co.jp" }, "geometry": { "type": "Point", "coordinates": [ 134.9283653, 34.853781800000014 ] } },
{ "type": "Feature", "properties": { "内容": "デイサービスキリン堂　中町【通所介護】兵庫県小野市中町４１３－５", "url": "https://www.kaigokensaku.mhlw.go.jp/28/index.php?action_kouhyou_detail_004_kani=true&JigyosyoCd=2871900755-00&ServiceCd=150&Type=search", "url2": "https://www.kirindobest.co.jp" }, "geometry": { "type": "Point", "coordinates": [ 134.942240819049033, 34.846743644830326 ] } },
{ "type": "Feature", "properties": { "内容": "あおぞら通所介護事業所【通所介護】兵庫県三田市大畑字清水357-1", "url": "https://www.kaigokensaku.mhlw.go.jp/28/index.php?action_kouhyou_detail_004_kani=true&JigyosyoCd=2871200545-00&ServiceCd=150&Type=search", "url2": "https://www.aozora-kai.or.jp/" }, "geometry": { "type": "Point", "coordinates": [ 135.186940695214872, 34.938393870468957 ] } },
{ "type": "Feature", "properties": { "内容": "ウェルフェアー株式会社　デイサービスセンター　ありまふじ【通所介護】三田市志手原1076-41", "url": "https://www.kaigokensaku.mhlw.go.jp/28/index.php?action_kouhyou_detail_004_kani=true&JigyosyoCd=2871200842-00&ServiceCd=150&Type=search", "url2": "http://www.wel-fare/co.jp" }, "geometry": { "type": "Point", "coordinates": [ 135.236088500000051, 34.9162275 ] } },
{ "type": "Feature", "properties": { "内容": "デイサービスいこい【通所介護】八景町1442-1", "url": "https://www.kaigokensaku.mhlw.go.jp/28/index.php?action_kouhyou_detail_004_kani=true&JigyosyoCd=2871200958-00&ServiceCd=150&Type=search", "url2": null }, "geometry": { "type": "Point", "coordinates": [ 135.2262184, 34.8775045 ] } },
{ "type": "Feature", "properties": { "内容": "社会福祉法人三田市社会福祉協議会中央デイサービスセンター【通所介護】兵庫県三田市川除６７５番地三田市総合福祉保健センター", "url": "https://www.kaigokensaku.mhlw.go.jp/28/index.php?action_kouhyou_detail_004_kani=true&JigyosyoCd=2871200115-00&ServiceCd=150&Type=search", "url2": "https://www.sanda-shakyo.or.jp/" }, "geometry": { "type": "Point", "coordinates": [ 135.217609700000025, 34.8927874 ] } },
{ "type": "Feature", "properties": { "内容": "ニチイケアセンター　ウッディタウン【通所介護】兵庫県三田市けやき台3-12-5", "url": "https://www.kaigokensaku.mhlw.go.jp/28/index.php?action_kouhyou_detail_004_kani=true&JigyosyoCd=2871201147-00&ServiceCd=150&Type=search", "url2": "https://www.nichiigakkan.co.jp/" }, "geometry": { "type": "Point", "coordinates": [ 135.196394700000042, 34.9085117 ] } },
{ "type": "Feature", "properties": { "内容": "デイサービスセンターしおん【通所介護】三田市あかしあ台１－１２－３", "url": "https://www.kaigokensaku.mhlw.go.jp/28/index.php?action_kouhyou_detail_004_kani=true&JigyosyoCd=2871201238-00&ServiceCd=150&Type=search", "url2": null }, "geometry": { "type": "Point", "coordinates": [ 135.188920360713155, 34.895333105178459 ] } },
{ "type": "Feature", "properties": { "内容": "デイサービス笑楽三田【通所介護】兵庫県三田市南が丘2-14-23", "url": "https://www.kaigokensaku.mhlw.go.jp/28/index.php?action_kouhyou_detail_004_kani=true&JigyosyoCd=2871201253-00&ServiceCd=150&Type=search", "url2": "http://わらく.com./" }, "geometry": { "type": "Point", "coordinates": [ 135.215212800000018, 34.8786525 ] } },
{ "type": "Feature", "properties": { "内容": "デイサ－ビスセンタ－　和（なごみ）【通所介護】兵庫県三田市天神1丁目2番15号", "url": "https://www.kaigokensaku.mhlw.go.jp/28/index.php?action_kouhyou_detail_004_kani=true&JigyosyoCd=2871201329-00&ServiceCd=150&Type=search", "url2": "http://www.mc-shojin.or.jp/" }, "geometry": { "type": "Point", "coordinates": [ 135.222273099999938, 34.8897264 ] } },
{ "type": "Feature", "properties": { "内容": "藹デイサービスセンター【通所介護】兵庫県三田市寺村町4239-1", "url": "https://www.kaigokensaku.mhlw.go.jp/28/index.php?action_kouhyou_detail_004_kani=true&JigyosyoCd=2871201402-00&ServiceCd=150&Type=search", "url2": "yokawa-hospital.com" }, "geometry": { "type": "Point", "coordinates": [ 135.2323917, 34.8816078 ] } },
{ "type": "Feature", "properties": { "内容": "社会福祉法人三翠会　デイサービスセンターさんすい【通所介護】兵庫県三田市下相野薬師尾１４６０番地の１", "url": "https://www.kaigokensaku.mhlw.go.jp/28/index.php?action_kouhyou_detail_004_kani=true&JigyosyoCd=2871200164-00&ServiceCd=150&Type=search", "url2": "http://sansui-en.org" }, "geometry": { "type": "Point", "coordinates": [ 135.155889200000047, 34.9461734 ] } },
{ "type": "Feature", "properties": { "内容": "ゼフィール三田デイサービスセンター【通所介護】兵庫県三田市富士が丘5丁目17番3", "url": "https://www.kaigokensaku.mhlw.go.jp/28/index.php?action_kouhyou_detail_004_kani=true&JigyosyoCd=2871200735-00&ServiceCd=150&Type=search", "url2": "http://keijyukinenkai.or.jp/" }, "geometry": { "type": "Point", "coordinates": [ 135.203325, 34.892321 ] } },
{ "type": "Feature", "properties": { "内容": "デイkサービススイッチオン三田【通所介護】三田市南が丘１－２６－７", "url": "https://www.kaigokensaku.mhlw.go.jp/28/index.php?action_kouhyou_detail_004_kani=true&JigyosyoCd=2871201477-00&ServiceCd=150&Type=search", "url2": "http://switchon-service.co.jp" }, "geometry": { "type": "Point", "coordinates": [ 135.22030298968815, 34.880106262911248 ] } },
{ "type": "Feature", "properties": { "内容": "デイサービスセンター　ひなたぼっこ【通所介護】三田市相生町３－１", "url": "https://www.kaigokensaku.mhlw.go.jp/28/index.php?action_kouhyou_detail_004_kani=true&JigyosyoCd=2871200677-00&ServiceCd=150&Type=search", "url2": "http://www.collabonet.com" }, "geometry": { "type": "Point", "coordinates": [ 135.229592, 34.8840159 ] } },
{ "type": "Feature", "properties": { "内容": "PLUSケア加西【通所介護】兵庫県加西市北条町横尾344-1", "url": "https://www.kaigokensaku.mhlw.go.jp/28/index.php?action_kouhyou_detail_004_kani=true&JigyosyoCd=2872600867-00&ServiceCd=150&Type=search", "url2": "https://atcompany.jp/pluscarenishiwaki/" }, "geometry": { "type": "Point", "coordinates": [ 134.834906050926236, 34.92816476634664 ] } },
{ "type": "Feature", "properties": { "内容": "加西の里デイサービスセンター【通所介護】兵庫県加西市段下町848-14", "url": "https://www.kaigokensaku.mhlw.go.jp/28/index.php?action_kouhyou_detail_004_kani=true&JigyosyoCd=2872600164-00&ServiceCd=150&Type=search", "url2": null }, "geometry": { "type": "Point", "coordinates": [ 134.844010200000014, 34.9076724 ] } },
{ "type": "Feature", "properties": { "内容": "香楽園デイサービスセンター【通所介護】兵庫県加西市鶉野町字東中条１７５０番地", "url": "https://www.kaigokensaku.mhlw.go.jp/28/index.php?action_kouhyou_detail_004_kani=true&JigyosyoCd=2872600222-00&ServiceCd=150&Type=search", "url2": "https://kenjinkai-swc.or.jp/" }, "geometry": { "type": "Point", "coordinates": [ 134.859225299999906, 34.873596 ] } },
{ "type": "Feature", "properties": { "内容": "元気あっぷ加西デイサービスセンター【通所介護】加西市北条町横尾大坪150-1", "url": "https://www.kaigokensaku.mhlw.go.jp/28/index.php?action_kouhyou_detail_004_kani=true&JigyosyoCd=2872600495-00&ServiceCd=150&Type=search", "url2": "http://www.doi-hospital.com/genkiup/index.html" }, "geometry": { "type": "Point", "coordinates": [ 134.836059190074167, 34.930888993068343 ] } },
{ "type": "Feature", "properties": { "内容": "おうちデイはる【通所介護】兵庫県加西市北条町栗田１２３－６", "url": "https://www.kaigokensaku.mhlw.go.jp/28/index.php?action_kouhyou_detail_004_kani=true&JigyosyoCd=2872600859-00&ServiceCd=150&Type=search", "url2": "https://hallo.co.jp/ouchiday-haru" }, "geometry": { "type": "Point", "coordinates": [ 134.835505247221363, 34.933651636854471 ] } },
{ "type": "Feature", "properties": { "内容": "コンパスウォーク加西北条【通所介護】兵庫県加西市北条町東南101-16", "url": "https://www.kaigokensaku.mhlw.go.jp/28/index.php?action_kouhyou_detail_004_kani=true&JigyosyoCd=2872600909-00&ServiceCd=150&Type=search", "url2": null }, "geometry": { "type": "Point", "coordinates": [ 134.8331337, 34.925802 ] } },
{ "type": "Feature", "properties": { "内容": "特別養護老人ホーム和寿園【通所介護】兵庫県丹波篠山市高屋19番地2", "url": "https://www.kaigokensaku.mhlw.go.jp/28/index.php?action_kouhyou_detail_004_kani=true&JigyosyoCd=2871400145-00&ServiceCd=150&Type=search", "url2": "http://wajuen.jp" }, "geometry": { "type": "Point", "coordinates": [ 135.176801599999976, 35.0900313 ] } },
{ "type": "Feature", "properties": { "内容": "ＪＡ丹波ささやま通所介護施設　ほほえみ【通所介護】兵庫県丹波篠山市東新町２１４番地の６", "url": "https://www.kaigokensaku.mhlw.go.jp/28/index.php?action_kouhyou_detail_004_kani=true&JigyosyoCd=2871400566-00&ServiceCd=150&Type=search", "url2": "http://www.ja-tanbasasayama.or.jp" }, "geometry": { "type": "Point", "coordinates": [ 135.2204312, 35.075757900000035 ] } },
{ "type": "Feature", "properties": { "内容": "医療法人　大澤会　デイサービス篠山こもれび【通所介護】兵庫県丹波篠山市般若寺７３２番地", "url": "https://www.kaigokensaku.mhlw.go.jp/28/index.php?action_kouhyou_detail_004_kani=true&JigyosyoCd=2871400533-00&ServiceCd=150&Type=search", "url2": "http://www.osawa-komorebi.com" }, "geometry": { "type": "Point", "coordinates": [ 135.261853500000029, 35.076560600000029 ] } },
{ "type": "Feature", "properties": { "内容": "篠山ケアセンター【通所介護】兵庫県篠山市宇土358-1篠山ケアセンター", "url": "https://www.kaigokensaku.mhlw.go.jp/28/index.php?action_kouhyou_detail_004_kani=true&JigyosyoCd=2871400624-00&ServiceCd=150&Type=search", "url2": "https://infinity1225.hp.peraichi.com/88" }, "geometry": { "type": "Point", "coordinates": [ 135.187512100000049, 35.0624785 ] } },
{ "type": "Feature", "properties": { "内容": "デイサービス立杭【通所介護】兵庫県丹波篠山市今田町下立杭601-5", "url": "https://www.kaigokensaku.mhlw.go.jp/28/index.php?action_kouhyou_detail_004_kani=true&JigyosyoCd=2871400822-00&ServiceCd=150&Type=search", "url2": null }, "geometry": { "type": "Point", "coordinates": [ 135.127648317057833, 34.97184179272179 ] } },
{ "type": "Feature", "properties": { "内容": "デイ・サービスセンター　さくらんぼ【通所介護】兵庫県丹波篠山市井ノ上167-3", "url": "https://www.kaigokensaku.mhlw.go.jp/28/index.php?action_kouhyou_detail_004_kani=true&JigyosyoCd=2871400376-00&ServiceCd=150&Type=search", "url2": "http://www.kiyoukai.com" }, "geometry": { "type": "Point", "coordinates": [ 135.294703300000037, 35.0737666 ] } },
{ "type": "Feature", "properties": { "内容": "篠山東デイサービスセンター【通所介護】兵庫県丹波篠山市小田中　１７２－１", "url": "https://www.kaigokensaku.mhlw.go.jp/28/index.php?action_kouhyou_detail_004_kani=true&JigyosyoCd=2871400475-00&ServiceCd=150&Type=search", "url2": "http://www.kiyoukai.com" }, "geometry": { "type": "Point", "coordinates": [ 135.31747, 35.1020128 ] } },
{ "type": "Feature", "properties": { "内容": "丹波篠山市西紀デイサービスセンター【通所介護】兵庫県丹波篠山市宮田２１６", "url": "https://www.kaigokensaku.mhlw.go.jp/28/index.php?action_kouhyou_detail_004_kani=true&JigyosyoCd=2871400574-00&ServiceCd=150&Type=search", "url2": "http://www.kiyoukai.com" }, "geometry": { "type": "Point", "coordinates": [ 135.173840700000028, 35.0933337 ] } },
{ "type": "Feature", "properties": { "内容": "かるべの郷デイサービスセンター【通所介護】兵庫県養父市十二所871番地", "url": "https://www.kaigokensaku.mhlw.go.jp/28/index.php?action_kouhyou_detail_004_kani=true&JigyosyoCd=2874800671-00&ServiceCd=150&Type=search", "url2": "http://www.karubenosato.com/" }, "geometry": { "type": "Point", "coordinates": [ 134.7713989, 35.3812097 ] } },
{ "type": "Feature", "properties": { "内容": "デイサービスセンターはちぶせの里【通所介護】兵庫県養父市尾崎1327番地", "url": "https://www.kaigokensaku.mhlw.go.jp/28/index.php?action_kouhyou_detail_004_kani=true&JigyosyoCd=2874800572-00&ServiceCd=150&Type=search", "url2": null }, "geometry": { "type": "Point", "coordinates": [ 134.653475100000037, 35.3790413 ] } },
{ "type": "Feature", "properties": { "内容": "デイサービスセンター妙見荘【通所介護】兵庫県養父市八鹿町小山字西家ノ上３０７番地の１", "url": "https://www.kaigokensaku.mhlw.go.jp/28/index.php?action_kouhyou_detail_004_kani=true&JigyosyoCd=2874800226-00&ServiceCd=150&Type=search", "url2": "http://www.tajima-fukushien.jp/" }, "geometry": { "type": "Point", "coordinates": [ 134.751710564387537, 35.401539196946246 ] } },
{ "type": "Feature", "properties": { "内容": "デイサービスセンター　おおやの郷【通所介護】兵庫県養父市大屋町笠谷41番地特別養護老人ホーム　おおやの郷", "url": "https://www.kaigokensaku.mhlw.go.jp/28/index.php?action_kouhyou_detail_004_kani=true&JigyosyoCd=2874800788-00&ServiceCd=150&Type=search", "url2": "http://www.aso.or.jp/" }, "geometry": { "type": "Point", "coordinates": [ 134.6606093, 35.3325583 ] } },
{ "type": "Feature", "properties": { "内容": "おかの花デイサービスセンター【通所介護】兵庫県丹波市春日町山田１７０", "url": "https://www.kaigokensaku.mhlw.go.jp/28/index.php?action_kouhyou_detail_004_kani=true&JigyosyoCd=2871300295-00&ServiceCd=150&Type=search", "url2": "http://okanohana.jp" }, "geometry": { "type": "Point", "coordinates": [ 135.083860700000059, 35.1842307 ] } },
{ "type": "Feature", "properties": { "内容": "デイサービスセンターひかり【通所介護】兵庫県丹波市春日町多利８４８番地１", "url": "https://www.kaigokensaku.mhlw.go.jp/28/index.php?action_kouhyou_detail_004_kani=true&JigyosyoCd=2871301418-00&ServiceCd=150&Type=search", "url2": null }, "geometry": { "type": "Point", "coordinates": [ 135.130337854488033, 35.186046817829698 ] } },
{ "type": "Feature", "properties": { "内容": "デイサービスわくわく【通所介護】兵庫県丹波市山南町谷川2033", "url": "https://www.kaigokensaku.mhlw.go.jp/28/index.php?action_kouhyou_detail_004_kani=true&JigyosyoCd=2871300642-00&ServiceCd=150&Type=search", "url2": null }, "geometry": { "type": "Point", "coordinates": [ 135.038695100000041, 35.077937500000033 ] } },
{ "type": "Feature", "properties": { "内容": "デイサービス　ファン【通所介護】兵庫県丹波市柏原町柏原1436-1", "url": "https://www.kaigokensaku.mhlw.go.jp/28/index.php?action_kouhyou_detail_004_kani=true&JigyosyoCd=2871301921-00&ServiceCd=150&Type=search", "url2": "http://www.seihoukai-grp.jp/iryou" }, "geometry": { "type": "Point", "coordinates": [ 135.073825400000032, 35.1327413 ] } },
{ "type": "Feature", "properties": { "内容": "デイサービス　てくてく【通所介護】兵庫県丹波市春日町中山1005", "url": "https://www.kaigokensaku.mhlw.go.jp/28/index.php?action_kouhyou_detail_004_kani=true&JigyosyoCd=2871301004-00&ServiceCd=150&Type=search", "url2": "http://www.tekuteku0033.com" }, "geometry": { "type": "Point", "coordinates": [ 135.163466100000051, 35.1448951 ] } },
{ "type": "Feature", "properties": { "内容": "はっぴいはうす　通所介護事業所【通所介護】兵庫県丹波市青垣町沢野９５番地の５", "url": "https://www.kaigokensaku.mhlw.go.jp/28/index.php?action_kouhyou_detail_004_kani=true&JigyosyoCd=2871300576-00&ServiceCd=150&Type=search", "url2": "http://happyhouse-tanba.jp/" }, "geometry": { "type": "Point", "coordinates": [ 135.004366399999981, 35.2501019 ] } },
{ "type": "Feature", "properties": { "内容": "一期一会倶楽部【通所介護】兵庫県丹波市市島町東勅使233-3", "url": "https://www.kaigokensaku.mhlw.go.jp/28/index.php?action_kouhyou_detail_004_kani=true&JigyosyoCd=2871301152-00&ServiceCd=150&Type=search", "url2": null }, "geometry": { "type": "Point", "coordinates": [ 135.127653838582916, 35.202250935150524 ] } },
{ "type": "Feature", "properties": { "内容": "老人デイサービスセンター柏原けやき苑【通所介護】丹波市柏原町北山２８９－１", "url": "https://www.kaigokensaku.mhlw.go.jp/28/index.php?action_kouhyou_detail_004_kani=true&JigyosyoCd=2871300493-00&ServiceCd=150&Type=search", "url2": "http://www.kaibara-keyaki.or.jp" }, "geometry": { "type": "Point", "coordinates": [ 135.044454200000018, 35.1353687 ] } },
{ "type": "Feature", "properties": { "内容": "もくせい通所介護事業所【通所介護】兵庫県丹波市青垣町東芦田1303番地", "url": "https://www.kaigokensaku.mhlw.go.jp/28/index.php?action_kouhyou_detail_004_kani=true&JigyosyoCd=2871300303-00&ServiceCd=150&Type=search", "url2": "keijyukinenkai.or.jp" }, "geometry": { "type": "Point", "coordinates": [ 135.037305, 35.2366013 ] } },
{ "type": "Feature", "properties": { "内容": "あべいすとリハビリセンター・志知【通所介護】兵庫県南あわじ市志知鈩53", "url": "https://www.kaigokensaku.mhlw.go.jp/28/index.php?action_kouhyou_detail_004_kani=true&JigyosyoCd=2871701021-00&ServiceCd=150&Type=search", "url2": "http://abeist.jp/" }, "geometry": { "type": "Point", "coordinates": [ 134.74373079999998, 34.3004147 ] } },
{ "type": "Feature", "properties": { "内容": "街かどステーションD-flap通所介護事業所【通所介護】八木養宜上446番地1", "url": "https://www.kaigokensaku.mhlw.go.jp/28/index.php?action_kouhyou_detail_004_kani=true&JigyosyoCd=2871700924-00&ServiceCd=150&Type=search", "url2": "http://www.machikado-t.com/" }, "geometry": { "type": "Point", "coordinates": [ 134.799337, 34.2982879 ] } },
{ "type": "Feature", "properties": { "内容": "三原デイサービスセンターやすらぎ【通所介護】兵庫県南あわじ市八木寺内３７３－１", "url": "https://www.kaigokensaku.mhlw.go.jp/28/index.php?action_kouhyou_detail_004_kani=true&JigyosyoCd=2871700239-00&ServiceCd=150&Type=search", "url2": "http://awaji-yasuragi.jp/" }, "geometry": { "type": "Point", "coordinates": [ 134.797748800000022, 34.2793235 ] } },
{ "type": "Feature", "properties": { "内容": "リハビリ特化型デイサービス　みんなの家【通所介護】兵庫県南あわじ市福良乙12番地", "url": "https://www.kaigokensaku.mhlw.go.jp/28/index.php?action_kouhyou_detail_004_kani=true&JigyosyoCd=2871701005-00&ServiceCd=150&Type=search", "url2": null }, "geometry": { "type": "Point", "coordinates": [ 134.718172799999962, 34.257376900000018 ] } },
{ "type": "Feature", "properties": { "内容": "デイサービスセンターあかとんぼ【通所介護】兵庫県南あわじ市八木大久保６０３－１", "url": "https://www.kaigokensaku.mhlw.go.jp/28/index.php?action_kouhyou_detail_004_kani=true&JigyosyoCd=2871700411-00&ServiceCd=150&Type=search", "url2": "http://www.hosutaa.com" }, "geometry": { "type": "Point", "coordinates": [ 134.794090399999959, 34.2935578 ] } },
{ "type": "Feature", "properties": { "内容": "南淡デイサービスセンターやすらぎ【通所介護】南あわじ市賀集野田７６４", "url": "https://www.kaigokensaku.mhlw.go.jp/28/index.php?action_kouhyou_detail_004_kani=true&JigyosyoCd=2871700809-00&ServiceCd=150&Type=search", "url2": "https://awajishima-fukushikai.or.jp/" }, "geometry": { "type": "Point", "coordinates": [ 134.7675686, 34.2648771 ] } },
{ "type": "Feature", "properties": { "内容": "老人デイサービスセンター「ケアセンター太陽の家」【通所介護】兵庫県南あわじ市八木養宜上1018番地", "url": "https://www.kaigokensaku.mhlw.go.jp/28/index.php?action_kouhyou_detail_004_kani=true&JigyosyoCd=2871700387-00&ServiceCd=150&Type=search", "url2": "http//:www.taiyonoie.jp" }, "geometry": { "type": "Point", "coordinates": [ 134.810146900000063, 34.3052429 ] } },
{ "type": "Feature", "properties": { "内容": "どんぐりの里デイサービスセンター【通所介護】松帆檪田５５０番地", "url": "https://www.kaigokensaku.mhlw.go.jp/28/index.php?action_kouhyou_detail_004_kani=true&JigyosyoCd=2871700825-00&ServiceCd=150&Type=search", "url2": "http://www.mikarikai.jp/" }, "geometry": { "type": "Point", "coordinates": [ 134.738172500000019, 34.3159627 ] } },
{ "type": "Feature", "properties": { "内容": "緑風デイサービスセンター【通所介護】兵庫県南あわじ市広田中筋1025-19", "url": "https://www.kaigokensaku.mhlw.go.jp/28/index.php?action_kouhyou_detail_004_kani=true&JigyosyoCd=2871700213-00&ServiceCd=150&Type=search", "url2": "http://ryokufuukan.sakura.ne.jp" }, "geometry": { "type": "Point", "coordinates": [ 134.831883699999906, 34.3169393 ] } },
{ "type": "Feature", "properties": { "内容": "デイサービスセンター緑風の郷【通所介護】兵庫県朝来市山東町一品４２４", "url": "https://www.kaigokensaku.mhlw.go.jp/28/index.php?action_kouhyou_detail_004_kani=true&JigyosyoCd=2874900158-00&ServiceCd=150&Type=search", "url2": "http://www.aso.or.jp/" }, "geometry": { "type": "Point", "coordinates": [ 134.909409800000049, 35.3069183 ] } },
{ "type": "Feature", "properties": { "内容": "いくの喜楽苑デイサービス「かいわ」【通所介護】兵庫県朝来市生野町竹原野240", "url": "https://www.kaigokensaku.mhlw.go.jp/28/index.php?action_kouhyou_detail_004_kani=true&JigyosyoCd=2874900372-00&ServiceCd=150&Type=search", "url2": "http://www.kirakuen.or.Jp" }, "geometry": { "type": "Point", "coordinates": [ 134.763925551218392, 35.164823743566366 ] } },
{ "type": "Feature", "properties": { "内容": "レッツ倶楽部朝来【通所介護】兵庫県朝来市和田山町比治２０３－１", "url": "https://www.kaigokensaku.mhlw.go.jp/28/index.php?action_kouhyou_detail_004_kani=true&JigyosyoCd=2874900562-00&ServiceCd=150&Type=search", "url2": "http://www.lets-club/asago" }, "geometry": { "type": "Point", "coordinates": [ 134.8531061, 35.321862 ] } },
{ "type": "Feature", "properties": { "内容": "デイサービスセンターなごみの郷【通所介護】和田山町林垣80-2", "url": "https://www.kaigokensaku.mhlw.go.jp/28/index.php?action_kouhyou_detail_004_kani=true&JigyosyoCd=2874900455-00&ServiceCd=150&Type=search", "url2": "http://shunyokai.or.jp" }, "geometry": { "type": "Point", "coordinates": [ 134.839343, 35.3568105 ] } },
{ "type": "Feature", "properties": { "内容": "佐野デイサービスセンター【通所介護】兵庫県淡路市佐野字高城８９３番地３", "url": "https://www.kaigokensaku.mhlw.go.jp/28/index.php?action_kouhyou_detail_004_kani=true&JigyosyoCd=2871600967-00&ServiceCd=150&Type=search", "url2": "https://www.chidorikai.com/" }, "geometry": { "type": "Point", "coordinates": [ 134.940380223062107, 34.465414265434134 ] } },
{ "type": "Feature", "properties": { "内容": "河上デイサービスセンター【通所介護】兵庫県淡路市志筑新島6-28", "url": "https://www.kaigokensaku.mhlw.go.jp/28/index.php?action_kouhyou_detail_004_kani=true&JigyosyoCd=2871601320-00&ServiceCd=150&Type=search", "url2": "http://www.hosutaa.com/index.html" }, "geometry": { "type": "Point", "coordinates": [ 134.900864399999989, 34.4261275 ] } },
{ "type": "Feature", "properties": { "内容": "千鳥会デイサービスセンターほほえみ【通所介護】兵庫県淡路市久留麻２８番地４１", "url": "https://www.kaigokensaku.mhlw.go.jp/28/index.php?action_kouhyou_detail_004_kani=true&JigyosyoCd=2871601023-00&ServiceCd=150&Type=search", "url2": "http://www.chidorikai.or.jp" }, "geometry": { "type": "Point", "coordinates": [ 134.993261524509307, 34.531325981416288 ] } },
{ "type": "Feature", "properties": { "内容": "ゆうらぎデイサービスセンター【通所介護】兵庫県淡路市育波字西地558番地2", "url": "https://www.kaigokensaku.mhlw.go.jp/28/index.php?action_kouhyou_detail_004_kani=true&JigyosyoCd=2871600876-00&ServiceCd=150&Type=search", "url2": "https://www.chidorikai.com" }, "geometry": { "type": "Point", "coordinates": [ 134.884656623909564, 34.524892039539353 ] } },
{ "type": "Feature", "properties": { "内容": "津名デイサービスセンター【通所介護】兵庫県淡路市大町畑字丈尺597番地4", "url": "https://www.kaigokensaku.mhlw.go.jp/28/index.php?action_kouhyou_detail_004_kani=true&JigyosyoCd=2871600132-00&ServiceCd=150&Type=search", "url2": "http://www.chidorikai.com" }, "geometry": { "type": "Point", "coordinates": [ 134.862800932437978, 34.428206969964016 ] } },
{ "type": "Feature", "properties": { "内容": "聖隷カーネーションホームデイサービスセンター【通所介護】兵庫県淡路市久留麻1863番地聖隷カーネーションホーム", "url": "https://www.kaigokensaku.mhlw.go.jp/28/index.php?action_kouhyou_detail_004_kani=true&JigyosyoCd=2871601080-00&ServiceCd=150&Type=search", "url2": "http://www.seirei.or.jp/elderlyhome/carnation/" }, "geometry": { "type": "Point", "coordinates": [ 134.987034799999947, 34.5239377 ] } },
{ "type": "Feature", "properties": { "内容": "聖隷ライフサポート津名【通所介護】兵庫県淡路市志筑1424-1", "url": "https://www.kaigokensaku.mhlw.go.jp/28/index.php?action_kouhyou_detail_004_kani=true&JigyosyoCd=2871601262-00&ServiceCd=150&Type=search", "url2": "http://www.seirei.or.jp/hq/" }, "geometry": { "type": "Point", "coordinates": [ 134.8993859, 34.4376525 ] } },
{ "type": "Feature", "properties": { "内容": "かおりの丘デイサービスセンター【通所介護】兵庫県淡路市高山甲４３０番３", "url": "https://www.kaigokensaku.mhlw.go.jp/28/index.php?action_kouhyou_detail_004_kani=true&JigyosyoCd=2871600298-00&ServiceCd=150&Type=search", "url2": "http://kaori.tokuyou.jp/" }, "geometry": { "type": "Point", "coordinates": [ 134.815926600000012, 34.4366089 ] } },
{ "type": "Feature", "properties": { "内容": "恋デイサービス【通所介護】兵庫県宍粟市山崎町下町881-1", "url": "https://www.kaigokensaku.mhlw.go.jp/28/index.php?action_kouhyou_detail_004_kani=true&JigyosyoCd=2873800748-00&ServiceCd=150&Type=search", "url2": null }, "geometry": { "type": "Point", "coordinates": [ 134.529781, 35.026064135190381 ] } },
{ "type": "Feature", "properties": { "内容": "社会福祉法人協同福祉会みどり苑【通所介護】兵庫県宍粟市一宮町福野162番地の1", "url": "https://www.kaigokensaku.mhlw.go.jp/28/index.php?action_kouhyou_detail_004_kani=true&JigyosyoCd=2873800029-00&ServiceCd=150&Type=search", "url2": "midorien-shiso.or.jp" }, "geometry": { "type": "Point", "coordinates": [ 134.620026700000039, 35.1756818 ] } },
{ "type": "Feature", "properties": { "内容": "通所介護事業やまさき白寿園【通所介護】兵庫県宍粟市山崎町春安１１１－１", "url": "https://www.kaigokensaku.mhlw.go.jp/28/index.php?action_kouhyou_detail_004_kani=true&JigyosyoCd=2873800300-00&ServiceCd=150&Type=search", "url2": "http:www.aoyama-med.gr.jp/yamasaki-hakujyu/" }, "geometry": { "type": "Point", "coordinates": [ 134.532200900000021, 35.003481 ] } },
{ "type": "Feature", "properties": { "内容": "JA兵庫西　高齢者生きがい発揮生活支援センター【通所介護】兵庫県宍粟市山崎町生谷１９１－１", "url": "https://www.kaigokensaku.mhlw.go.jp/28/index.php?action_kouhyou_detail_004_kani=true&JigyosyoCd=2873800441-00&ServiceCd=150&Type=search", "url2": "http://wwwja-hyogonishi.or.jp" }, "geometry": { "type": "Point", "coordinates": [ 134.543363399999947, 35.0147799 ] } },
{ "type": "Feature", "properties": { "内容": "宍粟市社会福祉協議会やすらぎ介護センター【通所介護】兵庫県宍粟市一宮町閏賀３００番地やすらぎ福祉センター内", "url": "https://www.kaigokensaku.mhlw.go.jp/28/index.php?action_kouhyou_detail_004_kani=true&JigyosyoCd=2873800631-00&ServiceCd=150&Type=search", "url2": "shakyo@shiso-wel.or.jp" }, "geometry": { "type": "Point", "coordinates": [ 134.580439233729521, 35.094644816185081 ] } },
{ "type": "Feature", "properties": { "内容": "通所介護事業しそうの杜【通所介護】兵庫県宍粟市山崎町川戸1821", "url": "https://www.kaigokensaku.mhlw.go.jp/28/index.php?action_kouhyou_detail_004_kani=true&JigyosyoCd=2873801043-00&ServiceCd=150&Type=search", "url2": "https://www.ontoku.or.jp/" }, "geometry": { "type": "Point", "coordinates": [ 134.541649273202552, 34.980155096113016 ] } },
{ "type": "Feature", "properties": { "内容": "社会福祉法人　正榮会　デイサービスセンターありがとう【通所介護】兵庫県宍粟市山崎町東下野２７３－２", "url": "https://www.kaigokensaku.mhlw.go.jp/28/index.php?action_kouhyou_detail_004_kani=true&JigyosyoCd=2873800508-00&ServiceCd=150&Type=search", "url2": "http://shoeikai.ueda-shiso.jp" }, "geometry": { "type": "Point", "coordinates": [ 134.515323599999988, 35.0500319 ] } },
{ "type": "Feature", "properties": { "内容": "デイサービスセンターかえで園【通所介護】兵庫県宍粟市波賀町安賀４５０－２", "url": "https://www.kaigokensaku.mhlw.go.jp/28/index.php?action_kouhyou_detail_004_kani=true&JigyosyoCd=2873800326-00&ServiceCd=150&Type=search", "url2": "https://haganosato.jp/" }, "geometry": { "type": "Point", "coordinates": [ 134.5437958, 35.1564093 ] } },
{ "type": "Feature", "properties": { "内容": "あすなろ【通所介護】兵庫県宍粟市山崎町川戸７４３", "url": "https://www.kaigokensaku.mhlw.go.jp/28/index.php?action_kouhyou_detail_004_kani=true&JigyosyoCd=2873800672-00&ServiceCd=150&Type=search", "url2": "http://satuki01999.wixsite.ocm/home" }, "geometry": { "type": "Point", "coordinates": [ 134.55193822698368, 34.976735450626357 ] } },
{ "type": "Feature", "properties": { "内容": "ラポートやしろデイサービスセンター【通所介護】加東市社２５", "url": "https://www.kaigokensaku.mhlw.go.jp/28/index.php?action_kouhyou_detail_004_kani=true&JigyosyoCd=2872500471-00&ServiceCd=150&Type=search", "url2": "http://kato-shakyo.or.jp/" }, "geometry": { "type": "Point", "coordinates": [ 134.973972900000035, 34.9176927 ] } },
{ "type": "Feature", "properties": { "内容": "社すみれ園デイサービスセンター【通所介護】兵庫県加東市藤田字東山９４４－２７", "url": "https://www.kaigokensaku.mhlw.go.jp/28/index.php?action_kouhyou_detail_004_kani=true&JigyosyoCd=2872500588-00&ServiceCd=150&Type=search", "url2": "http://www.yashiro-sumire.com" }, "geometry": { "type": "Point", "coordinates": [ 135.000251333465599, 34.910365795668994 ] } },
{ "type": "Feature", "properties": { "内容": "メイフラワーデイサービス【通所介護】兵庫県加東市屋度736-262", "url": "https://www.kaigokensaku.mhlw.go.jp/28/index.php?action_kouhyou_detail_004_kani=true&JigyosyoCd=2872500885-00&ServiceCd=150&Type=search", "url2": "https://mayflowerday.com/" }, "geometry": { "type": "Point", "coordinates": [ 134.96222130000001, 34.8954396 ] } },
{ "type": "Feature", "properties": { "内容": "加東市東条デイサービスセンター【通所介護】兵庫県加東市岡本１５７１－１", "url": "https://www.kaigokensaku.mhlw.go.jp/28/index.php?action_kouhyou_detail_004_kani=true&JigyosyoCd=2872500497-00&ServiceCd=150&Type=search", "url2": null }, "geometry": { "type": "Point", "coordinates": [ 135.0500515, 34.8944897 ] } },
{ "type": "Feature", "properties": { "内容": "フロイデ滝野デイサービスセンター【通所介護】兵庫県加東市下滝野１２８３－３７", "url": "https://www.kaigokensaku.mhlw.go.jp/28/index.php?action_kouhyou_detail_004_kani=true&JigyosyoCd=2872500125-00&ServiceCd=150&Type=search", "url2": "http://www.furoide-takino.or.jp" }, "geometry": { "type": "Point", "coordinates": [ 134.93431540000006, 34.9463479 ] } },
{ "type": "Feature", "properties": { "内容": "伽の里デイサービスセンター【通所介護】兵庫県加東市天神６０８番地", "url": "https://www.kaigokensaku.mhlw.go.jp/28/index.php?action_kouhyou_detail_004_kani=true&JigyosyoCd=2872500232-00&ServiceCd=150&Type=search", "url2": "http://www.hinode-wf.com/fukushi/togi/" }, "geometry": { "type": "Point", "coordinates": [ 135.061686799999961, 34.9124994 ] } },
{ "type": "Feature", "properties": { "内容": "はぴねす滝野通所介護事業所【通所介護】兵庫県加東市下滝野１２８３－１", "url": "https://www.kaigokensaku.mhlw.go.jp/28/index.php?action_kouhyou_detail_004_kani=true&JigyosyoCd=2872500489-00&ServiceCd=150&Type=search", "url2": "http://kato-shakyo.or.jp/" }, "geometry": { "type": "Point", "coordinates": [ 134.934001599999988, 34.9437009 ] } },
{ "type": "Feature", "properties": { "内容": "シスナブ御津デイサービスセンター【通所介護】兵庫県たつの市御津町中島980-3", "url": "https://www.kaigokensaku.mhlw.go.jp/28/index.php?action_kouhyou_detail_004_kani=true&JigyosyoCd=2874100395-00&ServiceCd=150&Type=search", "url2": "http://www.yumekoubou.or.jp/" }, "geometry": { "type": "Point", "coordinates": [ 134.556618500000013, 34.7935458 ] } },
{ "type": "Feature", "properties": { "内容": "デイサービス　ひなた【通所介護】揖保川町山津屋67", "url": "https://www.kaigokensaku.mhlw.go.jp/28/index.php?action_kouhyou_detail_004_kani=true&JigyosyoCd=2873601310-00&ServiceCd=150&Type=search", "url2": "https://bloom-t.com/" }, "geometry": { "type": "Point", "coordinates": [ 134.5258775, 34.8225449 ] } },
{ "type": "Feature", "properties": { "内容": "揖保の郷　通所介護事業【通所介護】兵庫県たつの市揖保川町馬場７４７番地", "url": "https://www.kaigokensaku.mhlw.go.jp/28/index.php?action_kouhyou_detail_004_kani=true&JigyosyoCd=2874100221-00&ServiceCd=150&Type=search", "url2": "https://www.harimaseibu.com/" }, "geometry": { "type": "Point", "coordinates": [ 134.516381200000069, 34.7934002 ] } },
{ "type": "Feature", "properties": { "内容": "あっぷるデイサービス龍野【通所介護】たつの市龍野町富永505-1", "url": "https://www.kaigokensaku.mhlw.go.jp/28/index.php?action_kouhyou_detail_004_kani=true&JigyosyoCd=2873600908-00&ServiceCd=150&Type=search", "url2": "http://www.apple-117.jp/" }, "geometry": { "type": "Point", "coordinates": [ 134.549176100000068, 34.8550936 ] } },
{ "type": "Feature", "properties": { "内容": "いぼがわ荘通所介護事業所【通所介護】兵庫県たつの市揖保川町半田608番地1", "url": "https://www.kaigokensaku.mhlw.go.jp/28/index.php?action_kouhyou_detail_004_kani=true&JigyosyoCd=2874100379-00&ServiceCd=150&Type=search", "url2": "https://www.ibogawa-hospital.jp/ibogawasou/index.html" }, "geometry": { "type": "Point", "coordinates": [ 134.535705399999983, 34.8461196 ] } },
{ "type": "Feature", "properties": { "内容": "デイサービスＣＨＩＡＫＩほおずき揖保川【通所介護】たつの市揖保川町正條1134番地", "url": "https://www.kaigokensaku.mhlw.go.jp/28/index.php?action_kouhyou_detail_004_kani=true&JigyosyoCd=2873600551-00&ServiceCd=150&Type=search", "url2": "http://www.chiaki-hozuki.co.jp" }, "geometry": { "type": "Point", "coordinates": [ 134.527620599999977, 34.8215113 ] } },
{ "type": "Feature", "properties": { "内容": "株式会社のもと　デイサービス綾部山荘【通所介護】兵庫県たつの市御津町黒崎１６５８－１", "url": "https://www.kaigokensaku.mhlw.go.jp/28/index.php?action_kouhyou_detail_004_kani=true&JigyosyoCd=2874100569-00&ServiceCd=150&Type=search", "url2": "http://www.nomoto-ayabe.com" }, "geometry": { "type": "Point", "coordinates": [ 134.552098500000056, 34.7730864 ] } },
{ "type": "Feature", "properties": { "内容": "むれさきデイサービス新宮【通所介護】たつの市新宮町井野原４８１－１", "url": "https://www.kaigokensaku.mhlw.go.jp/28/index.php?action_kouhyou_detail_004_kani=true&JigyosyoCd=2874100601-00&ServiceCd=150&Type=search", "url2": "http://www.syousikai.jp/" }, "geometry": { "type": "Point", "coordinates": [ 134.549705, 34.9065545 ] } },
{ "type": "Feature", "properties": { "内容": "あすなろリハビリスタジオ龍野店【通所介護】兵庫県たつの市龍野町日飼61-3", "url": "https://www.kaigokensaku.mhlw.go.jp/28/index.php?action_kouhyou_detail_004_kani=true&JigyosyoCd=2873601161-00&ServiceCd=150&Type=search", "url2": "https://yume-reha.co.jp/studio/asunaro_tatsuno/" }, "geometry": { "type": "Point", "coordinates": [ 134.553971263229357, 34.871012316153291 ] } },
{ "type": "Feature", "properties": { "内容": "新宮町デイサービスセンター　あすかの園【通所介護】兵庫県たつの市新宮町平野692-23", "url": "https://www.kaigokensaku.mhlw.go.jp/28/index.php?action_kouhyou_detail_004_kani=true&JigyosyoCd=2874100270-00&ServiceCd=150&Type=search", "url2": "http://www.kurisunosou.or.jp/" }, "geometry": { "type": "Point", "coordinates": [ 134.534286699999939, 34.9311955 ] } },
{ "type": "Feature", "properties": { "内容": "龍野デイサービスセンター赤とんぼ【通所介護】兵庫県たつの市龍野町日山３８－３６", "url": "https://www.kaigokensaku.mhlw.go.jp/28/index.php?action_kouhyou_detail_004_kani=true&JigyosyoCd=2873600957-00&ServiceCd=150&Type=search", "url2": "http://www4.hp-ez.com/hp/rihabiriakatonbo/" }, "geometry": { "type": "Point", "coordinates": [ 134.541699, 34.8607899 ] } },
{ "type": "Feature", "properties": { "内容": "トマト指定通所介護センター【通所介護】兵庫県たつの市揖保町中臣510", "url": "https://www.kaigokensaku.mhlw.go.jp/28/index.php?action_kouhyou_detail_004_kani=true&JigyosyoCd=2873600874-00&ServiceCd=150&Type=search", "url2": "https://www.kounankai.jp/" }, "geometry": { "type": "Point", "coordinates": [ 134.548879299999953, 34.8394347 ] } },
{ "type": "Feature", "properties": { "内容": "デイサービスセンター安心【通所介護】揖西町中垣内甲268-1", "url": "https://www.kaigokensaku.mhlw.go.jp/28/index.php?action_kouhyou_detail_004_kani=true&JigyosyoCd=2873601203-00&ServiceCd=150&Type=search", "url2": "https://mawmec.hp.peraichi.com/" }, "geometry": { "type": "Point", "coordinates": [ 134.5172245, 34.8933403 ] } },
{ "type": "Feature", "properties": { "内容": "西はりまグリーンホームデイサービスセンター【通所介護】兵庫県たつの市誉田町福田７８０－１", "url": "https://www.kaigokensaku.mhlw.go.jp/28/index.php?action_kouhyou_detail_004_kani=true&JigyosyoCd=2873600056-00&ServiceCd=150&Type=search", "url2": "http://www.enshoukai.com/" }, "geometry": { "type": "Point", "coordinates": [ 134.576959799999941, 34.84955 ] } },
{ "type": "Feature", "properties": { "内容": "夜間型デイサービスセンター灯里【通所介護】兵庫県たつの市龍野町堂本字乗屋敷５３７-１", "url": "https://www.kaigokensaku.mhlw.go.jp/28/index.php?action_kouhyou_detail_004_kani=true&JigyosyoCd=2873600643-00&ServiceCd=150&Type=search", "url2": null }, "geometry": { "type": "Point", "coordinates": [ 134.553278299999988, 34.8601484 ] } },
{ "type": "Feature", "properties": { "内容": "桑の実園デイサービスセンター【通所介護】たつの市揖西町小神字塚原１５５１番地", "url": "https://www.kaigokensaku.mhlw.go.jp/28/index.php?action_kouhyou_detail_004_kani=true&JigyosyoCd=2873600197-00&ServiceCd=150&Type=search", "url2": "http://www.kuwanomien.jp/" }, "geometry": { "type": "Point", "coordinates": [ 134.533030599999961, 34.8603788 ] } },
{ "type": "Feature", "properties": { "内容": "デイサービスセンターオアシス【通所介護】兵庫県たつの市龍野町島田６６９番地１", "url": "https://www.kaigokensaku.mhlw.go.jp/28/index.php?action_kouhyou_detail_004_kani=true&JigyosyoCd=2873600262-00&ServiceCd=150&Type=search", "url2": "http://www.tatsuno-central-hospital.jp" }, "geometry": { "type": "Point", "coordinates": [ 134.554678344065906, 34.874926122518254 ] } },
{ "type": "Feature", "properties": { "内容": "デイサービス　杏の里御津NO.9【通所介護】御津町中島字岩崎98", "url": "https://www.kaigokensaku.mhlw.go.jp/28/index.php?action_kouhyou_detail_004_kani=true&JigyosyoCd=2873601153-00&ServiceCd=150&Type=search", "url2": null }, "geometry": { "type": "Point", "coordinates": [ 134.56525153150605, 34.797612183319643 ] } },
{ "type": "Feature", "properties": { "内容": "リハビリセンター癒々たつの【通所介護】兵庫県たつの市龍野町富永1005-54たつのシティテナントビル1Ｆ", "url": "https://www.kaigokensaku.mhlw.go.jp/28/index.php?action_kouhyou_detail_004_kani=true&JigyosyoCd=2873600932-00&ServiceCd=150&Type=search", "url2": "http://imone.jp/" }, "geometry": { "type": "Point", "coordinates": [ 134.543671099999983, 34.8556545 ] } },
{ "type": "Feature", "properties": { "内容": "ゆうあいデイサービスセンター【通所介護】兵庫県川辺郡猪名川町北田原字南山14-2ゆうあいセンター", "url": "https://www.kaigokensaku.mhlw.go.jp/28/index.php?action_kouhyou_detail_004_kani=true&JigyosyoCd=2873200139-00&ServiceCd=150&Type=search", "url2": "http://www.inagawa-shakyo.or.jp/" }, "geometry": { "type": "Point", "coordinates": [ 135.3704209, 34.9109692 ] } },
{ "type": "Feature", "properties": { "内容": "しゃかいふくしほうじんあかね　てんがそうし【通所介護】兵庫県川辺郡猪名川町伏見台1-1-70", "url": "https://www.kaigokensaku.mhlw.go.jp/28/index.php?action_kouhyou_detail_004_kani=true&JigyosyoCd=2873200477-00&ServiceCd=150&Type=search", "url2": "http://www.e-akane.com/blog/" }, "geometry": { "type": "Point", "coordinates": [ 135.391974399999981, 34.908405500000015 ] } },
{ "type": "Feature", "properties": { "内容": "なでしこｺﾝﾃﾞｨｼｮﾆﾝｸﾞデイサービス【通所介護】川辺郡猪名川町松尾台3-1-2", "url": "https://www.kaigokensaku.mhlw.go.jp/28/index.php?action_kouhyou_detail_004_kani=true&JigyosyoCd=2873200378-00&ServiceCd=150&Type=search", "url2": "https://www.nadesikodei.jp/" }, "geometry": { "type": "Point", "coordinates": [ 135.392171599999983, 34.9055169 ] } },
{ "type": "Feature", "properties": { "内容": "ホープホームデイサービスリハビリセンター猪名川【通所介護】兵庫県川辺郡猪名川町若葉1-4-4", "url": "https://www.kaigokensaku.mhlw.go.jp/28/index.php?action_kouhyou_detail_004_kani=true&JigyosyoCd=2873200394-00&ServiceCd=150&Type=search", "url2": null }, "geometry": { "type": "Point", "coordinates": [ 135.366836315344244, 34.902150488603624 ] } },
{ "type": "Feature", "properties": { "内容": "デイサービス　かがやき【通所介護】兵庫県川辺郡猪名川町若葉2-41-2グッド・サマリタンホーム", "url": "https://www.kaigokensaku.mhlw.go.jp/28/index.php?action_kouhyou_detail_004_kani=true&JigyosyoCd=2873200451-00&ServiceCd=150&Type=search", "url2": "www.gsckagayaki.org" }, "geometry": { "type": "Point", "coordinates": [ 135.373374850926211, 34.89662770842277 ] } },
{ "type": "Feature", "properties": { "内容": "デイサービスセンターパワーリハビリ倶楽部【通所介護】兵庫県多可郡多可町中区鍛冶屋８４６-2", "url": "https://www.kaigokensaku.mhlw.go.jp/28/index.php?action_kouhyou_detail_004_kani=true&JigyosyoCd=2872700428-00&ServiceCd=150&Type=search", "url2": "http://www.power-reha.jp/" }, "geometry": { "type": "Point", "coordinates": [ 134.936351300000069, 35.0724276 ] } },
{ "type": "Feature", "properties": { "内容": "いきいきデイサービスセンター【通所介護】兵庫県多可郡多可町中区鍛冶屋763-3", "url": "https://www.kaigokensaku.mhlw.go.jp/28/index.php?action_kouhyou_detail_004_kani=true&JigyosyoCd=2872700295-00&ServiceCd=150&Type=search", "url2": "https://siawase-sou.com" }, "geometry": { "type": "Point", "coordinates": [ 134.9312459, 35.0702102 ] } },
{ "type": "Feature", "properties": { "内容": "デイサ－ビスけやきの里【通所介護】中区牧野字国木谷166-25・166-33", "url": "https://www.kaigokensaku.mhlw.go.jp/28/index.php?action_kouhyou_detail_004_kani=true&JigyosyoCd=2872700535-00&ServiceCd=150&Type=search", "url2": "nakanosatookoshi-yasu.com/" }, "geometry": { "type": "Point", "coordinates": [ 136.91025060000004, 35.1687066 ] } },
{ "type": "Feature", "properties": { "内容": "特定非営利活動法人宅老所ろまん【通所介護】多可郡多可町安楽田９８０ー４３", "url": "https://www.kaigokensaku.mhlw.go.jp/28/index.php?action_kouhyou_detail_004_kani=true&JigyosyoCd=2872700352-00&ServiceCd=150&Type=search", "url2": "https://roman7117.com" }, "geometry": { "type": "Point", "coordinates": [ 134.903832400000056, 35.077245400000017 ] } },
{ "type": "Feature", "properties": { "内容": "デイサービスセンターきじの荘【通所介護】兵庫県多可郡多可町八千代区俵田１１１－２７", "url": "https://www.kaigokensaku.mhlw.go.jp/28/index.php?action_kouhyou_detail_004_kani=true&JigyosyoCd=2872700196-00&ServiceCd=150&Type=search", "url2": "http://www.rakuenkai.or.jp" }, "geometry": { "type": "Point", "coordinates": [ 134.891776400000026, 35.0149509 ] } },
{ "type": "Feature", "properties": { "内容": "デイサービスセンターやすらぎ【通所介護】兵庫県多可郡多可町加美区市原４１番地", "url": "https://www.kaigokensaku.mhlw.go.jp/28/index.php?action_kouhyou_detail_004_kani=true&JigyosyoCd=2872700477-00&ServiceCd=150&Type=search", "url2": "https://www.taka-syakyo.or.jp" }, "geometry": { "type": "Point", "coordinates": [ 134.922334, 35.1366704 ] } },
{ "type": "Feature", "properties": { "内容": "デイサービスセンター　ＪＡはなかご　てんま【通所介護】兵庫県加古郡稲美町国岡５１９", "url": "https://www.kaigokensaku.mhlw.go.jp/28/index.php?action_kouhyou_detail_004_kani=true&JigyosyoCd=2872800889-00&ServiceCd=150&Type=search", "url2": "https://www.fukuinaho.jp" }, "geometry": { "type": "Point", "coordinates": [ 134.9028175, 34.7480867 ] } },
{ "type": "Feature", "properties": { "内容": "デイサービスセンターＪＡはなかご【通所介護】兵庫県加古郡稲美町加古2335-3", "url": "https://www.kaigokensaku.mhlw.go.jp/28/index.php?action_kouhyou_detail_004_kani=true&JigyosyoCd=2872800194-00&ServiceCd=150&Type=search", "url2": "https://www.fukuinaho.jp/" }, "geometry": { "type": "Point", "coordinates": [ 134.907426500000042, 34.7631638 ] } },
{ "type": "Feature", "properties": { "内容": "稲美苑デイサービスセンター【通所介護】兵庫県加古郡稲美町国安字新開1256番地", "url": "https://www.kaigokensaku.mhlw.go.jp/28/index.php?action_kouhyou_detail_004_kani=true&JigyosyoCd=2872800160-00&ServiceCd=150&Type=search", "url2": "https://hinode.or.jp" }, "geometry": { "type": "Point", "coordinates": [ 134.91795060000004, 34.747174 ] } },
{ "type": "Feature", "properties": { "内容": "みのりデイサービスセンター稲美【通所介護】加古郡稲美町国岡１丁目９３", "url": "https://www.kaigokensaku.mhlw.go.jp/28/index.php?action_kouhyou_detail_004_kani=true&JigyosyoCd=2872800517-00&ServiceCd=150&Type=search", "url2": "http://wel-fare.co.jp/" }, "geometry": { "type": "Point", "coordinates": [ 134.916259099999934, 34.7493627 ] } },
{ "type": "Feature", "properties": { "内容": "リハプライドINAMI【通所介護】兵庫県加古郡稲美町加古5144-2", "url": "https://www.kaigokensaku.mhlw.go.jp/28/index.php?action_kouhyou_detail_004_kani=true&JigyosyoCd=2872800913-00&ServiceCd=150&Type=search", "url2": "https://www.rehapride.co.jp/inami/" }, "geometry": { "type": "Point", "coordinates": [ 134.9077609, 34.7604875 ] } },
{ "type": "Feature", "properties": { "内容": "あえの里デイサービスセンター【通所介護】兵庫県加古郡播磨町北古田１丁目17番37号", "url": "https://www.kaigokensaku.mhlw.go.jp/28/index.php?action_kouhyou_detail_004_kani=true&JigyosyoCd=2872800178-00&ServiceCd=150&Type=search", "url2": "http://www.aenosato.jp" }, "geometry": { "type": "Point", "coordinates": [ 134.869417, 34.7264286 ] } },
{ "type": "Feature", "properties": { "内容": "デイサービスセンター和の花【通所介護】兵庫県加古郡播磨町古宮１－１－６", "url": "https://www.kaigokensaku.mhlw.go.jp/28/index.php?action_kouhyou_detail_004_kani=true&JigyosyoCd=2872800368-00&ServiceCd=150&Type=search", "url2": "https://wanohana.wixsite.com/wanohana" }, "geometry": { "type": "Point", "coordinates": [ 134.8691112, 34.7142514 ] } },
{ "type": "Feature", "properties": { "内容": "兵庫県加古郡播磨町古田1-4-59【通所介護】兵庫県加古郡播磨町古田１－４－５９", "url": "https://www.kaigokensaku.mhlw.go.jp/28/index.php?action_kouhyou_detail_004_kani=true&JigyosyoCd=2872800756-00&ServiceCd=150&Type=search", "url2": null }, "geometry": { "type": "Point", "coordinates": [ 134.866281100000037, 34.7249926 ] } },
{ "type": "Feature", "properties": { "内容": "城の宮デイサービスセンター【通所介護】加古郡播磨町野添城3丁目5-23", "url": "https://www.kaigokensaku.mhlw.go.jp/28/index.php?action_kouhyou_detail_004_kani=true&JigyosyoCd=2872800277-00&ServiceCd=150&Type=search", "url2": null }, "geometry": { "type": "Point", "coordinates": [ 134.879393730024759, 34.729772488663215 ] } },
{ "type": "Feature", "properties": { "内容": "デイサービスＣＨＩＡＫＩほおずき播磨【通所介護】加古郡播磨町東野添２丁目１８番６号", "url": "https://www.kaigokensaku.mhlw.go.jp/28/index.php?action_kouhyou_detail_004_kani=true&JigyosyoCd=2872800285-00&ServiceCd=150&Type=search", "url2": "http://www.chiaki-hozuki.co.jp" }, "geometry": { "type": "Point", "coordinates": [ 134.881388099999981, 34.7147022 ] } },
{ "type": "Feature", "properties": { "内容": "播磨町デイサービスセンター【通所介護】兵庫県加古郡播磨町南大中1丁目8番50号", "url": "https://www.kaigokensaku.mhlw.go.jp/28/index.php?action_kouhyou_detail_004_kani=true&JigyosyoCd=2872800186-00&ServiceCd=150&Type=search", "url2": "http://www.harima-wel.or.jp/" }, "geometry": { "type": "Point", "coordinates": [ 134.8681504, 34.7202015 ] } },
{ "type": "Feature", "properties": { "内容": "元気が一番　播磨店【通所介護】加古郡播磨町野添267-1コープ播磨別棟", "url": "https://www.kaigokensaku.mhlw.go.jp/28/index.php?action_kouhyou_detail_004_kani=true&JigyosyoCd=2872800897-00&ServiceCd=150&Type=search", "url2": "http://www.genkigaichiban.com/index.html" }, "geometry": { "type": "Point", "coordinates": [ 134.873261915869108, 34.715589005079131 ] } },
{ "type": "Feature", "properties": { "内容": "お散歩デイ　によん【通所介護】甘地187-1", "url": "https://www.kaigokensaku.mhlw.go.jp/28/index.php?action_kouhyou_detail_004_kani=true&JigyosyoCd=2873401000-00&ServiceCd=150&Type=search", "url2": "http://www.niyon.net" }, "geometry": { "type": "Point", "coordinates": [ 134.758991528836077, 34.993135107194725 ] } },
{ "type": "Feature", "properties": { "内容": "デイサービスセンター歩歩市川【通所介護】兵庫県神崎郡市川町田中２２７－１", "url": "https://www.kaigokensaku.mhlw.go.jp/28/index.php?action_kouhyou_detail_004_kani=true&JigyosyoCd=2873400903-00&ServiceCd=150&Type=search", "url2": null }, "geometry": { "type": "Point", "coordinates": [ 134.751967, 35.011546 ] } },
{ "type": "Feature", "properties": { "内容": "リハビリセンター健康堂【通所介護】兵庫県神崎郡市川町甘地171-18", "url": "https://www.kaigokensaku.mhlw.go.jp/28/index.php?action_kouhyou_detail_004_kani=true&JigyosyoCd=2873401182-00&ServiceCd=150&Type=search", "url2": null }, "geometry": { "type": "Point", "coordinates": [ 134.758535367757304, 34.9931119 ] } },
{ "type": "Feature", "properties": { "内容": "ＪＡ兵庫西甘地介護センター【通所介護】兵庫県神崎郡市川町甘地８０４番地の１", "url": "https://www.kaigokensaku.mhlw.go.jp/28/index.php?action_kouhyou_detail_004_kani=true&JigyosyoCd=2873400960-00&ServiceCd=150&Type=search", "url2": "http://www.ja-hyogonishi.or.jp" }, "geometry": { "type": "Point", "coordinates": [ 134.758800400000041, 34.9885512 ] } },
{ "type": "Feature", "properties": { "内容": "ひまわり荘　デイサービス【通所介護】神崎郡市川町下牛尾680", "url": "https://www.kaigokensaku.mhlw.go.jp/28/index.php?action_kouhyou_detail_004_kani=true&JigyosyoCd=2873400275-00&ServiceCd=150&Type=search", "url2": "http://www.himawarisou.or.jp" }, "geometry": { "type": "Point", "coordinates": [ 134.8209971, 35.0013723 ] } },
{ "type": "Feature", "properties": { "内容": "愛の里デイサービスセンター【通所介護】兵庫県神崎郡福崎町大貫2321-1", "url": "https://www.kaigokensaku.mhlw.go.jp/28/index.php?action_kouhyou_detail_004_kani=true&JigyosyoCd=2873400861-00&ServiceCd=150&Type=search", "url2": null }, "geometry": { "type": "Point", "coordinates": [ 134.783779200000026, 34.9522299 ] } },
{ "type": "Feature", "properties": { "内容": "季節の華株式会社【通所介護】兵庫県神崎郡福崎町福崎新365", "url": "https://www.kaigokensaku.mhlw.go.jp/28/index.php?action_kouhyou_detail_004_kani=true&JigyosyoCd=2873401034-00&ServiceCd=150&Type=search", "url2": null }, "geometry": { "type": "Point", "coordinates": [ 134.750315600000022, 34.9501408 ] } },
{ "type": "Feature", "properties": { "内容": "福崎町第１老人デイサービスセンターなぐさの郷【通所介護】兵庫県神崎郡福崎町西治４７４－６", "url": "https://www.kaigokensaku.mhlw.go.jp/28/index.php?action_kouhyou_detail_004_kani=true&JigyosyoCd=2873400309-00&ServiceCd=150&Type=search", "url2": null }, "geometry": { "type": "Point", "coordinates": [ 134.742627399999947, 34.9550014 ] } },
{ "type": "Feature", "properties": { "内容": "福崎町第２老人デイサービスセンター　すみよしの郷【通所介護】兵庫県神崎郡福崎町大貫４４６番地", "url": "https://www.kaigokensaku.mhlw.go.jp/28/index.php?action_kouhyou_detail_004_kani=true&JigyosyoCd=2873400556-00&ServiceCd=150&Type=search", "url2": "https://www.shakyo.or.jp/hp/index.php?s=1236" }, "geometry": { "type": "Point", "coordinates": [ 134.784290300000066, 34.9447558 ] } },
{ "type": "Feature", "properties": { "内容": "デイサービスセンター虹の森【通所介護】兵庫県神崎郡福崎町八千種2252番地城谷医院2階", "url": "https://www.kaigokensaku.mhlw.go.jp/28/index.php?action_kouhyou_detail_004_kani=true&JigyosyoCd=2873401315-00&ServiceCd=150&Type=search", "url2": null }, "geometry": { "type": "Point", "coordinates": [ 134.7823405, 34.9306125 ] } },
{ "type": "Feature", "properties": { "内容": "花さきデイサービス【通所介護】兵庫県　神崎郡　福崎町　西治1487-1", "url": "https://www.kaigokensaku.mhlw.go.jp/28/index.php?action_kouhyou_detail_004_kani=true&JigyosyoCd=2873401117-00&ServiceCd=150&Type=search", "url2": "https://www.neverland.or.jp" }, "geometry": { "type": "Point", "coordinates": [ 134.741221900000028, 34.9536766 ] } },
{ "type": "Feature", "properties": { "内容": "共生型デイサービスケアLabo【通所介護】西田原962番地", "url": "https://www.kaigokensaku.mhlw.go.jp/28/index.php?action_kouhyou_detail_004_kani=true&JigyosyoCd=2873401299-00&ServiceCd=150&Type=search", "url2": "https;//www.carelabo.or.jp" }, "geometry": { "type": "Point", "coordinates": [ 134.7685586, 34.954945 ] } },
{ "type": "Feature", "properties": { "内容": "うぐいす荘通所介護事業所【通所介護】兵庫県神崎郡神河町福本字中茶屋山1241-3", "url": "https://www.kaigokensaku.mhlw.go.jp/28/index.php?action_kouhyou_detail_004_kani=true&JigyosyoCd=2873400465-00&ServiceCd=150&Type=search", "url2": "http://www.houjyu-kai.or.jp/" }, "geometry": { "type": "Point", "coordinates": [ 134.771063799999979, 35.058386 ] } },
{ "type": "Feature", "properties": { "内容": "あやめ苑通所介護事業所【通所介護】兵庫県神崎郡神河町比延２７７番地", "url": "https://www.kaigokensaku.mhlw.go.jp/28/index.php?action_kouhyou_detail_004_kani=true&JigyosyoCd=2873400283-00&ServiceCd=150&Type=search", "url2": "http://kourin-ayame.or.jp" }, "geometry": { "type": "Point", "coordinates": [ 134.740169700000024, 35.0603045 ] } },
{ "type": "Feature", "properties": { "内容": "「さくら」デイサービスセンター神崎【通所介護】兵庫県神崎郡神河町吉冨1597-1", "url": "https://www.kaigokensaku.mhlw.go.jp/28/index.php?action_kouhyou_detail_004_kani=true&JigyosyoCd=2873400572-00&ServiceCd=150&Type=search", "url2": null }, "geometry": { "type": "Point", "coordinates": [ 134.7771434, 35.0732792 ] } },
{ "type": "Feature", "properties": { "内容": "リハビリテーション颯　太子【通所介護】兵庫県揖保郡太子町矢田部179-1", "url": "https://www.kaigokensaku.mhlw.go.jp/28/index.php?action_kouhyou_detail_004_kani=true&JigyosyoCd=2874100809-00&ServiceCd=150&Type=search", "url2": "https://hinode.or.jp/establishment/sotaishi/" }, "geometry": { "type": "Point", "coordinates": [ 134.58343264946464, 34.825485289122575 ] } },
{ "type": "Feature", "properties": { "内容": "みのりデイサービスセンター太子【通所介護】兵庫県揖保郡太子町東南４１３－１", "url": "https://www.kaigokensaku.mhlw.go.jp/28/index.php?action_kouhyou_detail_004_kani=true&JigyosyoCd=2874100668-00&ServiceCd=150&Type=search", "url2": "https://wel-fare.co.jp/" }, "geometry": { "type": "Point", "coordinates": [ 134.588728800000013, 34.8288612 ] } },
{ "type": "Feature", "properties": { "内容": "太子の郷　デイサービス【通所介護】兵庫県揖保郡太子町太田231番地の1", "url": "https://www.kaigokensaku.mhlw.go.jp/28/index.php?action_kouhyou_detail_004_kani=true&JigyosyoCd=2874100858-00&ServiceCd=150&Type=search", "url2": "http://taishinosato.org/" }, "geometry": { "type": "Point", "coordinates": [ 134.598354200000017, 34.8358394 ] } },
{ "type": "Feature", "properties": { "内容": "デイサービスふるさとのたより太子【通所介護】兵庫県揖保郡太子町馬場284-1", "url": "https://www.kaigokensaku.mhlw.go.jp/28/index.php?action_kouhyou_detail_004_kani=true&JigyosyoCd=2874101047-00&ServiceCd=150&Type=search", "url2": null }, "geometry": { "type": "Point", "coordinates": [ 134.571853499999946, 34.8411205 ] } },
{ "type": "Feature", "properties": { "内容": "まほろばの里デイサービスセンター【通所介護】兵庫県揖保郡太子町塚森125-1", "url": "https://www.kaigokensaku.mhlw.go.jp/28/index.php?action_kouhyou_detail_004_kani=true&JigyosyoCd=2874100486-00&ServiceCd=150&Type=search", "url2": "http://mahorobanosato.jp/" }, "geometry": { "type": "Point", "coordinates": [ 134.570466600000032, 34.8142658 ] } },
{ "type": "Feature", "properties": { "内容": "デイサービス白雫【通所介護】兵庫県揖保郡太子町糸井258-1", "url": "https://www.kaigokensaku.mhlw.go.jp/28/index.php?action_kouhyou_detail_004_kani=true&JigyosyoCd=2874101070-00&ServiceCd=150&Type=search", "url2": null }, "geometry": { "type": "Point", "coordinates": [ 134.581551100000013, 34.817694 ] } },
{ "type": "Feature", "properties": { "内容": "あすなろリハビリスタジオ【通所介護】赤穂郡上郡町山野里2349-5", "url": "https://www.kaigokensaku.mhlw.go.jp/28/index.php?action_kouhyou_detail_004_kani=true&JigyosyoCd=2873900266-00&ServiceCd=150&Type=search", "url2": "ｈｔｔｐ://yume-reha.co.jp" }, "geometry": { "type": "Point", "coordinates": [ 134.350501756726658, 34.867631560268691 ] } },
{ "type": "Feature", "properties": { "内容": "愛心高齢者センター　上郡町デイサービスセンター【通所介護】兵庫県赤穂郡上郡町山野里２７４９－４８", "url": "https://www.kaigokensaku.mhlw.go.jp/28/index.php?action_kouhyou_detail_004_kani=true&JigyosyoCd=2873900084-00&ServiceCd=150&Type=search", "url2": "http://www.aishin-wel.or.jp" }, "geometry": { "type": "Point", "coordinates": [ 134.328605499999981, 34.8514841 ] } },
{ "type": "Feature", "properties": { "内容": "ほうらいの里デイサービスセンター【通所介護】兵庫県赤穂郡上郡町中野１１１８番地１", "url": "https://www.kaigokensaku.mhlw.go.jp/28/index.php?action_kouhyou_detail_004_kani=true&JigyosyoCd=2873900076-00&ServiceCd=150&Type=search", "url2": "http://www.hohrainosato.com/" }, "geometry": { "type": "Point", "coordinates": [ 134.393328099999962, 34.8562546 ] } },
{ "type": "Feature", "properties": { "内容": "デイサービスセンター野桑の里【通所介護】兵庫県赤穂郡上郡町野桑3027番地", "url": "https://www.kaigokensaku.mhlw.go.jp/28/index.php?action_kouhyou_detail_004_kani=true&JigyosyoCd=2873900209-00&ServiceCd=150&Type=search", "url2": "https://noguwanosato.webnode.jp" }, "geometry": { "type": "Point", "coordinates": [ 134.389569, 34.8948059 ] } },
{ "type": "Feature", "properties": { "内容": "佐用町社会福祉協議会きらめきケアセンター佐用【通所介護】兵庫県佐用郡佐用町平福１３８番地８佐用町地域福祉センター", "url": "https://www.kaigokensaku.mhlw.go.jp/28/index.php?action_kouhyou_detail_004_kani=true&JigyosyoCd=2873700252-00&ServiceCd=150&Type=search", "url2": "http://www.sayo-wel.or.jp/" }, "geometry": { "type": "Point", "coordinates": [ 134.37137610000002, 35.049818799999983 ] } },
{ "type": "Feature", "properties": { "内容": "佐用町社会福祉協議会きらめきケアセンター【通所介護】兵庫県佐用郡佐用町東徳久1946番地南光地域福祉センター内", "url": "https://www.kaigokensaku.mhlw.go.jp/28/index.php?action_kouhyou_detail_004_kani=true&JigyosyoCd=2873700278-00&ServiceCd=150&Type=search", "url2": "http://www.sayo‐wel.or.jp/" }, "geometry": { "type": "Point", "coordinates": [ 134.406782201971367, 34.998496922909098 ] } },
{ "type": "Feature", "properties": { "内容": "ともいきの郷【通所介護】兵庫県佐用郡佐用町佐用3544", "url": "https://www.kaigokensaku.mhlw.go.jp/28/index.php?action_kouhyou_detail_004_kani=true&JigyosyoCd=2873700369-00&ServiceCd=150&Type=search", "url2": "http://care.senk-arrows.co.jp/WP/" }, "geometry": { "type": "Point", "coordinates": [ 134.366814100000056, 35.0092482 ] } },
{ "type": "Feature", "properties": { "内容": "サンホームみかづきデイサービスセンター【通所介護】兵庫県佐用郡佐用町志文５１５番地", "url": "https://www.kaigokensaku.mhlw.go.jp/28/index.php?action_kouhyou_detail_004_kani=true&JigyosyoCd=2873700161-00&ServiceCd=150&Type=search", "url2": "http://www.sunhome-cat.jp" }, "geometry": { "type": "Point", "coordinates": [ 134.435564099999965, 35.0119406 ] } },
{ "type": "Feature", "properties": { "内容": "デイサービスセンターしいの木荘【通所介護】兵庫県美方郡香美町香住区森６１番地１", "url": "https://www.kaigokensaku.mhlw.go.jp/28/index.php?action_kouhyou_detail_004_kani=true&JigyosyoCd=2874500123-00&ServiceCd=150&Type=search", "url2": "https://www.kami-koujyukai.jp" }, "geometry": { "type": "Point", "coordinates": [ 134.6279088, 35.6260311 ] } },
{ "type": "Feature", "properties": { "内容": "香美町社会福祉協議会香住ふれ愛介護センター通所介護事業所「ほほえみ」【通所介護】兵庫県美方郡香美町香住区無南垣97", "url": "https://www.kaigokensaku.mhlw.go.jp/28/index.php?action_kouhyou_detail_004_kani=true&JigyosyoCd=2874500362-00&ServiceCd=150&Type=search", "url2": "https://www.kami-shakyo.org/care/304/" }, "geometry": { "type": "Point", "coordinates": [ 134.684008899999981, 35.650529 ] } },
{ "type": "Feature", "properties": { "内容": "ＪＡたじま七釜デイサービスセンター【通所介護】兵庫県美方郡新温泉町七釜678-2", "url": "https://www.kaigokensaku.mhlw.go.jp/28/index.php?action_kouhyou_detail_004_kani=true&JigyosyoCd=2874700574-00&ServiceCd=150&Type=search", "url2": "https://www.ja-tajima.or.jp" }, "geometry": { "type": "Point", "coordinates": [ 134.476326100000051, 35.6083064 ] } },
{ "type": "Feature", "properties": { "内容": "デイサービス絆株式会社【通所介護】兵庫県美方郡新温泉町井土1025-1", "url": "https://www.kaigokensaku.mhlw.go.jp/28/index.php?action_kouhyou_detail_004_kani=true&JigyosyoCd=2874700491-00&ServiceCd=150&Type=search", "url2": null }, "geometry": { "type": "Point", "coordinates": [ 134.4881342, 35.5723133 ] } }
]
}
