{
"type": "FeatureCollection",
"name": "geo_28_中学校",
"crs": { "type": "name", "properties": { "name": "urn:ogc:def:crs:EPSG::6668" } },
"features": [
{ "type": "Feature", "properties": { "P29_001": "28101", "P29_002": "C128210000024", "P29_003": "16002", "P29_004": "神戸市立本庄中学校", "P29_005": "兵庫県神戸市東灘区青木4-4-2", "P29_006": "3", "P29_007": "1", "P29_008": "00", "P29_009": null }, "geometry": { "type": "Point", "coordinates": [ 135.287678532930784, 34.720349187529905 ] } },
{ "type": "Feature", "properties": { "P29_001": "28101", "P29_002": "C128210000033", "P29_003": "16002", "P29_004": "神戸市立魚崎中学校", "P29_005": "兵庫県神戸市東灘区魚崎南町1-2-1", "P29_006": "3", "P29_007": "1", "P29_008": "00", "P29_009": null }, "geometry": { "type": "Point", "coordinates": [ 135.279115222797316, 34.712946806098763 ] } },
{ "type": "Feature", "properties": { "P29_001": "28101", "P29_002": "C128210000042", "P29_003": "16002", "P29_004": "神戸市立本山中学校", "P29_005": "兵庫県神戸市東灘区岡本3-3-1", "P29_006": "3", "P29_007": "1", "P29_008": "00", "P29_009": null }, "geometry": { "type": "Point", "coordinates": [ 135.270840426742495, 34.725623572322469 ] } },
{ "type": "Feature", "properties": { "P29_001": "28101", "P29_002": "C128210000051", "P29_003": "16002", "P29_004": "神戸市立住吉中学校", "P29_005": "兵庫県神戸市東灘区住吉山手1-11-1", "P29_006": "3", "P29_007": "1", "P29_008": "00", "P29_009": null }, "geometry": { "type": "Point", "coordinates": [ 135.258547452073429, 34.725848834477816 ] } },
{ "type": "Feature", "properties": { "P29_001": "28101", "P29_002": "C128210000060", "P29_003": "16002", "P29_004": "神戸市立御影中学校", "P29_005": "兵庫県神戸市東灘区御影中町5-1-1", "P29_006": "3", "P29_007": "1", "P29_008": "00", "P29_009": null }, "geometry": { "type": "Point", "coordinates": [ 135.25315215804622, 34.715999423042696 ] } },
{ "type": "Feature", "properties": { "P29_001": "28101", "P29_002": "C128210000079", "P29_003": "16002", "P29_004": "神戸市立本山南中学校", "P29_005": "兵庫県神戸市東灘区田中町4-12-1", "P29_006": "3", "P29_007": "1", "P29_008": "00", "P29_009": null }, "geometry": { "type": "Point", "coordinates": [ 135.270577630085967, 34.722845946345792 ] } },
{ "type": "Feature", "properties": { "P29_001": "28101", "P29_002": "C128210000088", "P29_003": "16002", "P29_004": "神戸市立向洋中学校", "P29_005": "兵庫県神戸市東灘区向洋町中2", "P29_006": "3", "P29_007": "1", "P29_008": "00", "P29_009": null }, "geometry": { "type": "Point", "coordinates": [ 135.273897907959764, 34.689974362599344 ] } },
{ "type": "Feature", "properties": { "P29_001": "28102", "P29_002": "C128210000097", "P29_003": "16002", "P29_004": "神戸市立鷹匠中学校", "P29_005": "兵庫県神戸市灘区高徳町2-2-19", "P29_006": "3", "P29_007": "1", "P29_008": "00", "P29_009": null }, "geometry": { "type": "Point", "coordinates": [ 135.243981946913351, 34.720106397401921 ] } },
{ "type": "Feature", "properties": { "P29_001": "28102", "P29_002": "C128210000104", "P29_003": "16002", "P29_004": "神戸市立烏帽子中学校", "P29_005": "兵庫県神戸市灘区烏帽子町1-2-1", "P29_006": "3", "P29_007": "1", "P29_008": "00", "P29_009": null }, "geometry": { "type": "Point", "coordinates": [ 135.2379314278202, 34.710995327295905 ] } },
{ "type": "Feature", "properties": { "P29_001": "28102", "P29_002": "C128210000113", "P29_003": "16002", "P29_004": "神戸市立原田中学校", "P29_005": "兵庫県神戸市灘区船寺通2-4-1", "P29_006": "3", "P29_007": "1", "P29_008": "00", "P29_009": null }, "geometry": { "type": "Point", "coordinates": [ 135.22905493597105, 34.708053041149562 ] } },
{ "type": "Feature", "properties": { "P29_001": "28102", "P29_002": "C128210000122", "P29_003": "16002", "P29_004": "神戸市立長峰中学校", "P29_005": "兵庫県神戸市灘区長峰台2-2-1", "P29_006": "3", "P29_007": "1", "P29_008": "00", "P29_009": null }, "geometry": { "type": "Point", "coordinates": [ 135.222426237181253, 34.724727339357528 ] } },
{ "type": "Feature", "properties": { "P29_001": "28102", "P29_002": "C128210000131", "P29_003": "16002", "P29_004": "神戸市立上野中学校", "P29_005": "兵庫県神戸市灘区国玉通1-1-1", "P29_006": "3", "P29_007": "1", "P29_008": "00", "P29_009": null }, "geometry": { "type": "Point", "coordinates": [ 135.223215532543378, 34.71980958117863 ] } },
{ "type": "Feature", "properties": { "P29_001": "28110", "P29_002": "C128210000159", "P29_003": "16002", "P29_004": "神戸市立葺合中学校", "P29_005": "兵庫県神戸市中央区熊内町1-4-28", "P29_006": "3", "P29_007": "1", "P29_008": "00", "P29_009": null }, "geometry": { "type": "Point", "coordinates": [ 135.203203141091223, 34.706870402311807 ] } },
{ "type": "Feature", "properties": { "P29_001": "28110", "P29_002": "C128210000168", "P29_003": "16002", "P29_004": "神戸市立布引中学校", "P29_005": "兵庫県神戸市中央区熊内町6-7-1", "P29_006": "3", "P29_007": "1", "P29_008": "00", "P29_009": null }, "geometry": { "type": "Point", "coordinates": [ 135.199224380678004, 34.709441183376178 ] } },
{ "type": "Feature", "properties": { "P29_001": "28110", "P29_002": "C128210000177", "P29_003": "16002", "P29_004": "神戸市立神戸生田中学校", "P29_005": "兵庫県神戸市中央区北長狭通4-10-1", "P29_006": "3", "P29_007": "1", "P29_008": "00", "P29_009": null }, "geometry": { "type": "Point", "coordinates": [ 135.185539624650858, 34.689924969456335 ] } },
{ "type": "Feature", "properties": { "P29_001": "28110", "P29_002": "C128210000186", "P29_003": "16002", "P29_004": "神戸市立渚中学校", "P29_005": "兵庫県神戸市中央区脇浜海岸通2-1-1", "P29_006": "3", "P29_007": "1", "P29_008": "00", "P29_009": null }, "geometry": { "type": "Point", "coordinates": [ 135.216845874452162, 34.700304812872574 ] } },
{ "type": "Feature", "properties": { "P29_001": "28105", "P29_002": "C128210000202", "P29_003": "16002", "P29_004": "神戸市立兵庫中学校", "P29_005": "兵庫県神戸市兵庫区永沢町4-3-36", "P29_006": "3", "P29_007": "1", "P29_008": "00", "P29_009": null }, "geometry": { "type": "Point", "coordinates": [ 135.170185369144775, 34.673282301077954 ] } },
{ "type": "Feature", "properties": { "P29_001": "28105", "P29_002": "C128210000211", "P29_003": "16002", "P29_004": "神戸市立湊川中学校", "P29_005": "兵庫県神戸市兵庫区松本通1-1-1", "P29_006": "3", "P29_007": "1", "P29_008": "00", "P29_009": null }, "geometry": { "type": "Point", "coordinates": [ 135.164904355280612, 34.679498779181593 ] } },
{ "type": "Feature", "properties": { "P29_001": "28105", "P29_002": "C128210000239", "P29_003": "16002", "P29_004": "神戸市立吉田中学校", "P29_005": "兵庫県神戸市兵庫区吉田町1-5-1", "P29_006": "3", "P29_007": "1", "P29_008": "00", "P29_009": null }, "geometry": { "type": "Point", "coordinates": [ 135.170941269850232, 34.652375309713527 ] } },
{ "type": "Feature", "properties": { "P29_001": "28105", "P29_002": "C128210000248", "P29_003": "16002", "P29_004": "神戸市立兵庫中学校北分校", "P29_005": "兵庫県神戸市兵庫区永沢町4-3-18", "P29_006": "3", "P29_007": "1", "P29_008": "00", "P29_009": null }, "geometry": { "type": "Point", "coordinates": [ 135.169251216071359, 34.673166469366294 ] } },
{ "type": "Feature", "properties": { "P29_001": "28109", "P29_002": "C128210000257", "P29_003": "16002", "P29_004": "神戸市立有野北中学校", "P29_005": "兵庫県神戸市北区藤原台北町6-4-1", "P29_006": "3", "P29_007": "1", "P29_008": "00", "P29_009": null }, "geometry": { "type": "Point", "coordinates": [ 135.223327616512165, 34.829495963402444 ] } },
{ "type": "Feature", "properties": { "P29_001": "28110", "P29_002": "C128210000266", "P29_003": "16002", "P29_004": "神戸市立湊翔楠中学校", "P29_005": "兵庫県神戸市中央区楠町4-2-5", "P29_006": "3", "P29_007": "1", "P29_008": "00", "P29_009": null }, "geometry": { "type": "Point", "coordinates": [ 135.171992477746784, 34.684332597902618 ] } },
{ "type": "Feature", "properties": { "P29_001": "28109", "P29_002": "C128210000275", "P29_003": "16002", "P29_004": "神戸市立桜の宮中学校分校", "P29_005": "兵庫県神戸市北区大脇台12-1", "P29_006": "3", "P29_007": "1", "P29_008": "00", "P29_009": null }, "geometry": { "type": "Point", "coordinates": [ 135.163489148936861, 34.738044133205754 ] } },
{ "type": "Feature", "properties": { "P29_001": "28106", "P29_002": "C128210000284", "P29_003": "16002", "P29_004": "神戸市立丸山中学校", "P29_005": "兵庫県神戸市長田区大丸山町2-17-1", "P29_006": "3", "P29_007": "1", "P29_008": "00", "P29_009": null }, "geometry": { "type": "Point", "coordinates": [ 135.148773946902907, 34.677914528141699 ] } },
{ "type": "Feature", "properties": { "P29_001": "28107", "P29_002": "C128210000293", "P29_003": "16002", "P29_004": "神戸市立丸山中学校西野分校", "P29_005": "兵庫県神戸市須磨区大黒町5-1-1", "P29_006": "3", "P29_007": "1", "P29_008": "00", "P29_009": null }, "geometry": { "type": "Point", "coordinates": [ 135.133599970179603, 34.657666117687207 ] } },
{ "type": "Feature", "properties": { "P29_001": "28106", "P29_002": "C128210000300", "P29_003": "16002", "P29_004": "神戸市立西代中学校", "P29_005": "兵庫県神戸市長田区上池田2-4-1", "P29_006": "3", "P29_007": "1", "P29_008": "00", "P29_009": null }, "geometry": { "type": "Point", "coordinates": [ 135.139727844273466, 34.668226914105979 ] } },
{ "type": "Feature", "properties": { "P29_001": "28106", "P29_002": "C128210000319", "P29_003": "16002", "P29_004": "神戸市立高取台中学校", "P29_005": "兵庫県神戸市長田区高取山町1-1-1", "P29_006": "3", "P29_007": "1", "P29_008": "00", "P29_009": null }, "geometry": { "type": "Point", "coordinates": [ 135.137248552714567, 34.671385149451204 ] } },
{ "type": "Feature", "properties": { "P29_001": "28106", "P29_002": "C128210000328", "P29_003": "16002", "P29_004": "神戸市立駒ケ林中学校", "P29_005": "兵庫県神戸市長田区若松町7-1-23", "P29_006": "3", "P29_007": "1", "P29_008": "00", "P29_009": null }, "geometry": { "type": "Point", "coordinates": [ 135.143622037506873, 34.65508128741277 ] } },
{ "type": "Feature", "properties": { "P29_001": "28106", "P29_002": "C128210000337", "P29_003": "16002", "P29_004": "神戸市立雲雀丘中学校", "P29_005": "兵庫県神戸市長田区雲雀ヶ丘1-1-1", "P29_006": "3", "P29_007": "1", "P29_008": "00", "P29_009": null }, "geometry": { "type": "Point", "coordinates": [ 135.13427179867216, 34.691512076463866 ] } },
{ "type": "Feature", "properties": { "P29_001": "28106", "P29_002": "C128210000346", "P29_003": "16002", "P29_004": "神戸市立長田中学校", "P29_005": "兵庫県神戸市長田区真野町8-1", "P29_006": "3", "P29_007": "1", "P29_008": "00", "P29_009": null }, "geometry": { "type": "Point", "coordinates": [ 135.153244298591119, 34.661391820554307 ] } },
{ "type": "Feature", "properties": { "P29_001": "28111", "P29_002": "C128210000364", "P29_003": "16002", "P29_004": "神戸市立西神中学校", "P29_005": "兵庫県神戸市西区竹の台5-21", "P29_006": "3", "P29_007": "1", "P29_008": "00", "P29_009": null }, "geometry": { "type": "Point", "coordinates": [ 135.009444246351165, 34.714049092502954 ] } },
{ "type": "Feature", "properties": { "P29_001": "28111", "P29_002": "C128210000373", "P29_003": "16002", "P29_004": "神戸市立井吹台中学校", "P29_005": "兵庫県神戸市西区井吹台西町2-3", "P29_006": "3", "P29_007": "1", "P29_008": "00", "P29_009": null }, "geometry": { "type": "Point", "coordinates": [ 135.030542220067531, 34.696957424515219 ] } },
{ "type": "Feature", "properties": { "P29_001": "28107", "P29_002": "C128210000382", "P29_003": "16002", "P29_004": "神戸市立太田中学校", "P29_005": "兵庫県神戸市須磨区大黒町5-1-1", "P29_006": "3", "P29_007": "1", "P29_008": "00", "P29_009": null }, "geometry": { "type": "Point", "coordinates": [ 135.132954138856292, 34.657660947633943 ] } },
{ "type": "Feature", "properties": { "P29_001": "28107", "P29_002": "C128210000391", "P29_003": "16002", "P29_004": "神戸市立鷹取中学校", "P29_005": "兵庫県神戸市須磨区青葉町3-1-1", "P29_006": "3", "P29_007": "1", "P29_008": "00", "P29_009": null }, "geometry": { "type": "Point", "coordinates": [ 135.132491554797696, 34.647969298836735 ] } },
{ "type": "Feature", "properties": { "P29_001": "28107", "P29_002": "C128210000408", "P29_003": "16002", "P29_004": "神戸市立飛松中学校", "P29_005": "兵庫県神戸市須磨区大手町8-4-25", "P29_006": "3", "P29_007": "1", "P29_008": "00", "P29_009": null }, "geometry": { "type": "Point", "coordinates": [ 135.126024840972832, 34.658436186812729 ] } },
{ "type": "Feature", "properties": { "P29_001": "28107", "P29_002": "C128210000417", "P29_003": "16002", "P29_004": "神戸市立高倉中学校", "P29_005": "兵庫県神戸市須磨区高倉台1-8-1", "P29_006": "3", "P29_007": "1", "P29_008": "00", "P29_009": null }, "geometry": { "type": "Point", "coordinates": [ 135.107522937286433, 34.653808717601564 ] } },
{ "type": "Feature", "properties": { "P29_001": "28107", "P29_002": "C128210000426", "P29_003": "16002", "P29_004": "神戸市立白川台中学校", "P29_005": "兵庫県神戸市須磨区白川台1-25-2", "P29_006": "3", "P29_007": "1", "P29_008": "00", "P29_009": null }, "geometry": { "type": "Point", "coordinates": [ 135.096479795006417, 34.692783845301143 ] } },
{ "type": "Feature", "properties": { "P29_001": "28107", "P29_002": "C128210000435", "P29_003": "16002", "P29_004": "神戸市立東落合中学校", "P29_005": "兵庫県神戸市須磨区東落合2-15-1", "P29_006": "3", "P29_007": "1", "P29_008": "00", "P29_009": null }, "geometry": { "type": "Point", "coordinates": [ 135.099957665817982, 34.68251153189297 ] } },
{ "type": "Feature", "properties": { "P29_001": "28107", "P29_002": "C128210000444", "P29_003": "16002", "P29_004": "神戸市立友が丘中学校", "P29_005": "兵庫県神戸市須磨区友が丘7-283-1", "P29_006": "3", "P29_007": "1", "P29_008": "00", "P29_009": null }, "geometry": { "type": "Point", "coordinates": [ 135.099485727584977, 34.673136228735174 ] } },
{ "type": "Feature", "properties": { "P29_001": "28108", "P29_002": "C128210000471", "P29_003": "16002", "P29_004": "神戸市立垂水東中学校", "P29_005": "兵庫県神戸市垂水区青山台3-4-1", "P29_006": "3", "P29_007": "1", "P29_008": "00", "P29_009": null }, "geometry": { "type": "Point", "coordinates": [ 135.072298477457196, 34.640818229238029 ] } },
{ "type": "Feature", "properties": { "P29_001": "28108", "P29_002": "C128210000480", "P29_003": "16002", "P29_004": "神戸市立垂水中学校", "P29_005": "兵庫県神戸市垂水区上高丸1-4-1", "P29_006": "3", "P29_007": "1", "P29_008": "00", "P29_009": null }, "geometry": { "type": "Point", "coordinates": [ 135.051531951645444, 34.640829555053877 ] } },
{ "type": "Feature", "properties": { "P29_001": "28108", "P29_002": "C128210000499", "P29_003": "16002", "P29_004": "神戸市立歌敷山中学校", "P29_005": "兵庫県神戸市垂水区歌敷山2-4-1", "P29_006": "3", "P29_007": "1", "P29_008": "00", "P29_009": null }, "geometry": { "type": "Point", "coordinates": [ 135.041173813058521, 34.636419635186094 ] } },
{ "type": "Feature", "properties": { "P29_001": "28108", "P29_002": "C128210000505", "P29_003": "16002", "P29_004": "神戸市立舞子中学校", "P29_005": "兵庫県神戸市垂水区狩口台3-1-1", "P29_006": "3", "P29_007": "1", "P29_008": "00", "P29_009": null }, "geometry": { "type": "Point", "coordinates": [ 135.029997821941976, 34.649692046275213 ] } },
{ "type": "Feature", "properties": { "P29_001": "28111", "P29_002": "C128210000514", "P29_003": "16002", "P29_004": "神戸市立伊川谷中学校", "P29_005": "兵庫県神戸市西区伊川谷町上脇字鬼神山1005-2", "P29_006": "3", "P29_007": "1", "P29_008": "00", "P29_009": null }, "geometry": { "type": "Point", "coordinates": [ 135.019404068664215, 34.677993971649563 ] } },
{ "type": "Feature", "properties": { "P29_001": "28111", "P29_002": "C128210000523", "P29_003": "16002", "P29_004": "神戸市立櫨谷中学校", "P29_005": "兵庫県神戸市西区椛台1-2", "P29_006": "3", "P29_007": "1", "P29_008": "00", "P29_009": null }, "geometry": { "type": "Point", "coordinates": [ 135.028517933556259, 34.717702691322906 ] } },
{ "type": "Feature", "properties": { "P29_001": "28111", "P29_002": "C128210000532", "P29_003": "16002", "P29_004": "神戸市立押部谷中学校", "P29_005": "兵庫県神戸市西区押部谷町押部字吉谷722", "P29_006": "3", "P29_007": "1", "P29_008": "00", "P29_009": null }, "geometry": { "type": "Point", "coordinates": [ 135.044313630976035, 34.757365414567957 ] } },
{ "type": "Feature", "properties": { "P29_001": "28111", "P29_002": "C128210000541", "P29_003": "16002", "P29_004": "神戸市立玉津中学校", "P29_005": "兵庫県神戸市西区玉津町今津万願寺364", "P29_006": "3", "P29_007": "1", "P29_008": "00", "P29_009": null }, "geometry": { "type": "Point", "coordinates": [ 134.992241042677193, 34.678246088384441 ] } },
{ "type": "Feature", "properties": { "P29_001": "28111", "P29_002": "C128210000550", "P29_003": "16002", "P29_004": "神戸市立平野中学校", "P29_005": "兵庫県神戸市西区春日台2-20", "P29_006": "3", "P29_007": "1", "P29_008": "00", "P29_009": null }, "geometry": { "type": "Point", "coordinates": [ 134.998228659725868, 34.709669560769647 ] } },
{ "type": "Feature", "properties": { "P29_001": "28111", "P29_002": "C128210000569", "P29_003": "16002", "P29_004": "神戸市立神出中学校", "P29_005": "兵庫県神戸市西区神出町東1167", "P29_006": "3", "P29_007": "1", "P29_008": "00", "P29_009": null }, "geometry": { "type": "Point", "coordinates": [ 134.996630681455343, 34.754842947205532 ] } },
{ "type": "Feature", "properties": { "P29_001": "28108", "P29_002": "C128210000587", "P29_003": "16002", "P29_004": "神戸市立神陵台中学校", "P29_005": "兵庫県神戸市垂水区神陵台3-1-2", "P29_006": "3", "P29_007": "1", "P29_008": "00", "P29_009": null }, "geometry": { "type": "Point", "coordinates": [ 135.033255113826442, 34.66081860865539 ] } },
{ "type": "Feature", "properties": { "P29_001": "28108", "P29_002": "C128210000596", "P29_003": "16002", "P29_004": "神戸市立多聞東中学校", "P29_005": "兵庫県神戸市垂水区学が丘3-1-1", "P29_006": "3", "P29_007": "1", "P29_008": "00", "P29_009": null }, "geometry": { "type": "Point", "coordinates": [ 135.054207347819926, 34.654666703831964 ] } },
{ "type": "Feature", "properties": { "P29_001": "28108", "P29_002": "C128210000603", "P29_003": "16002", "P29_004": "神戸市立塩屋中学校", "P29_005": "兵庫県神戸市垂水区塩屋町字大谷", "P29_006": "3", "P29_007": "1", "P29_008": "00", "P29_009": null }, "geometry": { "type": "Point", "coordinates": [ 135.077214822289676, 34.643747691152626 ] } },
{ "type": "Feature", "properties": { "P29_001": "28108", "P29_002": "C128210000621", "P29_003": "16002", "P29_004": "神戸市立福田中学校", "P29_005": "兵庫県神戸市垂水区名谷町字猿倉254", "P29_006": "3", "P29_007": "1", "P29_008": "00", "P29_009": null }, "geometry": { "type": "Point", "coordinates": [ 135.060671460342434, 34.651596298648172 ] } },
{ "type": "Feature", "properties": { "P29_001": "28111", "P29_002": "C128210000630", "P29_003": "16002", "P29_004": "神戸市立王塚台中学校", "P29_005": "兵庫県神戸市西区王塚台4-58", "P29_006": "3", "P29_007": "1", "P29_008": "00", "P29_009": null }, "geometry": { "type": "Point", "coordinates": [ 134.973551768423306, 34.674126371426951 ] } },
{ "type": "Feature", "properties": { "P29_001": "28111", "P29_002": "C128210000649", "P29_003": "16002", "P29_004": "神戸市立桜が丘中学校", "P29_005": "兵庫県神戸市西区桜が丘東町2-11-1", "P29_006": "3", "P29_007": "1", "P29_008": "00", "P29_009": null }, "geometry": { "type": "Point", "coordinates": [ 135.060837832219278, 34.748742943680561 ] } },
{ "type": "Feature", "properties": { "P29_001": "28108", "P29_002": "C128210000676", "P29_003": "16002", "P29_004": "神戸市立本多聞中学校", "P29_005": "兵庫県神戸市垂水区本多聞2-16-1", "P29_006": "3", "P29_007": "1", "P29_008": "00", "P29_009": null }, "geometry": { "type": "Point", "coordinates": [ 135.046399056651808, 34.656897486283384 ] } },
{ "type": "Feature", "properties": { "P29_001": "28111", "P29_002": "C128210000685", "P29_003": "16002", "P29_004": "神戸市立太山寺中学校", "P29_005": "兵庫県神戸市西区学園東町2-2", "P29_006": "3", "P29_007": "1", "P29_008": "00", "P29_009": null }, "geometry": { "type": "Point", "coordinates": [ 135.06061810558549, 34.684708028036525 ] } },
{ "type": "Feature", "properties": { "P29_001": "28109", "P29_002": "C128210000694", "P29_003": "16002", "P29_004": "神戸市立有馬中学校", "P29_005": "兵庫県神戸市北区有野台7-18", "P29_006": "3", "P29_007": "1", "P29_008": "00", "P29_009": null }, "geometry": { "type": "Point", "coordinates": [ 135.22645785929069, 34.809666044380059 ] } },
{ "type": "Feature", "properties": { "P29_001": "28109", "P29_002": "C128210000701", "P29_003": "16002", "P29_004": "神戸市立山田中学校", "P29_005": "兵庫県神戸市北区山田町下谷上宮前15", "P29_006": "3", "P29_007": "1", "P29_008": "00", "P29_009": null }, "geometry": { "type": "Point", "coordinates": [ 135.15666020303388, 34.763075060971588 ] } },
{ "type": "Feature", "properties": { "P29_001": "28109", "P29_002": "C128210000738", "P29_003": "16002", "P29_004": "神戸市立淡河中学校", "P29_005": "兵庫県神戸市北区淡河町行原字中沢179-2", "P29_006": "3", "P29_007": "1", "P29_008": "00", "P29_009": null }, "geometry": { "type": "Point", "coordinates": [ 135.124017250349226, 34.819531661197892 ] } },
{ "type": "Feature", "properties": { "P29_001": "28109", "P29_002": "C128210000747", "P29_003": "16002", "P29_004": "神戸市立鈴蘭台中学校", "P29_005": "兵庫県神戸市北区北五藤2-10-32", "P29_006": "3", "P29_007": "1", "P29_008": "00", "P29_009": null }, "geometry": { "type": "Point", "coordinates": [ 135.132540506316701, 34.729381821614268 ] } },
{ "type": "Feature", "properties": { "P29_001": "28109", "P29_002": "C128210000765", "P29_003": "16002", "P29_004": "神戸市立桜の宮中学校", "P29_005": "兵庫県神戸市北区大脇合6-1", "P29_006": "3", "P29_007": "1", "P29_008": "00", "P29_009": null }, "geometry": { "type": "Point", "coordinates": [ 135.15991947259613, 34.738404901397729 ] } },
{ "type": "Feature", "properties": { "P29_001": "28109", "P29_002": "C128210000783", "P29_003": "16002", "P29_004": "神戸市立星和台中学校", "P29_005": "兵庫県神戸市北区星和台1-6", "P29_006": "3", "P29_007": "1", "P29_008": "00", "P29_009": null }, "geometry": { "type": "Point", "coordinates": [ 135.128503583192042, 34.719144979746908 ] } },
{ "type": "Feature", "properties": { "P29_001": "28109", "P29_002": "C128210000792", "P29_003": "16002", "P29_004": "神戸市立唐櫃中学校", "P29_005": "兵庫県神戸市北区唐櫃台4-36-1", "P29_006": "3", "P29_007": "1", "P29_008": "00", "P29_009": null }, "geometry": { "type": "Point", "coordinates": [ 135.211650137347561, 34.784867834626446 ] } },
{ "type": "Feature", "properties": { "P29_001": "28109", "P29_002": "C128210000809", "P29_003": "16002", "P29_004": "神戸市立広陵中学校", "P29_005": "兵庫県神戸市北区小倉台5-1-1", "P29_006": "3", "P29_007": "1", "P29_008": "00", "P29_009": null }, "geometry": { "type": "Point", "coordinates": [ 135.169216400023203, 34.749281418009254 ] } },
{ "type": "Feature", "properties": { "P29_001": "28109", "P29_002": "C128210000818", "P29_003": "16002", "P29_004": "神戸市立小部中学校", "P29_005": "兵庫県神戸市北区山田町小部字向井谷23-1", "P29_006": "3", "P29_007": "1", "P29_008": "00", "P29_009": null }, "geometry": { "type": "Point", "coordinates": [ 135.155257522172349, 34.730442835740227 ] } },
{ "type": "Feature", "properties": { "P29_001": "28109", "P29_002": "C128210000827", "P29_003": "16002", "P29_004": "神戸市立北神戸中学校", "P29_005": "兵庫県神戸市北区鹿の子台北町2-8-1", "P29_006": "3", "P29_007": "1", "P29_008": "00", "P29_009": null }, "geometry": { "type": "Point", "coordinates": [ 135.222874541713566, 34.862928993069509 ] } },
{ "type": "Feature", "properties": { "P29_001": "28107", "P29_002": "C128210000836", "P29_003": "16002", "P29_004": "神戸市立須磨北中学校", "P29_005": "兵庫県神戸市須磨区東白川台5-1-1", "P29_006": "3", "P29_007": "1", "P29_008": "00", "P29_009": null }, "geometry": { "type": "Point", "coordinates": [ 135.110277651498336, 34.691981207954363 ] } },
{ "type": "Feature", "properties": { "P29_001": "28109", "P29_002": "C128210000854", "P29_003": "16002", "P29_004": "神戸市立大原中学校", "P29_005": "兵庫県神戸市北区大原1-19", "P29_006": "3", "P29_007": "1", "P29_008": "00", "P29_009": null }, "geometry": { "type": "Point", "coordinates": [ 135.143898652927533, 34.745923644524225 ] } },
{ "type": "Feature", "properties": { "P29_001": "28202", "P29_002": "C128210000863", "P29_003": "16002", "P29_004": "尼崎市立日新中学校", "P29_005": "兵庫県尼崎市東七松町2-1-44", "P29_006": "3", "P29_007": "1", "P29_008": "00", "P29_009": null }, "geometry": { "type": "Point", "coordinates": [ 135.409843799775928, 34.73461080769512 ] } },
{ "type": "Feature", "properties": { "P29_001": "28202", "P29_002": "C128210000872", "P29_003": "16002", "P29_004": "尼崎市立小田北中学校", "P29_005": "兵庫県尼崎市神崎町24-1", "P29_006": "3", "P29_007": "1", "P29_008": "00", "P29_009": null }, "geometry": { "type": "Point", "coordinates": [ 135.446893238125057, 34.741315308276597 ] } },
{ "type": "Feature", "properties": { "P29_001": "28202", "P29_002": "C128210000881", "P29_003": "16002", "P29_004": "尼崎市立大成中学校", "P29_005": "兵庫県尼崎市久々知西町2-8-48", "P29_006": "3", "P29_007": "1", "P29_008": "00", "P29_009": null }, "geometry": { "type": "Point", "coordinates": [ 135.424044168793841, 34.741514900418281 ] } },
{ "type": "Feature", "properties": { "P29_001": "28202", "P29_002": "C128210000890", "P29_003": "16002", "P29_004": "尼崎市立大庄北中学校", "P29_005": "兵庫県尼崎市大庄北1-8-1", "P29_006": "3", "P29_007": "1", "P29_008": "00", "P29_009": null }, "geometry": { "type": "Point", "coordinates": [ 135.39509305658737, 34.731489196617503 ] } },
{ "type": "Feature", "properties": { "P29_001": "28202", "P29_002": "C128210000907", "P29_003": "16002", "P29_004": "尼崎市立立花中学校", "P29_005": "兵庫県尼崎市上ノ島3-1-1", "P29_006": "3", "P29_007": "1", "P29_008": "00", "P29_009": null }, "geometry": { "type": "Point", "coordinates": [ 135.39948876045591, 34.746036795355884 ] } },
{ "type": "Feature", "properties": { "P29_001": "28202", "P29_002": "C128210000916", "P29_003": "16002", "P29_004": "尼崎市立塚口中学校", "P29_005": "兵庫県尼崎市富松町4-31-1", "P29_006": "3", "P29_007": "1", "P29_008": "00", "P29_009": null }, "geometry": { "type": "Point", "coordinates": [ 135.403848765100037, 34.764331271608263 ] } },
{ "type": "Feature", "properties": { "P29_001": "28202", "P29_002": "C128210000925", "P29_003": "16002", "P29_004": "尼崎市立武庫中学校", "P29_005": "兵庫県尼崎市武庫元町2-24-30", "P29_006": "3", "P29_007": "1", "P29_008": "00", "P29_009": null }, "geometry": { "type": "Point", "coordinates": [ 135.379755733910656, 34.759737729344835 ] } },
{ "type": "Feature", "properties": { "P29_001": "28202", "P29_002": "C128210000943", "P29_003": "16002", "P29_004": "尼崎市立園田東中学校", "P29_005": "兵庫県尼崎市東園田町5-80", "P29_006": "3", "P29_007": "1", "P29_008": "00", "P29_009": null }, "geometry": { "type": "Point", "coordinates": [ 135.450981356241329, 34.754426756557258 ] } },
{ "type": "Feature", "properties": { "P29_001": "28202", "P29_002": "C128210000970", "P29_003": "16002", "P29_004": "尼崎市立小園中学校", "P29_005": "兵庫県尼崎市小中島2-12-27", "P29_006": "3", "P29_007": "1", "P29_008": "00", "P29_009": null }, "geometry": { "type": "Point", "coordinates": [ 135.441772460191345, 34.747255930166787 ] } },
{ "type": "Feature", "properties": { "P29_001": "28202", "P29_002": "C128210000998", "P29_003": "16002", "P29_004": "尼崎市立常陽中学校", "P29_005": "兵庫県尼崎市西昆陽1-26-26", "P29_006": "3", "P29_007": "1", "P29_008": "00", "P29_009": null }, "geometry": { "type": "Point", "coordinates": [ 135.380470348104581, 34.767563479251329 ] } },
{ "type": "Feature", "properties": { "P29_001": "28202", "P29_002": "C128210001005", "P29_003": "16002", "P29_004": "尼崎市立成良中学校", "P29_005": "兵庫県尼崎市西長洲町2-33-22", "P29_006": "3", "P29_007": "1", "P29_008": "00", "P29_009": null }, "geometry": { "type": "Point", "coordinates": [ 135.42133547224708, 34.721876133877274 ] } },
{ "type": "Feature", "properties": { "P29_001": "28202", "P29_002": "C128210001023", "P29_003": "16002", "P29_004": "尼崎市立大庄中学校", "P29_005": "兵庫県尼崎市菜切山町37-1", "P29_006": "3", "P29_007": "1", "P29_008": "00", "P29_009": null }, "geometry": { "type": "Point", "coordinates": [ 135.394226035982115, 34.724047554537293 ] } },
{ "type": "Feature", "properties": { "P29_001": "28204", "P29_002": "C128210001041", "P29_003": "16002", "P29_004": "西宮市立浜脇中学校", "P29_005": "兵庫県西宮市宮前町3-5", "P29_006": "3", "P29_007": "1", "P29_008": "00", "P29_009": null }, "geometry": { "type": "Point", "coordinates": [ 135.334542425820729, 34.732370137954867 ] } },
{ "type": "Feature", "properties": { "P29_001": "28204", "P29_002": "C128210001069", "P29_003": "16002", "P29_004": "西宮市立甲陵中学校", "P29_005": "兵庫県西宮市上甲東園2-11-20", "P29_006": "3", "P29_007": "1", "P29_008": "00", "P29_009": null }, "geometry": { "type": "Point", "coordinates": [ 135.352748132190669, 34.769286701314755 ] } },
{ "type": "Feature", "properties": { "P29_001": "28204", "P29_002": "C128210001078", "P29_003": "16002", "P29_004": "西宮市立瓦木中学校", "P29_005": "兵庫県西宮市薬師町4-15", "P29_006": "3", "P29_007": "1", "P29_008": "00", "P29_009": null }, "geometry": { "type": "Point", "coordinates": [ 135.365423817233591, 34.753803739601715 ] } },
{ "type": "Feature", "properties": { "P29_001": "28204", "P29_002": "C128210001087", "P29_003": "16002", "P29_004": "西宮市立上甲子園中学校", "P29_005": "兵庫県西宮市上甲子園4-9-11", "P29_006": "3", "P29_007": "1", "P29_008": "00", "P29_009": null }, "geometry": { "type": "Point", "coordinates": [ 135.364444667709648, 34.733873102469389 ] } },
{ "type": "Feature", "properties": { "P29_001": "28204", "P29_002": "C128210001096", "P29_003": "16002", "P29_004": "西宮市立今津中学校", "P29_005": "兵庫県西宮市今津二葉町5-15", "P29_006": "3", "P29_007": "1", "P29_008": "00", "P29_009": null }, "geometry": { "type": "Point", "coordinates": [ 135.35117233094968, 34.727578534440191 ] } },
{ "type": "Feature", "properties": { "P29_001": "28204", "P29_002": "C128210001103", "P29_003": "16002", "P29_004": "西宮市立鳴尾中学校", "P29_005": "兵庫県西宮市甲子園八番町1-26", "P29_006": "3", "P29_007": "1", "P29_008": "00", "P29_009": null }, "geometry": { "type": "Point", "coordinates": [ 135.365024507660763, 34.71864333577556 ] } },
{ "type": "Feature", "properties": { "P29_001": "28204", "P29_002": "C128210001112", "P29_003": "16002", "P29_004": "西宮市立浜甲子園中学校", "P29_005": "兵庫県西宮市古川町2-60", "P29_006": "3", "P29_007": "1", "P29_008": "00", "P29_009": null }, "geometry": { "type": "Point", "coordinates": [ 135.368876477789911, 34.713632114708751 ] } },
{ "type": "Feature", "properties": { "P29_001": "28204", "P29_002": "C128210001121", "P29_003": "16002", "P29_004": "西宮市立学文中学校", "P29_005": "兵庫県西宮市学文殿町1-5-7", "P29_006": "3", "P29_007": "1", "P29_008": "00", "P29_009": null }, "geometry": { "type": "Point", "coordinates": [ 135.374533856523783, 34.723889642391676 ] } },
{ "type": "Feature", "properties": { "P29_001": "28204", "P29_002": "C128210001130", "P29_003": "16002", "P29_004": "西宮市立山口中学校", "P29_005": "兵庫県西宮市山口町上山口2-3-43", "P29_006": "3", "P29_007": "1", "P29_008": "00", "P29_009": null }, "geometry": { "type": "Point", "coordinates": [ 135.24286920968953, 34.827956187193358 ] } },
{ "type": "Feature", "properties": { "P29_001": "28204", "P29_002": "C128210001149", "P29_003": "16002", "P29_004": "西宮市立塩瀬中学校", "P29_005": "兵庫県西宮市名塩木之元2-8", "P29_006": "3", "P29_007": "1", "P29_008": "00", "P29_009": null }, "geometry": { "type": "Point", "coordinates": [ 135.310863211501385, 34.826214549322231 ] } },
{ "type": "Feature", "properties": { "P29_001": "28204", "P29_002": "C128210001158", "P29_003": "16002", "P29_004": "西宮市立上ケ原中学校", "P29_005": "兵庫県西宮市上ヶ原9番町2-107", "P29_006": "3", "P29_007": "1", "P29_008": "00", "P29_009": null }, "geometry": { "type": "Point", "coordinates": [ 135.340919875672711, 34.759571768739697 ] } },
{ "type": "Feature", "properties": { "P29_001": "28204", "P29_002": "C128210001167", "P29_003": "16002", "P29_004": "西宮市立苦楽園中学校", "P29_005": "兵庫県西宮市苦楽園三番町14-1", "P29_006": "3", "P29_007": "1", "P29_008": "00", "P29_009": null }, "geometry": { "type": "Point", "coordinates": [ 135.311562330344657, 34.762090456201655 ] } },
{ "type": "Feature", "properties": { "P29_001": "28204", "P29_002": "C128210001176", "P29_003": "16002", "P29_004": "西宮市立甲武中学校", "P29_005": "兵庫県西宮市樋ノ口町1-7-55", "P29_006": "3", "P29_007": "1", "P29_008": "00", "P29_009": null }, "geometry": { "type": "Point", "coordinates": [ 135.368956072636252, 34.762353640874558 ] } },
{ "type": "Feature", "properties": { "P29_001": "28204", "P29_002": "C128210001185", "P29_003": "16002", "P29_004": "西宮市立平木中学校", "P29_005": "兵庫県西宮市平木町6-19", "P29_006": "3", "P29_007": "1", "P29_008": "00", "P29_009": null }, "geometry": { "type": "Point", "coordinates": [ 135.349320523431402, 34.74636897384778 ] } },
{ "type": "Feature", "properties": { "P29_001": "28204", "P29_002": "C128210001194", "P29_003": "16002", "P29_004": "西宮市立深津中学校", "P29_005": "兵庫県西宮市深津町6-75", "P29_006": "3", "P29_007": "1", "P29_008": "00", "P29_009": null }, "geometry": { "type": "Point", "coordinates": [ 135.357758642796341, 34.739344603894963 ] } },
{ "type": "Feature", "properties": { "P29_001": "28206", "P29_002": "C128210001210", "P29_003": "16002", "P29_004": "芦屋市立精道中学校", "P29_005": "兵庫県芦屋市南宮町9-7", "P29_006": "3", "P29_007": "1", "P29_008": "00", "P29_009": null }, "geometry": { "type": "Point", "coordinates": [ 135.320084516548746, 34.729713102566805 ] } },
{ "type": "Feature", "properties": { "P29_001": "28206", "P29_002": "C128210001229", "P29_003": "16002", "P29_004": "芦屋市立山手中学校", "P29_005": "兵庫県芦屋市三条町39-10", "P29_006": "3", "P29_007": "1", "P29_008": "00", "P29_009": null }, "geometry": { "type": "Point", "coordinates": [ 135.293203016603599, 34.739421544436475 ] } },
{ "type": "Feature", "properties": { "P29_001": "28206", "P29_002": "C128210001238", "P29_003": "16002", "P29_004": "芦屋市立潮見中学校", "P29_005": "兵庫県芦屋市潮見町20-1", "P29_006": "3", "P29_007": "1", "P29_008": "00", "P29_009": null }, "geometry": { "type": "Point", "coordinates": [ 135.313066803564539, 34.716677353729523 ] } },
{ "type": "Feature", "properties": { "P29_001": "28204", "P29_002": "C128210001247", "P29_003": "16002", "P29_004": "西宮市立鳴尾南中学校", "P29_005": "兵庫県西宮市高須町一町目一の三六", "P29_006": "3", "P29_007": "1", "P29_008": "00", "P29_009": null }, "geometry": { "type": "Point", "coordinates": [ 135.371964827545639, 34.706257096931104 ] } },
{ "type": "Feature", "properties": { "P29_001": "28207", "P29_002": "C128210001265", "P29_003": "16002", "P29_004": "伊丹市立東中学校", "P29_005": "兵庫県伊丹市高台2-54", "P29_006": "3", "P29_007": "1", "P29_008": "00", "P29_009": null }, "geometry": { "type": "Point", "coordinates": [ 135.410200933971907, 34.792468458452269 ] } },
{ "type": "Feature", "properties": { "P29_001": "28207", "P29_002": "C128210001283", "P29_003": "16002", "P29_004": "伊丹市立南中学校", "P29_005": "兵庫県伊丹市南町2-4-1", "P29_006": "3", "P29_007": "1", "P29_008": "00", "P29_009": null }, "geometry": { "type": "Point", "coordinates": [ 135.418034982499165, 34.768479067487199 ] } },
{ "type": "Feature", "properties": { "P29_001": "28207", "P29_002": "C128210001292", "P29_003": "16002", "P29_004": "伊丹市立北中学校", "P29_005": "兵庫県伊丹市清水4-3-1", "P29_006": "3", "P29_007": "1", "P29_008": "00", "P29_009": null }, "geometry": { "type": "Point", "coordinates": [ 135.414082729501189, 34.786374032545709 ] } },
{ "type": "Feature", "properties": { "P29_001": "28207", "P29_002": "C128210001309", "P29_003": "16002", "P29_004": "伊丹市立天王寺川中学校", "P29_005": "兵庫県伊丹市鴻池3-4-28", "P29_006": "3", "P29_007": "1", "P29_008": "00", "P29_009": null }, "geometry": { "type": "Point", "coordinates": [ 135.38529253284284, 34.79616796037908 ] } },
{ "type": "Feature", "properties": { "P29_001": "28207", "P29_002": "C128210001318", "P29_003": "16002", "P29_004": "伊丹市立松崎中学校", "P29_005": "兵庫県伊丹市山田2-1-1", "P29_006": "3", "P29_007": "1", "P29_008": "00", "P29_009": null }, "geometry": { "type": "Point", "coordinates": [ 135.391847267232492, 34.77318860050751 ] } },
{ "type": "Feature", "properties": { "P29_001": "28207", "P29_002": "C128210001327", "P29_003": "16002", "P29_004": "伊丹市立荒牧中学校", "P29_005": "兵庫県伊丹市荒牧5-2-18", "P29_006": "3", "P29_007": "1", "P29_008": "00", "P29_009": null }, "geometry": { "type": "Point", "coordinates": [ 135.382514512901167, 34.809082020043583 ] } },
{ "type": "Feature", "properties": { "P29_001": "28207", "P29_002": "C128210001336", "P29_003": "16002", "P29_004": "伊丹市立笹原中学校", "P29_005": "兵庫県伊丹市南野北2-7-4", "P29_006": "3", "P29_007": "1", "P29_008": "00", "P29_009": null }, "geometry": { "type": "Point", "coordinates": [ 135.402883412786395, 34.769486346144305 ] } },
{ "type": "Feature", "properties": { "P29_001": "28214", "P29_002": "C128210001345", "P29_003": "16002", "P29_004": "宝塚市立宝塚第一中学校", "P29_005": "兵庫県宝塚市仁川うぐいす台1-1", "P29_006": "3", "P29_007": "1", "P29_008": "00", "P29_009": null }, "geometry": { "type": "Point", "coordinates": [ 135.34788721924113, 34.781441218880367 ] } },
{ "type": "Feature", "properties": { "P29_001": "28214", "P29_002": "C128210001354", "P29_003": "16002", "P29_004": "宝塚市立宝梅中学校", "P29_005": "兵庫県宝塚市宝梅3-4-20", "P29_006": "3", "P29_007": "1", "P29_008": "00", "P29_009": null }, "geometry": { "type": "Point", "coordinates": [ 135.336564144282846, 34.79781773698366 ] } },
{ "type": "Feature", "properties": { "P29_001": "28214", "P29_002": "C128210001363", "P29_003": "16002", "P29_004": "宝塚市立宝塚中学校", "P29_005": "兵庫県宝塚市美座1-1-20", "P29_006": "3", "P29_007": "1", "P29_008": "00", "P29_009": null }, "geometry": { "type": "Point", "coordinates": [ 135.361386201760638, 34.803044176399375 ] } },
{ "type": "Feature", "properties": { "P29_001": "28214", "P29_002": "C128210001372", "P29_003": "16002", "P29_004": "宝塚市立長尾中学校", "P29_005": "兵庫県宝塚市長尾町7-1", "P29_006": "3", "P29_007": "1", "P29_008": "00", "P29_009": null }, "geometry": { "type": "Point", "coordinates": [ 135.381529361443967, 34.814951020877011 ] } },
{ "type": "Feature", "properties": { "P29_001": "28214", "P29_002": "C128210001381", "P29_003": "16002", "P29_004": "宝塚市立西谷中学校", "P29_005": "兵庫県宝塚市大原野字石保46", "P29_006": "3", "P29_007": "1", "P29_008": "00", "P29_009": null }, "geometry": { "type": "Point", "coordinates": [ 135.303461676069389, 34.910820507051135 ] } },
{ "type": "Feature", "properties": { "P29_001": "28214", "P29_002": "C128210001390", "P29_003": "16002", "P29_004": "宝塚市立高司中学校", "P29_005": "兵庫県宝塚市高司2-3-1", "P29_006": "3", "P29_007": "1", "P29_008": "00", "P29_009": null }, "geometry": { "type": "Point", "coordinates": [ 135.361878757445368, 34.78621340280128 ] } },
{ "type": "Feature", "properties": { "P29_001": "28214", "P29_002": "C128210001407", "P29_003": "16002", "P29_004": "宝塚市立南ひばりガ丘中学校", "P29_005": "兵庫県宝塚市南ひばりガ丘2-7-1", "P29_006": "3", "P29_007": "1", "P29_008": "00", "P29_009": null }, "geometry": { "type": "Point", "coordinates": [ 135.398829992416807, 34.821798032265242 ] } },
{ "type": "Feature", "properties": { "P29_001": "28214", "P29_002": "C128210001416", "P29_003": "16002", "P29_004": "宝塚市立安倉中学校", "P29_005": "兵庫県宝塚市安倉中6-3-1", "P29_006": "3", "P29_007": "1", "P29_008": "00", "P29_009": null }, "geometry": { "type": "Point", "coordinates": [ 135.379224728678054, 34.802413548217935 ] } },
{ "type": "Feature", "properties": { "P29_001": "28214", "P29_002": "C128210001425", "P29_003": "16002", "P29_004": "宝塚市立中山五月台中学校", "P29_005": "兵庫県宝塚市中山五月台4-20-1", "P29_006": "3", "P29_007": "1", "P29_008": "00", "P29_009": null }, "geometry": { "type": "Point", "coordinates": [ 135.368888702277417, 34.837582664230261 ] } },
{ "type": "Feature", "properties": { "P29_001": "28214", "P29_002": "C128210001434", "P29_003": "16002", "P29_004": "宝塚市立御殿山中学校", "P29_005": "兵庫県宝塚市御殿山1-3-1", "P29_006": "3", "P29_007": "1", "P29_008": "00", "P29_009": null }, "geometry": { "type": "Point", "coordinates": [ 135.348647631986552, 34.816810576509411 ] } },
{ "type": "Feature", "properties": { "P29_001": "28217", "P29_002": "C128210001443", "P29_003": "16002", "P29_004": "川西市立川西中学校", "P29_005": "兵庫県川西市松が丘町1-1", "P29_006": "3", "P29_007": "1", "P29_008": "00", "P29_009": null }, "geometry": { "type": "Point", "coordinates": [ 135.410925358559751, 34.836197618052495 ] } },
{ "type": "Feature", "properties": { "P29_001": "28217", "P29_002": "C128210001452", "P29_003": "16002", "P29_004": "川西市立川西南中学校", "P29_005": "兵庫県川西市久代3-3-1", "P29_006": "3", "P29_007": "1", "P29_008": "00", "P29_009": null }, "geometry": { "type": "Point", "coordinates": [ 135.407669390082646, 34.809255917745126 ] } },
{ "type": "Feature", "properties": { "P29_001": "28217", "P29_002": "C128210001461", "P29_003": "16002", "P29_004": "川西市立多田中学校", "P29_005": "兵庫県川西市新田2-29-1", "P29_006": "3", "P29_007": "1", "P29_008": "00", "P29_009": null }, "geometry": { "type": "Point", "coordinates": [ 135.406307818950438, 34.865090434608469 ] } },
{ "type": "Feature", "properties": { "P29_001": "28217", "P29_002": "C128210001470", "P29_003": "16002", "P29_004": "川西市立東谷中学校", "P29_005": "兵庫県川西市見野1-9-1", "P29_006": "3", "P29_007": "1", "P29_008": "00", "P29_009": null }, "geometry": { "type": "Point", "coordinates": [ 135.413106459981663, 34.891791177355799 ] } },
{ "type": "Feature", "properties": { "P29_001": "28214", "P29_002": "C128210001522", "P29_003": "16002", "P29_004": "宝塚市立山手台中学校", "P29_005": "兵庫県宝塚市山手台西1-4-1", "P29_006": "3", "P29_007": "1", "P29_008": "00", "P29_009": null }, "geometry": { "type": "Point", "coordinates": [ 135.377536269197634, 34.828772951763469 ] } },
{ "type": "Feature", "properties": { "P29_001": "28219", "P29_002": "C128210001577", "P29_003": "16002", "P29_004": "三田市立上野台中学校", "P29_005": "兵庫県三田市志手原1145", "P29_006": "3", "P29_007": "1", "P29_008": "00", "P29_009": null }, "geometry": { "type": "Point", "coordinates": [ 135.237006706529058, 34.91399890936485 ] } },
{ "type": "Feature", "properties": { "P29_001": "28219", "P29_002": "C128210001586", "P29_003": "16002", "P29_004": "三田市立狭間中学校", "P29_005": "兵庫県三田市狭間が丘4-1", "P29_006": "3", "P29_007": "1", "P29_008": "00", "P29_009": null }, "geometry": { "type": "Point", "coordinates": [ 135.203063588407446, 34.879904571951137 ] } },
{ "type": "Feature", "properties": { "P29_001": "28219", "P29_002": "C128210001602", "P29_003": "16002", "P29_004": "三田市立けやき台中学校", "P29_005": "兵庫県三田市けやき台2-1", "P29_006": "3", "P29_007": "1", "P29_008": "00", "P29_009": null }, "geometry": { "type": "Point", "coordinates": [ 135.190880716491108, 34.906671803965509 ] } },
{ "type": "Feature", "properties": { "P29_001": "28219", "P29_002": "C128210001611", "P29_003": "16002", "P29_004": "三田市立富士中学校", "P29_005": "兵庫県三田市富士が丘3-25", "P29_006": "3", "P29_007": "1", "P29_008": "00", "P29_009": null }, "geometry": { "type": "Point", "coordinates": [ 135.189361583402444, 34.888639127905819 ] } },
{ "type": "Feature", "properties": { "P29_001": "28219", "P29_002": "C128210001639", "P29_003": "16002", "P29_004": "三田市立ゆりのき台中学校", "P29_005": "兵庫県三田市ゆりのき台2-1-1", "P29_006": "3", "P29_007": "1", "P29_008": "00", "P29_009": null }, "geometry": { "type": "Point", "coordinates": [ 135.177024855838539, 34.904420191654346 ] } },
{ "type": "Feature", "properties": { "P29_001": "28223", "P29_002": "C128210001657", "P29_003": "16002", "P29_004": "丹波市立山南中学校", "P29_005": "兵庫県丹波市山南町谷川1348", "P29_006": "3", "P29_007": "1", "P29_008": "00", "P29_009": null }, "geometry": { "type": "Point", "coordinates": [ 135.038062391987751, 35.07286111212121 ] } },
{ "type": "Feature", "properties": { "P29_001": "28223", "P29_002": "C128210001675", "P29_003": "16002", "P29_004": "丹波市立氷上中学校", "P29_005": "兵庫県丹波市氷上町成松103", "P29_006": "3", "P29_007": "1", "P29_008": "00", "P29_009": null }, "geometry": { "type": "Point", "coordinates": [ 135.03652173246968, 35.17595129307098 ] } },
{ "type": "Feature", "properties": { "P29_001": "28223", "P29_002": "C128210001684", "P29_003": "16002", "P29_004": "丹波市立青垣中学校", "P29_005": "兵庫県丹波市青垣町小倉365-1", "P29_006": "3", "P29_007": "1", "P29_008": "00", "P29_009": null }, "geometry": { "type": "Point", "coordinates": [ 134.992206421679981, 35.247491599897344 ] } },
{ "type": "Feature", "properties": { "P29_001": "28223", "P29_002": "C128210001693", "P29_003": "16002", "P29_004": "丹波市立市島中学校", "P29_005": "兵庫県丹波市市島町上垣2002", "P29_006": "3", "P29_007": "1", "P29_008": "00", "P29_009": null }, "geometry": { "type": "Point", "coordinates": [ 135.141424866950189, 35.214604213948952 ] } },
{ "type": "Feature", "properties": { "P29_001": "28223", "P29_002": "C128210001700", "P29_003": "16002", "P29_004": "丹波市立春日中学校", "P29_005": "兵庫県丹波市春日町野村2476", "P29_006": "3", "P29_007": "1", "P29_008": "00", "P29_009": null }, "geometry": { "type": "Point", "coordinates": [ 135.113751387568811, 35.161066412403457 ] } },
{ "type": "Feature", "properties": { "P29_001": "28221", "P29_002": "C128210001719", "P29_003": "16002", "P29_004": "丹波篠山市立篠山中学校", "P29_005": "兵庫県丹波篠山市東沢田224", "P29_006": "3", "P29_007": "1", "P29_008": "00", "P29_009": null }, "geometry": { "type": "Point", "coordinates": [ 135.230768686992405, 35.077207955763107 ] } },
{ "type": "Feature", "properties": { "P29_001": "28221", "P29_002": "C128210001728", "P29_003": "16002", "P29_004": "丹波篠山市立篠山東中学校", "P29_005": "兵庫県丹波篠山市泉若林1-1", "P29_006": "3", "P29_007": "1", "P29_008": "00", "P29_009": null }, "geometry": { "type": "Point", "coordinates": [ 135.279952999028808, 35.077972049067981 ] } },
{ "type": "Feature", "properties": { "P29_001": "28221", "P29_002": "C128210001737", "P29_003": "16002", "P29_004": "丹波篠山市立西紀中学校", "P29_005": "兵庫県丹波篠山市宮田175", "P29_006": "3", "P29_007": "1", "P29_008": "00", "P29_009": null }, "geometry": { "type": "Point", "coordinates": [ 135.175568770950974, 35.091693615853103 ] } },
{ "type": "Feature", "properties": { "P29_001": "28221", "P29_002": "C128210001746", "P29_003": "16002", "P29_004": "丹波篠山市立丹南中学校", "P29_005": "兵庫県丹波篠山市味間新192", "P29_006": "3", "P29_007": "1", "P29_008": "00", "P29_009": null }, "geometry": { "type": "Point", "coordinates": [ 135.169310068878929, 35.062583008641681 ] } },
{ "type": "Feature", "properties": { "P29_001": "28221", "P29_002": "C128210001755", "P29_003": "16002", "P29_004": "丹波篠山市立今田中学校", "P29_005": "兵庫県丹波篠山市今田町今田新田11", "P29_006": "3", "P29_007": "1", "P29_008": "00", "P29_009": null }, "geometry": { "type": "Point", "coordinates": [ 135.103248307065769, 35.00232993353395 ] } },
{ "type": "Feature", "properties": { "P29_001": "28203", "P29_002": "C128210001764", "P29_003": "16002", "P29_004": "明石市立錦城中学校", "P29_005": "兵庫県明石市上の丸3-1-11", "P29_006": "3", "P29_007": "1", "P29_008": "00", "P29_009": null }, "geometry": { "type": "Point", "coordinates": [ 134.998327664460078, 34.656597423875766 ] } },
{ "type": "Feature", "properties": { "P29_001": "28203", "P29_002": "C128210001773", "P29_003": "16002", "P29_004": "明石市立大蔵中学校", "P29_005": "兵庫県明石市西朝霧丘4-7", "P29_006": "3", "P29_007": "1", "P29_008": "00", "P29_009": null }, "geometry": { "type": "Point", "coordinates": [ 135.009108143610149, 34.656345693860551 ] } },
{ "type": "Feature", "properties": { "P29_001": "28203", "P29_002": "C128210001791", "P29_003": "16002", "P29_004": "明石市立望海中学校", "P29_005": "兵庫県明石市西明石南町1-1-33", "P29_006": "3", "P29_007": "1", "P29_008": "00", "P29_009": null }, "geometry": { "type": "Point", "coordinates": [ 134.962272734271863, 34.662434912528859 ] } },
{ "type": "Feature", "properties": { "P29_001": "28203", "P29_002": "C128210001808", "P29_003": "16002", "P29_004": "明石市立大久保中学校", "P29_005": "兵庫県明石市大久保町大久保町200", "P29_006": "3", "P29_007": "1", "P29_008": "00", "P29_009": null }, "geometry": { "type": "Point", "coordinates": [ 134.942365080907564, 34.677007705363899 ] } },
{ "type": "Feature", "properties": { "P29_001": "28203", "P29_002": "C128210001826", "P29_003": "16002", "P29_004": "明石市立二見中学校", "P29_005": "兵庫県明石市二見町西二見594", "P29_006": "3", "P29_007": "1", "P29_008": "00", "P29_009": null }, "geometry": { "type": "Point", "coordinates": [ 134.88141740161177, 34.706327382218099 ] } },
{ "type": "Feature", "properties": { "P29_001": "28203", "P29_002": "C128210001835", "P29_003": "16002", "P29_004": "明石市立朝霧中学校", "P29_005": "兵庫県明石市大蔵谷奥4-1", "P29_006": "3", "P29_007": "1", "P29_008": "00", "P29_009": null }, "geometry": { "type": "Point", "coordinates": [ 135.025752093144575, 34.658687391052041 ] } },
{ "type": "Feature", "properties": { "P29_001": "28203", "P29_002": "C128210001844", "P29_003": "16002", "P29_004": "明石市立高丘中学校", "P29_005": "兵庫県明石市大久保町高丘5-14", "P29_006": "3", "P29_007": "1", "P29_008": "00", "P29_009": null }, "geometry": { "type": "Point", "coordinates": [ 134.946355886508371, 34.70043878547532 ] } },
{ "type": "Feature", "properties": { "P29_001": "28203", "P29_002": "C128210001853", "P29_003": "16002", "P29_004": "明石市立野々池中学校", "P29_005": "兵庫県明石市沢野1-3-1", "P29_006": "3", "P29_007": "1", "P29_008": "00", "P29_009": null }, "geometry": { "type": "Point", "coordinates": [ 134.965891922368968, 34.678445135748056 ] } },
{ "type": "Feature", "properties": { "P29_001": "28203", "P29_002": "C128210001862", "P29_003": "16002", "P29_004": "明石市立江井島中学校", "P29_005": "兵庫県明石市大久保町西島680-5", "P29_006": "3", "P29_007": "1", "P29_008": "00", "P29_009": null }, "geometry": { "type": "Point", "coordinates": [ 134.913202808274832, 34.685512622884715 ] } },
{ "type": "Feature", "properties": { "P29_001": "28203", "P29_002": "C128210001871", "P29_003": "16002", "P29_004": "明石市立魚住東中学校", "P29_005": "兵庫県明石市魚住町金ヶ崎1687-14", "P29_006": "3", "P29_007": "1", "P29_008": "00", "P29_009": null }, "geometry": { "type": "Point", "coordinates": [ 134.920577518425716, 34.704793037384761 ] } },
{ "type": "Feature", "properties": { "P29_001": "28203", "P29_002": "C128210001880", "P29_003": "16002", "P29_004": "明石市立大久保北中学校", "P29_005": "兵庫県明石市大久保町大窪2030", "P29_006": "3", "P29_007": "1", "P29_008": "00", "P29_009": null }, "geometry": { "type": "Point", "coordinates": [ 134.945940241150026, 34.693537751576876 ] } },
{ "type": "Feature", "properties": { "P29_001": "28210", "P29_002": "C128210001899", "P29_003": "16002", "P29_004": "加古川市立加古川中学校", "P29_005": "兵庫県加古川市加古川町備後203", "P29_006": "3", "P29_007": "1", "P29_008": "00", "P29_009": null }, "geometry": { "type": "Point", "coordinates": [ 134.824088023001877, 34.760342971544809 ] } },
{ "type": "Feature", "properties": { "P29_001": "28210", "P29_002": "C128210001924", "P29_003": "16002", "P29_004": "加古川市立両荘中学校", "P29_005": "兵庫県加古川市平荘町山角740", "P29_006": "3", "P29_007": "1", "P29_008": "00", "P29_009": null }, "geometry": { "type": "Point", "coordinates": [ 134.880668291091354, 34.802475079922282 ] } },
{ "type": "Feature", "properties": { "P29_001": "28210", "P29_002": "C128210001933", "P29_003": "16002", "P29_004": "加古川市立平岡中学校", "P29_005": "兵庫県加古川市平岡町新在家1801", "P29_006": "3", "P29_007": "1", "P29_008": "00", "P29_009": null }, "geometry": { "type": "Point", "coordinates": [ 134.877655768763105, 34.743498469428488 ] } },
{ "type": "Feature", "properties": { "P29_001": "28210", "P29_002": "C128210001942", "P29_003": "16002", "P29_004": "加古川市立氷丘中学校", "P29_005": "兵庫県加古川市加古川町大野845", "P29_006": "3", "P29_007": "1", "P29_008": "00", "P29_009": null }, "geometry": { "type": "Point", "coordinates": [ 134.857323183607633, 34.77056479464553 ] } },
{ "type": "Feature", "properties": { "P29_001": "28210", "P29_002": "C128210001979", "P29_003": "16002", "P29_004": "加古川市立別府中学校", "P29_005": "兵庫県加古川市別府町新野辺北町8-9", "P29_006": "3", "P29_007": "1", "P29_008": "00", "P29_009": null }, "geometry": { "type": "Point", "coordinates": [ 134.845291007385072, 34.736603605549874 ] } },
{ "type": "Feature", "properties": { "P29_001": "28213", "P29_002": "C128210001988", "P29_003": "16002", "P29_004": "西脇市立西脇中学校", "P29_005": "兵庫県西脇市小坂町95-1", "P29_006": "3", "P29_007": "1", "P29_008": "00", "P29_009": null }, "geometry": { "type": "Point", "coordinates": [ 134.966829677121297, 34.993820932099027 ] } },
{ "type": "Feature", "properties": { "P29_001": "28215", "P29_002": "C128210002022", "P29_003": "16002", "P29_004": "三木市立別所中学校", "P29_005": "兵庫県三木市別所町東這田598-1", "P29_006": "3", "P29_007": "1", "P29_008": "00", "P29_009": null }, "geometry": { "type": "Point", "coordinates": [ 134.957183103850781, 34.793256196182263 ] } },
{ "type": "Feature", "properties": { "P29_001": "28215", "P29_002": "C128210002059", "P29_003": "16002", "P29_004": "三木市立緑が丘中学校", "P29_005": "兵庫県三木市緑が丘町東4-17", "P29_006": "3", "P29_007": "1", "P29_008": "00", "P29_009": null }, "geometry": { "type": "Point", "coordinates": [ 135.038567306799962, 34.77216990449103 ] } },
{ "type": "Feature", "properties": { "P29_001": "28215", "P29_002": "C128210002077", "P29_003": "16002", "P29_004": "三木市立三木東中学校", "P29_005": "兵庫県三木市福井2474-2", "P29_006": "3", "P29_007": "1", "P29_008": "00", "P29_009": null }, "geometry": { "type": "Point", "coordinates": [ 134.997022030802043, 34.790532809375115 ] } },
{ "type": "Feature", "properties": { "P29_001": "28216", "P29_002": "C128210002086", "P29_003": "16002", "P29_004": "高砂市立高砂中学校", "P29_005": "兵庫県高砂市高砂町大工町638", "P29_006": "3", "P29_007": "1", "P29_008": "00", "P29_009": null }, "geometry": { "type": "Point", "coordinates": [ 134.798628386658635, 34.745488571450537 ] } },
{ "type": "Feature", "properties": { "P29_001": "28216", "P29_002": "C128210002095", "P29_003": "16002", "P29_004": "高砂市立荒井中学校", "P29_005": "兵庫県高砂市荒井町千鳥3-1-1", "P29_006": "3", "P29_007": "1", "P29_008": "00", "P29_009": null }, "geometry": { "type": "Point", "coordinates": [ 134.794571883104481, 34.766416557477136 ] } },
{ "type": "Feature", "properties": { "P29_001": "28216", "P29_002": "C128210002102", "P29_003": "16002", "P29_004": "高砂市立松陽中学校", "P29_005": "兵庫県高砂市松陽1-11-1", "P29_006": "3", "P29_007": "1", "P29_008": "00", "P29_009": null }, "geometry": { "type": "Point", "coordinates": [ 134.780444521045553, 34.776499707998376 ] } },
{ "type": "Feature", "properties": { "P29_001": "28216", "P29_002": "C128210002111", "P29_003": "16002", "P29_004": "高砂市立鹿島中学校", "P29_005": "兵庫県高砂市阿弥陀町阿弥陀1979-3", "P29_006": "3", "P29_007": "1", "P29_008": "00", "P29_009": null }, "geometry": { "type": "Point", "coordinates": [ 134.774438301429939, 34.794240047766259 ] } },
{ "type": "Feature", "properties": { "P29_001": "28216", "P29_002": "C128210002120", "P29_003": "16002", "P29_004": "高砂市立竜山中学校", "P29_005": "兵庫県高砂市松陽3-1", "P29_006": "3", "P29_007": "1", "P29_008": "00", "P29_009": null }, "geometry": { "type": "Point", "coordinates": [ 134.785659233755155, 34.77977920263104 ] } },
{ "type": "Feature", "properties": { "P29_001": "28218", "P29_002": "C128210002139", "P29_003": "16002", "P29_004": "小野市立小野中学校", "P29_005": "兵庫県小野市本町612", "P29_006": "3", "P29_007": "1", "P29_008": "00", "P29_009": null }, "geometry": { "type": "Point", "coordinates": [ 134.939581589249769, 34.846870636403565 ] } },
{ "type": "Feature", "properties": { "P29_001": "28218", "P29_002": "C128210002148", "P29_003": "16002", "P29_004": "小野市立河合中学校", "P29_005": "兵庫県小野市三和町983-2", "P29_006": "3", "P29_007": "1", "P29_008": "00", "P29_009": null }, "geometry": { "type": "Point", "coordinates": [ 134.918915107661149, 34.870655409706856 ] } },
{ "type": "Feature", "properties": { "P29_001": "28218", "P29_002": "C128210002157", "P29_003": "16002", "P29_004": "小野市立旭丘中学校", "P29_005": "兵庫県小野市古川町940-1", "P29_006": "3", "P29_007": "1", "P29_008": "00", "P29_009": null }, "geometry": { "type": "Point", "coordinates": [ 134.949417620787074, 34.873626776810262 ] } },
{ "type": "Feature", "properties": { "P29_001": "28218", "P29_002": "C128210002166", "P29_003": "16002", "P29_004": "小野市立小野南中学校", "P29_005": "兵庫県小野市大島町598", "P29_006": "3", "P29_007": "1", "P29_008": "00", "P29_009": null }, "geometry": { "type": "Point", "coordinates": [ 134.929100278248285, 34.832778083903904 ] } },
{ "type": "Feature", "properties": { "P29_001": "28220", "P29_002": "C128210002175", "P29_003": "16002", "P29_004": "加西市立北条中学校", "P29_005": "兵庫県加西市北条町北条618", "P29_006": "3", "P29_007": "1", "P29_008": "00", "P29_009": null }, "geometry": { "type": "Point", "coordinates": [ 134.827850144664097, 34.937530235924648 ] } },
{ "type": "Feature", "properties": { "P29_001": "28220", "P29_002": "C128210002193", "P29_003": "16002", "P29_004": "加西市立加西中学校", "P29_005": "兵庫県加西市上宮木町524", "P29_006": "3", "P29_007": "1", "P29_008": "00", "P29_009": null }, "geometry": { "type": "Point", "coordinates": [ 134.874537822388248, 34.895403517785716 ] } },
{ "type": "Feature", "properties": { "P29_001": "28228", "P29_002": "C128210002246", "P29_003": "16002", "P29_004": "加東市立滝野中学校", "P29_005": "兵庫県加東市下滝野761", "P29_006": "3", "P29_007": "1", "P29_008": "00", "P29_009": null }, "geometry": { "type": "Point", "coordinates": [ 134.949057967845675, 34.936062528155539 ] } },
{ "type": "Feature", "properties": { "P29_001": "28365", "P29_002": "C128210002255", "P29_003": "16002", "P29_004": "多可町立中町中学校", "P29_005": "兵庫県多可郡多可町中区奥中588", "P29_006": "3", "P29_007": "1", "P29_008": "00", "P29_009": null }, "geometry": { "type": "Point", "coordinates": [ 134.920392010476718, 35.052618882943527 ] } },
{ "type": "Feature", "properties": { "P29_001": "28365", "P29_002": "C128210002264", "P29_003": "16002", "P29_004": "多可町立加美中学校", "P29_005": "兵庫県多可郡多可町加美区豊部300", "P29_006": "3", "P29_007": "1", "P29_008": "00", "P29_009": null }, "geometry": { "type": "Point", "coordinates": [ 134.899344987143337, 35.103744842787435 ] } },
{ "type": "Feature", "properties": { "P29_001": "28365", "P29_002": "C128210002273", "P29_003": "16002", "P29_004": "多可町立八千代中学校", "P29_005": "兵庫県多可郡多可町八千代区中野間680", "P29_006": "3", "P29_007": "1", "P29_008": "00", "P29_009": null }, "geometry": { "type": "Point", "coordinates": [ 134.908642595261284, 35.004322399457067 ] } },
{ "type": "Feature", "properties": { "P29_001": "28213", "P29_002": "C128210002282", "P29_003": "16002", "P29_004": "西脇市立黒田庄中学校", "P29_005": "兵庫県西脇市黒田庄町黒田136-1", "P29_006": "3", "P29_007": "1", "P29_008": "00", "P29_009": null }, "geometry": { "type": "Point", "coordinates": [ 134.996524469689717, 35.050442345777668 ] } },
{ "type": "Feature", "properties": { "P29_001": "28381", "P29_002": "C128210002308", "P29_003": "16002", "P29_004": "稲美町立稲美北中学校", "P29_005": "兵庫県加古郡稲美町加古4269", "P29_006": "3", "P29_007": "1", "P29_008": "00", "P29_009": null }, "geometry": { "type": "Point", "coordinates": [ 134.906910001505452, 34.762453296697238 ] } },
{ "type": "Feature", "properties": { "P29_001": "28382", "P29_002": "C128210002317", "P29_003": "16002", "P29_004": "播磨町立播磨中学校", "P29_005": "兵庫県加古郡播磨町南大中1-6-50", "P29_006": "3", "P29_007": "1", "P29_008": "00", "P29_009": null }, "geometry": { "type": "Point", "coordinates": [ 134.870260006071874, 34.71939846622903 ] } },
{ "type": "Feature", "properties": { "P29_001": "28382", "P29_002": "C128210002326", "P29_003": "16002", "P29_004": "播磨町立播磨南中学校", "P29_005": "兵庫県加古郡播磨町古宮5-10-1", "P29_006": "3", "P29_007": "1", "P29_008": "00", "P29_009": null }, "geometry": { "type": "Point", "coordinates": [ 134.870364357987569, 34.709443217251859 ] } },
{ "type": "Feature", "properties": { "P29_001": "28210", "P29_002": "C128210002335", "P29_003": "16002", "P29_004": "加古川市立志方中学校", "P29_005": "兵庫県加古川市志方町志方町宮山", "P29_006": "3", "P29_007": "1", "P29_008": "00", "P29_009": null }, "geometry": { "type": "Point", "coordinates": [ 134.827988845238053, 34.824271343591541 ] } },
{ "type": "Feature", "properties": { "P29_001": "28201", "P29_002": "C128210002362", "P29_003": "16002", "P29_004": "姫路市立広嶺中学校", "P29_005": "兵庫県姫路市峰南町2-43", "P29_006": "3", "P29_007": "1", "P29_008": "00", "P29_009": null }, "geometry": { "type": "Point", "coordinates": [ 134.69570555151256, 34.859695466536749 ] } },
{ "type": "Feature", "properties": { "P29_001": "28201", "P29_002": "C128210002399", "P29_003": "16002", "P29_004": "姫路市立東光中学校", "P29_005": "兵庫県姫路市国府寺町80", "P29_006": "3", "P29_007": "1", "P29_008": "00", "P29_009": null }, "geometry": { "type": "Point", "coordinates": [ 134.702693366987546, 34.83461773458599 ] } },
{ "type": "Feature", "properties": { "P29_001": "28201", "P29_002": "C128210002415", "P29_003": "16002", "P29_004": "姫路市立山陽中学校", "P29_005": "兵庫県姫路市延末103-1", "P29_006": "3", "P29_007": "1", "P29_008": "00", "P29_009": null }, "geometry": { "type": "Point", "coordinates": [ 134.678263396128585, 34.822892969217385 ] } },
{ "type": "Feature", "properties": { "P29_001": "28201", "P29_002": "C128210002424", "P29_003": "16002", "P29_004": "姫路市立灘中学校", "P29_005": "兵庫県姫路市白浜町神田1-33", "P29_006": "3", "P29_007": "1", "P29_008": "00", "P29_009": null }, "geometry": { "type": "Point", "coordinates": [ 134.706225920186142, 34.791962927629626 ] } },
{ "type": "Feature", "properties": { "P29_001": "28201", "P29_002": "C128210002433", "P29_003": "16002", "P29_004": "姫路市立飾磨東中学校", "P29_005": "兵庫県姫路市飾磨区三和町26", "P29_006": "3", "P29_007": "1", "P29_008": "00", "P29_009": null }, "geometry": { "type": "Point", "coordinates": [ 134.683389754305807, 34.799309326828862 ] } },
{ "type": "Feature", "properties": { "P29_001": "28201", "P29_002": "C128210002442", "P29_003": "16002", "P29_004": "姫路市立飾磨中部中学校", "P29_005": "兵庫県姫路市飾磨区細江206", "P29_006": "3", "P29_007": "1", "P29_008": "00", "P29_009": null }, "geometry": { "type": "Point", "coordinates": [ 134.67064726011958, 34.803446693829827 ] } },
{ "type": "Feature", "properties": { "P29_001": "28201", "P29_002": "C128210002451", "P29_003": "16002", "P29_004": "姫路市立飾磨西中学校", "P29_005": "兵庫県姫路市飾磨区構2-93", "P29_006": "3", "P29_007": "1", "P29_008": "00", "P29_009": null }, "geometry": { "type": "Point", "coordinates": [ 134.661738246283704, 34.809562880101069 ] } },
{ "type": "Feature", "properties": { "P29_001": "28201", "P29_002": "C128210002460", "P29_003": "16002", "P29_004": "姫路市立広畑中学校", "P29_005": "兵庫県姫路市広畑区小松町3-83", "P29_006": "3", "P29_007": "1", "P29_008": "00", "P29_009": null }, "geometry": { "type": "Point", "coordinates": [ 134.621580347816689, 34.802356368067002 ] } },
{ "type": "Feature", "properties": { "P29_001": "28201", "P29_002": "C128210002488", "P29_003": "16002", "P29_004": "姫路市立朝日中学校", "P29_005": "兵庫県姫路市網干区坂出1-1", "P29_006": "3", "P29_007": "1", "P29_008": "00", "P29_009": null }, "geometry": { "type": "Point", "coordinates": [ 134.590200200631557, 34.804045091354247 ] } },
{ "type": "Feature", "properties": { "P29_001": "28201", "P29_002": "C128210002503", "P29_003": "16002", "P29_004": "姫路市立神南中学校", "P29_005": "兵庫県姫路市船津町3937", "P29_006": "3", "P29_007": "1", "P29_008": "00", "P29_009": null }, "geometry": { "type": "Point", "coordinates": [ 134.757880321897034, 34.908691074442267 ] } },
{ "type": "Feature", "properties": { "P29_001": "28201", "P29_002": "C128210002512", "P29_003": "16002", "P29_004": "姫路市立花田中学校", "P29_005": "兵庫県姫路市花田町小川1246-1", "P29_006": "3", "P29_007": "1", "P29_008": "00", "P29_009": null }, "geometry": { "type": "Point", "coordinates": [ 134.722855455712306, 34.847547093366025 ] } },
{ "type": "Feature", "properties": { "P29_001": "28201", "P29_002": "C128210002521", "P29_003": "16002", "P29_004": "姫路市立林田中学校", "P29_005": "兵庫県姫路市林田町林田33", "P29_006": "3", "P29_007": "1", "P29_008": "00", "P29_009": null }, "geometry": { "type": "Point", "coordinates": [ 134.580232009883957, 34.905018229627807 ] } },
{ "type": "Feature", "properties": { "P29_001": "28201", "P29_002": "C128210002549", "P29_003": "16002", "P29_004": "姫路市立城乾中学校", "P29_005": "兵庫県姫路市南八代町6-1", "P29_006": "3", "P29_007": "1", "P29_008": "00", "P29_009": null }, "geometry": { "type": "Point", "coordinates": [ 134.686129896487103, 34.842481653602682 ] } },
{ "type": "Feature", "properties": { "P29_001": "28201", "P29_002": "C128210002558", "P29_003": "16002", "P29_004": "姫路市立大的中学校", "P29_005": "兵庫県姫路市大塩町2213-2", "P29_006": "3", "P29_007": "1", "P29_008": "00", "P29_009": null }, "geometry": { "type": "Point", "coordinates": [ 134.75200265915845, 34.776031664647604 ] } },
{ "type": "Feature", "properties": { "P29_001": "28201", "P29_002": "C128210002585", "P29_003": "16002", "P29_004": "姫路市立大津中学校", "P29_005": "兵庫県姫路市大津区長松229", "P29_006": "3", "P29_007": "1", "P29_008": "00", "P29_009": null }, "geometry": { "type": "Point", "coordinates": [ 134.602869370701967, 34.799677014758487 ] } },
{ "type": "Feature", "properties": { "P29_001": "28208", "P29_002": "C128210002594", "P29_003": "16002", "P29_004": "相生市立那波中学校", "P29_005": "兵庫県相生市那波南本町10-1", "P29_006": "3", "P29_007": "1", "P29_008": "00", "P29_009": null }, "geometry": { "type": "Point", "coordinates": [ 134.46324363499707, 34.80688949597738 ] } },
{ "type": "Feature", "properties": { "P29_001": "28208", "P29_002": "C128210002601", "P29_003": "16002", "P29_004": "相生市立双葉中学校", "P29_005": "兵庫県相生市双葉1-2-1", "P29_006": "3", "P29_007": "1", "P29_008": "00", "P29_009": null }, "geometry": { "type": "Point", "coordinates": [ 134.479500937164261, 34.813199855273005 ] } },
{ "type": "Feature", "properties": { "P29_001": "28208", "P29_002": "C128210002610", "P29_003": "16002", "P29_004": "相生市立矢野川中学校", "P29_005": "兵庫県相生市若狭野町寺田298", "P29_006": "3", "P29_007": "1", "P29_008": "00", "P29_009": null }, "geometry": { "type": "Point", "coordinates": [ 134.434403630252206, 34.841291212178575 ] } },
{ "type": "Feature", "properties": { "P29_001": "28229", "P29_002": "C128210002629", "P29_003": "16002", "P29_004": "たつの市立龍野東中学校", "P29_005": "兵庫県たつの市龍野町日飼100", "P29_006": "3", "P29_007": "1", "P29_008": "00", "P29_009": null }, "geometry": { "type": "Point", "coordinates": [ 134.554847655003755, 34.868205494920005 ] } },
{ "type": "Feature", "properties": { "P29_001": "28212", "P29_002": "C128210002647", "P29_003": "16002", "P29_004": "赤穂市立赤穂中学校", "P29_005": "兵庫県赤穂市加里屋2800-1", "P29_006": "3", "P29_007": "1", "P29_008": "00", "P29_009": null }, "geometry": { "type": "Point", "coordinates": [ 134.389117564153594, 34.762178319954771 ] } },
{ "type": "Feature", "properties": { "P29_001": "28212", "P29_002": "C128210002656", "P29_003": "16002", "P29_004": "赤穂市立赤穂西中学校", "P29_005": "兵庫県赤穂市塩屋1870", "P29_006": "3", "P29_007": "1", "P29_008": "00", "P29_009": null }, "geometry": { "type": "Point", "coordinates": [ 134.377510630148009, 34.764246545722379 ] } },
{ "type": "Feature", "properties": { "P29_001": "28212", "P29_002": "C128210002665", "P29_003": "16002", "P29_004": "赤穂市立赤穂東中学校", "P29_005": "兵庫県赤穂市朝日町1-1", "P29_006": "3", "P29_007": "1", "P29_008": "00", "P29_009": null }, "geometry": { "type": "Point", "coordinates": [ 134.410964425832134, 34.738831003949372 ] } },
{ "type": "Feature", "properties": { "P29_001": "28212", "P29_002": "C128210002674", "P29_003": "16002", "P29_004": "赤穂市立坂越中学校", "P29_005": "兵庫県赤穂市浜市587", "P29_006": "3", "P29_007": "1", "P29_008": "00", "P29_009": null }, "geometry": { "type": "Point", "coordinates": [ 134.422840658462405, 34.77129189212873 ] } },
{ "type": "Feature", "properties": { "P29_001": "28201", "P29_002": "C128210002692", "P29_003": "16002", "P29_004": "姫路市立家島中学校", "P29_005": "兵庫県姫路市家島町宮1877-2", "P29_006": "3", "P29_007": "1", "P29_008": "00", "P29_009": null }, "geometry": { "type": "Point", "coordinates": [ 134.530456822130617, 34.668581648020727 ] } },
{ "type": "Feature", "properties": { "P29_001": "28201", "P29_002": "C128210002709", "P29_003": "16002", "P29_004": "姫路市立坊勢中学校", "P29_005": "兵庫県姫路市家島町坊勢430-1", "P29_006": "3", "P29_007": "1", "P29_008": "00", "P29_009": null }, "geometry": { "type": "Point", "coordinates": [ 134.514111329048035, 34.651448303880208 ] } },
{ "type": "Feature", "properties": { "P29_001": "28201", "P29_002": "C128210002718", "P29_003": "16002", "P29_004": "姫路市立置塩中学校", "P29_005": "兵庫県姫路市夢前町又坂50", "P29_006": "3", "P29_007": "1", "P29_008": "00", "P29_009": null }, "geometry": { "type": "Point", "coordinates": [ 134.673675677549767, 34.927923540034044 ] } },
{ "type": "Feature", "properties": { "P29_001": "28201", "P29_002": "C128210002727", "P29_003": "16002", "P29_004": "姫路市立鹿谷中学校", "P29_005": "兵庫県姫路市夢前町前之庄2860", "P29_006": "3", "P29_007": "1", "P29_008": "00", "P29_009": null }, "geometry": { "type": "Point", "coordinates": [ 134.682434035361752, 34.972303226330766 ] } },
{ "type": "Feature", "properties": { "P29_001": "28201", "P29_002": "C128210002736", "P29_003": "16002", "P29_004": "姫路市立菅野中学校", "P29_005": "兵庫県姫路市夢前町護持29-1", "P29_006": "3", "P29_007": "1", "P29_008": "00", "P29_009": null }, "geometry": { "type": "Point", "coordinates": [ 134.638893731252807, 34.941075936067804 ] } },
{ "type": "Feature", "properties": { "P29_001": "28442", "P29_002": "C128210002745", "P29_003": "16002", "P29_004": "市川町立市川中学校", "P29_005": "兵庫県神崎郡市川町甘地836", "P29_006": "3", "P29_007": "1", "P29_008": "00", "P29_009": null }, "geometry": { "type": "Point", "coordinates": [ 134.760253887037408, 34.988586679707474 ] } },
{ "type": "Feature", "properties": { "P29_001": "28443", "P29_002": "C128210002763", "P29_003": "16002", "P29_004": "福崎町立福崎西中学校", "P29_005": "兵庫県神崎郡福崎町福田597", "P29_006": "3", "P29_007": "1", "P29_008": "00", "P29_009": null }, "geometry": { "type": "Point", "coordinates": [ 134.743901115647645, 34.958923467362176 ] } },
{ "type": "Feature", "properties": { "P29_001": "28443", "P29_002": "C128210002772", "P29_003": "16002", "P29_004": "福崎町立福崎東中学校", "P29_005": "兵庫県神崎郡福崎町南田原1200-1", "P29_006": "3", "P29_007": "1", "P29_008": "00", "P29_009": null }, "geometry": { "type": "Point", "coordinates": [ 134.770197941011418, 34.941010557677359 ] } },
{ "type": "Feature", "properties": { "P29_001": "28201", "P29_002": "C128210002781", "P29_003": "16002", "P29_004": "姫路市立香寺中学校", "P29_005": "兵庫県姫路市香寺町岩部293", "P29_006": "3", "P29_007": "1", "P29_008": "00", "P29_009": null }, "geometry": { "type": "Point", "coordinates": [ 134.736598871249697, 34.919665409797439 ] } },
{ "type": "Feature", "properties": { "P29_001": "28446", "P29_002": "C128210002790", "P29_003": "16002", "P29_004": "神河町立神河中学校", "P29_005": "兵庫県神崎郡神河町上岩25-1", "P29_006": "3", "P29_007": "1", "P29_008": "00", "P29_009": null }, "geometry": { "type": "Point", "coordinates": [ 134.736813805665463, 35.064459718870168 ] } },
{ "type": "Feature", "properties": { "P29_001": "28464", "P29_002": "C128210002816", "P29_003": "16002", "P29_004": "太子町立太子西中学校", "P29_005": "兵庫県揖保郡太子町207-1", "P29_006": "3", "P29_007": "1", "P29_008": "00", "P29_009": null }, "geometry": { "type": "Point", "coordinates": [ 134.575820951979381, 34.830757996845051 ] } },
{ "type": "Feature", "properties": { "P29_001": "28464", "P29_002": "C128210002825", "P29_003": "16002", "P29_004": "太子町立太子東中学校", "P29_005": "兵庫県揖保郡太子町太田1", "P29_006": "3", "P29_007": "1", "P29_008": "00", "P29_009": null }, "geometry": { "type": "Point", "coordinates": [ 134.593104337052381, 34.838993933401184 ] } },
{ "type": "Feature", "properties": { "P29_001": "28229", "P29_002": "C128210002834", "P29_003": "16002", "P29_004": "たつの市立揖保川中学校", "P29_005": "兵庫県たつの市揖保川町正條471", "P29_006": "3", "P29_007": "1", "P29_008": "00", "P29_009": null }, "geometry": { "type": "Point", "coordinates": [ 134.526656975425425, 34.824688753967841 ] } },
{ "type": "Feature", "properties": { "P29_001": "28229", "P29_002": "C128210002843", "P29_003": "16002", "P29_004": "たつの市立御津中学校", "P29_005": "兵庫県たつの市御津町朝臣414", "P29_006": "3", "P29_007": "1", "P29_008": "00", "P29_009": null }, "geometry": { "type": "Point", "coordinates": [ 134.547972140067429, 34.788087660085701 ] } },
{ "type": "Feature", "properties": { "P29_001": "28481", "P29_002": "C128210002852", "P29_003": "16002", "P29_004": "上郡町立上郡中学校", "P29_005": "兵庫県赤穂郡上郡町山野里1178-1", "P29_006": "3", "P29_007": "1", "P29_008": "00", "P29_009": null }, "geometry": { "type": "Point", "coordinates": [ 134.346016959612712, 34.861458895478599 ] } },
{ "type": "Feature", "properties": { "P29_001": "28501", "P29_002": "C128210002861", "P29_003": "16002", "P29_004": "佐用町立佐用中学校", "P29_005": "兵庫県佐用郡佐用町本位田乙104-5", "P29_006": "3", "P29_007": "1", "P29_008": "00", "P29_009": null }, "geometry": { "type": "Point", "coordinates": [ 134.360407541223253, 35.024615453303838 ] } },
{ "type": "Feature", "properties": { "P29_001": "28501", "P29_002": "C128210002870", "P29_003": "16002", "P29_004": "佐用町立上月中学校", "P29_005": "兵庫県佐用郡佐用町上月901", "P29_006": "3", "P29_007": "1", "P29_008": "00", "P29_009": null }, "geometry": { "type": "Point", "coordinates": [ 134.318614151947628, 34.988102306310132 ] } },
{ "type": "Feature", "properties": { "P29_001": "28501", "P29_002": "C128210002889", "P29_003": "16002", "P29_004": "佐用町立上津中学校", "P29_005": "兵庫県佐用郡佐用町下徳久1357", "P29_006": "3", "P29_007": "1", "P29_008": "00", "P29_009": null }, "geometry": { "type": "Point", "coordinates": [ 134.383012888215717, 34.992150114440037 ] } },
{ "type": "Feature", "properties": { "P29_001": "28227", "P29_002": "C128210002905", "P29_003": "16002", "P29_004": "宍粟市立山崎南中学校", "P29_005": "兵庫県宍粟市山崎町金谷40", "P29_006": "3", "P29_007": "1", "P29_008": "00", "P29_009": null }, "geometry": { "type": "Point", "coordinates": [ 134.537977365239186, 34.987998733927284 ] } },
{ "type": "Feature", "properties": { "P29_001": "28227", "P29_002": "C128210002923", "P29_003": "16002", "P29_004": "宍粟市立山崎東中学校", "P29_005": "兵庫県宍粟市山崎町三津371", "P29_006": "3", "P29_007": "1", "P29_008": "00", "P29_009": null }, "geometry": { "type": "Point", "coordinates": [ 134.547467838066552, 35.01655956308737 ] } },
{ "type": "Feature", "properties": { "P29_001": "28201", "P29_002": "C128210002932", "P29_003": "16002", "P29_004": "姫路市立安富中学校", "P29_005": "兵庫県姫路市安富町安志320-1", "P29_006": "3", "P29_007": "1", "P29_008": "00", "P29_009": null }, "geometry": { "type": "Point", "coordinates": [ 134.593856934237664, 34.990844266570747 ] } },
{ "type": "Feature", "properties": { "P29_001": "28227", "P29_002": "C128210002941", "P29_003": "16002", "P29_004": "宍粟市立一宮南中学校", "P29_005": "兵庫県宍粟市一宮町東市場834", "P29_006": "3", "P29_007": "1", "P29_008": "00", "P29_009": null }, "geometry": { "type": "Point", "coordinates": [ 134.587947547229277, 35.096140880917332 ] } },
{ "type": "Feature", "properties": { "P29_001": "28227", "P29_002": "C128210002950", "P29_003": "16002", "P29_004": "宍粟市立一宮北中学校", "P29_005": "兵庫県宍粟市一宮町三方町274", "P29_006": "3", "P29_007": "1", "P29_008": "00", "P29_009": null }, "geometry": { "type": "Point", "coordinates": [ 134.623243670545065, 35.183100298267966 ] } },
{ "type": "Feature", "properties": { "P29_001": "28227", "P29_002": "C128210002969", "P29_003": "16002", "P29_004": "宍粟市立波賀中学校", "P29_005": "兵庫県宍粟市波賀町安賀244", "P29_006": "3", "P29_007": "1", "P29_008": "00", "P29_009": null }, "geometry": { "type": "Point", "coordinates": [ 134.543142895578598, 35.154577300278262 ] } },
{ "type": "Feature", "properties": { "P29_001": "28227", "P29_002": "C128210002978", "P29_003": "16002", "P29_004": "宍粟市立千種中学校", "P29_005": "兵庫県宍粟市千種町河呂60-5", "P29_006": "3", "P29_007": "1", "P29_008": "00", "P29_009": null }, "geometry": { "type": "Point", "coordinates": [ 134.449171800267493, 35.159949193400813 ] } },
{ "type": "Feature", "properties": { "P29_001": "28209", "P29_002": "C128210003085", "P29_003": "16002", "P29_004": "豊岡市立但東中学校", "P29_005": "兵庫県豊岡市但東町三原108-1", "P29_006": "3", "P29_007": "1", "P29_008": "00", "P29_009": null }, "geometry": { "type": "Point", "coordinates": [ 134.952714458317445, 35.477447637892446 ] } },
{ "type": "Feature", "properties": { "P29_001": "28585", "P29_002": "C128210003094", "P29_003": "16002", "P29_004": "香美町立村岡中学校", "P29_005": "兵庫県美方郡香美町村岡区村岡3077", "P29_006": "3", "P29_007": "1", "P29_008": "00", "P29_009": null }, "geometry": { "type": "Point", "coordinates": [ 134.596673101073577, 35.468884871853263 ] } },
{ "type": "Feature", "properties": { "P29_001": "28585", "P29_002": "C128210003101", "P29_003": "16002", "P29_004": "香美町立小代中学校", "P29_005": "兵庫県美方郡香美町小代区実山30", "P29_006": "3", "P29_007": "1", "P29_008": "00", "P29_009": null }, "geometry": { "type": "Point", "coordinates": [ 134.535764513520036, 35.449441145974291 ] } },
{ "type": "Feature", "properties": { "P29_001": "28586", "P29_002": "C128210003129", "P29_003": "16002", "P29_004": "新温泉町立夢が丘中学校", "P29_005": "兵庫県美方郡新温泉町細田38", "P29_006": "3", "P29_007": "1", "P29_008": "00", "P29_009": null }, "geometry": { "type": "Point", "coordinates": [ 134.482484174672408, 35.562322097956681 ] } },
{ "type": "Feature", "properties": { "P29_001": "28222", "P29_002": "C128210003147", "P29_003": "16002", "P29_004": "養父市立大屋中学校", "P29_005": "兵庫県養父市大屋町加保45-1", "P29_006": "3", "P29_007": "1", "P29_008": "00", "P29_009": null }, "geometry": { "type": "Point", "coordinates": [ 134.663251359312625, 35.335364569171524 ] } },
{ "type": "Feature", "properties": { "P29_001": "28225", "P29_002": "C128210003165", "P29_003": "16002", "P29_004": "朝来市立和田山中学校", "P29_005": "兵庫県朝来市和田山町柳原90", "P29_006": "3", "P29_007": "1", "P29_008": "00", "P29_009": null }, "geometry": { "type": "Point", "coordinates": [ 134.860601641658576, 35.340426351436932 ] } },
{ "type": "Feature", "properties": { "P29_001": "28225", "P29_002": "C128210003174", "P29_003": "16002", "P29_004": "朝来市立梁瀬中学校", "P29_005": "兵庫県朝来市山東町楽音寺159", "P29_006": "3", "P29_007": "1", "P29_008": "00", "P29_009": null }, "geometry": { "type": "Point", "coordinates": [ 134.881937841419699, 35.312810740061089 ] } },
{ "type": "Feature", "properties": { "P29_001": "28225", "P29_002": "C128210003183", "P29_003": "16002", "P29_004": "朝来市立朝来中学校", "P29_005": "兵庫県朝来市新井92", "P29_006": "3", "P29_007": "1", "P29_008": "00", "P29_009": null }, "geometry": { "type": "Point", "coordinates": [ 134.795806606240774, 35.246212331354556 ] } },
{ "type": "Feature", "properties": { "P29_001": "28225", "P29_002": "C128210003192", "P29_003": "16002", "P29_004": "朝来市立生野中学校", "P29_005": "兵庫県朝来市生野町真弓10-1", "P29_006": "3", "P29_007": "1", "P29_008": "00", "P29_009": null }, "geometry": { "type": "Point", "coordinates": [ 134.79211354157141, 35.162172711143079 ] } },
{ "type": "Feature", "properties": { "P29_001": "28226", "P29_002": "C128210003245", "P29_003": "16002", "P29_004": "淡路市立津名中学校", "P29_005": "兵庫県淡路市大谷1003", "P29_006": "3", "P29_007": "1", "P29_008": "00", "P29_009": null }, "geometry": { "type": "Point", "coordinates": [ 134.907870622316437, 34.43945376211154 ] } },
{ "type": "Feature", "properties": { "P29_001": "28226", "P29_002": "C128210003263", "P29_003": "16002", "P29_004": "淡路市立岩屋中学校", "P29_005": "兵庫県淡路市岩屋2875", "P29_006": "3", "P29_007": "1", "P29_008": "00", "P29_009": null }, "geometry": { "type": "Point", "coordinates": [ 135.023319711206256, 34.577316475475918 ] } },
{ "type": "Feature", "properties": { "P29_001": "28226", "P29_002": "C128210003272", "P29_003": "16002", "P29_004": "淡路市立北淡中学校", "P29_005": "兵庫県淡路市浅野神田114-1", "P29_006": "3", "P29_007": "1", "P29_008": "00", "P29_009": null }, "geometry": { "type": "Point", "coordinates": [ 134.917469706714286, 34.535651661986464 ] } },
{ "type": "Feature", "properties": { "P29_001": "28226", "P29_002": "C128210003281", "P29_003": "16002", "P29_004": "淡路市立一宮中学校", "P29_005": "兵庫県淡路市多賀145", "P29_006": "3", "P29_007": "1", "P29_008": "00", "P29_009": null }, "geometry": { "type": "Point", "coordinates": [ 134.853041879419067, 34.456810030818005 ] } },
{ "type": "Feature", "properties": { "P29_001": "28205", "P29_002": "C128210003290", "P29_003": "16002", "P29_004": "洲本市立五色中学校", "P29_005": "兵庫県洲本市五色町広石北125", "P29_006": "3", "P29_007": "1", "P29_008": "00", "P29_009": null }, "geometry": { "type": "Point", "coordinates": [ 134.797394942156927, 34.380516162136495 ] } },
{ "type": "Feature", "properties": { "P29_001": "28224", "P29_002": "C128210003325", "P29_003": "16002", "P29_004": "南あわじ市立三原中学校", "P29_005": "兵庫県南あわじ市市十一ヶ所14-12", "P29_006": "3", "P29_007": "1", "P29_008": "00", "P29_009": null }, "geometry": { "type": "Point", "coordinates": [ 134.774758665476185, 34.298559775789442 ] } },
{ "type": "Feature", "properties": { "P29_001": "28224", "P29_002": "C128210003343", "P29_003": "16002", "P29_004": "南あわじ市立南淡中学校", "P29_005": "兵庫県南あわじ市潮美台3-1", "P29_006": "3", "P29_007": "1", "P29_008": "00", "P29_009": null }, "geometry": { "type": "Point", "coordinates": [ 134.733928443529265, 34.251198252445455 ] } },
{ "type": "Feature", "properties": { "P29_001": "28210", "P29_002": "C128210003352", "P29_003": "16002", "P29_004": "加古川市立山手中学校", "P29_005": "兵庫県加古川市山手1-9-1", "P29_006": "3", "P29_007": "1", "P29_008": "00", "P29_009": null }, "geometry": { "type": "Point", "coordinates": [ 134.886335963779089, 34.780077111779732 ] } },
{ "type": "Feature", "properties": { "P29_001": "28201", "P29_002": "C128210003370", "P29_003": "16002", "P29_004": "姫路市立東中学校", "P29_005": "兵庫県姫路市別所町別所30-2", "P29_006": "3", "P29_007": "1", "P29_008": "00", "P29_009": null }, "geometry": { "type": "Point", "coordinates": [ 134.752365590460101, 34.815107696130738 ] } },
{ "type": "Feature", "properties": { "P29_001": "28224", "P29_002": "C128210003389", "P29_003": "16002", "P29_004": "南あわじ市・洲本市組合立広田中学校", "P29_005": "兵庫県南あわじ市広田中筋107", "P29_006": "3", "P29_007": "1", "P29_008": "00", "P29_009": null }, "geometry": { "type": "Point", "coordinates": [ 134.834186885343826, 34.322828409379824 ] } },
{ "type": "Feature", "properties": { "P29_001": "28229", "P29_002": "C128210003398", "P29_003": "16002", "P29_004": "播磨高原広域事務組合立播磨高原東中学校", "P29_005": "兵庫県たつの市新宮町光都2-4-1", "P29_006": "3", "P29_007": "1", "P29_008": "00", "P29_009": null }, "geometry": { "type": "Point", "coordinates": [ 134.447592762910347, 34.938355366947093 ] } },
{ "type": "Feature", "properties": { "P29_001": "28101", "P29_002": "C128310000013", "P29_003": "16002", "P29_004": "甲南女子中学校", "P29_005": "兵庫県神戸市東灘区森北町5-6-1", "P29_006": "4", "P29_007": "1", "P29_008": "00", "P29_009": null }, "geometry": { "type": "Point", "coordinates": [ 135.291694516122675, 34.734928601571831 ] } },
{ "type": "Feature", "properties": { "P29_001": "28101", "P29_002": "C128310000022", "P29_003": "16002", "P29_004": "灘中学校", "P29_005": "兵庫県神戸市東灘区魚崎北町8-5-1", "P29_006": "4", "P29_007": "1", "P29_008": "00", "P29_009": null }, "geometry": { "type": "Point", "coordinates": [ 135.268485322676327, 34.719163131435977 ] } },
{ "type": "Feature", "properties": { "P29_001": "28102", "P29_002": "C128310000031", "P29_003": "16002", "P29_004": "六甲学院中学校", "P29_005": "兵庫県神戸市灘区篠原伯母野山町2-4-1", "P29_006": "4", "P29_007": "1", "P29_008": "00", "P29_009": null }, "geometry": { "type": "Point", "coordinates": [ 135.226644923828644, 34.728560842002338 ] } },
{ "type": "Feature", "properties": { "P29_001": "28102", "P29_002": "C128310000040", "P29_003": "16002", "P29_004": "神戸海星女子学院中学校", "P29_005": "兵庫県神戸市灘区青谷町2-7-1", "P29_006": "4", "P29_007": "1", "P29_008": "00", "P29_009": null }, "geometry": { "type": "Point", "coordinates": [ 135.211695914368477, 34.712185592499047 ] } },
{ "type": "Feature", "properties": { "P29_001": "28102", "P29_002": "C128310000059", "P29_003": "16002", "P29_004": "松蔭中学校", "P29_005": "兵庫県神戸市灘区青谷町3-4-47", "P29_006": "4", "P29_007": "1", "P29_008": "00", "P29_009": null }, "geometry": { "type": "Point", "coordinates": [ 135.210753373962461, 34.713977631072595 ] } },
{ "type": "Feature", "properties": { "P29_001": "28110", "P29_002": "C128310000068", "P29_003": "16002", "P29_004": "神戸龍谷中学校", "P29_005": "兵庫県神戸市中央区中島通5-3-1", "P29_006": "4", "P29_007": "1", "P29_008": "00", "P29_009": null }, "geometry": { "type": "Point", "coordinates": [ 135.204836686241151, 34.712655603637124 ] } },
{ "type": "Feature", "properties": { "P29_001": "28110", "P29_002": "C128310000077", "P29_003": "16002", "P29_004": "神港学園神港中学校", "P29_005": "兵庫県神戸市中央区山木通4-19-20", "P29_006": "4", "P29_007": "1", "P29_008": "00", "P29_009": null }, "geometry": { "type": "Point", "coordinates": [ 135.183143934558245, 34.694399533411108 ] } },
{ "type": "Feature", "properties": { "P29_001": "28110", "P29_002": "C128310000095", "P29_003": "16002", "P29_004": "神戸山手女子中学校", "P29_005": "兵庫県神戸市中央区諏訪山町6-1", "P29_006": "4", "P29_007": "1", "P29_008": "00", "P29_009": null }, "geometry": { "type": "Point", "coordinates": [ 135.178031706706378, 34.695888112217737 ] } },
{ "type": "Feature", "properties": { "P29_001": "28107", "P29_002": "C128310000111", "P29_003": "16002", "P29_004": "神戸星城中学校", "P29_005": "兵庫県神戸市須磨区緑が丘1-12-1", "P29_006": "4", "P29_007": "1", "P29_008": "00", "P29_009": null }, "geometry": { "type": "Point", "coordinates": [ 135.116500930096379, 34.682080632290727 ] } },
{ "type": "Feature", "properties": { "P29_001": "28106", "P29_002": "C128310000120", "P29_003": "16002", "P29_004": "神戸野田中学校", "P29_005": "兵庫県神戸市長田区海運町6-1-7", "P29_006": "4", "P29_007": "1", "P29_008": "00", "P29_009": null }, "geometry": { "type": "Point", "coordinates": [ 135.140705690976347, 34.64958015300595 ] } },
{ "type": "Feature", "properties": { "P29_001": "28106", "P29_002": "C128310000139", "P29_003": "16002", "P29_004": "育英中学校", "P29_005": "兵庫県神戸市長田区長尾町2-1-15", "P29_006": "4", "P29_007": "1", "P29_008": "00", "P29_009": null }, "geometry": { "type": "Point", "coordinates": [ 135.134744865752026, 34.668513852090143 ] } },
{ "type": "Feature", "properties": { "P29_001": "28107", "P29_002": "C128310000148", "P29_003": "16002", "P29_004": "滝川中学校", "P29_005": "兵庫県神戸市須磨区宝田町2-1-1", "P29_006": "4", "P29_007": "1", "P29_008": "00", "P29_009": null }, "geometry": { "type": "Point", "coordinates": [ 135.131615584973247, 34.663212934706799 ] } },
{ "type": "Feature", "properties": { "P29_001": "28107", "P29_002": "C128310000157", "P29_003": "16002", "P29_004": "神戸国際中学校", "P29_005": "兵庫県神戸市須磨区高倉台7-21-1", "P29_006": "4", "P29_007": "1", "P29_008": "00", "P29_009": null }, "geometry": { "type": "Point", "coordinates": [ 135.097879702978588, 34.657580429269807 ] } },
{ "type": "Feature", "properties": { "P29_001": "28108", "P29_002": "C128310000166", "P29_003": "16002", "P29_004": "愛徳学園中学校", "P29_005": "兵庫県神戸市垂水区歌敷山3-6-49", "P29_006": "4", "P29_007": "1", "P29_008": "00", "P29_009": null }, "geometry": { "type": "Point", "coordinates": [ 135.042541733730189, 34.638879557954105 ] } },
{ "type": "Feature", "properties": { "P29_001": "28225", "P29_002": "C128310000175", "P29_003": "16002", "P29_004": "生野学園中学校", "P29_005": "兵庫県朝来市生野町栃原字西桝渕28-2", "P29_006": "4", "P29_007": "1", "P29_008": "00", "P29_009": null }, "geometry": { "type": "Point", "coordinates": [ 134.752495409261371, 35.142291493197028 ] } },
{ "type": "Feature", "properties": { "P29_001": "28111", "P29_002": "C128310000193", "P29_003": "16002", "P29_004": "滝川第二中学校", "P29_005": "兵庫県神戸市西区春日台6-23", "P29_006": "4", "P29_007": "1", "P29_008": "00", "P29_009": null }, "geometry": { "type": "Point", "coordinates": [ 134.989102493087643, 34.705667354542463 ] } },
{ "type": "Feature", "properties": { "P29_001": "28201", "P29_002": "C128310000219", "P29_003": "16002", "P29_004": "姫路女学院中学校", "P29_005": "兵庫県姫路市豊沢町83", "P29_006": "4", "P29_007": "1", "P29_008": "00", "P29_009": null }, "geometry": { "type": "Point", "coordinates": [ 134.689458918284174, 34.823886850447728 ] } },
{ "type": "Feature", "properties": { "P29_001": "28201", "P29_002": "C128310000228", "P29_003": "16002", "P29_004": "日ノ本学園中学校", "P29_005": "兵庫県姫路市香寺町香呂890", "P29_006": "4", "P29_007": "1", "P29_008": "00", "P29_009": null }, "geometry": { "type": "Point", "coordinates": [ 134.728361304752667, 34.918340541296267 ] } },
{ "type": "Feature", "properties": { "P29_001": "28201", "P29_002": "C128310000255", "P29_003": "16002", "P29_004": "東洋大学附属姫路中学校", "P29_005": "兵庫県姫路市書写木ノ下1699", "P29_006": "4", "P29_007": "1", "P29_008": "00", "P29_009": null }, "geometry": { "type": "Point", "coordinates": [ 134.65752593751472, 34.876631220111477 ] } },
{ "type": "Feature", "properties": { "P29_001": "28202", "P29_002": "C128310000264", "P29_003": "16002", "P29_004": "園田学園中学校", "P29_005": "兵庫県尼崎市南塚口町1-24-16", "P29_006": "4", "P29_007": "1", "P29_008": "00", "P29_009": null }, "geometry": { "type": "Point", "coordinates": [ 135.413282435203683, 34.748857074201197 ] } },
{ "type": "Feature", "properties": { "P29_001": "28204", "P29_002": "C128310000282", "P29_003": "16002", "P29_004": "報徳学園中学校", "P29_005": "兵庫県西宮市上大市5-28-19", "P29_006": "4", "P29_007": "1", "P29_008": "00", "P29_009": null }, "geometry": { "type": "Point", "coordinates": [ 135.372110550658562, 34.769797071986581 ] } },
{ "type": "Feature", "properties": { "P29_001": "28204", "P29_002": "C128310000291", "P29_003": "16002", "P29_004": "関西学院中学部", "P29_005": "兵庫県西宮市上ケ原1番町1-155", "P29_006": "4", "P29_007": "1", "P29_008": "00", "P29_009": null }, "geometry": { "type": "Point", "coordinates": [ 135.347356970480149, 34.765856133492171 ] } },
{ "type": "Feature", "properties": { "P29_001": "28204", "P29_002": "C128310000326", "P29_003": "16002", "P29_004": "甲陽学院中学校", "P29_005": "兵庫県西宮市中葭原町2-15", "P29_006": "4", "P29_007": "1", "P29_008": "00", "P29_009": null }, "geometry": { "type": "Point", "coordinates": [ 135.326573147278651, 34.72838292604014 ] } },
{ "type": "Feature", "properties": { "P29_001": "28204", "P29_002": "C128310000353", "P29_003": "16002", "P29_004": "仁川学院中学校", "P29_005": "兵庫県西宮市甲東園2-13-9", "P29_006": "4", "P29_007": "1", "P29_008": "00", "P29_009": null }, "geometry": { "type": "Point", "coordinates": [ 135.361823974956906, 34.771292112293061 ] } },
{ "type": "Feature", "properties": { "P29_001": "28206", "P29_002": "C128310000380", "P29_003": "16002", "P29_004": "甲南中学校", "P29_005": "兵庫県芦屋市山手町31-3", "P29_006": "4", "P29_007": "1", "P29_008": "00", "P29_009": null }, "geometry": { "type": "Point", "coordinates": [ 135.300081344869398, 34.747340073278927 ] } },
{ "type": "Feature", "properties": { "P29_001": "28214", "P29_002": "C128310000406", "P29_003": "16002", "P29_004": "小林聖心女子学院中学校", "P29_005": "兵庫県宝塚市塔の町3-113", "P29_006": "4", "P29_007": "1", "P29_008": "00", "P29_009": null }, "geometry": { "type": "Point", "coordinates": [ 135.350011748493813, 34.786780542535212 ] } },
{ "type": "Feature", "properties": { "P29_001": "28214", "P29_002": "C128310000415", "P29_003": "16002", "P29_004": "雲雀丘学園中学校", "P29_005": "兵庫県宝塚市雲雀丘4-2-1", "P29_006": "4", "P29_007": "1", "P29_008": "00", "P29_009": null }, "geometry": { "type": "Point", "coordinates": [ 135.399606537060919, 34.825359517560159 ] } },
{ "type": "Feature", "properties": { "P29_001": "28228", "P29_002": "C128110000017", "P29_003": "16002", "P29_004": "兵庫教育大学附属中学校", "P29_005": "兵庫県加東市山国2007-109", "P29_006": "1", "P29_007": "1", "P29_008": "00", "P29_009": null }, "geometry": { "type": "Point", "coordinates": [ 134.980694076026765, 34.912511974353329 ] } },
{ "type": "Feature", "properties": { "P29_001": "28481", "P29_002": "C128210000015", "P29_003": "16002", "P29_004": "兵庫県立大学附属中学校", "P29_005": "兵庫県赤穂郡上郡町光都3-11-2", "P29_006": "2", "P29_007": "1", "P29_008": "00", "P29_009": null }, "geometry": { "type": "Point", "coordinates": [ 134.449436683015534, 34.922909338380457 ] } },
{ "type": "Feature", "properties": { "P29_001": "28110", "P29_002": "C128210000140", "P29_003": "16002", "P29_004": "神戸市立筒井台中学校", "P29_005": "兵庫県神戸市中央区野崎通1-1-3", "P29_006": "3", "P29_007": "1", "P29_008": "00", "P29_009": null }, "geometry": { "type": "Point", "coordinates": [ 135.210974228131278, 34.709811866314517 ] } },
{ "type": "Feature", "properties": { "P29_001": "28105", "P29_002": "C128210000195", "P29_003": "16002", "P29_004": "神戸市立夢野中学校", "P29_005": "兵庫県神戸市兵庫区鵯越町10-1", "P29_006": "3", "P29_007": "1", "P29_008": "00", "P29_009": null }, "geometry": { "type": "Point", "coordinates": [ 135.153497856661602, 34.681804892094583 ] } },
{ "type": "Feature", "properties": { "P29_001": "28105", "P29_002": "C128210000220", "P29_003": "16002", "P29_004": "神戸市立須佐野中学校", "P29_005": "兵庫県神戸市兵庫区須佐野通1-1-44", "P29_006": "3", "P29_007": "1", "P29_008": "00", "P29_009": null }, "geometry": { "type": "Point", "coordinates": [ 135.169738066525696, 34.664198004612587 ] } },
{ "type": "Feature", "properties": { "P29_001": "28108", "P29_002": "C128210000355", "P29_003": "16002", "P29_004": "神戸市立星陵台中学校", "P29_005": "兵庫県神戸市垂水区星陵台4-3-3", "P29_006": "3", "P29_007": "1", "P29_008": "00", "P29_009": null }, "geometry": { "type": "Point", "coordinates": [ 135.048228667396472, 34.646760578729499 ] } },
{ "type": "Feature", "properties": { "P29_001": "28107", "P29_002": "C128210000453", "P29_003": "16002", "P29_004": "神戸市立横尾中学校", "P29_005": "兵庫県神戸市須磨区横尾2-1-2", "P29_006": "3", "P29_007": "1", "P29_008": "00", "P29_009": null }, "geometry": { "type": "Point", "coordinates": [ 135.116192069554415, 34.67299966497847 ] } },
{ "type": "Feature", "properties": { "P29_001": "28107", "P29_002": "C128210000462", "P29_003": "16002", "P29_004": "神戸市立西落合中学校", "P29_005": "兵庫県神戸市須磨区西落合4-1-1", "P29_006": "3", "P29_007": "1", "P29_008": "00", "P29_009": null }, "geometry": { "type": "Point", "coordinates": [ 135.082469151511589, 34.685141029252527 ] } },
{ "type": "Feature", "properties": { "P29_001": "28111", "P29_002": "C128210000578", "P29_003": "16002", "P29_004": "神戸市立岩岡中学校", "P29_005": "兵庫県神戸市西区岩岡町古郷249-1", "P29_006": "3", "P29_007": "1", "P29_008": "00", "P29_009": null }, "geometry": { "type": "Point", "coordinates": [ 134.943595117038683, 34.716321639428145 ] } },
{ "type": "Feature", "properties": { "P29_001": "28107", "P29_002": "C128210000612", "P29_003": "16002", "P29_004": "神戸市立竜が台中学校", "P29_005": "兵庫県神戸市須磨区竜が台4-1", "P29_006": "3", "P29_007": "1", "P29_008": "00", "P29_009": null }, "geometry": { "type": "Point", "coordinates": [ 135.088237930150342, 34.675588466899868 ] } },
{ "type": "Feature", "properties": { "P29_001": "28108", "P29_002": "C128210000658", "P29_003": "16002", "P29_004": "神戸市立桃山台中学校", "P29_005": "兵庫県神戸市垂水区桃山台4-8", "P29_006": "3", "P29_007": "1", "P29_008": "00", "P29_009": null }, "geometry": { "type": "Point", "coordinates": [ 135.079829136505197, 34.657939005944002 ] } },
{ "type": "Feature", "properties": { "P29_001": "28111", "P29_002": "C128210000667", "P29_003": "16002", "P29_004": "神戸市立長坂中学校", "P29_005": "兵庫県神戸市西区伊川谷町長坂841-1", "P29_006": "3", "P29_007": "1", "P29_008": "00", "P29_009": null }, "geometry": { "type": "Point", "coordinates": [ 135.037139282744505, 34.670758694889351 ] } },
{ "type": "Feature", "properties": { "P29_001": "28109", "P29_002": "C128210000729", "P29_003": "16002", "P29_004": "神戸市立大沢中学校", "P29_005": "兵庫県神戸市北区大沢町中大沢976", "P29_006": "3", "P29_007": "1", "P29_008": "00", "P29_009": null }, "geometry": { "type": "Point", "coordinates": [ 135.165208610131401, 34.855051334947824 ] } },
{ "type": "Feature", "properties": { "P29_001": "28109", "P29_002": "C128210000756", "P29_003": "16002", "P29_004": "神戸市立大池中学校", "P29_005": "兵庫県神戸市北区西大池2-24-3", "P29_006": "3", "P29_007": "1", "P29_008": "00", "P29_009": null }, "geometry": { "type": "Point", "coordinates": [ 135.196230898090192, 34.772029108817343 ] } },
{ "type": "Feature", "properties": { "P29_001": "28109", "P29_002": "C128210000774", "P29_003": "16002", "P29_004": "神戸市立鵯台中学校", "P29_005": "兵庫県神戸市北区ひよどり台1-15-31", "P29_006": "3", "P29_007": "1", "P29_008": "00", "P29_009": null }, "geometry": { "type": "Point", "coordinates": [ 135.119754089665037, 34.693966998037787 ] } },
{ "type": "Feature", "properties": { "P29_001": "28109", "P29_002": "C128210000845", "P29_003": "16002", "P29_004": "神戸市立有野中学校", "P29_005": "兵庫県神戸市北区藤原台中町5-2-1", "P29_006": "3", "P29_007": "1", "P29_008": "00", "P29_009": null }, "geometry": { "type": "Point", "coordinates": [ 135.214263507899261, 34.821830529915282 ] } },
{ "type": "Feature", "properties": { "P29_001": "28202", "P29_002": "C128210000934", "P29_003": "16002", "P29_004": "尼崎市立園田中学校", "P29_005": "兵庫県尼崎市食満1-1-1", "P29_006": "3", "P29_007": "1", "P29_008": "00", "P29_009": null }, "geometry": { "type": "Point", "coordinates": [ 135.43255981831453, 34.758964204558318 ] } },
{ "type": "Feature", "properties": { "P29_001": "28202", "P29_002": "C128210000952", "P29_003": "16002", "P29_004": "尼崎市立南武庫之荘中学校", "P29_005": "兵庫県尼崎市南武庫之荘4-11-1", "P29_006": "3", "P29_007": "1", "P29_008": "00", "P29_009": null }, "geometry": { "type": "Point", "coordinates": [ 135.389093984936324, 34.745583993981001 ] } },
{ "type": "Feature", "properties": { "P29_001": "28202", "P29_002": "C128210000961", "P29_003": "16002", "P29_004": "尼崎市立武庫東中学校", "P29_005": "兵庫県尼崎市武庫之荘7-35-1", "P29_006": "3", "P29_007": "1", "P29_008": "00", "P29_009": null }, "geometry": { "type": "Point", "coordinates": [ 135.394910920756928, 34.762164880847564 ] } },
{ "type": "Feature", "properties": { "P29_001": "28202", "P29_002": "C128210000989", "P29_003": "16002", "P29_004": "尼崎市立成良中学校琴城分校", "P29_005": "兵庫県尼崎市南城内11", "P29_006": "3", "P29_007": "1", "P29_008": "00", "P29_009": null }, "geometry": { "type": "Point", "coordinates": [ 135.420521168013977, 34.714364723385181 ] } },
{ "type": "Feature", "properties": { "P29_001": "28202", "P29_002": "C128210001014", "P29_003": "16002", "P29_004": "尼崎市立中央中学校", "P29_005": "兵庫県尼崎市東七松町2-5-67", "P29_006": "3", "P29_007": "1", "P29_008": "00", "P29_009": null }, "geometry": { "type": "Point", "coordinates": [ 135.409386763128737, 34.734011682622906 ] } },
{ "type": "Feature", "properties": { "P29_001": "28202", "P29_002": "C128210001032", "P29_003": "16002", "P29_004": "尼崎市立小田中学校", "P29_005": "兵庫県尼崎市長洲中通1-10-1", "P29_006": "3", "P29_007": "1", "P29_008": "00", "P29_009": null }, "geometry": { "type": "Point", "coordinates": [ 135.433649336597313, 34.729218278157184 ] } },
{ "type": "Feature", "properties": { "P29_001": "28204", "P29_002": "C128210001050", "P29_003": "16002", "P29_004": "西宮市立大社中学校", "P29_005": "兵庫県西宮市神原12-45", "P29_006": "3", "P29_007": "1", "P29_008": "00", "P29_009": null }, "geometry": { "type": "Point", "coordinates": [ 135.331609002309193, 34.754855455565504 ] } },
{ "type": "Feature", "properties": { "P29_001": "28204", "P29_002": "C128210001201", "P29_003": "16002", "P29_004": "西宮市立真砂中学校", "P29_005": "兵庫県西宮市今津真砂町1-10", "P29_006": "3", "P29_007": "1", "P29_008": "00", "P29_009": null }, "geometry": { "type": "Point", "coordinates": [ 135.348633000583789, 34.719191285927991 ] } },
{ "type": "Feature", "properties": { "P29_001": "28204", "P29_002": "C128210001256", "P29_003": "16002", "P29_004": "西宮市立高須中学校", "P29_005": "兵庫県西宮市高須町2-1-48", "P29_006": "3", "P29_007": "1", "P29_008": "00", "P29_009": null }, "geometry": { "type": "Point", "coordinates": [ 135.369401319549127, 34.709302106482824 ] } },
{ "type": "Feature", "properties": { "P29_001": "28207", "P29_002": "C128210001274", "P29_003": "16002", "P29_004": "伊丹市立西中学校", "P29_005": "兵庫県伊丹市昆陽東4-2-5", "P29_006": "3", "P29_007": "1", "P29_008": "00", "P29_009": null }, "geometry": { "type": "Point", "coordinates": [ 135.401422498416935, 34.778866132718534 ] } },
{ "type": "Feature", "properties": { "P29_001": "28217", "P29_002": "C128210001489", "P29_003": "16002", "P29_004": "川西市立清和台中学校", "P29_005": "兵庫県川西市清和台西2-3-57", "P29_006": "3", "P29_007": "1", "P29_008": "00", "P29_009": null }, "geometry": { "type": "Point", "coordinates": [ 135.38248615314339, 34.87173833652782 ] } },
{ "type": "Feature", "properties": { "P29_001": "28217", "P29_002": "C128210001498", "P29_003": "16002", "P29_004": "川西市立明峰中学校", "P29_005": "兵庫県川西市湯山台1-39-1", "P29_006": "3", "P29_007": "1", "P29_008": "00", "P29_009": null }, "geometry": { "type": "Point", "coordinates": [ 135.401438270443293, 34.847750858833855 ] } },
{ "type": "Feature", "properties": { "P29_001": "28217", "P29_002": "C128210001504", "P29_003": "16002", "P29_004": "川西市立緑台中学校", "P29_005": "兵庫県川西市向陽台3-11-35", "P29_006": "3", "P29_007": "1", "P29_008": "00", "P29_009": null }, "geometry": { "type": "Point", "coordinates": [ 135.402284450439709, 34.881256928165804 ] } },
{ "type": "Feature", "properties": { "P29_001": "28214", "P29_002": "C128210001513", "P29_003": "16002", "P29_004": "宝塚市立光ガ丘中学校", "P29_005": "兵庫県宝塚市光ガ丘2-15-1", "P29_006": "3", "P29_007": "1", "P29_008": "00", "P29_009": null }, "geometry": { "type": "Point", "coordinates": [ 135.335059878716152, 34.80202548005898 ] } },
{ "type": "Feature", "properties": { "P29_001": "28301", "P29_002": "C128210001559", "P29_003": "16002", "P29_004": "猪名川町立猪名川中学校", "P29_005": "兵庫県川辺郡猪名川町白金1-65", "P29_006": "3", "P29_007": "1", "P29_008": "00", "P29_009": null }, "geometry": { "type": "Point", "coordinates": [ 135.366941353350796, 34.903799343270904 ] } },
{ "type": "Feature", "properties": { "P29_001": "28219", "P29_002": "C128210001568", "P29_003": "16002", "P29_004": "三田市立長坂中学校", "P29_005": "兵庫県三田市長坂484", "P29_006": "3", "P29_007": "1", "P29_008": "00", "P29_009": null }, "geometry": { "type": "Point", "coordinates": [ 135.177805027899865, 34.944542907856658 ] } },
{ "type": "Feature", "properties": { "P29_001": "28219", "P29_002": "C128210001595", "P29_003": "16002", "P29_004": "三田市立八景中学校", "P29_005": "兵庫県三田市八景町1205", "P29_006": "3", "P29_007": "1", "P29_008": "00", "P29_009": null }, "geometry": { "type": "Point", "coordinates": [ 135.226207015419504, 34.8757831594042 ] } },
{ "type": "Feature", "properties": { "P29_001": "28219", "P29_002": "C128210001620", "P29_003": "16002", "P29_004": "三田市立藍中学校", "P29_005": "兵庫県三田市大川瀬1307-36", "P29_006": "3", "P29_007": "1", "P29_008": "00", "P29_009": null }, "geometry": { "type": "Point", "coordinates": [ 135.137333579676095, 34.950482080445191 ] } },
{ "type": "Feature", "properties": { "P29_001": "28223", "P29_002": "C128210001648", "P29_003": "16002", "P29_004": "丹波市立柏原中学校", "P29_005": "兵庫県丹波市柏原町南多田1226", "P29_006": "3", "P29_007": "1", "P29_008": "00", "P29_009": null }, "geometry": { "type": "Point", "coordinates": [ 135.075604332964872, 35.138042882664763 ] } },
{ "type": "Feature", "properties": { "P29_001": "28203", "P29_002": "C128210001782", "P29_003": "16002", "P29_004": "明石市立衣川中学校", "P29_005": "兵庫県明石市南王子町7-1", "P29_006": "3", "P29_007": "1", "P29_008": "00", "P29_009": null }, "geometry": { "type": "Point", "coordinates": [ 134.980882536482795, 34.646798639257163 ] } },
{ "type": "Feature", "properties": { "P29_001": "28203", "P29_002": "C128210001817", "P29_003": "16002", "P29_004": "明石市立魚住中学校", "P29_005": "兵庫県明石市魚住町清水364", "P29_006": "3", "P29_007": "1", "P29_008": "00", "P29_009": null }, "geometry": { "type": "Point", "coordinates": [ 134.899618888960021, 34.707674895553779 ] } },
{ "type": "Feature", "properties": { "P29_001": "28210", "P29_002": "C128210001906", "P29_003": "16002", "P29_004": "加古川市立中部中学校", "P29_005": "兵庫県加古川市野口町良野890-1", "P29_006": "3", "P29_007": "1", "P29_008": "00", "P29_009": null }, "geometry": { "type": "Point", "coordinates": [ 134.852061006376942, 34.750888633050764 ] } },
{ "type": "Feature", "properties": { "P29_001": "28210", "P29_002": "C128210001915", "P29_003": "16002", "P29_004": "加古川市立浜の宮中学校", "P29_005": "兵庫県加古川市別府町新野辺574", "P29_006": "3", "P29_007": "1", "P29_008": "00", "P29_009": null }, "geometry": { "type": "Point", "coordinates": [ 134.835700412090802, 34.734713367719117 ] } },
{ "type": "Feature", "properties": { "P29_001": "28210", "P29_002": "C128210001951", "P29_003": "16002", "P29_004": "加古川市立神吉中学校", "P29_005": "兵庫県加古川市東神吉町神吉591-1", "P29_006": "3", "P29_007": "1", "P29_008": "00", "P29_009": null }, "geometry": { "type": "Point", "coordinates": [ 134.826279347694054, 34.789881234091013 ] } },
{ "type": "Feature", "properties": { "P29_001": "28210", "P29_002": "C128210001960", "P29_003": "16002", "P29_004": "加古川市立平岡南中学校", "P29_005": "兵庫県加古川市平岡町二俣285-4", "P29_006": "3", "P29_007": "1", "P29_008": "00", "P29_009": null }, "geometry": { "type": "Point", "coordinates": [ 134.863145944609755, 34.733629238952197 ] } },
{ "type": "Feature", "properties": { "P29_001": "28213", "P29_002": "C128210001997", "P29_003": "16002", "P29_004": "西脇市立西脇東中学校", "P29_005": "兵庫県西脇市鹿野町1116", "P29_006": "3", "P29_007": "1", "P29_008": "00", "P29_009": null }, "geometry": { "type": "Point", "coordinates": [ 135.002565363731065, 34.991969057801363 ] } },
{ "type": "Feature", "properties": { "P29_001": "28213", "P29_002": "C128210002004", "P29_003": "16002", "P29_004": "西脇市立西脇南中学校", "P29_005": "兵庫県西脇市野村町1795-8", "P29_006": "3", "P29_007": "1", "P29_008": "00", "P29_009": null }, "geometry": { "type": "Point", "coordinates": [ 134.960252328622317, 34.977416672686033 ] } },
{ "type": "Feature", "properties": { "P29_001": "28215", "P29_002": "C128210002013", "P29_003": "16002", "P29_004": "三木市立三木中学校", "P29_005": "兵庫県三木市末広2-5-12", "P29_006": "3", "P29_007": "1", "P29_008": "00", "P29_009": null }, "geometry": { "type": "Point", "coordinates": [ 134.979260426940499, 34.802707142803591 ] } },
{ "type": "Feature", "properties": { "P29_001": "28215", "P29_002": "C128210002068", "P29_003": "16002", "P29_004": "三木市立自由が丘中学校", "P29_005": "兵庫県三木市志染町吉田1241-37", "P29_006": "3", "P29_007": "1", "P29_008": "00", "P29_009": null }, "geometry": { "type": "Point", "coordinates": [ 135.018366132565404, 34.790693649252241 ] } },
{ "type": "Feature", "properties": { "P29_001": "28220", "P29_002": "C128210002184", "P29_003": "16002", "P29_004": "加西市立善防中学校", "P29_005": "兵庫県加西市両月町484-2", "P29_006": "3", "P29_007": "1", "P29_008": "00", "P29_009": null }, "geometry": { "type": "Point", "coordinates": [ 134.83215693662811, 34.884858055379595 ] } },
{ "type": "Feature", "properties": { "P29_001": "28220", "P29_002": "C128210002200", "P29_003": "16002", "P29_004": "加西市立泉中学校", "P29_005": "兵庫県加西市満久町685-11", "P29_006": "3", "P29_007": "1", "P29_008": "00", "P29_009": null }, "geometry": { "type": "Point", "coordinates": [ 134.876674937651501, 34.949530201208333 ] } },
{ "type": "Feature", "properties": { "P29_001": "28215", "P29_002": "C128210002219", "P29_003": "16002", "P29_004": "三木市立吉川中学校", "P29_005": "兵庫県三木市吉川町大沢2", "P29_006": "3", "P29_007": "1", "P29_008": "00", "P29_009": null }, "geometry": { "type": "Point", "coordinates": [ 135.11860644615362, 34.887270456288086 ] } },
{ "type": "Feature", "properties": { "P29_001": "28228", "P29_002": "C128210002228", "P29_003": "16002", "P29_004": "加東市立社中学校", "P29_005": "兵庫県加東市木梨1134-62", "P29_006": "3", "P29_007": "1", "P29_008": "00", "P29_009": null }, "geometry": { "type": "Point", "coordinates": [ 134.97715470535536, 34.919131101915156 ] } },
{ "type": "Feature", "properties": { "P29_001": "28381", "P29_002": "C128210002291", "P29_003": "16002", "P29_004": "稲美町立稲美中学校", "P29_005": "兵庫県加古郡稲美町岡2075-1", "P29_006": "3", "P29_007": "1", "P29_008": "00", "P29_009": null }, "geometry": { "type": "Point", "coordinates": [ 134.925145582154869, 34.743331807597592 ] } },
{ "type": "Feature", "properties": { "P29_001": "28210", "P29_002": "C128210002344", "P29_003": "16002", "P29_004": "加古川市立陵南中学校", "P29_005": "兵庫県加古川市野口町水足333-333", "P29_006": "3", "P29_007": "1", "P29_008": "00", "P29_009": null }, "geometry": { "type": "Point", "coordinates": [ 134.861713401581824, 34.760169985908526 ] } },
{ "type": "Feature", "properties": { "P29_001": "28201", "P29_002": "C128210002353", "P29_003": "16002", "P29_004": "姫路市立増位中学校", "P29_005": "兵庫県姫路市増位新町2-4-1", "P29_006": "3", "P29_007": "1", "P29_008": "00", "P29_009": null }, "geometry": { "type": "Point", "coordinates": [ 134.71021073706396, 34.858452954916736 ] } },
{ "type": "Feature", "properties": { "P29_001": "28201", "P29_002": "C128210002371", "P29_003": "16002", "P29_004": "姫路市立高丘中学校", "P29_005": "兵庫県姫路市山吹1-4-13", "P29_006": "3", "P29_007": "1", "P29_008": "00", "P29_009": null }, "geometry": { "type": "Point", "coordinates": [ 134.664352431952551, 34.85050303558161 ] } },
{ "type": "Feature", "properties": { "P29_001": "28201", "P29_002": "C128210002380", "P29_003": "16002", "P29_004": "姫路市立大白書中学校", "P29_005": "兵庫県姫路市飾西652", "P29_006": "3", "P29_007": "1", "P29_008": "00", "P29_009": null }, "geometry": { "type": "Point", "coordinates": [ 134.645313169053594, 34.858626225018938 ] } },
{ "type": "Feature", "properties": { "P29_001": "28201", "P29_002": "C128210002406", "P29_003": "16002", "P29_004": "姫路市立琴陵中学校", "P29_005": "兵庫県姫路市山畑新田525", "P29_006": "3", "P29_007": "1", "P29_008": "00", "P29_009": null }, "geometry": { "type": "Point", "coordinates": [ 134.677593576028016, 34.838318799757957 ] } },
{ "type": "Feature", "properties": { "P29_001": "28201", "P29_002": "C128210002479", "P29_003": "16002", "P29_004": "姫路市立網干中学校", "P29_005": "兵庫県姫路市網干区新在家1320-4", "P29_006": "3", "P29_007": "1", "P29_008": "00", "P29_009": null }, "geometry": { "type": "Point", "coordinates": [ 134.591171452344526, 34.785703861197689 ] } },
{ "type": "Feature", "properties": { "P29_001": "28201", "P29_002": "C128210002497", "P29_003": "16002", "P29_004": "姫路市立城山中学校", "P29_005": "兵庫県姫路市飾東町豊国1163-5", "P29_006": "3", "P29_007": "1", "P29_008": "00", "P29_009": null }, "geometry": { "type": "Point", "coordinates": [ 134.746630833328993, 34.847885199422677 ] } },
{ "type": "Feature", "properties": { "P29_001": "28201", "P29_002": "C128210002530", "P29_003": "16002", "P29_004": "姫路市立夢前中学校", "P29_005": "兵庫県姫路市広畑区才226-1", "P29_006": "3", "P29_007": "1", "P29_008": "00", "P29_009": null }, "geometry": { "type": "Point", "coordinates": [ 134.629510765359072, 34.81554796184686 ] } },
{ "type": "Feature", "properties": { "P29_001": "28201", "P29_002": "C128210002567", "P29_003": "16002", "P29_004": "姫路市立安室中学校", "P29_005": "兵庫県姫路市田寺東2-6-1", "P29_006": "3", "P29_007": "1", "P29_008": "00", "P29_009": null }, "geometry": { "type": "Point", "coordinates": [ 134.672167935457622, 34.855806102773762 ] } },
{ "type": "Feature", "properties": { "P29_001": "28201", "P29_002": "C128210002576", "P29_003": "16002", "P29_004": "姫路市立書写中学校", "P29_005": "兵庫県姫路市書写台2-34", "P29_006": "3", "P29_007": "1", "P29_008": "00", "P29_009": null }, "geometry": { "type": "Point", "coordinates": [ 134.646765805176528, 34.868741186922485 ] } },
{ "type": "Feature", "properties": { "P29_001": "28229", "P29_002": "C128210002638", "P29_003": "16002", "P29_004": "たつの市立龍野西中学校", "P29_005": "兵庫県たつの市揖西町小神30", "P29_006": "3", "P29_007": "1", "P29_008": "00", "P29_009": null }, "geometry": { "type": "Point", "coordinates": [ 134.536024164500219, 34.858181802459214 ] } },
{ "type": "Feature", "properties": { "P29_001": "28212", "P29_002": "C128210002683", "P29_003": "16002", "P29_004": "赤穂市立有年中学校", "P29_005": "兵庫県赤穂市東有年72", "P29_006": "3", "P29_007": "1", "P29_008": "00", "P29_009": null }, "geometry": { "type": "Point", "coordinates": [ 134.377157747791756, 34.82457598572892 ] } },
{ "type": "Feature", "properties": { "P29_001": "28229", "P29_002": "C128210002807", "P29_003": "16002", "P29_004": "たつの市立新宮中学校", "P29_005": "兵庫県たつの市新宮町宮内426", "P29_006": "3", "P29_007": "1", "P29_008": "00", "P29_009": null }, "geometry": { "type": "Point", "coordinates": [ 134.546441948181496, 34.931265372963267 ] } },
{ "type": "Feature", "properties": { "P29_001": "28501", "P29_002": "C128210002898", "P29_003": "16002", "P29_004": "佐用町立三日月中学校", "P29_005": "兵庫県佐用郡佐用町乃井野1700", "P29_006": "3", "P29_007": "1", "P29_008": "00", "P29_009": null }, "geometry": { "type": "Point", "coordinates": [ 134.428805209154206, 34.987603427566967 ] } },
{ "type": "Feature", "properties": { "P29_001": "28227", "P29_002": "C128210002914", "P29_003": "16002", "P29_004": "宍粟市立山崎西中学校", "P29_005": "兵庫県宍粟市山崎町鹿沢88-2", "P29_006": "3", "P29_007": "1", "P29_008": "00", "P29_009": null }, "geometry": { "type": "Point", "coordinates": [ 134.537804139276176, 35.002484239118495 ] } },
{ "type": "Feature", "properties": { "P29_001": "28209", "P29_002": "C128210002987", "P29_003": "16002", "P29_004": "豊岡市立豊岡南中学校", "P29_005": "兵庫県豊岡市大磯町1-65", "P29_006": "3", "P29_007": "1", "P29_008": "00", "P29_009": null }, "geometry": { "type": "Point", "coordinates": [ 134.828498597948652, 35.538125837048703 ] } },
{ "type": "Feature", "properties": { "P29_001": "28209", "P29_002": "C128210002996", "P29_003": "16002", "P29_004": "豊岡北中学校", "P29_005": "兵庫県豊岡市中陰250", "P29_006": "3", "P29_007": "1", "P29_008": "00", "P29_009": null }, "geometry": { "type": "Point", "coordinates": [ 134.80352709716442, 35.552271389740362 ] } },
{ "type": "Feature", "properties": { "P29_001": "28209", "P29_002": "C128210003003", "P29_003": "16002", "P29_004": "豊岡市立港中学校", "P29_005": "兵庫県豊岡市気比3485", "P29_006": "3", "P29_007": "1", "P29_008": "00", "P29_009": null }, "geometry": { "type": "Point", "coordinates": [ 134.832464419269371, 35.640930356853147 ] } },
{ "type": "Feature", "properties": { "P29_001": "28209", "P29_002": "C128210003012", "P29_003": "16002", "P29_004": "豊岡市立城崎中学校", "P29_005": "兵庫県豊岡市城崎町湯島617", "P29_006": "3", "P29_007": "1", "P29_008": "00", "P29_009": null }, "geometry": { "type": "Point", "coordinates": [ 134.803162230530234, 35.627310963514994 ] } },
{ "type": "Feature", "properties": { "P29_001": "28209", "P29_002": "C128210003021", "P29_003": "16002", "P29_004": "豊岡市立竹野中学校", "P29_005": "兵庫県豊岡市竹野町竹野2056", "P29_006": "3", "P29_007": "1", "P29_008": "00", "P29_009": null }, "geometry": { "type": "Point", "coordinates": [ 134.765698484005839, 35.651716355615605 ] } },
{ "type": "Feature", "properties": { "P29_001": "28585", "P29_002": "C128210003030", "P29_003": "16002", "P29_004": "香美町立香住第一中学校", "P29_005": "兵庫県美方郡香美町香住区香住919-2", "P29_006": "3", "P29_007": "1", "P29_008": "00", "P29_009": null }, "geometry": { "type": "Point", "coordinates": [ 134.630230496103167, 35.632945100119336 ] } },
{ "type": "Feature", "properties": { "P29_001": "28209", "P29_002": "C128210003058", "P29_003": "16002", "P29_004": "豊岡市立日高東中学校", "P29_005": "兵庫県豊岡市日高町水上160", "P29_006": "3", "P29_007": "1", "P29_008": "00", "P29_009": null }, "geometry": { "type": "Point", "coordinates": [ 134.774500058149869, 35.479704557312743 ] } },
{ "type": "Feature", "properties": { "P29_001": "28209", "P29_002": "C128210003067", "P29_003": "16002", "P29_004": "豊岡市立日高西中学校", "P29_005": "兵庫県豊岡市日高町庄境410", "P29_006": "3", "P29_007": "1", "P29_008": "00", "P29_009": null }, "geometry": { "type": "Point", "coordinates": [ 134.722151310756772, 35.47222786945666 ] } },
{ "type": "Feature", "properties": { "P29_001": "28209", "P29_002": "C128210003076", "P29_003": "16002", "P29_004": "豊岡市立出石中学校", "P29_005": "兵庫県豊岡市出石町弘原202", "P29_006": "3", "P29_007": "1", "P29_008": "00", "P29_009": null }, "geometry": { "type": "Point", "coordinates": [ 134.868671323029417, 35.467375069863067 ] } },
{ "type": "Feature", "properties": { "P29_001": "28586", "P29_002": "C128210003110", "P29_003": "16002", "P29_004": "新温泉町立浜坂中学校", "P29_005": "兵庫県美方郡新温泉町浜坂77-185", "P29_006": "3", "P29_007": "1", "P29_008": "00", "P29_009": null }, "geometry": { "type": "Point", "coordinates": [ 134.449366508837016, 35.617896341035397 ] } },
{ "type": "Feature", "properties": { "P29_001": "28222", "P29_002": "C128210003138", "P29_003": "16002", "P29_004": "養父市立養父中学校", "P29_005": "兵庫県養父市十二所838", "P29_006": "3", "P29_007": "1", "P29_008": "00", "P29_009": null }, "geometry": { "type": "Point", "coordinates": [ 134.769205674086436, 35.379801042099281 ] } },
{ "type": "Feature", "properties": { "P29_001": "28222", "P29_002": "C128210003156", "P29_003": "16002", "P29_004": "養父市立八鹿青渓中学校", "P29_005": "兵庫県養父市八鹿町九鹿201-4", "P29_006": "3", "P29_007": "1", "P29_008": "00", "P29_009": null }, "geometry": { "type": "Point", "coordinates": [ 134.759787595921154, 35.405963077116844 ] } },
{ "type": "Feature", "properties": { "P29_001": "28205", "P29_002": "C128210003209", "P29_003": "16002", "P29_004": "洲本市立洲浜中学校", "P29_005": "兵庫県洲本市塩屋2-5-2", "P29_006": "3", "P29_007": "1", "P29_008": "00", "P29_009": null }, "geometry": { "type": "Point", "coordinates": [ 134.888568952309129, 34.347270438324536 ] } },
{ "type": "Feature", "properties": { "P29_001": "28205", "P29_002": "C128210003218", "P29_003": "16002", "P29_004": "洲本市立青雲中学校", "P29_005": "兵庫県洲本市物部3-10-1", "P29_006": "3", "P29_007": "1", "P29_008": "00", "P29_009": null }, "geometry": { "type": "Point", "coordinates": [ 134.878135095361273, 34.339883122036191 ] } },
{ "type": "Feature", "properties": { "P29_001": "28205", "P29_002": "C128210003227", "P29_003": "16002", "P29_004": "洲本市立由良中学校", "P29_005": "兵庫県洲本市由良町由良2355-1", "P29_006": "3", "P29_007": "1", "P29_008": "00", "P29_009": null }, "geometry": { "type": "Point", "coordinates": [ 134.948222772293093, 34.286394599429258 ] } },
{ "type": "Feature", "properties": { "P29_001": "28205", "P29_002": "C128210003236", "P29_003": "16002", "P29_004": "洲本市立安乎中学校", "P29_005": "兵庫県洲本市安乎町北谷1169-2", "P29_006": "3", "P29_007": "1", "P29_008": "00", "P29_009": null }, "geometry": { "type": "Point", "coordinates": [ 134.878312737752225, 34.393651650351757 ] } },
{ "type": "Feature", "properties": { "P29_001": "28226", "P29_002": "C128210003254", "P29_003": "16002", "P29_004": "淡路市立東浦中学校", "P29_005": "兵庫県淡路市久留麻2600-1", "P29_006": "3", "P29_007": "1", "P29_008": "00", "P29_009": null }, "geometry": { "type": "Point", "coordinates": [ 134.986260869582509, 34.520499485813353 ] } },
{ "type": "Feature", "properties": { "P29_001": "28224", "P29_002": "C128210003316", "P29_003": "16002", "P29_004": "南あわじ市立西淡中学校", "P29_005": "兵庫県南あわじ市松帆古津路577-66", "P29_006": "3", "P29_007": "1", "P29_008": "00", "P29_009": null }, "geometry": { "type": "Point", "coordinates": [ 134.735853113755752, 34.334563122659972 ] } },
{ "type": "Feature", "properties": { "P29_001": "28224", "P29_002": "C128210003334", "P29_003": "16002", "P29_004": "南あわじ市立沼島中学校", "P29_005": "兵庫県南あわじ市沼島992", "P29_006": "3", "P29_007": "1", "P29_008": "00", "P29_009": null }, "geometry": { "type": "Point", "coordinates": [ 134.822128900960053, 34.165428066060151 ] } },
{ "type": "Feature", "properties": { "P29_001": "28216", "P29_002": "C128210003361", "P29_003": "16002", "P29_004": "高砂市立宝殿中学校", "P29_005": "兵庫県高砂市米田町米田1174-1", "P29_006": "3", "P29_007": "1", "P29_008": "00", "P29_009": null }, "geometry": { "type": "Point", "coordinates": [ 134.819828667596596, 34.775325306407417 ] } },
{ "type": "Feature", "properties": { "P29_001": "28301", "P29_002": "C128210003405", "P29_003": "16002", "P29_004": "猪名川町立清陵中学校", "P29_005": "兵庫県川辺郡猪名川町原宇尾鼻ヶ尾747", "P29_006": "3", "P29_007": "1", "P29_008": "00", "P29_009": null }, "geometry": { "type": "Point", "coordinates": [ 135.385459944825158, 34.910084174423893 ] } },
{ "type": "Feature", "properties": { "P29_001": "28201", "P29_002": "C128210003414", "P29_003": "16002", "P29_004": "姫路市立あかつき中学校", "P29_005": "兵庫県姫路市市之郷町2-34", "P29_006": "3", "P29_007": "1", "P29_008": "00", "P29_009": null }, "geometry": { "type": "Point", "coordinates": [ 134.708954875620009, 34.826877235981456 ] } },
{ "type": "Feature", "properties": { "P29_001": "28107", "P29_002": "C128310000086", "P29_003": "16002", "P29_004": "啓明学院中学校", "P29_005": "兵庫県神戸市須磨区横尾9-5-1", "P29_006": "4", "P29_007": "1", "P29_008": "00", "P29_009": null }, "geometry": { "type": "Point", "coordinates": [ 135.104799933816793, 34.667661376297517 ] } },
{ "type": "Feature", "properties": { "P29_001": "28102", "P29_002": "C128310000102", "P29_003": "16002", "P29_004": "親和中学校", "P29_005": "兵庫県神戸市灘区土山町6-1", "P29_006": "4", "P29_007": "1", "P29_008": "00", "P29_009": null }, "geometry": { "type": "Point", "coordinates": [ 135.241629500139084, 34.726678124903643 ] } },
{ "type": "Feature", "properties": { "P29_001": "28107", "P29_002": "C128310000184", "P29_003": "16002", "P29_004": "須磨学園中学校", "P29_005": "兵庫県神戸市須磨区板宿町3-15-14", "P29_006": "4", "P29_007": "1", "P29_008": "00", "P29_009": null }, "geometry": { "type": "Point", "coordinates": [ 135.127656526168749, 34.664017714390148 ] } },
{ "type": "Feature", "properties": { "P29_001": "28110", "P29_002": "C128310000200", "P29_003": "16002", "P29_004": "神戸学院大学附属中学校", "P29_005": "兵庫県神戸市中央区港島中町4-6-3", "P29_006": "4", "P29_007": "1", "P29_008": "00", "P29_009": null }, "geometry": { "type": "Point", "coordinates": [ 135.209204330134014, 34.667811566466675 ] } },
{ "type": "Feature", "properties": { "P29_001": "28201", "P29_002": "C128310000237", "P29_003": "16002", "P29_004": "賢明女子学院中学校", "P29_005": "兵庫県姫路市本町68", "P29_006": "4", "P29_007": "1", "P29_008": "00", "P29_009": null }, "geometry": { "type": "Point", "coordinates": [ 134.696767578418161, 34.835604056713912 ] } },
{ "type": "Feature", "properties": { "P29_001": "28201", "P29_002": "C128310000246", "P29_003": "16002", "P29_004": "淳心学院中学校", "P29_005": "兵庫県姫路市本町68", "P29_006": "4", "P29_007": "1", "P29_008": "00", "P29_009": null }, "geometry": { "type": "Point", "coordinates": [ 134.698226756716991, 34.837479316905728 ] } },
{ "type": "Feature", "properties": { "P29_001": "28202", "P29_002": "C128310000273", "P29_003": "16002", "P29_004": "百合学院中学校", "P29_005": "兵庫県尼崎市若王寺2-18-2", "P29_006": "4", "P29_007": "1", "P29_008": "00", "P29_009": null }, "geometry": { "type": "Point", "coordinates": [ 135.440334531723607, 34.749090784672362 ] } },
{ "type": "Feature", "properties": { "P29_001": "28204", "P29_002": "C128310000308", "P29_003": "16002", "P29_004": "神戸女学院中学部", "P29_005": "兵庫県西宮市岡田山4-1", "P29_006": "4", "P29_007": "1", "P29_008": "00", "P29_009": null }, "geometry": { "type": "Point", "coordinates": [ 135.351382810710305, 34.759633935053891 ] } },
{ "type": "Feature", "properties": { "P29_001": "28204", "P29_002": "C128310000317", "P29_003": "16002", "P29_004": "武庫川女子大学附属中学校", "P29_005": "兵庫県西宮市枝川町4-16", "P29_006": "4", "P29_007": "1", "P29_008": "00", "P29_009": null }, "geometry": { "type": "Point", "coordinates": [ 135.36603943221084, 34.711765951832874 ] } },
{ "type": "Feature", "properties": { "P29_001": "28204", "P29_002": "C128310000335", "P29_003": "16002", "P29_004": "甲子園学院中学校", "P29_005": "兵庫県西宮市瓦林町4-25", "P29_006": "4", "P29_007": "1", "P29_008": "00", "P29_009": null }, "geometry": { "type": "Point", "coordinates": [ 135.369450198740651, 34.743956228894035 ] } },
{ "type": "Feature", "properties": { "P29_001": "28105", "P29_002": "C128310000344", "P29_003": "16002", "P29_004": "夙川中学校", "P29_005": "兵庫県神戸市兵庫区会下山町1-7-1", "P29_006": "4", "P29_007": "1", "P29_008": "00", "P29_009": null }, "geometry": { "type": "Point", "coordinates": [ 135.160115518182323, 34.679589891356891 ] } },
{ "type": "Feature", "properties": { "P29_001": "28205", "P29_002": "C128310000362", "P29_003": "16002", "P29_004": "蒼開中学校", "P29_005": "兵庫県洲本市下加茂1-9-48", "P29_006": "4", "P29_007": "1", "P29_008": "00", "P29_009": null }, "geometry": { "type": "Point", "coordinates": [ 134.87917690783749, 34.351337343478995 ] } },
{ "type": "Feature", "properties": { "P29_001": "28206", "P29_002": "C128310000371", "P29_003": "16002", "P29_004": "芦屋学園中学校", "P29_005": "兵庫県芦屋市六麓荘町16-18", "P29_006": "4", "P29_007": "1", "P29_008": "00", "P29_009": null }, "geometry": { "type": "Point", "coordinates": [ 135.3094978675459, 34.755615626329316 ] } },
{ "type": "Feature", "properties": { "P29_001": "28209", "P29_002": "C128310000399", "P29_003": "16002", "P29_004": "近畿大学附属豊岡中学校", "P29_005": "兵庫県豊岡市戸牧100", "P29_006": "4", "P29_007": "1", "P29_008": "00", "P29_009": null }, "geometry": { "type": "Point", "coordinates": [ 134.806196604699664, 35.537026533629358 ] } },
{ "type": "Feature", "properties": { "P29_001": "28216", "P29_002": "C128310000424", "P29_003": "16002", "P29_004": "白陵中学校", "P29_005": "兵庫県高砂市阿弥陀町阿弥陀2260", "P29_006": "4", "P29_007": "1", "P29_008": "00", "P29_009": null }, "geometry": { "type": "Point", "coordinates": [ 134.769588613328693, 34.802361285168075 ] } },
{ "type": "Feature", "properties": { "P29_001": "28219", "P29_002": "C128310000433", "P29_003": "16002", "P29_004": "三田学園中学校", "P29_005": "兵庫県三田市南が丘2-13-65", "P29_006": "4", "P29_007": "1", "P29_008": "00", "P29_009": null }, "geometry": { "type": "Point", "coordinates": [ 135.217307803897029, 34.875563331464775 ] } }
]
}
