{
"type": "FeatureCollection",
"name": "geo_28_居宅介護支援",
"crs": { "type": "name", "properties": { "name": "urn:ogc:def:crs:OGC:1.3:CRS84" } },
"features": [
{ "type": "Feature", "properties": { "内容": "ケアプランスイッチオン神戸御影【居宅介護支援】兵庫県神戸市東灘区御影本町8丁目1番8号", "url": "https://www.kaigokensaku.mhlw.go.jp/28/index.php?action_kouhyou_detail_004_kani=true&JigyosyoCd=2870103930-00&ServiceCd=430&Type=search", "url2": "https://switchon-service.co.jp" }, "geometry": { "type": "Point", "coordinates": [ 135.2538385, 34.7111987 ] } },
{ "type": "Feature", "properties": { "内容": "甲南居宅介護支援事業所【居宅介護支援】神戸市東灘区向洋町中３丁目２番地５", "url": "https://www.kaigokensaku.mhlw.go.jp/28/index.php?action_kouhyou_detail_004_kani=true&JigyosyoCd=2870100712-00&ServiceCd=430&Type=search", "url2": "http://www.kohnan.ne.jp" }, "geometry": { "type": "Point", "coordinates": [ 135.270532900000035, 34.6865783 ] } },
{ "type": "Feature", "properties": { "内容": "jinケア【居宅介護支援】兵庫県神戸市東灘区魚崎南町4-12-6", "url": "https://www.kaigokensaku.mhlw.go.jp/28/index.php?action_kouhyou_detail_004_kani=true&JigyosyoCd=2870103609-00&ServiceCd=430&Type=search", "url2": null }, "geometry": { "type": "Point", "coordinates": [ 135.2723623, 34.7109775 ] } },
{ "type": "Feature", "properties": { "内容": "セコム神戸訪問看護ステーション【居宅介護支援】兵庫県神戸市東灘区住吉宮町6-14-14-4階坂本ビル", "url": "https://www.kaigokensaku.mhlw.go.jp/28/index.php?action_kouhyou_detail_004_kani=true&JigyosyoCd=2860190129-00&ServiceCd=430&Type=search", "url2": "medical.secom.co.jp" }, "geometry": { "type": "Point", "coordinates": [ 135.260076700000013, 34.7178254 ] } },
{ "type": "Feature", "properties": { "内容": "協同の苑六甲アイランド居宅介護支援【居宅介護支援】神戸市東灘区向洋町中３丁目２－６", "url": "https://www.kaigokensaku.mhlw.go.jp/28/index.php?action_kouhyou_detail_004_kani=true&JigyosyoCd=2870100019-00&ServiceCd=430&Type=search", "url2": "http://www.kyodo-no-sono.or.jp" }, "geometry": { "type": "Point", "coordinates": [ 135.271371700000032, 34.6871338 ] } },
{ "type": "Feature", "properties": { "内容": "協同の苑　は～とらんど甲南居宅介護支援【居宅介護支援】神戸市東灘区甲南町２丁目１－２０", "url": "https://www.kaigokensaku.mhlw.go.jp/28/index.php?action_kouhyou_detail_004_kani=true&JigyosyoCd=2870100027-00&ServiceCd=430&Type=search", "url2": "http://www.kyodo-no-sono.or.jp" }, "geometry": { "type": "Point", "coordinates": [ 135.276209599999987, 34.7222526 ] } },
{ "type": "Feature", "properties": { "内容": "特定非営利活動法人　神戸ライフ・ケアー協会【居宅介護支援】神戸市東灘区御影中町２丁目３番２３リメノス御影201", "url": "https://www.kaigokensaku.mhlw.go.jp/28/index.php?action_kouhyou_detail_004_kani=true&JigyosyoCd=2870100043-00&ServiceCd=430&Type=search", "url2": "http://kobelife‐care.jp/" }, "geometry": { "type": "Point", "coordinates": [ 135.255528199999958, 34.7183166 ] } },
{ "type": "Feature", "properties": { "内容": "住吉高齢者生活支援センター【居宅介護支援】兵庫県神戸市東灘区住吉本町3丁目7番41号", "url": "https://www.kaigokensaku.mhlw.go.jp/28/index.php?action_kouhyou_detail_004_kani=true&JigyosyoCd=2870100068-00&ServiceCd=430&Type=search", "url2": "http://www.krh-sumiyoshi.com" }, "geometry": { "type": "Point", "coordinates": [ 135.259069400000044, 34.724077100000017 ] } },
{ "type": "Feature", "properties": { "内容": "生活協同組合コープこうべ居宅介護支援センター【居宅介護支援】神戸市東灘区甲南町　２－１－２０　コープリビング甲南内", "url": "https://www.kaigokensaku.mhlw.go.jp/28/index.php?action_kouhyou_detail_004_kani=true&JigyosyoCd=2870100084-00&ServiceCd=430&Type=search", "url2": "http://www.kobe.coop.or.jp/" }, "geometry": { "type": "Point", "coordinates": [ 135.276209599999987, 34.7222526 ] } },
{ "type": "Feature", "properties": { "内容": "居宅介護支援センターおおぎの郷【居宅介護支援】兵庫県神戸市東灘区北青木1丁目1-3おおぎの郷", "url": "https://www.kaigokensaku.mhlw.go.jp/28/index.php?action_kouhyou_detail_004_kani=true&JigyosyoCd=2870100118-00&ServiceCd=430&Type=search", "url2": "https://www.chikusakai.jp/" }, "geometry": { "type": "Point", "coordinates": [ 135.2865601, 34.7215782 ] } },
{ "type": "Feature", "properties": { "内容": "一般財団法人　神戸在宅医療・介護推進財団　東灘ケアプランセンターほくら・くるる【居宅介護支援】神戸市東灘区魚崎中町４丁目3-18", "url": "https://www.kaigokensaku.mhlw.go.jp/28/index.php?action_kouhyou_detail_004_kani=true&JigyosyoCd=2870100126-00&ServiceCd=430&Type=search", "url2": "httpwwwkzcjp" }, "geometry": { "type": "Point", "coordinates": [ 135.27159359999996, 34.7140173 ] } },
{ "type": "Feature", "properties": { "内容": "サンライフ魚崎居宅介護支援事業所【居宅介護支援】兵庫県神戸市東灘区魚崎中町４丁目１０番５０号", "url": "https://www.kaigokensaku.mhlw.go.jp/28/index.php?action_kouhyou_detail_004_kani=true&JigyosyoCd=2870100308-00&ServiceCd=430&Type=search", "url2": "https://sunlifeuozaki.jp/" }, "geometry": { "type": "Point", "coordinates": [ 135.27022420000003, 34.7152533 ] } },
{ "type": "Feature", "properties": { "内容": "ありーてケアサービス【居宅介護支援】神戸市東灘区御影中町2丁目6番7号", "url": "https://www.kaigokensaku.mhlw.go.jp/28/index.php?action_kouhyou_detail_004_kani=true&JigyosyoCd=2870100647-00&ServiceCd=430&Type=search", "url2": null }, "geometry": { "type": "Point", "coordinates": [ 135.256492, 34.718661 ] } },
{ "type": "Feature", "properties": { "内容": "東灘在宅福祉センター【居宅介護支援】神戸市東灘区住吉宮町3-4-17", "url": "https://www.kaigokensaku.mhlw.go.jp/28/index.php?action_kouhyou_detail_004_kani=true&JigyosyoCd=2870100928-00&ServiceCd=430&Type=search", "url2": "http://www.ninindoshinkai.or.jp" }, "geometry": { "type": "Point", "coordinates": [ 135.261238899999967, 34.7162086 ] } },
{ "type": "Feature", "properties": { "内容": "友愛高齢者生活支援センター【居宅介護支援】兵庫県神戸市東灘区鴨子ヶ原2丁目14-17", "url": "https://www.kaigokensaku.mhlw.go.jp/28/index.php?action_kouhyou_detail_004_kani=true&JigyosyoCd=2870101348-00&ServiceCd=430&Type=search", "url2": "http://www.krh-sumiyoshi.com" }, "geometry": { "type": "Point", "coordinates": [ 135.250361399999946, 34.7342008 ] } },
{ "type": "Feature", "properties": { "内容": "GTLケアプランセンター御影【居宅介護支援】神戸市東灘区御影中町3丁目2番3号", "url": "https://www.kaigokensaku.mhlw.go.jp/28/index.php?action_kouhyou_detail_004_kani=true&JigyosyoCd=2870102197-00&ServiceCd=430&Type=search", "url2": null }, "geometry": { "type": "Point", "coordinates": [ 135.255019295770239, 34.716173413613539 ] } },
{ "type": "Feature", "properties": { "内容": "スミリンケアライフ株式会社　岡本ステーション【居宅介護支援】兵庫県神戸市東灘区岡本２丁目１０番１５号", "url": "https://www.kaigokensaku.mhlw.go.jp/28/index.php?action_kouhyou_detail_004_kani=true&JigyosyoCd=2870102783-00&ServiceCd=430&Type=search", "url2": "https://www.s-carelife.co.jp" }, "geometry": { "type": "Point", "coordinates": [ 135.272443100000032, 34.727202 ] } },
{ "type": "Feature", "properties": { "内容": "居宅介護支援あぁすこうなん【居宅介護支援】神戸市東灘区住吉本町1丁目1-32", "url": "https://www.kaigokensaku.mhlw.go.jp/28/index.php?action_kouhyou_detail_004_kani=true&JigyosyoCd=2870102973-00&ServiceCd=430&Type=search", "url2": "https://www.npo-earth.org/" }, "geometry": { "type": "Point", "coordinates": [ 135.264636770490569, 34.720989742176016 ] } },
{ "type": "Feature", "properties": { "内容": "居宅介護支援事業所　リアン【居宅介護支援】兵庫県神戸市東灘区鴨子ケ原3丁目28－3ビバアルファ301", "url": "https://www.kaigokensaku.mhlw.go.jp/28/index.php?action_kouhyou_detail_004_kani=true&JigyosyoCd=2870103211-00&ServiceCd=430&Type=search", "url2": null }, "geometry": { "type": "Point", "coordinates": [ 135.249117, 34.7352757 ] } },
{ "type": "Feature", "properties": { "内容": "居宅介護支援ケアあしすと【居宅介護支援】兵庫県神戸市東灘区青木2丁目14番12号おおぎＯＮＥ1階", "url": "https://www.kaigokensaku.mhlw.go.jp/28/index.php?action_kouhyou_detail_004_kani=true&JigyosyoCd=2870103252-00&ServiceCd=430&Type=search", "url2": null }, "geometry": { "type": "Point", "coordinates": [ 135.28394789999993, 34.71657 ] } },
{ "type": "Feature", "properties": { "内容": "ＡＳＯケアセンター【居宅介護支援】御影中町4-2-1スマイリングライフ203", "url": "https://www.kaigokensaku.mhlw.go.jp/28/index.php?action_kouhyou_detail_004_kani=true&JigyosyoCd=2870103294-00&ServiceCd=430&Type=search", "url2": null }, "geometry": { "type": "Point", "coordinates": [ 135.254560949307233, 34.717404261924273 ] } },
{ "type": "Feature", "properties": { "内容": "やさしい手東灘居宅介護支援事業所【居宅介護支援】兵庫県神戸市東灘区青木3丁目1番43号", "url": "https://www.kaigokensaku.mhlw.go.jp/28/index.php?action_kouhyou_detail_004_kani=true&JigyosyoCd=2870103336-00&ServiceCd=430&Type=search", "url2": "http://www.yasashiite.com" }, "geometry": { "type": "Point", "coordinates": [ 135.282841700000063, 34.7143256 ] } },
{ "type": "Feature", "properties": { "内容": "あっぷ居宅支援ステーション【居宅介護支援】兵庫県神戸市東灘区御影本町8-13-22御影エナムール１階A", "url": "https://www.kaigokensaku.mhlw.go.jp/28/index.php?action_kouhyou_detail_004_kani=true&JigyosyoCd=2870103419-00&ServiceCd=430&Type=search", "url2": "https://atcompany.jp/dorutoup/" }, "geometry": { "type": "Point", "coordinates": [ 135.253541077916765, 34.714277783367791 ] } },
{ "type": "Feature", "properties": { "内容": "居宅介護支援事業所えみ【居宅介護支援】住吉本町1-22-15-401", "url": "https://www.kaigokensaku.mhlw.go.jp/28/index.php?action_kouhyou_detail_004_kani=true&JigyosyoCd=2870103500-00&ServiceCd=430&Type=search", "url2": "www.emikobe.com" }, "geometry": { "type": "Point", "coordinates": [ 135.2611183, 34.7218763 ] } },
{ "type": "Feature", "properties": { "内容": "居宅介護支援事業所エガオプラン【居宅介護支援】神戸市東灘区岡本3-5-16エルズスチューディオ岡本", "url": "https://www.kaigokensaku.mhlw.go.jp/28/index.php?action_kouhyou_detail_004_kani=true&JigyosyoCd=2870103724-00&ServiceCd=430&Type=search", "url2": "egao-plan.info" }, "geometry": { "type": "Point", "coordinates": [ 135.283056, 34.7255741 ] } },
{ "type": "Feature", "properties": { "内容": "ジャスミンケアプランセンター【居宅介護支援】神戸市東灘区深江北町1丁目7-27西芦屋ローズプラザ35号", "url": "https://www.kaigokensaku.mhlw.go.jp/28/index.php?action_kouhyou_detail_004_kani=true&JigyosyoCd=2870103849-00&ServiceCd=430&Type=search", "url2": "https://jas-care.com" }, "geometry": { "type": "Point", "coordinates": [ 135.2994412, 34.727081 ] } },
{ "type": "Feature", "properties": { "内容": "居宅介護支援事業所ティンカーベル【居宅介護支援】兵庫県神戸市東灘区田中町３丁目１０-２４ハイムポワール１０2", "url": "https://www.kaigokensaku.mhlw.go.jp/28/index.php?action_kouhyou_detail_004_kani=true&JigyosyoCd=2870103468-00&ServiceCd=430&Type=search", "url2": null }, "geometry": { "type": "Point", "coordinates": [ 135.27338, 34.7237321 ] } },
{ "type": "Feature", "properties": { "内容": "あぁもんどケアKOBE【居宅介護支援】魚崎中町4丁目6-4コンドミニアム魚崎104", "url": "https://www.kaigokensaku.mhlw.go.jp/28/index.php?action_kouhyou_detail_004_kani=true&JigyosyoCd=2870103575-00&ServiceCd=430&Type=search", "url2": null }, "geometry": { "type": "Point", "coordinates": [ 135.2702898, 34.7130789 ] } },
{ "type": "Feature", "properties": { "内容": "あおぞらケアプランセンター【居宅介護支援】神戸市東灘区森南町1-5-1セルバ3階", "url": "https://www.kaigokensaku.mhlw.go.jp/28/index.php?action_kouhyou_detail_004_kani=true&JigyosyoCd=2870102502-00&ServiceCd=430&Type=search", "url2": "http://rl-kobe.com" }, "geometry": { "type": "Point", "coordinates": [ 135.294278095253816, 34.729687439986805 ] } },
{ "type": "Feature", "properties": { "内容": "ベネッセ介護センター本山【居宅介護支援】田中町1－15－5メインステージ本山601", "url": "https://www.kaigokensaku.mhlw.go.jp/28/index.php?action_kouhyou_detail_004_kani=true&JigyosyoCd=2870104078-00&ServiceCd=430&Type=search", "url2": "https://www.benesse-style-care.co.jp/" }, "geometry": { "type": "Point", "coordinates": [ 135.277177, 34.7263024 ] } },
{ "type": "Feature", "properties": { "内容": "医療法人　明倫会　ヘルパーステイションもとやま【居宅介護支援】神戸市東灘区本山中町４丁目７－７　アネックスM1階", "url": "https://www.kaigokensaku.mhlw.go.jp/28/index.php?action_kouhyou_detail_004_kani=true&JigyosyoCd=2870100191-00&ServiceCd=430&Type=search", "url2": "http://meirinkai.or.jp/miyaji/section/support" }, "geometry": { "type": "Point", "coordinates": [ 135.281028233204694, 34.725386405186406 ] } },
{ "type": "Feature", "properties": { "内容": "居宅介護支援事業所キラッとドリーム【居宅介護支援】兵庫県神戸市東灘区本庄町3-3-24", "url": "https://www.kaigokensaku.mhlw.go.jp/28/index.php?action_kouhyou_detail_004_kani=true&JigyosyoCd=2870102379-00&ServiceCd=430&Type=search", "url2": "http://www.kiratto-dream.com" }, "geometry": { "type": "Point", "coordinates": [ 135.289033300000028, 34.7260525 ] } },
{ "type": "Feature", "properties": { "内容": "特定非営利活動法人Team　Plow【居宅介護支援】兵庫県神戸市東灘区青木3丁目5－11", "url": "https://www.kaigokensaku.mhlw.go.jp/28/index.php?action_kouhyou_detail_004_kani=true&JigyosyoCd=2870104060-00&ServiceCd=430&Type=search", "url2": null }, "geometry": { "type": "Point", "coordinates": [ 135.282475, 34.7151228 ] } },
{ "type": "Feature", "properties": { "内容": "ケアプランセンター東神戸【居宅介護支援】神戸市東灘区住吉本町2丁目19番1号ケアプランセンター東神戸", "url": "https://www.kaigokensaku.mhlw.go.jp/28/index.php?action_kouhyou_detail_004_kani=true&JigyosyoCd=2870101447-00&ServiceCd=430&Type=search", "url2": "eastkobe-hp@deluxe.co.jp" }, "geometry": { "type": "Point", "coordinates": [ 135.260123213491823, 34.721576314132115 ] } },
{ "type": "Feature", "properties": { "内容": "高齢者生協ケアステーション六甲【居宅介護支援】神戸市灘区徳井町４丁目１－２サンシャイン六甲", "url": "https://www.kaigokensaku.mhlw.go.jp/28/index.php?action_kouhyou_detail_004_kani=true&JigyosyoCd=2870200058-00&ServiceCd=430&Type=search", "url2": null }, "geometry": { "type": "Point", "coordinates": [ 135.245682259763271, 34.714401570920941 ] } },
{ "type": "Feature", "properties": { "内容": "居宅介護支援事業所　ソラスト摩耶【居宅介護支援】兵庫県神戸市灘区都通2丁目1-26摩耶コート壱番館１階", "url": "https://www.kaigokensaku.mhlw.go.jp/28/index.php?action_kouhyou_detail_004_kani=true&JigyosyoCd=2870200884-00&ServiceCd=430&Type=search", "url2": "https://solasto-kaigo.com/care/area/solastomaya.html" }, "geometry": { "type": "Point", "coordinates": [ 135.228173452778577, 34.705054270967835 ] } },
{ "type": "Feature", "properties": { "内容": "セントケア六甲【居宅介護支援】神戸市灘区日尾町1-1-5", "url": "https://www.kaigokensaku.mhlw.go.jp/28/index.php?action_kouhyou_detail_004_kani=true&JigyosyoCd=2870201460-00&ServiceCd=430&Type=search", "url2": "http://www.saint-care.com/" }, "geometry": { "type": "Point", "coordinates": [ 135.239382, 34.7179417 ] } },
{ "type": "Feature", "properties": { "内容": "よつ葉ケアサービス【居宅介護支援】兵庫県神戸市灘区城内通5丁目6-7アクセスコート2Ｆ", "url": "https://www.kaigokensaku.mhlw.go.jp/28/index.php?action_kouhyou_detail_004_kani=true&JigyosyoCd=2870201627-00&ServiceCd=430&Type=search", "url2": "http://candc-kobe.com/" }, "geometry": { "type": "Point", "coordinates": [ 135.2163339, 34.7074733 ] } },
{ "type": "Feature", "properties": { "内容": "ケアセンターきずな【居宅介護支援】兵庫県神戸市灘区水道筋5-1-3西灘アーバンライフ1F", "url": "https://www.kaigokensaku.mhlw.go.jp/28/index.php?action_kouhyou_detail_004_kani=true&JigyosyoCd=2870202435-00&ServiceCd=430&Type=search", "url2": "www.care-kizuna.info" }, "geometry": { "type": "Point", "coordinates": [ 135.222179378265452, 34.711726100808406 ] } },
{ "type": "Feature", "properties": { "内容": "ニチイケアセンター東神戸【居宅介護支援】兵庫県神戸市灘区岸地通5-2-13アメニティビル201号", "url": "https://www.kaigokensaku.mhlw.go.jp/28/index.php?action_kouhyou_detail_004_kani=true&JigyosyoCd=2870203284-00&ServiceCd=430&Type=search", "url2": "https://www.nichiigakkan.co.jp/" }, "geometry": { "type": "Point", "coordinates": [ 135.220949223942569, 34.710666904921489 ] } },
{ "type": "Feature", "properties": { "内容": "指定居宅介護支援事業所かなざわ【居宅介護支援】神戸市灘区神ノ木通3-1-4", "url": "https://www.kaigokensaku.mhlw.go.jp/28/index.php?action_kouhyou_detail_004_kani=true&JigyosyoCd=2870200017-00&ServiceCd=430&Type=search", "url2": null }, "geometry": { "type": "Point", "coordinates": [ 135.23061843366014, 34.713205604376157 ] } },
{ "type": "Feature", "properties": { "内容": "社会福祉法人神戸海星会うみのほし居宅介護支援事業所【居宅介護支援】神戸市灘区篠原北町３丁目１１番１５号", "url": "https://www.kaigokensaku.mhlw.go.jp/28/index.php?action_kouhyou_detail_004_kani=true&JigyosyoCd=2870200082-00&ServiceCd=430&Type=search", "url2": "http://www.kobe-kaiseikai.com" }, "geometry": { "type": "Point", "coordinates": [ 135.225713199999973, 34.7237437 ] } },
{ "type": "Feature", "properties": { "内容": "灘の浜指定居宅介護支援事業所【居宅介護支援】神戸市灘区摩耶摩耶海岸通２－３－９ハピータウンＫＯＢＥ", "url": "https://www.kaigokensaku.mhlw.go.jp/28/index.php?action_kouhyou_detail_004_kani=true&JigyosyoCd=2870200116-00&ServiceCd=430&Type=search", "url2": "http：//hakuyusha.or.jp/" }, "geometry": { "type": "Point", "coordinates": [ 135.239657099999931, 34.7123285 ] } },
{ "type": "Feature", "properties": { "内容": "ろっこう医療生協・医療福祉相談室【居宅介護支援】神戸市灘区水道筋6-4-13", "url": "https://www.kaigokensaku.mhlw.go.jp/28/index.php?action_kouhyou_detail_004_kani=true&JigyosyoCd=2870200124-00&ServiceCd=430&Type=search", "url2": "https://nada-cl.jp/" }, "geometry": { "type": "Point", "coordinates": [ 135.220618863893179, 34.711222597272446 ] } },
{ "type": "Feature", "properties": { "内容": "社会福祉法人神戸婦人同情会　プリンスパーク【居宅介護支援】神戸市灘区王子町１丁目２－６プリンスマンション２階", "url": "https://www.kaigokensaku.mhlw.go.jp/28/index.php?action_kouhyou_detail_004_kani=true&JigyosyoCd=2870200157-00&ServiceCd=430&Type=search", "url2": null }, "geometry": { "type": "Point", "coordinates": [ 135.218483, 34.7097172 ] } },
{ "type": "Feature", "properties": { "内容": "スミリンケアライフ株式会社　六甲ステーション【居宅介護支援】兵庫県神戸市灘区山田町3丁目1番15号六甲アトリエハウス4階", "url": "https://www.kaigokensaku.mhlw.go.jp/28/index.php?action_kouhyou_detail_004_kani=true&JigyosyoCd=2870200199-00&ServiceCd=430&Type=search", "url2": "https://www.s-carelife.co.jp" }, "geometry": { "type": "Point", "coordinates": [ 135.23305449999998, 34.7212302 ] } },
{ "type": "Feature", "properties": { "内容": "リンク在宅サービス【居宅介護支援】兵庫県神戸市灘区鹿ノ下通３丁目１番１号インテリアハシモトビル１F", "url": "https://www.kaigokensaku.mhlw.go.jp/28/index.php?action_kouhyou_detail_004_kani=true&JigyosyoCd=2870200637-00&ServiceCd=430&Type=search", "url2": null }, "geometry": { "type": "Point", "coordinates": [ 135.2329608, 34.708597 ] } },
{ "type": "Feature", "properties": { "内容": "あじさい六甲ケアセンター【居宅介護支援】神戸市灘区永手町２丁目３番７号六甲スカイハイツ２F西号室", "url": "https://www.kaigokensaku.mhlw.go.jp/28/index.php?action_kouhyou_detail_004_kani=true&JigyosyoCd=2870200967-00&ServiceCd=430&Type=search", "url2": "http://ajs-gr.jp/ajisai" }, "geometry": { "type": "Point", "coordinates": [ 135.2399292, 34.7167585 ] } },
{ "type": "Feature", "properties": { "内容": "ケアウイング居宅介護支援事業所【居宅介護支援】神戸市灘区永手町１丁目１番１８２号", "url": "https://www.kaigokensaku.mhlw.go.jp/28/index.php?action_kouhyou_detail_004_kani=true&JigyosyoCd=2870201213-00&ServiceCd=430&Type=search", "url2": "http://www.kobe-kaigo.co.jp/index.php" }, "geometry": { "type": "Point", "coordinates": [ 135.241579099999967, 34.7170307 ] } },
{ "type": "Feature", "properties": { "内容": "灘在宅福祉センター【居宅介護支援】神戸市灘区琵琶町２－１－２７", "url": "https://www.kaigokensaku.mhlw.go.jp/28/index.php?action_kouhyou_detail_004_kani=true&JigyosyoCd=2870201338-00&ServiceCd=430&Type=search", "url2": "https://uguisuen.or.jp/corp/" }, "geometry": { "type": "Point", "coordinates": [ 135.236732299999971, 34.7116924 ] } },
{ "type": "Feature", "properties": { "内容": "ケアプランセンター　スリール【居宅介護支援】神戸市灘区備後町５丁目３-１‐３０２ウェルブ六甲道１番街", "url": "https://www.kaigokensaku.mhlw.go.jp/28/index.php?action_kouhyou_detail_004_kani=true&JigyosyoCd=2870202039-00&ServiceCd=430&Type=search", "url2": null }, "geometry": { "type": "Point", "coordinates": [ 135.238303290876729, 34.713823738351472 ] } },
{ "type": "Feature", "properties": { "内容": "のどか居宅介護支援事業所【居宅介護支援】兵庫県神戸市灘区篠原台8-20", "url": "https://www.kaigokensaku.mhlw.go.jp/28/index.php?action_kouhyou_detail_004_kani=true&JigyosyoCd=2870202211-00&ServiceCd=430&Type=search", "url2": "http://www.nodoca-care.com" }, "geometry": { "type": "Point", "coordinates": [ 135.229529400000047, 34.7315845 ] } },
{ "type": "Feature", "properties": { "内容": "高羽居宅介護支援事業所【居宅介護支援】兵庫県神戸市灘区弓木町3丁目2番12号ベルエアー弓ノ木Ⅱ", "url": "https://www.kaigokensaku.mhlw.go.jp/28/index.php?action_kouhyou_detail_004_kani=true&JigyosyoCd=2870202393-00&ServiceCd=430&Type=search", "url2": "http://ｗｗｗkobe-fukuseikaicom/" }, "geometry": { "type": "Point", "coordinates": [ 135.244292800000039, 34.7184499 ] } },
{ "type": "Feature", "properties": { "内容": "NAC六甲ケアプランセンター【居宅介護支援】兵庫県神戸市灘区八幡町４丁目８番２４号", "url": "https://www.kaigokensaku.mhlw.go.jp/28/index.php?action_kouhyou_detail_004_kani=true&JigyosyoCd=2870202567-00&ServiceCd=430&Type=search", "url2": "https://www.nac.-rokko.co.jp" }, "geometry": { "type": "Point", "coordinates": [ 135.2394375, 34.7188721 ] } },
{ "type": "Feature", "properties": { "内容": "神戸海星訪問看護ステーション【居宅介護支援】兵庫県神戸市灘区篠原北町3丁目9番23号六甲司ハウス201号", "url": "https://www.kaigokensaku.mhlw.go.jp/28/index.php?action_kouhyou_detail_004_kani=true&JigyosyoCd=2870202708-00&ServiceCd=430&Type=search", "url2": null }, "geometry": { "type": "Point", "coordinates": [ 135.226813099999958, 34.7230827 ] } },
{ "type": "Feature", "properties": { "内容": "ケアセンター睦み【居宅介護支援】兵庫県神戸市灘区岩屋中町二丁目５番１１号第一都ビル２０２号", "url": "https://www.kaigokensaku.mhlw.go.jp/28/index.php?action_kouhyou_detail_004_kani=true&JigyosyoCd=2870202732-00&ServiceCd=430&Type=search", "url2": null }, "geometry": { "type": "Point", "coordinates": [ 135.221275099999957, 34.7048071 ] } },
{ "type": "Feature", "properties": { "内容": "愛のきケアプランセンター【居宅介護支援】新在家南町4-11-10", "url": "https://www.kaigokensaku.mhlw.go.jp/28/index.php?action_kouhyou_detail_004_kani=true&JigyosyoCd=2870202757-00&ServiceCd=430&Type=search", "url2": "http://ai-treehouse.com" }, "geometry": { "type": "Point", "coordinates": [ 135.235373781430013, 34.705497518229045 ] } },
{ "type": "Feature", "properties": { "内容": "ライフサポート結び【居宅介護支援】兵庫県神戸市灘区神ノ木通３丁目5-30", "url": "https://www.kaigokensaku.mhlw.go.jp/28/index.php?action_kouhyou_detail_004_kani=true&JigyosyoCd=2870202807-00&ServiceCd=430&Type=search", "url2": "https://www.lifesupport-musubi.com/" }, "geometry": { "type": "Point", "coordinates": [ 135.230740780673187, 34.713814544865343 ] } },
{ "type": "Feature", "properties": { "内容": "うきうきクラブなだ居宅介護支援事業所【居宅介護支援】兵庫県神戸市灘区桜口町4丁目5-12フォーラム六甲301", "url": "https://www.kaigokensaku.mhlw.go.jp/28/index.php?action_kouhyou_detail_004_kani=true&JigyosyoCd=2870202898-00&ServiceCd=430&Type=search", "url2": "http://ukiukikaigo.com" }, "geometry": { "type": "Point", "coordinates": [ 135.239939400000026, 34.7130162 ] } },
{ "type": "Feature", "properties": { "内容": "訪問看護ステーションオリ－ブ・リーフ【居宅介護支援】神戸市灘区灘南6丁目1-2-203", "url": "https://www.kaigokensaku.mhlw.go.jp/28/index.php?action_kouhyou_detail_004_kani=true&JigyosyoCd=2870202997-00&ServiceCd=430&Type=search", "url2": null }, "geometry": { "type": "Point", "coordinates": [ 135.223468700000012, 34.706746 ] } },
{ "type": "Feature", "properties": { "内容": "あっとケアプランセンター【居宅介護支援】兵庫県神戸市灘区森後町２丁目1番6号六甲道ロイヤルマンション701号", "url": "https://www.kaigokensaku.mhlw.go.jp/28/index.php?action_kouhyou_detail_004_kani=true&JigyosyoCd=2870203094-00&ServiceCd=430&Type=search", "url2": null }, "geometry": { "type": "Point", "coordinates": [ 135.2380736, 34.7162099 ] } },
{ "type": "Feature", "properties": { "内容": "ケアプランセンターミモザ【居宅介護支援】兵庫県神戸市灘区深田町２丁目１－１ブロスコート六甲５０１号室", "url": "https://www.kaigokensaku.mhlw.go.jp/28/index.php?action_kouhyou_detail_004_kani=true&JigyosyoCd=2870203102-00&ServiceCd=430&Type=search", "url2": null }, "geometry": { "type": "Point", "coordinates": [ 135.241686357806515, 34.715124166999843 ] } },
{ "type": "Feature", "properties": { "内容": "エービーシーケアセンター灘【居宅介護支援】神戸市灘区篠原中町2-2-12グランプリエール1階", "url": "https://www.kaigokensaku.mhlw.go.jp/28/index.php?action_kouhyou_detail_004_kani=true&JigyosyoCd=2870203193-00&ServiceCd=430&Type=search", "url2": null }, "geometry": { "type": "Point", "coordinates": [ 135.2294279, 34.7180905 ] } },
{ "type": "Feature", "properties": { "内容": "居宅介護支援事業所ロイヤルプラン【居宅介護支援】兵庫県神戸市灘区桜口町4-5-12フォーラム六甲306", "url": "https://www.kaigokensaku.mhlw.go.jp/28/index.php?action_kouhyou_detail_004_kani=true&JigyosyoCd=2870203326-00&ServiceCd=430&Type=search", "url2": null }, "geometry": { "type": "Point", "coordinates": [ 135.2399208, 34.7130086 ] } },
{ "type": "Feature", "properties": { "内容": "すまぁとリハケア・プランセンター灘【居宅介護支援】兵庫県神戸市灘区岩屋中町2-1-4マヤノスビル301号", "url": "https://www.kaigokensaku.mhlw.go.jp/28/index.php?action_kouhyou_detail_004_kani=true&JigyosyoCd=2870203342-00&ServiceCd=430&Type=search", "url2": "http://www.smart-kobe.com/" }, "geometry": { "type": "Point", "coordinates": [ 135.2223294, 34.703652 ] } },
{ "type": "Feature", "properties": { "内容": "トラストグレイス御影ケアプランセンター【居宅介護支援】土山町16-1", "url": "https://www.kaigokensaku.mhlw.go.jp/28/index.php?action_kouhyou_detail_004_kani=true&JigyosyoCd=2870203128-00&ServiceCd=430&Type=search", "url2": "https://trustgrace.jp/" }, "geometry": { "type": "Point", "coordinates": [ 135.2437347, 34.7319842 ] } },
{ "type": "Feature", "properties": { "内容": "ベネッセ介護センター神戸東【居宅介護支援】桜口町４丁目５番１２号フォーラム六甲３０５", "url": "https://www.kaigokensaku.mhlw.go.jp/28/index.php?action_kouhyou_detail_004_kani=true&JigyosyoCd=2870202245-00&ServiceCd=430&Type=search", "url2": "http://zaitaku.benesse-style-care.co.jp/" }, "geometry": { "type": "Point", "coordinates": [ 135.239984899999968, 34.7129867 ] } },
{ "type": "Feature", "properties": { "内容": "ラポールケアプランセンター【居宅介護支援】兵庫県神戸市灘区弓木町5丁目3番16号", "url": "https://www.kaigokensaku.mhlw.go.jp/28/index.php?action_kouhyou_detail_004_kani=true&JigyosyoCd=2870203367-00&ServiceCd=430&Type=search", "url2": null }, "geometry": { "type": "Point", "coordinates": [ 135.2422804, 34.7183108 ] } },
{ "type": "Feature", "properties": { "内容": "大石高齢者介護支援センター【居宅介護支援】兵庫県　神戸市　灘区　大石東町　１－２－１", "url": "https://www.kaigokensaku.mhlw.go.jp/28/index.php?action_kouhyou_detail_004_kani=true&JigyosyoCd=2870200033-00&ServiceCd=430&Type=search", "url2": "http://www.long-stage.com" }, "geometry": { "type": "Point", "coordinates": [ 135.238535, 34.7094482 ] } },
{ "type": "Feature", "properties": { "内容": "どんぐりケアプランセンター　大石【居宅介護支援】神戸市灘区大石東町6-4-12", "url": "https://www.kaigokensaku.mhlw.go.jp/28/index.php?action_kouhyou_detail_004_kani=true&JigyosyoCd=2870203300-00&ServiceCd=430&Type=search", "url2": null }, "geometry": { "type": "Point", "coordinates": [ 135.2323801, 34.7078033 ] } },
{ "type": "Feature", "properties": { "内容": "医療法人　康雄会　西病院居宅介護支援事業所【居宅介護支援】神戸市灘区深田町３丁目１－１６サンヴィラ六甲パートⅡ　１０２", "url": "https://www.kaigokensaku.mhlw.go.jp/28/index.php?action_kouhyou_detail_004_kani=true&JigyosyoCd=2870200553-00&ServiceCd=430&Type=search", "url2": "http://www.koyukai.or.jp" }, "geometry": { "type": "Point", "coordinates": [ 135.239968099999942, 34.7145921 ] } },
{ "type": "Feature", "properties": { "内容": "居宅介護支援事業所　菜の花【居宅介護支援】兵庫県神戸市兵庫区荒田町３丁目68-9ラムール荒田1Ｆ", "url": "https://www.kaigokensaku.mhlw.go.jp/28/index.php?action_kouhyou_detail_004_kani=true&JigyosyoCd=2870502222-00&ServiceCd=430&Type=search", "url2": null }, "geometry": { "type": "Point", "coordinates": [ 135.1658942, 34.684860900000018 ] } },
{ "type": "Feature", "properties": { "内容": "ドリームヒルズ滝山居宅介護支援事業所【居宅介護支援】神戸市兵庫区下沢通３丁目４番３号", "url": "https://www.kaigokensaku.mhlw.go.jp/28/index.php?action_kouhyou_detail_004_kani=true&JigyosyoCd=2870501919-00&ServiceCd=430&Type=search", "url2": "https://taiyukai.jp" }, "geometry": { "type": "Point", "coordinates": [ 135.164817898129144, 34.676749519479955 ] } },
{ "type": "Feature", "properties": { "内容": "安原居宅【居宅介護支援】兵庫県神戸市兵庫区今出在家町三丁目6番21号", "url": "https://www.kaigokensaku.mhlw.go.jp/28/index.php?action_kouhyou_detail_004_kani=true&JigyosyoCd=2870503659-00&ServiceCd=430&Type=search", "url2": null }, "geometry": { "type": "Point", "coordinates": [ 135.1756799, 34.6605641 ] } },
{ "type": "Feature", "properties": { "内容": "居宅介護支援事業所ノワ【居宅介護支援】兵庫県神戸市兵庫区夢野町2-3", "url": "https://www.kaigokensaku.mhlw.go.jp/28/index.php?action_kouhyou_detail_004_kani=true&JigyosyoCd=2870504194-00&ServiceCd=430&Type=search", "url2": null }, "geometry": { "type": "Point", "coordinates": [ 135.1600958, 34.6859898 ] } },
{ "type": "Feature", "properties": { "内容": "訪問看護ステーションみさき【居宅介護支援】神戸市兵庫区切戸町６－３－２２階", "url": "https://www.kaigokensaku.mhlw.go.jp/28/index.php?action_kouhyou_detail_004_kani=true&JigyosyoCd=2860590047-00&ServiceCd=430&Type=search", "url2": "http://www.ikkikai.or.jp" }, "geometry": { "type": "Point", "coordinates": [ 135.173171521287514, 34.666699112086391 ] } },
{ "type": "Feature", "properties": { "内容": "中道高齢者介護支援センター【居宅介護支援】兵庫県神戸市兵庫区中道通6丁目1-33", "url": "https://www.kaigokensaku.mhlw.go.jp/28/index.php?action_kouhyou_detail_004_kani=true&JigyosyoCd=2870500010-00&ServiceCd=430&Type=search", "url2": "http://www.houonkai.jp/" }, "geometry": { "type": "Point", "coordinates": [ 135.162950099999989, 34.6736147 ] } },
{ "type": "Feature", "properties": { "内容": "高齢者総合福祉施設モーツァルト兵庫駅前居宅介護支援事業所【居宅介護支援】神戸市兵庫区駅南通５丁目１－２", "url": "https://www.kaigokensaku.mhlw.go.jp/28/index.php?action_kouhyou_detail_004_kani=true&JigyosyoCd=2870500044-00&ServiceCd=430&Type=search", "url2": "http://www.kobe-mozart.jp/" }, "geometry": { "type": "Point", "coordinates": [ 135.16387229999998, 34.6671265 ] } },
{ "type": "Feature", "properties": { "内容": "居宅介護支援事業所　みなとがわケアプランセンター【居宅介護支援】神戸市兵庫区菊水町5-2-3湊川病院別館", "url": "https://www.kaigokensaku.mhlw.go.jp/28/index.php?action_kouhyou_detail_004_kani=true&JigyosyoCd=2870500077-00&ServiceCd=430&Type=search", "url2": "http://www.minatogawa.jp/" }, "geometry": { "type": "Point", "coordinates": [ 135.161177935581946, 34.685411066552845 ] } },
{ "type": "Feature", "properties": { "内容": "高齢者生協ケアステーションひらの【居宅介護支援】神戸市兵庫区下三条町8-20", "url": "https://www.kaigokensaku.mhlw.go.jp/28/index.php?action_kouhyou_detail_004_kani=true&JigyosyoCd=2870500085-00&ServiceCd=430&Type=search", "url2": null }, "geometry": { "type": "Point", "coordinates": [ 135.1674246, 34.6899549 ] } },
{ "type": "Feature", "properties": { "内容": "アースサポート神戸【居宅介護支援】兵庫県神戸市兵庫区荒田町1丁目10番5号", "url": "https://www.kaigokensaku.mhlw.go.jp/28/index.php?action_kouhyou_detail_004_kani=true&JigyosyoCd=2870500317-00&ServiceCd=430&Type=search", "url2": "http://www.earthsupport.co.jp" }, "geometry": { "type": "Point", "coordinates": [ 135.168183, 34.680966900000016 ] } },
{ "type": "Feature", "properties": { "内容": "株式会社ニッシンケアサービス【居宅介護支援】兵庫県神戸市兵庫区塚本通1丁目2-2ニッシン第二ビル", "url": "https://www.kaigokensaku.mhlw.go.jp/28/index.php?action_kouhyou_detail_004_kani=true&JigyosyoCd=2870500457-00&ServiceCd=430&Type=search", "url2": "https://nisshin-care.co.jp" }, "geometry": { "type": "Point", "coordinates": [ 135.168883, 34.673987100000019 ] } },
{ "type": "Feature", "properties": { "内容": "みどり介護支援センター【居宅介護支援】兵庫県神戸市兵庫区中道通１丁目３番３１号", "url": "https://www.kaigokensaku.mhlw.go.jp/28/index.php?action_kouhyou_detail_004_kani=true&JigyosyoCd=2870501067-00&ServiceCd=430&Type=search", "url2": "www.sendankai.or.jp" }, "geometry": { "type": "Point", "coordinates": [ 135.168171587557936, 34.67715281013686 ] } },
{ "type": "Feature", "properties": { "内容": "居宅介護支援事業所オリンピア兵庫【居宅介護支援】神戸市兵庫区小松通5丁目１－１４", "url": "https://www.kaigokensaku.mhlw.go.jp/28/index.php?action_kouhyou_detail_004_kani=true&JigyosyoCd=2870501448-00&ServiceCd=430&Type=search", "url2": "http://www.olympia.or.jp/" }, "geometry": { "type": "Point", "coordinates": [ 135.173291400000039, 34.6541638 ] } },
{ "type": "Feature", "properties": { "内容": "兵庫在宅福祉センター【居宅介護支援】神戸市兵庫区菊水町１０丁目40番地", "url": "https://www.kaigokensaku.mhlw.go.jp/28/index.php?action_kouhyou_detail_004_kani=true&JigyosyoCd=2870501612-00&ServiceCd=430&Type=search", "url2": "http://www.kaikouen.or.jp/" }, "geometry": { "type": "Point", "coordinates": [ 135.154209, 34.6799195 ] } },
{ "type": "Feature", "properties": { "内容": "浜山高齢者介護支援センター【居宅介護支援】神戸市兵庫区浜中町１丁目１６番１８号", "url": "https://www.kaigokensaku.mhlw.go.jp/28/index.php?action_kouhyou_detail_004_kani=true&JigyosyoCd=2870501646-00&ServiceCd=430&Type=search", "url2": "http://www.hanamisaki.or.jp" }, "geometry": { "type": "Point", "coordinates": [ 135.165928, 34.6557247 ] } },
{ "type": "Feature", "properties": { "内容": "ラグナケア千鳥山荘【居宅介護支援】神戸市兵庫区千鳥町3丁目5-1", "url": "https://www.kaigokensaku.mhlw.go.jp/28/index.php?action_kouhyou_detail_004_kani=true&JigyosyoCd=2870501745-00&ServiceCd=430&Type=search", "url2": "http://www.houonkai.jp/" }, "geometry": { "type": "Point", "coordinates": [ 135.160552899999971, 34.6910686 ] } },
{ "type": "Feature", "properties": { "内容": "有限会社　朋　居宅介護支援事業所【居宅介護支援】兵庫県神戸市兵庫区小松通５丁目2番9号", "url": "https://www.kaigokensaku.mhlw.go.jp/28/index.php?action_kouhyou_detail_004_kani=true&JigyosyoCd=2870501851-00&ServiceCd=430&Type=search", "url2": null }, "geometry": { "type": "Point", "coordinates": [ 135.173602399999936, 34.6547638 ] } },
{ "type": "Feature", "properties": { "内容": "ケアプランセンターあさんて・はな【居宅介護支援】兵庫県　神戸市　兵庫区　塚本通　6-1-3　サンシャイングレート兵庫201", "url": "https://www.kaigokensaku.mhlw.go.jp/28/index.php?action_kouhyou_detail_004_kani=true&JigyosyoCd=2870501976-00&ServiceCd=430&Type=search", "url2": "http://www.kobe-nagomi.com/" }, "geometry": { "type": "Point", "coordinates": [ 135.164347500268718, 34.669864000503857 ] } },
{ "type": "Feature", "properties": { "内容": "一般財団法人　神戸在宅医療・介護推進財団　兵庫しあわせケアプランセンター【居宅介護支援】兵庫県神戸市兵庫区大開通１丁目１－１　神鉄ビル１０Ｆ", "url": "https://www.kaigokensaku.mhlw.go.jp/28/index.php?action_kouhyou_detail_004_kani=true&JigyosyoCd=2870502248-00&ServiceCd=430&Type=search", "url2": "http://kzc.jp" }, "geometry": { "type": "Point", "coordinates": [ 135.169410800000037, 34.6756064 ] } },
{ "type": "Feature", "properties": { "内容": "ケアステーションSano(サーノ)居宅介護支援事業所【居宅介護支援】兵庫県神戸市兵庫区浜山通2丁目4-10", "url": "https://www.kaigokensaku.mhlw.go.jp/28/index.php?action_kouhyou_detail_004_kani=true&JigyosyoCd=2870502479-00&ServiceCd=430&Type=search", "url2": "http://www.myclinic.ne.jp/sakanoue/pc/" }, "geometry": { "type": "Point", "coordinates": [ 135.171619537434395, 34.657135799999857 ] } },
{ "type": "Feature", "properties": { "内容": "アーチ居宅介護支援事業所大開【居宅介護支援】兵庫県神戸市兵庫区大開通5-2-22", "url": "https://www.kaigokensaku.mhlw.go.jp/28/index.php?action_kouhyou_detail_004_kani=true&JigyosyoCd=2870502776-00&ServiceCd=430&Type=search", "url2": "https://cina.co.jp/care/#home-care-support-office" }, "geometry": { "type": "Point", "coordinates": [ 135.16535130922739, 34.672949020632394 ] } },
{ "type": "Feature", "properties": { "内容": "ケアステーションきらら神戸【居宅介護支援】兵庫県神戸市兵庫区上庄通３－２－１６", "url": "https://www.kaigokensaku.mhlw.go.jp/28/index.php?action_kouhyou_detail_004_kani=true&JigyosyoCd=2870503303-00&ServiceCd=430&Type=search", "url2": null }, "geometry": { "type": "Point", "coordinates": [ 135.175860599999965, 34.6573247 ] } },
{ "type": "Feature", "properties": { "内容": "サポートクラブゆう兵庫【居宅介護支援】兵庫県神戸市兵庫区水木通１０丁目2－15", "url": "https://www.kaigokensaku.mhlw.go.jp/28/index.php?action_kouhyou_detail_004_kani=true&JigyosyoCd=2870503683-00&ServiceCd=430&Type=search", "url2": "http://www.yuu.co.jp" }, "geometry": { "type": "Point", "coordinates": [ 135.1578935, 34.6697596 ] } },
{ "type": "Feature", "properties": { "内容": "西部ケアプランセンター【居宅介護支援】兵庫県神戸市兵庫区塚本通7丁目2番17号セントアベニュー兵庫　202号", "url": "https://www.kaigokensaku.mhlw.go.jp/28/index.php?action_kouhyou_detail_004_kani=true&JigyosyoCd=2870503709-00&ServiceCd=430&Type=search", "url2": null }, "geometry": { "type": "Point", "coordinates": [ 135.1628107, 34.6696955 ] } },
{ "type": "Feature", "properties": { "内容": "ナイスケア【居宅介護支援】神戸市兵庫区荒田町３丁目１４－７アルカディア大石１０３", "url": "https://www.kaigokensaku.mhlw.go.jp/28/index.php?action_kouhyou_detail_004_kani=true&JigyosyoCd=2870503907-00&ServiceCd=430&Type=search", "url2": null }, "geometry": { "type": "Point", "coordinates": [ 135.1688733, 34.6853302 ] } },
{ "type": "Feature", "properties": { "内容": "モーツァルトいのり【居宅介護支援】兵庫県神戸市兵庫区松原通2丁目1番17-1号", "url": "https://www.kaigokensaku.mhlw.go.jp/28/index.php?action_kouhyou_detail_004_kani=true&JigyosyoCd=2870503964-00&ServiceCd=430&Type=search", "url2": "http://www.kobe-mozart.jp/" }, "geometry": { "type": "Point", "coordinates": [ 135.1682112, 34.6642119 ] } },
{ "type": "Feature", "properties": { "内容": "ケアプランセンターとき【居宅介護支援】兵庫県神戸市兵庫区永沢町４丁目４番５号", "url": "https://www.kaigokensaku.mhlw.go.jp/28/index.php?action_kouhyou_detail_004_kani=true&JigyosyoCd=2870504137-00&ServiceCd=430&Type=search", "url2": null }, "geometry": { "type": "Point", "coordinates": [ 135.16950460000001, 34.6740244 ] } },
{ "type": "Feature", "properties": { "内容": "べんてんケアプランセンター【居宅介護支援】神戸市兵庫区湊川町８－１７－１０アベニュー夢野1階", "url": "https://www.kaigokensaku.mhlw.go.jp/28/index.php?action_kouhyou_detail_004_kani=true&JigyosyoCd=2870504210-00&ServiceCd=430&Type=search", "url2": null }, "geometry": { "type": "Point", "coordinates": [ 135.158058, 34.6832156 ] } },
{ "type": "Feature", "properties": { "内容": "真愛あらたホーム【居宅介護支援】神戸市兵庫区荒田町3丁目47-1あらたホーム1階", "url": "https://www.kaigokensaku.mhlw.go.jp/28/index.php?action_kouhyou_detail_004_kani=true&JigyosyoCd=2870503717-00&ServiceCd=430&Type=search", "url2": "http://www.shin-ai.biz" }, "geometry": { "type": "Point", "coordinates": [ 135.168350599999968, 34.6866359 ] } },
{ "type": "Feature", "properties": { "内容": "ぐっどケアプランセンター【居宅介護支援】兵庫県神戸市兵庫区東山町1丁目11-1-402シティフラット", "url": "https://www.kaigokensaku.mhlw.go.jp/28/index.php?action_kouhyou_detail_004_kani=true&JigyosyoCd=2870503832-00&ServiceCd=430&Type=search", "url2": null }, "geometry": { "type": "Point", "coordinates": [ 135.163958799999989, 34.6835041 ] } },
{ "type": "Feature", "properties": { "内容": "ぷらむケアプランニング【居宅介護支援】兵庫県神戸市兵庫区駅前通4-1-32", "url": "https://www.kaigokensaku.mhlw.go.jp/28/index.php?action_kouhyou_detail_004_kani=true&JigyosyoCd=2870503725-00&ServiceCd=430&Type=search", "url2": "http://www.unikaigo.jp" }, "geometry": { "type": "Point", "coordinates": [ 135.159033599999987, 34.666386 ] } },
{ "type": "Feature", "properties": { "内容": "居宅介護支援事業所ÉCLAT【居宅介護支援】兵庫県神戸市兵庫区下沢通7-2-2IMSビル3階", "url": "https://www.kaigokensaku.mhlw.go.jp/28/index.php?action_kouhyou_detail_004_kani=true&JigyosyoCd=2870504277-00&ServiceCd=430&Type=search", "url2": null }, "geometry": { "type": "Point", "coordinates": [ 135.1605261, 34.673971500000022 ] } },
{ "type": "Feature", "properties": { "内容": "ひょうごホームナーシング研究センター【居宅介護支援】神戸市兵庫区馬場町１７－９", "url": "https://www.kaigokensaku.mhlw.go.jp/28/index.php?action_kouhyou_detail_004_kani=true&JigyosyoCd=2870500192-00&ServiceCd=430&Type=search", "url2": "http://www.hyogo-homenursing.com/recruit.html" }, "geometry": { "type": "Point", "coordinates": [ 135.170316100000036, 34.6868608 ] } },
{ "type": "Feature", "properties": { "内容": "株式会社あいどる【居宅介護支援】兵庫県神戸市兵庫区荒田町4丁目7番25号パレスサントノーレ１F", "url": "https://www.kaigokensaku.mhlw.go.jp/28/index.php?action_kouhyou_detail_004_kani=true&JigyosyoCd=2870502164-00&ServiceCd=430&Type=search", "url2": null }, "geometry": { "type": "Point", "coordinates": [ 135.165808100000049, 34.6826611 ] } },
{ "type": "Feature", "properties": { "内容": "訪問看護ステーションいろは【居宅介護支援】兵庫県神戸市兵庫区駅南通3丁目4-32ケイアンドエスビル兵庫駅南2Ｆ", "url": "https://www.kaigokensaku.mhlw.go.jp/28/index.php?action_kouhyou_detail_004_kani=true&JigyosyoCd=2860590229-00&ServiceCd=430&Type=search", "url2": "https://kango168.com/" }, "geometry": { "type": "Point", "coordinates": [ 135.161772499999984, 34.6638684 ] } },
{ "type": "Feature", "properties": { "内容": "グリーンアップルPLANNING【居宅介護支援】兵庫県神戸市兵庫区上沢通7-1-2", "url": "https://www.kaigokensaku.mhlw.go.jp/28/index.php?action_kouhyou_detail_004_kani=true&JigyosyoCd=2870503204-00&ServiceCd=430&Type=search", "url2": "www.green-apple.jp" }, "geometry": { "type": "Point", "coordinates": [ 135.159909342327865, 34.674578488052518 ] } },
{ "type": "Feature", "properties": { "内容": "居宅介護支援事業箒星【居宅介護支援】兵庫県神戸市兵庫区西橘通1‐3‐10ハウス西橘通101号室", "url": "https://www.kaigokensaku.mhlw.go.jp/28/index.php?action_kouhyou_detail_004_kani=true&JigyosyoCd=2870503253-00&ServiceCd=430&Type=search", "url2": null }, "geometry": { "type": "Point", "coordinates": [ 135.172679900000077, 34.6788506 ] } },
{ "type": "Feature", "properties": { "内容": "ケアプランセンター十人十色神戸【居宅介護支援】浜崎通1-39インペリアル101", "url": "https://www.kaigokensaku.mhlw.go.jp/28/index.php?action_kouhyou_detail_004_kani=true&JigyosyoCd=2870504129-00&ServiceCd=430&Type=search", "url2": "https://toiro.care/" }, "geometry": { "type": "Point", "coordinates": [ 135.1681477, 34.6683844 ] } },
{ "type": "Feature", "properties": { "内容": "神戸市兵庫区大開通1-1-1-603【居宅介護支援】神戸市兵庫区大開通1-1-1神鉄ビル603", "url": "https://www.kaigokensaku.mhlw.go.jp/28/index.php?action_kouhyou_detail_004_kani=true&JigyosyoCd=2870504251-00&ServiceCd=430&Type=search", "url2": null }, "geometry": { "type": "Point", "coordinates": [ 135.1694858, 34.6756242 ] } },
{ "type": "Feature", "properties": { "内容": "在宅ケアサービスソラスト新長田【居宅介護支援】神戸市長田区松野通３丁目3-3キャッツビル101号室", "url": "https://www.kaigokensaku.mhlw.go.jp/28/index.php?action_kouhyou_detail_004_kani=true&JigyosyoCd=2870602816-00&ServiceCd=430&Type=search", "url2": "http://solasto-kaigo.com/" }, "geometry": { "type": "Point", "coordinates": [ 135.142279899999949, 34.6576771 ] } },
{ "type": "Feature", "properties": { "内容": "ケア21長田【居宅介護支援】神戸市長田区長田町5-3-6　神戸スカイタワーﾋﾞﾙ2Ｆ", "url": "https://www.kaigokensaku.mhlw.go.jp/28/index.php?action_kouhyou_detail_004_kani=true&JigyosyoCd=2870600885-00&ServiceCd=430&Type=search", "url2": null }, "geometry": { "type": "Point", "coordinates": [ 135.1463569, 34.6734145 ] } },
{ "type": "Feature", "properties": { "内容": "小谷ケアステーション【居宅介護支援】神戸市長田区大橋町４丁目３－５－３０３", "url": "https://www.kaigokensaku.mhlw.go.jp/28/index.php?action_kouhyou_detail_004_kani=true&JigyosyoCd=2870601149-00&ServiceCd=430&Type=search", "url2": "http://www.kotanicare.com/" }, "geometry": { "type": "Point", "coordinates": [ 135.1465452, 34.655564399999989 ] } },
{ "type": "Feature", "properties": { "内容": "ケア・ホワイト【居宅介護支援】兵庫県神戸市長田区久保町5-1-1アスタくにづか3番館206", "url": "https://www.kaigokensaku.mhlw.go.jp/28/index.php?action_kouhyou_detail_004_kani=true&JigyosyoCd=2870602782-00&ServiceCd=430&Type=search", "url2": "https://www.carewhite.co" }, "geometry": { "type": "Point", "coordinates": [ 135.147445873710666, 34.653675875049736 ] } },
{ "type": "Feature", "properties": { "内容": "特定非営利活動法人リーフグリーン【居宅介護支援】兵庫県神戸市長田区海運町3-3-8たかとりコミュニテイセンター内", "url": "https://www.kaigokensaku.mhlw.go.jp/28/index.php?action_kouhyou_detail_004_kani=true&JigyosyoCd=2870601230-00&ServiceCd=430&Type=search", "url2": "http://tcc117.jp/leaf/" }, "geometry": { "type": "Point", "coordinates": [ 135.138358199999971, 34.6513332 ] } },
{ "type": "Feature", "properties": { "内容": "ケアマネジメント＊シエル【居宅介護支援】松野通1-10-7徳原ビル5F", "url": "https://www.kaigokensaku.mhlw.go.jp/28/index.php?action_kouhyou_detail_004_kani=true&JigyosyoCd=2870603921-00&ServiceCd=430&Type=search", "url2": "ciel-3123.com" }, "geometry": { "type": "Point", "coordinates": [ 135.143327, 34.6586764 ] } },
{ "type": "Feature", "properties": { "内容": "けあさぽーとマリンえがおの窓口【居宅介護支援】神戸市長田区北町2-38-1", "url": "https://www.kaigokensaku.mhlw.go.jp/28/index.php?action_kouhyou_detail_004_kani=true&JigyosyoCd=2870601271-00&ServiceCd=430&Type=search", "url2": null }, "geometry": { "type": "Point", "coordinates": [ 135.152243988360624, 34.666553124213038 ] } },
{ "type": "Feature", "properties": { "内容": "高齢者ケアセンターながた【居宅介護支援】神戸市長田区北町3丁目3番地", "url": "https://www.kaigokensaku.mhlw.go.jp/28/index.php?action_kouhyou_detail_004_kani=true&JigyosyoCd=2870600042-00&ServiceCd=430&Type=search", "url2": "http://www.kobe-fukuseikai.com/html/03top.html" }, "geometry": { "type": "Point", "coordinates": [ 135.151717700000063, 34.6654708 ] } },
{ "type": "Feature", "properties": { "内容": "高齢者生協ケアステーションながた【居宅介護支援】神戸市長田区大橋町9丁目4番6号大橋西ビル1F", "url": "https://www.kaigokensaku.mhlw.go.jp/28/index.php?action_kouhyou_detail_004_kani=true&JigyosyoCd=2870600075-00&ServiceCd=430&Type=search", "url2": "http://kourei-h.org/" }, "geometry": { "type": "Point", "coordinates": [ 135.1415968, 34.6526331 ] } },
{ "type": "Feature", "properties": { "内容": "社会福祉法人駒どり　デイサービスセンターいたやど【居宅介護支援】神戸市長田区庄山町2丁目1番5号", "url": "https://www.kaigokensaku.mhlw.go.jp/28/index.php?action_kouhyou_detail_004_kani=true&JigyosyoCd=2870600083-00&ServiceCd=430&Type=search", "url2": "itayadokyotaku@komadory.com" }, "geometry": { "type": "Point", "coordinates": [ 135.136444100000062, 34.6626378 ] } },
{ "type": "Feature", "properties": { "内容": "ケアプランセンター故郷の家・神戸【居宅介護支援】神戸市長田区東尻池町7-4-21", "url": "https://www.kaigokensaku.mhlw.go.jp/28/index.php?action_kouhyou_detail_004_kani=true&JigyosyoCd=2870600356-00&ServiceCd=430&Type=search", "url2": "http://www.kokorono.or.jp" }, "geometry": { "type": "Point", "coordinates": [ 135.157037, 34.6558078 ] } },
{ "type": "Feature", "properties": { "内容": "ふれあいホーム【居宅介護支援】兵庫県神戸市長田区三番町１丁目４－１ふれあいホーム", "url": "https://www.kaigokensaku.mhlw.go.jp/28/index.php?action_kouhyou_detail_004_kani=true&JigyosyoCd=2870600398-00&ServiceCd=430&Type=search", "url2": "https://www.kobe-salvia.or.jp/" }, "geometry": { "type": "Point", "coordinates": [ 135.15772290000001, 34.6701524 ] } },
{ "type": "Feature", "properties": { "内容": "菱谷接骨院【居宅介護支援】神戸市長田区四番町８丁目１", "url": "https://www.kaigokensaku.mhlw.go.jp/28/index.php?action_kouhyou_detail_004_kani=true&JigyosyoCd=2870601073-00&ServiceCd=430&Type=search", "url2": null }, "geometry": { "type": "Point", "coordinates": [ 135.150889089549281, 34.667759495319615 ] } },
{ "type": "Feature", "properties": { "内容": "株式会社ソフトケア【居宅介護支援】兵庫県神戸市長田区二葉町６丁目７番１-２０３アスタくにづか６番館北棟", "url": "https://www.kaigokensaku.mhlw.go.jp/28/index.php?action_kouhyou_detail_004_kani=true&JigyosyoCd=2870601560-00&ServiceCd=430&Type=search", "url2": null }, "geometry": { "type": "Point", "coordinates": [ 135.147487361376989, 34.652588989954651 ] } },
{ "type": "Feature", "properties": { "内容": "たくと【居宅介護支援】神戸市長田区大塚町６丁目１－１池内ビル１F", "url": "https://www.kaigokensaku.mhlw.go.jp/28/index.php?action_kouhyou_detail_004_kani=true&JigyosyoCd=2870601610-00&ServiceCd=430&Type=search", "url2": "http://enpitsunoie.com" }, "geometry": { "type": "Point", "coordinates": [ 135.146971406082116, 34.673962366830011 ] } },
{ "type": "Feature", "properties": { "内容": "SOMPOケア　神戸　居宅介護支援【居宅介護支援】大橋町4-1-10そんぽの家S神戸新長田　２階", "url": "https://www.kaigokensaku.mhlw.go.jp/28/index.php?action_kouhyou_detail_004_kani=true&JigyosyoCd=2870601834-00&ServiceCd=430&Type=search", "url2": "https://www.sompocare.com" }, "geometry": { "type": "Point", "coordinates": [ 135.147018399999979, 34.65588 ] } },
{ "type": "Feature", "properties": { "内容": "ハナ介護サービス【居宅介護支援】神戸市長田区若松町４－４－１０　アスタクエスタ北棟５０２", "url": "https://www.kaigokensaku.mhlw.go.jp/28/index.php?action_kouhyou_detail_004_kani=true&JigyosyoCd=2870601909-00&ServiceCd=430&Type=search", "url2": "https://social-b.net/kfc/" }, "geometry": { "type": "Point", "coordinates": [ 135.145754600000032, 34.6563161 ] } },
{ "type": "Feature", "properties": { "内容": "介護支援センター七福神【居宅介護支援】兵庫県神戸市長田区上池田４丁目５番９号", "url": "https://www.kaigokensaku.mhlw.go.jp/28/index.php?action_kouhyou_detail_004_kani=true&JigyosyoCd=2870602089-00&ServiceCd=430&Type=search", "url2": null }, "geometry": { "type": "Point", "coordinates": [ 135.140279700000065, 34.6702482 ] } },
{ "type": "Feature", "properties": { "内容": "神戸大山ケアプランセンター【居宅介護支援】兵庫県神戸市長田区三番町２丁目２番１５", "url": "https://www.kaigokensaku.mhlw.go.jp/28/index.php?action_kouhyou_detail_004_kani=true&JigyosyoCd=2870602733-00&ServiceCd=430&Type=search", "url2": "http://seihoukai.com/yuko_care/" }, "geometry": { "type": "Point", "coordinates": [ 135.156919278326399, 34.670049721968731 ] } },
{ "type": "Feature", "properties": { "内容": "居宅介護支援事業所　つながり【居宅介護支援】兵庫県神戸市長田区久保町3丁目9-7", "url": "https://www.kaigokensaku.mhlw.go.jp/28/index.php?action_kouhyou_detail_004_kani=true&JigyosyoCd=2870602907-00&ServiceCd=430&Type=search", "url2": "http://juuzenkai-group.or.jp" }, "geometry": { "type": "Point", "coordinates": [ 135.148738037434441, 34.654694 ] } },
{ "type": "Feature", "properties": { "内容": "居宅介護支援事業所かりん【居宅介護支援】兵庫県長田区御蔵通7丁目36", "url": "https://www.kaigokensaku.mhlw.go.jp/28/index.php?action_kouhyou_detail_004_kani=true&JigyosyoCd=2870602915-00&ServiceCd=430&Type=search", "url2": null }, "geometry": { "type": "Point", "coordinates": [ 135.151551276430041, 34.664509933419112 ] } },
{ "type": "Feature", "properties": { "内容": "適寿えがおの窓口【居宅介護支援】神戸市長田区丸山町2丁目2-13ＡＭＫビル1Ｆ", "url": "https://www.kaigokensaku.mhlw.go.jp/28/index.php?action_kouhyou_detail_004_kani=true&JigyosyoCd=2870603046-00&ServiceCd=430&Type=search", "url2": "http://www.tekiju.com" }, "geometry": { "type": "Point", "coordinates": [ 135.141185, 34.683669 ] } },
{ "type": "Feature", "properties": { "内容": "池田宮川居宅介護支援事業所【居宅介護支援】兵庫県神戸市長田区宮丘町1丁目3-11高齢者ケアセンターながたサテライト宮丘1階", "url": "https://www.kaigokensaku.mhlw.go.jp/28/index.php?action_kouhyou_detail_004_kani=true&JigyosyoCd=2870603178-00&ServiceCd=430&Type=search", "url2": null }, "geometry": { "type": "Point", "coordinates": [ 135.140500744733544, 34.67219716885274 ] } },
{ "type": "Feature", "properties": { "内容": "本町まちづくり工房【居宅介護支援】兵庫県神戸市長田区駒ケ林町3-14-8", "url": "https://www.kaigokensaku.mhlw.go.jp/28/index.php?action_kouhyou_detail_004_kani=true&JigyosyoCd=2870603251-00&ServiceCd=430&Type=search", "url2": "https://happy-osekkai.com/" }, "geometry": { "type": "Point", "coordinates": [ 135.150493099999977, 34.6542246 ] } },
{ "type": "Feature", "properties": { "内容": "愛和ケアサービス【居宅介護支援】兵庫県神戸市長田区神楽町４丁目6-10-102", "url": "https://www.kaigokensaku.mhlw.go.jp/28/index.php?action_kouhyou_detail_004_kani=true&JigyosyoCd=2870603269-00&ServiceCd=430&Type=search", "url2": null }, "geometry": { "type": "Point", "coordinates": [ 135.1474771, 34.6601697 ] } },
{ "type": "Feature", "properties": { "内容": "トラストミーえがおの窓口【居宅介護支援】神戸市長田区片山町2丁目6-25", "url": "https://www.kaigokensaku.mhlw.go.jp/28/index.php?action_kouhyou_detail_004_kani=true&JigyosyoCd=2870603384-00&ServiceCd=430&Type=search", "url2": null }, "geometry": { "type": "Point", "coordinates": [ 135.1485917, 34.6731678 ] } },
{ "type": "Feature", "properties": { "内容": "みどり介護支援センター長田【居宅介護支援】神戸市長田区房王寺町6丁目2番13号長田みどり苑", "url": "https://www.kaigokensaku.mhlw.go.jp/28/index.php?action_kouhyou_detail_004_kani=true&JigyosyoCd=2870603665-00&ServiceCd=430&Type=search", "url2": "http://www.sendankai.or.jp/" }, "geometry": { "type": "Point", "coordinates": [ 135.149974930688472, 34.683007629427941 ] } },
{ "type": "Feature", "properties": { "内容": "介護センターきょうどう【居宅介護支援】兵庫県神戸市長田区腕塚町2丁目1番15号", "url": "https://www.kaigokensaku.mhlw.go.jp/28/index.php?action_kouhyou_detail_004_kani=true&JigyosyoCd=2870603798-00&ServiceCd=430&Type=search", "url2": null }, "geometry": { "type": "Point", "coordinates": [ 135.1491399, 34.6560795 ] } },
{ "type": "Feature", "properties": { "内容": "mikyケアプラン【居宅介護支援】神戸市長田区西尻池町1-3-18-2Ｆ", "url": "https://www.kaigokensaku.mhlw.go.jp/28/index.php?action_kouhyou_detail_004_kani=true&JigyosyoCd=2870603988-00&ServiceCd=430&Type=search", "url2": null }, "geometry": { "type": "Point", "coordinates": [ 135.14918560000001, 34.6589829 ] } },
{ "type": "Feature", "properties": { "内容": "神戸まどか園居宅介護支援事業所【居宅介護支援】兵庫県神戸市長田区大丸町1丁目5番1号", "url": "https://www.kaigokensaku.mhlw.go.jp/28/index.php?action_kouhyou_detail_004_kani=true&JigyosyoCd=2870603608-00&ServiceCd=430&Type=search", "url2": "https://www.shoukyu.or.jp" }, "geometry": { "type": "Point", "coordinates": [ 135.1507662, 34.6764472 ] } },
{ "type": "Feature", "properties": { "内容": "さるびあケアプランセンター【居宅介護支援】兵庫県神戸市長田区若松町4丁目2-15ピフレ新長田2階", "url": "https://www.kaigokensaku.mhlw.go.jp/28/index.php?action_kouhyou_detail_004_kani=true&JigyosyoCd=2870600109-00&ServiceCd=430&Type=search", "url2": "http://www.with-kobe.or.jp" }, "geometry": { "type": "Point", "coordinates": [ 135.145795413713472, 34.656771552448085 ] } },
{ "type": "Feature", "properties": { "内容": "特別養護老人ホーム長田すみれ園【居宅介護支援】神戸市長田区雲雀ヶ丘１丁目１番３号", "url": "https://www.kaigokensaku.mhlw.go.jp/28/index.php?action_kouhyou_detail_004_kani=true&JigyosyoCd=2870600133-00&ServiceCd=430&Type=search", "url2": "http://www.sumire.or.jp/" }, "geometry": { "type": "Point", "coordinates": [ 135.13483123130473, 34.690751215814501 ] } },
{ "type": "Feature", "properties": { "内容": "まどか居宅支援センター【居宅介護支援】神戸市長田区二葉町3丁目１ー１０", "url": "https://www.kaigokensaku.mhlw.go.jp/28/index.php?action_kouhyou_detail_004_kani=true&JigyosyoCd=2870601370-00&ServiceCd=430&Type=search", "url2": null }, "geometry": { "type": "Point", "coordinates": [ 135.150828888257479, 34.654840915798339 ] } },
{ "type": "Feature", "properties": { "内容": "居宅介護支援事業所　けんと【居宅介護支援】松野通1丁目５－１６国際ビル203号", "url": "https://www.kaigokensaku.mhlw.go.jp/28/index.php?action_kouhyou_detail_004_kani=true&JigyosyoCd=2870602139-00&ServiceCd=430&Type=search", "url2": null }, "geometry": { "type": "Point", "coordinates": [ 135.144043600000032, 34.6581104 ] } },
{ "type": "Feature", "properties": { "内容": "長田愛の園居宅介護支援センター【居宅介護支援】神戸市長田区大塚町5丁目1番7号", "url": "https://www.kaigokensaku.mhlw.go.jp/28/index.php?action_kouhyou_detail_004_kani=true&JigyosyoCd=2870600117-00&ServiceCd=430&Type=search", "url2": "http://www.ainosono.jp" }, "geometry": { "type": "Point", "coordinates": [ 135.1471957, 34.6731979 ] } },
{ "type": "Feature", "properties": { "内容": "介護相談室　ふたば【居宅介護支援】神戸市長田区二葉町5丁目1-1アスタ5番館114", "url": "https://www.kaigokensaku.mhlw.go.jp/28/index.php?action_kouhyou_detail_004_kani=true&JigyosyoCd=2870600976-00&ServiceCd=430&Type=search", "url2": "http://komadory.com" }, "geometry": { "type": "Point", "coordinates": [ 135.147909454492151, 34.652496184317116 ] } },
{ "type": "Feature", "properties": { "内容": "カモメ居宅介護支援事業所【居宅介護支援】兵庫県神戸市須磨区妙法寺円満林22-2-301", "url": "https://www.kaigokensaku.mhlw.go.jp/28/index.php?action_kouhyou_detail_004_kani=true&JigyosyoCd=2870703366-00&ServiceCd=430&Type=search", "url2": null }, "geometry": { "type": "Point", "coordinates": [ 135.119935700000013, 34.6730555 ] } },
{ "type": "Feature", "properties": { "内容": "ケアプランセンター南落合【居宅介護支援】南落合1-14-17", "url": "https://www.kaigokensaku.mhlw.go.jp/28/index.php?action_kouhyou_detail_004_kani=true&JigyosyoCd=2870702376-00&ServiceCd=430&Type=search", "url2": null }, "geometry": { "type": "Point", "coordinates": [ 135.100892400000021, 34.6739346 ] } },
{ "type": "Feature", "properties": { "内容": "ケアスペース　ひだまり【居宅介護支援】兵庫県神戸市須磨区磯馴町３丁目2-13コーポラス栄里1階", "url": "https://www.kaigokensaku.mhlw.go.jp/28/index.php?action_kouhyou_detail_004_kani=true&JigyosyoCd=2870701485-00&ServiceCd=430&Type=search", "url2": null }, "geometry": { "type": "Point", "coordinates": [ 135.128505200000063, 34.647141 ] } },
{ "type": "Feature", "properties": { "内容": "アイスブループランニング【居宅介護支援】南落合1丁目9番26号", "url": "https://www.kaigokensaku.mhlw.go.jp/28/index.php?action_kouhyou_detail_004_kani=true&JigyosyoCd=2870703333-00&ServiceCd=430&Type=search", "url2": null }, "geometry": { "type": "Point", "coordinates": [ 135.101946700000013, 34.6719611 ] } },
{ "type": "Feature", "properties": { "内容": "居宅介護支援事業所レイシャスレーベンすばる【居宅介護支援】兵庫県神戸市須磨区大田町３丁目２－７", "url": "https://www.kaigokensaku.mhlw.go.jp/28/index.php?action_kouhyou_detail_004_kani=true&JigyosyoCd=2870703689-00&ServiceCd=430&Type=search", "url2": null }, "geometry": { "type": "Point", "coordinates": [ 135.1355011, 34.6573041 ] } },
{ "type": "Feature", "properties": { "内容": "北須磨訪問看護・リハビリセンター【居宅介護支援】神戸市須磨区多井畑字地獄谷12-2CNCビル203号", "url": "https://www.kaigokensaku.mhlw.go.jp/28/index.php?action_kouhyou_detail_004_kani=true&JigyosyoCd=2860790084-00&ServiceCd=430&Type=search", "url2": "http://www.kitasuma-homonkango.com" }, "geometry": { "type": "Point", "coordinates": [ 135.103737350931851, 34.669628775935379 ] } },
{ "type": "Feature", "properties": { "内容": "居宅介護支援事業所友が丘YUAI【居宅介護支援】神戸市須磨区友が丘5丁目5-191", "url": "https://www.kaigokensaku.mhlw.go.jp/28/index.php?action_kouhyou_detail_004_kani=true&JigyosyoCd=2870700024-00&ServiceCd=430&Type=search", "url2": "http://www.kitasumahoiku-center.or.jp/yuai/" }, "geometry": { "type": "Point", "coordinates": [ 135.089636, 34.6696297 ] } },
{ "type": "Feature", "properties": { "内容": "あいハート須磨【居宅介護支援】神戸市須磨区松風町４丁目2-26", "url": "https://www.kaigokensaku.mhlw.go.jp/28/index.php?action_kouhyou_detail_004_kani=true&JigyosyoCd=2870700040-00&ServiceCd=430&Type=search", "url2": "http://www.ai-heart-suma.or.jp" }, "geometry": { "type": "Point", "coordinates": [ 135.1267593, 34.6482168 ] } },
{ "type": "Feature", "properties": { "内容": "名谷愛の園居宅介護支援センター【居宅介護支援】神戸市須磨区北落合1丁目4番36号白川ｺｰﾎﾟ214", "url": "https://www.kaigokensaku.mhlw.go.jp/28/index.php?action_kouhyou_detail_004_kani=true&JigyosyoCd=2870700057-00&ServiceCd=430&Type=search", "url2": "http://www.ainosono.jp" }, "geometry": { "type": "Point", "coordinates": [ 135.094684768856069, 34.68658166692822 ] } },
{ "type": "Feature", "properties": { "内容": "神港園白川ケアプランセンター【居宅介護支援】神戸市須磨区白川台１丁目３４－３", "url": "https://www.kaigokensaku.mhlw.go.jp/28/index.php?action_kouhyou_detail_004_kani=true&JigyosyoCd=2870700164-00&ServiceCd=430&Type=search", "url2": "https://www.shinkouen.or.jp/shisetsu/shirakawa.html" }, "geometry": { "type": "Point", "coordinates": [ 135.095093989549241, 34.690080768049555 ] } },
{ "type": "Feature", "properties": { "内容": "離宮西町居宅介護支援事業所【居宅介護支援】神戸市須磨区離宮西町２丁目２番３号", "url": "https://www.kaigokensaku.mhlw.go.jp/28/index.php?action_kouhyou_detail_004_kani=true&JigyosyoCd=2870700297-00&ServiceCd=430&Type=search", "url2": "http://www.rikyu-s.jp　　メールアドレスrikyu-k@vesta.ocn.ne.jp" }, "geometry": { "type": "Point", "coordinates": [ 135.1160463, 34.6520025 ] } },
{ "type": "Feature", "properties": { "内容": "ライフパートナー【居宅介護支援】兵庫県神戸市須磨区平田町1丁目3番1号", "url": "https://www.kaigokensaku.mhlw.go.jp/28/index.php?action_kouhyou_detail_004_kani=true&JigyosyoCd=2870700701-00&ServiceCd=430&Type=search", "url2": "http://www.life-pt.com" }, "geometry": { "type": "Point", "coordinates": [ 135.135394809262152, 34.661109962648645 ] } },
{ "type": "Feature", "properties": { "内容": "須磨シニアケアプランセンター【居宅介護支援】神戸市須磨区外浜町３－３－１８", "url": "https://www.kaigokensaku.mhlw.go.jp/28/index.php?action_kouhyou_detail_004_kani=true&JigyosyoCd=2870701345-00&ServiceCd=430&Type=search", "url2": "https://www.yoneda-hospital.com/suma/" }, "geometry": { "type": "Point", "coordinates": [ 135.1352726, 34.6431617 ] } },
{ "type": "Feature", "properties": { "内容": "すいーとぴー須磨【居宅介護支援】神戸市須磨区磯馴町２－３－22ハイツ須磨205", "url": "https://www.kaigokensaku.mhlw.go.jp/28/index.php?action_kouhyou_detail_004_kani=true&JigyosyoCd=2870701444-00&ServiceCd=430&Type=search", "url2": null }, "geometry": { "type": "Point", "coordinates": [ 135.130089600000019, 34.648150199999989 ] } },
{ "type": "Feature", "properties": { "内容": "白川台介護相談室【居宅介護支援】神戸市須磨区白川台3丁目63-1白川台会館", "url": "https://www.kaigokensaku.mhlw.go.jp/28/index.php?action_kouhyou_detail_004_kani=true&JigyosyoCd=2870701493-00&ServiceCd=430&Type=search", "url2": "kaigo-shirakawadai@komadory.com" }, "geometry": { "type": "Point", "coordinates": [ 135.100424699999962, 34.6899983 ] } },
{ "type": "Feature", "properties": { "内容": "あいケアセンター神戸【居宅介護支援】兵庫県神戸市須磨区大黒町３丁目１－４ハイツ板宿１F", "url": "https://www.kaigokensaku.mhlw.go.jp/28/index.php?action_kouhyou_detail_004_kani=true&JigyosyoCd=2870701618-00&ServiceCd=430&Type=search", "url2": "http://www.lives-ltd.jp" }, "geometry": { "type": "Point", "coordinates": [ 135.134709302238463, 34.659053844491311 ] } },
{ "type": "Feature", "properties": { "内容": "セントケア須磨【居宅介護支援】神戸市須磨区菅の台6丁目25土池サブセンター内", "url": "https://www.kaigokensaku.mhlw.go.jp/28/index.php?action_kouhyou_detail_004_kani=true&JigyosyoCd=2870701824-00&ServiceCd=430&Type=search", "url2": "http://ｗｗｗ.saint-care.com" }, "geometry": { "type": "Point", "coordinates": [ 135.082065092590369, 34.668166240454418 ] } },
{ "type": "Feature", "properties": { "内容": "すまいる厚生会　神戸西事業所【居宅介護支援】神戸市須磨区南落合３丁目４－２７", "url": "https://www.kaigokensaku.mhlw.go.jp/28/index.php?action_kouhyou_detail_004_kani=true&JigyosyoCd=2870701840-00&ServiceCd=430&Type=search", "url2": "http://www.smile-kouseikai.com/index.html" }, "geometry": { "type": "Point", "coordinates": [ 135.101638699999967, 34.67528870000001 ] } },
{ "type": "Feature", "properties": { "内容": "MEINHAUSケアプラン【居宅介護支援】大手町6丁目2-11MEINHAUSVilla", "url": "https://www.kaigokensaku.mhlw.go.jp/28/index.php?action_kouhyou_detail_004_kani=true&JigyosyoCd=2870701931-00&ServiceCd=430&Type=search", "url2": "http://meinhaus1001.com" }, "geometry": { "type": "Point", "coordinates": [ 135.129101434411837, 34.659469531548183 ] } },
{ "type": "Feature", "properties": { "内容": "妙法寺愛の園居宅介護支援センター【居宅介護支援】妙法寺字辻298", "url": "https://www.kaigokensaku.mhlw.go.jp/28/index.php?action_kouhyou_detail_004_kani=true&JigyosyoCd=2870701949-00&ServiceCd=430&Type=search", "url2": "http://ainosono.jp/" }, "geometry": { "type": "Point", "coordinates": [ 135.108771253246687, 34.675303205640674 ] } },
{ "type": "Feature", "properties": { "内容": "宙カミーノ介護支援センター【居宅介護支援】神戸市須磨区神の谷5-2-2", "url": "https://www.kaigokensaku.mhlw.go.jp/28/index.php?action_kouhyou_detail_004_kani=true&JigyosyoCd=2870702087-00&ServiceCd=430&Type=search", "url2": "http://soracamino.com/" }, "geometry": { "type": "Point", "coordinates": [ 135.084762400000045, 34.6892315 ] } },
{ "type": "Feature", "properties": { "内容": "KOBE須磨きらくえん居宅介護支援事業所【居宅介護支援】兵庫県神戸市須磨区妙法寺字菅ノ池3-1", "url": "https://www.kaigokensaku.mhlw.go.jp/28/index.php?action_kouhyou_detail_004_kani=true&JigyosyoCd=2870702269-00&ServiceCd=430&Type=search", "url2": "http://www.kirakuen.or.jp/" }, "geometry": { "type": "Point", "coordinates": [ 135.109444657761173, 34.681393721115882 ] } },
{ "type": "Feature", "properties": { "内容": "株式会社　たから介護サービス【居宅介護支援】白川台1－33－8", "url": "https://www.kaigokensaku.mhlw.go.jp/28/index.php?action_kouhyou_detail_004_kani=true&JigyosyoCd=2870702335-00&ServiceCd=430&Type=search", "url2": null }, "geometry": { "type": "Point", "coordinates": [ 135.095941900000071, 34.6905871 ] } },
{ "type": "Feature", "properties": { "内容": "もみじ訪問看護ステーション【居宅介護支援】兵庫県神戸市須磨区磯馴町4丁目1-6", "url": "https://www.kaigokensaku.mhlw.go.jp/28/index.php?action_kouhyou_detail_004_kani=true&JigyosyoCd=2870702400-00&ServiceCd=430&Type=search", "url2": "https://momiji-suma.com/" }, "geometry": { "type": "Point", "coordinates": [ 135.128635512828026, 34.646183846679563 ] } },
{ "type": "Feature", "properties": { "内容": "居宅介護支援事業所すまぁと【居宅介護支援】兵庫県神戸市須磨区多井畑東町6番地1", "url": "https://www.kaigokensaku.mhlw.go.jp/28/index.php?action_kouhyou_detail_004_kani=true&JigyosyoCd=2870702772-00&ServiceCd=430&Type=search", "url2": "http://www.smart-kobe.com" }, "geometry": { "type": "Point", "coordinates": [ 135.102455400000053, 34.666720199999979 ] } },
{ "type": "Feature", "properties": { "内容": "東須磨ケアプランセンター【居宅介護支援】神戸市須磨区宝田町3-1-12", "url": "https://www.kaigokensaku.mhlw.go.jp/28/index.php?action_kouhyou_detail_004_kani=true&JigyosyoCd=2870702954-00&ServiceCd=430&Type=search", "url2": null }, "geometry": { "type": "Point", "coordinates": [ 135.13123109999998, 34.662740700000015 ] } },
{ "type": "Feature", "properties": { "内容": "ケアプランセンター汐風【居宅介護支援】兵庫県神戸市須磨区須磨浦通5丁目４番２０号", "url": "https://www.kaigokensaku.mhlw.go.jp/28/index.php?action_kouhyou_detail_004_kani=true&JigyosyoCd=2870703184-00&ServiceCd=430&Type=search", "url2": null }, "geometry": { "type": "Point", "coordinates": [ 135.11041739999996, 34.6423425 ] } },
{ "type": "Feature", "properties": { "内容": "R-oneプラン　リハ・リハ【居宅介護支援】兵庫県神戸市高倉台2丁目2-1号", "url": "https://www.kaigokensaku.mhlw.go.jp/28/index.php?action_kouhyou_detail_004_kani=true&JigyosyoCd=2870703218-00&ServiceCd=430&Type=search", "url2": "http://www.reha-reha.jp" }, "geometry": { "type": "Point", "coordinates": [ 135.1107892522123, 34.654450818763245 ] } },
{ "type": "Feature", "properties": { "内容": "ケアマネステーションわたぼうし【居宅介護支援】神戸市須磨区妙法寺字藪中1242　２F", "url": "https://www.kaigokensaku.mhlw.go.jp/28/index.php?action_kouhyou_detail_004_kani=true&JigyosyoCd=2870703416-00&ServiceCd=430&Type=search", "url2": "https://www.hayashiyama.jp/wataboushi-home" }, "geometry": { "type": "Point", "coordinates": [ 135.1300728, 34.6811905 ] } },
{ "type": "Feature", "properties": { "内容": "クリオケアプランニング須磨【居宅介護支援】兵庫県神戸市須磨区北落合1丁目1-4白川コーポレーションビル206B号", "url": "https://www.kaigokensaku.mhlw.go.jp/28/index.php?action_kouhyou_detail_004_kani=true&JigyosyoCd=2870703515-00&ServiceCd=430&Type=search", "url2": "https://kuriokango.jp/" }, "geometry": { "type": "Point", "coordinates": [ 135.0946645, 34.6867871 ] } },
{ "type": "Feature", "properties": { "内容": "りょうがケアプランセンター【居宅介護支援】兵庫県神戸市須磨区権現町3-6-4東須磨プラザ205号", "url": "https://www.kaigokensaku.mhlw.go.jp/28/index.php?action_kouhyou_detail_004_kani=true&JigyosyoCd=2870703630-00&ServiceCd=430&Type=search", "url2": "https://www.sankei-kai.jp/" }, "geometry": { "type": "Point", "coordinates": [ 135.128735472338832, 34.655886739439801 ] } },
{ "type": "Feature", "properties": { "内容": "オラージュ須磨ケアプランセンター【居宅介護支援】兵庫県神戸市須磨区若草町3-622-11", "url": "https://www.kaigokensaku.mhlw.go.jp/28/index.php?action_kouhyou_detail_004_kani=true&JigyosyoCd=2870702939-00&ServiceCd=430&Type=search", "url2": "https://i-souseikai.jp/" }, "geometry": { "type": "Point", "coordinates": [ 135.115473419712828, 34.692075170650511 ] } },
{ "type": "Feature", "properties": { "内容": "ケアプランセンター結【居宅介護支援】兵庫県神戸市須磨区衣掛町5-3-9クレアドルⅡ　802号", "url": "https://www.kaigokensaku.mhlw.go.jp/28/index.php?action_kouhyou_detail_004_kani=true&JigyosyoCd=2870703580-00&ServiceCd=430&Type=search", "url2": null }, "geometry": { "type": "Point", "coordinates": [ 135.126949200000013, 34.644799 ] } },
{ "type": "Feature", "properties": { "内容": "板宿ケアプランセンター【居宅介護支援】神戸市須磨区飛松町２－５－１１", "url": "https://www.kaigokensaku.mhlw.go.jp/28/index.php?action_kouhyou_detail_004_kani=true&JigyosyoCd=2870700545-00&ServiceCd=430&Type=search", "url2": null }, "geometry": { "type": "Point", "coordinates": [ 135.133565316734803, 34.661854604716034 ] } },
{ "type": "Feature", "properties": { "内容": "居宅介護支援事業所　リエゾン【居宅介護支援】神戸市須磨区妙法寺字樫原２－１", "url": "https://www.kaigokensaku.mhlw.go.jp/28/index.php?action_kouhyou_detail_004_kani=true&JigyosyoCd=2870701923-00&ServiceCd=430&Type=search", "url2": "https://shouzenkai.or.jp" }, "geometry": { "type": "Point", "coordinates": [ 135.1230812, 34.6711397 ] } },
{ "type": "Feature", "properties": { "内容": "有限会社コスモサービス【居宅介護支援】神戸市須磨区妙法寺字地子田１０３５－２", "url": "https://www.kaigokensaku.mhlw.go.jp/28/index.php?action_kouhyou_detail_004_kani=true&JigyosyoCd=2870700479-00&ServiceCd=430&Type=search", "url2": "http://suma-cosmo．com/" }, "geometry": { "type": "Point", "coordinates": [ 135.121478300000035, 34.6798803 ] } },
{ "type": "Feature", "properties": { "内容": "イングケアプランセンター【居宅介護支援】戎町３丁目1-8グランディアルネ201号室", "url": "https://www.kaigokensaku.mhlw.go.jp/28/index.php?action_kouhyou_detail_004_kani=true&JigyosyoCd=2870703143-00&ServiceCd=430&Type=search", "url2": null }, "geometry": { "type": "Point", "coordinates": [ 135.135171093254058, 34.658023 ] } },
{ "type": "Feature", "properties": { "内容": "ブレインソーシャルサービス【居宅介護支援】兵庫県神戸市須磨区妙法寺字円満林22-2-308", "url": "https://www.kaigokensaku.mhlw.go.jp/28/index.php?action_kouhyou_detail_004_kani=true&JigyosyoCd=2870703762-00&ServiceCd=430&Type=search", "url2": null }, "geometry": { "type": "Point", "coordinates": [ 135.119956699999989, 34.6730608 ] } },
{ "type": "Feature", "properties": { "内容": "介護老人保健施設　すみれ苑【居宅介護支援】神戸市須磨区東白川台２丁目１２－１", "url": "https://www.kaigokensaku.mhlw.go.jp/28/index.php?action_kouhyou_detail_004_kani=true&JigyosyoCd=2850780038-00&ServiceCd=430&Type=search", "url2": "http://www.sumire.or.jp/sumire-en" }, "geometry": { "type": "Point", "coordinates": [ 135.104260397483785, 34.691990373474226 ] } },
{ "type": "Feature", "properties": { "内容": "こすもすケアプランセンター【居宅介護支援】神戸市須磨区太田町７丁目３－１５須磨在宅福祉センター", "url": "https://www.kaigokensaku.mhlw.go.jp/28/index.php?action_kouhyou_detail_004_kani=true&JigyosyoCd=2870700065-00&ServiceCd=430&Type=search", "url2": "http://www.with-kobe.or.jp" }, "geometry": { "type": "Point", "coordinates": [ 135.1317199, 34.6543667 ] } },
{ "type": "Feature", "properties": { "内容": "ハート介護サービス須磨【居宅介護支援】神戸市須磨区前池町２－１－１２ゼフィール板宿102", "url": "https://www.kaigokensaku.mhlw.go.jp/28/index.php?action_kouhyou_detail_004_kani=true&JigyosyoCd=2870700727-00&ServiceCd=430&Type=search", "url2": "http://www.media-web.co.jp/heart/" }, "geometry": { "type": "Point", "coordinates": [ 135.133647, 34.6621262 ] } },
{ "type": "Feature", "properties": { "内容": "一般社団法人ことばの道【居宅介護支援】兵庫県神戸市須磨区高倉台6丁目19-1", "url": "https://www.kaigokensaku.mhlw.go.jp/28/index.php?action_kouhyou_detail_004_kani=true&JigyosyoCd=2870702673-00&ServiceCd=430&Type=search", "url2": "kotobanomichi@arrow.ocn.ne.jp" }, "geometry": { "type": "Point", "coordinates": [ 135.099759292052482, 34.658628592549604 ] } },
{ "type": "Feature", "properties": { "内容": "ケア・プランニング　チームＮｕ【居宅介護支援】須磨寺町２丁目７－５", "url": "https://www.kaigokensaku.mhlw.go.jp/28/index.php?action_kouhyou_detail_004_kani=true&JigyosyoCd=2870702798-00&ServiceCd=430&Type=search", "url2": null }, "geometry": { "type": "Point", "coordinates": [ 135.114396599999964, 34.6482501 ] } },
{ "type": "Feature", "properties": { "内容": "つかさ在宅ケアセンター【居宅介護支援】兵庫県神戸市須磨区妙法寺荒打308-1", "url": "https://www.kaigokensaku.mhlw.go.jp/28/index.php?action_kouhyou_detail_004_kani=true&JigyosyoCd=2870703796-00&ServiceCd=430&Type=search", "url2": "https://obara.kobe-mariners.or.jp/chiiki/zaitakukaigo.html" }, "geometry": { "type": "Point", "coordinates": [ 135.107811976057405, 34.675048273785144 ] } },
{ "type": "Feature", "properties": { "内容": "マイライフ居宅介護支援事業所【居宅介護支援】神戸市垂水区塩屋町3-10-13", "url": "https://www.kaigokensaku.mhlw.go.jp/28/index.php?action_kouhyou_detail_004_kani=true&JigyosyoCd=2870801970-00&ServiceCd=430&Type=search", "url2": null }, "geometry": { "type": "Point", "coordinates": [ 135.082539110346602, 34.635095159769371 ] } },
{ "type": "Feature", "properties": { "内容": "介護老人保健施設名谷すみれ苑　居宅介護支援事業所【居宅介護支援】神戸市垂水区名谷町字梨原2350-1", "url": "https://www.kaigokensaku.mhlw.go.jp/28/index.php?action_kouhyou_detail_004_kani=true&JigyosyoCd=2850880044-00&ServiceCd=430&Type=search", "url2": "http//www.sumire.or.jp/" }, "geometry": { "type": "Point", "coordinates": [ 135.074513499999966, 34.6670476 ] } },
{ "type": "Feature", "properties": { "内容": "一般財団法人神戸在宅医療・介護推進財団　西部しあわせ訪問看護ステーション【居宅介護支援】神戸市垂水区星陵台４丁目４番３７垂水区医師会館内", "url": "https://www.kaigokensaku.mhlw.go.jp/28/index.php?action_kouhyou_detail_004_kani=true&JigyosyoCd=2860890041-00&ServiceCd=430&Type=search", "url2": "http://kzc.jp/" }, "geometry": { "type": "Point", "coordinates": [ 135.048685699999965, 34.647358 ] } },
{ "type": "Feature", "properties": { "内容": "オービーホームケアプランセンター【居宅介護支援】神戸市垂水区名谷町字猿倉２７３－７特別養護老人ホーム　オービーホーム内", "url": "https://www.kaigokensaku.mhlw.go.jp/28/index.php?action_kouhyou_detail_004_kani=true&JigyosyoCd=2870800014-00&ServiceCd=430&Type=search", "url2": "http://www.obh2525.or.jp" }, "geometry": { "type": "Point", "coordinates": [ 135.062673055680875, 34.649873000086906 ] } },
{ "type": "Feature", "properties": { "内容": "スミリンケアライフ株式会社　垂水ステーション【居宅介護支援】兵庫県神戸市垂水区五色山1丁目4番5号リヴァージュ垂水五色山1階A号室", "url": "https://www.kaigokensaku.mhlw.go.jp/28/index.php?action_kouhyou_detail_004_kani=true&JigyosyoCd=2870800022-00&ServiceCd=430&Type=search", "url2": "https://www.s-carelife.co.jp" }, "geometry": { "type": "Point", "coordinates": [ 135.050816400000031, 34.6306016 ] } },
{ "type": "Feature", "properties": { "内容": "鈴木在宅介護支援事業所【居宅介護支援】神戸市垂水区泉が丘４丁目１番３６号", "url": "https://www.kaigokensaku.mhlw.go.jp/28/index.php?action_kouhyou_detail_004_kani=true&JigyosyoCd=2870800048-00&ServiceCd=430&Type=search", "url2": "ｈｔｔｐ：//ｗｗｗ．ｓｕ-ｚｕ．ｃｏ．ｊｐ" }, "geometry": { "type": "Point", "coordinates": [ 135.067315099999973, 34.6324988 ] } },
{ "type": "Feature", "properties": { "内容": "本多聞高齢者介護支援センター【居宅介護支援】神戸市垂水区本多聞7-2-2", "url": "https://www.kaigokensaku.mhlw.go.jp/28/index.php?action_kouhyou_detail_004_kani=true&JigyosyoCd=2870800055-00&ServiceCd=430&Type=search", "url2": "http://hontamon.jp/" }, "geometry": { "type": "Point", "coordinates": [ 135.043058200000019, 34.6518323 ] } },
{ "type": "Feature", "properties": { "内容": "桃山台居宅介護支援事業所【居宅介護支援】神戸市垂水区桃山台5丁目1139番地3", "url": "https://www.kaigokensaku.mhlw.go.jp/28/index.php?action_kouhyou_detail_004_kani=true&JigyosyoCd=2870800089-00&ServiceCd=430&Type=search", "url2": "http://momoyamadaihome.jp/" }, "geometry": { "type": "Point", "coordinates": [ 135.085229499999969, 34.6570488 ] } },
{ "type": "Feature", "properties": { "内容": "テツコの部屋指定居宅介護支援事業所【居宅介護支援】神戸市垂水区塩屋町3丁目14－25塩屋ビル201", "url": "https://www.kaigokensaku.mhlw.go.jp/28/index.php?action_kouhyou_detail_004_kani=true&JigyosyoCd=2870800196-00&ServiceCd=430&Type=search", "url2": "http://www.tetsukonoheya.co.jp" }, "geometry": { "type": "Point", "coordinates": [ 135.082719644319155, 34.63546708306481 ] } },
{ "type": "Feature", "properties": { "内容": "特定非営利活動法人　神戸ライフ・ケアー協会　西部事務所【居宅介護支援】神戸市垂水区陸ノ町１０－１２－１０２モンテメール垂水", "url": "https://www.kaigokensaku.mhlw.go.jp/28/index.php?action_kouhyou_detail_004_kani=true&JigyosyoCd=2870801012-00&ServiceCd=430&Type=search", "url2": "http://kobelife‐care.jp" }, "geometry": { "type": "Point", "coordinates": [ 135.055060599999933, 34.6329071 ] } },
{ "type": "Feature", "properties": { "内容": "すみれ介護サービス【居宅介護支援】兵庫県神戸市垂水区山手8丁目2番31号", "url": "https://www.kaigokensaku.mhlw.go.jp/28/index.php?action_kouhyou_detail_004_kani=true&JigyosyoCd=2870801079-00&ServiceCd=430&Type=search", "url2": null }, "geometry": { "type": "Point", "coordinates": [ 135.065876200000048, 34.6393231 ] } },
{ "type": "Feature", "properties": { "内容": "ベストケア垂水【居宅介護支援】神戸市垂水区学が丘４丁目２２－３３", "url": "https://www.kaigokensaku.mhlw.go.jp/28/index.php?action_kouhyou_detail_004_kani=true&JigyosyoCd=2870801327-00&ServiceCd=430&Type=search", "url2": "http://www.bestwell.co.jp" }, "geometry": { "type": "Point", "coordinates": [ 135.056320899999946, 34.6610594 ] } },
{ "type": "Feature", "properties": { "内容": "在宅ケアセンターウイング【居宅介護支援】兵庫県神戸市垂水区舞子台8丁目7番6号長浜ビル1階", "url": "https://www.kaigokensaku.mhlw.go.jp/28/index.php?action_kouhyou_detail_004_kani=true&JigyosyoCd=2870801350-00&ServiceCd=430&Type=search", "url2": null }, "geometry": { "type": "Point", "coordinates": [ 135.031394212268424, 34.642801263514336 ] } },
{ "type": "Feature", "properties": { "内容": "舞子台ホーム・居宅介護支援事業所【居宅介護支援】兵庫県神戸市垂水区舞子台７丁目２番１号", "url": "https://www.kaigokensaku.mhlw.go.jp/28/index.php?action_kouhyou_detail_004_kani=true&JigyosyoCd=2870801392-00&ServiceCd=430&Type=search", "url2": "maikodaihome.jp" }, "geometry": { "type": "Point", "coordinates": [ 135.041995650401304, 34.639866837693511 ] } },
{ "type": "Feature", "properties": { "内容": "神港園舞子ケアプランセンター【居宅介護支援】神戸市垂水区舞子台6丁目10-1-202・102久保ビル102", "url": "https://www.kaigokensaku.mhlw.go.jp/28/index.php?action_kouhyou_detail_004_kani=true&JigyosyoCd=2870801558-00&ServiceCd=430&Type=search", "url2": "http://www.shinkouen.or.jp" }, "geometry": { "type": "Point", "coordinates": [ 135.0309704, 34.6369588 ] } },
{ "type": "Feature", "properties": { "内容": "フォレストケア【居宅介護支援】神戸市垂水区旭が丘２丁目３番２号", "url": "https://www.kaigokensaku.mhlw.go.jp/28/index.php?action_kouhyou_detail_004_kani=true&JigyosyoCd=2870801624-00&ServiceCd=430&Type=search", "url2": "http://www.forestcare.co.jp" }, "geometry": { "type": "Point", "coordinates": [ 135.050546554912899, 34.633601602050753 ] } },
{ "type": "Feature", "properties": { "内容": "池垣クリニック【居宅介護支援】神戸市垂水区天ノ下町１１－７池垣クリニック", "url": "https://www.kaigokensaku.mhlw.go.jp/28/index.php?action_kouhyou_detail_004_kani=true&JigyosyoCd=2810804258-00&ServiceCd=430&Type=search", "url2": "http://www.reference.co.jp/maeda/" }, "geometry": { "type": "Point", "coordinates": [ 135.051241399999981, 34.6312433 ] } },
{ "type": "Feature", "properties": { "内容": "垂水在宅福祉センター【居宅介護支援】神戸市垂水区平磯1-2-5垂水年金会館２階", "url": "https://www.kaigokensaku.mhlw.go.jp/28/index.php?action_kouhyou_detail_004_kani=true&JigyosyoCd=2870801913-00&ServiceCd=430&Type=search", "url2": "http://www.obh2525.or.jp" }, "geometry": { "type": "Point", "coordinates": [ 135.058977899999945, 34.6280653 ] } },
{ "type": "Feature", "properties": { "内容": "GTLケアプランセンター神戸垂水【居宅介護支援】兵庫県神戸市垂水区名谷町字大谷1905-7アーバンヴィレッジ学園南", "url": "https://www.kaigokensaku.mhlw.go.jp/28/index.php?action_kouhyou_detail_004_kani=true&JigyosyoCd=2870801921-00&ServiceCd=430&Type=search", "url2": "https://www.gtl-daiwa.co.jp" }, "geometry": { "type": "Point", "coordinates": [ 135.06937240000002, 34.6642534 ] } },
{ "type": "Feature", "properties": { "内容": "塩屋さくら苑　居宅介護支援事業所【居宅介護支援】神戸市垂水区塩屋町4丁目25-11", "url": "https://www.kaigokensaku.mhlw.go.jp/28/index.php?action_kouhyou_detail_004_kani=true&JigyosyoCd=2870802275-00&ServiceCd=430&Type=search", "url2": "https://kobechuofukusikai.net/shioyasakuraen/" }, "geometry": { "type": "Point", "coordinates": [ 135.080416600000035, 34.6367151 ] } },
{ "type": "Feature", "properties": { "内容": "神戸介護支援会スマイル・ライフ垂水ステーション【居宅介護支援】兵庫県神戸市垂水区福田５丁目５－２２", "url": "https://www.kaigokensaku.mhlw.go.jp/28/index.php?action_kouhyou_detail_004_kani=true&JigyosyoCd=2870802481-00&ServiceCd=430&Type=search", "url2": "http://www.smilelife2000.com/" }, "geometry": { "type": "Point", "coordinates": [ 135.068001879762306, 34.646650526332301 ] } },
{ "type": "Feature", "properties": { "内容": "ニチイケアセンター塩屋【居宅介護支援】神戸市垂水区塩屋町4-16-10オーブラン塩屋１階", "url": "https://www.kaigokensaku.mhlw.go.jp/28/index.php?action_kouhyou_detail_004_kani=true&JigyosyoCd=2870802523-00&ServiceCd=430&Type=search", "url2": null }, "geometry": { "type": "Point", "coordinates": [ 135.081486500000011, 34.6347183 ] } },
{ "type": "Feature", "properties": { "内容": "介護相談室すずかぜ【居宅介護支援】下畑町498-53コ・クール垂水", "url": "https://www.kaigokensaku.mhlw.go.jp/28/index.php?action_kouhyou_detail_004_kani=true&JigyosyoCd=2870803067-00&ServiceCd=430&Type=search", "url2": "https://www.qol-c.co.jp/open-life/suzukaze/" }, "geometry": { "type": "Point", "coordinates": [ 135.088785, 34.6491914 ] } },
{ "type": "Feature", "properties": { "内容": "ケアステーションステラ【居宅介護支援】清水が丘3丁目3番10号レジデンス清水ヶ丘103", "url": "https://www.kaigokensaku.mhlw.go.jp/28/index.php?action_kouhyou_detail_004_kani=true&JigyosyoCd=2870803133-00&ServiceCd=430&Type=search", "url2": null }, "geometry": { "type": "Point", "coordinates": [ 135.036344800000052, 34.6517127 ] } },
{ "type": "Feature", "properties": { "内容": "あんしんのお手伝いつなぐ【居宅介護支援】兵庫県神戸市垂水区舞子台8丁目2-2南光マンション201号", "url": "https://www.kaigokensaku.mhlw.go.jp/28/index.php?action_kouhyou_detail_004_kani=true&JigyosyoCd=2870803505-00&ServiceCd=430&Type=search", "url2": "tunagu279.com" }, "geometry": { "type": "Point", "coordinates": [ 135.063601100000028, 34.6493302 ] } },
{ "type": "Feature", "properties": { "内容": "ケアプラン舞多聞【居宅介護支援】兵庫県神戸市垂水区舞多聞西1丁目19－9", "url": "https://www.kaigokensaku.mhlw.go.jp/28/index.php?action_kouhyou_detail_004_kani=true&JigyosyoCd=2870803653-00&ServiceCd=430&Type=search", "url2": null }, "geometry": { "type": "Point", "coordinates": [ 135.045757800000047, 34.6641254 ] } },
{ "type": "Feature", "properties": { "内容": "株式会社　リエゾン【居宅介護支援】兵庫県神戸市垂水区星が丘1丁目1番31号パールビュー星が丘", "url": "https://www.kaigokensaku.mhlw.go.jp/28/index.php?action_kouhyou_detail_004_kani=true&JigyosyoCd=2870803661-00&ServiceCd=430&Type=search", "url2": "http://liaisonkobe.co.jp/" }, "geometry": { "type": "Point", "coordinates": [ 135.047179899999946, 34.6377967 ] } },
{ "type": "Feature", "properties": { "内容": "ケアステーションきらら垂水【居宅介護支援】西脇2丁目7-49", "url": "https://www.kaigokensaku.mhlw.go.jp/28/index.php?action_kouhyou_detail_004_kani=true&JigyosyoCd=2870803752-00&ServiceCd=430&Type=search", "url2": "https://www.starts-care.jp/" }, "geometry": { "type": "Point", "coordinates": [ 135.545907899999946, 34.6266332 ] } },
{ "type": "Feature", "properties": { "内容": "こころっこ介護支援センター【居宅介護支援】兵庫県神戸市垂水区福田3丁目3-11糖尿病・腎透析にしかげクリニックアネックスビル１階", "url": "https://www.kaigokensaku.mhlw.go.jp/28/index.php?action_kouhyou_detail_004_kani=true&JigyosyoCd=2870803828-00&ServiceCd=430&Type=search", "url2": "http://www.nishikageclinic.com/" }, "geometry": { "type": "Point", "coordinates": [ 135.057067138026582, 34.644482416152755 ] } },
{ "type": "Feature", "properties": { "内容": "おかもとケアプラン垂水【居宅介護支援】西舞子一丁目1番16号舞子サニータウン30号", "url": "https://www.kaigokensaku.mhlw.go.jp/28/index.php?action_kouhyou_detail_004_kani=true&JigyosyoCd=2870803919-00&ServiceCd=430&Type=search", "url2": "https://okamoto-hns.com" }, "geometry": { "type": "Point", "coordinates": [ 135.030729841427643, 34.635356005294625 ] } },
{ "type": "Feature", "properties": { "内容": "クリオケアプランニング【居宅介護支援】兵庫県神戸市垂水区本多聞４丁目１番地新多聞団地２６０号棟１０４号室", "url": "https://www.kaigokensaku.mhlw.go.jp/28/index.php?action_kouhyou_detail_004_kani=true&JigyosyoCd=2870803992-00&ServiceCd=430&Type=search", "url2": "https://kuriokango.jp" }, "geometry": { "type": "Point", "coordinates": [ 135.05044004279705, 34.656164513187136 ] } },
{ "type": "Feature", "properties": { "内容": "順心会居宅介護支援センター学園都市【居宅介護支援】兵庫県神戸市垂水区小束台868-37順心神戸病院", "url": "https://www.kaigokensaku.mhlw.go.jp/28/index.php?action_kouhyou_detail_004_kani=true&JigyosyoCd=2870804297-00&ServiceCd=430&Type=search", "url2": "https://www.junshin.or.jp/kyotakukaigo.html#kk07" }, "geometry": { "type": "Point", "coordinates": [ 135.053448451065094, 34.673571939131875 ] } },
{ "type": "Feature", "properties": { "内容": "神戸垂水ちどりケアマネジメント【居宅介護支援】兵庫県神戸市垂水区高丸6丁目7番2号神戸垂水ちどり", "url": "https://www.kaigokensaku.mhlw.go.jp/28/index.php?action_kouhyou_detail_004_kani=true&JigyosyoCd=2870804305-00&ServiceCd=430&Type=search", "url2": "https://www.chidori.or.jp/" }, "geometry": { "type": "Point", "coordinates": [ 135.0555511, 34.6396091 ] } },
{ "type": "Feature", "properties": { "内容": "ツクイ神戸神陵台【居宅介護支援】神戸市垂水区神陵台3-2-1", "url": "https://www.kaigokensaku.mhlw.go.jp/28/index.php?action_kouhyou_detail_004_kani=true&JigyosyoCd=2870804354-00&ServiceCd=430&Type=search", "url2": "https://www.tsukui.net" }, "geometry": { "type": "Point", "coordinates": [ 135.0349689, 34.661155 ] } },
{ "type": "Feature", "properties": { "内容": "ケアプランセンターアリビオ【居宅介護支援】兵庫県神戸市垂水区塩屋町664", "url": "https://www.kaigokensaku.mhlw.go.jp/28/index.php?action_kouhyou_detail_004_kani=true&JigyosyoCd=2870804362-00&ServiceCd=430&Type=search", "url2": null }, "geometry": { "type": "Point", "coordinates": [ 135.0802565, 34.6439513 ] } },
{ "type": "Feature", "properties": { "内容": "医療法人徳洲会　神戸徳洲会病院【居宅介護支援】兵庫県神戸市垂水区千代が丘1丁目１-12サニーハイツ23号", "url": "https://www.kaigokensaku.mhlw.go.jp/28/index.php?action_kouhyou_detail_004_kani=true&JigyosyoCd=2870804446-00&ServiceCd=430&Type=search", "url2": "https://www.kobetokushukai.org/" }, "geometry": { "type": "Point", "coordinates": [ 135.0504717, 34.6423224 ] } },
{ "type": "Feature", "properties": { "内容": "居宅介護支援事業所ふるさとmine【居宅介護支援】神戸市垂水区青山台4-7-14", "url": "https://www.kaigokensaku.mhlw.go.jp/28/index.php?action_kouhyou_detail_004_kani=true&JigyosyoCd=2870804594-00&ServiceCd=430&Type=search", "url2": "http://www.tokuyo-furusato.or.jp/index.html" }, "geometry": { "type": "Point", "coordinates": [ 135.072022, 34.6413078 ] } },
{ "type": "Feature", "properties": { "内容": "エルフ　ケアプランセンター西神戸【居宅介護支援】神戸市垂水区西脇1丁目4－9－1", "url": "https://www.kaigokensaku.mhlw.go.jp/28/index.php?action_kouhyou_detail_004_kani=true&JigyosyoCd=2870804628-00&ServiceCd=430&Type=search", "url2": "https://shofukukai.net" }, "geometry": { "type": "Point", "coordinates": [ 135.0375057, 34.6545056 ] } },
{ "type": "Feature", "properties": { "内容": "ケアプランセンターHARU【居宅介護支援】神戸市垂水区平磯4-3-21ﾌｪﾆｯｸｽk2-402", "url": "https://www.kaigokensaku.mhlw.go.jp/28/index.php?action_kouhyou_detail_004_kani=true&JigyosyoCd=2870804495-00&ServiceCd=430&Type=search", "url2": null }, "geometry": { "type": "Point", "coordinates": [ 135.0558775, 34.6290577 ] } },
{ "type": "Feature", "properties": { "内容": "居宅介護支援事業所スリーツリー【居宅介護支援】兵庫県神戸市垂水区王居殿3丁目25-1", "url": "https://www.kaigokensaku.mhlw.go.jp/28/index.php?action_kouhyou_detail_004_kani=true&JigyosyoCd=2870804875-00&ServiceCd=430&Type=search", "url2": "https://three-tree.co.jp/" }, "geometry": { "type": "Point", "coordinates": [ 135.0691503, 34.6372659 ] } },
{ "type": "Feature", "properties": { "内容": "フローラルヴィラ垂水ケアプランセンター【居宅介護支援】兵庫県神戸市垂水区下畑町西砂山301-1", "url": "https://www.kaigokensaku.mhlw.go.jp/28/index.php?action_kouhyou_detail_004_kani=true&JigyosyoCd=2870801996-00&ServiceCd=430&Type=search", "url2": "https://seihoukai-grp.jp" }, "geometry": { "type": "Point", "coordinates": [ 135.093509600000061, 34.6470556 ] } },
{ "type": "Feature", "properties": { "内容": "居宅介護支援まにまに【居宅介護支援】神戸市垂水区霞ケ丘２丁目４番１号霞ケ丘マンション１０６号", "url": "https://www.kaigokensaku.mhlw.go.jp/28/index.php?action_kouhyou_detail_004_kani=true&JigyosyoCd=2870804727-00&ServiceCd=430&Type=search", "url2": null }, "geometry": { "type": "Point", "coordinates": [ 135.0474169, 34.6341198 ] } },
{ "type": "Feature", "properties": { "内容": "さんようケアプランセンター【居宅介護支援】兵庫県神戸市垂水区本多聞3丁目11-11リーガルハウスⅤ学園南202号室", "url": "https://www.kaigokensaku.mhlw.go.jp/28/index.php?action_kouhyou_detail_004_kani=true&JigyosyoCd=2870804768-00&ServiceCd=430&Type=search", "url2": null }, "geometry": { "type": "Point", "coordinates": [ 135.0529053, 34.6618093 ] } },
{ "type": "Feature", "properties": { "内容": "ケアプランセンターつなぎ【居宅介護支援】兵庫県神戸市垂水区千代が丘１丁目１番２３号", "url": "https://www.kaigokensaku.mhlw.go.jp/28/index.php?action_kouhyou_detail_004_kani=true&JigyosyoCd=2870804255-00&ServiceCd=430&Type=search", "url2": null }, "geometry": { "type": "Point", "coordinates": [ 135.050781, 34.6421844 ] } },
{ "type": "Feature", "properties": { "内容": "居宅支援　まいこだい【居宅介護支援】神戸市垂水区舞子台７丁目２－１", "url": "https://www.kaigokensaku.mhlw.go.jp/28/index.php?action_kouhyou_detail_004_kani=true&JigyosyoCd=2870800139-00&ServiceCd=430&Type=search", "url2": null }, "geometry": { "type": "Point", "coordinates": [ 135.0414002, 34.6399198 ] } },
{ "type": "Feature", "properties": { "内容": "居宅介護支援事業所ふるさと【居宅介護支援】兵庫県神戸市垂水区塩屋町6丁目38番8号", "url": "https://www.kaigokensaku.mhlw.go.jp/28/index.php?action_kouhyou_detail_004_kani=true&JigyosyoCd=2870800311-00&ServiceCd=430&Type=search", "url2": "http://www.tokuyo-furusato.or.jp/" }, "geometry": { "type": "Point", "coordinates": [ 135.073928300000034, 34.6361596 ] } },
{ "type": "Feature", "properties": { "内容": "居宅介護支援事業所トータルケアプランニング【居宅介護支援】神戸市垂水区星が丘３丁目８－１９", "url": "https://www.kaigokensaku.mhlw.go.jp/28/index.php?action_kouhyou_detail_004_kani=true&JigyosyoCd=2870801715-00&ServiceCd=430&Type=search", "url2": "https//total-careplanning.net" }, "geometry": { "type": "Point", "coordinates": [ 135.050718711738966, 34.644913250690095 ] } },
{ "type": "Feature", "properties": { "内容": "ハートランド居宅介護支援事業所【居宅介護支援】兵庫県神戸市垂水区舞子台7丁目3番7号", "url": "https://www.kaigokensaku.mhlw.go.jp/28/index.php?action_kouhyou_detail_004_kani=true&JigyosyoCd=2870804024-00&ServiceCd=430&Type=search", "url2": "https://www.m2-corporation.co.jp" }, "geometry": { "type": "Point", "coordinates": [ 135.03804951904911, 34.639733179046473 ] } },
{ "type": "Feature", "properties": { "内容": "安心かいご相談室【居宅介護支援】兵庫県神戸市垂水区塩屋町字梅木谷720番地の39マーサ塩屋102号室", "url": "https://www.kaigokensaku.mhlw.go.jp/28/index.php?action_kouhyou_detail_004_kani=true&JigyosyoCd=2870804065-00&ServiceCd=430&Type=search", "url2": null }, "geometry": { "type": "Point", "coordinates": [ 135.086325954908745, 34.642008649383705 ] } },
{ "type": "Feature", "properties": { "内容": "ケアプランセンターオレンジ神戸【居宅介護支援】兵庫県神戸市垂水区舞子台4丁目９番１１号", "url": "https://www.kaigokensaku.mhlw.go.jp/28/index.php?action_kouhyou_detail_004_kani=true&JigyosyoCd=2870804552-00&ServiceCd=430&Type=search", "url2": null }, "geometry": { "type": "Point", "coordinates": [ 135.0372989, 34.6389586 ] } },
{ "type": "Feature", "properties": { "内容": "ソララマネジメント【居宅介護支援】兵庫県神戸市垂水区多聞台１丁目６－５", "url": "https://www.kaigokensaku.mhlw.go.jp/28/index.php?action_kouhyou_detail_004_kani=true&JigyosyoCd=2870804867-00&ServiceCd=430&Type=search", "url2": null }, "geometry": { "type": "Point", "coordinates": [ 135.0437313, 34.6606516 ] } },
{ "type": "Feature", "properties": { "内容": "ケアプランセンター縁【居宅介護支援】東舞子町18-60グリーンヒル舞子Ａ108", "url": "https://www.kaigokensaku.mhlw.go.jp/28/index.php?action_kouhyou_detail_004_kani=true&JigyosyoCd=2870804883-00&ServiceCd=430&Type=search", "url2": "http://www.lifixgoup0616.com" }, "geometry": { "type": "Point", "coordinates": [ 135.0396134, 34.631146300000033 ] } },
{ "type": "Feature", "properties": { "内容": "懸け橋【居宅介護支援】兵庫県神戸市垂水区桃山台4-8-8グリーン桃山台ハイツA棟103号", "url": "https://www.kaigokensaku.mhlw.go.jp/28/index.php?action_kouhyou_detail_004_kani=true&JigyosyoCd=2870803984-00&ServiceCd=430&Type=search", "url2": null }, "geometry": { "type": "Point", "coordinates": [ 135.081582, 34.6596477 ] } },
{ "type": "Feature", "properties": { "内容": "それいゆケアプランセンター星が丘【居宅介護支援】兵庫県神戸市垂水区星が丘３丁目4-26", "url": "https://www.kaigokensaku.mhlw.go.jp/28/index.php?action_kouhyou_detail_004_kani=true&JigyosyoCd=2870804917-00&ServiceCd=430&Type=search", "url2": "https://hinode.or.jp/about/hakuaifukushikai/" }, "geometry": { "type": "Point", "coordinates": [ 135.0487388, 34.6430469 ] } },
{ "type": "Feature", "properties": { "内容": "あかねケアサービス【居宅介護支援】兵庫県神戸市垂水区北舞子3丁目7番1-101号", "url": "https://www.kaigokensaku.mhlw.go.jp/28/index.php?action_kouhyou_detail_004_kani=true&JigyosyoCd=2870803570-00&ServiceCd=430&Type=search", "url2": null }, "geometry": { "type": "Point", "coordinates": [ 135.0391672, 34.6430273 ] } },
{ "type": "Feature", "properties": { "内容": "たるみ・ともの家【居宅介護支援】神戸市垂水区川原1丁目1番15号", "url": "https://www.kaigokensaku.mhlw.go.jp/28/index.php?action_kouhyou_detail_004_kani=true&JigyosyoCd=2870803869-00&ServiceCd=430&Type=search", "url2": null }, "geometry": { "type": "Point", "coordinates": [ 135.058224, 34.6298129 ] } },
{ "type": "Feature", "properties": { "内容": "居宅介護支援事業所　うらら【居宅介護支援】神戸市北区淡河町淡河574", "url": "https://www.kaigokensaku.mhlw.go.jp/28/index.php?action_kouhyou_detail_004_kani=true&JigyosyoCd=2875001428-00&ServiceCd=430&Type=search", "url2": "http://www.roken-urara.jp" }, "geometry": { "type": "Point", "coordinates": [ 135.10013254550779, 34.812428240195217 ] } },
{ "type": "Feature", "properties": { "内容": "居宅介護支援事業所エーワン【居宅介護支援】兵庫県神戸市北区鈴蘭台南町４丁目７－７－３１５号", "url": "https://www.kaigokensaku.mhlw.go.jp/28/index.php?action_kouhyou_detail_004_kani=true&JigyosyoCd=2875004380-00&ServiceCd=430&Type=search", "url2": null }, "geometry": { "type": "Point", "coordinates": [ 135.137866800000012, 34.7234874 ] } },
{ "type": "Feature", "properties": { "内容": "老人保健施設　居宅　桃源の郷【居宅介護支援】神戸市北区有野中町４丁目１８番２１号", "url": "https://www.kaigokensaku.mhlw.go.jp/28/index.php?action_kouhyou_detail_004_kani=true&JigyosyoCd=2855080046-00&ServiceCd=430&Type=search", "url2": "http://www.keishuukai.com/" }, "geometry": { "type": "Point", "coordinates": [ 135.226256, 34.8343778 ] } },
{ "type": "Feature", "properties": { "内容": "老人保健施設らぽーと【居宅介護支援】大沢町中大沢字向井新田2238番3", "url": "https://www.kaigokensaku.mhlw.go.jp/28/index.php?action_kouhyou_detail_004_kani=true&JigyosyoCd=2855080145-00&ServiceCd=430&Type=search", "url2": "https://kobe-raport.jp/" }, "geometry": { "type": "Point", "coordinates": [ 135.161146800000012, 34.8482626 ] } },
{ "type": "Feature", "properties": { "内容": "医療法人　神戸健康共和会　訪問看護ステーション　なでしこ【居宅介護支援】神戸市北区鈴蘭台東町１－９－１５2階", "url": "https://www.kaigokensaku.mhlw.go.jp/28/index.php?action_kouhyou_detail_004_kani=true&JigyosyoCd=2865090068-00&ServiceCd=430&Type=search", "url2": "https://www.k-kyowakai.or.jp/" }, "geometry": { "type": "Point", "coordinates": [ 135.14670620000004, 34.7227398 ] } },
{ "type": "Feature", "properties": { "内容": "八多の里居宅介護支援事業所【居宅介護支援】神戸市北区八多町中６８１番地", "url": "https://www.kaigokensaku.mhlw.go.jp/28/index.php?action_kouhyou_detail_004_kani=true&JigyosyoCd=2875000024-00&ServiceCd=430&Type=search", "url2": "http://www.hatanosato.or.jp/" }, "geometry": { "type": "Point", "coordinates": [ 135.213251899999932, 34.8501266 ] } },
{ "type": "Feature", "properties": { "内容": "居宅介護支援事業所　ほくと【居宅介護支援】神戸市北区山田町下谷上字門口１０－３", "url": "https://www.kaigokensaku.mhlw.go.jp/28/index.php?action_kouhyou_detail_004_kani=true&JigyosyoCd=2875000065-00&ServiceCd=430&Type=search", "url2": "http//www.hokuto-hp.or.jp" }, "geometry": { "type": "Point", "coordinates": [ 135.15536069999996, 34.7498341 ] } },
{ "type": "Feature", "properties": { "内容": "大池サンホーム【居宅介護支援】兵庫県神戸市北区山田町上谷上字ヤンゲン３番地", "url": "https://www.kaigokensaku.mhlw.go.jp/28/index.php?action_kouhyou_detail_004_kani=true&JigyosyoCd=2875000115-00&ServiceCd=430&Type=search", "url2": "http://www.ooikesunhome.ocn/" }, "geometry": { "type": "Point", "coordinates": [ 135.193768099999943, 34.7768643 ] } },
{ "type": "Feature", "properties": { "内容": "すずらんケアプランセンター【居宅介護支援】神戸市北区鈴蘭台西町１丁目２６－２", "url": "https://www.kaigokensaku.mhlw.go.jp/28/index.php?action_kouhyou_detail_004_kani=true&JigyosyoCd=2875000149-00&ServiceCd=430&Type=search", "url2": "http://www.with-kobe.or.jp/" }, "geometry": { "type": "Point", "coordinates": [ 135.145325700000086, 34.72664448904905 ] } },
{ "type": "Feature", "properties": { "内容": "しあわせの村在宅支援センター【居宅介護支援】神戸市北区しあわせの村１番１９号介護老人保健施設リハ・神戸1階", "url": "https://www.kaigokensaku.mhlw.go.jp/28/index.php?action_kouhyou_detail_004_kani=true&JigyosyoCd=2875000180-00&ServiceCd=430&Type=search", "url2": "http://www.kzc.jp/smile/center/kitaku/" }, "geometry": { "type": "Point", "coordinates": [ 135.115049937048298, 34.705388818914834 ] } },
{ "type": "Feature", "properties": { "内容": "神戸中央病院附属居宅介護支援センター【居宅介護支援】神戸市北区惣山町2丁目１－９神戸中央病院附属介護老人保健施設１階", "url": "https://www.kaigokensaku.mhlw.go.jp/28/index.php?action_kouhyou_detail_004_kani=true&JigyosyoCd=2875000198-00&ServiceCd=430&Type=search", "url2": null }, "geometry": { "type": "Point", "coordinates": [ 135.154308, 34.7371244 ] } },
{ "type": "Feature", "properties": { "内容": "居宅介護支援事業所　やすらぎの里道場【居宅介護支援】兵庫県神戸市北区道場町塩田３０８０番地", "url": "https://www.kaigokensaku.mhlw.go.jp/28/index.php?action_kouhyou_detail_004_kani=true&JigyosyoCd=2875000206-00&ServiceCd=430&Type=search", "url2": "http://www.syobikai.or.jp/" }, "geometry": { "type": "Point", "coordinates": [ 135.245451600000024, 34.8721919 ] } },
{ "type": "Feature", "properties": { "内容": "生活協同組合コープこうべ居宅介護支援センターデイズ神戸北町【居宅介護支援】兵庫県神戸市北区日の峰２－７　　コープデイズ神戸北町３Ｆ", "url": "https://www.kaigokensaku.mhlw.go.jp/28/index.php?action_kouhyou_detail_004_kani=true&JigyosyoCd=2875000214-00&ServiceCd=430&Type=search", "url2": "https://www.kobe.coop.or.jp/" }, "geometry": { "type": "Point", "coordinates": [ 135.142631, 34.7552166 ] } },
{ "type": "Feature", "properties": { "内容": "神戸アドベンチスト病院介護支援三育センター【居宅介護支援】兵庫県神戸市北区有野台8丁目４番地の１", "url": "https://www.kaigokensaku.mhlw.go.jp/28/index.php?action_kouhyou_detail_004_kani=true&JigyosyoCd=2875000248-00&ServiceCd=430&Type=search", "url2": "http://kahns.org" }, "geometry": { "type": "Point", "coordinates": [ 135.225098343655418, 34.808958916696341 ] } },
{ "type": "Feature", "properties": { "内容": "ニチイケアセンター鈴蘭台【居宅介護支援】兵庫県神戸市北区鈴蘭台北町１丁目１３－２０サンハイツ北町Ｂ棟１０１号", "url": "https://www.kaigokensaku.mhlw.go.jp/28/index.php?action_kouhyou_detail_004_kani=true&JigyosyoCd=2875000552-00&ServiceCd=430&Type=search", "url2": "http://www.nichiigakkan.co.jp" }, "geometry": { "type": "Point", "coordinates": [ 135.14647, 34.7262533 ] } },
{ "type": "Feature", "properties": { "内容": "聖隷ケアプランセンター北神戸【居宅介護支援】神戸市北区谷上西町２７番６－２０１号", "url": "https://www.kaigokensaku.mhlw.go.jp/28/index.php?action_kouhyou_detail_004_kani=true&JigyosyoCd=2875000578-00&ServiceCd=430&Type=search", "url2": "http://www.seirei.or.jp/hq/" }, "geometry": { "type": "Point", "coordinates": [ 135.17024, 34.7625214 ] } },
{ "type": "Feature", "properties": { "内容": "居宅介護支援事業所　梅香園【居宅介護支援】神戸市北区山田町小部字南山2-35", "url": "https://www.kaigokensaku.mhlw.go.jp/28/index.php?action_kouhyou_detail_004_kani=true&JigyosyoCd=2875000644-00&ServiceCd=430&Type=search", "url2": "baikouen@piano.ocn.ne.jp" }, "geometry": { "type": "Point", "coordinates": [ 135.147684, 34.7189181 ] } },
{ "type": "Feature", "properties": { "内容": "生活協同組合コープこうべ居宅介護支援センター鈴蘭台【居宅介護支援】兵庫県神戸市北区鈴蘭台北町１－１２－５　コープ鈴蘭台東店内", "url": "https://www.kaigokensaku.mhlw.go.jp/28/index.php?action_kouhyou_detail_004_kani=true&JigyosyoCd=2875000719-00&ServiceCd=430&Type=search", "url2": "http://www.kobe.coop.or.jp/" }, "geometry": { "type": "Point", "coordinates": [ 135.1459423, 34.7258644 ] } },
{ "type": "Feature", "properties": { "内容": "居宅介護支援事業所　まごころ【居宅介護支援】神戸市北区山田町下谷上字門口９-４", "url": "https://www.kaigokensaku.mhlw.go.jp/28/index.php?action_kouhyou_detail_004_kani=true&JigyosyoCd=2875000909-00&ServiceCd=430&Type=search", "url2": null }, "geometry": { "type": "Point", "coordinates": [ 135.155419, 34.7499868 ] } },
{ "type": "Feature", "properties": { "内容": "向陽りんどう苑【居宅介護支援】神戸市北区有野町有野１４８４－１", "url": "https://www.kaigokensaku.mhlw.go.jp/28/index.php?action_kouhyou_detail_004_kani=true&JigyosyoCd=2875001030-00&ServiceCd=430&Type=search", "url2": "https://rindouen.or.jp/" }, "geometry": { "type": "Point", "coordinates": [ 135.2243201, 34.8161133 ] } },
{ "type": "Feature", "properties": { "内容": "ナンバーワン・　プランニング【居宅介護支援】神戸市北区鈴蘭台北町4丁目2-9", "url": "https://www.kaigokensaku.mhlw.go.jp/28/index.php?action_kouhyou_detail_004_kani=true&JigyosyoCd=2875001105-00&ServiceCd=430&Type=search", "url2": null }, "geometry": { "type": "Point", "coordinates": [ 135.14995649638675, 34.726250159987231 ] } },
{ "type": "Feature", "properties": { "内容": "居宅介護支援事業所　さくらの家【居宅介護支援】兵庫県神戸市北区八多町中1367番地", "url": "https://www.kaigokensaku.mhlw.go.jp/28/index.php?action_kouhyou_detail_004_kani=true&JigyosyoCd=2875001212-00&ServiceCd=430&Type=search", "url2": null }, "geometry": { "type": "Point", "coordinates": [ 135.21611830000009, 34.8483906 ] } },
{ "type": "Feature", "properties": { "内容": "ありまの湯居宅介護支援事業所【居宅介護支援】神戸市北区有馬町1819-2", "url": "https://www.kaigokensaku.mhlw.go.jp/28/index.php?action_kouhyou_detail_004_kani=true&JigyosyoCd=2875001352-00&ServiceCd=430&Type=search", "url2": "arimanoyu_kyotaku@aohos.com" }, "geometry": { "type": "Point", "coordinates": [ 135.25862807283022, 34.798492071803146 ] } },
{ "type": "Feature", "properties": { "内容": "なごみ介護センター　なごみ居宅介護支援事業所【居宅介護支援】山田町下谷上字かんじゃ７番３号", "url": "https://www.kaigokensaku.mhlw.go.jp/28/index.php?action_kouhyou_detail_004_kani=true&JigyosyoCd=2875001527-00&ServiceCd=430&Type=search", "url2": "http://www.jyowakai.or.jp/nagomi/" }, "geometry": { "type": "Point", "coordinates": [ 135.153799700000036, 34.761927 ] } },
{ "type": "Feature", "properties": { "内容": "医療法人社団六心会　指定居宅介護支援事業所ケアメイト神戸【居宅介護支援】兵庫県神戸市北区鹿の子台北町8丁目11番1号", "url": "https://www.kaigokensaku.mhlw.go.jp/28/index.php?action_kouhyou_detail_004_kani=true&JigyosyoCd=2875002038-00&ServiceCd=430&Type=search", "url2": "http://kanoko-hp.jp/" }, "geometry": { "type": "Point", "coordinates": [ 135.218930363000936, 34.857052989300989 ] } },
{ "type": "Feature", "properties": { "内容": "まほし居宅介護支援事業所コスモス【居宅介護支援】兵庫県神戸市北区山田町上谷上字古々谷12番地の3", "url": "https://www.kaigokensaku.mhlw.go.jp/28/index.php?action_kouhyou_detail_004_kani=true&JigyosyoCd=2875002111-00&ServiceCd=430&Type=search", "url2": "http//www.mahoshi.com" }, "geometry": { "type": "Point", "coordinates": [ 135.188891, 34.7705649 ] } },
{ "type": "Feature", "properties": { "内容": "ケア２１こうべきた【居宅介護支援】兵庫県神戸市北区鈴蘭台北町１－２－４", "url": "https://www.kaigokensaku.mhlw.go.jp/28/index.php?action_kouhyou_detail_004_kani=true&JigyosyoCd=2875002285-00&ServiceCd=430&Type=search", "url2": null }, "geometry": { "type": "Point", "coordinates": [ 135.148096755906778, 34.72441181369264 ] } },
{ "type": "Feature", "properties": { "内容": "居宅介護支援事業所　花の里【居宅介護支援】藤原台中町６丁目９－１", "url": "https://www.kaigokensaku.mhlw.go.jp/28/index.php?action_kouhyou_detail_004_kani=true&JigyosyoCd=2875002848-00&ServiceCd=430&Type=search", "url2": null }, "geometry": { "type": "Point", "coordinates": [ 135.217970799999989, 34.817213 ] } },
{ "type": "Feature", "properties": { "内容": "砂のあしあと居宅介護支援事業所【居宅介護支援】兵庫県神戸市北区藤原台南町4－15－13", "url": "https://www.kaigokensaku.mhlw.go.jp/28/index.php?action_kouhyou_detail_004_kani=true&JigyosyoCd=2875002962-00&ServiceCd=430&Type=search", "url2": null }, "geometry": { "type": "Point", "coordinates": [ 135.2039718, 34.813566800000011 ] } },
{ "type": "Feature", "properties": { "内容": "ケアプランセンターきみどり【居宅介護支援】兵庫県神戸市北区緑町7丁目1－26ラムール山の街ビル201", "url": "https://www.kaigokensaku.mhlw.go.jp/28/index.php?action_kouhyou_detail_004_kani=true&JigyosyoCd=2875003010-00&ServiceCd=430&Type=search", "url2": "https://yumezou-kaigo.com/" }, "geometry": { "type": "Point", "coordinates": [ 135.152891168122835, 34.74626790161107 ] } },
{ "type": "Feature", "properties": { "内容": "オアシス神戸北居宅介護支援事業所【居宅介護支援】兵庫県神戸市北区淡河町野瀬７１５", "url": "https://www.kaigokensaku.mhlw.go.jp/28/index.php?action_kouhyou_detail_004_kani=true&JigyosyoCd=2875003101-00&ServiceCd=430&Type=search", "url2": "https://ja-oasis.com/" }, "geometry": { "type": "Point", "coordinates": [ 135.1437714, 34.8177509 ] } },
{ "type": "Feature", "properties": { "内容": "ケアプランかいてき【居宅介護支援】兵庫県神戸市北区南五葉１丁目３番１７号", "url": "https://www.kaigokensaku.mhlw.go.jp/28/index.php?action_kouhyou_detail_004_kani=true&JigyosyoCd=2875003242-00&ServiceCd=430&Type=search", "url2": null }, "geometry": { "type": "Point", "coordinates": [ 135.135684800000035, 34.7251087 ] } },
{ "type": "Feature", "properties": { "内容": "さくらホーム居宅介護支援事業所【居宅介護支援】兵庫県神戸市北区山田町小部字惣六畑山８－１８", "url": "https://www.kaigokensaku.mhlw.go.jp/28/index.php?action_kouhyou_detail_004_kani=true&JigyosyoCd=2875003259-00&ServiceCd=430&Type=search", "url2": "http://www.yasuragi-swc.or.jp" }, "geometry": { "type": "Point", "coordinates": [ 135.160785300000043, 34.7371245 ] } },
{ "type": "Feature", "properties": { "内容": "駒どりの郷介護相談室【居宅介護支援】兵庫県神戸市北区西大池2丁目7-41", "url": "https://www.kaigokensaku.mhlw.go.jp/28/index.php?action_kouhyou_detail_004_kani=true&JigyosyoCd=2875003309-00&ServiceCd=430&Type=search", "url2": "http://www.komadory.com" }, "geometry": { "type": "Point", "coordinates": [ 135.195209699999964, 34.7735981 ] } },
{ "type": "Feature", "properties": { "内容": "ありまこうげん居宅介護支援事業所【居宅介護支援】兵庫県神戸市北区長尾町上津4663-3", "url": "https://www.kaigokensaku.mhlw.go.jp/28/index.php?action_kouhyou_detail_004_kani=true&JigyosyoCd=2875003358-00&ServiceCd=430&Type=search", "url2": "https://www.arimakougen.or.jp/supportoffice/" }, "geometry": { "type": "Point", "coordinates": [ 135.166886299999987, 34.8889797 ] } },
{ "type": "Feature", "properties": { "内容": "まほし居宅介護支援事業所からと【居宅介護支援】兵庫県神戸市北区唐櫃台2丁目23-2", "url": "https://www.kaigokensaku.mhlw.go.jp/28/index.php?action_kouhyou_detail_004_kani=true&JigyosyoCd=2875003523-00&ServiceCd=430&Type=search", "url2": "https://www.mahoshi.com/home_support/karato.html" }, "geometry": { "type": "Point", "coordinates": [ 135.212778407002787, 34.790808796934563 ] } },
{ "type": "Feature", "properties": { "内容": "居宅介護支援事業所ひよこ【居宅介護支援】兵庫県神戸市北区鈴蘭台北町７－４－２", "url": "https://www.kaigokensaku.mhlw.go.jp/28/index.php?action_kouhyou_detail_004_kani=true&JigyosyoCd=2875003739-00&ServiceCd=430&Type=search", "url2": null }, "geometry": { "type": "Point", "coordinates": [ 135.1553897, 34.725993 ] } },
{ "type": "Feature", "properties": { "内容": "ぷらすサニーケアプランセンター【居宅介護支援】兵庫県神戸市北区有野中町3-17-8", "url": "https://www.kaigokensaku.mhlw.go.jp/28/index.php?action_kouhyou_detail_004_kani=true&JigyosyoCd=2875003861-00&ServiceCd=430&Type=search", "url2": null }, "geometry": { "type": "Point", "coordinates": [ 135.225364399999989, 34.8322077 ] } },
{ "type": "Feature", "properties": { "内容": "こうほく居宅介護支援事業所【居宅介護支援】有野中町1丁目18番36号", "url": "https://www.kaigokensaku.mhlw.go.jp/28/index.php?action_kouhyou_detail_004_kani=true&JigyosyoCd=2875004026-00&ServiceCd=430&Type=search", "url2": null }, "geometry": { "type": "Point", "coordinates": [ 135.223920874997759, 34.823409588791925 ] } },
{ "type": "Feature", "properties": { "内容": "居宅介護支援事業所いろどり【居宅介護支援】兵庫県神戸市北区小倉台１丁目１－１", "url": "https://www.kaigokensaku.mhlw.go.jp/28/index.php?action_kouhyou_detail_004_kani=true&JigyosyoCd=2875004471-00&ServiceCd=430&Type=search", "url2": null }, "geometry": { "type": "Point", "coordinates": [ 135.164737699999989, 34.7528585 ] } },
{ "type": "Feature", "properties": { "内容": "ケアプラン笑楽　岡場【居宅介護支援】兵庫県神戸市北区藤原台中町1丁目2番2号エコール・リラ1F", "url": "https://www.kaigokensaku.mhlw.go.jp/28/index.php?action_kouhyou_detail_004_kani=true&JigyosyoCd=2875003127-00&ServiceCd=430&Type=search", "url2": "http://わらく.com" }, "geometry": { "type": "Point", "coordinates": [ 135.220526100000029, 34.8219292 ] } },
{ "type": "Feature", "properties": { "内容": "しあわせの菜の花畑ケアプランセンター神戸【居宅介護支援】菖蒲が丘1丁目14-2しあわせの菜の花畑　神戸菖蒲が丘", "url": "https://www.kaigokensaku.mhlw.go.jp/28/index.php?action_kouhyou_detail_004_kani=true&JigyosyoCd=2875003671-00&ServiceCd=430&Type=search", "url2": "nanohanabatake.jp" }, "geometry": { "type": "Point", "coordinates": [ 135.217753355819696, 34.839120213218635 ] } },
{ "type": "Feature", "properties": { "内容": "ケアプランセンターかえで【居宅介護支援】兵庫県神戸市北区鳴子二丁目17ー2サクセス星和台203", "url": "https://www.kaigokensaku.mhlw.go.jp/28/index.php?action_kouhyou_detail_004_kani=true&JigyosyoCd=2875003838-00&ServiceCd=430&Type=search", "url2": null }, "geometry": { "type": "Point", "coordinates": [ 135.125573800000012, 34.7209929 ] } },
{ "type": "Feature", "properties": { "内容": "神戸ケアプランセンター【居宅介護支援】兵庫県神戸市北区緑町1丁目6-1山の街ビル1階", "url": "https://www.kaigokensaku.mhlw.go.jp/28/index.php?action_kouhyou_detail_004_kani=true&JigyosyoCd=2875004018-00&ServiceCd=430&Type=search", "url2": null }, "geometry": { "type": "Point", "coordinates": [ 135.151635199999987, 34.7473479 ] } },
{ "type": "Feature", "properties": { "内容": "ケアプラン　デュオ【居宅介護支援】兵庫県神戸市北区広陵町3丁目154番地", "url": "https://www.kaigokensaku.mhlw.go.jp/28/index.php?action_kouhyou_detail_004_kani=true&JigyosyoCd=2875004448-00&ServiceCd=430&Type=search", "url2": null }, "geometry": { "type": "Point", "coordinates": [ 135.161493400000012, 34.7508418 ] } },
{ "type": "Feature", "properties": { "内容": "あさひケア居宅介護支援事業所【居宅介護支援】兵庫県神戸市北区鈴蘭台南町３丁目11－11ハーモニー西口２Ｆ", "url": "https://www.kaigokensaku.mhlw.go.jp/28/index.php?action_kouhyou_detail_004_kani=true&JigyosyoCd=2875002350-00&ServiceCd=430&Type=search", "url2": "http://asahi4141.com" }, "geometry": { "type": "Point", "coordinates": [ 135.140592328836107, 34.725828040628926 ] } },
{ "type": "Feature", "properties": { "内容": "居宅介護支援事業所いこり【居宅介護支援】兵庫県神戸市北区星和台5-7-70", "url": "https://www.kaigokensaku.mhlw.go.jp/28/index.php?action_kouhyou_detail_004_kani=true&JigyosyoCd=2875003747-00&ServiceCd=430&Type=search", "url2": null }, "geometry": { "type": "Point", "coordinates": [ 135.1203878, 34.7189287 ] } },
{ "type": "Feature", "properties": { "内容": "ケアプランセンターソラリスカトレア【居宅介護支援】兵庫県神戸市北区若葉台4丁目8番11号北鈴蘭台駅前ビル4階", "url": "https://www.kaigokensaku.mhlw.go.jp/28/index.php?action_kouhyou_detail_004_kani=true&JigyosyoCd=2875004414-00&ServiceCd=430&Type=search", "url2": null }, "geometry": { "type": "Point", "coordinates": [ 135.152327899999989, 34.7392261 ] } },
{ "type": "Feature", "properties": { "内容": "居宅介護支援リカバリー【居宅介護支援】兵庫県神戸市北区山田町原野字樋詰23番地", "url": "https://www.kaigokensaku.mhlw.go.jp/28/index.php?action_kouhyou_detail_004_kani=true&JigyosyoCd=2875004497-00&ServiceCd=430&Type=search", "url2": null }, "geometry": { "type": "Point", "coordinates": [ 135.138781200000011, 34.7666722 ] } },
{ "type": "Feature", "properties": { "内容": "社会福祉法人恩賜財団済生会支部兵庫県済生会　済生会ふじの里【居宅介護支援】兵庫県神戸市北区藤原台中町5丁目1番2号", "url": "https://www.kaigokensaku.mhlw.go.jp/28/index.php?action_kouhyou_detail_004_kani=true&JigyosyoCd=2875000156-00&ServiceCd=430&Type=search", "url2": "http://fujinosato.info/" }, "geometry": { "type": "Point", "coordinates": [ 135.214662800000042, 34.8225235 ] } },
{ "type": "Feature", "properties": { "内容": "神港園西鈴蘭台ケアプランセンター【居宅介護支援】神戸市北区南五葉１丁目２－２８サンロイヤル清水２０５号", "url": "https://www.kaigokensaku.mhlw.go.jp/28/index.php?action_kouhyou_detail_004_kani=true&JigyosyoCd=2875001758-00&ServiceCd=430&Type=search", "url2": "http://www.shinkouen.or.jp/" }, "geometry": { "type": "Point", "coordinates": [ 135.138626299999942, 34.7203204 ] } },
{ "type": "Feature", "properties": { "内容": "フォーライフ神戸ケアプランセンター【居宅介護支援】兵庫県神戸市北区鈴蘭台南町5丁目7-18-1F", "url": "https://www.kaigokensaku.mhlw.go.jp/28/index.php?action_kouhyou_detail_004_kani=true&JigyosyoCd=2875003630-00&ServiceCd=430&Type=search", "url2": "www.39life.co.jp" }, "geometry": { "type": "Point", "coordinates": [ 135.140943037730807, 34.722962900802457 ] } },
{ "type": "Feature", "properties": { "内容": "ケアプランセンター助っ人【居宅介護支援】兵庫県神戸市北区鈴蘭台北町５丁目１３番２号", "url": "https://www.kaigokensaku.mhlw.go.jp/28/index.php?action_kouhyou_detail_004_kani=true&JigyosyoCd=2875004067-00&ServiceCd=430&Type=search", "url2": null }, "geometry": { "type": "Point", "coordinates": [ 135.152356, 34.7276941 ] } },
{ "type": "Feature", "properties": { "内容": "居宅介護支援事業所　猫のて【居宅介護支援】兵庫県神戸市北区山田町小部字大歳馬場2メゾン・ド・ソリアード102", "url": "https://www.kaigokensaku.mhlw.go.jp/28/index.php?action_kouhyou_detail_004_kani=true&JigyosyoCd=2875004406-00&ServiceCd=430&Type=search", "url2": null }, "geometry": { "type": "Point", "coordinates": [ 135.1658261, 34.7353674 ] } },
{ "type": "Feature", "properties": { "内容": "西すず安心センター【居宅介護支援】神戸市北区北五葉１丁目13-1　レ・アールビル3Ｆ", "url": "https://www.kaigokensaku.mhlw.go.jp/28/index.php?action_kouhyou_detail_004_kani=true&JigyosyoCd=2875000222-00&ServiceCd=430&Type=search", "url2": null }, "geometry": { "type": "Point", "coordinates": [ 135.136656899999906, 34.7273168 ] } },
{ "type": "Feature", "properties": { "内容": "神鉄ケアサービスセンター【居宅介護支援】神戸市北区鈴蘭台南町６丁目１－１", "url": "https://www.kaigokensaku.mhlw.go.jp/28/index.php?action_kouhyou_detail_004_kani=true&JigyosyoCd=2875000487-00&ServiceCd=430&Type=search", "url2": "http://www.shintetsu.co.jp/" }, "geometry": { "type": "Point", "coordinates": [ 135.145866389217076, 34.721937713041875 ] } },
{ "type": "Feature", "properties": { "内容": "居宅介護支援事業所ハルカス【居宅介護支援】兵庫県神戸市北区菖蒲が丘１丁目534-59メディケアハウス神戸北１階", "url": "https://www.kaigokensaku.mhlw.go.jp/28/index.php?action_kouhyou_detail_004_kani=true&JigyosyoCd=2875002897-00&ServiceCd=430&Type=search", "url2": null }, "geometry": { "type": "Point", "coordinates": [ 135.2174771, 34.8399427 ] } },
{ "type": "Feature", "properties": { "内容": "昌和ウェルプランニング【居宅介護支援】脇浜町3丁目5-19ワコーレアプローズ春日野B1-101", "url": "https://www.kaigokensaku.mhlw.go.jp/28/index.php?action_kouhyou_detail_004_kani=true&JigyosyoCd=2875103554-00&ServiceCd=430&Type=search", "url2": null }, "geometry": { "type": "Point", "coordinates": [ 135.208739, 34.7003338 ] } },
{ "type": "Feature", "properties": { "内容": "一般財団法人　神戸在宅医療・介護推進財団　しあわせケアプランセンター【居宅介護支援】兵庫県神戸市中央区吾妻通5丁目2-20賀川記念館1階", "url": "https://www.kaigokensaku.mhlw.go.jp/28/index.php?action_kouhyou_detail_004_kani=true&JigyosyoCd=2875104552-00&ServiceCd=430&Type=search", "url2": "http://www.kzc.jp" }, "geometry": { "type": "Point", "coordinates": [ 135.203936399999975, 34.6976434 ] } },
{ "type": "Feature", "properties": { "内容": "ニチイケアセンター三宮【居宅介護支援】兵庫県神戸市中央区雲井通2丁目1-3レーベン三宮103号室", "url": "https://www.kaigokensaku.mhlw.go.jp/28/index.php?action_kouhyou_detail_004_kani=true&JigyosyoCd=2875100634-00&ServiceCd=430&Type=search", "url2": "http://www.nichiigakkan.co.jp" }, "geometry": { "type": "Point", "coordinates": [ 135.201066017613243, 34.696401570483879 ] } },
{ "type": "Feature", "properties": { "内容": "ひょうご聴覚障害者介護支援センター【居宅介護支援】兵庫県神戸市中央区元町通6丁目1番1号栄ビル8階　公益社団法人兵庫県聴覚障害者協会内", "url": "https://www.kaigokensaku.mhlw.go.jp/28/index.php?action_kouhyou_detail_004_kani=true&JigyosyoCd=2875101392-00&ServiceCd=430&Type=search", "url2": "http://hyogodeaf.com/office/kaigo" }, "geometry": { "type": "Point", "coordinates": [ 135.181016707045501, 34.683352325037397 ] } },
{ "type": "Feature", "properties": { "内容": "介護２４神戸南合同会社【居宅介護支援】兵庫県神戸市中央区元町通５丁目２番３号甲南サンシティー元町８２２号", "url": "https://www.kaigokensaku.mhlw.go.jp/28/index.php?action_kouhyou_detail_004_kani=true&JigyosyoCd=2875102564-00&ServiceCd=430&Type=search", "url2": null }, "geometry": { "type": "Point", "coordinates": [ 135.182757825043467, 34.6843862 ] } },
{ "type": "Feature", "properties": { "内容": "神戸高齢者ケアセンター真愛【居宅介護支援】神戸市中央区日暮通５丁目５番８号", "url": "https://www.kaigokensaku.mhlw.go.jp/28/index.php?action_kouhyou_detail_004_kani=true&JigyosyoCd=2875100063-00&ServiceCd=430&Type=search", "url2": "http://www.shin-ai.biz" }, "geometry": { "type": "Point", "coordinates": [ 135.203096400000049, 34.6985239 ] } },
{ "type": "Feature", "properties": { "内容": "オリンピア居宅介護支援事業所【居宅介護支援】神戸市中央区生田町１丁目２番３２号", "url": "https://www.kaigokensaku.mhlw.go.jp/28/index.php?action_kouhyou_detail_004_kani=true&JigyosyoCd=2875100196-00&ServiceCd=430&Type=search", "url2": "http://www.olympia.or.jp" }, "geometry": { "type": "Point", "coordinates": [ 135.196308, 34.7036815 ] } },
{ "type": "Feature", "properties": { "内容": "脇の浜高齢者介護支援センター【居宅介護支援】神戸市中央区脇浜海岸通3-2-6", "url": "https://www.kaigokensaku.mhlw.go.jp/28/index.php?action_kouhyou_detail_004_kani=true&JigyosyoCd=2875100246-00&ServiceCd=430&Type=search", "url2": "http://www.yasuragi-swc.or.jp/careport/index.html" }, "geometry": { "type": "Point", "coordinates": [ 135.207235, 34.6953605 ] } },
{ "type": "Feature", "properties": { "内容": "コウダイケアサービス居宅介護支援事業所【居宅介護支援】兵庫県神戸市中央区八幡通3丁目１番１４号サンシポートビル3階", "url": "https://www.kaigokensaku.mhlw.go.jp/28/index.php?action_kouhyou_detail_004_kani=true&JigyosyoCd=2875100279-00&ServiceCd=430&Type=search", "url2": "https://koudai-care.co.jp/" }, "geometry": { "type": "Point", "coordinates": [ 135.197753287974564, 34.690410042774459 ] } },
{ "type": "Feature", "properties": { "内容": "東川崎高齢者ケアセンター真愛【居宅介護支援】神戸市中央区東川崎町７丁目４－３2階", "url": "https://www.kaigokensaku.mhlw.go.jp/28/index.php?action_kouhyou_detail_004_kani=true&JigyosyoCd=2875100303-00&ServiceCd=430&Type=search", "url2": "http://www,shin-ai.biz/" }, "geometry": { "type": "Point", "coordinates": [ 135.179241881614615, 34.675186770957843 ] } },
{ "type": "Feature", "properties": { "内容": "神戸YWCAまごの手【居宅介護支援】神戸市中央区二宮町1-12-10", "url": "https://www.kaigokensaku.mhlw.go.jp/28/index.php?action_kouhyou_detail_004_kani=true&JigyosyoCd=2875100519-00&ServiceCd=430&Type=search", "url2": "http://www.kobe.ywca.or.jp" }, "geometry": { "type": "Point", "coordinates": [ 135.1982107, 34.7008319 ] } },
{ "type": "Feature", "properties": { "内容": "スミリンケアライフ株式会社　摩耶ステーション【居宅介護支援】兵庫県神戸市中央区脇浜町２丁目１１番１４号現代神戸ビル1階", "url": "https://www.kaigokensaku.mhlw.go.jp/28/index.php?action_kouhyou_detail_004_kani=true&JigyosyoCd=2875100600-00&ServiceCd=430&Type=search", "url2": "https://www.s-carelife.co.jp" }, "geometry": { "type": "Point", "coordinates": [ 135.2102734, 34.7045151 ] } },
{ "type": "Feature", "properties": { "内容": "すまいる居宅介護支援事業所【居宅介護支援】神戸市中央区中山手通4-17-34", "url": "https://www.kaigokensaku.mhlw.go.jp/28/index.php?action_kouhyou_detail_004_kani=true&JigyosyoCd=2875100790-00&ServiceCd=430&Type=search", "url2": "https://www.smile-kouseikai.com/" }, "geometry": { "type": "Point", "coordinates": [ 135.1849565, 34.6938241 ] } },
{ "type": "Feature", "properties": { "内容": "社会福祉法人　明倫福祉会　介護老人福祉施設　ぽー愛【居宅介護支援】兵庫県神戸市中央区港島中町５－２", "url": "https://www.kaigokensaku.mhlw.go.jp/28/index.php?action_kouhyou_detail_004_kani=true&JigyosyoCd=2875100931-00&ServiceCd=430&Type=search", "url2": "http://www.meirinfukushi.or.jp" }, "geometry": { "type": "Point", "coordinates": [ 135.209130100000039, 34.6638886 ] } },
{ "type": "Feature", "properties": { "内容": "神戸ポートピアステイ居宅介護支援事業所【居宅介護支援】神戸市中央区港島中町5丁目2-3", "url": "https://www.kaigokensaku.mhlw.go.jp/28/index.php?action_kouhyou_detail_004_kani=true&JigyosyoCd=2875101756-00&ServiceCd=430&Type=search", "url2": "http:www.keiai-kai.jp" }, "geometry": { "type": "Point", "coordinates": [ 135.209327300000041, 34.6632831 ] } },
{ "type": "Feature", "properties": { "内容": "神戸ケアセンター【居宅介護支援】兵庫県神戸市中央区中町通2丁目2－5ローレル神戸駅前102", "url": "https://www.kaigokensaku.mhlw.go.jp/28/index.php?action_kouhyou_detail_004_kani=true&JigyosyoCd=2875101962-00&ServiceCd=430&Type=search", "url2": "https://www.kobe-carecenter.com" }, "geometry": { "type": "Point", "coordinates": [ 135.176129700000047, 34.6790201 ] } },
{ "type": "Feature", "properties": { "内容": "めぐみケアセンター【居宅介護支援】神戸市中央区港島中町三丁目１番２号東急ポートアベニュー", "url": "https://www.kaigokensaku.mhlw.go.jp/28/index.php?action_kouhyou_detail_004_kani=true&JigyosyoCd=2875102002-00&ServiceCd=430&Type=search", "url2": "http://www.megumi-clinic.net/" }, "geometry": { "type": "Point", "coordinates": [ 135.210121396468651, 34.670377474902864 ] } },
{ "type": "Feature", "properties": { "内容": "介護老人保健施設　いつでも夢を　居宅介護支援事業所【居宅介護支援】兵庫県神戸市中央区下山手通7丁目１７－１", "url": "https://www.kaigokensaku.mhlw.go.jp/28/index.php?action_kouhyou_detail_004_kani=true&JigyosyoCd=2875102051-00&ServiceCd=430&Type=search", "url2": "http://itsuyume.jp" }, "geometry": { "type": "Point", "coordinates": [ 135.176312899999971, 34.6873025 ] } },
{ "type": "Feature", "properties": { "内容": "マリナーズ山手ケアプランセンター【居宅介護支援】兵庫県神戸市中央区中山手通7-3-18", "url": "https://www.kaigokensaku.mhlw.go.jp/28/index.php?action_kouhyou_detail_004_kani=true&JigyosyoCd=2875102408-00&ServiceCd=430&Type=search", "url2": "http://www.kobe-mariners.or.jp/" }, "geometry": { "type": "Point", "coordinates": [ 135.177087799999981, 34.6898911 ] } },
{ "type": "Feature", "properties": { "内容": "ケアプランセンター　サンケア【居宅介護支援】兵庫県神戸市中央区琴ノ緒町4丁目3番13号オリバー三宮ビル5階", "url": "https://www.kaigokensaku.mhlw.go.jp/28/index.php?action_kouhyou_detail_004_kani=true&JigyosyoCd=2875102929-00&ServiceCd=430&Type=search", "url2": "http://www.sanseihospital.com" }, "geometry": { "type": "Point", "coordinates": [ 135.1956583, 34.6960935 ] } },
{ "type": "Feature", "properties": { "内容": "ポート愛ランド。老健　ケアプランセンター【居宅介護支援】兵庫県神戸市中央区港島中町4－6", "url": "https://www.kaigokensaku.mhlw.go.jp/28/index.php?action_kouhyou_detail_004_kani=true&JigyosyoCd=2875103075-00&ServiceCd=430&Type=search", "url2": "http://kobe-seikoukai-port-island-rouken.jp/" }, "geometry": { "type": "Point", "coordinates": [ 135.20937439311524, 34.668627644523475 ] } },
{ "type": "Feature", "properties": { "内容": "ケアサポートらしく【居宅介護支援】兵庫県神戸市中央区筒井町３丁目2-25リーガーデン１階", "url": "https://www.kaigokensaku.mhlw.go.jp/28/index.php?action_kouhyou_detail_004_kani=true&JigyosyoCd=2875103091-00&ServiceCd=430&Type=search", "url2": "www.comuct.co.jp" }, "geometry": { "type": "Point", "coordinates": [ 135.208883300000025, 34.701434300000024 ] } },
{ "type": "Feature", "properties": { "内容": "居宅介護支援事業所サニーピア【居宅介護支援】兵庫県神戸市中央区波止場町3番12号", "url": "https://www.kaigokensaku.mhlw.go.jp/28/index.php?action_kouhyou_detail_004_kani=true&JigyosyoCd=2875103158-00&ServiceCd=430&Type=search", "url2": "http://www.sunny-pier.or.jp/" }, "geometry": { "type": "Point", "coordinates": [ 135.188905393392929, 34.685009478943286 ] } },
{ "type": "Feature", "properties": { "内容": "ケアプランセンターフクシクラフト【居宅介護支援】兵庫県神戸市中央区磯辺通2－2－25－202", "url": "https://www.kaigokensaku.mhlw.go.jp/28/index.php?action_kouhyou_detail_004_kani=true&JigyosyoCd=2875103786-00&ServiceCd=430&Type=search", "url2": null }, "geometry": { "type": "Point", "coordinates": [ 135.208652016932518, 34.699630877845365 ] } },
{ "type": "Feature", "properties": { "内容": "ケアプランセンター神戸【居宅介護支援】兵庫県神戸市中央区八幡通4丁目２－９フラワーロードビル３０３５号", "url": "https://www.kaigokensaku.mhlw.go.jp/28/index.php?action_kouhyou_detail_004_kani=true&JigyosyoCd=2875103802-00&ServiceCd=430&Type=search", "url2": null }, "geometry": { "type": "Point", "coordinates": [ 135.196501300000023, 34.6899397 ] } },
{ "type": "Feature", "properties": { "内容": "ケアセンターＨＯＰＥ【居宅介護支援】兵庫県神戸市中央区坂口通４丁目１番地１９号ユニオンハイツ坂口３０６号室", "url": "https://www.kaigokensaku.mhlw.go.jp/28/index.php?action_kouhyou_detail_004_kani=true&JigyosyoCd=2875103992-00&ServiceCd=430&Type=search", "url2": null }, "geometry": { "type": "Point", "coordinates": [ 135.2094069, 34.7074742 ] } },
{ "type": "Feature", "properties": { "内容": "ケアセンターともしび【居宅介護支援】神戸市中央区熊内町1丁目1番15号マンションガス灯　102号", "url": "https://www.kaigokensaku.mhlw.go.jp/28/index.php?action_kouhyou_detail_004_kani=true&JigyosyoCd=2875104008-00&ServiceCd=430&Type=search", "url2": null }, "geometry": { "type": "Point", "coordinates": [ 135.2039365, 34.707023800000023 ] } },
{ "type": "Feature", "properties": { "内容": "マリナーズみなとじまケアプランセンター【居宅介護支援】兵庫県神戸市中央区港島中町4丁目6番地", "url": "https://www.kaigokensaku.mhlw.go.jp/28/index.php?action_kouhyou_detail_004_kani=true&JigyosyoCd=2875104040-00&ServiceCd=430&Type=search", "url2": "http://www.pi.kobe-mariners.or.jp/careplancenter/" }, "geometry": { "type": "Point", "coordinates": [ 135.209401351589946, 34.669038946670589 ] } },
{ "type": "Feature", "properties": { "内容": "居宅介護支援事業所アスカケアライフ【居宅介護支援】兵庫県神戸市中央区宮本通3-1-30", "url": "https://www.kaigokensaku.mhlw.go.jp/28/index.php?action_kouhyou_detail_004_kani=true&JigyosyoCd=2875104065-00&ServiceCd=430&Type=search", "url2": "https://asukacarelife.co.jp/" }, "geometry": { "type": "Point", "coordinates": [ 135.210564260397575, 34.707374091708317 ] } },
{ "type": "Feature", "properties": { "内容": "ケアプランセンターらん【居宅介護支援】兵庫県神戸市中央区下山手通６丁目１番４号オフィス下山手７階オフィス下山手７階", "url": "https://www.kaigokensaku.mhlw.go.jp/28/index.php?action_kouhyou_detail_004_kani=true&JigyosyoCd=2875104172-00&ServiceCd=430&Type=search", "url2": null }, "geometry": { "type": "Point", "coordinates": [ 135.185877, 34.6939984 ] } },
{ "type": "Feature", "properties": { "内容": "さくら福祉ケアセンター【居宅介護支援】籠池通2丁目4-11-7", "url": "https://www.kaigokensaku.mhlw.go.jp/28/index.php?action_kouhyou_detail_004_kani=true&JigyosyoCd=2875104198-00&ServiceCd=430&Type=search", "url2": null }, "geometry": { "type": "Point", "coordinates": [ 135.209165500000012, 34.7120956 ] } },
{ "type": "Feature", "properties": { "内容": "ハピリフケアセンター【居宅介護支援】兵庫県神戸市中央区加納町3丁目12番4-202号室第2フタバビル", "url": "https://www.kaigokensaku.mhlw.go.jp/28/index.php?action_kouhyou_detail_004_kani=true&JigyosyoCd=2875104420-00&ServiceCd=430&Type=search", "url2": null }, "geometry": { "type": "Point", "coordinates": [ 135.1926937, 34.6980709 ] } },
{ "type": "Feature", "properties": { "内容": "公益社団法人兵庫県看護協会　神戸訪問看護ステーション【居宅介護支援】神戸市中央区下山手通5丁目6番24号看護協会会館１階", "url": "https://www.kaigokensaku.mhlw.go.jp/28/index.php?action_kouhyou_detail_004_kani=true&JigyosyoCd=2865190041-00&ServiceCd=430&Type=search", "url2": "https://www.hna.or.jp/" }, "geometry": { "type": "Point", "coordinates": [ 135.183058187171923, 34.689900543452062 ] } },
{ "type": "Feature", "properties": { "内容": "山陽ケアセンター神戸【居宅介護支援】神戸市中央区神若通4-2-15", "url": "https://www.kaigokensaku.mhlw.go.jp/28/index.php?action_kouhyou_detail_004_kani=true&JigyosyoCd=2875101681-00&ServiceCd=430&Type=search", "url2": "http://www.sanyo-medical.com" }, "geometry": { "type": "Point", "coordinates": [ 135.202385199999981, 34.7036067 ] } },
{ "type": "Feature", "properties": { "内容": "セントケア神戸【居宅介護支援】兵庫県神戸市中央区多聞通２－４－４ブックローン神戸ビル東館2階", "url": "https://www.kaigokensaku.mhlw.go.jp/28/index.php?action_kouhyou_detail_004_kani=true&JigyosyoCd=2875102028-00&ServiceCd=430&Type=search", "url2": "http://www.saint-care.com/" }, "geometry": { "type": "Point", "coordinates": [ 135.177283912092548, 34.681350752116074 ] } },
{ "type": "Feature", "properties": { "内容": "なかよしクラブ神戸中央【居宅介護支援】兵庫県神戸市中央区元町通４丁目3-13SEGOビル3F", "url": "https://www.kaigokensaku.mhlw.go.jp/28/index.php?action_kouhyou_detail_004_kani=true&JigyosyoCd=2875102705-00&ServiceCd=430&Type=search", "url2": null }, "geometry": { "type": "Point", "coordinates": [ 135.18343440182187, 34.68692386337208 ] } },
{ "type": "Feature", "properties": { "内容": "居宅支援　あじさいママ【居宅介護支援】神戸市中央区北長狭通8丁目1‐8　ライオンズマンション神戸西元町105号", "url": "https://www.kaigokensaku.mhlw.go.jp/28/index.php?action_kouhyou_detail_004_kani=true&JigyosyoCd=2875101434-00&ServiceCd=430&Type=search", "url2": "http://npocom.jimdo.com" }, "geometry": { "type": "Point", "coordinates": [ 135.178124078015458, 34.683048239018632 ] } },
{ "type": "Feature", "properties": { "内容": "三宮ケアプランセンター【居宅介護支援】兵庫県神戸市中央区琴ノ緒町３‐３－２６平田ビル１階", "url": "https://www.kaigokensaku.mhlw.go.jp/28/index.php?action_kouhyou_detail_004_kani=true&JigyosyoCd=2875103315-00&ServiceCd=430&Type=search", "url2": null }, "geometry": { "type": "Point", "coordinates": [ 135.195721439286814, 34.697461290854513 ] } },
{ "type": "Feature", "properties": { "内容": "居宅介護支援事業所　山手さくら苑【居宅介護支援】神戸市中央区下山手通7丁目1番16号", "url": "https://www.kaigokensaku.mhlw.go.jp/28/index.php?action_kouhyou_detail_004_kani=true&JigyosyoCd=2875101038-00&ServiceCd=430&Type=search", "url2": "http://kobechuofukusikai.net" }, "geometry": { "type": "Point", "coordinates": [ 135.17889880000007, 34.6881163 ] } },
{ "type": "Feature", "properties": { "内容": "ネオ介護支援センター【居宅介護支援】兵庫県神戸市中央区大日通5-1-9", "url": "https://www.kaigokensaku.mhlw.go.jp/28/index.php?action_kouhyou_detail_004_kani=true&JigyosyoCd=2875101467-00&ServiceCd=430&Type=search", "url2": null }, "geometry": { "type": "Point", "coordinates": [ 135.2086263, 34.7049484 ] } },
{ "type": "Feature", "properties": { "内容": "居宅介護支援事業所　　あおいそら【居宅介護支援】兵庫県神戸市中央区中町通２-３-２三共神戸ツインビル８階", "url": "https://www.kaigokensaku.mhlw.go.jp/28/index.php?action_kouhyou_detail_004_kani=true&JigyosyoCd=2875103653-00&ServiceCd=430&Type=search", "url2": null }, "geometry": { "type": "Point", "coordinates": [ 135.175954700000034, 34.6795145 ] } },
{ "type": "Feature", "properties": { "内容": "グリーンアップルプランニング【居宅介護支援】兵庫県神戸市中央区東雲通1-6-10", "url": "https://www.kaigokensaku.mhlw.go.jp/28/index.php?action_kouhyou_detail_004_kani=true&JigyosyoCd=2875104511-00&ServiceCd=430&Type=search", "url2": null }, "geometry": { "type": "Point", "coordinates": [ 135.2065527, 34.7030662 ] } },
{ "type": "Feature", "properties": { "内容": "居宅介護支援事業所　ケア・トラスト【居宅介護支援】神戸市中央区旭通１丁目１－１サンピア１１３－２", "url": "https://www.kaigokensaku.mhlw.go.jp/28/index.php?action_kouhyou_detail_004_kani=true&JigyosyoCd=2875101624-00&ServiceCd=430&Type=search", "url2": null }, "geometry": { "type": "Point", "coordinates": [ 135.200779189889346, 34.697643401735149 ] } },
{ "type": "Feature", "properties": { "内容": "指定居宅介護支援事業所友愛【居宅介護支援】兵庫県神戸市中央区大日通3丁目１－２", "url": "https://www.kaigokensaku.mhlw.go.jp/28/index.php?action_kouhyou_detail_004_kani=true&JigyosyoCd=2875102648-00&ServiceCd=430&Type=search", "url2": null }, "geometry": { "type": "Point", "coordinates": [ 135.21131498820796, 34.70559915017509 ] } },
{ "type": "Feature", "properties": { "内容": "ケアステーション　プリエール居宅介護支援事業所【居宅介護支援】神戸市中央区籠池通５丁目１－２５", "url": "https://www.kaigokensaku.mhlw.go.jp/28/index.php?action_kouhyou_detail_004_kani=true&JigyosyoCd=2875102382-00&ServiceCd=430&Type=search", "url2": null }, "geometry": { "type": "Point", "coordinates": [ 135.206365300000016, 34.7103116 ] } },
{ "type": "Feature", "properties": { "内容": "居宅介護支援事業所　さくらさく【居宅介護支援】兵庫県神戸市西区月が丘1丁目41番地12号", "url": "https://www.kaigokensaku.mhlw.go.jp/28/index.php?action_kouhyou_detail_004_kani=true&JigyosyoCd=2875205458-00&ServiceCd=430&Type=search", "url2": null }, "geometry": { "type": "Point", "coordinates": [ 135.0520201, 34.7560475 ] } },
{ "type": "Feature", "properties": { "内容": "居宅介護支援事業所　エルダービレッジ【居宅介護支援】兵庫県神戸市西区櫨谷町福谷882番", "url": "https://www.kaigokensaku.mhlw.go.jp/28/index.php?action_kouhyou_detail_004_kani=true&JigyosyoCd=2875203644-00&ServiceCd=430&Type=search", "url2": "http://www.asunaro-grp.jp/elder_village/" }, "geometry": { "type": "Point", "coordinates": [ 135.032549, 34.7276319 ] } },
{ "type": "Feature", "properties": { "内容": "ラビッツハウス【居宅介護支援】兵庫県神戸市西区伊川谷町有瀬490-2", "url": "https://www.kaigokensaku.mhlw.go.jp/28/index.php?action_kouhyou_detail_004_kani=true&JigyosyoCd=2875205474-00&ServiceCd=430&Type=search", "url2": null }, "geometry": { "type": "Point", "coordinates": [ 135.0276752, 34.6667582 ] } },
{ "type": "Feature", "properties": { "内容": "神戸市西区伊川谷町有瀬317-2【居宅介護支援】神戸市西区伊川谷町有瀬317-2介護老人保健施設　風と緑", "url": "https://www.kaigokensaku.mhlw.go.jp/28/index.php?action_kouhyou_detail_004_kani=true&JigyosyoCd=2875205532-00&ServiceCd=430&Type=search", "url2": null }, "geometry": { "type": "Point", "coordinates": [ 135.032289100000014, 34.6690028 ] } },
{ "type": "Feature", "properties": { "内容": "ハーベスピア西神居宅介護支援センター【居宅介護支援】兵庫県神戸市西区糀台５丁目6-1西区文化センタービル6階", "url": "https://www.kaigokensaku.mhlw.go.jp/28/index.php?action_kouhyou_detail_004_kani=true&JigyosyoCd=2875200012-00&ServiceCd=430&Type=search", "url2": null }, "geometry": { "type": "Point", "coordinates": [ 135.018910050926252, 34.717923124142786 ] } },
{ "type": "Feature", "properties": { "内容": "指定居宅介護支援事業所　サンホーム神戸西【居宅介護支援】兵庫県神戸市西区平野町印路８８７－８", "url": "https://www.kaigokensaku.mhlw.go.jp/28/index.php?action_kouhyou_detail_004_kani=true&JigyosyoCd=2875200038-00&ServiceCd=430&Type=search", "url2": "http://www.kobe-hinode.or.jp" }, "geometry": { "type": "Point", "coordinates": [ 134.9649723, 34.716602100000024 ] } },
{ "type": "Feature", "properties": { "内容": "社会福祉法人恩徳福祉会　居宅介護支援事業　サンビラこうべ【居宅介護支援】兵庫県神戸市西区神出町宝勢字大歳谷774-39", "url": "https://www.kaigokensaku.mhlw.go.jp/28/index.php?action_kouhyou_detail_004_kani=true&JigyosyoCd=2875200046-00&ServiceCd=430&Type=search", "url2": "https//www.ontoku.or.jp/facilities/sunvilla-care-plan/" }, "geometry": { "type": "Point", "coordinates": [ 134.972267842913908, 34.729322990905011 ] } },
{ "type": "Feature", "properties": { "内容": "永栄園居宅介護支援事業所【居宅介護支援】兵庫県神戸市西区伊川谷町長坂８００番地", "url": "https://www.kaigokensaku.mhlw.go.jp/28/index.php?action_kouhyou_detail_004_kani=true&JigyosyoCd=2875200061-00&ServiceCd=430&Type=search", "url2": "http://www.kobe-fukuseikai.com" }, "geometry": { "type": "Point", "coordinates": [ 135.033517, 34.6721852 ] } },
{ "type": "Feature", "properties": { "内容": "大慈園【居宅介護支援】兵庫県神戸市西区井吹台東町1丁目１－１", "url": "https://www.kaigokensaku.mhlw.go.jp/28/index.php?action_kouhyou_detail_004_kani=true&JigyosyoCd=2875200111-00&ServiceCd=430&Type=search", "url2": "http://www.daijien.com/" }, "geometry": { "type": "Point", "coordinates": [ 135.03173019999997, 34.6998463 ] } },
{ "type": "Feature", "properties": { "内容": "なでしこケアセンター【居宅介護支援】兵庫県神戸市西区春日台５丁目１７４－１０", "url": "https://www.kaigokensaku.mhlw.go.jp/28/index.php?action_kouhyou_detail_004_kani=true&JigyosyoCd=2875200129-00&ServiceCd=430&Type=search", "url2": "https://www.with-kobe.or.jp/zaitaku/" }, "geometry": { "type": "Point", "coordinates": [ 134.988111900000035, 34.702220100000034 ] } },
{ "type": "Feature", "properties": { "内容": "グリーンホームはくあい【居宅介護支援】兵庫県神戸市西区北山台３丁目１番１号", "url": "https://www.kaigokensaku.mhlw.go.jp/28/index.php?action_kouhyou_detail_004_kani=true&JigyosyoCd=2875200194-00&ServiceCd=430&Type=search", "url2": null }, "geometry": { "type": "Point", "coordinates": [ 135.034971839672835, 34.76478518930994 ] } },
{ "type": "Feature", "properties": { "内容": "指定居宅介護支援事業所ケアクラブ【居宅介護支援】神戸市西区枝吉１丁目１２番地サントロペ１F", "url": "https://www.kaigokensaku.mhlw.go.jp/28/index.php?action_kouhyou_detail_004_kani=true&JigyosyoCd=2875200202-00&ServiceCd=430&Type=search", "url2": null }, "geometry": { "type": "Point", "coordinates": [ 134.976049935581955, 34.664104261123818 ] } },
{ "type": "Feature", "properties": { "内容": "ケアプランセンターたまつ【居宅介護支援】神戸市西区玉津町小山１８０－３", "url": "https://www.kaigokensaku.mhlw.go.jp/28/index.php?action_kouhyou_detail_004_kani=true&JigyosyoCd=2875200277-00&ServiceCd=430&Type=search", "url2": null }, "geometry": { "type": "Point", "coordinates": [ 134.981812534522902, 34.683485061530575 ] } },
{ "type": "Feature", "properties": { "内容": "ハーベスピア【居宅介護支援】兵庫県神戸市西区伊川谷町有瀬1432-1", "url": "https://www.kaigokensaku.mhlw.go.jp/28/index.php?action_kouhyou_detail_004_kani=true&JigyosyoCd=2875200509-00&ServiceCd=430&Type=search", "url2": "http://www4.ocn.ne.jp/~ha-besu/" }, "geometry": { "type": "Point", "coordinates": [ 135.012610600000016, 34.6627081 ] } },
{ "type": "Feature", "properties": { "内容": "ケアプランセンターいわおか【居宅介護支援】神戸市西区竜が岡1丁目3-3", "url": "https://www.kaigokensaku.mhlw.go.jp/28/index.php?action_kouhyou_detail_004_kani=true&JigyosyoCd=2875200566-00&ServiceCd=430&Type=search", "url2": null }, "geometry": { "type": "Point", "coordinates": [ 134.939145989566583, 34.709410348602418 ] } },
{ "type": "Feature", "properties": { "内容": "西神の里【居宅介護支援】兵庫県神戸市西区岩岡町古郷２８８８番地", "url": "https://www.kaigokensaku.mhlw.go.jp/28/index.php?action_kouhyou_detail_004_kani=true&JigyosyoCd=2875200905-00&ServiceCd=430&Type=search", "url2": "http://www.seishinnosato.jp/" }, "geometry": { "type": "Point", "coordinates": [ 134.923089299999987, 34.7253041 ] } },
{ "type": "Feature", "properties": { "内容": "フェニックス指定居宅介護支援事業所【居宅介護支援】神戸市西区岩岡町岩岡917-13", "url": "https://www.kaigokensaku.mhlw.go.jp/28/index.php?action_kouhyou_detail_004_kani=true&JigyosyoCd=2875201895-00&ServiceCd=430&Type=search", "url2": "http://www.ikkoukai.jp/" }, "geometry": { "type": "Point", "coordinates": [ 134.946839320237672, 34.719627291998819 ] } },
{ "type": "Feature", "properties": { "内容": "居宅介護支援事業所　ほっと倶楽部【居宅介護支援】兵庫県神戸市西区伊川谷町別府７１９番地１有料老人ホームほっと倶楽部", "url": "https://www.kaigokensaku.mhlw.go.jp/28/index.php?action_kouhyou_detail_004_kani=true&JigyosyoCd=2875201937-00&ServiceCd=430&Type=search", "url2": null }, "geometry": { "type": "Point", "coordinates": [ 135.018210100000033, 34.6675048 ] } },
{ "type": "Feature", "properties": { "内容": "なぎさ居宅サービス【居宅介護支援】兵庫県神戸市西区宮下２丁目８－１４－１０３", "url": "https://www.kaigokensaku.mhlw.go.jp/28/index.php?action_kouhyou_detail_004_kani=true&JigyosyoCd=2875202158-00&ServiceCd=430&Type=search", "url2": null }, "geometry": { "type": "Point", "coordinates": [ 134.978109335870528, 34.690565527386006 ] } },
{ "type": "Feature", "properties": { "内容": "めばえ【居宅介護支援】兵庫県神戸市西区前開南町1丁目5-12-101", "url": "https://www.kaigokensaku.mhlw.go.jp/28/index.php?action_kouhyou_detail_004_kani=true&JigyosyoCd=2875203024-00&ServiceCd=430&Type=search", "url2": null }, "geometry": { "type": "Point", "coordinates": [ 135.04246569999998, 34.6879143 ] } },
{ "type": "Feature", "properties": { "内容": "ゆいケアプランセンター【居宅介護支援】兵庫県神戸市西区前開南町1-3-8ゆいま～る伊川谷　１F", "url": "https://www.kaigokensaku.mhlw.go.jp/28/index.php?action_kouhyou_detail_004_kani=true&JigyosyoCd=2875203032-00&ServiceCd=430&Type=search", "url2": "http://www.yui-care.net/" }, "geometry": { "type": "Point", "coordinates": [ 135.041724099999982, 34.6881365 ] } },
{ "type": "Feature", "properties": { "内容": "居宅介護支援事業所ふるさと有瀬【居宅介護支援】兵庫県神戸市西区伊川谷町有瀬31-1ファルファーラ伊川谷205", "url": "https://www.kaigokensaku.mhlw.go.jp/28/index.php?action_kouhyou_detail_004_kani=true&JigyosyoCd=2875203131-00&ServiceCd=430&Type=search", "url2": "http://www.tokuyo-furusato.or.jp/" }, "geometry": { "type": "Point", "coordinates": [ 135.035875199999964, 34.6686329 ] } },
{ "type": "Feature", "properties": { "内容": "プライムプラン　リハ・リハ【居宅介護支援】兵庫県神戸市西区前開南町2丁目13－14", "url": "https://www.kaigokensaku.mhlw.go.jp/28/index.php?action_kouhyou_detail_004_kani=true&JigyosyoCd=2875203149-00&ServiceCd=430&Type=search", "url2": "http://www.reha-reha.jp" }, "geometry": { "type": "Point", "coordinates": [ 135.0444989, 34.6871117 ] } },
{ "type": "Feature", "properties": { "内容": "学園都市居宅介護支援事業所【居宅介護支援】神戸市西区学園西町１丁目４キャンパススクエア東館１F", "url": "https://www.kaigokensaku.mhlw.go.jp/28/index.php?action_kouhyou_detail_004_kani=true&JigyosyoCd=2875203438-00&ServiceCd=430&Type=search", "url2": null }, "geometry": { "type": "Point", "coordinates": [ 135.058100599999989, 34.6834817 ] } },
{ "type": "Feature", "properties": { "内容": "やさしい手神戸西居宅介護支援事業所【居宅介護支援】糀台5-6-1西区文化センター6階", "url": "https://www.kaigokensaku.mhlw.go.jp/28/index.php?action_kouhyou_detail_004_kani=true&JigyosyoCd=2875203826-00&ServiceCd=430&Type=search", "url2": "www.yasashiite.com" }, "geometry": { "type": "Point", "coordinates": [ 135.018872500000043, 34.7184302 ] } },
{ "type": "Feature", "properties": { "内容": "カトレア居宅介護支援センター【居宅介護支援】兵庫県神戸市西区南別府２丁目１５－１２", "url": "https://www.kaigokensaku.mhlw.go.jp/28/index.php?action_kouhyou_detail_004_kani=true&JigyosyoCd=2875204014-00&ServiceCd=430&Type=search", "url2": null }, "geometry": { "type": "Point", "coordinates": [ 135.0155992, 34.6710739 ] } },
{ "type": "Feature", "properties": { "内容": "オアシス神戸西　居宅介護支援事業所【居宅介護支援】兵庫県神戸市西区伊川谷町潤和１０５８西神文化センター３階", "url": "https://www.kaigokensaku.mhlw.go.jp/28/index.php?action_kouhyou_detail_004_kani=true&JigyosyoCd=2875204089-00&ServiceCd=430&Type=search", "url2": "http://ja-oasis.com/pages/162" }, "geometry": { "type": "Point", "coordinates": [ 134.998076304893516, 34.665367473020751 ] } },
{ "type": "Feature", "properties": { "内容": "リアルライフ神戸【居宅介護支援】兵庫県神戸市西区伊川谷町有瀬696番地の16サービス付き高齢者向け住宅　リアルライフ神戸", "url": "https://www.kaigokensaku.mhlw.go.jp/28/index.php?action_kouhyou_detail_004_kani=true&JigyosyoCd=2875204139-00&ServiceCd=430&Type=search", "url2": null }, "geometry": { "type": "Point", "coordinates": [ 135.01825180000003, 34.6627748 ] } },
{ "type": "Feature", "properties": { "内容": "ケアマネステーションわたぼうしＷＥＳＴ【居宅介護支援】井吹台西町３-18-6", "url": "https://www.kaigokensaku.mhlw.go.jp/28/index.php?action_kouhyou_detail_004_kani=true&JigyosyoCd=2875204378-00&ServiceCd=430&Type=search", "url2": "https://www.hayashiyama.jp/wataboushi-home" }, "geometry": { "type": "Point", "coordinates": [ 135.024998, 34.6935868 ] } },
{ "type": "Feature", "properties": { "内容": "あいのわケアプランセンター【居宅介護支援】兵庫県神戸市西区糀台5丁目6番3号　神戸西神オリエンタルホテル4階", "url": "https://www.kaigokensaku.mhlw.go.jp/28/index.php?action_kouhyou_detail_004_kani=true&JigyosyoCd=2875204451-00&ServiceCd=430&Type=search", "url2": "http://hp.kaipoke.biz/hu4/" }, "geometry": { "type": "Point", "coordinates": [ 135.018249868095609, 34.720179316694519 ] } },
{ "type": "Feature", "properties": { "内容": "ベストプレイスケア神戸西【居宅介護支援】兵庫県神戸市西区池上1丁目14番地の4プリンセス池上607号", "url": "https://www.kaigokensaku.mhlw.go.jp/28/index.php?action_kouhyou_detail_004_kani=true&JigyosyoCd=2875204600-00&ServiceCd=430&Type=search", "url2": null }, "geometry": { "type": "Point", "coordinates": [ 135.027008154631062, 34.670427847601552 ] } },
{ "type": "Feature", "properties": { "内容": "ラヴィーケアプランセンター【居宅介護支援】兵庫県神戸市伊川谷町有瀬1248-1", "url": "https://www.kaigokensaku.mhlw.go.jp/28/index.php?action_kouhyou_detail_004_kani=true&JigyosyoCd=2875204667-00&ServiceCd=430&Type=search", "url2": "https://la-vie.biz/" }, "geometry": { "type": "Point", "coordinates": [ 135.017528486508127, 34.665877870014363 ] } },
{ "type": "Feature", "properties": { "内容": "ハンド・イン・ハンド福祉相談室【居宅介護支援】兵庫県神戸市西区岩岡町西脇909-2", "url": "https://www.kaigokensaku.mhlw.go.jp/28/index.php?action_kouhyou_detail_004_kani=true&JigyosyoCd=2875204675-00&ServiceCd=430&Type=search", "url2": null }, "geometry": { "type": "Point", "coordinates": [ 134.925231368122923, 34.705726685170525 ] } },
{ "type": "Feature", "properties": { "内容": "やさしい手伊川谷居宅介護支援事業所【居宅介護支援】大津和3-6-4　シャルマンディアントス１階１０１号シャルマンディアントス１階１０１号", "url": "https://www.kaigokensaku.mhlw.go.jp/28/index.php?action_kouhyou_detail_004_kani=true&JigyosyoCd=2875204808-00&ServiceCd=430&Type=search", "url2": "https://search.yasashiite.com/detail/kyotakukaigo_ikawadani/" }, "geometry": { "type": "Point", "coordinates": [ 135.0260974, 34.6684059 ] } },
{ "type": "Feature", "properties": { "内容": "居宅介護支援センターファミリア神戸【居宅介護支援】兵庫県神戸市西区池上２丁目３７－１", "url": "https://www.kaigokensaku.mhlw.go.jp/28/index.php?action_kouhyou_detail_004_kani=true&JigyosyoCd=2875205128-00&ServiceCd=430&Type=search", "url2": "https://www.familiar-ns.com" }, "geometry": { "type": "Point", "coordinates": [ 135.0240303, 34.6735586 ] } },
{ "type": "Feature", "properties": { "内容": "クリオケアプランニング西神【居宅介護支援】神戸市西区櫨谷町友清22-1-106号いぶきの杜クリニックモール内", "url": "https://www.kaigokensaku.mhlw.go.jp/28/index.php?action_kouhyou_detail_004_kani=true&JigyosyoCd=2875205359-00&ServiceCd=430&Type=search", "url2": "http://kuriokango.jp/" }, "geometry": { "type": "Point", "coordinates": [ 135.04596111634163, 34.71416833658769 ] } },
{ "type": "Feature", "properties": { "内容": "ケアプランセンターおしべ【居宅介護支援】押部谷町栄193-4押部あんしんすこやかセンター２階", "url": "https://www.kaigokensaku.mhlw.go.jp/28/index.php?action_kouhyou_detail_004_kani=true&JigyosyoCd=2875205243-00&ServiceCd=430&Type=search", "url2": "https://kyowa-rehacare.wakeikai-gr.or.jp/" }, "geometry": { "type": "Point", "coordinates": [ 135.0551664, 34.7549162 ] } },
{ "type": "Feature", "properties": { "内容": "居宅介護支援事業所　HANAZONO【居宅介護支援】兵庫県神戸市西区平野町慶明字花岡77", "url": "https://www.kaigokensaku.mhlw.go.jp/28/index.php?action_kouhyou_detail_004_kani=true&JigyosyoCd=2875205300-00&ServiceCd=430&Type=search", "url2": "http://hanazono-h.com" }, "geometry": { "type": "Point", "coordinates": [ 134.9871757, 34.6916306 ] } },
{ "type": "Feature", "properties": { "内容": "居宅介護支援事業所　燦燦【居宅介護支援】兵庫県神戸市西区池上二丁目20-1ぬくもりの家　こころ　232号", "url": "https://www.kaigokensaku.mhlw.go.jp/28/index.php?action_kouhyou_detail_004_kani=true&JigyosyoCd=2875203875-00&ServiceCd=430&Type=search", "url2": null }, "geometry": { "type": "Point", "coordinates": [ 135.026406599999973, 34.671374 ] } },
{ "type": "Feature", "properties": { "内容": "月の丘ケアプランセンター【居宅介護支援】兵庫県神戸市西区月が丘５丁目1-14", "url": "https://www.kaigokensaku.mhlw.go.jp/28/index.php?action_kouhyou_detail_004_kani=true&JigyosyoCd=2875205466-00&ServiceCd=430&Type=search", "url2": null }, "geometry": { "type": "Point", "coordinates": [ 135.050500699999986, 34.7603224 ] } },
{ "type": "Feature", "properties": { "内容": "生活協同組合コープこうべ居宅介護支援センター西神南【居宅介護支援】兵庫県神戸市西区井吹台東町1-1-3コープ西神南１階", "url": "https://www.kaigokensaku.mhlw.go.jp/28/index.php?action_kouhyou_detail_004_kani=true&JigyosyoCd=2875200400-00&ServiceCd=430&Type=search", "url2": "http://www.kobe.coop.or.jp/" }, "geometry": { "type": "Point", "coordinates": [ 135.0305624, 34.7001458 ] } },
{ "type": "Feature", "properties": { "内容": "ケアプランセンターすみれWEST【居宅介護支援】神戸市西区池上2丁目4番地4", "url": "https://www.kaigokensaku.mhlw.go.jp/28/index.php?action_kouhyou_detail_004_kani=true&JigyosyoCd=2875205102-00&ServiceCd=430&Type=search", "url2": null }, "geometry": { "type": "Point", "coordinates": [ 135.0274018, 34.6724555 ] } },
{ "type": "Feature", "properties": { "内容": "医療法人社団　よしだ内科診療所【居宅介護支援】神戸市西区春日台３丁目３－２０", "url": "https://www.kaigokensaku.mhlw.go.jp/28/index.php?action_kouhyou_detail_004_kani=true&JigyosyoCd=2815201419-00&ServiceCd=430&Type=search", "url2": "http://w1.my-clinic.com/yoshida/index.php" }, "geometry": { "type": "Point", "coordinates": [ 134.996561, 34.7076059 ] } },
{ "type": "Feature", "properties": { "内容": "いかわ居宅介護支援事業所【居宅介護支援】兵庫県神戸市西区平野町向井９３－１", "url": "https://www.kaigokensaku.mhlw.go.jp/28/index.php?action_kouhyou_detail_004_kani=true&JigyosyoCd=2875201218-00&ServiceCd=430&Type=search", "url2": null }, "geometry": { "type": "Point", "coordinates": [ 134.983151200000094, 34.7002759 ] } },
{ "type": "Feature", "properties": { "内容": "西神中央えがおの窓口【居宅介護支援】神戸市西区竹の台６丁目４－２", "url": "https://www.kaigokensaku.mhlw.go.jp/28/index.php?action_kouhyou_detail_004_kani=true&JigyosyoCd=2875201341-00&ServiceCd=430&Type=search", "url2": null }, "geometry": { "type": "Point", "coordinates": [ 135.015292300000027, 34.7189301 ] } },
{ "type": "Feature", "properties": { "内容": "あいの実ケアプランニング【居宅介護支援】井吹台西町5丁目28－5", "url": "https://www.kaigokensaku.mhlw.go.jp/28/index.php?action_kouhyou_detail_004_kani=true&JigyosyoCd=2875205375-00&ServiceCd=430&Type=search", "url2": null }, "geometry": { "type": "Point", "coordinates": [ 135.0170736, 34.6949575 ] } },
{ "type": "Feature", "properties": { "内容": "AnyCareケアプランセンター【居宅介護支援】兵庫県神戸市西区学園東町６－２－１０", "url": "https://www.kaigokensaku.mhlw.go.jp/28/index.php?action_kouhyou_detail_004_kani=true&JigyosyoCd=2875205581-00&ServiceCd=430&Type=search", "url2": null }, "geometry": { "type": "Point", "coordinates": [ 135.070322800000014, 34.6812664 ] } },
{ "type": "Feature", "properties": { "内容": "神港園シルビアケアプランセンター【居宅介護支援】神戸市西区神出町東1188-70", "url": "https://www.kaigokensaku.mhlw.go.jp/28/index.php?action_kouhyou_detail_004_kani=true&JigyosyoCd=2875200103-00&ServiceCd=430&Type=search", "url2": "http://wwwshinkouen.or.jo" }, "geometry": { "type": "Point", "coordinates": [ 135.01703329999998, 34.7591087 ] } },
{ "type": "Feature", "properties": { "内容": "ラグナケア春日台【居宅介護支援】神戸市西区春日台7丁目45-2", "url": "https://www.kaigokensaku.mhlw.go.jp/28/index.php?action_kouhyou_detail_004_kani=true&JigyosyoCd=2875203172-00&ServiceCd=430&Type=search", "url2": "http://www.houonkai.jp/" }, "geometry": { "type": "Point", "coordinates": [ 134.990761600000042, 34.7086779 ] } },
{ "type": "Feature", "properties": { "内容": "居宅介護支援事業所ファースト【居宅介護支援】兵庫県神戸市西区美穂が丘5丁目101-8-1", "url": "https://www.kaigokensaku.mhlw.go.jp/28/index.php?action_kouhyou_detail_004_kani=true&JigyosyoCd=2875204154-00&ServiceCd=430&Type=search", "url2": null }, "geometry": { "type": "Point", "coordinates": [ 135.045777223942537, 34.760247802828523 ] } },
{ "type": "Feature", "properties": { "内容": "桜が丘西居宅支援サービス【居宅介護支援】兵庫県神戸市西区桜丘西町２丁目２０－１５", "url": "https://www.kaigokensaku.mhlw.go.jp/28/index.php?action_kouhyou_detail_004_kani=true&JigyosyoCd=2875204816-00&ServiceCd=430&Type=search", "url2": null }, "geometry": { "type": "Point", "coordinates": [ 135.0525791, 34.7483576 ] } },
{ "type": "Feature", "properties": { "内容": "神出シニアケアプランセンター【居宅介護支援】神戸市西区神出町南368-119", "url": "https://www.kaigokensaku.mhlw.go.jp/28/index.php?action_kouhyou_detail_004_kani=true&JigyosyoCd=2875200178-00&ServiceCd=430&Type=search", "url2": "http://www.yoneda-hospital.com/kande/" }, "geometry": { "type": "Point", "coordinates": [ 134.998774300000036, 34.7441994 ] } },
{ "type": "Feature", "properties": { "内容": "アンズケアサービス【居宅介護支援】神戸市西区桜が丘中町3-2-3ジョイフル2F", "url": "https://www.kaigokensaku.mhlw.go.jp/28/index.php?action_kouhyou_detail_004_kani=true&JigyosyoCd=2875203297-00&ServiceCd=430&Type=search", "url2": "http://towa-a.com/" }, "geometry": { "type": "Point", "coordinates": [ 135.058719599999989, 34.7465116 ] } },
{ "type": "Feature", "properties": { "内容": "居宅介護支援事業所はぴする【居宅介護支援】森友5丁目106", "url": "https://www.kaigokensaku.mhlw.go.jp/28/index.php?action_kouhyou_detail_004_kani=true&JigyosyoCd=2875205425-00&ServiceCd=430&Type=search", "url2": "https://ippoippo.or.jp" }, "geometry": { "type": "Point", "coordinates": [ 134.9848275, 34.6658262 ] } },
{ "type": "Feature", "properties": { "内容": "ケアプランセンターそら【居宅介護支援】玉津町高津橋597-11", "url": "https://www.kaigokensaku.mhlw.go.jp/28/index.php?action_kouhyou_detail_004_kani=true&JigyosyoCd=2875205565-00&ServiceCd=430&Type=search", "url2": null }, "geometry": { "type": "Point", "coordinates": [ 134.994361199999986, 34.670494 ] } },
{ "type": "Feature", "properties": { "内容": "ケアプランクオリティ【居宅介護支援】兵庫県姫路市朝日町５８番地メゾンそれいゆ6-A", "url": "https://www.kaigokensaku.mhlw.go.jp/28/index.php?action_kouhyou_detail_004_kani=true&JigyosyoCd=2874007988-00&ServiceCd=430&Type=search", "url2": null }, "geometry": { "type": "Point", "coordinates": [ 134.696993, 34.8279888 ] } },
{ "type": "Feature", "properties": { "内容": "にじぞら居宅介護支援事業所【居宅介護支援】栗山町149番地", "url": "https://www.kaigokensaku.mhlw.go.jp/28/index.php?action_kouhyou_detail_004_kani=true&JigyosyoCd=2874008440-00&ServiceCd=430&Type=search", "url2": null }, "geometry": { "type": "Point", "coordinates": [ 141.7841372, 43.0563748 ] } },
{ "type": "Feature", "properties": { "内容": "カナイ介護センター【居宅介護支援】姫路市網干区新在家1382-2", "url": "https://www.kaigokensaku.mhlw.go.jp/28/index.php?action_kouhyou_detail_004_kani=true&JigyosyoCd=2874004571-00&ServiceCd=430&Type=search", "url2": "http://kanaicare.com" }, "geometry": { "type": "Point", "coordinates": [ 134.588433500000065, 34.7834078 ] } },
{ "type": "Feature", "properties": { "内容": "居宅介護支援事業所　ユニバーサル２４【居宅介護支援】兵庫県姫路市青山西１丁目１１－２４", "url": "https://www.kaigokensaku.mhlw.go.jp/28/index.php?action_kouhyou_detail_004_kani=true&JigyosyoCd=2874005800-00&ServiceCd=430&Type=search", "url2": null }, "geometry": { "type": "Point", "coordinates": [ 134.631429, 34.8452676 ] } },
{ "type": "Feature", "properties": { "内容": "アスケア居宅介護支援事業所【居宅介護支援】兵庫県姫路市下手野5丁目23番47号", "url": "https://www.kaigokensaku.mhlw.go.jp/28/index.php?action_kouhyou_detail_004_kani=true&JigyosyoCd=2874007038-00&ServiceCd=430&Type=search", "url2": "https://ascare.co.jp" }, "geometry": { "type": "Point", "coordinates": [ 134.654776972021807, 34.850991428225399 ] } },
{ "type": "Feature", "properties": { "内容": "すみれ居宅介護支援事業所【居宅介護支援】勝原区下太田282番地5", "url": "https://www.kaigokensaku.mhlw.go.jp/28/index.php?action_kouhyou_detail_004_kani=true&JigyosyoCd=2874009208-00&ServiceCd=430&Type=search", "url2": null }, "geometry": { "type": "Point", "coordinates": [ 134.602135699999963, 34.8226349 ] } },
{ "type": "Feature", "properties": { "内容": "居宅介護支援事業所ふるさと【居宅介護支援】兵庫県姫路市大津区長松68-1", "url": "https://www.kaigokensaku.mhlw.go.jp/28/index.php?action_kouhyou_detail_004_kani=true&JigyosyoCd=2874009513-00&ServiceCd=430&Type=search", "url2": null }, "geometry": { "type": "Point", "coordinates": [ 134.602041, 34.803926 ] } },
{ "type": "Feature", "properties": { "内容": "居宅介護支援事業所いろは【居宅介護支援】兵庫県姫路市飾磨区今在家４丁目２２デイサービスセンターゆずりは飾磨内", "url": "https://www.kaigokensaku.mhlw.go.jp/28/index.php?action_kouhyou_detail_004_kani=true&JigyosyoCd=2874009638-00&ServiceCd=430&Type=search", "url2": "http://www.sunnyheart.co.jp/" }, "geometry": { "type": "Point", "coordinates": [ 134.651998099999986, 34.8037891 ] } },
{ "type": "Feature", "properties": { "内容": "ケアサポートうきた【居宅介護支援】兵庫県姫路市新在家本町2丁目2番3号", "url": "https://www.kaigokensaku.mhlw.go.jp/28/index.php?action_kouhyou_detail_004_kani=true&JigyosyoCd=2874010024-00&ServiceCd=430&Type=search", "url2": null }, "geometry": { "type": "Point", "coordinates": [ 134.689361179484564, 34.850600883919526 ] } },
{ "type": "Feature", "properties": { "内容": "ツクイ姫路飾磨【居宅介護支援】兵庫県姫路市飾磨区英賀西町1-58", "url": "https://www.kaigokensaku.mhlw.go.jp/28/index.php?action_kouhyou_detail_004_kani=true&JigyosyoCd=2874010263-00&ServiceCd=430&Type=search", "url2": null }, "geometry": { "type": "Point", "coordinates": [ 134.6423843, 34.803495 ] } },
{ "type": "Feature", "properties": { "内容": "デコ・フォルテ介護相談支援センター【居宅介護支援】兵庫県姫路市家島町宮1410-34", "url": "https://www.kaigokensaku.mhlw.go.jp/28/index.php?action_kouhyou_detail_004_kani=true&JigyosyoCd=2874010305-00&ServiceCd=430&Type=search", "url2": null }, "geometry": { "type": "Point", "coordinates": [ 134.533123100000012, 34.6729082 ] } },
{ "type": "Feature", "properties": { "内容": "ぼうぜ居宅介護支援事業所【居宅介護支援】家島町坊勢702番地230", "url": "https://www.kaigokensaku.mhlw.go.jp/28/index.php?action_kouhyou_detail_004_kani=true&JigyosyoCd=2874010388-00&ServiceCd=430&Type=search", "url2": null }, "geometry": { "type": "Point", "coordinates": [ 134.508098072808082, 34.648440021276762 ] } },
{ "type": "Feature", "properties": { "内容": "ケアプランつながり【居宅介護支援】兵庫県姫路市下手野4-8-52", "url": "https://www.kaigokensaku.mhlw.go.jp/28/index.php?action_kouhyou_detail_004_kani=true&JigyosyoCd=2874010701-00&ServiceCd=430&Type=search", "url2": null }, "geometry": { "type": "Point", "coordinates": [ 134.6515124, 34.8506393 ] } },
{ "type": "Feature", "properties": { "内容": "こはく堂居宅介護支援事業所【居宅介護支援】兵庫県姫路市飾磨区英賀乙15番地1", "url": "https://www.kaigokensaku.mhlw.go.jp/28/index.php?action_kouhyou_detail_004_kani=true&JigyosyoCd=2874009232-00&ServiceCd=430&Type=search", "url2": null }, "geometry": { "type": "Point", "coordinates": [ 134.650595169311487, 34.799833049977202 ] } },
{ "type": "Feature", "properties": { "内容": "ケアプランあさがお【居宅介護支援】兵庫県姫路市岡田350番地1ジヴェルニー岡田902号", "url": "https://www.kaigokensaku.mhlw.go.jp/28/index.php?action_kouhyou_detail_004_kani=true&JigyosyoCd=2874010693-00&ServiceCd=430&Type=search", "url2": "https://m-glory.fun/" }, "geometry": { "type": "Point", "coordinates": [ 134.665219, 34.8263341 ] } },
{ "type": "Feature", "properties": { "内容": "サンライフ土山居宅介護支援事業所【居宅介護支援】兵庫県姫路市土山東の町9番12号", "url": "https://www.kaigokensaku.mhlw.go.jp/28/index.php?action_kouhyou_detail_004_kani=true&JigyosyoCd=2874009083-00&ServiceCd=430&Type=search", "url2": null }, "geometry": { "type": "Point", "coordinates": [ 134.6775169, 34.8327108 ] } },
{ "type": "Feature", "properties": { "内容": "ライフプラス阿吽【居宅介護支援】兵庫県姫路市岡田556番地", "url": "https://www.kaigokensaku.mhlw.go.jp/28/index.php?action_kouhyou_detail_004_kani=true&JigyosyoCd=2874009612-00&ServiceCd=430&Type=search", "url2": "https://peraichi.com/landing_pages/view/joslz" }, "geometry": { "type": "Point", "coordinates": [ 134.666005101188631, 34.824117951802279 ] } },
{ "type": "Feature", "properties": { "内容": "ツカザキ居宅介護支援事事業所網干【居宅介護支援】兵庫県姫路市網干区和久34番地4", "url": "https://www.kaigokensaku.mhlw.go.jp/28/index.php?action_kouhyou_detail_004_kani=true&JigyosyoCd=2874009810-00&ServiceCd=430&Type=search", "url2": "http://tsukazaki-zaitaku.jp" }, "geometry": { "type": "Point", "coordinates": [ 134.590538851463322, 34.809360305725178 ] } },
{ "type": "Feature", "properties": { "内容": "居宅介護支援事業所　キャッシル真和【居宅介護支援】姫路市山田町西山田726-1", "url": "https://www.kaigokensaku.mhlw.go.jp/28/index.php?action_kouhyou_detail_004_kani=true&JigyosyoCd=2874000116-00&ServiceCd=430&Type=search", "url2": "http://www.casil.or.jp" }, "geometry": { "type": "Point", "coordinates": [ 134.772683499999971, 34.9057619 ] } },
{ "type": "Feature", "properties": { "内容": "ケアプラン楓【居宅介護支援】兵庫県姫路市書写1276-3プラム書写106号室", "url": "https://www.kaigokensaku.mhlw.go.jp/28/index.php?action_kouhyou_detail_004_kani=true&JigyosyoCd=2874009240-00&ServiceCd=430&Type=search", "url2": null }, "geometry": { "type": "Point", "coordinates": [ 134.663597592134096, 34.876021688191315 ] } },
{ "type": "Feature", "properties": { "内容": "居宅介護支援事業所　歩歩【居宅介護支援】兵庫県姫路市夢前町前之庄2935-1", "url": "https://www.kaigokensaku.mhlw.go.jp/28/index.php?action_kouhyou_detail_004_kani=true&JigyosyoCd=2873500272-00&ServiceCd=430&Type=search", "url2": "http://www.yumesaki-kai.jp" }, "geometry": { "type": "Point", "coordinates": [ 134.682405, 34.970659899999951 ] } },
{ "type": "Feature", "properties": { "内容": "あいわ居宅介護支援事業所【居宅介護支援】兵庫県姫路市飯田３丁目２１９番地の５", "url": "https://www.kaigokensaku.mhlw.go.jp/28/index.php?action_kouhyou_detail_004_kani=true&JigyosyoCd=2874000140-00&ServiceCd=430&Type=search", "url2": "http://www.aiwahp.or.jp" }, "geometry": { "type": "Point", "coordinates": [ 134.675537100000042, 34.812660400000048 ] } },
{ "type": "Feature", "properties": { "内容": "ばんしゅうケアプラン【居宅介護支援】姫路市阿保844番地", "url": "https://www.kaigokensaku.mhlw.go.jp/28/index.php?action_kouhyou_detail_004_kani=true&JigyosyoCd=2874005560-00&ServiceCd=430&Type=search", "url2": "http://www.bansyu-care.co.jp/" }, "geometry": { "type": "Point", "coordinates": [ 134.701402099999967, 34.8180592 ] } },
{ "type": "Feature", "properties": { "内容": "居宅介護支援事業所　杣緑【居宅介護支援】姫路市書写28番地", "url": "https://www.kaigokensaku.mhlw.go.jp/28/index.php?action_kouhyou_detail_004_kani=true&JigyosyoCd=2874002849-00&ServiceCd=430&Type=search", "url2": "http://www.e-akane.com/" }, "geometry": { "type": "Point", "coordinates": [ 134.649290699999938, 34.8635404 ] } },
{ "type": "Feature", "properties": { "内容": "居宅介護支援事業所　星の子　姫路【居宅介護支援】兵庫県姫路市野里141-6", "url": "https://www.kaigokensaku.mhlw.go.jp/28/index.php?action_kouhyou_detail_004_kani=true&JigyosyoCd=2874006220-00&ServiceCd=430&Type=search", "url2": null }, "geometry": { "type": "Point", "coordinates": [ 134.71031481329473, 34.839331027086722 ] } },
{ "type": "Feature", "properties": { "内容": "サンライフ岡田居宅介護支援事業所【居宅介護支援】兵庫県姫路市岡田51番地", "url": "https://www.kaigokensaku.mhlw.go.jp/28/index.php?action_kouhyou_detail_004_kani=true&JigyosyoCd=2874010727-00&ServiceCd=430&Type=search", "url2": "https://sasayurikai.or.jp/?page_id=2348" }, "geometry": { "type": "Point", "coordinates": [ 134.6657992, 34.8280069 ] } },
{ "type": "Feature", "properties": { "内容": "ケアプランみやび【居宅介護支援】兵庫県姫路市飾磨区高町1丁目295番地1", "url": "https://www.kaigokensaku.mhlw.go.jp/28/index.php?action_kouhyou_detail_004_kani=true&JigyosyoCd=2874011246-00&ServiceCd=430&Type=search", "url2": null }, "geometry": { "type": "Point", "coordinates": [ 134.653234838623035, 34.810701986753955 ] } },
{ "type": "Feature", "properties": { "内容": "山彦ホーム【居宅介護支援】兵庫県姫路市花田町加納原田155", "url": "https://www.kaigokensaku.mhlw.go.jp/28/index.php?action_kouhyou_detail_004_kani=true&JigyosyoCd=2874000058-00&ServiceCd=430&Type=search", "url2": "http://www.honkakuji-gr.or.jp/" }, "geometry": { "type": "Point", "coordinates": [ 134.723811899999987, 34.8283954 ] } },
{ "type": "Feature", "properties": { "内容": "医療法人財団清良会書写病院居宅介護支援事業所【居宅介護支援】姫路市書写台2丁目28", "url": "https://www.kaigokensaku.mhlw.go.jp/28/index.php?action_kouhyou_detail_004_kani=true&JigyosyoCd=2874001445-00&ServiceCd=430&Type=search", "url2": "http://www.mmjp.or.jp/shosha-hp" }, "geometry": { "type": "Point", "coordinates": [ 134.648446199999967, 34.8693203 ] } },
{ "type": "Feature", "properties": { "内容": "やさしい手姫路居宅介護支援事業所【居宅介護支援】東辻井4丁目4-25やさしえ東辻井", "url": "https://www.kaigokensaku.mhlw.go.jp/28/index.php?action_kouhyou_detail_004_kani=true&JigyosyoCd=2874010461-00&ServiceCd=430&Type=search", "url2": "https://search.yasashiite.com/detail/kyotakukaigo_himeji/" }, "geometry": { "type": "Point", "coordinates": [ 134.676755595106528, 34.847884113824925 ] } },
{ "type": "Feature", "properties": { "内容": "居宅支援センターおがさ【居宅介護支援】姫路市飾磨区加茂南８２４番地の１４", "url": "https://www.kaigokensaku.mhlw.go.jp/28/index.php?action_kouhyou_detail_004_kani=true&JigyosyoCd=2874003268-00&ServiceCd=430&Type=search", "url2": "http://www.ogasa-naika.or.jp/" }, "geometry": { "type": "Point", "coordinates": [ 134.661561, 34.798712 ] } },
{ "type": "Feature", "properties": { "内容": "ケアパートナー広畑【居宅介護支援】姫路市広畑区小坂89-1ラフォーレ広畑1階", "url": "https://www.kaigokensaku.mhlw.go.jp/28/index.php?action_kouhyou_detail_004_kani=true&JigyosyoCd=2874003904-00&ServiceCd=430&Type=search", "url2": null }, "geometry": { "type": "Point", "coordinates": [ 134.617006599999968, 34.808038 ] } },
{ "type": "Feature", "properties": { "内容": "居宅介護支援事業所和楽園【居宅介護支援】兵庫県姫路市飾西728番地の3", "url": "https://www.kaigokensaku.mhlw.go.jp/28/index.php?action_kouhyou_detail_004_kani=true&JigyosyoCd=2874004217-00&ServiceCd=430&Type=search", "url2": null }, "geometry": { "type": "Point", "coordinates": [ 134.6442968, 34.8607935 ] } },
{ "type": "Feature", "properties": { "内容": "居宅介護支援事業所香照苑【居宅介護支援】兵庫県姫路市香寺町須加院338-506", "url": "https://www.kaigokensaku.mhlw.go.jp/28/index.php?action_kouhyou_detail_004_kani=true&JigyosyoCd=2873400093-00&ServiceCd=430&Type=search", "url2": "http://www17.ocn.Ne.Jp/^koshoen/" }, "geometry": { "type": "Point", "coordinates": [ 134.720818300000019, 34.9009453 ] } },
{ "type": "Feature", "properties": { "内容": "ゴダイ居宅介護支援事業所【居宅介護支援】兵庫県姫路市中地南町6-1", "url": "https://www.kaigokensaku.mhlw.go.jp/28/index.php?action_kouhyou_detail_004_kani=true&JigyosyoCd=2874004480-00&ServiceCd=430&Type=search", "url2": "http://www.godai.net/" }, "geometry": { "type": "Point", "coordinates": [ 134.667849, 34.8148323 ] } },
{ "type": "Feature", "properties": { "内容": "居宅介護支援事業所　ｻﾝ・ﾋﾞﾚｯｼﾞ姫路【居宅介護支援】兵庫県姫路市町坪４６８番地", "url": "https://www.kaigokensaku.mhlw.go.jp/28/index.php?action_kouhyou_detail_004_kani=true&JigyosyoCd=2874007129-00&ServiceCd=430&Type=search", "url2": "http://www.sv-yumesaki.com" }, "geometry": { "type": "Point", "coordinates": [ 134.658094099999971, 34.8175459 ] } },
{ "type": "Feature", "properties": { "内容": "あさひケアマネ【居宅介護支援】兵庫県姫路市網干区垣内東町154", "url": "https://www.kaigokensaku.mhlw.go.jp/28/index.php?action_kouhyou_detail_004_kani=true&JigyosyoCd=2874007921-00&ServiceCd=430&Type=search", "url2": null }, "geometry": { "type": "Point", "coordinates": [ 134.589690799999971, 34.7906847 ] } },
{ "type": "Feature", "properties": { "内容": "ケアプランやまの【居宅介護支援】姫路市南条１０－２T-BLD南条２０２号室", "url": "https://www.kaigokensaku.mhlw.go.jp/28/index.php?action_kouhyou_detail_004_kani=true&JigyosyoCd=2874003722-00&ServiceCd=430&Type=search", "url2": "http://careplan-yamano.jp/" }, "geometry": { "type": "Point", "coordinates": [ 134.68941629053495, 34.813940574217526 ] } },
{ "type": "Feature", "properties": { "内容": "医療法人社団普門会　姫路田中病院居宅介護支援事業所【居宅介護支援】姫路市書写717番地", "url": "https://www.kaigokensaku.mhlw.go.jp/28/index.php?action_kouhyou_detail_004_kani=true&JigyosyoCd=2874003292-00&ServiceCd=430&Type=search", "url2": "http://www.himeji-tanaka-hp.or.jp" }, "geometry": { "type": "Point", "coordinates": [ 134.657498, 34.8731865 ] } },
{ "type": "Feature", "properties": { "内容": "居宅介護支援事業所美郷苑【居宅介護支援】兵庫県姫路市四郷町坂元44番地1特別養護老人ホーム美郷苑", "url": "https://www.kaigokensaku.mhlw.go.jp/28/index.php?action_kouhyou_detail_004_kani=true&JigyosyoCd=2874009059-00&ServiceCd=430&Type=search", "url2": "https://himeji-fukujyukai.jp/guide/misatoen/kyotakukaigo/" }, "geometry": { "type": "Point", "coordinates": [ 134.7228609, 34.813721900000012 ] } },
{ "type": "Feature", "properties": { "内容": "白鷺園居宅介護支援事業所【居宅介護支援】兵庫県姫路市上大野１丁目１２番５０号広嶺木材３階", "url": "https://www.kaigokensaku.mhlw.go.jp/28/index.php?action_kouhyou_detail_004_kani=true&JigyosyoCd=2874009687-00&ServiceCd=430&Type=search", "url2": null }, "geometry": { "type": "Point", "coordinates": [ 134.690988299999987, 34.8662256 ] } },
{ "type": "Feature", "properties": { "内容": "株式会社セイフティサービス【居宅介護支援】姫路市白浜町宇佐崎北１丁目１３番地", "url": "https://www.kaigokensaku.mhlw.go.jp/28/index.php?action_kouhyou_detail_004_kani=true&JigyosyoCd=2874000082-00&ServiceCd=430&Type=search", "url2": "HTTP*//www.safeys-inc.com" }, "geometry": { "type": "Point", "coordinates": [ 134.720838400000048, 34.7853109 ] } },
{ "type": "Feature", "properties": { "内容": "居宅介護支援事業所ゆめか【居宅介護支援】飾磨区妻鹿1019番地", "url": "https://www.kaigokensaku.mhlw.go.jp/28/index.php?action_kouhyou_detail_004_kani=true&JigyosyoCd=2874008242-00&ServiceCd=430&Type=search", "url2": "https://yumeka-houmon.jimdo.com/" }, "geometry": { "type": "Point", "coordinates": [ 134.692630300000019, 34.7894438 ] } },
{ "type": "Feature", "properties": { "内容": "広畑指定居宅介護支援事業所杏の里【居宅介護支援】姫路市広畑区正門通4-2-1", "url": "https://www.kaigokensaku.mhlw.go.jp/28/index.php?action_kouhyou_detail_004_kani=true&JigyosyoCd=2874000033-00&ServiceCd=430&Type=search", "url2": "http://www.1484naika.jp" }, "geometry": { "type": "Point", "coordinates": [ 134.629283399999963, 34.7976558 ] } },
{ "type": "Feature", "properties": { "内容": "有限会社　花北ケアサービス【居宅介護支援】兵庫県姫路市野里中町1番38号", "url": "https://www.kaigokensaku.mhlw.go.jp/28/index.php?action_kouhyou_detail_004_kani=true&JigyosyoCd=2874000074-00&ServiceCd=430&Type=search", "url2": "ｈｔｔｐ://hanakitakea.com/" }, "geometry": { "type": "Point", "coordinates": [ 134.70413880000001, 34.8414575 ] } },
{ "type": "Feature", "properties": { "内容": "むれさき苑居宅介護支援事業所【居宅介護支援】姫路市四郷町東阿保44番地特別養護老人ホームむれさき苑", "url": "https://www.kaigokensaku.mhlw.go.jp/28/index.php?action_kouhyou_detail_004_kani=true&JigyosyoCd=2874000272-00&ServiceCd=430&Type=search", "url2": "http://www.syousikai.jp" }, "geometry": { "type": "Point", "coordinates": [ 134.714155, 34.8179768 ] } },
{ "type": "Feature", "properties": { "内容": "在宅介護支援センターはくちょう【居宅介護支援】姫路市打越1075番地1", "url": "https://www.kaigokensaku.mhlw.go.jp/28/index.php?action_kouhyou_detail_004_kani=true&JigyosyoCd=2874001072-00&ServiceCd=430&Type=search", "url2": "www.h-fukushi.com/dayhakucho/index.html" }, "geometry": { "type": "Point", "coordinates": [ 134.628566800000044, 34.8914621 ] } },
{ "type": "Feature", "properties": { "内容": "第二ケアプランセンターしかまの里【居宅介護支援】兵庫県姫路市飾磨区阿成植木960番地", "url": "https://www.kaigokensaku.mhlw.go.jp/28/index.php?action_kouhyou_detail_004_kani=true&JigyosyoCd=2874009463-00&ServiceCd=430&Type=search", "url2": "himeji@shikamanosato.com" }, "geometry": { "type": "Point", "coordinates": [ 134.690360125227471, 34.802457188245882 ] } },
{ "type": "Feature", "properties": { "内容": "居宅介護支援事業所しらさぎ【居宅介護支援】兵庫県姫路市野里430番地6", "url": "https://www.kaigokensaku.mhlw.go.jp/28/index.php?action_kouhyou_detail_004_kani=true&JigyosyoCd=2874010370-00&ServiceCd=430&Type=search", "url2": null }, "geometry": { "type": "Point", "coordinates": [ 134.707817799999987, 34.8410773 ] } },
{ "type": "Feature", "properties": { "内容": "居宅介護支援事業所　コウセイ【居宅介護支援】姫路市御立西４丁目１番６号", "url": "https://www.kaigokensaku.mhlw.go.jp/28/index.php?action_kouhyou_detail_004_kani=true&JigyosyoCd=2874001171-00&ServiceCd=430&Type=search", "url2": "kyotaku.kaigo.kousei＠kousei-hp.jp" }, "geometry": { "type": "Point", "coordinates": [ 134.659998200000018, 34.861163 ] } },
{ "type": "Feature", "properties": { "内容": "姫路医療生協　居宅介護支援事業所てがら【居宅介護支援】姫路市飯田472-1", "url": "https://www.kaigokensaku.mhlw.go.jp/28/index.php?action_kouhyou_detail_004_kani=true&JigyosyoCd=2874006006-00&ServiceCd=430&Type=search", "url2": "http://www.himeji-mcoop.or.jp/" }, "geometry": { "type": "Point", "coordinates": [ 134.66371920000006, 34.7953456 ] } },
{ "type": "Feature", "properties": { "内容": "ゆい介護センター【居宅介護支援】兵庫県姫路市岡町28番地", "url": "https://www.kaigokensaku.mhlw.go.jp/28/index.php?action_kouhyou_detail_004_kani=true&JigyosyoCd=2874006709-00&ServiceCd=430&Type=search", "url2": null }, "geometry": { "type": "Point", "coordinates": [ 134.685104298797171, 34.840136005951514 ] } },
{ "type": "Feature", "properties": { "内容": "居宅介護支援事業所　あおぞら【居宅介護支援】兵庫県姫路市広畑区小松町2丁目72", "url": "https://www.kaigokensaku.mhlw.go.jp/28/index.php?action_kouhyou_detail_004_kani=true&JigyosyoCd=2874008184-00&ServiceCd=430&Type=search", "url2": null }, "geometry": { "type": "Point", "coordinates": [ 134.623083800000018, 34.802094 ] } },
{ "type": "Feature", "properties": { "内容": "ケアプランかいほつ【居宅介護支援】兵庫県姫路市神子岡前2丁目16－25坪田マンション101号室", "url": "https://www.kaigokensaku.mhlw.go.jp/28/index.php?action_kouhyou_detail_004_kani=true&JigyosyoCd=2874010719-00&ServiceCd=430&Type=search", "url2": "https://yuzunoka.co.jp/" }, "geometry": { "type": "Point", "coordinates": [ 134.673291400000011, 34.839906 ] } },
{ "type": "Feature", "properties": { "内容": "姫路医療生協　居宅介護支援事業所　なだ【居宅介護支援】継　２０２－１", "url": "https://www.kaigokensaku.mhlw.go.jp/28/index.php?action_kouhyou_detail_004_kani=true&JigyosyoCd=2874003086-00&ServiceCd=430&Type=search", "url2": "http://www.himeji-mcoop.or.jp" }, "geometry": { "type": "Point", "coordinates": [ 134.72087149999993, 34.793971 ] } },
{ "type": "Feature", "properties": { "内容": "株式会社アニスト【居宅介護支援】兵庫県姫路市花田町小川42番地1サンシャインコート姫路", "url": "https://www.kaigokensaku.mhlw.go.jp/28/index.php?action_kouhyou_detail_004_kani=true&JigyosyoCd=2874010958-00&ServiceCd=430&Type=search", "url2": null }, "geometry": { "type": "Point", "coordinates": [ 135.480383, 34.6656714 ] } },
{ "type": "Feature", "properties": { "内容": "エルフケアプランセンター姫路【居宅介護支援】兵庫県姫路市東今宿一丁目3番３号ミタチビル201", "url": "https://www.kaigokensaku.mhlw.go.jp/28/index.php?action_kouhyou_detail_004_kani=true&JigyosyoCd=2874011014-00&ServiceCd=430&Type=search", "url2": "https://www.shofukukai.net/facilities/himeji.html" }, "geometry": { "type": "Point", "coordinates": [ 134.6685201, 34.8374112 ] } },
{ "type": "Feature", "properties": { "内容": "居宅介護支援事業所しおさきサーブ【居宅介護支援】姫路市大塩町1丁目8番地１", "url": "https://www.kaigokensaku.mhlw.go.jp/28/index.php?action_kouhyou_detail_004_kani=true&JigyosyoCd=2874000371-00&ServiceCd=430&Type=search", "url2": "http://www.inohos.com" }, "geometry": { "type": "Point", "coordinates": [ 134.755154, 34.777552 ] } },
{ "type": "Feature", "properties": { "内容": "ケアプラン書写台ひまわり【居宅介護支援】兵庫県姫路市書写台　２丁目　５－１１書写台カーサひまわり", "url": "https://www.kaigokensaku.mhlw.go.jp/28/index.php?action_kouhyou_detail_004_kani=true&JigyosyoCd=2874007046-00&ServiceCd=430&Type=search", "url2": "http://himawarihome.or.jp" }, "geometry": { "type": "Point", "coordinates": [ 134.650315720746761, 34.870223271038434 ] } },
{ "type": "Feature", "properties": { "内容": "大津みやび野ホーム居宅介護支援事業所【居宅介護支援】兵庫県姫路市大津区大津町一丁目３１番１１１", "url": "https://www.kaigokensaku.mhlw.go.jp/28/index.php?action_kouhyou_detail_004_kani=true&JigyosyoCd=2874007582-00&ServiceCd=430&Type=search", "url2": "http://www.katuhara.or.jp/index.html" }, "geometry": { "type": "Point", "coordinates": [ 134.610898861901859, 34.805432956384806 ] } },
{ "type": "Feature", "properties": { "内容": "居宅介護支援事業所ゆめさき【居宅介護支援】姫路市広畑区西夢前台6丁目56番1", "url": "https://www.kaigokensaku.mhlw.go.jp/28/index.php?action_kouhyou_detail_004_kani=true&JigyosyoCd=2874000173-00&ServiceCd=430&Type=search", "url2": "http://www.yumesaki.gr.jp/" }, "geometry": { "type": "Point", "coordinates": [ 134.635982199999944, 34.8178872 ] } },
{ "type": "Feature", "properties": { "内容": "姫路医療生協　居宅介護支援事業所別所【居宅介護支援】姫路市別所町別所2丁目179番地1", "url": "https://www.kaigokensaku.mhlw.go.jp/28/index.php?action_kouhyou_detail_004_kani=true&JigyosyoCd=2874002187-00&ServiceCd=430&Type=search", "url2": "http://www.himeji-mcoop.or.jp" }, "geometry": { "type": "Point", "coordinates": [ 134.753578647004701, 34.80616460008163 ] } },
{ "type": "Feature", "properties": { "内容": "居宅介護支援事業所　なごみの里【居宅介護支援】姫路市大津区吉美７８０番地", "url": "https://www.kaigokensaku.mhlw.go.jp/28/index.php?action_kouhyou_detail_004_kani=true&JigyosyoCd=2874002237-00&ServiceCd=430&Type=search", "url2": "http://sachi-himeji.com" }, "geometry": { "type": "Point", "coordinates": [ 134.5992235, 34.7889043 ] } },
{ "type": "Feature", "properties": { "内容": "姫路医療生協　居宅介護支援事業所あぼし【居宅介護支援】姫路市網干区垣内北町1597", "url": "https://www.kaigokensaku.mhlw.go.jp/28/index.php?action_kouhyou_detail_004_kani=true&JigyosyoCd=2874004779-00&ServiceCd=430&Type=search", "url2": "http.//www.himeji-mcoop.or.jp" }, "geometry": { "type": "Point", "coordinates": [ 134.587804695770274, 34.794025606611584 ] } },
{ "type": "Feature", "properties": { "内容": "居宅介護支援事業所あじさい【居宅介護支援】兵庫県姫路市安富町安志187-7", "url": "https://www.kaigokensaku.mhlw.go.jp/28/index.php?action_kouhyou_detail_004_kani=true&JigyosyoCd=2874009737-00&ServiceCd=430&Type=search", "url2": "www.ajisai.or.jp" }, "geometry": { "type": "Point", "coordinates": [ 134.59488060000001, 34.9872439 ] } },
{ "type": "Feature", "properties": { "内容": "姫路医療生活協同組合　居宅介護支援事業所　介護の窓口【居宅介護支援】姫路市砥堀630", "url": "https://www.kaigokensaku.mhlw.go.jp/28/index.php?action_kouhyou_detail_004_kani=true&JigyosyoCd=2874000306-00&ServiceCd=430&Type=search", "url2": "http://www.himeji-mcoop.or.jp" }, "geometry": { "type": "Point", "coordinates": [ 134.711959133976734, 34.853131669982808 ] } },
{ "type": "Feature", "properties": { "内容": "姫路・勝原ホーム　居宅介護支援事業所【居宅介護支援】姫路市勝原区下太田５７３", "url": "https://www.kaigokensaku.mhlw.go.jp/28/index.php?action_kouhyou_detail_004_kani=true&JigyosyoCd=2874000462-00&ServiceCd=430&Type=search", "url2": "http//katuhara.or.jp/" }, "geometry": { "type": "Point", "coordinates": [ 134.595214299999952, 34.8216592 ] } },
{ "type": "Feature", "properties": { "内容": "ＪＡ兵庫西姫路介護センター【居宅介護支援】兵庫県姫路市飾磨区加茂３２３－５", "url": "https://www.kaigokensaku.mhlw.go.jp/28/index.php?action_kouhyou_detail_004_kani=true&JigyosyoCd=2874001429-00&ServiceCd=430&Type=search", "url2": "http://www.ja-hyogonishi.or.jp" }, "geometry": { "type": "Point", "coordinates": [ 134.657722400000011, 34.8008395 ] } },
{ "type": "Feature", "properties": { "内容": "居宅介護支援事業所オレンジ【居宅介護支援】兵庫県姫路市勝原区下太田332-12", "url": "https://www.kaigokensaku.mhlw.go.jp/28/index.php?action_kouhyou_detail_004_kani=true&JigyosyoCd=2874008077-00&ServiceCd=430&Type=search", "url2": "https://orange-homecare.com/" }, "geometry": { "type": "Point", "coordinates": [ 134.598112709635558, 34.821936958543198 ] } },
{ "type": "Feature", "properties": { "内容": "居宅介護支援事業所ひなみ【居宅介護支援】兵庫県姫路市香寺町犬飼505番地1", "url": "https://www.kaigokensaku.mhlw.go.jp/28/index.php?action_kouhyou_detail_004_kani=true&JigyosyoCd=2874010032-00&ServiceCd=430&Type=search", "url2": "http://hinami-naikageka.or.jp/" }, "geometry": { "type": "Point", "coordinates": [ 134.7342639, 34.9000407 ] } },
{ "type": "Feature", "properties": { "内容": "サンライフ御立居宅介護支援事業所【居宅介護支援】兵庫県姫路市田寺8丁目10番8号", "url": "https://www.kaigokensaku.mhlw.go.jp/28/index.php?action_kouhyou_detail_004_kani=true&JigyosyoCd=2874000165-00&ServiceCd=430&Type=search", "url2": "http://sasayurikai.or.jp" }, "geometry": { "type": "Point", "coordinates": [ 134.670414, 34.8599439 ] } },
{ "type": "Feature", "properties": { "内容": "ネバ―ランド居宅介護支援事業所【居宅介護支援】兵庫県姫路市船津町5271-16", "url": "https://www.kaigokensaku.mhlw.go.jp/28/index.php?action_kouhyou_detail_004_kani=true&JigyosyoCd=2874000231-00&ServiceCd=430&Type=search", "url2": "http://www.neverland.or.jp/" }, "geometry": { "type": "Point", "coordinates": [ 134.763431299999979, 34.9099002 ] } },
{ "type": "Feature", "properties": { "内容": "居宅介護支援事業所春【居宅介護支援】兵庫県姫路市岡田246番地1", "url": "https://www.kaigokensaku.mhlw.go.jp/28/index.php?action_kouhyou_detail_004_kani=true&JigyosyoCd=2874010966-00&ServiceCd=430&Type=search", "url2": "http://houmonkangoharu.main.jp/" }, "geometry": { "type": "Point", "coordinates": [ 134.667327618524212, 34.826265314187523 ] } },
{ "type": "Feature", "properties": { "内容": "一般社団法人　姫路市医師会【居宅介護支援】兵庫県姫路市西今宿一丁目３番３４号", "url": "https://www.kaigokensaku.mhlw.go.jp/28/index.php?action_kouhyou_detail_004_kani=true&JigyosyoCd=2874000215-00&ServiceCd=430&Type=search", "url2": "http//www.himeji-med.or.jp" }, "geometry": { "type": "Point", "coordinates": [ 134.659705710415494, 34.840650438455135 ] } },
{ "type": "Feature", "properties": { "内容": "姫路赤十字居宅介護支援事業所【居宅介護支援】兵庫県姫路市下手野1丁目１２－２", "url": "https://www.kaigokensaku.mhlw.go.jp/28/index.php?action_kouhyou_detail_004_kani=true&JigyosyoCd=2874000355-00&ServiceCd=430&Type=search", "url2": "http://himeji.jrc.or.jp" }, "geometry": { "type": "Point", "coordinates": [ 134.6464277, 34.8434123 ] } },
{ "type": "Feature", "properties": { "内容": "居宅介護支援事業所さかい【居宅介護支援】姫路市飾西573番地", "url": "https://www.kaigokensaku.mhlw.go.jp/28/index.php?action_kouhyou_detail_004_kani=true&JigyosyoCd=2874003367-00&ServiceCd=430&Type=search", "url2": "http://www.sakai-hp.jp/" }, "geometry": { "type": "Point", "coordinates": [ 134.640496330059477, 34.858293895324579 ] } },
{ "type": "Feature", "properties": { "内容": "ケアプランここね【居宅介護支援】兵庫県姫路市城北新町2丁目2-3アルファ・アネックス102号", "url": "https://www.kaigokensaku.mhlw.go.jp/28/index.php?action_kouhyou_detail_004_kani=true&JigyosyoCd=2874009281-00&ServiceCd=430&Type=search", "url2": null }, "geometry": { "type": "Point", "coordinates": [ 134.697304606498761, 34.854790056834915 ] } },
{ "type": "Feature", "properties": { "内容": "スマイルプランやまさん家【居宅介護支援】飾磨区構4丁目50番地ピュアリティ21　203号", "url": "https://www.kaigokensaku.mhlw.go.jp/28/index.php?action_kouhyou_detail_004_kani=true&JigyosyoCd=2874010651-00&ServiceCd=430&Type=search", "url2": "https://www.yamasan2.com" }, "geometry": { "type": "Point", "coordinates": [ 134.665454286122127, 34.810811066374818 ] } },
{ "type": "Feature", "properties": { "内容": "夢前白寿苑居宅介護支援センター【居宅介護支援】兵庫県姫路市夢前町塚本７７－９", "url": "https://www.kaigokensaku.mhlw.go.jp/28/index.php?action_kouhyou_detail_004_kani=true&JigyosyoCd=2873500033-00&ServiceCd=430&Type=search", "url2": "http://www.junshin.or/jp/yumesakihakujuen.html" }, "geometry": { "type": "Point", "coordinates": [ 134.64011210000001, 34.9362178 ] } },
{ "type": "Feature", "properties": { "内容": "居宅介護支援事業所いつは【居宅介護支援】姫路市本町１６５", "url": "https://www.kaigokensaku.mhlw.go.jp/28/index.php?action_kouhyou_detail_004_kani=true&JigyosyoCd=2874000280-00&ServiceCd=430&Type=search", "url2": "https://www.itsuhakai.or.jp/jonan/" }, "geometry": { "type": "Point", "coordinates": [ 134.689613, 34.8326747 ] } },
{ "type": "Feature", "properties": { "内容": "しらさぎ在宅介護支援センター【居宅介護支援】兵庫県姫路市林田町山田351番地3", "url": "https://www.kaigokensaku.mhlw.go.jp/28/index.php?action_kouhyou_detail_004_kani=true&JigyosyoCd=2874000330-00&ServiceCd=430&Type=search", "url2": "https://www.sirasagi.or.jp/" }, "geometry": { "type": "Point", "coordinates": [ 134.591703, 34.9300852 ] } },
{ "type": "Feature", "properties": { "内容": "居宅介護支援事業所緑ヶ丘【居宅介護支援】兵庫県姫路市西今宿５丁目３番８号", "url": "https://www.kaigokensaku.mhlw.go.jp/28/index.php?action_kouhyou_detail_004_kani=true&JigyosyoCd=2874000405-00&ServiceCd=430&Type=search", "url2": "http://www.keifukai.or.jp/" }, "geometry": { "type": "Point", "coordinates": [ 134.661173599999984, 34.8445205 ] } },
{ "type": "Feature", "properties": { "内容": "さくらデイサービス大津居宅介護支援事業所【居宅介護支援】兵庫県姫路市大津区天神町２丁目１０５番地", "url": "https://www.kaigokensaku.mhlw.go.jp/28/index.php?action_kouhyou_detail_004_kani=true&JigyosyoCd=2874002153-00&ServiceCd=430&Type=search", "url2": "http://sakuracare-s.jp" }, "geometry": { "type": "Point", "coordinates": [ 134.615771099999961, 34.7932008 ] } },
{ "type": "Feature", "properties": { "内容": "居宅介護支援事業所あゆ美【居宅介護支援】兵庫県姫路市北条宮の町１37番地", "url": "https://www.kaigokensaku.mhlw.go.jp/28/index.php?action_kouhyou_detail_004_kani=true&JigyosyoCd=2874002674-00&ServiceCd=430&Type=search", "url2": "http://ayumi-day.co.jp" }, "geometry": { "type": "Point", "coordinates": [ 134.69258762446745, 34.817662617364711 ] } },
{ "type": "Feature", "properties": { "内容": "姫路医療生協　居宅介護支援事業所　ひがし【居宅介護支援】兵庫県姫路市双葉町２番地", "url": "https://www.kaigokensaku.mhlw.go.jp/28/index.php?action_kouhyou_detail_004_kani=true&JigyosyoCd=2874003136-00&ServiceCd=430&Type=search", "url2": "kp-higasi@himeji-mcoop.or.jp" }, "geometry": { "type": "Point", "coordinates": [ 134.710355172985828, 34.83137778830617 ] } },
{ "type": "Feature", "properties": { "内容": "居宅介護支援事業所　書写ひまわりホーム【居宅介護支援】姫路市書写634番地198", "url": "https://www.kaigokensaku.mhlw.go.jp/28/index.php?action_kouhyou_detail_004_kani=true&JigyosyoCd=2874003409-00&ServiceCd=430&Type=search", "url2": "http://himawarihome.or.jp" }, "geometry": { "type": "Point", "coordinates": [ 134.6590787, 34.866779 ] } },
{ "type": "Feature", "properties": { "内容": "居宅介護支援事業所のびのび【居宅介護支援】姫路市神子岡前4丁目1番31号", "url": "https://www.kaigokensaku.mhlw.go.jp/28/index.php?action_kouhyou_detail_004_kani=true&JigyosyoCd=2874005339-00&ServiceCd=430&Type=search", "url2": null }, "geometry": { "type": "Point", "coordinates": [ 134.673141784673106, 34.840431696007599 ] } },
{ "type": "Feature", "properties": { "内容": "ケアプラン　いろどり【居宅介護支援】兵庫県姫路市城見台１丁目１１１１番地６９", "url": "https://www.kaigokensaku.mhlw.go.jp/28/index.php?action_kouhyou_detail_004_kani=true&JigyosyoCd=2874006527-00&ServiceCd=430&Type=search", "url2": null }, "geometry": { "type": "Point", "coordinates": [ 134.7259831, 34.8557201 ] } },
{ "type": "Feature", "properties": { "内容": "ケアプラン花のつどい【居宅介護支援】兵庫県姫路市香寺町香呂118-1ファンド香呂1階A号室", "url": "https://www.kaigokensaku.mhlw.go.jp/28/index.php?action_kouhyou_detail_004_kani=true&JigyosyoCd=2874008234-00&ServiceCd=430&Type=search", "url2": "https://hananotsudoi.com" }, "geometry": { "type": "Point", "coordinates": [ 134.7376084, 34.9164966 ] } },
{ "type": "Feature", "properties": { "内容": "ケアプランやまさん家【居宅介護支援】兵庫県姫路市飾磨区英賀清水町３丁目１２１番地", "url": "https://www.kaigokensaku.mhlw.go.jp/28/index.php?action_kouhyou_detail_004_kani=true&JigyosyoCd=2874010040-00&ServiceCd=430&Type=search", "url2": "https://www.yamasan2.com" }, "geometry": { "type": "Point", "coordinates": [ 134.647801817068512, 34.805592991569206 ] } },
{ "type": "Feature", "properties": { "内容": "居宅介護支援事業所志深の苑【居宅介護支援】兵庫県姫路市御国野町深志野1430番地", "url": "https://www.kaigokensaku.mhlw.go.jp/28/index.php?action_kouhyou_detail_004_kani=true&JigyosyoCd=2874010123-00&ServiceCd=430&Type=search", "url2": "https://sankoushi.or.jp/" }, "geometry": { "type": "Point", "coordinates": [ 134.752904699999988, 34.8326442 ] } },
{ "type": "Feature", "properties": { "内容": "ケアプランセンター汐里【居宅介護支援】兵庫県姫路市的形町的形1768-25プランドール的形101", "url": "https://www.kaigokensaku.mhlw.go.jp/28/index.php?action_kouhyou_detail_004_kani=true&JigyosyoCd=2874010768-00&ServiceCd=430&Type=search", "url2": "https://www.ontoku.or.jp/" }, "geometry": { "type": "Point", "coordinates": [ 134.7415248, 34.7783825 ] } },
{ "type": "Feature", "properties": { "内容": "居宅介護支援事業所　あさなぎ【居宅介護支援】兵庫県姫路市白浜町乙836番地", "url": "https://www.kaigokensaku.mhlw.go.jp/28/index.php?action_kouhyou_detail_004_kani=true&JigyosyoCd=2874000132-00&ServiceCd=430&Type=search", "url2": "http://www.aiwahp.or.jp" }, "geometry": { "type": "Point", "coordinates": [ 134.710428399999955, 34.7876106 ] } },
{ "type": "Feature", "properties": { "内容": "居宅介護支援事業所清寿園【居宅介護支援】兵庫県姫路市飾東町庄318-3明日香ビル1階", "url": "https://www.kaigokensaku.mhlw.go.jp/28/index.php?action_kouhyou_detail_004_kani=true&JigyosyoCd=2874000678-00&ServiceCd=430&Type=search", "url2": "http://seijyuen.net/" }, "geometry": { "type": "Point", "coordinates": [ 134.736900300880507, 34.8412781600599 ] } },
{ "type": "Feature", "properties": { "内容": "居宅介護支援事業所　銀の櫂【居宅介護支援】姫路市網干区興浜907-202", "url": "https://www.kaigokensaku.mhlw.go.jp/28/index.php?action_kouhyou_detail_004_kani=true&JigyosyoCd=2874001809-00&ServiceCd=430&Type=search", "url2": "http://www.e-akane.com" }, "geometry": { "type": "Point", "coordinates": [ 134.585762299999942, 34.7705284 ] } },
{ "type": "Feature", "properties": { "内容": "居宅介護支援事業所　ライフビラ姫路【居宅介護支援】兵庫県姫路市飯田3丁目44番地", "url": "https://www.kaigokensaku.mhlw.go.jp/28/index.php?action_kouhyou_detail_004_kani=true&JigyosyoCd=2874001940-00&ServiceCd=430&Type=search", "url2": "http://www.life-villa-himeji.jp" }, "geometry": { "type": "Point", "coordinates": [ 134.673226200000045, 34.8129604 ] } },
{ "type": "Feature", "properties": { "内容": "介護相談センター　LEBEN【居宅介護支援】姫路市大津区天満278-2", "url": "https://www.kaigokensaku.mhlw.go.jp/28/index.php?action_kouhyou_detail_004_kani=true&JigyosyoCd=2874002864-00&ServiceCd=430&Type=search", "url2": "http://www.five-land.com/facility1" }, "geometry": { "type": "Point", "coordinates": [ 134.606091399999968, 34.8025361 ] } },
{ "type": "Feature", "properties": { "内容": "居宅介護支援センター泉の杜【居宅介護支援】兵庫県姫路市豊富町神谷３０４１－２０", "url": "https://www.kaigokensaku.mhlw.go.jp/28/index.php?action_kouhyou_detail_004_kani=true&JigyosyoCd=2874003011-00&ServiceCd=430&Type=search", "url2": "http://www.izuminomori.com" }, "geometry": { "type": "Point", "coordinates": [ 134.781833799999959, 34.8770628 ] } },
{ "type": "Feature", "properties": { "内容": "夢の里居宅介護支援事業所【居宅介護支援】兵庫県姫路市夢前町戸倉1105-38", "url": "https://www.kaigokensaku.mhlw.go.jp/28/index.php?action_kouhyou_detail_004_kani=true&JigyosyoCd=2873500231-00&ServiceCd=430&Type=search", "url2": "http://www.houjyu.kai-or.jp/" }, "geometry": { "type": "Point", "coordinates": [ 134.6339345, 34.9625071 ] } },
{ "type": "Feature", "properties": { "内容": "居宅介護支援事業所清住園【居宅介護支援】兵庫県姫路市飾東町清住555番地", "url": "https://www.kaigokensaku.mhlw.go.jp/28/index.php?action_kouhyou_detail_004_kani=true&JigyosyoCd=2874000199-00&ServiceCd=430&Type=search", "url2": "http://www.kiyosumien.jp/" }, "geometry": { "type": "Point", "coordinates": [ 134.7755846, 34.8493937 ] } },
{ "type": "Feature", "properties": { "内容": "居宅介護支援事業所　ケアプランマリア【居宅介護支援】兵庫県姫路市仁豊野６５０番地姫路聖マリア病院　マリア館1F", "url": "https://www.kaigokensaku.mhlw.go.jp/28/index.php?action_kouhyou_detail_004_kani=true&JigyosyoCd=2874000348-00&ServiceCd=430&Type=search", "url2": null }, "geometry": { "type": "Point", "coordinates": [ 134.732268, 34.8777008 ] } },
{ "type": "Feature", "properties": { "内容": "みのり居宅介護支援事業所【居宅介護支援】姫路市仁豊野450-1", "url": "https://www.kaigokensaku.mhlw.go.jp/28/index.php?action_kouhyou_detail_004_kani=true&JigyosyoCd=2874004761-00&ServiceCd=430&Type=search", "url2": "http://www.wel-fare.co.jp/" }, "geometry": { "type": "Point", "coordinates": [ 134.727302244525731, 34.881272502143638 ] } },
{ "type": "Feature", "properties": { "内容": "姫路オパール居宅介護支援事業所【居宅介護支援】兵庫県姫路市駅前町２７番地１リコルスひめじ２階", "url": "https://www.kaigokensaku.mhlw.go.jp/28/index.php?action_kouhyou_detail_004_kani=true&JigyosyoCd=2874009877-00&ServiceCd=430&Type=search", "url2": "http://www.opal.or.jp" }, "geometry": { "type": "Point", "coordinates": [ 134.695286900000013, 34.8267965 ] } },
{ "type": "Feature", "properties": { "内容": "居宅介護支援事業所ひかり【居宅介護支援】兵庫県姫路市船津町1340-1", "url": "https://www.kaigokensaku.mhlw.go.jp/28/index.php?action_kouhyou_detail_004_kani=true&JigyosyoCd=2874010578-00&ServiceCd=430&Type=search", "url2": "https://www.big-advance.site/s/198/1386" }, "geometry": { "type": "Point", "coordinates": [ 134.754241400000012, 34.9222201 ] } },
{ "type": "Feature", "properties": { "内容": "ケア21ひめじのざと【居宅介護支援】兵庫県姫路市白国一丁目3-1山時興産ビル1階東", "url": "https://www.kaigokensaku.mhlw.go.jp/28/index.php?action_kouhyou_detail_004_kani=true&JigyosyoCd=2874011121-00&ServiceCd=430&Type=search", "url2": null }, "geometry": { "type": "Point", "coordinates": [ 134.7074333, 34.8570889 ] } },
{ "type": "Feature", "properties": { "内容": "姫路市社会福祉協議会　すこやか介護支援センター【居宅介護支援】兵庫県姫路市栗山町１５１－２栗山別館", "url": "https://www.kaigokensaku.mhlw.go.jp/28/index.php?action_kouhyou_detail_004_kani=true&JigyosyoCd=2874000025-00&ServiceCd=430&Type=search", "url2": "http://www.himeji-wel.or.jp" }, "geometry": { "type": "Point", "coordinates": [ 134.683030799999983, 34.8168127 ] } },
{ "type": "Feature", "properties": { "内容": "姫路市社会福祉協議会　すこやか介護支援センターゆめさき【居宅介護支援】兵庫県姫路市夢前町前之庄２１６０", "url": "https://www.kaigokensaku.mhlw.go.jp/28/index.php?action_kouhyou_detail_004_kani=true&JigyosyoCd=2874003821-00&ServiceCd=430&Type=search", "url2": "http://www.himeji-wel.or.jp" }, "geometry": { "type": "Point", "coordinates": [ 134.684863, 34.9730209 ] } },
{ "type": "Feature", "properties": { "内容": "みのり・ことの葉居宅介護支援事業所【居宅介護支援】兵庫県姫路市四郷町東阿保646", "url": "https://www.kaigokensaku.mhlw.go.jp/28/index.php?action_kouhyou_detail_004_kani=true&JigyosyoCd=2874005362-00&ServiceCd=430&Type=search", "url2": null }, "geometry": { "type": "Point", "coordinates": [ 134.7139608, 34.8106886 ] } },
{ "type": "Feature", "properties": { "内容": "アガスティーアプラン・センター【居宅介護支援】兵庫県姫路市北原271-8", "url": "https://www.kaigokensaku.mhlw.go.jp/28/index.php?action_kouhyou_detail_004_kani=true&JigyosyoCd=2874007418-00&ServiceCd=430&Type=search", "url2": "http://agastia-himeji.jp" }, "geometry": { "type": "Point", "coordinates": [ 134.706636350135568, 34.798602394684664 ] } },
{ "type": "Feature", "properties": { "内容": "やわらぎ姫路介護センター【居宅介護支援】兵庫県姫路市的形町的形1369-3", "url": "https://www.kaigokensaku.mhlw.go.jp/28/index.php?action_kouhyou_detail_004_kani=true&JigyosyoCd=2874007608-00&ServiceCd=430&Type=search", "url2": "https://www.yawaragi0401.com/" }, "geometry": { "type": "Point", "coordinates": [ 134.738453199999981, 34.7781513 ] } },
{ "type": "Feature", "properties": { "内容": "ケアプラン宮田【居宅介護支援】兵庫県姫路市勝原区山戸210-1KATSUHARATERRACE　2F", "url": "https://www.kaigokensaku.mhlw.go.jp/28/index.php?action_kouhyou_detail_004_kani=true&JigyosyoCd=2874008838-00&ServiceCd=430&Type=search", "url2": "http://www.katsuhara.or.jp/publics/index/17/" }, "geometry": { "type": "Point", "coordinates": [ 134.599280372795619, 34.810684562163125 ] } },
{ "type": "Feature", "properties": { "内容": "それいゆケアプランセンター姫路【居宅介護支援】兵庫県姫路市飾磨区今在家北3丁目105", "url": "https://www.kaigokensaku.mhlw.go.jp/28/index.php?action_kouhyou_detail_004_kani=true&JigyosyoCd=2874009653-00&ServiceCd=430&Type=search", "url2": "https://hinode.or.jp/establishment/careplan-himeji" }, "geometry": { "type": "Point", "coordinates": [ 134.6554028, 34.8112609 ] } },
{ "type": "Feature", "properties": { "内容": "ケアプランセンター逢和【居宅介護支援】兵庫県姫路市香寺町中仁野83-2", "url": "https://www.kaigokensaku.mhlw.go.jp/28/index.php?action_kouhyou_detail_004_kani=true&JigyosyoCd=2874011162-00&ServiceCd=430&Type=search", "url2": null }, "geometry": { "type": "Point", "coordinates": [ 134.7384179, 34.9049341 ] } },
{ "type": "Feature", "properties": { "内容": "社会福祉法人光寿福祉会居宅介護支援事業所【居宅介護支援】姫路市夢前町塩田118番地1", "url": "https://www.kaigokensaku.mhlw.go.jp/28/index.php?action_kouhyou_detail_004_kani=true&JigyosyoCd=2873500082-00&ServiceCd=430&Type=search", "url2": null }, "geometry": { "type": "Point", "coordinates": [ 134.687018217890909, 34.948408876116439 ] } },
{ "type": "Feature", "properties": { "内容": "あっぷる居宅介護支援事業所【居宅介護支援】姫路市神屋町6丁目71", "url": "https://www.kaigokensaku.mhlw.go.jp/28/index.php?action_kouhyou_detail_004_kani=true&JigyosyoCd=2874001270-00&ServiceCd=430&Type=search", "url2": "http://www.apple-117.jp/" }, "geometry": { "type": "Point", "coordinates": [ 134.699199284130827, 34.828013783890498 ] } },
{ "type": "Feature", "properties": { "内容": "ケアプランセンターライフサポートひめじ【居宅介護支援】姫路市城東町竹之門６番地", "url": "https://www.kaigokensaku.mhlw.go.jp/28/index.php?action_kouhyou_detail_004_kani=true&JigyosyoCd=2874003201-00&ServiceCd=430&Type=search", "url2": "http://lifesupport-himeji.jp" }, "geometry": { "type": "Point", "coordinates": [ 134.704838800000061, 34.8374052 ] } },
{ "type": "Feature", "properties": { "内容": "こころ広畑居宅介護支援事業所【居宅介護支援】姫路市広畑区小松町2-66-28", "url": "https://www.kaigokensaku.mhlw.go.jp/28/index.php?action_kouhyou_detail_004_kani=true&JigyosyoCd=2874003516-00&ServiceCd=430&Type=search", "url2": "http://www.chowahukushikai.or.jp" }, "geometry": { "type": "Point", "coordinates": [ 134.624530899999968, 34.8025051 ] } },
{ "type": "Feature", "properties": { "内容": "あゆみ愛居宅介護支援事業所【居宅介護支援】兵庫県姫路市網干区浜田104-2", "url": "https://www.kaigokensaku.mhlw.go.jp/28/index.php?action_kouhyou_detail_004_kani=true&JigyosyoCd=2874004449-00&ServiceCd=430&Type=search", "url2": "https://ayumiai.net" }, "geometry": { "type": "Point", "coordinates": [ 134.5774983, 34.7831134 ] } },
{ "type": "Feature", "properties": { "内容": "ツカザキ居宅介護支援事業所広畑【居宅介護支援】姫路市広畑区夢前町３丁目１番1三栄会広畑病院２階", "url": "https://www.kaigokensaku.mhlw.go.jp/28/index.php?action_kouhyou_detail_004_kani=true&JigyosyoCd=2874005313-00&ServiceCd=430&Type=search", "url2": "https://www.tsukazaki-hp.jp" }, "geometry": { "type": "Point", "coordinates": [ 134.639920289880934, 34.798058759688566 ] } },
{ "type": "Feature", "properties": { "内容": "ケアプランセンター万年青【居宅介護支援】広畑区東新町1-30", "url": "https://www.kaigokensaku.mhlw.go.jp/28/index.php?action_kouhyou_detail_004_kani=true&JigyosyoCd=2874005354-00&ServiceCd=430&Type=search", "url2": null }, "geometry": { "type": "Point", "coordinates": [ 134.631288700000027, 34.7992252 ] } },
{ "type": "Feature", "properties": { "内容": "ケアプランセンター優気【居宅介護支援】姫路市広畑区城山町２丁目７番城山ビル302号", "url": "https://www.kaigokensaku.mhlw.go.jp/28/index.php?action_kouhyou_detail_004_kani=true&JigyosyoCd=2874006089-00&ServiceCd=430&Type=search", "url2": null }, "geometry": { "type": "Point", "coordinates": [ 134.637692799999968, 34.8284667 ] } },
{ "type": "Feature", "properties": { "内容": "居宅介護支援事業所　ソレアード【居宅介護支援】兵庫県姫路市飾磨区矢倉町1丁目41-1タウン北条Ｂ棟", "url": "https://www.kaigokensaku.mhlw.go.jp/28/index.php?action_kouhyou_detail_004_kani=true&JigyosyoCd=2874007194-00&ServiceCd=430&Type=search", "url2": "http://kaigo.soleado-t.co.jp/" }, "geometry": { "type": "Point", "coordinates": [ 134.642448599999966, 34.80833 ] } },
{ "type": "Feature", "properties": { "内容": "居宅介護支援事業所のじぎく【居宅介護支援】兵庫県姫路市夢前町寺82-1", "url": "https://www.kaigokensaku.mhlw.go.jp/28/index.php?action_kouhyou_detail_004_kani=true&JigyosyoCd=2874007368-00&ServiceCd=430&Type=search", "url2": "nojigiku_cm@alto.ocn.ne.jp" }, "geometry": { "type": "Point", "coordinates": [ 134.644866556298581, 34.91514832953311 ] } },
{ "type": "Feature", "properties": { "内容": "居宅介護支援事業所あおやま【居宅介護支援】兵庫県姫路市青山西5丁目8-48特別養護老人ホームあおやま", "url": "https://www.kaigokensaku.mhlw.go.jp/28/index.php?action_kouhyou_detail_004_kani=true&JigyosyoCd=2874008796-00&ServiceCd=430&Type=search", "url2": "http://www.hakuchokai.or.jp/" }, "geometry": { "type": "Point", "coordinates": [ 134.623993700000057, 34.841487499999985 ] } },
{ "type": "Feature", "properties": { "内容": "居宅介護支援事業所ケアサービス神姫あおやま【居宅介護支援】兵庫県姫路市青山１丁目３５番５", "url": "https://www.kaigokensaku.mhlw.go.jp/28/index.php?action_kouhyou_detail_004_kani=true&JigyosyoCd=2874010156-00&ServiceCd=430&Type=search", "url2": "https://care-shinki.jp/" }, "geometry": { "type": "Point", "coordinates": [ 134.6427522, 34.8498303 ] } },
{ "type": "Feature", "properties": { "内容": "居宅介護支援事業所けあぷらんポピー【居宅介護支援】兵庫県姫路市北八代１丁目16-30ガーデンハイツ北八代B101", "url": "https://www.kaigokensaku.mhlw.go.jp/28/index.php?action_kouhyou_detail_004_kani=true&JigyosyoCd=2874010511-00&ServiceCd=430&Type=search", "url2": "https://care-popy.com/" }, "geometry": { "type": "Point", "coordinates": [ 134.6926752, 34.8481386 ] } },
{ "type": "Feature", "properties": { "内容": "あにまーれ居宅介護支援事業所【居宅介護支援】兵庫県姫路市久保町１１１番地", "url": "https://www.kaigokensaku.mhlw.go.jp/28/index.php?action_kouhyou_detail_004_kani=true&JigyosyoCd=2874009174-00&ServiceCd=430&Type=search", "url2": "http://hp.kaipoke.biz/zen/" }, "geometry": { "type": "Point", "coordinates": [ 134.685791087448905, 34.82944275138032 ] } },
{ "type": "Feature", "properties": { "内容": "地域サポートゆかし【居宅介護支援】兵庫県姫路市伊伝居７５－１中沢アパート１Ｆ東", "url": "https://www.kaigokensaku.mhlw.go.jp/28/index.php?action_kouhyou_detail_004_kani=true&JigyosyoCd=2874009364-00&ServiceCd=430&Type=search", "url2": "https://sites.google.com/betterdays0816.com/site/home" }, "geometry": { "type": "Point", "coordinates": [ 134.702051399999959, 34.8488121 ] } },
{ "type": "Feature", "properties": { "内容": "えくぼきょたくさーびすじぎょうしょ【居宅介護支援】兵庫県姫路市坂田町127番地", "url": "https://www.kaigokensaku.mhlw.go.jp/28/index.php?action_kouhyou_detail_004_kani=true&JigyosyoCd=2874010560-00&ServiceCd=430&Type=search", "url2": null }, "geometry": { "type": "Point", "coordinates": [ 134.6990157, 34.8337431 ] } },
{ "type": "Feature", "properties": { "内容": "居宅介護支援センターファミリア【居宅介護支援】姫路市大津区天満350番地8", "url": "https://www.kaigokensaku.mhlw.go.jp/28/index.php?action_kouhyou_detail_004_kani=true&JigyosyoCd=2874010990-00&ServiceCd=430&Type=search", "url2": null }, "geometry": { "type": "Point", "coordinates": [ 134.6090863, 34.801482 ] } },
{ "type": "Feature", "properties": { "内容": "ケアプラン姫路南【居宅介護支援】兵庫県姫路市飾磨区清水3-80アップルビル2階", "url": "https://www.kaigokensaku.mhlw.go.jp/28/index.php?action_kouhyou_detail_004_kani=true&JigyosyoCd=2874011089-00&ServiceCd=430&Type=search", "url2": null }, "geometry": { "type": "Point", "coordinates": [ 134.6797836, 34.8023731 ] } },
{ "type": "Feature", "properties": { "内容": "宗教法人清勝寺　清山荘居宅介護支援事業所【居宅介護支援】兵庫県姫路市大塩町1089", "url": "https://www.kaigokensaku.mhlw.go.jp/28/index.php?action_kouhyou_detail_004_kani=true&JigyosyoCd=2874000934-00&ServiceCd=430&Type=search", "url2": null }, "geometry": { "type": "Point", "coordinates": [ 134.758731804724107, 34.7892221964551 ] } },
{ "type": "Feature", "properties": { "内容": "エイジフリー姫路居宅介護支援事業所【居宅介護支援】兵庫県姫路市青山５丁目１０番１９号", "url": "https://www.kaigokensaku.mhlw.go.jp/28/index.php?action_kouhyou_detail_004_kani=true&JigyosyoCd=2874004902-00&ServiceCd=430&Type=search", "url2": "http://www.techno-aids,co,jp" }, "geometry": { "type": "Point", "coordinates": [ 134.636434099999974, 34.8453148 ] } },
{ "type": "Feature", "properties": { "内容": "ケアプランさんぽ道【居宅介護支援】兵庫県姫路市東夢前台3丁目68-1", "url": "https://www.kaigokensaku.mhlw.go.jp/28/index.php?action_kouhyou_detail_004_kani=true&JigyosyoCd=2874006659-00&ServiceCd=430&Type=search", "url2": "http://www.sanpo-michi.co.jp/" }, "geometry": { "type": "Point", "coordinates": [ 134.646105820940392, 34.846347912353046 ] } },
{ "type": "Feature", "properties": { "内容": "ケアプランマーガレット【居宅介護支援】姫路市飾磨区中野田1丁目21番地ウィルコーポレーション4F", "url": "https://www.kaigokensaku.mhlw.go.jp/28/index.php?action_kouhyou_detail_004_kani=true&JigyosyoCd=2874011147-00&ServiceCd=430&Type=search", "url2": "http://www.yuzuriha-partner.net/content1.html" }, "geometry": { "type": "Point", "coordinates": [ 134.6798163, 34.8052904 ] } },
{ "type": "Feature", "properties": { "内容": "いんくる　サポートセンター【居宅介護支援】姫路市東今宿２丁目7-16MSビル１階", "url": "https://www.kaigokensaku.mhlw.go.jp/28/index.php?action_kouhyou_detail_004_kani=true&JigyosyoCd=2874004670-00&ServiceCd=430&Type=search", "url2": "http://inclu-support.lolipop.jp/" }, "geometry": { "type": "Point", "coordinates": [ 134.668807576149817, 34.840622006288456 ] } },
{ "type": "Feature", "properties": { "内容": "ニチイケアセンター灘浜【居宅介護支援】姫路市白浜町779-5", "url": "https://www.kaigokensaku.mhlw.go.jp/28/index.php?action_kouhyou_detail_004_kani=true&JigyosyoCd=2874002906-00&ServiceCd=430&Type=search", "url2": "http://www.nichiigakkan.co.jp" }, "geometry": { "type": "Point", "coordinates": [ 134.699068500000067, 34.7835389 ] } },
{ "type": "Feature", "properties": { "内容": "ケアオフィスあい【居宅介護支援】兵庫県姫路市福沢町47福沢ビル704", "url": "https://www.kaigokensaku.mhlw.go.jp/28/index.php?action_kouhyou_detail_004_kani=true&JigyosyoCd=2874008788-00&ServiceCd=430&Type=search", "url2": null }, "geometry": { "type": "Point", "coordinates": [ 134.682977599999958, 34.829975 ] } },
{ "type": "Feature", "properties": { "内容": "居宅介護支援事業所うさぎ【居宅介護支援】兵庫県姫路市広畑区夢前町3丁目1番22号", "url": "https://www.kaigokensaku.mhlw.go.jp/28/index.php?action_kouhyou_detail_004_kani=true&JigyosyoCd=2874008457-00&ServiceCd=430&Type=search", "url2": "http://www.taishukai.jp" }, "geometry": { "type": "Point", "coordinates": [ 134.726121199999966, 34.7841834 ] } },
{ "type": "Feature", "properties": { "内容": "サードライフ・プランニング【居宅介護支援】兵庫県姫路市鷹匠町甲45ハイツ鷹102号室", "url": "https://www.kaigokensaku.mhlw.go.jp/28/index.php?action_kouhyou_detail_004_kani=true&JigyosyoCd=2874010255-00&ServiceCd=430&Type=search", "url2": null }, "geometry": { "type": "Point", "coordinates": [ 134.688325282803362, 34.83952005386611 ] } },
{ "type": "Feature", "properties": { "内容": "ケアプラン結い【居宅介護支援】兵庫県姫路市城見台二丁目１１１１番地３２", "url": "https://www.kaigokensaku.mhlw.go.jp/28/index.php?action_kouhyou_detail_004_kani=true&JigyosyoCd=2874010222-00&ServiceCd=430&Type=search", "url2": "https://www.careplan-yui.jp/" }, "geometry": { "type": "Point", "coordinates": [ 134.728782, 34.8573977 ] } },
{ "type": "Feature", "properties": { "内容": "居宅介護支援事業所かわさき【居宅介護支援】兵庫県姫路市北条口5丁目81番地", "url": "https://www.kaigokensaku.mhlw.go.jp/28/index.php?action_kouhyou_detail_004_kani=true&JigyosyoCd=2874010941-00&ServiceCd=430&Type=search", "url2": "https://www.marinegroup.jp/" }, "geometry": { "type": "Point", "coordinates": [ 134.7009071, 34.8308029 ] } },
{ "type": "Feature", "properties": { "内容": "居宅つばめ【居宅介護支援】兵庫県姫路市広畑区東新町2丁目46長久ビル2階", "url": "https://www.kaigokensaku.mhlw.go.jp/28/index.php?action_kouhyou_detail_004_kani=true&JigyosyoCd=2874009430-00&ServiceCd=430&Type=search", "url2": "https://www.facebook.com/cmo.tubame" }, "geometry": { "type": "Point", "coordinates": [ 134.6333075, 34.7992026 ] } },
{ "type": "Feature", "properties": { "内容": "ケアプラン姫路在宅サービス【居宅介護支援】兵庫県姫路市玉手４丁目１０８メゾン大井川３０３", "url": "https://www.kaigokensaku.mhlw.go.jp/28/index.php?action_kouhyou_detail_004_kani=true&JigyosyoCd=2874005115-00&ServiceCd=430&Type=search", "url2": null }, "geometry": { "type": "Point", "coordinates": [ 134.658467100000053, 34.8150547 ] } },
{ "type": "Feature", "properties": { "内容": "ケアプラン快晴【居宅介護支援】兵庫県姫路市白浜町甲402-11", "url": "https://www.kaigokensaku.mhlw.go.jp/28/index.php?action_kouhyou_detail_004_kani=true&JigyosyoCd=2874009026-00&ServiceCd=430&Type=search", "url2": "https://www.careplan-kaisei.com/" }, "geometry": { "type": "Point", "coordinates": [ 134.705913263788148, 34.78451397945063 ] } },
{ "type": "Feature", "properties": { "内容": "ケアプラン　たかはし【居宅介護支援】保城１４０－２", "url": "https://www.kaigokensaku.mhlw.go.jp/28/index.php?action_kouhyou_detail_004_kani=true&JigyosyoCd=2874006931-00&ServiceCd=430&Type=search", "url2": "https://www4.hp-ez.com/hp/careplan-takahashi/" }, "geometry": { "type": "Point", "coordinates": [ 134.716298561840574, 34.856810603103206 ] } },
{ "type": "Feature", "properties": { "内容": "みやまえ居宅介護支援相談所【居宅介護支援】尼崎市三反田町二丁目１－４１ろうきん立花コーポA棟　１０７号室", "url": "https://www.kaigokensaku.mhlw.go.jp/28/index.php?action_kouhyou_detail_004_kani=true&JigyosyoCd=2873006601-00&ServiceCd=430&Type=search", "url2": null }, "geometry": { "type": "Point", "coordinates": [ 135.407421372738639, 34.737095560768275 ] } },
{ "type": "Feature", "properties": { "内容": "介護センター栗山【居宅介護支援】尼崎市栗山町２丁目１２－１５", "url": "https://www.kaigokensaku.mhlw.go.jp/28/index.php?action_kouhyou_detail_004_kani=true&JigyosyoCd=2873011379-00&ServiceCd=430&Type=search", "url2": null }, "geometry": { "type": "Point", "coordinates": [ 135.404411699999969, 34.747238 ] } },
{ "type": "Feature", "properties": { "内容": "株式会社　優ケアサービス【居宅介護支援】大庄川田町２８－１", "url": "https://www.kaigokensaku.mhlw.go.jp/28/index.php?action_kouhyou_detail_004_kani=true&JigyosyoCd=2873011429-00&ServiceCd=430&Type=search", "url2": "Https://y-care.jp/" }, "geometry": { "type": "Point", "coordinates": [ 135.393727899999959, 34.726455600000016 ] } },
{ "type": "Feature", "properties": { "内容": "指定居宅介護支援事業者　マイプラン【居宅介護支援】兵庫県尼崎市金楽寺町2丁目７－３３", "url": "https://www.kaigokensaku.mhlw.go.jp/28/index.php?action_kouhyou_detail_004_kani=true&JigyosyoCd=2873001388-00&ServiceCd=430&Type=search", "url2": "http://kaigo-iwata.co.jp" }, "geometry": { "type": "Point", "coordinates": [ 135.427618948379518, 34.725093035350994 ] } },
{ "type": "Feature", "properties": { "内容": "あい・さくらホーム田能居宅介護支援事業所【居宅介護支援】兵庫県尼崎市田能5-9-39-113", "url": "https://www.kaigokensaku.mhlw.go.jp/28/index.php?action_kouhyou_detail_004_kani=true&JigyosyoCd=2873006866-00&ServiceCd=430&Type=search", "url2": null }, "geometry": { "type": "Point", "coordinates": [ 135.431777799999963, 34.7692805 ] } },
{ "type": "Feature", "properties": { "内容": "株式会社トータルケアすぃーと【居宅介護支援】兵庫県尼崎市昭和通1丁目9-45", "url": "https://www.kaigokensaku.mhlw.go.jp/28/index.php?action_kouhyou_detail_004_kani=true&JigyosyoCd=2873010900-00&ServiceCd=430&Type=search", "url2": null }, "geometry": { "type": "Point", "coordinates": [ 135.4247825, 34.7193121 ] } },
{ "type": "Feature", "properties": { "内容": "株式会社コスモホームヘルプサービス　尼崎事業所【居宅介護支援】兵庫県尼崎市御園町39　亀田ビル6階", "url": "https://www.kaigokensaku.mhlw.go.jp/28/index.php?action_kouhyou_detail_004_kani=true&JigyosyoCd=2873000083-00&ServiceCd=430&Type=search", "url2": "http://www.kosmo.jp/homehelp/" }, "geometry": { "type": "Point", "coordinates": [ 135.4153612, 34.7182133 ] } },
{ "type": "Feature", "properties": { "内容": "(株)ポート・リハビリサービス尼崎店居宅介護支援事業所【居宅介護支援】兵庫県尼崎市南塚口町6-2-23けんみんCLUB2F", "url": "https://www.kaigokensaku.mhlw.go.jp/28/index.php?action_kouhyou_detail_004_kani=true&JigyosyoCd=2873000133-00&ServiceCd=430&Type=search", "url2": "http://www.port-rs.co.jp" }, "geometry": { "type": "Point", "coordinates": [ 135.413992820237695, 34.747809630038738 ] } },
{ "type": "Feature", "properties": { "内容": "都市生活ヘルパーステーションあしすと武庫之荘【居宅介護支援】尼崎市武庫之荘本町1丁目18-26パンセ武庫之荘内", "url": "https://www.kaigokensaku.mhlw.go.jp/28/index.php?action_kouhyou_detail_004_kani=true&JigyosyoCd=2873001883-00&ServiceCd=430&Type=search", "url2": null }, "geometry": { "type": "Point", "coordinates": [ 135.392373191401703, 34.759155499657581 ] } },
{ "type": "Feature", "properties": { "内容": "介護ステーションあずさ【居宅介護支援】尼崎市次屋1-12-28", "url": "https://www.kaigokensaku.mhlw.go.jp/28/index.php?action_kouhyou_detail_004_kani=true&JigyosyoCd=2873002964-00&ServiceCd=430&Type=search", "url2": "azusa-utashiro@nifty.com" }, "geometry": { "type": "Point", "coordinates": [ 135.441017099999954, 34.7355925 ] } },
{ "type": "Feature", "properties": { "内容": "ケアステーション・うらら【居宅介護支援】尼崎市水堂町2丁目１５－６", "url": "https://www.kaigokensaku.mhlw.go.jp/28/index.php?action_kouhyou_detail_004_kani=true&JigyosyoCd=2873004747-00&ServiceCd=430&Type=search", "url2": null }, "geometry": { "type": "Point", "coordinates": [ 135.390035799999964, 34.740755 ] } },
{ "type": "Feature", "properties": { "内容": "ｹｱﾌﾟﾗﾝｾﾝﾀｰ　大島の里【居宅介護支援】尼崎市大島２丁目３３番１２号", "url": "https://www.kaigokensaku.mhlw.go.jp/28/index.php?action_kouhyou_detail_004_kani=true&JigyosyoCd=2873006452-00&ServiceCd=430&Type=search", "url2": null }, "geometry": { "type": "Point", "coordinates": [ 135.3854533, 34.7248813 ] } },
{ "type": "Feature", "properties": { "内容": "塚口ケアハートガーデン居宅介護支援事業所【居宅介護支援】尼崎市塚口本町6-9-18", "url": "https://www.kaigokensaku.mhlw.go.jp/28/index.php?action_kouhyou_detail_004_kani=true&JigyosyoCd=2873006759-00&ServiceCd=430&Type=search", "url2": "https://www.mdlife.co.jp" }, "geometry": { "type": "Point", "coordinates": [ 135.421138786508209, 34.757884136187208 ] } },
{ "type": "Feature", "properties": { "内容": "エルケア㈱エルケア塚口ケアプランセンター【居宅介護支援】尼崎市塚口町1丁目20-15ジュネスタカラ１階", "url": "https://www.kaigokensaku.mhlw.go.jp/28/index.php?action_kouhyou_detail_004_kani=true&JigyosyoCd=2873007419-00&ServiceCd=430&Type=search", "url2": "http://www.l-care.jp/index.html" }, "geometry": { "type": "Point", "coordinates": [ 135.412239897544566, 34.753755325960384 ] } },
{ "type": "Feature", "properties": { "内容": "ケアプランセンター仁【居宅介護支援】兵庫県尼崎市田能2丁目6－2SOWAビル2F", "url": "https://www.kaigokensaku.mhlw.go.jp/28/index.php?action_kouhyou_detail_004_kani=true&JigyosyoCd=2873008896-00&ServiceCd=430&Type=search", "url2": null }, "geometry": { "type": "Point", "coordinates": [ 135.441141199999947, 34.764334 ] } },
{ "type": "Feature", "properties": { "内容": "ケアプラン陽向【居宅介護支援】兵庫県尼崎市西川2-13-34", "url": "https://www.kaigokensaku.mhlw.go.jp/28/index.php?action_kouhyou_detail_004_kani=true&JigyosyoCd=2873009712-00&ServiceCd=430&Type=search", "url2": null }, "geometry": { "type": "Point", "coordinates": [ 135.443261399999983, 34.7331928 ] } },
{ "type": "Feature", "properties": { "内容": "さくらんぼ介護センター【居宅介護支援】兵庫県尼崎市崇徳院2丁目91番1号", "url": "https://www.kaigokensaku.mhlw.go.jp/28/index.php?action_kouhyou_detail_004_kani=true&JigyosyoCd=2873011544-00&ServiceCd=430&Type=search", "url2": null }, "geometry": { "type": "Point", "coordinates": [ 135.398121053475649, 34.724646035318663 ] } },
{ "type": "Feature", "properties": { "内容": "ケアプラン　ここリズム【居宅介護支援】兵庫県尼崎市塚口町2丁目34‐11", "url": "https://www.kaigokensaku.mhlw.go.jp/28/index.php?action_kouhyou_detail_004_kani=true&JigyosyoCd=2873012641-00&ServiceCd=430&Type=search", "url2": "https://afu-rhythm.com/" }, "geometry": { "type": "Point", "coordinates": [ 135.411890042633729, 34.758445933558328 ] } },
{ "type": "Feature", "properties": { "内容": "ロジケアあまがさき【居宅介護支援】尼崎市立花町4-16-7サンベールハイム101", "url": "https://www.kaigokensaku.mhlw.go.jp/28/index.php?action_kouhyou_detail_004_kani=true&JigyosyoCd=2873013284-00&ServiceCd=430&Type=search", "url2": "http://logicare.co.jp/" }, "geometry": { "type": "Point", "coordinates": [ 135.3973404, 34.7386219 ] } },
{ "type": "Feature", "properties": { "内容": "アイムケア【居宅介護支援】久々知2丁目２－４フィオーレ101", "url": "https://www.kaigokensaku.mhlw.go.jp/28/index.php?action_kouhyou_detail_004_kani=true&JigyosyoCd=2873012807-00&ServiceCd=430&Type=search", "url2": null }, "geometry": { "type": "Point", "coordinates": [ 135.4294693, 34.746487 ] } },
{ "type": "Feature", "properties": { "内容": "医療法人尼崎厚生会（財団）　たちばな介護支援センター【居宅介護支援】尼崎市立花町4丁目3-18", "url": "https://www.kaigokensaku.mhlw.go.jp/28/index.php?action_kouhyou_detail_004_kani=true&JigyosyoCd=2873001164-00&ServiceCd=430&Type=search", "url2": "http://www.tachibana-hp.net/" }, "geometry": { "type": "Point", "coordinates": [ 135.398318199999949, 34.7401358 ] } },
{ "type": "Feature", "properties": { "内容": "尼崎医療生協　介護老人保健施設　ひだまりの里【居宅介護支援】兵庫県尼崎市南武庫之荘１１－１２－１", "url": "https://www.kaigokensaku.mhlw.go.jp/28/index.php?action_kouhyou_detail_004_kani=true&JigyosyoCd=2853080139-00&ServiceCd=430&Type=search", "url2": "http://www.amagasaki.coop" }, "geometry": { "type": "Point", "coordinates": [ 135.385977899999943, 34.7398328 ] } },
{ "type": "Feature", "properties": { "内容": "ケアプランセンター　ほがらか苑【居宅介護支援】兵庫県尼崎市東本町4丁目103-11", "url": "https://www.kaigokensaku.mhlw.go.jp/28/index.php?action_kouhyou_detail_004_kani=true&JigyosyoCd=2873000190-00&ServiceCd=430&Type=search", "url2": null }, "geometry": { "type": "Point", "coordinates": [ 135.422114154371314, 34.712646870614186 ] } },
{ "type": "Feature", "properties": { "内容": "居宅介護支援センター春日【居宅介護支援】尼崎市田能5丁目10番25号", "url": "https://www.kaigokensaku.mhlw.go.jp/28/index.php?action_kouhyou_detail_004_kani=true&JigyosyoCd=2873000224-00&ServiceCd=430&Type=search", "url2": null }, "geometry": { "type": "Point", "coordinates": [ 135.4298751, 34.7683666 ] } },
{ "type": "Feature", "properties": { "内容": "株式会社シルバージャパン居宅介護支援事業所【居宅介護支援】兵庫県尼崎市南塚口町２－２９－３５　ツカプラッツビル２Ｆ", "url": "https://www.kaigokensaku.mhlw.go.jp/28/index.php?action_kouhyou_detail_004_kani=true&JigyosyoCd=2873000240-00&ServiceCd=430&Type=search", "url2": "https://www.silver-japan.jp" }, "geometry": { "type": "Point", "coordinates": [ 135.416124099999934, 34.7497741 ] } },
{ "type": "Feature", "properties": { "内容": "在宅介護支援センター武庫之荘ホール【居宅介護支援】兵庫県尼崎市武庫町４丁目４番２０号特別養護老人ホーム　武庫之荘ホール", "url": "https://www.kaigokensaku.mhlw.go.jp/28/index.php?action_kouhyou_detail_004_kani=true&JigyosyoCd=2873000596-00&ServiceCd=430&Type=search", "url2": "http://www.chousei.or.jp/" }, "geometry": { "type": "Point", "coordinates": [ 135.377855899999986, 34.7496901 ] } },
{ "type": "Feature", "properties": { "内容": "サンホームあまがさき　居宅介護支援ステーション【居宅介護支援】兵庫県尼崎市大庄北3丁目15番1号特別養護老人ホーム　サンホームあまがさき", "url": "https://www.kaigokensaku.mhlw.go.jp/28/index.php?action_kouhyou_detail_004_kani=true&JigyosyoCd=2873000661-00&ServiceCd=430&Type=search", "url2": "amagasaki.nok@hinode.or.jp" }, "geometry": { "type": "Point", "coordinates": [ 135.389122300000054, 34.7336778 ] } },
{ "type": "Feature", "properties": { "内容": "医療法人社団　青洲会　かつら居宅サ-ビスセンタ-【居宅介護支援】尼崎市西難波町5-5-34", "url": "https://www.kaigokensaku.mhlw.go.jp/28/index.php?action_kouhyou_detail_004_kani=true&JigyosyoCd=2873000760-00&ServiceCd=430&Type=search", "url2": "http://ｗｗｗ.seisyu-kai.com/index.html" }, "geometry": { "type": "Point", "coordinates": [ 135.406198200000063, 34.7271678 ] } },
{ "type": "Feature", "properties": { "内容": "居宅介護支援事業所「おおくま」北部【居宅介護支援】尼崎市東園田町5丁目69-1グレースヴィラ園田Ⅲ1F", "url": "https://www.kaigokensaku.mhlw.go.jp/28/index.php?action_kouhyou_detail_004_kani=true&JigyosyoCd=2873001578-00&ServiceCd=430&Type=search", "url2": "http://www.ookuma.or.jp" }, "geometry": { "type": "Point", "coordinates": [ 135.449900140502081, 34.754627806910769 ] } },
{ "type": "Feature", "properties": { "内容": "居宅介護支援事業　らくらく苑【居宅介護支援】兵庫県尼崎市田能４丁目２番５０号", "url": "https://www.kaigokensaku.mhlw.go.jp/28/index.php?action_kouhyou_detail_004_kani=true&JigyosyoCd=2873001610-00&ServiceCd=430&Type=search", "url2": "http://www.rakurakuen.jp/" }, "geometry": { "type": "Point", "coordinates": [ 135.438669200000049, 34.7644034 ] } },
{ "type": "Feature", "properties": { "内容": "ケアプランセンターなにわローランド【居宅介護支援】兵庫県尼崎市東難波町1-3-10", "url": "https://www.kaigokensaku.mhlw.go.jp/28/index.php?action_kouhyou_detail_004_kani=true&JigyosyoCd=2873002543-00&ServiceCd=430&Type=search", "url2": "http://www.chuoukai.or.jp" }, "geometry": { "type": "Point", "coordinates": [ 135.413869299999988, 34.7322592 ] } },
{ "type": "Feature", "properties": { "内容": "居宅介護支援事業所コスモス【居宅介護支援】兵庫県尼崎市金楽寺町２丁目10-1", "url": "https://www.kaigokensaku.mhlw.go.jp/28/index.php?action_kouhyou_detail_004_kani=true&JigyosyoCd=2873003335-00&ServiceCd=430&Type=search", "url2": "http://park12.wakwak.com/~cosmos/" }, "geometry": { "type": "Point", "coordinates": [ 135.425761294720473, 34.725324828214902 ] } },
{ "type": "Feature", "properties": { "内容": "ケアステーションジョイア居宅介護支援事業所【居宅介護支援】兵庫県尼崎市長洲本通3丁目9番11号", "url": "https://www.kaigokensaku.mhlw.go.jp/28/index.php?action_kouhyou_detail_004_kani=true&JigyosyoCd=2873004101-00&ServiceCd=430&Type=search", "url2": null }, "geometry": { "type": "Point", "coordinates": [ 135.428801499999963, 34.7220772 ] } },
{ "type": "Feature", "properties": { "内容": "ケアプランセンターぴ～ぷる【居宅介護支援】尼崎市富松町3-5-20　サンパレス武庫之荘", "url": "https://www.kaigokensaku.mhlw.go.jp/28/index.php?action_kouhyou_detail_004_kani=true&JigyosyoCd=2873004333-00&ServiceCd=430&Type=search", "url2": null }, "geometry": { "type": "Point", "coordinates": [ 135.401296699999989, 34.7577675 ] } },
{ "type": "Feature", "properties": { "内容": "ケアプランセンター　エムズケア【居宅介護支援】兵庫県尼崎市南武庫之荘２丁目２２－２２", "url": "https://www.kaigokensaku.mhlw.go.jp/28/index.php?action_kouhyou_detail_004_kani=true&JigyosyoCd=2873004416-00&ServiceCd=430&Type=search", "url2": null }, "geometry": { "type": "Point", "coordinates": [ 135.3981708, 34.7477462 ] } },
{ "type": "Feature", "properties": { "内容": "あま社協ケアプランセンター【居宅介護支援】尼崎市南武庫之荘3丁目24-5尼社協ほっと館", "url": "https://www.kaigokensaku.mhlw.go.jp/28/index.php?action_kouhyou_detail_004_kani=true&JigyosyoCd=2873005025-00&ServiceCd=430&Type=search", "url2": "http://amasyakyo.jp" }, "geometry": { "type": "Point", "coordinates": [ 135.39361770000005, 34.7448222 ] } },
{ "type": "Feature", "properties": { "内容": "GTLケアプランセンター尼崎駅前【居宅介護支援】兵庫県尼崎市御園町２７－３", "url": "https://www.kaigokensaku.mhlw.go.jp/28/index.php?action_kouhyou_detail_004_kani=true&JigyosyoCd=2873006080-00&ServiceCd=430&Type=search", "url2": null }, "geometry": { "type": "Point", "coordinates": [ 135.414653, 34.7187105 ] } },
{ "type": "Feature", "properties": { "内容": "支援センター　日和【居宅介護支援】尼崎市西昆陽1丁目31-22-201201", "url": "https://www.kaigokensaku.mhlw.go.jp/28/index.php?action_kouhyou_detail_004_kani=true&JigyosyoCd=2873006288-00&ServiceCd=430&Type=search", "url2": "https://www.2020koharubiyori.com" }, "geometry": { "type": "Point", "coordinates": [ 135.3823717, 34.7722935 ] } },
{ "type": "Feature", "properties": { "内容": "癒しのケアプランセンター尼崎北【居宅介護支援】兵庫県尼崎市上坂部２ー２６－１", "url": "https://www.kaigokensaku.mhlw.go.jp/28/index.php?action_kouhyou_detail_004_kani=true&JigyosyoCd=2873007534-00&ServiceCd=430&Type=search", "url2": "https://riei-kaigo.jp/" }, "geometry": { "type": "Point", "coordinates": [ 135.427495300000032, 34.7474856 ] } },
{ "type": "Feature", "properties": { "内容": "クレィン介護センター居宅支援事業所【居宅介護支援】兵庫県尼崎市尾浜町2丁目13-22", "url": "https://www.kaigokensaku.mhlw.go.jp/28/index.php?action_kouhyou_detail_004_kani=true&JigyosyoCd=2873007922-00&ServiceCd=430&Type=search", "url2": null }, "geometry": { "type": "Point", "coordinates": [ 135.41883445621923, 34.736546574332394 ] } },
{ "type": "Feature", "properties": { "内容": "ニッシンケアサービス・ソレアード【居宅介護支援】尼崎市南武庫之荘1-29-27ソレアード武庫之荘　2F", "url": "https://www.kaigokensaku.mhlw.go.jp/28/index.php?action_kouhyou_detail_004_kani=true&JigyosyoCd=2873008466-00&ServiceCd=430&Type=search", "url2": null }, "geometry": { "type": "Point", "coordinates": [ 135.389082899999948, 34.7506568 ] } },
{ "type": "Feature", "properties": { "内容": "公益社団法人兵庫県看護協会　尼崎ケアプランセンター【居宅介護支援】兵庫県尼崎市南塚口町1丁目２8－１３NTT尼崎北別館1階", "url": "https://www.kaigokensaku.mhlw.go.jp/28/index.php?action_kouhyou_detail_004_kani=true&JigyosyoCd=2873008565-00&ServiceCd=430&Type=search", "url2": null }, "geometry": { "type": "Point", "coordinates": [ 135.413572621704105, 34.748433341300355 ] } },
{ "type": "Feature", "properties": { "内容": "かわぐちケアステーション【居宅介護支援】兵庫県尼崎市浜田町５丁目３６番地", "url": "https://www.kaigokensaku.mhlw.go.jp/28/index.php?action_kouhyou_detail_004_kani=true&JigyosyoCd=2873008581-00&ServiceCd=430&Type=search", "url2": null }, "geometry": { "type": "Point", "coordinates": [ 135.399624, 34.7257844 ] } },
{ "type": "Feature", "properties": { "内容": "居宅介護支援　ケアプランわたくり【居宅介護支援】南武庫之荘1丁目15番8エランドール武庫之荘　307号", "url": "https://www.kaigokensaku.mhlw.go.jp/28/index.php?action_kouhyou_detail_004_kani=true&JigyosyoCd=2873008730-00&ServiceCd=430&Type=search", "url2": null }, "geometry": { "type": "Point", "coordinates": [ 135.392882399999962, 34.749582 ] } },
{ "type": "Feature", "properties": { "内容": "メロディケアプランセンター【居宅介護支援】尼崎市大庄中通1丁目21番", "url": "https://www.kaigokensaku.mhlw.go.jp/28/index.php?action_kouhyou_detail_004_kani=true&JigyosyoCd=2873008821-00&ServiceCd=430&Type=search", "url2": "http://melody-house.jp/" }, "geometry": { "type": "Point", "coordinates": [ 135.39252443638452, 34.727102300670957 ] } },
{ "type": "Feature", "properties": { "内容": "ケアプランセンターリボーン尼崎【居宅介護支援】兵庫県尼崎市次屋3丁目5-52", "url": "https://www.kaigokensaku.mhlw.go.jp/28/index.php?action_kouhyou_detail_004_kani=true&JigyosyoCd=2873009076-00&ServiceCd=430&Type=search", "url2": null }, "geometry": { "type": "Point", "coordinates": [ 135.443247055975689, 34.738145266498826 ] } },
{ "type": "Feature", "properties": { "内容": "居宅介護支援事業所　「おおくま」南部【居宅介護支援】兵庫県尼崎市杭瀬北新町2丁目2-8", "url": "https://www.kaigokensaku.mhlw.go.jp/28/index.php?action_kouhyou_detail_004_kani=true&JigyosyoCd=2873009167-00&ServiceCd=430&Type=search", "url2": "http://www.ookuma.or.jp/" }, "geometry": { "type": "Point", "coordinates": [ 135.439201517860397, 34.722536632554927 ] } },
{ "type": "Feature", "properties": { "内容": "ケアプランナイス【居宅介護支援】潮江1丁目5-1-1804ルネマスターズタワー", "url": "https://www.kaigokensaku.mhlw.go.jp/28/index.php?action_kouhyou_detail_004_kani=true&JigyosyoCd=2873009266-00&ServiceCd=430&Type=search", "url2": null }, "geometry": { "type": "Point", "coordinates": [ 135.433548200000018, 34.7322262 ] } },
{ "type": "Feature", "properties": { "内容": "GTLケアプランセンター尼崎新都心【居宅介護支援】兵庫県尼崎市潮江１丁目３－３４", "url": "https://www.kaigokensaku.mhlw.go.jp/28/index.php?action_kouhyou_detail_004_kani=true&JigyosyoCd=2873009639-00&ServiceCd=430&Type=search", "url2": null }, "geometry": { "type": "Point", "coordinates": [ 135.43065660000002, 34.7346843 ] } },
{ "type": "Feature", "properties": { "内容": "ケアプランセンターリアン【居宅介護支援】兵庫県尼崎市潮江1丁目20番1号アミング潮江イースト401西Ｅ", "url": "https://www.kaigokensaku.mhlw.go.jp/28/index.php?action_kouhyou_detail_004_kani=true&JigyosyoCd=2873010108-00&ServiceCd=430&Type=search", "url2": "http://www.linkheart-care.com/" }, "geometry": { "type": "Point", "coordinates": [ 135.43456470000001, 34.7349454 ] } },
{ "type": "Feature", "properties": { "内容": "ケアプランセンター　ちあふる【居宅介護支援】兵庫県尼崎市久々知西町２丁目11-11-913", "url": "https://www.kaigokensaku.mhlw.go.jp/28/index.php?action_kouhyou_detail_004_kani=true&JigyosyoCd=2873010199-00&ServiceCd=430&Type=search", "url2": null }, "geometry": { "type": "Point", "coordinates": [ 135.422558400000071, 34.7413773 ] } },
{ "type": "Feature", "properties": { "内容": "ケアプランセンター太陽【居宅介護支援】兵庫県尼崎市杭瀬本町１丁目15-12", "url": "https://www.kaigokensaku.mhlw.go.jp/28/index.php?action_kouhyou_detail_004_kani=true&JigyosyoCd=2873010264-00&ServiceCd=430&Type=search", "url2": null }, "geometry": { "type": "Point", "coordinates": [ 135.440700699999979, 34.7200525 ] } },
{ "type": "Feature", "properties": { "内容": "株式会社クオーレ【居宅介護支援】塚口町1-22-9長光ビル3F", "url": "https://www.kaigokensaku.mhlw.go.jp/28/index.php?action_kouhyou_detail_004_kani=true&JigyosyoCd=2873010801-00&ServiceCd=430&Type=search", "url2": "http://cuore116.com/" }, "geometry": { "type": "Point", "coordinates": [ 135.411932799999931, 34.7549429 ] } },
{ "type": "Feature", "properties": { "内容": "敬誠会ケアプランセンター【居宅介護支援】長洲本通2-2-1ダンダンハウス101号室", "url": "https://www.kaigokensaku.mhlw.go.jp/28/index.php?action_kouhyou_detail_004_kani=true&JigyosyoCd=2873011056-00&ServiceCd=430&Type=search", "url2": null }, "geometry": { "type": "Point", "coordinates": [ 135.430792900000029, 34.7263684 ] } },
{ "type": "Feature", "properties": { "内容": "ケアプランセンターなこうじフレンズ【居宅介護支援】兵庫県尼崎市若王寺3丁目12-28", "url": "https://www.kaigokensaku.mhlw.go.jp/28/index.php?action_kouhyou_detail_004_kani=true&JigyosyoCd=2873011312-00&ServiceCd=430&Type=search", "url2": "http://kobenobujoe.com/" }, "geometry": { "type": "Point", "coordinates": [ 135.440047533729512, 34.745674245414648 ] } },
{ "type": "Feature", "properties": { "内容": "ケアプランセンターだいもつ【居宅介護支援】兵庫県尼崎市東大物町1-1-1", "url": "https://www.kaigokensaku.mhlw.go.jp/28/index.php?action_kouhyou_detail_004_kani=true&JigyosyoCd=2873011338-00&ServiceCd=430&Type=search", "url2": "http://www.aijinkai.or.jp" }, "geometry": { "type": "Point", "coordinates": [ 135.427935, 34.7175415 ] } },
{ "type": "Feature", "properties": { "内容": "ウノケアプランセンター【居宅介護支援】兵庫県尼崎市次屋２丁目19-11", "url": "https://www.kaigokensaku.mhlw.go.jp/28/index.php?action_kouhyou_detail_004_kani=true&JigyosyoCd=2873011627-00&ServiceCd=430&Type=search", "url2": null }, "geometry": { "type": "Point", "coordinates": [ 135.43633669999997, 34.7396532 ] } },
{ "type": "Feature", "properties": { "内容": "ほたるケアプランセンター【居宅介護支援】兵庫県尼崎市武庫之荘１丁目16-8　ジョンメゾン武庫之荘Ⅱ202号ジョンメゾン武庫之荘Ⅱ202号", "url": "https://www.kaigokensaku.mhlw.go.jp/28/index.php?action_kouhyou_detail_004_kani=true&JigyosyoCd=2873011700-00&ServiceCd=430&Type=search", "url2": null }, "geometry": { "type": "Point", "coordinates": [ 135.392330671163933, 34.754048966983561 ] } },
{ "type": "Feature", "properties": { "内容": "ケアプランセンターみるみる【居宅介護支援】兵庫県尼崎市南武庫之荘1丁目7-1プラザ武庫之荘1番館", "url": "https://www.kaigokensaku.mhlw.go.jp/28/index.php?action_kouhyou_detail_004_kani=true&JigyosyoCd=2873011759-00&ServiceCd=430&Type=search", "url2": null }, "geometry": { "type": "Point", "coordinates": [ 135.3956154, 34.7507847 ] } },
{ "type": "Feature", "properties": { "内容": "心の輝き合同会社【居宅介護支援】尼崎市大庄中通３丁目１４番２号", "url": "https://www.kaigokensaku.mhlw.go.jp/28/index.php?action_kouhyou_detail_004_kani=true&JigyosyoCd=2873012229-00&ServiceCd=430&Type=search", "url2": null }, "geometry": { "type": "Point", "coordinates": [ 135.392442100000011, 34.7236418 ] } },
{ "type": "Feature", "properties": { "内容": "そのだ介護支援センター【居宅介護支援】兵庫県尼崎市東園田町９丁目１７－１８原ビル３０３", "url": "https://www.kaigokensaku.mhlw.go.jp/28/index.php?action_kouhyou_detail_004_kani=true&JigyosyoCd=2873012245-00&ServiceCd=430&Type=search", "url2": null }, "geometry": { "type": "Point", "coordinates": [ 135.447139900000025, 34.7520045 ] } },
{ "type": "Feature", "properties": { "内容": "ケアプランセンターすまいりー【居宅介護支援】兵庫県尼崎市杭瀬本町2-18-9", "url": "https://www.kaigokensaku.mhlw.go.jp/28/index.php?action_kouhyou_detail_004_kani=true&JigyosyoCd=2873012526-00&ServiceCd=430&Type=search", "url2": "http://hp.kaipoke.biz/vvn/" }, "geometry": { "type": "Point", "coordinates": [ 135.4381386, 34.7215238 ] } },
{ "type": "Feature", "properties": { "内容": "まるもとケアプランセンター【居宅介護支援】兵庫県尼崎市水堂町1丁目11-2", "url": "https://www.kaigokensaku.mhlw.go.jp/28/index.php?action_kouhyou_detail_004_kani=true&JigyosyoCd=2873012617-00&ServiceCd=430&Type=search", "url2": null }, "geometry": { "type": "Point", "coordinates": [ 135.395215899999982, 34.742213600000014 ] } },
{ "type": "Feature", "properties": { "内容": "ケア２１あまがさき【居宅介護支援】東難波町5-18-8ドミールカクタス尼崎2F", "url": "https://www.kaigokensaku.mhlw.go.jp/28/index.php?action_kouhyou_detail_004_kani=true&JigyosyoCd=2873012690-00&ServiceCd=430&Type=search", "url2": null }, "geometry": { "type": "Point", "coordinates": [ 135.4164892, 34.7213478 ] } },
{ "type": "Feature", "properties": { "内容": "居宅介護支援ガラシアウィングス【居宅介護支援】兵庫県尼崎市小中島２丁目１７番１号", "url": "https://www.kaigokensaku.mhlw.go.jp/28/index.php?action_kouhyou_detail_004_kani=true&JigyosyoCd=2873012930-00&ServiceCd=430&Type=search", "url2": "https://www.gratia-wings.jp/" }, "geometry": { "type": "Point", "coordinates": [ 135.4410857, 34.7489794 ] } },
{ "type": "Feature", "properties": { "内容": "さなプラン【居宅介護支援】富松町4-35-16", "url": "https://www.kaigokensaku.mhlw.go.jp/28/index.php?action_kouhyou_detail_004_kani=true&JigyosyoCd=2873013052-00&ServiceCd=430&Type=search", "url2": null }, "geometry": { "type": "Point", "coordinates": [ 135.403134, 34.7647195 ] } },
{ "type": "Feature", "properties": { "内容": "居宅介護支援事業所つどい場みち【居宅介護支援】兵庫県尼崎市戸ノ内町2丁目4-3", "url": "https://www.kaigokensaku.mhlw.go.jp/28/index.php?action_kouhyou_detail_004_kani=true&JigyosyoCd=2873013110-00&ServiceCd=430&Type=search", "url2": "https://www.kaigo-michi.com/" }, "geometry": { "type": "Point", "coordinates": [ 135.4587205, 34.7420751 ] } },
{ "type": "Feature", "properties": { "内容": "きのこんちケアプランセンター【居宅介護支援】兵庫県尼崎市西難波町1-3-18エクセルマンション西難波103号", "url": "https://www.kaigokensaku.mhlw.go.jp/28/index.php?action_kouhyou_detail_004_kani=true&JigyosyoCd=2873013425-00&ServiceCd=430&Type=search", "url2": null }, "geometry": { "type": "Point", "coordinates": [ 135.4050834, 34.7325295 ] } },
{ "type": "Feature", "properties": { "内容": "介護センターあさがお【居宅介護支援】兵庫県尼崎市小中島1丁目23-22水上マンション102", "url": "https://www.kaigokensaku.mhlw.go.jp/28/index.php?action_kouhyou_detail_004_kani=true&JigyosyoCd=2873013482-00&ServiceCd=430&Type=search", "url2": "http://yotsubaasagao.wixsite.com/website" }, "geometry": { "type": "Point", "coordinates": [ 135.4419904, 34.7494997 ] } },
{ "type": "Feature", "properties": { "内容": "株式会社　宇宙【居宅介護支援】昭和南通8丁目205-4", "url": "https://www.kaigokensaku.mhlw.go.jp/28/index.php?action_kouhyou_detail_004_kani=true&JigyosyoCd=2873013623-00&ServiceCd=430&Type=search", "url2": null }, "geometry": { "type": "Point", "coordinates": [ 135.405910299999988, 34.722759500000016 ] } },
{ "type": "Feature", "properties": { "内容": "ケアプランセンターティーダ【居宅介護支援】玄番北之町13", "url": "https://www.kaigokensaku.mhlw.go.jp/28/index.php?action_kouhyou_detail_004_kani=true&JigyosyoCd=2873013821-00&ServiceCd=430&Type=search", "url2": "https://tidus.jp/" }, "geometry": { "type": "Point", "coordinates": [ 135.4085499, 34.718875 ] } },
{ "type": "Feature", "properties": { "内容": "ケアプランいろはぷらす【居宅介護支援】兵庫県尼崎市今福1丁目1番29号杭瀬団地29号棟105号室", "url": "https://www.kaigokensaku.mhlw.go.jp/28/index.php?action_kouhyou_detail_004_kani=true&JigyosyoCd=2873013847-00&ServiceCd=430&Type=search", "url2": "https://oneteam-iroha.com" }, "geometry": { "type": "Point", "coordinates": [ 135.440076, 34.7240489 ] } },
{ "type": "Feature", "properties": { "内容": "ケアプランセンターよりそい【居宅介護支援】兵庫県尼崎市大島1丁目5番11号", "url": "https://www.kaigokensaku.mhlw.go.jp/28/index.php?action_kouhyou_detail_004_kani=true&JigyosyoCd=2873013870-00&ServiceCd=430&Type=search", "url2": null }, "geometry": { "type": "Point", "coordinates": [ 135.3872475, 34.7286904 ] } },
{ "type": "Feature", "properties": { "内容": "居宅介護支援事業所　どーなつ【居宅介護支援】兵庫県尼崎市大庄北3丁目11-21", "url": "https://www.kaigokensaku.mhlw.go.jp/28/index.php?action_kouhyou_detail_004_kani=true&JigyosyoCd=2873013953-00&ServiceCd=430&Type=search", "url2": "https://do-natu.com/" }, "geometry": { "type": "Point", "coordinates": [ 135.3889797, 34.7318849 ] } },
{ "type": "Feature", "properties": { "内容": "さららケアプランセンター【居宅介護支援】兵庫県尼崎市立花町1丁目23-22パラツィーナ立花207号", "url": "https://www.kaigokensaku.mhlw.go.jp/28/index.php?action_kouhyou_detail_004_kani=true&JigyosyoCd=2873014001-00&ServiceCd=430&Type=search", "url2": null }, "geometry": { "type": "Point", "coordinates": [ 135.4033728, 34.737447900000014 ] } },
{ "type": "Feature", "properties": { "内容": "合同会社　おかめプラン福祉事務所【居宅介護支援】兵庫県尼崎市西昆陽１丁目６番１６号フラットハイツ205号", "url": "https://www.kaigokensaku.mhlw.go.jp/28/index.php?action_kouhyou_detail_004_kani=true&JigyosyoCd=2873014019-00&ServiceCd=430&Type=search", "url2": "https://macle69.wixsite.com/okame" }, "geometry": { "type": "Point", "coordinates": [ 135.3828545, 34.768213 ] } },
{ "type": "Feature", "properties": { "内容": "ケアプランセンターまりも【居宅介護支援】武庫之荘8丁目10-9", "url": "https://www.kaigokensaku.mhlw.go.jp/28/index.php?action_kouhyou_detail_004_kani=true&JigyosyoCd=2873014092-00&ServiceCd=430&Type=search", "url2": "https://marimo.ryomak.jp/" }, "geometry": { "type": "Point", "coordinates": [ 135.3894664, 34.7656522 ] } },
{ "type": "Feature", "properties": { "内容": "碧ケアプランセンター【居宅介護支援】兵庫県尼崎市南塚口町6-4-1バザーリ塚口", "url": "https://www.kaigokensaku.mhlw.go.jp/28/index.php?action_kouhyou_detail_004_kani=true&JigyosyoCd=2873014191-00&ServiceCd=430&Type=search", "url2": null }, "geometry": { "type": "Point", "coordinates": [ 135.413632699999965, 34.7476236 ] } },
{ "type": "Feature", "properties": { "内容": "ケアプランセンターのどか【居宅介護支援】兵庫県尼崎市武庫元町1-20-1", "url": "https://www.kaigokensaku.mhlw.go.jp/28/index.php?action_kouhyou_detail_004_kani=true&JigyosyoCd=2873014266-00&ServiceCd=430&Type=search", "url2": null }, "geometry": { "type": "Point", "coordinates": [ 135.3849349, 34.757173 ] } },
{ "type": "Feature", "properties": { "内容": "ナニワ診療所【居宅介護支援】兵庫県尼崎市神田中通９－２９１", "url": "https://www.kaigokensaku.mhlw.go.jp/28/index.php?action_kouhyou_detail_004_kani=true&JigyosyoCd=2813022346-00&ServiceCd=430&Type=search", "url2": "http://www.amagasaki.coop/sinryousho/naniwa.html" }, "geometry": { "type": "Point", "coordinates": [ 135.403079299999945, 34.7223931 ] } },
{ "type": "Feature", "properties": { "内容": "NCケアステーション【居宅介護支援】尼崎市稲葉荘1丁目11‐16セカンドライフ尼崎１１０号室", "url": "https://www.kaigokensaku.mhlw.go.jp/28/index.php?action_kouhyou_detail_004_kani=true&JigyosyoCd=2863090540-00&ServiceCd=430&Type=search", "url2": "nishihara-clinic.com" }, "geometry": { "type": "Point", "coordinates": [ 135.384814393513807, 34.732781263402657 ] } },
{ "type": "Feature", "properties": { "内容": "医療法人　旭会（社団）居宅介護支援事業所　そのだケアプランセンター【居宅介護支援】尼崎市東園田町２丁目４８－８そのだ介護老人保健施設内", "url": "https://www.kaigokensaku.mhlw.go.jp/28/index.php?action_kouhyou_detail_004_kani=true&JigyosyoCd=2873000422-00&ServiceCd=430&Type=search", "url2": "http://www.sonodamedic.or.jp" }, "geometry": { "type": "Point", "coordinates": [ 135.4484771, 34.7579737 ] } },
{ "type": "Feature", "properties": { "内容": "特別養護老人ホーム南野の月【居宅介護支援】尼崎市富松町３丁目２－３７", "url": "https://www.kaigokensaku.mhlw.go.jp/28/index.php?action_kouhyou_detail_004_kani=true&JigyosyoCd=2873000679-00&ServiceCd=430&Type=search", "url2": "http://www.minamino.or.jp/" }, "geometry": { "type": "Point", "coordinates": [ 135.399636900000019, 34.7588479 ] } },
{ "type": "Feature", "properties": { "内容": "居宅介護支援事業所友の家【居宅介護支援】兵庫県尼崎市東本町2-51", "url": "https://www.kaigokensaku.mhlw.go.jp/28/index.php?action_kouhyou_detail_004_kani=true&JigyosyoCd=2873000901-00&ServiceCd=430&Type=search", "url2": "https://www.jinikai-tomonoie.com/" }, "geometry": { "type": "Point", "coordinates": [ 135.4252659, 34.7122975 ] } },
{ "type": "Feature", "properties": { "内容": "在宅ケアサービス　ソラストつかしん【居宅介護支援】兵庫県尼崎市塚口本町4-8-1", "url": "https://www.kaigokensaku.mhlw.go.jp/28/index.php?action_kouhyou_detail_004_kani=true&JigyosyoCd=2873002451-00&ServiceCd=430&Type=search", "url2": "https://solasto-kaigo.com/care/area/solastotsukashin2.html" }, "geometry": { "type": "Point", "coordinates": [ 135.417442320762547, 34.76191464915771 ] } },
{ "type": "Feature", "properties": { "内容": "塚口ケアプランセンター【居宅介護支援】兵庫県尼崎市南塚口町6-10-37サンロイヤル1階", "url": "https://www.kaigokensaku.mhlw.go.jp/28/index.php?action_kouhyou_detail_004_kani=true&JigyosyoCd=2873002832-00&ServiceCd=430&Type=search", "url2": "http://www.kensei-kai-zaitaku.jp" }, "geometry": { "type": "Point", "coordinates": [ 135.415937198625187, 34.744298708961765 ] } },
{ "type": "Feature", "properties": { "内容": "ケアサポートセンター第三【居宅介護支援】尼崎市食満7-7-11", "url": "https://www.kaigokensaku.mhlw.go.jp/28/index.php?action_kouhyou_detail_004_kani=true&JigyosyoCd=2873003293-00&ServiceCd=430&Type=search", "url2": "caresapo3@hansiniseikyo.or.jp" }, "geometry": { "type": "Point", "coordinates": [ 135.4344168, 34.7588095 ] } },
{ "type": "Feature", "properties": { "内容": "ファミリーケアえがお【居宅介護支援】尼崎市武庫之荘2-11-12コージィコート21　203号", "url": "https://www.kaigokensaku.mhlw.go.jp/28/index.php?action_kouhyou_detail_004_kani=true&JigyosyoCd=2873003533-00&ServiceCd=430&Type=search", "url2": "http://egao-carenet.jp" }, "geometry": { "type": "Point", "coordinates": [ 135.390185400000064, 34.7535788 ] } },
{ "type": "Feature", "properties": { "内容": "あいわ居宅サービスセンター【居宅介護支援】兵庫県尼崎市東園田町4丁目101-7ナイトービル401号室", "url": "https://www.kaigokensaku.mhlw.go.jp/28/index.php?action_kouhyou_detail_004_kani=true&JigyosyoCd=2873003863-00&ServiceCd=430&Type=search", "url2": "www.seisyu-kai.com" }, "geometry": { "type": "Point", "coordinates": [ 135.445649600000024, 34.7536213 ] } },
{ "type": "Feature", "properties": { "内容": "六島クリニックケアプランセンター【居宅介護支援】尼崎市北城内88", "url": "https://www.kaigokensaku.mhlw.go.jp/28/index.php?action_kouhyou_detail_004_kani=true&JigyosyoCd=2873005017-00&ServiceCd=430&Type=search", "url2": null }, "geometry": { "type": "Point", "coordinates": [ 135.420203178573587, 34.716445927915622 ] } },
{ "type": "Feature", "properties": { "内容": "居宅介護支援事業所　ロータス・オデオン【居宅介護支援】兵庫県尼崎市宮内町２－８１－１", "url": "https://www.kaigokensaku.mhlw.go.jp/28/index.php?action_kouhyou_detail_004_kani=true&JigyosyoCd=2873005215-00&ServiceCd=430&Type=search", "url2": "http://www.e-akane.com" }, "geometry": { "type": "Point", "coordinates": [ 135.405498500000022, 34.7190741 ] } },
{ "type": "Feature", "properties": { "内容": "セントケア尼崎【居宅介護支援】兵庫県尼崎市南塚口町1丁目12-3　南塚口ファーストビル1Ｆ", "url": "https://www.kaigokensaku.mhlw.go.jp/28/index.php?action_kouhyou_detail_004_kani=true&JigyosyoCd=2873005231-00&ServiceCd=430&Type=search", "url2": "http://www.saint-care.com" }, "geometry": { "type": "Point", "coordinates": [ 135.414195899999982, 34.7513071 ] } },
{ "type": "Feature", "properties": { "内容": "居宅介護支援事業所　サンフォート武庫之荘【居宅介護支援】武庫之荘9丁目34番16号", "url": "https://www.kaigokensaku.mhlw.go.jp/28/index.php?action_kouhyou_detail_004_kani=true&JigyosyoCd=2873005918-00&ServiceCd=430&Type=search", "url2": "http://www.sanyoufukusikai.com/" }, "geometry": { "type": "Point", "coordinates": [ 135.388315700000021, 34.7704328 ] } },
{ "type": "Feature", "properties": { "内容": "ケアプランセンター　ハルム上坂部【居宅介護支援】兵庫県尼崎市上坂部3丁目29番8号", "url": "https://www.kaigokensaku.mhlw.go.jp/28/index.php?action_kouhyou_detail_004_kani=true&JigyosyoCd=2873006684-00&ServiceCd=430&Type=search", "url2": "http://lthinks-cs.com" }, "geometry": { "type": "Point", "coordinates": [ 135.432575600000064, 34.7482023 ] } },
{ "type": "Feature", "properties": { "内容": "だいこく介護館【居宅介護支援】兵庫県尼崎市立花町１－１５－２", "url": "https://www.kaigokensaku.mhlw.go.jp/28/index.php?action_kouhyou_detail_004_kani=true&JigyosyoCd=2873007849-00&ServiceCd=430&Type=search", "url2": "http://daikoku2001.co.jp/" }, "geometry": { "type": "Point", "coordinates": [ 135.399346400000013, 34.7395619 ] } },
{ "type": "Feature", "properties": { "内容": "サンホーム大庄西　居宅介護支援ステーション【居宅介護支援】尼崎市大島3丁目9番1号", "url": "https://www.kaigokensaku.mhlw.go.jp/28/index.php?action_kouhyou_detail_004_kani=true&JigyosyoCd=2873009142-00&ServiceCd=430&Type=search", "url2": "http://hinode.or.jp/osyonishi/" }, "geometry": { "type": "Point", "coordinates": [ 135.390177900000026, 34.7258452 ] } },
{ "type": "Feature", "properties": { "内容": "つきじケアプランセンター【居宅介護支援】兵庫県尼崎市築地3丁目2番13号", "url": "https://www.kaigokensaku.mhlw.go.jp/28/index.php?action_kouhyou_detail_004_kani=true&JigyosyoCd=2873009407-00&ServiceCd=430&Type=search", "url2": null }, "geometry": { "type": "Point", "coordinates": [ 135.418372200000022, 34.7119612 ] } },
{ "type": "Feature", "properties": { "内容": "尼崎医療生協　ケアプランセンタ－潮江【居宅介護支援】兵庫県尼崎市潮江3丁目18番19号2在宅支援センタ－おひさま1F", "url": "https://www.kaigokensaku.mhlw.go.jp/28/index.php?action_kouhyou_detail_004_kani=true&JigyosyoCd=2873010009-00&ServiceCd=430&Type=search", "url2": "https://amagasaki.coop/" }, "geometry": { "type": "Point", "coordinates": [ 135.434295199999951, 34.7382228 ] } },
{ "type": "Feature", "properties": { "内容": "ケアプランセンターゆめパラティース【居宅介護支援】兵庫県尼崎市下坂部3-3-1", "url": "https://www.kaigokensaku.mhlw.go.jp/28/index.php?action_kouhyou_detail_004_kani=true&JigyosyoCd=2873010181-00&ServiceCd=430&Type=search", "url2": "https://smile-yume.com/paratiis/" }, "geometry": { "type": "Point", "coordinates": [ 135.438250499999981, 34.7408531 ] } },
{ "type": "Feature", "properties": { "内容": "いろどり居宅介護支援事業所【居宅介護支援】兵庫県尼崎市東難波町3-23-3尼崎医療ビル2Ｆ", "url": "https://www.kaigokensaku.mhlw.go.jp/28/index.php?action_kouhyou_detail_004_kani=true&JigyosyoCd=2873010678-00&ServiceCd=430&Type=search", "url2": null }, "geometry": { "type": "Point", "coordinates": [ 135.412909500000069, 34.7291012 ] } },
{ "type": "Feature", "properties": { "内容": "はらクリニックケアプランセンター【居宅介護支援】兵庫県尼崎市南竹谷町２－３８ー２原ビル２階", "url": "https://www.kaigokensaku.mhlw.go.jp/28/index.php?action_kouhyou_detail_004_kani=true&JigyosyoCd=2873010827-00&ServiceCd=430&Type=search", "url2": "https://cpc.hara-med.com/" }, "geometry": { "type": "Point", "coordinates": [ 135.404065932741076, 34.717686055902917 ] } },
{ "type": "Feature", "properties": { "内容": "てんとうむしケアプランセンター【居宅介護支援】兵庫県尼崎市塚口町６丁目14-10ｱｰﾊﾞﾝﾋﾙ塚口　1-C", "url": "https://www.kaigokensaku.mhlw.go.jp/28/index.php?action_kouhyou_detail_004_kani=true&JigyosyoCd=2873011353-00&ServiceCd=430&Type=search", "url2": null }, "geometry": { "type": "Point", "coordinates": [ 135.407044942813826, 34.757749797347834 ] } },
{ "type": "Feature", "properties": { "内容": "きたぐちケアプランセンター【居宅介護支援】兵庫県尼崎市久々知西町2-9-16", "url": "https://www.kaigokensaku.mhlw.go.jp/28/index.php?action_kouhyou_detail_004_kani=true&JigyosyoCd=2873011650-00&ServiceCd=430&Type=search", "url2": null }, "geometry": { "type": "Point", "coordinates": [ 135.423165, 34.7407378 ] } },
{ "type": "Feature", "properties": { "内容": "ケアプランセンター松の木【居宅介護支援】兵庫県尼崎市塚口町1-6-8", "url": "https://www.kaigokensaku.mhlw.go.jp/28/index.php?action_kouhyou_detail_004_kani=true&JigyosyoCd=2873011718-00&ServiceCd=430&Type=search", "url2": "https://1ngk7.crayonsite.info/" }, "geometry": { "type": "Point", "coordinates": [ 135.412677699999989, 34.7531835 ] } },
{ "type": "Feature", "properties": { "内容": "ケアプランセンター　ひととね【居宅介護支援】稲葉荘1-21-21-503", "url": "https://www.kaigokensaku.mhlw.go.jp/28/index.php?action_kouhyou_detail_004_kani=true&JigyosyoCd=2873012179-00&ServiceCd=430&Type=search", "url2": null }, "geometry": { "type": "Point", "coordinates": [ 135.383275200000014, 34.7317154 ] } },
{ "type": "Feature", "properties": { "内容": "ここプラン【居宅介護支援】兵庫県尼崎市立花町２丁目２３－７カーサ立花１０２", "url": "https://www.kaigokensaku.mhlw.go.jp/28/index.php?action_kouhyou_detail_004_kani=true&JigyosyoCd=2873012377-00&ServiceCd=430&Type=search", "url2": "https：//cocopuran@gmail.com" }, "geometry": { "type": "Point", "coordinates": [ 135.4019717, 34.741557 ] } },
{ "type": "Feature", "properties": { "内容": "ケアプランセンターさんらいふ【居宅介護支援】兵庫県尼崎市南武庫之荘２－４－１2302", "url": "https://www.kaigokensaku.mhlw.go.jp/28/index.php?action_kouhyou_detail_004_kani=true&JigyosyoCd=2873012559-00&ServiceCd=430&Type=search", "url2": null }, "geometry": { "type": "Point", "coordinates": [ 135.396161, 34.7515725 ] } },
{ "type": "Feature", "properties": { "内容": "まごころケアプランセンター【居宅介護支援】兵庫県　尼崎市　東難波町　3-16-5Bestﾋﾞﾙ１階", "url": "https://www.kaigokensaku.mhlw.go.jp/28/index.php?action_kouhyou_detail_004_kani=true&JigyosyoCd=2873013037-00&ServiceCd=430&Type=search", "url2": null }, "geometry": { "type": "Point", "coordinates": [ 135.4170904, 34.7238052 ] } },
{ "type": "Feature", "properties": { "内容": "I.Mケアプランセンター【居宅介護支援】尼崎市武庫之荘西2-44-32-103", "url": "https://www.kaigokensaku.mhlw.go.jp/28/index.php?action_kouhyou_detail_004_kani=true&JigyosyoCd=2873013060-00&ServiceCd=430&Type=search", "url2": null }, "geometry": { "type": "Point", "coordinates": [ 135.388427400000012, 34.7529862 ] } },
{ "type": "Feature", "properties": { "内容": "ケアマネジメントOffice楓【居宅介護支援】兵庫県尼崎市栗山町１丁目２２ー３０ハイツホリウチ１０５号", "url": "https://www.kaigokensaku.mhlw.go.jp/28/index.php?action_kouhyou_detail_004_kani=true&JigyosyoCd=2873013466-00&ServiceCd=430&Type=search", "url2": null }, "geometry": { "type": "Point", "coordinates": [ 135.40895107486881, 34.744455076140426 ] } },
{ "type": "Feature", "properties": { "内容": "ケアプランセンターくるみ【居宅介護支援】兵庫県尼崎市長洲西通2丁目８－３０コミュニティリビング手と手", "url": "https://www.kaigokensaku.mhlw.go.jp/28/index.php?action_kouhyou_detail_004_kani=true&JigyosyoCd=2873013698-00&ServiceCd=430&Type=search", "url2": "https://www.atobisu.com" }, "geometry": { "type": "Point", "coordinates": [ 135.4282756, 34.7259042 ] } },
{ "type": "Feature", "properties": { "内容": "アイリスケアステーション【居宅介護支援】七松町２丁目６－１７５０２", "url": "https://www.kaigokensaku.mhlw.go.jp/28/index.php?action_kouhyou_detail_004_kani=true&JigyosyoCd=2873014183-00&ServiceCd=430&Type=search", "url2": "https://www.airiscare.jp" }, "geometry": { "type": "Point", "coordinates": [ 135.400366600000012, 34.7367655 ] } },
{ "type": "Feature", "properties": { "内容": "医療法人社団西日本平郁会　ケアマネセンターさんわ【居宅介護支援】兵庫県尼崎市昭和通7丁目242番地", "url": "https://www.kaigokensaku.mhlw.go.jp/28/index.php?action_kouhyou_detail_004_kani=true&JigyosyoCd=2873014209-00&ServiceCd=430&Type=search", "url2": "sanwa-care@sanwaclinic.com" }, "geometry": { "type": "Point", "coordinates": [ 135.408321699999988, 34.7228287 ] } },
{ "type": "Feature", "properties": { "内容": "けあまねせんたーひかり【居宅介護支援】兵庫県尼崎市浜田町3丁目62-101", "url": "https://www.kaigokensaku.mhlw.go.jp/28/index.php?action_kouhyou_detail_004_kani=true&JigyosyoCd=2873014308-00&ServiceCd=430&Type=search", "url2": null }, "geometry": { "type": "Point", "coordinates": [ 135.398181296433989, 34.729400534595875 ] } },
{ "type": "Feature", "properties": { "内容": "アイビスケアセンター【居宅介護支援】兵庫県尼崎市尾浜町３丁目5番4号アヴェニールリノン101号", "url": "https://www.kaigokensaku.mhlw.go.jp/28/index.php?action_kouhyou_detail_004_kani=true&JigyosyoCd=2863090656-00&ServiceCd=430&Type=search", "url2": "www.ibis-care.com" }, "geometry": { "type": "Point", "coordinates": [ 135.420940900000033, 34.735079900000017 ] } },
{ "type": "Feature", "properties": { "内容": "社会医療法人中央会　ケアプランセンター　ローランド【居宅介護支援】尼崎市潮江1丁目13番5号", "url": "https://www.kaigokensaku.mhlw.go.jp/28/index.php?action_kouhyou_detail_004_kani=true&JigyosyoCd=2873000042-00&ServiceCd=430&Type=search", "url2": "rolan1135@yahoo.co.jp" }, "geometry": { "type": "Point", "coordinates": [ 135.434934200000043, 34.7338399 ] } },
{ "type": "Feature", "properties": { "内容": "社会福祉法人阪神共同福祉会　園田苑【居宅介護支援】尼崎市小中島２丁目１０番２０号", "url": "https://www.kaigokensaku.mhlw.go.jp/28/index.php?action_kouhyou_detail_004_kani=true&JigyosyoCd=2873000109-00&ServiceCd=430&Type=search", "url2": "https://www.sonodaen.com/" }, "geometry": { "type": "Point", "coordinates": [ 135.443761, 34.7482302 ] } },
{ "type": "Feature", "properties": { "内容": "喜楽苑居宅介護支援事業所【居宅介護支援】兵庫県尼崎市金楽寺町２丁目７番７号", "url": "https://www.kaigokensaku.mhlw.go.jp/28/index.php?action_kouhyou_detail_004_kani=true&JigyosyoCd=2873000174-00&ServiceCd=430&Type=search", "url2": "http://www.kirakuen.or.jp/" }, "geometry": { "type": "Point", "coordinates": [ 135.427831995631436, 34.724891905429018 ] } },
{ "type": "Feature", "properties": { "内容": "やすらぎ居宅介護支援事業所【居宅介護支援】尼崎市長洲本通１－１６－１７", "url": "https://www.kaigokensaku.mhlw.go.jp/28/index.php?action_kouhyou_detail_004_kani=true&JigyosyoCd=2873000588-00&ServiceCd=430&Type=search", "url2": "http://www.hansiniseikyo.or.jp/iseikyo/yasuragi.html" }, "geometry": { "type": "Point", "coordinates": [ 135.429976300000021, 34.727635 ] } },
{ "type": "Feature", "properties": { "内容": "有限会社　昭和ケアサービス【居宅介護支援】兵庫県尼崎市開明町２丁目11番地神鋼建設ビル３Ｆ３０２号", "url": "https://www.kaigokensaku.mhlw.go.jp/28/index.php?action_kouhyou_detail_004_kani=true&JigyosyoCd=2873000935-00&ServiceCd=430&Type=search", "url2": "joy-group.jp" }, "geometry": { "type": "Point", "coordinates": [ 135.415027279484548, 34.716102082759953 ] } },
{ "type": "Feature", "properties": { "内容": "ニチイケアセンター武庫之荘【居宅介護支援】尼崎市武庫之荘東1-23-11", "url": "https://www.kaigokensaku.mhlw.go.jp/28/index.php?action_kouhyou_detail_004_kani=true&JigyosyoCd=2873000968-00&ServiceCd=430&Type=search", "url2": "www.nichigakkan.co.jp" }, "geometry": { "type": "Point", "coordinates": [ 135.396101300000026, 34.7566453 ] } },
{ "type": "Feature", "properties": { "内容": "西長洲荘指定居宅支援事業所【居宅介護支援】兵庫県尼崎市西長洲町3丁目3番20号", "url": "https://www.kaigokensaku.mhlw.go.jp/28/index.php?action_kouhyou_detail_004_kani=true&JigyosyoCd=2873001198-00&ServiceCd=430&Type=search", "url2": "http://www.heiseikai.or.jp" }, "geometry": { "type": "Point", "coordinates": [ 135.417566299999976, 34.7261738 ] } },
{ "type": "Feature", "properties": { "内容": "けま喜楽苑居宅介護支援事業所【居宅介護支援】兵庫県尼崎市食満２丁目２２番１号", "url": "https://www.kaigokensaku.mhlw.go.jp/28/index.php?action_kouhyou_detail_004_kani=true&JigyosyoCd=2873001495-00&ServiceCd=430&Type=search", "url2": "http://www.kirakuen.or.jp/" }, "geometry": { "type": "Point", "coordinates": [ 135.4310752, 34.7627673 ] } },
{ "type": "Feature", "properties": { "内容": "ケアプランセンター杢園【居宅介護支援】兵庫県尼崎市三反田町3丁目3-16", "url": "https://www.kaigokensaku.mhlw.go.jp/28/index.php?action_kouhyou_detail_004_kani=true&JigyosyoCd=2873001941-00&ServiceCd=430&Type=search", "url2": "http://www.e-akane.com" }, "geometry": { "type": "Point", "coordinates": [ 135.409811410589555, 34.744027723310879 ] } },
{ "type": "Feature", "properties": { "内容": "居宅支援事業所　ケアベスト　あゆみ【居宅介護支援】兵庫県　尼崎市　武庫之荘6丁目26番7号", "url": "https://www.kaigokensaku.mhlw.go.jp/28/index.php?action_kouhyou_detail_004_kani=true&JigyosyoCd=2873002626-00&ServiceCd=430&Type=search", "url2": null }, "geometry": { "type": "Point", "coordinates": [ 135.385619, 34.7620382 ] } },
{ "type": "Feature", "properties": { "内容": "ケアプランセンター　エイム【居宅介護支援】兵庫県尼崎市道意町5丁目７番地1", "url": "https://www.kaigokensaku.mhlw.go.jp/28/index.php?action_kouhyou_detail_004_kani=true&JigyosyoCd=2873002675-00&ServiceCd=430&Type=search", "url2": null }, "geometry": { "type": "Point", "coordinates": [ 135.393433400000049, 34.716985 ] } },
{ "type": "Feature", "properties": { "内容": "介護サービスピュアライフ【居宅介護支援】尼崎市南塚口町2丁目13番30号", "url": "https://www.kaigokensaku.mhlw.go.jp/28/index.php?action_kouhyou_detail_004_kani=true&JigyosyoCd=2873004051-00&ServiceCd=430&Type=search", "url2": null }, "geometry": { "type": "Point", "coordinates": [ 135.417670495106478, 34.75183559418749 ] } },
{ "type": "Feature", "properties": { "内容": "居宅介護支援事業所武庫之荘【居宅介護支援】尼崎市南武庫之荘２－１０－３０", "url": "https://www.kaigokensaku.mhlw.go.jp/28/index.php?action_kouhyou_detail_004_kani=true&JigyosyoCd=2873004374-00&ServiceCd=430&Type=search", "url2": null }, "geometry": { "type": "Point", "coordinates": [ 135.396829199999956, 34.7508486 ] } },
{ "type": "Feature", "properties": { "内容": "喜楽苑むこのそうケアプランセンター【居宅介護支援】尼崎市南武庫之荘１丁目25-18", "url": "https://www.kaigokensaku.mhlw.go.jp/28/index.php?action_kouhyou_detail_004_kani=true&JigyosyoCd=2873004978-00&ServiceCd=430&Type=search", "url2": "http//www.kirakuen.or.jp" }, "geometry": { "type": "Point", "coordinates": [ 135.390504328066271, 34.749585531804165 ] } },
{ "type": "Feature", "properties": { "内容": "リベルケアプランセンター【居宅介護支援】兵庫県尼崎市竹谷町２丁目１８３番地リベル122", "url": "https://www.kaigokensaku.mhlw.go.jp/28/index.php?action_kouhyou_detail_004_kani=true&JigyosyoCd=2873005462-00&ServiceCd=430&Type=search", "url2": null }, "geometry": { "type": "Point", "coordinates": [ 135.404777991540527, 34.718856102307967 ] } },
{ "type": "Feature", "properties": { "内容": "介護支援センタージョイ園田【居宅介護支援】兵庫県尼崎市東園田町1丁目245番地ステージア園田東105号", "url": "https://www.kaigokensaku.mhlw.go.jp/28/index.php?action_kouhyou_detail_004_kani=true&JigyosyoCd=2873005504-00&ServiceCd=430&Type=search", "url2": "http://joy-group.jp" }, "geometry": { "type": "Point", "coordinates": [ 135.454339399842922, 34.75447165275785 ] } },
{ "type": "Feature", "properties": { "内容": "介護支援センタージョイ尼崎【居宅介護支援】尼崎市西難波町4丁目1-30弐号館Ｄビル１０１号", "url": "https://www.kaigokensaku.mhlw.go.jp/28/index.php?action_kouhyou_detail_004_kani=true&JigyosyoCd=2873005512-00&ServiceCd=430&Type=search", "url2": null }, "geometry": { "type": "Point", "coordinates": [ 135.406303799999932, 34.7257402 ] } },
{ "type": "Feature", "properties": { "内容": "ケアプランセンターはたなか【居宅介護支援】兵庫県尼崎市大庄西町1丁目２４－２０", "url": "https://www.kaigokensaku.mhlw.go.jp/28/index.php?action_kouhyou_detail_004_kani=true&JigyosyoCd=2873005769-00&ServiceCd=430&Type=search", "url2": "http://kiseikai.flips.jp/" }, "geometry": { "type": "Point", "coordinates": [ 135.388099920901482, 34.718636712829763 ] } },
{ "type": "Feature", "properties": { "内容": "さくら居宅介護支援事業所【居宅介護支援】尼崎市武庫元町1-33-9", "url": "https://www.kaigokensaku.mhlw.go.jp/28/index.php?action_kouhyou_detail_004_kani=true&JigyosyoCd=2873006155-00&ServiceCd=430&Type=search", "url2": "http://kaiyukai.com/page04_3.html" }, "geometry": { "type": "Point", "coordinates": [ 135.382058131877102, 34.759725687733514 ] } },
{ "type": "Feature", "properties": { "内容": "ハートコールケアプランセンター【居宅介護支援】兵庫県尼崎市七松町３丁目17-20Ｄビル壱号館１０１号", "url": "https://www.kaigokensaku.mhlw.go.jp/28/index.php?action_kouhyou_detail_004_kani=true&JigyosyoCd=2873006437-00&ServiceCd=430&Type=search", "url2": "https://heatcall-station.com/" }, "geometry": { "type": "Point", "coordinates": [ 135.405456400000048, 34.733322800000018 ] } },
{ "type": "Feature", "properties": { "内容": "ケアステーションつくしんぼ【居宅介護支援】尼崎市玄番北之町26-1尼崎アーバンコンフォート101号", "url": "https://www.kaigokensaku.mhlw.go.jp/28/index.php?action_kouhyou_detail_004_kani=true&JigyosyoCd=2873006858-00&ServiceCd=430&Type=search", "url2": null }, "geometry": { "type": "Point", "coordinates": [ 135.408095399999979, 34.7187797 ] } },
{ "type": "Feature", "properties": { "内容": "ケアプラン　ピーナッツ【居宅介護支援】兵庫県尼崎市武庫町2丁目26番12号大央ハイツB棟101号", "url": "https://www.kaigokensaku.mhlw.go.jp/28/index.php?action_kouhyou_detail_004_kani=true&JigyosyoCd=2873006916-00&ServiceCd=430&Type=search", "url2": null }, "geometry": { "type": "Point", "coordinates": [ 135.37927150674588, 34.753795603182851 ] } },
{ "type": "Feature", "properties": { "内容": "株式会社ゼスト　介護サービスセンター尼崎【居宅介護支援】尼崎市御園町21MG尼崎駅前ビル2F", "url": "https://www.kaigokensaku.mhlw.go.jp/28/index.php?action_kouhyou_detail_004_kani=true&JigyosyoCd=2873007997-00&ServiceCd=430&Type=search", "url2": "http://www.zest-ltd.net/" }, "geometry": { "type": "Point", "coordinates": [ 135.415980600000012, 34.7179606 ] } },
{ "type": "Feature", "properties": { "内容": "芦風荘居宅介護支援事業所【居宅介護支援】尼崎市西長洲町１丁目３番１号", "url": "https://www.kaigokensaku.mhlw.go.jp/28/index.php?action_kouhyou_detail_004_kani=true&JigyosyoCd=2873008557-00&ServiceCd=430&Type=search", "url2": "www.heiseikai.or.jp" }, "geometry": { "type": "Point", "coordinates": [ 135.42426, 34.7286237 ] } },
{ "type": "Feature", "properties": { "内容": "介護ステーション　サンエール【居宅介護支援】兵庫県尼崎市南武庫之荘１丁目１５番６号", "url": "https://www.kaigokensaku.mhlw.go.jp/28/index.php?action_kouhyou_detail_004_kani=true&JigyosyoCd=2873009688-00&ServiceCd=430&Type=search", "url2": "https://www.facebook.com/介護ステーション-サンエール-1417244628595333/" }, "geometry": { "type": "Point", "coordinates": [ 135.393038, 34.749407 ] } },
{ "type": "Feature", "properties": { "内容": "愛菜の心【居宅介護支援】兵庫県尼崎市西昆陽1－25－3", "url": "https://www.kaigokensaku.mhlw.go.jp/28/index.php?action_kouhyou_detail_004_kani=true&JigyosyoCd=2873010165-00&ServiceCd=430&Type=search", "url2": null }, "geometry": { "type": "Point", "coordinates": [ 135.381222, 34.7674829 ] } },
{ "type": "Feature", "properties": { "内容": "介護相談所　めばえ【居宅介護支援】富松町二丁目2番2号", "url": "https://www.kaigokensaku.mhlw.go.jp/28/index.php?action_kouhyou_detail_004_kani=true&JigyosyoCd=2873011023-00&ServiceCd=430&Type=search", "url2": "https://mebaesanko.com/" }, "geometry": { "type": "Point", "coordinates": [ 135.398951, 34.7560787 ] } },
{ "type": "Feature", "properties": { "内容": "ケアプランセンター　アマルネス・ガーデン【居宅介護支援】兵庫県尼崎市西長洲町2丁目３５番１号", "url": "https://www.kaigokensaku.mhlw.go.jp/28/index.php?action_kouhyou_detail_004_kani=true&JigyosyoCd=2873011072-00&ServiceCd=430&Type=search", "url2": "http;//e-akane.com/" }, "geometry": { "type": "Point", "coordinates": [ 135.420021899999938, 34.7232406 ] } },
{ "type": "Feature", "properties": { "内容": "合同会社ケアプラン結【居宅介護支援】東園田町1丁目241-3", "url": "https://www.kaigokensaku.mhlw.go.jp/28/index.php?action_kouhyou_detail_004_kani=true&JigyosyoCd=2873011239-00&ServiceCd=430&Type=search", "url2": null }, "geometry": { "type": "Point", "coordinates": [ 135.452160700000036, 34.7527059 ] } },
{ "type": "Feature", "properties": { "内容": "ケアプランきずな【居宅介護支援】南塚口町１丁目5-22-501", "url": "https://www.kaigokensaku.mhlw.go.jp/28/index.php?action_kouhyou_detail_004_kani=true&JigyosyoCd=2873011247-00&ServiceCd=430&Type=search", "url2": null }, "geometry": { "type": "Point", "coordinates": [ 135.413149400000094, 34.752026499999985 ] } },
{ "type": "Feature", "properties": { "内容": "株式会社イープラン【居宅介護支援】兵庫県尼崎市南塚口町8丁目40-14", "url": "https://www.kaigokensaku.mhlw.go.jp/28/index.php?action_kouhyou_detail_004_kani=true&JigyosyoCd=2873011577-00&ServiceCd=430&Type=search", "url2": null }, "geometry": { "type": "Point", "coordinates": [ 135.40626670000006, 34.7514876 ] } },
{ "type": "Feature", "properties": { "内容": "ケアプランセンターおはま【居宅介護支援】兵庫県尼崎市尾浜町２丁目２０－１５", "url": "https://www.kaigokensaku.mhlw.go.jp/28/index.php?action_kouhyou_detail_004_kani=true&JigyosyoCd=2873011791-00&ServiceCd=430&Type=search", "url2": null }, "geometry": { "type": "Point", "coordinates": [ 135.418340199999989, 34.7377742 ] } },
{ "type": "Feature", "properties": { "内容": "ケアプランセンター知心【居宅介護支援】兵庫県尼崎市武庫元町1丁目26番3号", "url": "https://www.kaigokensaku.mhlw.go.jp/28/index.php?action_kouhyou_detail_004_kani=true&JigyosyoCd=2873012369-00&ServiceCd=430&Type=search", "url2": "https://hakujyuen.or.jp/" }, "geometry": { "type": "Point", "coordinates": [ 135.3821156, 34.7580242 ] } },
{ "type": "Feature", "properties": { "内容": "サザン社会福祉士事務所【居宅介護支援】兵庫県尼崎市南武庫之荘6丁目3番8号２Ｆフジハイツ武庫之荘Ⅱ202", "url": "https://www.kaigokensaku.mhlw.go.jp/28/index.php?action_kouhyou_detail_004_kani=true&JigyosyoCd=2873012385-00&ServiceCd=430&Type=search", "url2": null }, "geometry": { "type": "Point", "coordinates": [ 135.380362, 34.7486403 ] } },
{ "type": "Feature", "properties": { "内容": "ケアプランセンター立花畑【居宅介護支援】兵庫県尼崎市七松町3丁目16番11号アイワビル１階", "url": "https://www.kaigokensaku.mhlw.go.jp/28/index.php?action_kouhyou_detail_004_kani=true&JigyosyoCd=2873013268-00&ServiceCd=430&Type=search", "url2": "https://uri-home.com/" }, "geometry": { "type": "Point", "coordinates": [ 135.405689399999972, 34.7340642 ] } },
{ "type": "Feature", "properties": { "内容": "ケアプランセンタースウィング【居宅介護支援】兵庫県尼崎市武庫川町２丁目２０番地の２", "url": "https://www.kaigokensaku.mhlw.go.jp/28/index.php?action_kouhyou_detail_004_kani=true&JigyosyoCd=2873014159-00&ServiceCd=430&Type=search", "url2": null }, "geometry": { "type": "Point", "coordinates": [ 135.3866471, 34.7167942 ] } },
{ "type": "Feature", "properties": { "内容": "ほんま居宅支援サービス【居宅介護支援】兵庫県尼崎市東七松町１－１０－１", "url": "https://www.kaigokensaku.mhlw.go.jp/28/index.php?action_kouhyou_detail_004_kani=true&JigyosyoCd=2873004846-00&ServiceCd=430&Type=search", "url2": null }, "geometry": { "type": "Point", "coordinates": [ 135.405961100000013, 34.7356438 ] } },
{ "type": "Feature", "properties": { "内容": "支援センターつくし【居宅介護支援】尼崎市中洲東通1丁目7番3号", "url": "https://www.kaigokensaku.mhlw.go.jp/28/index.php?action_kouhyou_detail_004_kani=true&JigyosyoCd=2873005314-00&ServiceCd=430&Type=search", "url2": null }, "geometry": { "type": "Point", "coordinates": [ 135.436486899999977, 34.7279267 ] } },
{ "type": "Feature", "properties": { "内容": "ケアプランもくれん【居宅介護支援】兵庫県尼崎市武庫元町1丁目12-12", "url": "https://www.kaigokensaku.mhlw.go.jp/28/index.php?action_kouhyou_detail_004_kani=true&JigyosyoCd=2873013078-00&ServiceCd=430&Type=search", "url2": null }, "geometry": { "type": "Point", "coordinates": [ 135.382164499999988, 34.7569079 ] } },
{ "type": "Feature", "properties": { "内容": "ベール介護支援センター【居宅介護支援】尼崎市東難波町１丁目３－１", "url": "https://www.kaigokensaku.mhlw.go.jp/28/index.php?action_kouhyou_detail_004_kani=true&JigyosyoCd=2873005579-00&ServiceCd=430&Type=search", "url2": null }, "geometry": { "type": "Point", "coordinates": [ 135.412918723278835, 34.73242143755904 ] } },
{ "type": "Feature", "properties": { "内容": "八条通りケアプランセンター【居宅介護支援】西難波町5丁目14-4", "url": "https://www.kaigokensaku.mhlw.go.jp/28/index.php?action_kouhyou_detail_004_kani=true&JigyosyoCd=2873013326-00&ServiceCd=430&Type=search", "url2": null }, "geometry": { "type": "Point", "coordinates": [ 135.4079112, 34.7289453 ] } },
{ "type": "Feature", "properties": { "内容": "西武庫訪問看護ステーション【居宅介護支援】兵庫県尼崎市武庫元町２丁目９番１号トレス・フビロ武庫１０２号", "url": "https://www.kaigokensaku.mhlw.go.jp/28/index.php?action_kouhyou_detail_004_kani=true&JigyosyoCd=2863090078-00&ServiceCd=430&Type=search", "url2": "https://nishimuko-hp.com" }, "geometry": { "type": "Point", "coordinates": [ 135.379526875716891, 34.75622912904047 ] } },
{ "type": "Feature", "properties": { "内容": "ケアプランセンターのむら【居宅介護支援】尼崎市大物町1丁目10-17", "url": "https://www.kaigokensaku.mhlw.go.jp/28/index.php?action_kouhyou_detail_004_kani=true&JigyosyoCd=2873009191-00&ServiceCd=430&Type=search", "url2": "http://www.shuwakai-nomura.or.jp/" }, "geometry": { "type": "Point", "coordinates": [ 135.426331, 34.7144674 ] } },
{ "type": "Feature", "properties": { "内容": "あいねっとケアプランセンター【居宅介護支援】兵庫県尼崎市南武庫之荘７丁目２番１５号モリノブハイツ201", "url": "https://www.kaigokensaku.mhlw.go.jp/28/index.php?action_kouhyou_detail_004_kani=true&JigyosyoCd=2873012351-00&ServiceCd=430&Type=search", "url2": null }, "geometry": { "type": "Point", "coordinates": [ 135.383873076443479, 34.74886079835138 ] } },
{ "type": "Feature", "properties": { "内容": "ケアプランセンター凛【居宅介護支援】尼崎市武庫元町1丁目21-14", "url": "https://www.kaigokensaku.mhlw.go.jp/28/index.php?action_kouhyou_detail_004_kani=true&JigyosyoCd=2873007690-00&ServiceCd=430&Type=search", "url2": "http://yamasaki-care.net/" }, "geometry": { "type": "Point", "coordinates": [ 135.384487292625096, 34.757754060162938 ] } },
{ "type": "Feature", "properties": { "内容": "株式会社ルーヴ【居宅介護支援】神田北通１－１－２F", "url": "https://www.kaigokensaku.mhlw.go.jp/28/index.php?action_kouhyou_detail_004_kani=true&JigyosyoCd=2873011528-00&ServiceCd=430&Type=search", "url2": "https://luve.biz/" }, "geometry": { "type": "Point", "coordinates": [ 135.418407699999989, 34.7197928 ] } },
{ "type": "Feature", "properties": { "内容": "ケアプラン貴楽【居宅介護支援】塚口本町2-32-11", "url": "https://www.kaigokensaku.mhlw.go.jp/28/index.php?action_kouhyou_detail_004_kani=true&JigyosyoCd=2873012716-00&ServiceCd=430&Type=search", "url2": null }, "geometry": { "type": "Point", "coordinates": [ 135.419231599999989, 34.7569267 ] } },
{ "type": "Feature", "properties": { "内容": "ケアプランセンター咲くや【居宅介護支援】兵庫県尼崎市東桜木町102番地尼崎市東桜木町102番地", "url": "https://www.kaigokensaku.mhlw.go.jp/28/index.php?action_kouhyou_detail_004_kani=true&JigyosyoCd=2873014068-00&ServiceCd=430&Type=search", "url2": "https://www.sakuya-houmonkango.com/" }, "geometry": { "type": "Point", "coordinates": [ 135.4131818, 34.7172257 ] } },
{ "type": "Feature", "properties": { "内容": "ゼルクケアプランセンター【居宅介護支援】兵庫県尼崎市東園田町5丁目112－7　フルフィル阪急園田1階", "url": "https://www.kaigokensaku.mhlw.go.jp/28/index.php?action_kouhyou_detail_004_kani=true&JigyosyoCd=2873014084-00&ServiceCd=430&Type=search", "url2": null }, "geometry": { "type": "Point", "coordinates": [ 135.449904199999963, 34.751638100000015 ] } },
{ "type": "Feature", "properties": { "内容": "ケアプランセンターオーク【居宅介護支援】兵庫県尼崎市栗山町１丁目13－1", "url": "https://www.kaigokensaku.mhlw.go.jp/28/index.php?action_kouhyou_detail_004_kani=true&JigyosyoCd=2873010256-00&ServiceCd=430&Type=search", "url2": null }, "geometry": { "type": "Point", "coordinates": [ 135.407543110248952, 34.745553738407295 ] } },
{ "type": "Feature", "properties": { "内容": "有限会社一二三・ハーモニーケアセンター【居宅介護支援】兵庫県尼崎市塚口本町３丁目１４－１４", "url": "https://www.kaigokensaku.mhlw.go.jp/28/index.php?action_kouhyou_detail_004_kani=true&JigyosyoCd=2873002378-00&ServiceCd=430&Type=search", "url2": null }, "geometry": { "type": "Point", "coordinates": [ 135.418381899999986, 34.7584648 ] } },
{ "type": "Feature", "properties": { "内容": "介護支援センター寿長生の郷【居宅介護支援】尼崎市元浜町５丁目１０番２", "url": "https://www.kaigokensaku.mhlw.go.jp/28/index.php?action_kouhyou_detail_004_kani=true&JigyosyoCd=2873002725-00&ServiceCd=430&Type=search", "url2": null }, "geometry": { "type": "Point", "coordinates": [ 135.386889800000063, 34.7113964 ] } },
{ "type": "Feature", "properties": { "内容": "居宅支援事業所　らくとえん【居宅介護支援】今福１丁目１番２９号杭瀬団地２９号棟１０１号室杭瀬団地２９号棟１０１号室", "url": "https://www.kaigokensaku.mhlw.go.jp/28/index.php?action_kouhyou_detail_004_kani=true&JigyosyoCd=2873010645-00&ServiceCd=430&Type=search", "url2": null }, "geometry": { "type": "Point", "coordinates": [ 135.440060099999982, 34.7240495 ] } },
{ "type": "Feature", "properties": { "内容": "ケアプランセンターほのぼの建家【居宅介護支援】兵庫県尼崎市建家町68番地", "url": "https://www.kaigokensaku.mhlw.go.jp/28/index.php?action_kouhyou_detail_004_kani=true&JigyosyoCd=2873010694-00&ServiceCd=430&Type=search", "url2": "http://honobono-gr.com" }, "geometry": { "type": "Point", "coordinates": [ 135.410670100000061, 34.7197381 ] } },
{ "type": "Feature", "properties": { "内容": "ケアサポよつば【居宅介護支援】兵庫県尼崎市久々知３丁目17-12", "url": "https://www.kaigokensaku.mhlw.go.jp/28/index.php?action_kouhyou_detail_004_kani=true&JigyosyoCd=2873010330-00&ServiceCd=430&Type=search", "url2": "hwcoop.org/" }, "geometry": { "type": "Point", "coordinates": [ 135.429552587162306, 34.741744014578344 ] } },
{ "type": "Feature", "properties": { "内容": "ラブリー尼崎ケアステーション【居宅介護支援】兵庫県尼崎市尾浜町3丁目24番13号", "url": "https://www.kaigokensaku.mhlw.go.jp/28/index.php?action_kouhyou_detail_004_kani=true&JigyosyoCd=2873013011-00&ServiceCd=430&Type=search", "url2": null }, "geometry": { "type": "Point", "coordinates": [ 135.4213637, 34.7375128 ] } },
{ "type": "Feature", "properties": { "内容": "ケアプランセンターこころ【居宅介護支援】大庄西町1丁目5-2", "url": "https://www.kaigokensaku.mhlw.go.jp/28/index.php?action_kouhyou_detail_004_kani=true&JigyosyoCd=2873012708-00&ServiceCd=430&Type=search", "url2": null }, "geometry": { "type": "Point", "coordinates": [ 135.3859421, 34.717614 ] } },
{ "type": "Feature", "properties": { "内容": "ケアプランセンターcocomi【居宅介護支援】兵庫県尼崎市東難波町3-16-5-2階", "url": "https://www.kaigokensaku.mhlw.go.jp/28/index.php?action_kouhyou_detail_004_kani=true&JigyosyoCd=2873014506-00&ServiceCd=430&Type=search", "url2": null }, "geometry": { "type": "Point", "coordinates": [ 135.4125459, 34.7287146 ] } },
{ "type": "Feature", "properties": { "内容": "シニアスタイルケアプランセンター【居宅介護支援】兵庫県尼崎市七松町3丁目16-11アイワ立花ビル3階", "url": "https://www.kaigokensaku.mhlw.go.jp/28/index.php?action_kouhyou_detail_004_kani=true&JigyosyoCd=2873011841-00&ServiceCd=430&Type=search", "url2": "https://senior-style.co.jp/kyotaku/" }, "geometry": { "type": "Point", "coordinates": [ 135.405758770873092, 34.734076269026644 ] } },
{ "type": "Feature", "properties": { "内容": "居宅介護支援事業所ハートポート【居宅介護支援】兵庫県明石市大久保町大窪1513-1", "url": "https://www.kaigokensaku.mhlw.go.jp/28/index.php?action_kouhyou_detail_004_kani=true&JigyosyoCd=2872003286-00&ServiceCd=430&Type=search", "url2": null }, "geometry": { "type": "Point", "coordinates": [ 134.941793800000028, 34.6915296 ] } },
{ "type": "Feature", "properties": { "内容": "明石市社会福祉協議会【居宅介護支援】明石市二見町東二見842番地の３", "url": "https://www.kaigokensaku.mhlw.go.jp/28/index.php?action_kouhyou_detail_004_kani=true&JigyosyoCd=2872003401-00&ServiceCd=430&Type=search", "url2": "http://www.akasi-shakyo.jp/" }, "geometry": { "type": "Point", "coordinates": [ 134.887993100000017, 34.7029783 ] } },
{ "type": "Feature", "properties": { "内容": "りんどう居宅介護支援センター【居宅介護支援】兵庫県明石市二見町東二見２２５番地の４", "url": "https://www.kaigokensaku.mhlw.go.jp/28/index.php?action_kouhyou_detail_004_kani=true&JigyosyoCd=2872004813-00&ServiceCd=430&Type=search", "url2": null }, "geometry": { "type": "Point", "coordinates": [ 134.8891079, 34.6971304 ] } },
{ "type": "Feature", "properties": { "内容": "あっぷる居宅介護支援事業所明石【居宅介護支援】明石市樽屋町3-11", "url": "https://www.kaigokensaku.mhlw.go.jp/28/index.php?action_kouhyou_detail_004_kani=true&JigyosyoCd=2872002197-00&ServiceCd=430&Type=search", "url2": "http://www.apple-117.jp/" }, "geometry": { "type": "Point", "coordinates": [ 134.987254600000028, 34.6467337 ] } },
{ "type": "Feature", "properties": { "内容": "株式会社ケアネット明石サービスセンター【居宅介護支援】兵庫県明石市大久保町大窪1826－14", "url": "https://www.kaigokensaku.mhlw.go.jp/28/index.php?action_kouhyou_detail_004_kani=true&JigyosyoCd=2872000746-00&ServiceCd=430&Type=search", "url2": "http://www.carenet.fujitsu.com" }, "geometry": { "type": "Point", "coordinates": [ 134.9406411, 34.6952458 ] } },
{ "type": "Feature", "properties": { "内容": "有限会社前田商会居宅介護支援事業所【居宅介護支援】兵庫県明石市大久保町森田129-3（有）前田商会", "url": "https://www.kaigokensaku.mhlw.go.jp/28/index.php?action_kouhyou_detail_004_kani=true&JigyosyoCd=2872001983-00&ServiceCd=430&Type=search", "url2": "maeda-clinic-kaigo.jp" }, "geometry": { "type": "Point", "coordinates": [ 134.951916783992033, 34.675740567708125 ] } },
{ "type": "Feature", "properties": { "内容": "居宅介護支援ほほえみ【居宅介護支援】大明石町１－９－２６コーポタカハマ２０１", "url": "https://www.kaigokensaku.mhlw.go.jp/28/index.php?action_kouhyou_detail_004_kani=true&JigyosyoCd=2872003062-00&ServiceCd=430&Type=search", "url2": null }, "geometry": { "type": "Point", "coordinates": [ 134.989193300000011, 34.6490392 ] } },
{ "type": "Feature", "properties": { "内容": "居宅介護支援事業所　オリンピア明石【居宅介護支援】兵庫県明石市西朝霧丘9－16－401号", "url": "https://www.kaigokensaku.mhlw.go.jp/28/index.php?action_kouhyou_detail_004_kani=true&JigyosyoCd=2872004037-00&ServiceCd=430&Type=search", "url2": null }, "geometry": { "type": "Point", "coordinates": [ 135.008042100000011, 34.655929 ] } },
{ "type": "Feature", "properties": { "内容": "パナソニックエイジフリーケアセンター明石・ケアマネジメント【居宅介護支援】兵庫県明石市二見町西二見89-7兵庫二見プラザ106-B", "url": "https://www.kaigokensaku.mhlw.go.jp/28/index.php?action_kouhyou_detail_004_kani=true&JigyosyoCd=2872004409-00&ServiceCd=430&Type=search", "url2": "http://panasonic.co.jp/ls/paf/" }, "geometry": { "type": "Point", "coordinates": [ 134.889442899999949, 34.7117526 ] } },
{ "type": "Feature", "properties": { "内容": "居宅介護支援センターエバーグリーン【居宅介護支援】兵庫県明石市魚住町長坂寺714-2フローラル美苑101号", "url": "https://www.kaigokensaku.mhlw.go.jp/28/index.php?action_kouhyou_detail_004_kani=true&JigyosyoCd=2872004532-00&ServiceCd=430&Type=search", "url2": "http://evergreen-pj.com" }, "geometry": { "type": "Point", "coordinates": [ 134.917084465041881, 34.695849375961977 ] } },
{ "type": "Feature", "properties": { "内容": "ケアプランセンターあそび心【居宅介護支援】兵庫県明石市貴崎3丁目15-39神和荘1階2号", "url": "https://www.kaigokensaku.mhlw.go.jp/28/index.php?action_kouhyou_detail_004_kani=true&JigyosyoCd=2872005299-00&ServiceCd=430&Type=search", "url2": "http://hp.kaipoke.biz/bht/" }, "geometry": { "type": "Point", "coordinates": [ 134.96405, 34.6536829 ] } },
{ "type": "Feature", "properties": { "内容": "介護ステーション　しんこう【居宅介護支援】明石市大蔵中町１７－２１", "url": "https://www.kaigokensaku.mhlw.go.jp/28/index.php?action_kouhyou_detail_004_kani=true&JigyosyoCd=2872002825-00&ServiceCd=430&Type=search", "url2": null }, "geometry": { "type": "Point", "coordinates": [ 135.005402900000036, 34.6450679 ] } },
{ "type": "Feature", "properties": { "内容": "居宅介護支援センター夢野【居宅介護支援】兵庫県明石市松の内２丁目１番地の３ダイアパレス西明石３０２号", "url": "https://www.kaigokensaku.mhlw.go.jp/28/index.php?action_kouhyou_detail_004_kani=true&JigyosyoCd=2872003849-00&ServiceCd=430&Type=search", "url2": null }, "geometry": { "type": "Point", "coordinates": [ 134.964611500000046, 34.6671825 ] } },
{ "type": "Feature", "properties": { "内容": "清華苑ケアガイドステーションI【居宅介護支援】明石市大久保町江井島１６４９－１", "url": "https://www.kaigokensaku.mhlw.go.jp/28/index.php?action_kouhyou_detail_004_kani=true&JigyosyoCd=2872000118-00&ServiceCd=430&Type=search", "url2": "http://www.seikaen.jp/" }, "geometry": { "type": "Point", "coordinates": [ 134.929708799999958, 34.6830108 ] } },
{ "type": "Feature", "properties": { "内容": "清華苑ケアガイドステーションIII【居宅介護支援】兵庫県明石市大久保町駅前２丁目１２番地の６", "url": "https://www.kaigokensaku.mhlw.go.jp/28/index.php?action_kouhyou_detail_004_kani=true&JigyosyoCd=2872000548-00&ServiceCd=430&Type=search", "url2": "http://www.seikaen.jp/" }, "geometry": { "type": "Point", "coordinates": [ 134.9413022, 34.6863357 ] } },
{ "type": "Feature", "properties": { "内容": "協同の苑明石居宅介護支援【居宅介護支援】兵庫県明石市藤江８９０－９０", "url": "https://www.kaigokensaku.mhlw.go.jp/28/index.php?action_kouhyou_detail_004_kani=true&JigyosyoCd=2872001546-00&ServiceCd=430&Type=search", "url2": "http://www.kyodo-no-sono.or.jp/" }, "geometry": { "type": "Point", "coordinates": [ 134.95817569999997, 34.672926400000016 ] } },
{ "type": "Feature", "properties": { "内容": "エイジサポート　播磨【居宅介護支援】兵庫県明石市魚住町住吉4丁目16-63", "url": "https://www.kaigokensaku.mhlw.go.jp/28/index.php?action_kouhyou_detail_004_kani=true&JigyosyoCd=2872004144-00&ServiceCd=430&Type=search", "url2": null }, "geometry": { "type": "Point", "coordinates": [ 134.895159199999966, 34.697337 ] } },
{ "type": "Feature", "properties": { "内容": "やさし手西明石居宅介護支援事業所【居宅介護支援】兵庫県明石市松の内2-4-10　ユタカ第一ビル４階ユタカ第一ビル４階", "url": "https://www.kaigokensaku.mhlw.go.jp/28/index.php?action_kouhyou_detail_004_kani=true&JigyosyoCd=2872003278-00&ServiceCd=430&Type=search", "url2": "www.yasashiite.com" }, "geometry": { "type": "Point", "coordinates": [ 134.962920280099866, 34.666338192317163 ] } },
{ "type": "Feature", "properties": { "内容": "カサブランカ居宅介護支援センター【居宅介護支援】明石市大久保町西島839-1", "url": "https://www.kaigokensaku.mhlw.go.jp/28/index.php?action_kouhyou_detail_004_kani=true&JigyosyoCd=2872002007-00&ServiceCd=430&Type=search", "url2": "https://kaigo-casablanca.co.jp/" }, "geometry": { "type": "Point", "coordinates": [ 134.905721793748512, 34.683602243487719 ] } },
{ "type": "Feature", "properties": { "内容": "あさぎり介護センター【居宅介護支援】明石市松が丘2-2-6明舞プラザ2Ｆ", "url": "https://www.kaigokensaku.mhlw.go.jp/28/index.php?action_kouhyou_detail_004_kani=true&JigyosyoCd=2872003005-00&ServiceCd=430&Type=search", "url2": null }, "geometry": { "type": "Point", "coordinates": [ 135.026687199999969, 34.6531456 ] } },
{ "type": "Feature", "properties": { "内容": "明石二見居宅介護支援事業所ラガール【居宅介護支援】兵庫県明石市二見町西二見685-8", "url": "https://www.kaigokensaku.mhlw.go.jp/28/index.php?action_kouhyou_detail_004_kani=true&JigyosyoCd=2872003377-00&ServiceCd=430&Type=search", "url2": "http://www.koudoukai.or.jp/akashifutami/" }, "geometry": { "type": "Point", "coordinates": [ 134.8805688, 34.7027089 ] } },
{ "type": "Feature", "properties": { "内容": "居宅介護支援事業所センターフィールド【居宅介護支援】兵庫県明石市貴崎２丁目１１－１７", "url": "https://www.kaigokensaku.mhlw.go.jp/28/index.php?action_kouhyou_detail_004_kani=true&JigyosyoCd=2872003757-00&ServiceCd=430&Type=search", "url2": null }, "geometry": { "type": "Point", "coordinates": [ 134.967894900000033, 34.6526445 ] } },
{ "type": "Feature", "properties": { "内容": "Hana居宅介護支援事業所【居宅介護支援】兵庫県明石市大久保町谷八木１３３６番地", "url": "https://www.kaigokensaku.mhlw.go.jp/28/index.php?action_kouhyou_detail_004_kani=true&JigyosyoCd=2872005695-00&ServiceCd=430&Type=search", "url2": null }, "geometry": { "type": "Point", "coordinates": [ 134.9399482, 34.669985 ] } },
{ "type": "Feature", "properties": { "内容": "居宅介護支援事業所松が丘すみれ園【居宅介護支援】兵庫県明石市松が丘北町1074番地の1", "url": "https://www.kaigokensaku.mhlw.go.jp/28/index.php?action_kouhyou_detail_004_kani=true&JigyosyoCd=2872003260-00&ServiceCd=430&Type=search", "url2": "http://matugaoka-sumire.com/" }, "geometry": { "type": "Point", "coordinates": [ 135.0271927, 34.6610141 ] } },
{ "type": "Feature", "properties": { "内容": "ケアプラン笑楽西明石【居宅介護支援】兵庫県明石市藤江889－14ミサワコート西明石203", "url": "https://www.kaigokensaku.mhlw.go.jp/28/index.php?action_kouhyou_detail_004_kani=true&JigyosyoCd=2872004920-00&ServiceCd=430&Type=search", "url2": null }, "geometry": { "type": "Point", "coordinates": [ 134.9578445, 34.6698947 ] } },
{ "type": "Feature", "properties": { "内容": "中山クリニックすみれ居宅介護支援センター【居宅介護支援】兵庫県明石市魚住町金ヶ崎３７８－８", "url": "https://www.kaigokensaku.mhlw.go.jp/28/index.php?action_kouhyou_detail_004_kani=true&JigyosyoCd=2872001405-00&ServiceCd=430&Type=search", "url2": null }, "geometry": { "type": "Point", "coordinates": [ 134.926138128663069, 34.690387128755169 ] } },
{ "type": "Feature", "properties": { "内容": "明石わかばケアプランセンター【居宅介護支援】明石市二見町東二見549番地-1", "url": "https://www.kaigokensaku.mhlw.go.jp/28/index.php?action_kouhyou_detail_004_kani=true&JigyosyoCd=2872004961-00&ServiceCd=430&Type=search", "url2": "http://akashikaisei.wakabakai-hp.com/" }, "geometry": { "type": "Point", "coordinates": [ 134.890642850839441, 34.705849870444233 ] } },
{ "type": "Feature", "properties": { "内容": "居宅介護支援センター紅葉【居宅介護支援】野々上１丁目１２番地の２１ルークテン", "url": "https://www.kaigokensaku.mhlw.go.jp/28/index.php?action_kouhyou_detail_004_kani=true&JigyosyoCd=2872003559-00&ServiceCd=430&Type=search", "url2": "http://kowa-momiji.com/" }, "geometry": { "type": "Point", "coordinates": [ 134.970711100000017, 34.666877 ] } },
{ "type": "Feature", "properties": { "内容": "居宅介護支援センター　かいご屋【居宅介護支援】明石市茶園場町3番1-106", "url": "https://www.kaigokensaku.mhlw.go.jp/28/index.php?action_kouhyou_detail_004_kani=true&JigyosyoCd=2872002122-00&ServiceCd=430&Type=search", "url2": null }, "geometry": { "type": "Point", "coordinates": [ 134.987285, 34.655046 ] } },
{ "type": "Feature", "properties": { "内容": "エイジサポート介護相談室【居宅介護支援】林崎町３丁目482", "url": "https://www.kaigokensaku.mhlw.go.jp/28/index.php?action_kouhyou_detail_004_kani=true&JigyosyoCd=2872002601-00&ServiceCd=430&Type=search", "url2": "syouwa.org" }, "geometry": { "type": "Point", "coordinates": [ 134.966842300000053, 34.6504529 ] } },
{ "type": "Feature", "properties": { "内容": "アイルプラン　リハ・リハ【居宅介護支援】兵庫県明石市大久保町茜3丁目15-18", "url": "https://www.kaigokensaku.mhlw.go.jp/28/index.php?action_kouhyou_detail_004_kani=true&JigyosyoCd=2872004748-00&ServiceCd=430&Type=search", "url2": "https://www.reha-reha.jp/" }, "geometry": { "type": "Point", "coordinates": [ 134.934116178959698, 34.692477062551816 ] } },
{ "type": "Feature", "properties": { "内容": "合同会社アルファケア明石【居宅介護支援】兵庫県明石市太寺1丁目8-4", "url": "https://www.kaigokensaku.mhlw.go.jp/28/index.php?action_kouhyou_detail_004_kani=true&JigyosyoCd=2872005125-00&ServiceCd=430&Type=search", "url2": null }, "geometry": { "type": "Point", "coordinates": [ 135.0044732, 34.652877 ] } },
{ "type": "Feature", "properties": { "内容": "特別養護老人ホームペーパームーン【居宅介護支援】兵庫県明石市二見町西二見1601-1", "url": "https://www.kaigokensaku.mhlw.go.jp/28/index.php?action_kouhyou_detail_004_kani=true&JigyosyoCd=2872000761-00&ServiceCd=430&Type=search", "url2": "http://www.p-moon.or.jp" }, "geometry": { "type": "Point", "coordinates": [ 134.880016, 34.7089722 ] } },
{ "type": "Feature", "properties": { "内容": "居宅介護支援事業所レモンリーフ【居宅介護支援】明石市大久保町谷八木1319番地", "url": "https://www.kaigokensaku.mhlw.go.jp/28/index.php?action_kouhyou_detail_004_kani=true&JigyosyoCd=2872002288-00&ServiceCd=430&Type=search", "url2": null }, "geometry": { "type": "Point", "coordinates": [ 134.9402245, 34.6699902 ] } },
{ "type": "Feature", "properties": { "内容": "社会福祉法人　弘道福祉会　明石居宅介護支援事業所ラガール【居宅介護支援】明石市林崎町3丁目542番の37", "url": "https://www.kaigokensaku.mhlw.go.jp/28/index.php?action_kouhyou_detail_004_kani=true&JigyosyoCd=2872001074-00&ServiceCd=430&Type=search", "url2": "http://www.koudoukai.or.jp/akashi" }, "geometry": { "type": "Point", "coordinates": [ 134.964025799999945, 34.6499724 ] } },
{ "type": "Feature", "properties": { "内容": "合同会社ピアピア　ケアサポート　ピア【居宅介護支援】明石市大久保町大久保町507番地の9", "url": "https://www.kaigokensaku.mhlw.go.jp/28/index.php?action_kouhyou_detail_004_kani=true&JigyosyoCd=2872003807-00&ServiceCd=430&Type=search", "url2": null }, "geometry": { "type": "Point", "coordinates": [ 134.950773499999968, 34.6799699 ] } },
{ "type": "Feature", "properties": { "内容": "千歳居宅介護支援センター【居宅介護支援】兵庫県明石市大久保町八木654-3", "url": "https://www.kaigokensaku.mhlw.go.jp/28/index.php?action_kouhyou_detail_004_kani=true&JigyosyoCd=2872005786-00&ServiceCd=430&Type=search", "url2": "https//chitose-kai.com" }, "geometry": { "type": "Point", "coordinates": [ 134.928345400000012, 34.6764644 ] } },
{ "type": "Feature", "properties": { "内容": "生活協同組合コープこうべ居宅介護支援センター明石【居宅介護支援】兵庫県明石市上ノ丸３丁目12-2", "url": "https://www.kaigokensaku.mhlw.go.jp/28/index.php?action_kouhyou_detail_004_kani=true&JigyosyoCd=2872000233-00&ServiceCd=430&Type=search", "url2": "http://www.kobe.coop.or.jp" }, "geometry": { "type": "Point", "coordinates": [ 134.998731300000031, 34.6544863 ] } },
{ "type": "Feature", "properties": { "内容": "居宅介護支援事業所　あやめ【居宅介護支援】兵庫県明石市和坂１２－１０", "url": "https://www.kaigokensaku.mhlw.go.jp/28/index.php?action_kouhyou_detail_004_kani=true&JigyosyoCd=2872002049-00&ServiceCd=430&Type=search", "url2": null }, "geometry": { "type": "Point", "coordinates": [ 134.962508899999989, 34.665877 ] } },
{ "type": "Feature", "properties": { "内容": "ちえの和ケアプランセンター明石事業所【居宅介護支援】兵庫県明石南貴崎町8-2", "url": "https://www.kaigokensaku.mhlw.go.jp/28/index.php?action_kouhyou_detail_004_kani=true&JigyosyoCd=2872005133-00&ServiceCd=430&Type=search", "url2": "https://chienowa-station.com/" }, "geometry": { "type": "Point", "coordinates": [ 134.963994, 34.6528199 ] } },
{ "type": "Feature", "properties": { "内容": "介護支援ステーションまりん【居宅介護支援】兵庫県明石市大久保町森田61-1アスカハイム203", "url": "https://www.kaigokensaku.mhlw.go.jp/28/index.php?action_kouhyou_detail_004_kani=true&JigyosyoCd=2872002650-00&ServiceCd=430&Type=search", "url2": null }, "geometry": { "type": "Point", "coordinates": [ 135.005316799999946, 34.6438736 ] } },
{ "type": "Feature", "properties": { "内容": "ハートケア居宅介護支援センター大久保【居宅介護支援】明石市大久保町大久保町1315", "url": "https://www.kaigokensaku.mhlw.go.jp/28/index.php?action_kouhyou_detail_004_kani=true&JigyosyoCd=2872003641-00&ServiceCd=430&Type=search", "url2": "https://www.heartcaregroup.co.jp" }, "geometry": { "type": "Point", "coordinates": [ 134.939678453411858, 34.676572528938621 ] } },
{ "type": "Feature", "properties": { "内容": "きぬがわ在宅介護支援センター　ウェルフェア・グランデ明石【居宅介護支援】明石市北王子町13-41", "url": "https://www.kaigokensaku.mhlw.go.jp/28/index.php?action_kouhyou_detail_004_kani=true&JigyosyoCd=2872000175-00&ServiceCd=430&Type=search", "url2": "http://wga.or.jp" }, "geometry": { "type": "Point", "coordinates": [ 134.982885399999986, 34.6581775 ] } },
{ "type": "Feature", "properties": { "内容": "スプリングテラスケアプランセンター【居宅介護支援】兵庫県明石市松ヶ丘4丁目1番43号スプリングテラス明舞", "url": "https://www.kaigokensaku.mhlw.go.jp/28/index.php?action_kouhyou_detail_004_kani=true&JigyosyoCd=2872004193-00&ServiceCd=430&Type=search", "url2": "http://www.springterrace.jp/service/" }, "geometry": { "type": "Point", "coordinates": [ 135.025401942327903, 34.652180501171706 ] } },
{ "type": "Feature", "properties": { "内容": "樽屋町介護相談室【居宅介護支援】兵庫県明石市朝霧北町3777-87", "url": "https://www.kaigokensaku.mhlw.go.jp/28/index.php?action_kouhyou_detail_004_kani=true&JigyosyoCd=2872004094-00&ServiceCd=430&Type=search", "url2": "https://www.kindly-asagiri.jp/index.html" }, "geometry": { "type": "Point", "coordinates": [ 135.020895827783193, 34.656366789964942 ] } },
{ "type": "Feature", "properties": { "内容": "野木病院【居宅介護支援】兵庫県明石市魚住町長坂寺1003－1", "url": "https://www.kaigokensaku.mhlw.go.jp/28/index.php?action_kouhyou_detail_004_kani=true&JigyosyoCd=2812004709-00&ServiceCd=430&Type=search", "url2": "http://www.nogi-hospitai.or.jp" }, "geometry": { "type": "Point", "coordinates": [ 134.913237864418079, 34.699596289730856 ] } },
{ "type": "Feature", "properties": { "内容": "医療法人社団仁恵会　石井病院【居宅介護支援】明石市天文町1丁目5番11号", "url": "https://www.kaigokensaku.mhlw.go.jp/28/index.php?action_kouhyou_detail_004_kani=true&JigyosyoCd=2812005953-00&ServiceCd=430&Type=search", "url2": "http://www.jinkeikai-group.or.jp" }, "geometry": { "type": "Point", "coordinates": [ 134.999825699999974, 34.647148 ] } },
{ "type": "Feature", "properties": { "内容": "明石仁十病院在宅介護支援センター【居宅介護支援】兵庫県明石市魚住町清水１８７１－３", "url": "https://www.kaigokensaku.mhlw.go.jp/28/index.php?action_kouhyou_detail_004_kani=true&JigyosyoCd=2872000183-00&ServiceCd=430&Type=search", "url2": "https://ninjyu-hp.or.jp/care/" }, "geometry": { "type": "Point", "coordinates": [ 134.904772493323549, 34.716079210298957 ] } },
{ "type": "Feature", "properties": { "内容": "明石海峡居宅介護支援センター【居宅介護支援】兵庫県明石市中崎１丁目１-１-１０２マリンパレス明石", "url": "https://www.kaigokensaku.mhlw.go.jp/28/index.php?action_kouhyou_detail_004_kani=true&JigyosyoCd=2872003815-00&ServiceCd=430&Type=search", "url2": null }, "geometry": { "type": "Point", "coordinates": [ 135.00157, 34.6434345 ] } },
{ "type": "Feature", "properties": { "内容": "それいゆケアプランセンター朝霧【居宅介護支援】兵庫県明石市相生町2丁目6-538ヤングビル601", "url": "https://www.kaigokensaku.mhlw.go.jp/28/index.php?action_kouhyou_detail_004_kani=true&JigyosyoCd=2872004797-00&ServiceCd=430&Type=search", "url2": "https://hinode.or.jp" }, "geometry": { "type": "Point", "coordinates": [ 134.998293200357693, 34.645287715562766 ] } },
{ "type": "Feature", "properties": { "内容": "友愛園居宅介護支援センター【居宅介護支援】兵庫県明石市大久保町大窪2603-550", "url": "https://www.kaigokensaku.mhlw.go.jp/28/index.php?action_kouhyou_detail_004_kani=true&JigyosyoCd=2872000514-00&ServiceCd=430&Type=search", "url2": "http://www.yu-ai.or.jp" }, "geometry": { "type": "Point", "coordinates": [ 134.945699341802992, 34.705592194255942 ] } },
{ "type": "Feature", "properties": { "内容": "ケア21明石【居宅介護支援】兵庫県明石市藤が丘2丁目25-1山崎ビル2Ｆ", "url": "https://www.kaigokensaku.mhlw.go.jp/28/index.php?action_kouhyou_detail_004_kani=true&JigyosyoCd=2872002395-00&ServiceCd=430&Type=search", "url2": null }, "geometry": { "type": "Point", "coordinates": [ 134.9471767, 34.6663601 ] } },
{ "type": "Feature", "properties": { "内容": "レインボープランニング【居宅介護支援】明石市朝霧東町1丁目11番31マンション旭　101", "url": "https://www.kaigokensaku.mhlw.go.jp/28/index.php?action_kouhyou_detail_004_kani=true&JigyosyoCd=2872002999-00&ServiceCd=430&Type=search", "url2": "http://rainbow-rainbow.co.jp/" }, "geometry": { "type": "Point", "coordinates": [ 135.0133078, 34.6515148 ] } },
{ "type": "Feature", "properties": { "内容": "スマイルサポートセンター大久保居宅介護支援事業所【居宅介護支援】兵庫県明石市大久保町西脇519", "url": "https://www.kaigokensaku.mhlw.go.jp/28/index.php?action_kouhyou_detail_004_kani=true&JigyosyoCd=2872004250-00&ServiceCd=430&Type=search", "url2": "http://hinode.or.jp" }, "geometry": { "type": "Point", "coordinates": [ 134.930556910525553, 34.690060113696191 ] } },
{ "type": "Feature", "properties": { "内容": "クリオケアプランニング明石【居宅介護支援】魚住町清水143-1メゾン・ド・レガート401", "url": "https://www.kaigokensaku.mhlw.go.jp/28/index.php?action_kouhyou_detail_004_kani=true&JigyosyoCd=2872005620-00&ServiceCd=430&Type=search", "url2": "htt㎰://kuriokango.jp/" }, "geometry": { "type": "Point", "coordinates": [ 134.90457760000001, 34.7000109 ] } },
{ "type": "Feature", "properties": { "内容": "医療法人社団　せいゆう会　神明病院介護支援センター【居宅介護支援】兵庫県明石市大久保町大窪２５２５番地の１", "url": "https://www.kaigokensaku.mhlw.go.jp/28/index.php?action_kouhyou_detail_004_kani=true&JigyosyoCd=2872000142-00&ServiceCd=430&Type=search", "url2": "http://www.seiyuu@abelia.ocn.ne.jp" }, "geometry": { "type": "Point", "coordinates": [ 134.950554099999977, 34.6950932 ] } },
{ "type": "Feature", "properties": { "内容": "明石愛老園在宅介護支援センター【居宅介護支援】兵庫県明石市魚住町錦が丘２丁目6番地8", "url": "https://www.kaigokensaku.mhlw.go.jp/28/index.php?action_kouhyou_detail_004_kani=true&JigyosyoCd=2872000704-00&ServiceCd=430&Type=search", "url2": "http://www.airouen.or.jp/" }, "geometry": { "type": "Point", "coordinates": [ 134.912256144705225, 34.694646035193863 ] } },
{ "type": "Feature", "properties": { "内容": "居宅介護支援センター恵泉【居宅介護支援】兵庫県明石市大久保町大窪2818ケアハウス恵泉２階", "url": "https://www.kaigokensaku.mhlw.go.jp/28/index.php?action_kouhyou_detail_004_kani=true&JigyosyoCd=2872001090-00&ServiceCd=430&Type=search", "url2": "http://www.akashi-keisen.com/" }, "geometry": { "type": "Point", "coordinates": [ 134.947409913790125, 34.710679460792754 ] } },
{ "type": "Feature", "properties": { "内容": "オリーブ江井島居宅介護支援事業所【居宅介護支援】兵庫県明石市大久保町西島774－4", "url": "https://www.kaigokensaku.mhlw.go.jp/28/index.php?action_kouhyou_detail_004_kani=true&JigyosyoCd=2872001512-00&ServiceCd=430&Type=search", "url2": "oliveeigasima-kyotaku@futabakai1983.or.jp" }, "geometry": { "type": "Point", "coordinates": [ 134.9085887, 34.6846048 ] } },
{ "type": "Feature", "properties": { "内容": "医療法人社団せいゆう会　せいゆう介護支援センター【居宅介護支援】兵庫県明石市鷹匠町５番１８号", "url": "https://www.kaigokensaku.mhlw.go.jp/28/index.php?action_kouhyou_detail_004_kani=true&JigyosyoCd=2872004599-00&ServiceCd=430&Type=search", "url2": "http://www.seiyuu@abelia.ocn.ne.jp" }, "geometry": { "type": "Point", "coordinates": [ 134.987512899999956, 34.6524278 ] } },
{ "type": "Feature", "properties": { "内容": "ケアマネジメントオフィスせせらぎ【居宅介護支援】兵庫県明石市貴崎５丁目２－１７", "url": "https://www.kaigokensaku.mhlw.go.jp/28/index.php?action_kouhyou_detail_004_kani=true&JigyosyoCd=2872004698-00&ServiceCd=430&Type=search", "url2": null }, "geometry": { "type": "Point", "coordinates": [ 134.9617806, 34.6556162 ] } },
{ "type": "Feature", "properties": { "内容": "ロジケアあかし【居宅介護支援】兵庫県明石市桜町11番8号", "url": "https://www.kaigokensaku.mhlw.go.jp/28/index.php?action_kouhyou_detail_004_kani=true&JigyosyoCd=2872005521-00&ServiceCd=430&Type=search", "url2": "logicare.co.jp" }, "geometry": { "type": "Point", "coordinates": [ 134.994663, 34.647154 ] } },
{ "type": "Feature", "properties": { "内容": "あさぎり在宅介護支援センター【居宅介護支援】明石市朝霧台1162-6", "url": "https://www.kaigokensaku.mhlw.go.jp/28/index.php?action_kouhyou_detail_004_kani=true&JigyosyoCd=2872000084-00&ServiceCd=430&Type=search", "url2": "http://www.nagomikai.or.jp" }, "geometry": { "type": "Point", "coordinates": [ 135.016829700000017, 34.6549618 ] } },
{ "type": "Feature", "properties": { "内容": "ふくやまケア【居宅介護支援】兵庫県明石市西明石北町３丁目１－１２", "url": "https://www.kaigokensaku.mhlw.go.jp/28/index.php?action_kouhyou_detail_004_kani=true&JigyosyoCd=2872000092-00&ServiceCd=430&Type=search", "url2": "htty://www.fukuyama-hp.jp/" }, "geometry": { "type": "Point", "coordinates": [ 134.965053099999977, 34.6688518 ] } },
{ "type": "Feature", "properties": { "内容": "医療法人社団　なごみ会　おおくら在宅介護支援センター【居宅介護支援】明石市相生町2丁目5-30", "url": "https://www.kaigokensaku.mhlw.go.jp/28/index.php?action_kouhyou_detail_004_kani=true&JigyosyoCd=2872000100-00&ServiceCd=430&Type=search", "url2": "http://www.nagomikai.or.jp" }, "geometry": { "type": "Point", "coordinates": [ 134.997167600000012, 34.6456092 ] } },
{ "type": "Feature", "properties": { "内容": "ケアプランスイッチオン彗星【居宅介護支援】兵庫県明石市二見町東二見200-1", "url": "https://www.kaigokensaku.mhlw.go.jp/28/index.php?action_kouhyou_detail_004_kani=true&JigyosyoCd=2872004110-00&ServiceCd=430&Type=search", "url2": "http://switchon-service.co.jp/" }, "geometry": { "type": "Point", "coordinates": [ 134.89088326617275, 34.69945640849204 ] } },
{ "type": "Feature", "properties": { "内容": "居宅介護支援事業所リンク【居宅介護支援】兵庫県明石市二見町東二見1916-1レジデンスオノエ202号", "url": "https://www.kaigokensaku.mhlw.go.jp/28/index.php?action_kouhyou_detail_004_kani=true&JigyosyoCd=2872004466-00&ServiceCd=430&Type=search", "url2": "socialnet-akashi.com" }, "geometry": { "type": "Point", "coordinates": [ 134.889092265192602, 34.694404190086118 ] } },
{ "type": "Feature", "properties": { "内容": "ケアマネ事務所なかむ【居宅介護支援】兵庫県明石市大久保町谷八木１２３－４２階", "url": "https://www.kaigokensaku.mhlw.go.jp/28/index.php?action_kouhyou_detail_004_kani=true&JigyosyoCd=2872004508-00&ServiceCd=430&Type=search", "url2": null }, "geometry": { "type": "Point", "coordinates": [ 134.945626873328564, 34.670914387899032 ] } },
{ "type": "Feature", "properties": { "内容": "パールケアサービス【居宅介護支援】兵庫県明石市魚住町西岡842の4パール明石", "url": "https://www.kaigokensaku.mhlw.go.jp/28/index.php?action_kouhyou_detail_004_kani=true&JigyosyoCd=2872004953-00&ServiceCd=430&Type=search", "url2": "www.jb-kobe.jp" }, "geometry": { "type": "Point", "coordinates": [ 134.90100910000001, 34.696468 ] } },
{ "type": "Feature", "properties": { "内容": "ケアプランスイッチオン明石【居宅介護支援】兵庫県明石市小久保1丁目13-1", "url": "https://www.kaigokensaku.mhlw.go.jp/28/index.php?action_kouhyou_detail_004_kani=true&JigyosyoCd=2872005083-00&ServiceCd=430&Type=search", "url2": "cpsoakashi@switchon-service.co.jp" }, "geometry": { "type": "Point", "coordinates": [ 134.959881558595839, 34.670272087203365 ] } },
{ "type": "Feature", "properties": { "内容": "介護センターふたみ【居宅介護支援】明石市二見町東二見185-1", "url": "https://www.kaigokensaku.mhlw.go.jp/28/index.php?action_kouhyou_detail_004_kani=true&JigyosyoCd=2872005638-00&ServiceCd=430&Type=search", "url2": null }, "geometry": { "type": "Point", "coordinates": [ 134.891539200000011, 34.6983123 ] } },
{ "type": "Feature", "properties": { "内容": "ひなた居宅介護支援事業所【居宅介護支援】兵庫県明石市魚住町錦が丘4丁目7-8田口ビル5階", "url": "https://www.kaigokensaku.mhlw.go.jp/28/index.php?action_kouhyou_detail_004_kani=true&JigyosyoCd=2872005737-00&ServiceCd=430&Type=search", "url2": null }, "geometry": { "type": "Point", "coordinates": [ 134.9055611, 34.6973146 ] } },
{ "type": "Feature", "properties": { "内容": "在宅介護支援センター　ライフ明海【居宅介護支援】兵庫県明石市藤江204", "url": "https://www.kaigokensaku.mhlw.go.jp/28/index.php?action_kouhyou_detail_004_kani=true&JigyosyoCd=2872000191-00&ServiceCd=430&Type=search", "url2": "http://www.meikai.or.jp" }, "geometry": { "type": "Point", "coordinates": [ 134.951054200000044, 34.6651297 ] } },
{ "type": "Feature", "properties": { "内容": "元氣村遙居宅介護支援センター【居宅介護支援】兵庫県明石市魚住町清水2184-1", "url": "https://www.kaigokensaku.mhlw.go.jp/28/index.php?action_kouhyou_detail_004_kani=true&JigyosyoCd=2872002767-00&ServiceCd=430&Type=search", "url2": "http://www.akashidoujin.jp" }, "geometry": { "type": "Point", "coordinates": [ 134.891475071163939, 34.720956427622234 ] } },
{ "type": "Feature", "properties": { "内容": "あじさいのもり明石【居宅介護支援】兵庫県明石市明南町1-14-1AOIビル1F", "url": "https://www.kaigokensaku.mhlw.go.jp/28/index.php?action_kouhyou_detail_004_kani=true&JigyosyoCd=2872005000-00&ServiceCd=430&Type=search", "url2": "http//www.elderly.jp" }, "geometry": { "type": "Point", "coordinates": [ 134.968251400000014, 34.6712116 ] } },
{ "type": "Feature", "properties": { "内容": "TSUNAGUNE【居宅介護支援】兵庫県明石市大久保町西島215-4", "url": "https://www.kaigokensaku.mhlw.go.jp/28/index.php?action_kouhyou_detail_004_kani=true&JigyosyoCd=2872005182-00&ServiceCd=430&Type=search", "url2": null }, "geometry": { "type": "Point", "coordinates": [ 134.917365539701763, 34.681253636176223 ] } },
{ "type": "Feature", "properties": { "内容": "居宅介護支援事業所　あさひ【居宅介護支援】明石市林崎町２丁目１－４０エトワール林崎101号", "url": "https://www.kaigokensaku.mhlw.go.jp/28/index.php?action_kouhyou_detail_004_kani=true&JigyosyoCd=2872001330-00&ServiceCd=430&Type=search", "url2": null }, "geometry": { "type": "Point", "coordinates": [ 134.967385599999943, 34.6511391 ] } },
{ "type": "Feature", "properties": { "内容": "あかしケアマネージャーの事務所【居宅介護支援】兵庫県明石市宮の上1-17ハイラーク明石601号", "url": "https://www.kaigokensaku.mhlw.go.jp/28/index.php?action_kouhyou_detail_004_kani=true&JigyosyoCd=2872003799-00&ServiceCd=430&Type=search", "url2": null }, "geometry": { "type": "Point", "coordinates": [ 134.9734889, 34.654374899999979 ] } },
{ "type": "Feature", "properties": { "内容": "有限会社明石福祉介護サービス　居宅介護支援事業所【居宅介護支援】明石市西明石北町3丁目2-17", "url": "https://www.kaigokensaku.mhlw.go.jp/28/index.php?action_kouhyou_detail_004_kani=true&JigyosyoCd=2872001280-00&ServiceCd=430&Type=search", "url2": null }, "geometry": { "type": "Point", "coordinates": [ 134.964908700000024, 34.6699434 ] } },
{ "type": "Feature", "properties": { "内容": "ケアプランセンター　ツネタス【居宅介護支援】大久保町大窪645-2-201", "url": "https://www.kaigokensaku.mhlw.go.jp/28/index.php?action_kouhyou_detail_004_kani=true&JigyosyoCd=2872005513-00&ServiceCd=430&Type=search", "url2": "www.tunetasu.com" }, "geometry": { "type": "Point", "coordinates": [ 134.945676020901487, 34.682300080588355 ] } },
{ "type": "Feature", "properties": { "内容": "居宅介護支援事業所かけはし【居宅介護支援】東野町２２２１番地の５", "url": "https://www.kaigokensaku.mhlw.go.jp/28/index.php?action_kouhyou_detail_004_kani=true&JigyosyoCd=2872003476-00&ServiceCd=430&Type=search", "url2": null }, "geometry": { "type": "Point", "coordinates": [ 136.987798199999986, 35.2656568 ] } },
{ "type": "Feature", "properties": { "内容": "ケアプランセター　トレッフル【居宅介護支援】魚住町住吉１丁目7-10よつはメディカルケア２階2Ａ", "url": "https://www.kaigokensaku.mhlw.go.jp/28/index.php?action_kouhyou_detail_004_kani=true&JigyosyoCd=2872005414-00&ServiceCd=430&Type=search", "url2": "http://trefle.jpn.org" }, "geometry": { "type": "Point", "coordinates": [ 134.904769200000032, 34.6916712 ] } },
{ "type": "Feature", "properties": { "内容": "エルフ居宅介護支援事業所　阪神【居宅介護支援】兵庫県西宮市津門川町11-21ルネッサンス43番館201", "url": "https://www.kaigokensaku.mhlw.go.jp/28/index.php?action_kouhyou_detail_004_kani=true&JigyosyoCd=2870909146-00&ServiceCd=430&Type=search", "url2": null }, "geometry": { "type": "Point", "coordinates": [ 135.3496447, 34.7311457 ] } },
{ "type": "Feature", "properties": { "内容": "ロングライフ苦楽園ケアプランセンター【居宅介護支援】苦楽園五番町２−４８", "url": "https://www.kaigokensaku.mhlw.go.jp/28/index.php?action_kouhyou_detail_004_kani=true&JigyosyoCd=2870906357-00&ServiceCd=430&Type=search", "url2": "https://www.j-longlife.co.jp/kurakuen/" }, "geometry": { "type": "Point", "coordinates": [ 135.31284610000003, 34.754693600000024 ] } },
{ "type": "Feature", "properties": { "内容": "合同会社なのはな居宅介護支援事業所なのはな【居宅介護支援】兵庫県西宮市山口町上山口２丁目20番26号サンライフ山口106号", "url": "https://www.kaigokensaku.mhlw.go.jp/28/index.php?action_kouhyou_detail_004_kani=true&JigyosyoCd=2870908684-00&ServiceCd=430&Type=search", "url2": null }, "geometry": { "type": "Point", "coordinates": [ 135.2438701, 34.8272374 ] } },
{ "type": "Feature", "properties": { "内容": "ウィルケアサポート【居宅介護支援】兵庫県西宮市戸田町1-27-302", "url": "https://www.kaigokensaku.mhlw.go.jp/28/index.php?action_kouhyou_detail_004_kani=true&JigyosyoCd=2870908494-00&ServiceCd=430&Type=search", "url2": null }, "geometry": { "type": "Point", "coordinates": [ 135.341543080853398, 34.736290316746086 ] } },
{ "type": "Feature", "properties": { "内容": "ケアプランセンターいちご【居宅介護支援】兵庫県西宮市津門宝津町13-9マンションハヤ今津２０１", "url": "https://www.kaigokensaku.mhlw.go.jp/28/index.php?action_kouhyou_detail_004_kani=true&JigyosyoCd=2870908239-00&ServiceCd=430&Type=search", "url2": null }, "geometry": { "type": "Point", "coordinates": [ 135.3516167, 34.7325779 ] } },
{ "type": "Feature", "properties": { "内容": "居宅介護支援事業所　はなみずき【居宅介護支援】兵庫県西宮市浜町15番10号", "url": "https://www.kaigokensaku.mhlw.go.jp/28/index.php?action_kouhyou_detail_004_kani=true&JigyosyoCd=2870900061-00&ServiceCd=430&Type=search", "url2": "www.hc-cosmos.com　只今、作成中" }, "geometry": { "type": "Point", "coordinates": [ 135.336716350926167, 34.729126459689567 ] } },
{ "type": "Feature", "properties": { "内容": "株式会社コスモホームヘルプサービス西宮事業所【居宅介護支援】染殿町7-15メゾン東口101号", "url": "https://www.kaigokensaku.mhlw.go.jp/28/index.php?action_kouhyou_detail_004_kani=true&JigyosyoCd=2870900277-00&ServiceCd=430&Type=search", "url2": "http://www.kosmo.jp/homehelp" }, "geometry": { "type": "Point", "coordinates": [ 135.346197299999972, 34.7343996 ] } },
{ "type": "Feature", "properties": { "内容": "介護のすばる【居宅介護支援】西宮市北六甲台５－１６－１", "url": "https://www.kaigokensaku.mhlw.go.jp/28/index.php?action_kouhyou_detail_004_kani=true&JigyosyoCd=2870901275-00&ServiceCd=430&Type=search", "url2": "http://care-net.biz/28/subaru2001/" }, "geometry": { "type": "Point", "coordinates": [ 135.244045599999936, 34.8310954 ] } },
{ "type": "Feature", "properties": { "内容": "居宅介護支援事業所　ふくろう【居宅介護支援】西宮市甲子園浦風町６－２０", "url": "https://www.kaigokensaku.mhlw.go.jp/28/index.php?action_kouhyou_detail_004_kani=true&JigyosyoCd=2870902802-00&ServiceCd=430&Type=search", "url2": "www.funacli.or.jp" }, "geometry": { "type": "Point", "coordinates": [ 135.3630796, 34.7259199 ] } },
{ "type": "Feature", "properties": { "内容": "ケアラボ【居宅介護支援】西宮市生瀬町2丁目２番７号", "url": "https://www.kaigokensaku.mhlw.go.jp/28/index.php?action_kouhyou_detail_004_kani=true&JigyosyoCd=2870903032-00&ServiceCd=430&Type=search", "url2": "https://carelabo7565.wixsite.com/carelabo" }, "geometry": { "type": "Point", "coordinates": [ 135.32503960083011, 34.819008237197927 ] } },
{ "type": "Feature", "properties": { "内容": "有限会社介護センターひなた【居宅介護支援】兵庫県西宮市津門大箇町６-１９", "url": "https://www.kaigokensaku.mhlw.go.jp/28/index.php?action_kouhyou_detail_004_kani=true&JigyosyoCd=2870905938-00&ServiceCd=430&Type=search", "url2": "ｈｔｔｐ：//www.cc-hinata.sakura.ne.jp/" }, "geometry": { "type": "Point", "coordinates": [ 135.355860399999983, 34.7345055 ] } },
{ "type": "Feature", "properties": { "内容": "あんしんケアプランセンター【居宅介護支援】五月ヶ丘12-55あんしんレジデンス西宮五月ヶ丘", "url": "https://www.kaigokensaku.mhlw.go.jp/28/index.php?action_kouhyou_detail_004_kani=true&JigyosyoCd=2870906142-00&ServiceCd=430&Type=search", "url2": "www.ppk-cyoushinki.jp" }, "geometry": { "type": "Point", "coordinates": [ 135.3386621, 34.7586568 ] } },
{ "type": "Feature", "properties": { "内容": "ほっとケアプランセンター【居宅介護支援】兵庫県西宮市甲子園六番町１９－４", "url": "https://www.kaigokensaku.mhlw.go.jp/28/index.php?action_kouhyou_detail_004_kani=true&JigyosyoCd=2870906662-00&ServiceCd=430&Type=search", "url2": null }, "geometry": { "type": "Point", "coordinates": [ 135.365410099999963, 34.7236479 ] } },
{ "type": "Feature", "properties": { "内容": "株式会社　未来【居宅介護支援】兵庫県西宮市津門大塚町１－２８　エクセル幸２F", "url": "https://www.kaigokensaku.mhlw.go.jp/28/index.php?action_kouhyou_detail_004_kani=true&JigyosyoCd=2870907769-00&ServiceCd=430&Type=search", "url2": null }, "geometry": { "type": "Point", "coordinates": [ 135.3450101, 34.7417591 ] } },
{ "type": "Feature", "properties": { "内容": "林医院ケアプランセンター【居宅介護支援】西宮市甲子園口3-9-23", "url": "https://www.kaigokensaku.mhlw.go.jp/28/index.php?action_kouhyou_detail_004_kani=true&JigyosyoCd=2870909336-00&ServiceCd=430&Type=search", "url2": "https://careplan.hayashi-med.com/" }, "geometry": { "type": "Point", "coordinates": [ 135.374356799999987, 34.7376004 ] } },
{ "type": "Feature", "properties": { "内容": "ケアマネセンター　けあwing【居宅介護支援】西宮市池開町3-10武庫川ハウス2階5号", "url": "https://www.kaigokensaku.mhlw.go.jp/28/index.php?action_kouhyou_detail_004_kani=true&JigyosyoCd=2870904246-00&ServiceCd=430&Type=search", "url2": null }, "geometry": { "type": "Point", "coordinates": [ 135.369943400000011, 34.7159902 ] } },
{ "type": "Feature", "properties": { "内容": "ケアプランセンタールカ【居宅介護支援】兵庫県西宮市馬場町1-13-302エスアール西宮", "url": "https://www.kaigokensaku.mhlw.go.jp/28/index.php?action_kouhyou_detail_004_kani=true&JigyosyoCd=2870908932-00&ServiceCd=430&Type=search", "url2": null }, "geometry": { "type": "Point", "coordinates": [ 135.3386571, 34.7352213 ] } },
{ "type": "Feature", "properties": { "内容": "ロジケアにしのみや【居宅介護支援】西宮市和上町8-17", "url": "https://www.kaigokensaku.mhlw.go.jp/28/index.php?action_kouhyou_detail_004_kani=true&JigyosyoCd=2870910193-00&ServiceCd=430&Type=search", "url2": "http://www.logicare.co.jp" }, "geometry": { "type": "Point", "coordinates": [ 135.3366237, 34.7378631 ] } },
{ "type": "Feature", "properties": { "内容": "上ヶ原訪問看護センターすまいる【居宅介護支援】西宮市上ヶ原十番町1番85号", "url": "https://www.kaigokensaku.mhlw.go.jp/28/index.php?action_kouhyou_detail_004_kani=true&JigyosyoCd=2860990072-00&ServiceCd=430&Type=search", "url2": "http://www.uegahara.net" }, "geometry": { "type": "Point", "coordinates": [ 135.339789200000041, 34.7599135 ] } },
{ "type": "Feature", "properties": { "内容": "ケーユーサービス介護保険事務所【居宅介護支援】和上町６－６吉岡整形クリニック", "url": "https://www.kaigokensaku.mhlw.go.jp/28/index.php?action_kouhyou_detail_004_kani=true&JigyosyoCd=2870900129-00&ServiceCd=430&Type=search", "url2": "https://kuku.crayonsite.net/p/3/" }, "geometry": { "type": "Point", "coordinates": [ 135.336992499999951, 34.738137900000019 ] } },
{ "type": "Feature", "properties": { "内容": "居宅介護支援事業者　幸泉エルズ在宅介護支援センター【居宅介護支援】西宮市山口町上山口4丁目26-14", "url": "https://www.kaigokensaku.mhlw.go.jp/28/index.php?action_kouhyou_detail_004_kani=true&JigyosyoCd=2870900640-00&ServiceCd=430&Type=search", "url2": "http://www.kosen.org/" }, "geometry": { "type": "Point", "coordinates": [ 135.2465204, 34.8249101 ] } },
{ "type": "Feature", "properties": { "内容": "社会福祉法人　円勝会　シルバーコースト甲子園　居宅介護支援サービス【居宅介護支援】兵庫県西宮市枝川町17番40号", "url": "https://www.kaigokensaku.mhlw.go.jp/28/index.php?action_kouhyou_detail_004_kani=true&JigyosyoCd=2870901143-00&ServiceCd=430&Type=search", "url2": "http://www.ensyokai.com" }, "geometry": { "type": "Point", "coordinates": [ 135.358685899999955, 34.7110542 ] } },
{ "type": "Feature", "properties": { "内容": "今津南介護支援センター【居宅介護支援】兵庫県西宮市今津巽町7番10号", "url": "https://www.kaigokensaku.mhlw.go.jp/28/index.php?action_kouhyou_detail_004_kani=true&JigyosyoCd=2870901366-00&ServiceCd=430&Type=search", "url2": "http://www.shotokuen.or.jp" }, "geometry": { "type": "Point", "coordinates": [ 135.351372199999986, 34.721995 ] } },
{ "type": "Feature", "properties": { "内容": "在宅ケアサービス　ソラスト甲子園口【居宅介護支援】兵庫県西宮市甲子園口4－7－11ロイヤルハイツ甲子園口102号", "url": "https://www.kaigokensaku.mhlw.go.jp/28/index.php?action_kouhyou_detail_004_kani=true&JigyosyoCd=2870901671-00&ServiceCd=430&Type=search", "url2": "https://solasto-kaigo.com/care/area/solastokoushienguchi.html" }, "geometry": { "type": "Point", "coordinates": [ 135.370845995145402, 34.73746837605389 ] } },
{ "type": "Feature", "properties": { "内容": "シルバージャパン西宮居宅介護支援事業所【居宅介護支援】兵庫県西宮市津門呉羽町３－４１　今津高架下ＦＩブロック店舗２", "url": "https://www.kaigokensaku.mhlw.go.jp/28/index.php?action_kouhyou_detail_004_kani=true&JigyosyoCd=2870902463-00&ServiceCd=430&Type=search", "url2": "https://www.silver-japan.jp" }, "geometry": { "type": "Point", "coordinates": [ 135.352038499999907, 34.7327444 ] } },
{ "type": "Feature", "properties": { "内容": "エービーシーケアセンター【居宅介護支援】西宮市生瀬町2-8-14", "url": "https://www.kaigokensaku.mhlw.go.jp/28/index.php?action_kouhyou_detail_004_kani=true&JigyosyoCd=2870902471-00&ServiceCd=430&Type=search", "url2": "http://abc-cc.jp/" }, "geometry": { "type": "Point", "coordinates": [ 135.328172, 34.8193259 ] } },
{ "type": "Feature", "properties": { "内容": "あいケアセンター【居宅介護支援】西宮市若草町２丁目１０－１３", "url": "https://www.kaigokensaku.mhlw.go.jp/28/index.php?action_kouhyou_detail_004_kani=true&JigyosyoCd=2870902596-00&ServiceCd=430&Type=search", "url2": "http://www.lives-ltd.jp" }, "geometry": { "type": "Point", "coordinates": [ 135.375415, 34.7259784 ] } },
{ "type": "Feature", "properties": { "内容": "西宮すみれビレッジ【居宅介護支援】兵庫県西宮市中前田町３－１０", "url": "https://www.kaigokensaku.mhlw.go.jp/28/index.php?action_kouhyou_detail_004_kani=true&JigyosyoCd=2870902695-00&ServiceCd=430&Type=search", "url2": "http:/www.sumire.or.jp./nishinomiya-v/" }, "geometry": { "type": "Point", "coordinates": [ 135.34216420000007, 34.7435792 ] } },
{ "type": "Feature", "properties": { "内容": "居宅介護支援事業所まりも【居宅介護支援】大屋町12-23ラポール西宮", "url": "https://www.kaigokensaku.mhlw.go.jp/28/index.php?action_kouhyou_detail_004_kani=true&JigyosyoCd=2870904220-00&ServiceCd=430&Type=search", "url2": "http://www.chappu-marimo.co.jp" }, "geometry": { "type": "Point", "coordinates": [ 135.365191697683144, 34.744107992320089 ] } },
{ "type": "Feature", "properties": { "内容": "介護センターつむぎ【居宅介護支援】西宮市甲子園口５丁目８－１９", "url": "https://www.kaigokensaku.mhlw.go.jp/28/index.php?action_kouhyou_detail_004_kani=true&JigyosyoCd=2870904378-00&ServiceCd=430&Type=search", "url2": "https://www.tsumufuku.com" }, "geometry": { "type": "Point", "coordinates": [ 135.368359599999962, 34.736772 ] } },
{ "type": "Feature", "properties": { "内容": "プリュームケアプランセンター【居宅介護支援】西宮市上甲子園3丁目1番15号", "url": "https://www.kaigokensaku.mhlw.go.jp/28/index.php?action_kouhyou_detail_004_kani=true&JigyosyoCd=2870906043-00&ServiceCd=430&Type=search", "url2": "https://www.plume-day.co.jp/" }, "geometry": { "type": "Point", "coordinates": [ 135.366211755056838, 34.734358152972959 ] } },
{ "type": "Feature", "properties": { "内容": "ケアプラン　来夢【居宅介護支援】東鳴尾町2-1-13-717", "url": "https://www.kaigokensaku.mhlw.go.jp/28/index.php?action_kouhyou_detail_004_kani=true&JigyosyoCd=2870906555-00&ServiceCd=430&Type=search", "url2": null }, "geometry": { "type": "Point", "coordinates": [ 135.3763487, 34.7114601 ] } },
{ "type": "Feature", "properties": { "内容": "sotto西宮【居宅介護支援】兵庫県西宮市甲子園春風町3-27", "url": "https://www.kaigokensaku.mhlw.go.jp/28/index.php?action_kouhyou_detail_004_kani=true&JigyosyoCd=2870906597-00&ServiceCd=430&Type=search", "url2": "http://www.arataka.co.jp/" }, "geometry": { "type": "Point", "coordinates": [ 135.361615699999987, 34.7302502 ] } },
{ "type": "Feature", "properties": { "内容": "西宮わたなべ居宅介護支援センターはまかぜ【居宅介護支援】西宮市与古道町1-37勝呂クリニック２階", "url": "https://www.kaigokensaku.mhlw.go.jp/28/index.php?action_kouhyou_detail_004_kani=true&JigyosyoCd=2870906761-00&ServiceCd=430&Type=search", "url2": "http://www.n-watanabe-hosp.jp/watanabetakashi/facility/list/kyotaku/" }, "geometry": { "type": "Point", "coordinates": [ 135.342141162764761, 34.735961696723592 ] } },
{ "type": "Feature", "properties": { "内容": "居宅介護支援事業所　ファイブケア【居宅介護支援】兵庫県西宮市甲子園八番町２－２３－３エトワール甲子園　３F", "url": "https://www.kaigokensaku.mhlw.go.jp/28/index.php?action_kouhyou_detail_004_kani=true&JigyosyoCd=2870907041-00&ServiceCd=430&Type=search", "url2": "http://www.2016fivecare.com" }, "geometry": { "type": "Point", "coordinates": [ 135.362291, 34.7190759 ] } },
{ "type": "Feature", "properties": { "内容": "兵庫県西宮市大屋町5-17-103【居宅介護支援】兵庫県西宮市大屋町5-17-103103", "url": "https://www.kaigokensaku.mhlw.go.jp/28/index.php?action_kouhyou_detail_004_kani=true&JigyosyoCd=2870907066-00&ServiceCd=430&Type=search", "url2": null }, "geometry": { "type": "Point", "coordinates": [ 135.365888, 34.742987899999989 ] } },
{ "type": "Feature", "properties": { "内容": "あおいケアプランセンター【居宅介護支援】兵庫県西宮市堤町2番47号", "url": "https://www.kaigokensaku.mhlw.go.jp/28/index.php?action_kouhyou_detail_004_kani=true&JigyosyoCd=2870907199-00&ServiceCd=430&Type=search", "url2": null }, "geometry": { "type": "Point", "coordinates": [ 135.3709646, 34.7564674 ] } },
{ "type": "Feature", "properties": { "内容": "ケアプランえくぼ【居宅介護支援】兵庫県西宮市上ケ原山田町4番23号", "url": "https://www.kaigokensaku.mhlw.go.jp/28/index.php?action_kouhyou_detail_004_kani=true&JigyosyoCd=2870907306-00&ServiceCd=430&Type=search", "url2": null }, "geometry": { "type": "Point", "coordinates": [ 135.341055800000049, 34.7674048 ] } },
{ "type": "Feature", "properties": { "内容": "ケアマネ事務所しんぽ【居宅介護支援】兵庫県西宮市津門呉羽町２番２３－１０３号", "url": "https://www.kaigokensaku.mhlw.go.jp/28/index.php?action_kouhyou_detail_004_kani=true&JigyosyoCd=2870907405-00&ServiceCd=430&Type=search", "url2": "http://keamaneshinpo.info/" }, "geometry": { "type": "Point", "coordinates": [ 135.352891199999931, 34.7317694 ] } },
{ "type": "Feature", "properties": { "内容": "けんとケアサービス【居宅介護支援】与古道2-21-301", "url": "https://www.kaigokensaku.mhlw.go.jp/28/index.php?action_kouhyou_detail_004_kani=true&JigyosyoCd=2870907579-00&ServiceCd=430&Type=search", "url2": "https://hp.kaipoke.biz/ezp/" }, "geometry": { "type": "Point", "coordinates": [ 135.343129223278765, 34.73523498662616 ] } },
{ "type": "Feature", "properties": { "内容": "ひろケア【居宅介護支援】津門住江町８－１６藤和ハイタウン西宮４１７号", "url": "https://www.kaigokensaku.mhlw.go.jp/28/index.php?action_kouhyou_detail_004_kani=true&JigyosyoCd=2870907744-00&ServiceCd=430&Type=search", "url2": "http://www.godogaisya-hirocare.com" }, "geometry": { "type": "Point", "coordinates": [ 135.347010038470444, 34.730978609040832 ] } },
{ "type": "Feature", "properties": { "内容": "アークケアプランセンター【居宅介護支援】兵庫県西宮市門戸東町4-36", "url": "https://www.kaigokensaku.mhlw.go.jp/28/index.php?action_kouhyou_detail_004_kani=true&JigyosyoCd=2870908031-00&ServiceCd=430&Type=search", "url2": "http://www.ark-homehelp.jp/index.php" }, "geometry": { "type": "Point", "coordinates": [ 135.3585546, 34.7603653 ] } },
{ "type": "Feature", "properties": { "内容": "ケアプラン笑楽　西宮名塩【居宅介護支援】名塩新町6番地", "url": "https://www.kaigokensaku.mhlw.go.jp/28/index.php?action_kouhyou_detail_004_kani=true&JigyosyoCd=2870908080-00&ServiceCd=430&Type=search", "url2": "http://xn--y8j4fra.com/" }, "geometry": { "type": "Point", "coordinates": [ 135.310139928836094, 34.827219876927209 ] } },
{ "type": "Feature", "properties": { "内容": "ベネッセ介護センター阪神【居宅介護支援】兵庫県西宮市甲子園四番町8-22", "url": "https://www.kaigokensaku.mhlw.go.jp/28/index.php?action_kouhyou_detail_004_kani=true&JigyosyoCd=2870908098-00&ServiceCd=430&Type=search", "url2": "https://zaitaku.benesse-style-care.co.jp/base/kc-hanshin" }, "geometry": { "type": "Point", "coordinates": [ 135.368461700000012, 34.7281968 ] } },
{ "type": "Feature", "properties": { "内容": "フローリス夙川ケアプランセンター【居宅介護支援】兵庫県西宮市相生町12-39エトール夙川8-203", "url": "https://www.kaigokensaku.mhlw.go.jp/28/index.php?action_kouhyou_detail_004_kani=true&JigyosyoCd=2870908106-00&ServiceCd=430&Type=search", "url2": null }, "geometry": { "type": "Point", "coordinates": [ 135.327186399999988, 34.7440743 ] } },
{ "type": "Feature", "properties": { "内容": "ケアプランセンターパセム西宮【居宅介護支援】段上町6丁目24番43号", "url": "https://www.kaigokensaku.mhlw.go.jp/28/index.php?action_kouhyou_detail_004_kani=true&JigyosyoCd=2870908130-00&ServiceCd=430&Type=search", "url2": "https://pacem.or.jp/" }, "geometry": { "type": "Point", "coordinates": [ 135.369541700000013, 34.7735349 ] } },
{ "type": "Feature", "properties": { "内容": "ケアセンターなでしこ【居宅介護支援】兵庫県西宮市津門呉羽町1-30サンマンションアトレ西宮パッセ１０３号室", "url": "https://www.kaigokensaku.mhlw.go.jp/28/index.php?action_kouhyou_detail_004_kani=true&JigyosyoCd=2870908270-00&ServiceCd=430&Type=search", "url2": null }, "geometry": { "type": "Point", "coordinates": [ 135.352280939755445, 34.731573136355713 ] } },
{ "type": "Feature", "properties": { "内容": "羽衣ケアプランセンター【居宅介護支援】兵庫県西宮市羽衣町2-7", "url": "https://www.kaigokensaku.mhlw.go.jp/28/index.php?action_kouhyou_detail_004_kani=true&JigyosyoCd=2870908445-00&ServiceCd=430&Type=search", "url2": "https:baby-leaf.co.jp" }, "geometry": { "type": "Point", "coordinates": [ 135.32677240000001, 34.7394143 ] } },
{ "type": "Feature", "properties": { "内容": "エレガーノ西宮居宅介護支援事業所【居宅介護支援】兵庫県西宮市津門大塚町11番58号エレガーノ西宮", "url": "https://www.kaigokensaku.mhlw.go.jp/28/index.php?action_kouhyou_detail_004_kani=true&JigyosyoCd=2870908585-00&ServiceCd=430&Type=search", "url2": "https://www.s-carelife.co.jp/" }, "geometry": { "type": "Point", "coordinates": [ 135.357197673419648, 34.738068925152163 ] } },
{ "type": "Feature", "properties": { "内容": "クローバーの会【居宅介護支援】西宮市東鳴尾2丁目9-27-501", "url": "https://www.kaigokensaku.mhlw.go.jp/28/index.php?action_kouhyou_detail_004_kani=true&JigyosyoCd=2870908890-00&ServiceCd=430&Type=search", "url2": null }, "geometry": { "type": "Point", "coordinates": [ 135.3415109, 34.7376029 ] } },
{ "type": "Feature", "properties": { "内容": "ケアプラン和らい【居宅介護支援】兵庫県西宮市分銅町２－２６－１階", "url": "https://www.kaigokensaku.mhlw.go.jp/28/index.php?action_kouhyou_detail_004_kani=true&JigyosyoCd=2870909187-00&ServiceCd=430&Type=search", "url2": "sioncarerebi@yahoo.co.jp" }, "geometry": { "type": "Point", "coordinates": [ 135.3389733, 34.7421893 ] } },
{ "type": "Feature", "properties": { "内容": "神門さんのケアプランセンター【居宅介護支援】兵庫県西宮市甲子園六番町12-8Grande甲子園六番町201", "url": "https://www.kaigokensaku.mhlw.go.jp/28/index.php?action_kouhyou_detail_004_kani=true&JigyosyoCd=2870909435-00&ServiceCd=430&Type=search", "url2": "https://arc-shinmon.com/" }, "geometry": { "type": "Point", "coordinates": [ 135.365106, 34.724447 ] } },
{ "type": "Feature", "properties": { "内容": "ケアプランセンターほのか【居宅介護支援】甲子園口3-26-9ソルテラス甲子園口クレアスト101", "url": "https://www.kaigokensaku.mhlw.go.jp/28/index.php?action_kouhyou_detail_004_kani=true&JigyosyoCd=2870909591-00&ServiceCd=430&Type=search", "url2": null }, "geometry": { "type": "Point", "coordinates": [ 135.371010500000011, 34.7363354 ] } },
{ "type": "Feature", "properties": { "内容": "ケアプランセンターポプラ西宮【居宅介護支援】兵庫県西宮市前浜町９－２２スミュー香櫨園１０１号室", "url": "https://www.kaigokensaku.mhlw.go.jp/28/index.php?action_kouhyou_detail_004_kani=true&JigyosyoCd=2870909625-00&ServiceCd=430&Type=search", "url2": "https://satsuki-kai.com" }, "geometry": { "type": "Point", "coordinates": [ 135.3307441, 34.72713 ] } },
{ "type": "Feature", "properties": { "内容": "ケアプランさらん【居宅介護支援】兵庫県西宮市山口町上山口2丁目20-26サンライフ山口206号", "url": "https://www.kaigokensaku.mhlw.go.jp/28/index.php?action_kouhyou_detail_004_kani=true&JigyosyoCd=2870909799-00&ServiceCd=430&Type=search", "url2": null }, "geometry": { "type": "Point", "coordinates": [ 135.2438682, 34.8272397 ] } },
{ "type": "Feature", "properties": { "内容": "らんくるケア【居宅介護支援】中須佐町2-25", "url": "https://www.kaigokensaku.mhlw.go.jp/28/index.php?action_kouhyou_detail_004_kani=true&JigyosyoCd=2870909831-00&ServiceCd=430&Type=search", "url2": null }, "geometry": { "type": "Point", "coordinates": [ 135.3461461, 34.7418795 ] } },
{ "type": "Feature", "properties": { "内容": "けあぷらん輪【居宅介護支援】兵庫県西宮市山口町名来1-26-5", "url": "https://www.kaigokensaku.mhlw.go.jp/28/index.php?action_kouhyou_detail_004_kani=true&JigyosyoCd=2870909971-00&ServiceCd=430&Type=search", "url2": null }, "geometry": { "type": "Point", "coordinates": [ 135.235529899999989, 34.84588380000001 ] } },
{ "type": "Feature", "properties": { "内容": "HANNDINHAND【居宅介護支援】樋之池町2-15-304スクエア樋之池１", "url": "https://www.kaigokensaku.mhlw.go.jp/28/index.php?action_kouhyou_detail_004_kani=true&JigyosyoCd=2870910003-00&ServiceCd=430&Type=search", "url2": null }, "geometry": { "type": "Point", "coordinates": [ 135.3229131, 34.7518829 ] } },
{ "type": "Feature", "properties": { "内容": "ケアマネステーション　ハナミズキ【居宅介護支援】兵庫県西宮市大社町１１番３１－１１６号", "url": "https://www.kaigokensaku.mhlw.go.jp/28/index.php?action_kouhyou_detail_004_kani=true&JigyosyoCd=2870910011-00&ServiceCd=430&Type=search", "url2": "https://hanamizuki-caremane.com/" }, "geometry": { "type": "Point", "coordinates": [ 135.3382485, 34.7537389 ] } },
{ "type": "Feature", "properties": { "内容": "訪問看護センター明和　居宅介護支援事業所【居宅介護支援】兵庫県西宮市甲子園九番町１５－２２", "url": "https://www.kaigokensaku.mhlw.go.jp/28/index.php?action_kouhyou_detail_004_kani=true&JigyosyoCd=2860990080-00&ServiceCd=430&Type=search", "url2": "http//www.meiwa-hospital.com" }, "geometry": { "type": "Point", "coordinates": [ 135.358906471350082, 34.714572456825906 ] } },
{ "type": "Feature", "properties": { "内容": "訪問看護ステーション　そよかぜ【居宅介護支援】西宮市弓場町8番15号2001号", "url": "https://www.kaigokensaku.mhlw.go.jp/28/index.php?action_kouhyou_detail_004_kani=true&JigyosyoCd=2860990122-00&ServiceCd=430&Type=search", "url2": "http://www.saso.or.jp/soyokaze" }, "geometry": { "type": "Point", "coordinates": [ 135.32238, 34.7350461 ] } },
{ "type": "Feature", "properties": { "内容": "社会福祉法人慈仁会　特別養護老人ホーム山口苑【居宅介護支援】兵庫県西宮市山口町下山口1203-1", "url": "https://www.kaigokensaku.mhlw.go.jp/28/index.php?action_kouhyou_detail_004_kani=true&JigyosyoCd=2870900210-00&ServiceCd=430&Type=search", "url2": "http://care-net.biz/28/jininkai/" }, "geometry": { "type": "Point", "coordinates": [ 135.255585900000028, 34.832731699999989 ] } },
{ "type": "Feature", "properties": { "内容": "ななくさ白寿荘【居宅介護支援】兵庫県西宮市山口町下山口１６５０番地２６", "url": "https://www.kaigokensaku.mhlw.go.jp/28/index.php?action_kouhyou_detail_004_kani=true&JigyosyoCd=2870900251-00&ServiceCd=430&Type=search", "url2": "http://www.nanakusa.or.jp/sisetu/hakuju.html" }, "geometry": { "type": "Point", "coordinates": [ 135.264793599999962, 34.8334594 ] } },
{ "type": "Feature", "properties": { "内容": "生活協同組合コープこうべ居宅介護支援センター西宮【居宅介護支援】西宮市甲風園1-8-1", "url": "https://www.kaigokensaku.mhlw.go.jp/28/index.php?action_kouhyou_detail_004_kani=true&JigyosyoCd=2870900319-00&ServiceCd=430&Type=search", "url2": "http://www.kobe.coop.or.jp/" }, "geometry": { "type": "Point", "coordinates": [ 135.3555242, 34.7478984 ] } },
{ "type": "Feature", "properties": { "内容": "ニチイケアセンター甲子園【居宅介護支援】兵庫県西宮市甲子園口５丁目２－４", "url": "https://www.kaigokensaku.mhlw.go.jp/28/index.php?action_kouhyou_detail_004_kani=true&JigyosyoCd=2870900590-00&ServiceCd=430&Type=search", "url2": "http://www.nichiigakkan.co.jp" }, "geometry": { "type": "Point", "coordinates": [ 135.365979399999986, 34.7269282 ] } },
{ "type": "Feature", "properties": { "内容": "高須居宅介護支援事業所【居宅介護支援】兵庫県西宮市高須町１丁目１番地メルカードむこがわ２階２２０", "url": "https://www.kaigokensaku.mhlw.go.jp/28/index.php?action_kouhyou_detail_004_kani=true&JigyosyoCd=2870901614-00&ServiceCd=430&Type=search", "url2": "http://www.akashi-keisen.com" }, "geometry": { "type": "Point", "coordinates": [ 135.370349858860777, 34.705645591090914 ] } },
{ "type": "Feature", "properties": { "内容": "居宅介護支援事業所まどか【居宅介護支援】兵庫県西宮市樋之池町20-27", "url": "https://www.kaigokensaku.mhlw.go.jp/28/index.php?action_kouhyou_detail_004_kani=true&JigyosyoCd=2870901697-00&ServiceCd=430&Type=search", "url2": "http//madokakaiwai.okoshi-yasu.net" }, "geometry": { "type": "Point", "coordinates": [ 135.317318800000066, 34.7526306 ] } },
{ "type": "Feature", "properties": { "内容": "居宅介護支援センター西宮わたなべ【居宅介護支援】西宮市室川町１１－２３", "url": "https://www.kaigokensaku.mhlw.go.jp/28/index.php?action_kouhyou_detail_004_kani=true&JigyosyoCd=2870901820-00&ServiceCd=430&Type=search", "url2": "http://www.n-watanabe-hosp.jp/" }, "geometry": { "type": "Point", "coordinates": [ 135.344071340892128, 34.744203065553201 ] } },
{ "type": "Feature", "properties": { "内容": "介護センター　たんとん【居宅介護支援】西宮市甲子園三番町1-25ヒルズ三番町　201号室", "url": "https://www.kaigokensaku.mhlw.go.jp/28/index.php?action_kouhyou_detail_004_kani=true&JigyosyoCd=2870902083-00&ServiceCd=430&Type=search", "url2": null }, "geometry": { "type": "Point", "coordinates": [ 135.369781900000021, 34.7308002 ] } },
{ "type": "Feature", "properties": { "内容": "有限会社アール・エム　はなまる居宅介護支援センター【居宅介護支援】兵庫県西宮市今津曙町12-3", "url": "https://www.kaigokensaku.mhlw.go.jp/28/index.php?action_kouhyou_detail_004_kani=true&JigyosyoCd=2870902299-00&ServiceCd=430&Type=search", "url2": "http://hanamarukaigo.com/" }, "geometry": { "type": "Point", "coordinates": [ 135.357463199999984, 34.7280725 ] } },
{ "type": "Feature", "properties": { "内容": "宝塚医療生協ケアサポート今津【居宅介護支援】兵庫県西宮市今津山中町5-29", "url": "https://www.kaigokensaku.mhlw.go.jp/28/index.php?action_kouhyou_detail_004_kani=true&JigyosyoCd=2870903081-00&ServiceCd=430&Type=search", "url2": "http://www.takarazuka-mcoop.net" }, "geometry": { "type": "Point", "coordinates": [ 135.3552522, 34.7306196 ] } },
{ "type": "Feature", "properties": { "内容": "ケアセンターマーサン【居宅介護支援】西宮市浜松原町1番28号", "url": "https://www.kaigokensaku.mhlw.go.jp/28/index.php?action_kouhyou_detail_004_kani=true&JigyosyoCd=2870904121-00&ServiceCd=430&Type=search", "url2": "http://marsun.jp" }, "geometry": { "type": "Point", "coordinates": [ 135.345517482520052, 34.728779710224103 ] } },
{ "type": "Feature", "properties": { "内容": "ケアプランセンターアリス甲子園【居宅介護支援】兵庫県西宮市枝川町9-20", "url": "https://www.kaigokensaku.mhlw.go.jp/28/index.php?action_kouhyou_detail_004_kani=true&JigyosyoCd=2870904949-00&ServiceCd=430&Type=search", "url2": "http://www.toyonakafamily.jp/Koshien/" }, "geometry": { "type": "Point", "coordinates": [ 135.364933601290204, 34.710064638607598 ] } },
{ "type": "Feature", "properties": { "内容": "苦楽園居宅介護支援事業所【居宅介護支援】西宮市石刎町１９－１３", "url": "https://www.kaigokensaku.mhlw.go.jp/28/index.php?action_kouhyou_detail_004_kani=true&JigyosyoCd=2870905243-00&ServiceCd=430&Type=search", "url2": "http://www.sogoshien.com" }, "geometry": { "type": "Point", "coordinates": [ 135.328467899999964, 34.7536195 ] } },
{ "type": "Feature", "properties": { "内容": "ケアプランセンター　ステラ【居宅介護支援】兵庫県西宮市松生町７−８", "url": "https://www.kaigokensaku.mhlw.go.jp/28/index.php?action_kouhyou_detail_004_kani=true&JigyosyoCd=2870906258-00&ServiceCd=430&Type=search", "url2": "http://hp.kaipoke.biz/bpw/index.html" }, "geometry": { "type": "Point", "coordinates": [ 135.327423700000054, 34.7460619 ] } },
{ "type": "Feature", "properties": { "内容": "ケアプランセンターこころ【居宅介護支援】城ヶ堀町2-19", "url": "https://www.kaigokensaku.mhlw.go.jp/28/index.php?action_kouhyou_detail_004_kani=true&JigyosyoCd=2870907009-00&ServiceCd=430&Type=search", "url2": "http://www.ikokoro.co.jp/" }, "geometry": { "type": "Point", "coordinates": [ 135.3399422, 34.7415793 ] } },
{ "type": "Feature", "properties": { "内容": "居宅介護支援事業所クローバー【居宅介護支援】兵庫県西宮市すみれ台1丁目12-10", "url": "https://www.kaigokensaku.mhlw.go.jp/28/index.php?action_kouhyou_detail_004_kani=true&JigyosyoCd=2870907272-00&ServiceCd=430&Type=search", "url2": "http://clover.oo7.jp" }, "geometry": { "type": "Point", "coordinates": [ 135.2441291, 34.8189219 ] } },
{ "type": "Feature", "properties": { "内容": "オアシス西宮居宅介護支援事業所【居宅介護支援】兵庫県西宮市江上町8-21", "url": "https://www.kaigokensaku.mhlw.go.jp/28/index.php?action_kouhyou_detail_004_kani=true&JigyosyoCd=2870907470-00&ServiceCd=430&Type=search", "url2": "http://ja-oasis.com/" }, "geometry": { "type": "Point", "coordinates": [ 135.3397033, 34.7411294 ] } },
{ "type": "Feature", "properties": { "内容": "ケアマネセンターにじのはな【居宅介護支援】兵庫県西宮市甲子園春風町5番33号春風ﾏﾝｼｮﾝ1階北3号室", "url": "https://www.kaigokensaku.mhlw.go.jp/28/index.php?action_kouhyou_detail_004_kani=true&JigyosyoCd=2870907751-00&ServiceCd=430&Type=search", "url2": null }, "geometry": { "type": "Point", "coordinates": [ 135.362099199999989, 34.7313961 ] } },
{ "type": "Feature", "properties": { "内容": "ひまわりケアプラン【居宅介護支援】兵庫県西宮市門戸荘18-69", "url": "https://www.kaigokensaku.mhlw.go.jp/28/index.php?action_kouhyou_detail_004_kani=true&JigyosyoCd=2870907785-00&ServiceCd=430&Type=search", "url2": null }, "geometry": { "type": "Point", "coordinates": [ 135.3553172, 34.7565737 ] } },
{ "type": "Feature", "properties": { "内容": "居宅介護支援事業所ライツ【居宅介護支援】兵庫県西宮市両度町6-10両度ビル2F", "url": "https://www.kaigokensaku.mhlw.go.jp/28/index.php?action_kouhyou_detail_004_kani=true&JigyosyoCd=2870908072-00&ServiceCd=430&Type=search", "url2": null }, "geometry": { "type": "Point", "coordinates": [ 135.354155482941991, 34.742444351965005 ] } },
{ "type": "Feature", "properties": { "内容": "西宮協立ケアプランセンター【居宅介護支援】兵庫県西宮市今津山中町6-32", "url": "https://www.kaigokensaku.mhlw.go.jp/28/index.php?action_kouhyou_detail_004_kani=true&JigyosyoCd=2870908114-00&ServiceCd=430&Type=search", "url2": "https://www.nk-hospital.or.jp/houmon/use/inhome.html" }, "geometry": { "type": "Point", "coordinates": [ 135.355168099999986, 34.7299298 ] } },
{ "type": "Feature", "properties": { "内容": "清田診療所ケアプランセンター【居宅介護支援】兵庫県西宮市段上町2丁目1-10ハートランド甲東園208号", "url": "https://www.kaigokensaku.mhlw.go.jp/28/index.php?action_kouhyou_detail_004_kani=true&JigyosyoCd=2870908163-00&ServiceCd=430&Type=search", "url2": null }, "geometry": { "type": "Point", "coordinates": [ 135.36364660000001, 34.7686244 ] } },
{ "type": "Feature", "properties": { "内容": "神港園レインボー西宮【居宅介護支援】兵庫県西宮市久保町7-35", "url": "https://www.kaigokensaku.mhlw.go.jp/28/index.php?action_kouhyou_detail_004_kani=true&JigyosyoCd=2870908189-00&ServiceCd=430&Type=search", "url2": "rainbow-kyotaku@shinkouen.or.jp" }, "geometry": { "type": "Point", "coordinates": [ 135.340594760681796, 34.730464245291884 ] } },
{ "type": "Feature", "properties": { "内容": "ケアプランセンター・タイム【居宅介護支援】高木東町11番37号102号", "url": "https://www.kaigokensaku.mhlw.go.jp/28/index.php?action_kouhyou_detail_004_kani=true&JigyosyoCd=2870908197-00&ServiceCd=430&Type=search", "url2": "horigome@life-japan.ne.jp" }, "geometry": { "type": "Point", "coordinates": [ 135.364410702446747, 34.749990943584606 ] } },
{ "type": "Feature", "properties": { "内容": "羽衣ケアプランセンター山口町【居宅介護支援】兵庫県西宮市山口町金仙寺３丁目２番の２１", "url": "https://www.kaigokensaku.mhlw.go.jp/28/index.php?action_kouhyou_detail_004_kani=true&JigyosyoCd=2870908502-00&ServiceCd=430&Type=search", "url2": "https://yamaguchicare.baby-leaf.co.jp" }, "geometry": { "type": "Point", "coordinates": [ 135.251038976303022, 34.823078029043792 ] } },
{ "type": "Feature", "properties": { "内容": "ケアプランきらら【居宅介護支援】兵庫県西宮市五月ヶ丘1番市営五月ヶ丘住宅1-204号", "url": "https://www.kaigokensaku.mhlw.go.jp/28/index.php?action_kouhyou_detail_004_kani=true&JigyosyoCd=2870908551-00&ServiceCd=430&Type=search", "url2": null }, "geometry": { "type": "Point", "coordinates": [ 135.3397347, 34.7561195 ] } },
{ "type": "Feature", "properties": { "内容": "訪問看護ステーションみどり【居宅介護支援】西宮市塩瀬町生瀬1281-5", "url": "https://www.kaigokensaku.mhlw.go.jp/28/index.php?action_kouhyou_detail_004_kani=true&JigyosyoCd=2860990056-00&ServiceCd=430&Type=search", "url2": "http://www.ryokusuikai.or.jp" }, "geometry": { "type": "Point", "coordinates": [ 135.329885699999977, 34.8218201 ] } },
{ "type": "Feature", "properties": { "内容": "医療法人協和会　マリナケアプランセンター【居宅介護支援】兵庫県西宮市西宮浜４丁目15-1", "url": "https://www.kaigokensaku.mhlw.go.jp/28/index.php?action_kouhyou_detail_004_kani=true&JigyosyoCd=2860990148-00&ServiceCd=430&Type=search", "url2": "http://www.kyowakai.com/" }, "geometry": { "type": "Point", "coordinates": [ 135.331118300000071, 34.712076 ] } },
{ "type": "Feature", "properties": { "内容": "西宮市社会福祉事業団　小松居宅介護支援事業所【居宅介護支援】兵庫県西宮市小松北町2丁目8-1", "url": "https://www.kaigokensaku.mhlw.go.jp/28/index.php?action_kouhyou_detail_004_kani=true&JigyosyoCd=2870900038-00&ServiceCd=430&Type=search", "url2": "https://www.nishinomiya-fukushi.jp/" }, "geometry": { "type": "Point", "coordinates": [ 135.375845600000048, 34.7245257 ] } },
{ "type": "Feature", "properties": { "内容": "西宮市社会福祉事業団　甲東居宅介護支援事業所【居宅介護支援】兵庫県西宮市上甲東園2丁目11-60", "url": "https://www.kaigokensaku.mhlw.go.jp/28/index.php?action_kouhyou_detail_004_kani=true&JigyosyoCd=2870900046-00&ServiceCd=430&Type=search", "url2": "https://www.nishinomiya-fukushi.jp/" }, "geometry": { "type": "Point", "coordinates": [ 135.353449299999966, 34.7686598 ] } },
{ "type": "Feature", "properties": { "内容": "西宮市社会福祉事業団　浜脇居宅介護支援事業所【居宅介護支援】兵庫県西宮市久保町14-12", "url": "https://www.kaigokensaku.mhlw.go.jp/28/index.php?action_kouhyou_detail_004_kani=true&JigyosyoCd=2870900053-00&ServiceCd=430&Type=search", "url2": "http://nishinomiya-fukushi.or.jp/" }, "geometry": { "type": "Point", "coordinates": [ 135.338909199999989, 34.7260028 ] } },
{ "type": "Feature", "properties": { "内容": "西宮市社会福祉事業団　甲子園居宅介護支援事業所【居宅介護支援】兵庫県西宮市上甲子園5丁目7-21", "url": "https://www.kaigokensaku.mhlw.go.jp/28/index.php?action_kouhyou_detail_004_kani=true&JigyosyoCd=2870900079-00&ServiceCd=430&Type=search", "url2": "https://www.nishinomiya-fukushi.jp/" }, "geometry": { "type": "Point", "coordinates": [ 135.360846199999969, 34.7339388 ] } },
{ "type": "Feature", "properties": { "内容": "西宮市社会福祉事業団　中央居宅介護支援事業所【居宅介護支援】兵庫県西宮市林田町7-17", "url": "https://www.kaigokensaku.mhlw.go.jp/28/index.php?action_kouhyou_detail_004_kani=true&JigyosyoCd=2870900103-00&ServiceCd=430&Type=search", "url2": "https://www.nishinomiya-fukushi.jp/" }, "geometry": { "type": "Point", "coordinates": [ 135.361026600000059, 34.7574529 ] } },
{ "type": "Feature", "properties": { "内容": "アクティブライフ夙川【居宅介護支援】兵庫県西宮市樋之池町１６－４", "url": "https://www.kaigokensaku.mhlw.go.jp/28/index.php?action_kouhyou_detail_004_kani=true&JigyosyoCd=2870900145-00&ServiceCd=430&Type=search", "url2": "http://www.activelife.co.jp/" }, "geometry": { "type": "Point", "coordinates": [ 135.318488200000047, 34.753075 ] } },
{ "type": "Feature", "properties": { "内容": "にしのみや聖徳園介護支援センター【居宅介護支援】兵庫県西宮市段上町6丁目24番1号", "url": "https://www.kaigokensaku.mhlw.go.jp/28/index.php?action_kouhyou_detail_004_kani=true&JigyosyoCd=2870900236-00&ServiceCd=430&Type=search", "url2": "http://www.shotokuen.or.jp" }, "geometry": { "type": "Point", "coordinates": [ 135.368789600000014, 34.7733319 ] } },
{ "type": "Feature", "properties": { "内容": "甲寿園居宅介護支援事業所【居宅介護支援】西宮市甲山町53番地", "url": "https://www.kaigokensaku.mhlw.go.jp/28/index.php?action_kouhyou_detail_004_kani=true&JigyosyoCd=2870900244-00&ServiceCd=430&Type=search", "url2": "http://kojyuen.jp" }, "geometry": { "type": "Point", "coordinates": [ 135.32323150000002, 34.7757951 ] } },
{ "type": "Feature", "properties": { "内容": "西宮市社会福祉事業団　安井居宅介護支援事業所【居宅介護支援】兵庫県西宮市城ケ堀町1-39", "url": "https://www.kaigokensaku.mhlw.go.jp/28/index.php?action_kouhyou_detail_004_kani=true&JigyosyoCd=2870900434-00&ServiceCd=430&Type=search", "url2": "https://www.nishinomiya-fukushi.jp/" }, "geometry": { "type": "Point", "coordinates": [ 135.341231, 34.7420682 ] } },
{ "type": "Feature", "properties": { "内容": "永田整形外科介護支援センター【居宅介護支援】西宮市甲子園九番町3-2", "url": "https://www.kaigokensaku.mhlw.go.jp/28/index.php?action_kouhyou_detail_004_kani=true&JigyosyoCd=2870901036-00&ServiceCd=430&Type=search", "url2": "http://www.nagataseikeigeka.com/" }, "geometry": { "type": "Point", "coordinates": [ 135.36110695581965, 34.716982810532862 ] } },
{ "type": "Feature", "properties": { "内容": "ひだまりステーションＣｕｒａｒｅ【居宅介護支援】石刎町１６－１７－１０４　アリスト北夙川１０４号", "url": "https://www.kaigokensaku.mhlw.go.jp/28/index.php?action_kouhyou_detail_004_kani=true&JigyosyoCd=2870901630-00&ServiceCd=430&Type=search", "url2": null }, "geometry": { "type": "Point", "coordinates": [ 135.328928899999937, 34.7528326 ] } },
{ "type": "Feature", "properties": { "内容": "山口すみれビレッジ居宅介護支援事業所【居宅介護支援】西宮市山口町下山口４丁目１８－７", "url": "https://www.kaigokensaku.mhlw.go.jp/28/index.php?action_kouhyou_detail_004_kani=true&JigyosyoCd=2870903537-00&ServiceCd=430&Type=search", "url2": "yamagutisumire@tea.ocn.ne.jp" }, "geometry": { "type": "Point", "coordinates": [ 135.238054599999941, 34.8308203 ] } },
{ "type": "Feature", "properties": { "内容": "柳本町居宅介護支援センター【居宅介護支援】西宮市柳本町１－１９－２０２", "url": "https://www.kaigokensaku.mhlw.go.jp/28/index.php?action_kouhyou_detail_004_kani=true&JigyosyoCd=2870903792-00&ServiceCd=430&Type=search", "url2": "http://www.new-tomorrow.jp" }, "geometry": { "type": "Point", "coordinates": [ 135.342191899999989, 34.7478454 ] } },
{ "type": "Feature", "properties": { "内容": "SOMPOケア西宮居宅介護支援【居宅介護支援】西宮市今在家町１番８号ケープヒルズ阪神西宮602", "url": "https://www.kaigokensaku.mhlw.go.jp/28/index.php?action_kouhyou_detail_004_kani=true&JigyosyoCd=2870904147-00&ServiceCd=430&Type=search", "url2": "http://www.sompocare.com" }, "geometry": { "type": "Point", "coordinates": [ 135.340523452734146, 34.736156260723085 ] } },
{ "type": "Feature", "properties": { "内容": "西宮高齢者事業団　居宅介護支援事業所【居宅介護支援】西宮市青木町３番２０号", "url": "https://www.kaigokensaku.mhlw.go.jp/28/index.php?action_kouhyou_detail_004_kani=true&JigyosyoCd=2870904345-00&ServiceCd=430&Type=search", "url2": "http//www.nishi-koureisha.jp/" }, "geometry": { "type": "Point", "coordinates": [ 135.34574632209015, 34.745869347272681 ] } },
{ "type": "Feature", "properties": { "内容": "ローズガーデン甲子園　ケアプランセンター【居宅介護支援】兵庫県西宮市甲子園九番町10番50号", "url": "https://www.kaigokensaku.mhlw.go.jp/28/index.php?action_kouhyou_detail_004_kani=true&JigyosyoCd=2870907025-00&ServiceCd=430&Type=search", "url2": "http://rg-koshien.toyonaka-fukushikai.com/" }, "geometry": { "type": "Point", "coordinates": [ 135.364245891401652, 34.713428313533299 ] } },
{ "type": "Feature", "properties": { "内容": "ケアセンターしいの木【居宅介護支援】兵庫県西宮市今津水波町12-9", "url": "https://www.kaigokensaku.mhlw.go.jp/28/index.php?action_kouhyou_detail_004_kani=true&JigyosyoCd=2870907264-00&ServiceCd=430&Type=search", "url2": null }, "geometry": { "type": "Point", "coordinates": [ 135.3568133, 34.7266087 ] } },
{ "type": "Feature", "properties": { "内容": "指定居宅介護支援事業所おりーぶ【居宅介護支援】兵庫県西宮市今津水波町6番14号", "url": "https://www.kaigokensaku.mhlw.go.jp/28/index.php?action_kouhyou_detail_004_kani=true&JigyosyoCd=2870908726-00&ServiceCd=430&Type=search", "url2": "https://tanimukai.or.jp/about/facility/olive-kyotaku/" }, "geometry": { "type": "Point", "coordinates": [ 135.3530666, 34.7285159 ] } },
{ "type": "Feature", "properties": { "内容": "ケアプランセンター　あい【居宅介護支援】兵庫県西宮市下大市東町16-24英雅堂ビル1F", "url": "https://www.kaigokensaku.mhlw.go.jp/28/index.php?action_kouhyou_detail_004_kani=true&JigyosyoCd=2870908957-00&ServiceCd=430&Type=search", "url2": "care.ai2941@gmail.com" }, "geometry": { "type": "Point", "coordinates": [ 135.361849499999977, 34.758847600000038 ] } },
{ "type": "Feature", "properties": { "内容": "ケアプランセンター西宮清光苑【居宅介護支援】兵庫県西宮市甲東園3丁目2－29アプリ甲東203", "url": "https://www.kaigokensaku.mhlw.go.jp/28/index.php?action_kouhyou_detail_004_kani=true&JigyosyoCd=2870909203-00&ServiceCd=430&Type=search", "url2": null }, "geometry": { "type": "Point", "coordinates": [ 135.3593347, 34.7671992 ] } },
{ "type": "Feature", "properties": { "内容": "ケアプラン甲子園口【居宅介護支援】兵庫県西宮市甲子園口４丁目12-5", "url": "https://www.kaigokensaku.mhlw.go.jp/28/index.php?action_kouhyou_detail_004_kani=true&JigyosyoCd=2870909708-00&ServiceCd=430&Type=search", "url2": null }, "geometry": { "type": "Point", "coordinates": [ 135.3695583, 34.7365257 ] } },
{ "type": "Feature", "properties": { "内容": "訪問看護ステーション花　居宅支援事業所【居宅介護支援】兵庫県西宮市甲子園七番町4-15ELLE甲子園101", "url": "https://www.kaigokensaku.mhlw.go.jp/28/index.php?action_kouhyou_detail_004_kani=true&JigyosyoCd=2870909849-00&ServiceCd=430&Type=search", "url2": "https：//hana-medical.jp" }, "geometry": { "type": "Point", "coordinates": [ 135.365364199999988, 34.7221859 ] } },
{ "type": "Feature", "properties": { "内容": "ケアプランセンターひなた【居宅介護支援】津門川町３－１　２階", "url": "https://www.kaigokensaku.mhlw.go.jp/28/index.php?action_kouhyou_detail_004_kani=true&JigyosyoCd=2870910052-00&ServiceCd=430&Type=search", "url2": null }, "geometry": { "type": "Point", "coordinates": [ 135.348395900000014, 34.7322582 ] } },
{ "type": "Feature", "properties": { "内容": "ケアプランセンターいちご【居宅介護支援】兵庫県西宮市津門稲荷町１０−２２", "url": "https://www.kaigokensaku.mhlw.go.jp/28/index.php?action_kouhyou_detail_004_kani=true&JigyosyoCd=2870910151-00&ServiceCd=430&Type=search", "url2": null }, "geometry": { "type": "Point", "coordinates": [ 135.352605399999987, 34.7360261 ] } },
{ "type": "Feature", "properties": { "内容": "居宅介護支援事業所　フレンズ【居宅介護支援】兵庫県西宮市甲子園町11-10", "url": "https://www.kaigokensaku.mhlw.go.jp/28/index.php?action_kouhyou_detail_004_kani=true&JigyosyoCd=2870905250-00&ServiceCd=430&Type=search", "url2": null }, "geometry": { "type": "Point", "coordinates": [ 135.360141099999964, 34.7198592 ] } },
{ "type": "Feature", "properties": { "内容": "マザーケア在宅サービス事業所【居宅介護支援】兵庫県西宮市今津二葉町3番6号布亀本社第1ビル3階", "url": "https://www.kaigokensaku.mhlw.go.jp/28/index.php?action_kouhyou_detail_004_kani=true&JigyosyoCd=2870901077-00&ServiceCd=430&Type=search", "url2": "http://www.nunokame.co.jp" }, "geometry": { "type": "Point", "coordinates": [ 135.35197368836063, 34.728312780751033 ] } },
{ "type": "Feature", "properties": { "内容": "深津居宅介護支援事業所【居宅介護支援】兵庫県西宮市芦原町１番２０号", "url": "https://www.kaigokensaku.mhlw.go.jp/28/index.php?action_kouhyou_detail_004_kani=true&JigyosyoCd=2870902216-00&ServiceCd=430&Type=search", "url2": "https://www.ashiharaday.jp" }, "geometry": { "type": "Point", "coordinates": [ 135.351416200000017, 34.7410408 ] } },
{ "type": "Feature", "properties": { "内容": "特別養護老人ホーム　名塩さくら苑【居宅介護支援】兵庫県西宮市名塩さくら台２－４４", "url": "https://www.kaigokensaku.mhlw.go.jp/28/index.php?action_kouhyou_detail_004_kani=true&JigyosyoCd=2870900681-00&ServiceCd=430&Type=search", "url2": "http://care-net.biz/28/jininkai/" }, "geometry": { "type": "Point", "coordinates": [ 135.278848299999936, 34.8356785 ] } },
{ "type": "Feature", "properties": { "内容": "合同会社　海源シニアライフサポート【居宅介護支援】西宮浜4丁目14-3701", "url": "https://www.kaigokensaku.mhlw.go.jp/28/index.php?action_kouhyou_detail_004_kani=true&JigyosyoCd=2870907843-00&ServiceCd=430&Type=search", "url2": null }, "geometry": { "type": "Point", "coordinates": [ 135.329339200000049, 34.7120176 ] } },
{ "type": "Feature", "properties": { "内容": "スマートケア【居宅介護支援】西宮市松風町1-3", "url": "https://www.kaigokensaku.mhlw.go.jp/28/index.php?action_kouhyou_detail_004_kani=true&JigyosyoCd=2870907793-00&ServiceCd=430&Type=search", "url2": "http://hp.kaipoke.biz/xnc/116956/base_0001.html" }, "geometry": { "type": "Point", "coordinates": [ 135.328756399999946, 34.7542713 ] } },
{ "type": "Feature", "properties": { "内容": "笑來荘【居宅介護支援】兵庫県西宮市甲子園口2丁目1-24沙羅館204号沙羅館２０４", "url": "https://www.kaigokensaku.mhlw.go.jp/28/index.php?action_kouhyou_detail_004_kani=true&JigyosyoCd=2870903453-00&ServiceCd=430&Type=search", "url2": "http://www.life-smile.jp" }, "geometry": { "type": "Point", "coordinates": [ 135.376574, 34.7385774 ] } },
{ "type": "Feature", "properties": { "内容": "たんぽぽ居宅介護支援事業所【居宅介護支援】すみれ台２丁目３番地１６", "url": "https://www.kaigokensaku.mhlw.go.jp/28/index.php?action_kouhyou_detail_004_kani=true&JigyosyoCd=2870910573-00&ServiceCd=430&Type=search", "url2": null }, "geometry": { "type": "Point", "coordinates": [ 135.2391395, 34.8188355 ] } },
{ "type": "Feature", "properties": { "内容": "ラポール居宅介護支援事業所【居宅介護支援】西宮市石在町11番11-102エトワールアノン102", "url": "https://www.kaigokensaku.mhlw.go.jp/28/index.php?action_kouhyou_detail_004_kani=true&JigyosyoCd=2870902125-00&ServiceCd=430&Type=search", "url2": null }, "geometry": { "type": "Point", "coordinates": [ 135.3425866, 34.7292555 ] } },
{ "type": "Feature", "properties": { "内容": "ケアプランセンター十人十色西宮【居宅介護支援】城ヶ堀町3-17ファインキャッスル1階", "url": "https://www.kaigokensaku.mhlw.go.jp/28/index.php?action_kouhyou_detail_004_kani=true&JigyosyoCd=2870909898-00&ServiceCd=430&Type=search", "url2": "https://toiro.care/" }, "geometry": { "type": "Point", "coordinates": [ 135.3394228, 34.742302 ] } },
{ "type": "Feature", "properties": { "内容": "おりおんケア【居宅介護支援】西宮市津門川町2-12", "url": "https://www.kaigokensaku.mhlw.go.jp/28/index.php?action_kouhyou_detail_004_kani=true&JigyosyoCd=2870904238-00&ServiceCd=430&Type=search", "url2": "https://npopegasus.com/" }, "geometry": { "type": "Point", "coordinates": [ 135.347143475037967, 34.733912060107777 ] } },
{ "type": "Feature", "properties": { "内容": "カノア居宅介護支援事業所【居宅介護支援】山口町上山口3丁目3-11", "url": "https://www.kaigokensaku.mhlw.go.jp/28/index.php?action_kouhyou_detail_004_kani=true&JigyosyoCd=2870909047-00&ServiceCd=430&Type=search", "url2": null }, "geometry": { "type": "Point", "coordinates": [ 135.249719199999987, 34.8275442 ] } },
{ "type": "Feature", "properties": { "内容": "エール居宅介護支援事業所【居宅介護支援】兵庫県西宮市甲子園二番町9番7号", "url": "https://www.kaigokensaku.mhlw.go.jp/28/index.php?action_kouhyou_detail_004_kani=true&JigyosyoCd=2870906829-00&ServiceCd=430&Type=search", "url2": "http://www.yell-kango.com" }, "geometry": { "type": "Point", "coordinates": [ 135.370990099999972, 34.7314557 ] } },
{ "type": "Feature", "properties": { "内容": "共生居宅介護支援事業所【居宅介護支援】兵庫県洲本市物部3-3-8", "url": "https://www.kaigokensaku.mhlw.go.jp/28/index.php?action_kouhyou_detail_004_kani=true&JigyosyoCd=2871500753-00&ServiceCd=430&Type=search", "url2": "http://userweb.awaji-bb.jp/kyosei1950/houkan.html" }, "geometry": { "type": "Point", "coordinates": [ 134.883195699999987, 34.3409982 ] } },
{ "type": "Feature", "properties": { "内容": "高齢者生協ケアステーションひだまり【居宅介護支援】五色町都志253", "url": "https://www.kaigokensaku.mhlw.go.jp/28/index.php?action_kouhyou_detail_004_kani=true&JigyosyoCd=2871500829-00&ServiceCd=430&Type=search", "url2": "http://www.kourei-h.org/" }, "geometry": { "type": "Point", "coordinates": [ 134.784968676807893, 34.414668173041726 ] } },
{ "type": "Feature", "properties": { "内容": "あすなろサポート【居宅介護支援】兵庫県洲本市下内膳163番地2", "url": "https://www.kaigokensaku.mhlw.go.jp/28/index.php?action_kouhyou_detail_004_kani=true&JigyosyoCd=2871501025-00&ServiceCd=430&Type=search", "url2": null }, "geometry": { "type": "Point", "coordinates": [ 134.845801, 34.3417668 ] } },
{ "type": "Feature", "properties": { "内容": "ジャック洲本居宅介護支援事業所【居宅介護支援】兵庫県洲本市中川原町三木田331-1", "url": "https://www.kaigokensaku.mhlw.go.jp/28/index.php?action_kouhyou_detail_004_kani=true&JigyosyoCd=2871501322-00&ServiceCd=430&Type=search", "url2": "https//www.jack0300.co.jp" }, "geometry": { "type": "Point", "coordinates": [ 134.8661338, 34.3599751 ] } },
{ "type": "Feature", "properties": { "内容": "株式会社　戸田薬局【居宅介護支援】兵庫県洲本市物部１丁目７番１１号", "url": "https://www.kaigokensaku.mhlw.go.jp/28/index.php?action_kouhyou_detail_004_kani=true&JigyosyoCd=2841500081-00&ServiceCd=430&Type=search", "url2": null }, "geometry": { "type": "Point", "coordinates": [ 134.886997760713257, 34.340807836776342 ] } },
{ "type": "Feature", "properties": { "内容": "あべいすとケアプランセンター【居宅介護支援】宇原483-2", "url": "https://www.kaigokensaku.mhlw.go.jp/28/index.php?action_kouhyou_detail_004_kani=true&JigyosyoCd=2871501231-00&ServiceCd=430&Type=search", "url2": "http://abeist.jp/" }, "geometry": { "type": "Point", "coordinates": [ 134.8673029, 34.332349 ] } },
{ "type": "Feature", "properties": { "内容": "居宅介護支援事業所あったかプランくにうみ【居宅介護支援】兵庫県洲本市下加茂1-6-6", "url": "https://www.kaigokensaku.mhlw.go.jp/28/index.php?action_kouhyou_detail_004_kani=true&JigyosyoCd=2871501199-00&ServiceCd=430&Type=search", "url2": "http://www.hwc.or.jp/kuniumi/" }, "geometry": { "type": "Point", "coordinates": [ 134.877151499999968, 34.347700100000019 ] } },
{ "type": "Feature", "properties": { "内容": "洲本市在宅介護支援センター　中川原【居宅介護支援】兵庫県洲本市中川原町安坂９８８番地", "url": "https://www.kaigokensaku.mhlw.go.jp/28/index.php?action_kouhyou_detail_004_kani=true&JigyosyoCd=2871500282-00&ServiceCd=430&Type=search", "url2": "http://www.koudoukai.or.jp/sumoto/" }, "geometry": { "type": "Point", "coordinates": [ 134.855582029916974, 34.366290010177529 ] } },
{ "type": "Feature", "properties": { "内容": "居宅介護支援　洲本伊月病院【居宅介護支援】洲本市桑間428", "url": "https://www.kaigokensaku.mhlw.go.jp/28/index.php?action_kouhyou_detail_004_kani=true&JigyosyoCd=2871500803-00&ServiceCd=430&Type=search", "url2": "http://awaji-itsuki.jp/" }, "geometry": { "type": "Point", "coordinates": [ 134.866646700000047, 34.3442836 ] } },
{ "type": "Feature", "properties": { "内容": "ついどはん【居宅介護支援】兵庫県洲本市五色町鮎原下511", "url": "https://www.kaigokensaku.mhlw.go.jp/28/index.php?action_kouhyou_detail_004_kani=true&JigyosyoCd=2871501280-00&ServiceCd=430&Type=search", "url2": null }, "geometry": { "type": "Point", "coordinates": [ 134.828406300000012, 34.4021231 ] } },
{ "type": "Feature", "properties": { "内容": "由良総合福祉センター【居宅介護支援】兵庫県洲本市由良１丁目６番７号", "url": "https://www.kaigokensaku.mhlw.go.jp/28/index.php?action_kouhyou_detail_004_kani=true&JigyosyoCd=2871500084-00&ServiceCd=430&Type=search", "url2": "http://sumoto-tachibana.or.jp" }, "geometry": { "type": "Point", "coordinates": [ 134.945105300000023, 34.287322 ] } },
{ "type": "Feature", "properties": { "内容": "有限会社いきいき居宅介護支援事業所【居宅介護支援】兵庫県洲本市塩屋一丁目１－１７アルチザンクスエア１階", "url": "https://www.kaigokensaku.mhlw.go.jp/28/index.php?action_kouhyou_detail_004_kani=true&JigyosyoCd=2871500373-00&ServiceCd=430&Type=search", "url2": "http://hp.kaipoke.biz/vs3/" }, "geometry": { "type": "Point", "coordinates": [ 134.894233686508159, 34.345704616496874 ] } },
{ "type": "Feature", "properties": { "内容": "このゆびとーまれ淡路【居宅介護支援】兵庫県洲本市物部１丁目11-9", "url": "https://www.kaigokensaku.mhlw.go.jp/28/index.php?action_kouhyou_detail_004_kani=true&JigyosyoCd=2871500746-00&ServiceCd=430&Type=search", "url2": null }, "geometry": { "type": "Point", "coordinates": [ 134.886824923157747, 34.338246225853851 ] } },
{ "type": "Feature", "properties": { "内容": "居宅介護支援事業所みやま【居宅介護支援】兵庫県洲本市五色町広石中90-5洲本市五色地域福祉センター", "url": "https://www.kaigokensaku.mhlw.go.jp/28/index.php?action_kouhyou_detail_004_kani=true&JigyosyoCd=2871500910-00&ServiceCd=430&Type=search", "url2": "https://www.sumoto-wel.or.jp/" }, "geometry": { "type": "Point", "coordinates": [ 134.7968995, 34.3767181 ] } },
{ "type": "Feature", "properties": { "内容": "居宅介護支援事業所tak【居宅介護支援】兵庫県洲本市宇原2282番地", "url": "https://www.kaigokensaku.mhlw.go.jp/28/index.php?action_kouhyou_detail_004_kani=true&JigyosyoCd=2871501249-00&ServiceCd=430&Type=search", "url2": null }, "geometry": { "type": "Point", "coordinates": [ 134.8669193, 34.32969640000001 ] } },
{ "type": "Feature", "properties": { "内容": "居宅介護支援事業所桜ヶ丘【居宅介護支援】兵庫県洲本市中川原町中川原222-2中川原高齢者・障がい者地域ふれあいセンター", "url": "https://www.kaigokensaku.mhlw.go.jp/28/index.php?action_kouhyou_detail_004_kani=true&JigyosyoCd=2871500878-00&ServiceCd=430&Type=search", "url2": "http://hyoufuku.main.jp/" }, "geometry": { "type": "Point", "coordinates": [ 134.8714599, 34.370181 ] } },
{ "type": "Feature", "properties": { "内容": "有限会社アワジケアセンター【居宅介護支援】洲本市桑間274－1", "url": "https://www.kaigokensaku.mhlw.go.jp/28/index.php?action_kouhyou_detail_004_kani=true&JigyosyoCd=2871500142-00&ServiceCd=430&Type=search", "url2": null }, "geometry": { "type": "Point", "coordinates": [ 134.87196824141688, 34.344854532650366 ] } },
{ "type": "Feature", "properties": { "内容": "洲本市国民健康保険五色診療所【居宅介護支援】兵庫県洲本市五色町都志大日707番地", "url": "https://www.kaigokensaku.mhlw.go.jp/28/index.php?action_kouhyou_detail_004_kani=true&JigyosyoCd=2811501218-00&ServiceCd=430&Type=search", "url2": null }, "geometry": { "type": "Point", "coordinates": [ 134.788679047082496, 34.4047168826215 ] } },
{ "type": "Feature", "properties": { "内容": "豊生ケアサービス介護支援事業所【居宅介護支援】兵庫県洲本市本町7丁目4番40号", "url": "https://www.kaigokensaku.mhlw.go.jp/28/index.php?action_kouhyou_detail_004_kani=true&JigyosyoCd=2871500258-00&ServiceCd=430&Type=search", "url2": "http://housei-care.com/" }, "geometry": { "type": "Point", "coordinates": [ 134.891886699999986, 34.3421594 ] } },
{ "type": "Feature", "properties": { "内容": "出会いの家本町【居宅介護支援】兵庫県洲本市本町八丁目8-6番所マンション", "url": "https://www.kaigokensaku.mhlw.go.jp/28/index.php?action_kouhyou_detail_004_kani=true&JigyosyoCd=2871500845-00&ServiceCd=430&Type=search", "url2": null }, "geometry": { "type": "Point", "coordinates": [ 134.889459432324202, 34.340225119271466 ] } },
{ "type": "Feature", "properties": { "内容": "吉田麻希社会福祉士事務所【居宅介護支援】兵庫県洲本市物部1丁目3番20号", "url": "https://www.kaigokensaku.mhlw.go.jp/28/index.php?action_kouhyou_detail_004_kani=true&JigyosyoCd=2871501215-00&ServiceCd=430&Type=search", "url2": null }, "geometry": { "type": "Point", "coordinates": [ 134.887318599999958, 34.3396985 ] } },
{ "type": "Feature", "properties": { "内容": "在宅ケアサービス　ソラスト芦屋【居宅介護支援】兵庫県芦屋市公光町7-10芦屋イシカワビル302号室", "url": "https://www.kaigokensaku.mhlw.go.jp/28/index.php?action_kouhyou_detail_004_kani=true&JigyosyoCd=2871001620-00&ServiceCd=430&Type=search", "url2": "https://solasto-kaigo.com/care/area/solastoashiya.html" }, "geometry": { "type": "Point", "coordinates": [ 135.304117899999937, 34.7287078 ] } },
{ "type": "Feature", "properties": { "内容": "あしや聖徳園介護支援センター【居宅介護支援】芦屋市朝日ヶ丘町６-９1階", "url": "https://www.kaigokensaku.mhlw.go.jp/28/index.php?action_kouhyou_detail_004_kani=true&JigyosyoCd=2871000051-00&ServiceCd=430&Type=search", "url2": "http://www.shotokuen.or.jp/" }, "geometry": { "type": "Point", "coordinates": [ 135.306510912823285, 34.743462128932954 ] } },
{ "type": "Feature", "properties": { "内容": "マストケアセンター芦屋【居宅介護支援】芦屋市宮塚町1-8", "url": "https://www.kaigokensaku.mhlw.go.jp/28/index.php?action_kouhyou_detail_004_kani=true&JigyosyoCd=2871000366-00&ServiceCd=430&Type=search", "url2": "https://mastocare.net/" }, "geometry": { "type": "Point", "coordinates": [ 135.30914311763209, 34.732601187569884 ] } },
{ "type": "Feature", "properties": { "内容": "ベネッセ介護センター阪神芦屋【居宅介護支援】兵庫県芦屋市川西町７－１５リハビリホームくらら芦屋内", "url": "https://www.kaigokensaku.mhlw.go.jp/28/index.php?action_kouhyou_detail_004_kani=true&JigyosyoCd=2871000754-00&ServiceCd=430&Type=search", "url2": "http://www.benesse-style-care.co.jp" }, "geometry": { "type": "Point", "coordinates": [ 135.2997322, 34.729055 ] } },
{ "type": "Feature", "properties": { "内容": "あんずケアセンター【居宅介護支援】兵庫県芦屋市宮川町2-11芦屋セントラル１０１号", "url": "https://www.kaigokensaku.mhlw.go.jp/28/index.php?action_kouhyou_detail_004_kani=true&JigyosyoCd=2871001406-00&ServiceCd=430&Type=search", "url2": null }, "geometry": { "type": "Point", "coordinates": [ 135.311056099999973, 34.729841 ] } },
{ "type": "Feature", "properties": { "内容": "介護サービス　ユアサイド【居宅介護支援】兵庫県芦屋市高浜町5番2-224号", "url": "https://www.kaigokensaku.mhlw.go.jp/28/index.php?action_kouhyou_detail_004_kani=true&JigyosyoCd=2871001893-00&ServiceCd=430&Type=search", "url2": "https://www.kaigo-yourside.com" }, "geometry": { "type": "Point", "coordinates": [ 135.317517197622692, 34.72110742582732 ] } },
{ "type": "Feature", "properties": { "内容": "羽衣ケアプランセンター芦屋【居宅介護支援】兵庫県芦屋市楠町15-7M3ビル2F", "url": "https://www.kaigokensaku.mhlw.go.jp/28/index.php?action_kouhyou_detail_004_kani=true&JigyosyoCd=2871001927-00&ServiceCd=430&Type=search", "url2": "https://baby-leaf.co.jp/?page＿id=2842" }, "geometry": { "type": "Point", "coordinates": [ 135.3195933, 34.7353799 ] } },
{ "type": "Feature", "properties": { "内容": "ニチイケアセンター芦屋【居宅介護支援】兵庫県芦屋市大原町12-16サンライズ芦屋１０２号", "url": "https://www.kaigokensaku.mhlw.go.jp/28/index.php?action_kouhyou_detail_004_kani=true&JigyosyoCd=2871000135-00&ServiceCd=430&Type=search", "url2": "http//www.nichiigakkan.co.jp" }, "geometry": { "type": "Point", "coordinates": [ 135.3085145, 34.7371487 ] } },
{ "type": "Feature", "properties": { "内容": "ニコニコ介護【居宅介護支援】兵庫県芦屋市上宮川町5-2", "url": "https://www.kaigokensaku.mhlw.go.jp/28/index.php?action_kouhyou_detail_004_kani=true&JigyosyoCd=2871000291-00&ServiceCd=430&Type=search", "url2": null }, "geometry": { "type": "Point", "coordinates": [ 135.308934, 34.7341379 ] } },
{ "type": "Feature", "properties": { "内容": "居宅介護支援事業所　にじのすず【居宅介護支援】兵庫県芦屋市浜町３番４－１０２号", "url": "https://www.kaigokensaku.mhlw.go.jp/28/index.php?action_kouhyou_detail_004_kani=true&JigyosyoCd=2871000697-00&ServiceCd=430&Type=search", "url2": "http://www.nijinosuzu.co.jp" }, "geometry": { "type": "Point", "coordinates": [ 135.317064528140634, 34.730164824637136 ] } },
{ "type": "Feature", "properties": { "内容": "高齢者総合福祉施設　愛しや【居宅介護支援】兵庫県芦屋市浜風町３１－３", "url": "https://www.kaigokensaku.mhlw.go.jp/28/index.php?action_kouhyou_detail_004_kani=true&JigyosyoCd=2871000846-00&ServiceCd=430&Type=search", "url2": "http://meirinfukushi.or.jp/ashiya/" }, "geometry": { "type": "Point", "coordinates": [ 135.321221799999989, 34.7181227 ] } },
{ "type": "Feature", "properties": { "内容": "ロジケアあしや【居宅介護支援】兵庫県芦屋市大原町4番10号", "url": "https://www.kaigokensaku.mhlw.go.jp/28/index.php?action_kouhyou_detail_004_kani=true&JigyosyoCd=2871000861-00&ServiceCd=430&Type=search", "url2": "http://www.logicare.co.jp" }, "geometry": { "type": "Point", "coordinates": [ 135.310139854583781, 34.735873590388294 ] } },
{ "type": "Feature", "properties": { "内容": "シティインデックスホスピタリティ芦屋居宅介護支援事業所【居宅介護支援】兵庫県芦屋市海洋町12番3号ザ・レジデンス芦屋スイート", "url": "https://www.kaigokensaku.mhlw.go.jp/28/index.php?action_kouhyou_detail_004_kani=true&JigyosyoCd=2871001075-00&ServiceCd=430&Type=search", "url2": null }, "geometry": { "type": "Point", "coordinates": [ 135.321541199999956, 34.7136036 ] } },
{ "type": "Feature", "properties": { "内容": "桜十字ケアプランセンター芦屋【居宅介護支援】兵庫県芦屋市朝日ヶ丘町8－23", "url": "https://www.kaigokensaku.mhlw.go.jp/28/index.php?action_kouhyou_detail_004_kani=true&JigyosyoCd=2871001729-00&ServiceCd=430&Type=search", "url2": null }, "geometry": { "type": "Point", "coordinates": [ 135.305412, 34.7461103 ] } },
{ "type": "Feature", "properties": { "内容": "芦屋ハートフル居宅介護支援事業所【居宅介護支援】兵庫県芦屋市精道町８－２０芦屋市分庁舎３階", "url": "https://www.kaigokensaku.mhlw.go.jp/28/index.php?action_kouhyou_detail_004_kani=true&JigyosyoCd=2871001786-00&ServiceCd=430&Type=search", "url2": "https://ashiya-shakyo.com/" }, "geometry": { "type": "Point", "coordinates": [ 135.304722687696881, 34.726393807312604 ] } },
{ "type": "Feature", "properties": { "内容": "あしや喜楽苑居宅介護支援事業所【居宅介護支援】芦屋市潮見町31-1", "url": "https://www.kaigokensaku.mhlw.go.jp/28/index.php?action_kouhyou_detail_004_kani=true&JigyosyoCd=2871000077-00&ServiceCd=430&Type=search", "url2": "http://www.kirakuen.or.jp" }, "geometry": { "type": "Point", "coordinates": [ 135.306190099999981, 34.7161867 ] } },
{ "type": "Feature", "properties": { "内容": "ケアーコミュニケーションズ芦屋【居宅介護支援】兵庫県　芦屋市　船戸町　３－２４－１　ＭＴビル　２０２号", "url": "https://www.kaigokensaku.mhlw.go.jp/28/index.php?action_kouhyou_detail_004_kani=true&JigyosyoCd=2871000242-00&ServiceCd=430&Type=search", "url2": null }, "geometry": { "type": "Point", "coordinates": [ 135.305565158899753, 34.734976081593203 ] } },
{ "type": "Feature", "properties": { "内容": "介護サービスフォーユー【居宅介護支援】芦屋市打出小槌町8番15号打出小槌ビル1F西", "url": "https://www.kaigokensaku.mhlw.go.jp/28/index.php?action_kouhyou_detail_004_kani=true&JigyosyoCd=2871000416-00&ServiceCd=430&Type=search", "url2": "http://www.kaigo-foryou.co.jp" }, "geometry": { "type": "Point", "coordinates": [ 135.313003033065797, 34.731461687612111 ] } },
{ "type": "Feature", "properties": { "内容": "アクティブライフ芦屋【居宅介護支援】芦屋市岩園町１１－１５", "url": "https://www.kaigokensaku.mhlw.go.jp/28/index.php?action_kouhyou_detail_004_kani=true&JigyosyoCd=2871000457-00&ServiceCd=430&Type=search", "url2": "https://www.activelife.co.jp" }, "geometry": { "type": "Point", "coordinates": [ 135.313533399999983, 34.7428232 ] } },
{ "type": "Feature", "properties": { "内容": "メイプル【居宅介護支援】兵庫県芦屋市春日町１７－１２１階", "url": "https://www.kaigokensaku.mhlw.go.jp/28/index.php?action_kouhyou_detail_004_kani=true&JigyosyoCd=2871001133-00&ServiceCd=430&Type=search", "url2": "http://www.comcare.co.jp" }, "geometry": { "type": "Point", "coordinates": [ 135.319414721753901, 34.73301438749607 ] } },
{ "type": "Feature", "properties": { "内容": "まごころ居宅介護支援事業所【居宅介護支援】兵庫県芦屋市陽光町4-58シニアライフパレス潮芦屋", "url": "https://www.kaigokensaku.mhlw.go.jp/28/index.php?action_kouhyou_detail_004_kani=true&JigyosyoCd=2871001265-00&ServiceCd=430&Type=search", "url2": "http://medicare-planning.jp/seniorlifepalace/index.php" }, "geometry": { "type": "Point", "coordinates": [ 135.314733599999954, 34.7136814 ] } },
{ "type": "Feature", "properties": { "内容": "エニシング・ケアサポート【居宅介護支援】兵庫県芦屋市月若町7番19号ルナメゾン芦屋103号室", "url": "https://www.kaigokensaku.mhlw.go.jp/28/index.php?action_kouhyou_detail_004_kani=true&JigyosyoCd=2871001612-00&ServiceCd=430&Type=search", "url2": null }, "geometry": { "type": "Point", "coordinates": [ 135.2990341, 34.7353837 ] } },
{ "type": "Feature", "properties": { "内容": "医療法人　昭圭会　南芦屋浜病院　居宅介護支援事業所【居宅介護支援】芦屋市陽光町３番２１号", "url": "https://www.kaigokensaku.mhlw.go.jp/28/index.php?action_kouhyou_detail_004_kani=true&JigyosyoCd=2811002118-00&ServiceCd=430&Type=search", "url2": "http://s-ashiyahama-hp.or.jp" }, "geometry": { "type": "Point", "coordinates": [ 135.31406979999997, 34.7128676 ] } },
{ "type": "Feature", "properties": { "内容": "居宅介護支援事業所エルホーム芦屋【居宅介護支援】芦屋市浜町１２番３号", "url": "https://www.kaigokensaku.mhlw.go.jp/28/index.php?action_kouhyou_detail_004_kani=true&JigyosyoCd=2871000085-00&ServiceCd=430&Type=search", "url2": "http://ellehome.jp/" }, "geometry": { "type": "Point", "coordinates": [ 135.31668609999997, 34.7259608 ] } },
{ "type": "Feature", "properties": { "内容": "さくらいろ居宅介護支援事業所【居宅介護支援】伊丹市昆陽5-200-2コープ野村伊丹昆陽D-304", "url": "https://www.kaigokensaku.mhlw.go.jp/28/index.php?action_kouhyou_detail_004_kani=true&JigyosyoCd=2873301994-00&ServiceCd=430&Type=search", "url2": "sakurairo2873301994@gmail.com" }, "geometry": { "type": "Point", "coordinates": [ 135.394981220255062, 34.780306214185281 ] } },
{ "type": "Feature", "properties": { "内容": "有限会社よしみコーポレーション【居宅介護支援】西台1丁目7-10アイビーコート601", "url": "https://www.kaigokensaku.mhlw.go.jp/28/index.php?action_kouhyou_detail_004_kani=true&JigyosyoCd=2873300798-00&ServiceCd=430&Type=search", "url2": null }, "geometry": { "type": "Point", "coordinates": [ 135.4116573, 34.7803955 ] } },
{ "type": "Feature", "properties": { "内容": "エイド北摂居宅介護支援事業所【居宅介護支援】兵庫県伊丹市荒牧南３丁目６番３５号", "url": "https://www.kaigokensaku.mhlw.go.jp/28/index.php?action_kouhyou_detail_004_kani=true&JigyosyoCd=2873301614-00&ServiceCd=430&Type=search", "url2": "hokusetu-fukusi.co.jp" }, "geometry": { "type": "Point", "coordinates": [ 135.383492519204765, 34.807538077975529 ] } },
{ "type": "Feature", "properties": { "内容": "ケアヴィラ伊丹居宅介護支援事業所【居宅介護支援】伊丹市大野１－３－２", "url": "https://www.kaigokensaku.mhlw.go.jp/28/index.php?action_kouhyou_detail_004_kani=true&JigyosyoCd=2873300855-00&ServiceCd=430&Type=search", "url2": "http://carevilla.com/itami/" }, "geometry": { "type": "Point", "coordinates": [ 135.401058, 34.8046759 ] } },
{ "type": "Feature", "properties": { "内容": "居宅介護支援事業所　はる和い【居宅介護支援】兵庫県伊丹市春日丘2丁目56番地3", "url": "https://www.kaigokensaku.mhlw.go.jp/28/index.php?action_kouhyou_detail_004_kani=true&JigyosyoCd=2873301093-00&ServiceCd=430&Type=search", "url2": null }, "geometry": { "type": "Point", "coordinates": [ 135.412865399999987, 34.7883501 ] } },
{ "type": "Feature", "properties": { "内容": "居宅介護支援事業所　カモミール【居宅介護支援】兵庫県伊丹市西野1丁目77-1　1Ｆ", "url": "https://www.kaigokensaku.mhlw.go.jp/28/index.php?action_kouhyou_detail_004_kani=true&JigyosyoCd=2873301234-00&ServiceCd=430&Type=search", "url2": null }, "geometry": { "type": "Point", "coordinates": [ 135.381377490807381, 34.788826837701201 ] } },
{ "type": "Feature", "properties": { "内容": "やさしい手伊丹ケアプランセンター【居宅介護支援】兵庫県伊丹市森本２－１４６インペリアル高山", "url": "https://www.kaigokensaku.mhlw.go.jp/28/index.php?action_kouhyou_detail_004_kani=true&JigyosyoCd=2873302182-00&ServiceCd=430&Type=search", "url2": "yasashiiteitamicareplan@gmail.com" }, "geometry": { "type": "Point", "coordinates": [ 135.432722, 34.7823817 ] } },
{ "type": "Feature", "properties": { "内容": "居宅介護支援事業所つぼみ【居宅介護支援】伊丹市野間２丁目７－４３セントラルハイツ富士Ⅱ１０５", "url": "https://www.kaigokensaku.mhlw.go.jp/28/index.php?action_kouhyou_detail_004_kani=true&JigyosyoCd=2873302216-00&ServiceCd=430&Type=search", "url2": null }, "geometry": { "type": "Point", "coordinates": [ 135.395942699999978, 34.7655416 ] } },
{ "type": "Feature", "properties": { "内容": "あまはん介護・社会福祉士事務所【居宅介護支援】兵庫県伊丹市野間北３丁目３番１６号", "url": "https://www.kaigokensaku.mhlw.go.jp/28/index.php?action_kouhyou_detail_004_kani=true&JigyosyoCd=2873302505-00&ServiceCd=430&Type=search", "url2": null }, "geometry": { "type": "Point", "coordinates": [ 135.3958093, 34.7683469 ] } },
{ "type": "Feature", "properties": { "内容": "SOMPOケア伊丹北居宅介護支援【居宅介護支援】兵庫県伊丹市荒牧南2-8-5", "url": "https://www.kaigokensaku.mhlw.go.jp/28/index.php?action_kouhyou_detail_004_kani=true&JigyosyoCd=2873302653-00&ServiceCd=430&Type=search", "url2": null }, "geometry": { "type": "Point", "coordinates": [ 135.382375200000013, 34.8057145 ] } },
{ "type": "Feature", "properties": { "内容": "エービーシーケアセンター伊丹【居宅介護支援】兵庫県伊丹市稲野町6-86　２階", "url": "https://www.kaigokensaku.mhlw.go.jp/28/index.php?action_kouhyou_detail_004_kani=true&JigyosyoCd=2873302810-00&ServiceCd=430&Type=search", "url2": "http//abc-cc.jp" }, "geometry": { "type": "Point", "coordinates": [ 135.411857359782545, 34.762749626916033 ] } },
{ "type": "Feature", "properties": { "内容": "ありがとう居宅介護支援事業所【居宅介護支援】兵庫県伊丹市南野北3-6-15", "url": "https://www.kaigokensaku.mhlw.go.jp/28/index.php?action_kouhyou_detail_004_kani=true&JigyosyoCd=2873303198-00&ServiceCd=430&Type=search", "url2": null }, "geometry": { "type": "Point", "coordinates": [ 135.400967, 34.7696329 ] } },
{ "type": "Feature", "properties": { "内容": "ぶどうの木居宅介護支援事業所【居宅介護支援】兵庫県伊丹市荒牧三丁目7番28号ヴェール伊丹C212号室", "url": "https://www.kaigokensaku.mhlw.go.jp/28/index.php?action_kouhyou_detail_004_kani=true&JigyosyoCd=2873303735-00&ServiceCd=430&Type=search", "url2": null }, "geometry": { "type": "Point", "coordinates": [ 135.3797103, 34.8108375 ] } },
{ "type": "Feature", "properties": { "内容": "ケアオフィス　リブレ【居宅介護支援】兵庫県伊丹市荻野1丁目28-3イーストソレイユ荻野Ⅱ102号", "url": "https://www.kaigokensaku.mhlw.go.jp/28/index.php?action_kouhyou_detail_004_kani=true&JigyosyoCd=2873303925-00&ServiceCd=430&Type=search", "url2": "https://kaigo-librecareplan.my.canva.site/ma-libre" }, "geometry": { "type": "Point", "coordinates": [ 135.39641180000001, 34.8010285 ] } },
{ "type": "Feature", "properties": { "内容": "伸幸苑居宅介護支援事業所【居宅介護支援】伊丹市寺本６丁目１５０番地", "url": "https://www.kaigokensaku.mhlw.go.jp/28/index.php?action_kouhyou_detail_004_kani=true&JigyosyoCd=2873300020-00&ServiceCd=430&Type=search", "url2": "http://shinkoen.jp/" }, "geometry": { "type": "Point", "coordinates": [ 135.387137700000039, 34.7807649 ] } },
{ "type": "Feature", "properties": { "内容": "医療法人社団温新会コンスウェル【居宅介護支援】兵庫県伊丹市中野西2-207", "url": "https://www.kaigokensaku.mhlw.go.jp/28/index.php?action_kouhyou_detail_004_kani=true&JigyosyoCd=2873300053-00&ServiceCd=430&Type=search", "url2": "http://www.onsinkai.jp" }, "geometry": { "type": "Point", "coordinates": [ 135.384343199999989, 34.7921106 ] } },
{ "type": "Feature", "properties": { "内容": "伊丹市荒牧居宅介護支援事業所【居宅介護支援】伊丹市荒牧5丁目16-27", "url": "https://www.kaigokensaku.mhlw.go.jp/28/index.php?action_kouhyou_detail_004_kani=true&JigyosyoCd=2873300095-00&ServiceCd=430&Type=search", "url2": "http://jigyoudan-itami-hyogo.jp/" }, "geometry": { "type": "Point", "coordinates": [ 135.385375899999985, 34.8101363 ] } },
{ "type": "Feature", "properties": { "内容": "在宅複合型施設ぐろ～りあ【居宅介護支援】兵庫県伊丹市北園１丁目１９番１号", "url": "https://www.kaigokensaku.mhlw.go.jp/28/index.php?action_kouhyou_detail_004_kani=true&JigyosyoCd=2873300319-00&ServiceCd=430&Type=search", "url2": "http://helkyo.com" }, "geometry": { "type": "Point", "coordinates": [ 135.416117799999938, 34.792719 ] } },
{ "type": "Feature", "properties": { "内容": "あそか苑居宅介護支援事業所【居宅介護支援】兵庫県伊丹市瑞穂町6-46", "url": "https://www.kaigokensaku.mhlw.go.jp/28/index.php?action_kouhyou_detail_004_kani=true&JigyosyoCd=2873300442-00&ServiceCd=430&Type=search", "url2": "http://www.asokaen.or.jp" }, "geometry": { "type": "Point", "coordinates": [ 135.402574024311917, 34.791502939767739 ] } },
{ "type": "Feature", "properties": { "内容": "愛ケアセンター【居宅介護支援】兵庫県伊丹市寺本5－35", "url": "https://www.kaigokensaku.mhlw.go.jp/28/index.php?action_kouhyou_detail_004_kani=true&JigyosyoCd=2873300566-00&ServiceCd=430&Type=search", "url2": "http://www.aicare-center-itami.com/" }, "geometry": { "type": "Point", "coordinates": [ 135.387047584655789, 34.778737130620357 ] } },
{ "type": "Feature", "properties": { "内容": "居宅介護支援事業所　ゆずりは【居宅介護支援】兵庫県伊丹市中央5丁目4-9エクセル中央406号", "url": "https://www.kaigokensaku.mhlw.go.jp/28/index.php?action_kouhyou_detail_004_kani=true&JigyosyoCd=2873301028-00&ServiceCd=430&Type=search", "url2": "http://www.yuzuriha.co.jp" }, "geometry": { "type": "Point", "coordinates": [ 135.417200653828445, 34.777462368056504 ] } },
{ "type": "Feature", "properties": { "内容": "グリーンアルス伊丹居宅介護支援事業所【居宅介護支援】伊丹市西野3丁目240", "url": "https://www.kaigokensaku.mhlw.go.jp/28/index.php?action_kouhyou_detail_004_kani=true&JigyosyoCd=2873301085-00&ServiceCd=430&Type=search", "url2": "http://www.ryokushinkai.jp/" }, "geometry": { "type": "Point", "coordinates": [ 135.375431684655723, 34.790812378088035 ] } },
{ "type": "Feature", "properties": { "内容": "アトズライフ伊丹ケアプランセンター【居宅介護支援】伊丹市安堂寺町2-12アトズスクエア２０２号室", "url": "https://www.kaigokensaku.mhlw.go.jp/28/index.php?action_kouhyou_detail_004_kani=true&JigyosyoCd=2873302299-00&ServiceCd=430&Type=search", "url2": "http://hp.kaipoke.biz/35r/" }, "geometry": { "type": "Point", "coordinates": [ 135.4114687, 34.7622115 ] } },
{ "type": "Feature", "properties": { "内容": "居宅介護支援事業所　ケアサポートモリ【居宅介護支援】兵庫県伊丹市南野１丁目４－３０", "url": "https://www.kaigokensaku.mhlw.go.jp/28/index.php?action_kouhyou_detail_004_kani=true&JigyosyoCd=2873302679-00&ServiceCd=430&Type=search", "url2": "http://www.care-mori.com/blank-4" }, "geometry": { "type": "Point", "coordinates": [ 135.408771699999988, 34.7668138 ] } },
{ "type": "Feature", "properties": { "内容": "カインズケア【居宅介護支援】兵庫県池伊丹市山田３丁目１－３２吉田ハイツ１０１", "url": "https://www.kaigokensaku.mhlw.go.jp/28/index.php?action_kouhyou_detail_004_kani=true&JigyosyoCd=2873302703-00&ServiceCd=430&Type=search", "url2": "http://www.kindscare2013.com" }, "geometry": { "type": "Point", "coordinates": [ 135.389211499999988, 34.7716314 ] } },
{ "type": "Feature", "properties": { "内容": "ケアプランスイッチオン伊丹　居宅介護支援事業所【居宅介護支援】兵庫県伊丹市鴻池６丁目3-2-1", "url": "https://www.kaigokensaku.mhlw.go.jp/28/index.php?action_kouhyou_detail_004_kani=true&JigyosyoCd=2873303099-00&ServiceCd=430&Type=search", "url2": "http：//switchon-service.co.jp/" }, "geometry": { "type": "Point", "coordinates": [ 135.386041220376597, 34.799035534676385 ] } },
{ "type": "Feature", "properties": { "内容": "ちえの和ケアプランセンター【居宅介護支援】兵庫県伊丹市鴻池5丁目6番6号", "url": "https://www.kaigokensaku.mhlw.go.jp/28/index.php?action_kouhyou_detail_004_kani=true&JigyosyoCd=2873303420-00&ServiceCd=430&Type=search", "url2": "chienowa.c＠outlook.jp" }, "geometry": { "type": "Point", "coordinates": [ 135.3887317, 34.801746100000031 ] } },
{ "type": "Feature", "properties": { "内容": "ケアハイツいたみ居宅介護支援事業所【居宅介護支援】兵庫県伊丹市中野西1丁目141番地", "url": "https://www.kaigokensaku.mhlw.go.jp/28/index.php?action_kouhyou_detail_004_kani=true&JigyosyoCd=2873303503-00&ServiceCd=430&Type=search", "url2": "http://jigyoudan-itami-hyogo.jp/" }, "geometry": { "type": "Point", "coordinates": [ 135.384845155155972, 34.78750453706472 ] } },
{ "type": "Feature", "properties": { "内容": "リンクケアプランセンター伊丹【居宅介護支援】兵庫県伊丹市池尻一丁目１２KT－１　伊丹２階", "url": "https://www.kaigokensaku.mhlw.go.jp/28/index.php?action_kouhyou_detail_004_kani=true&JigyosyoCd=2873303776-00&ServiceCd=430&Type=search", "url2": "https://hcl-hanshin.com" }, "geometry": { "type": "Point", "coordinates": [ 135.3841217, 34.7739123 ] } },
{ "type": "Feature", "properties": { "内容": "介護老人保健施設　伊丹ゆうあい　居宅介護支援事業所【居宅介護支援】兵庫県伊丹市荒牧６丁目１６－２", "url": "https://www.kaigokensaku.mhlw.go.jp/28/index.php?action_kouhyou_detail_004_kani=true&JigyosyoCd=2853380042-00&ServiceCd=430&Type=search", "url2": "http://www.syb.e-doctor.inho/seishoukai" }, "geometry": { "type": "Point", "coordinates": [ 135.387653399999977, 34.8123583 ] } },
{ "type": "Feature", "properties": { "内容": "協同の苑　ケイ・メゾンときめき居宅介護支援【居宅介護支援】兵庫県伊丹市森本１－８－１９", "url": "https://www.kaigokensaku.mhlw.go.jp/28/index.php?action_kouhyou_detail_004_kani=true&JigyosyoCd=2873300012-00&ServiceCd=430&Type=search", "url2": "http://www.kyodo-no-sono.or.jp" }, "geometry": { "type": "Point", "coordinates": [ 135.429252799999972, 34.7789376 ] } },
{ "type": "Feature", "properties": { "内容": "アール・サポートセンター【居宅介護支援】兵庫県伊丹市行基町4丁目55番地", "url": "https://www.kaigokensaku.mhlw.go.jp/28/index.php?action_kouhyou_detail_004_kani=true&JigyosyoCd=2873300145-00&ServiceCd=430&Type=search", "url2": "https://aresupport.jp/" }, "geometry": { "type": "Point", "coordinates": [ 135.408329900000012, 34.7771042 ] } },
{ "type": "Feature", "properties": { "内容": "ハッピー介護センター【居宅介護支援】伊丹市御願塚８丁目10番6号", "url": "https://www.kaigokensaku.mhlw.go.jp/28/index.php?action_kouhyou_detail_004_kani=true&JigyosyoCd=2873300525-00&ServiceCd=430&Type=search", "url2": "http://www.happy-corporation.jp" }, "geometry": { "type": "Point", "coordinates": [ 135.409482700000012, 34.7658111 ] } },
{ "type": "Feature", "properties": { "内容": "オアシス千歳　居宅介護支援事業所【居宅介護支援】兵庫県伊丹市中央４丁目５番６号", "url": "https://www.kaigokensaku.mhlw.go.jp/28/index.php?action_kouhyou_detail_004_kani=true&JigyosyoCd=2873300780-00&ServiceCd=430&Type=search", "url2": "http://ja-oasis.com" }, "geometry": { "type": "Point", "coordinates": [ 135.415831799999978, 34.7782846 ] } },
{ "type": "Feature", "properties": { "内容": "阪神ライフサポート【居宅介護支援】兵庫県伊丹市鈴原町５丁目２６番地５", "url": "https://www.kaigokensaku.mhlw.go.jp/28/index.php?action_kouhyou_detail_004_kani=true&JigyosyoCd=2873300947-00&ServiceCd=430&Type=search", "url2": null }, "geometry": { "type": "Point", "coordinates": [ 135.405530427612689, 34.773587968010659 ] } },
{ "type": "Feature", "properties": { "内容": "株式会社　恵友会　シエールケアプランセンター【居宅介護支援】兵庫県伊丹市南本町3-1-7ウィズ新伊丹１Ｆ", "url": "https://www.kaigokensaku.mhlw.go.jp/28/index.php?action_kouhyou_detail_004_kani=true&JigyosyoCd=2873301408-00&ServiceCd=430&Type=search", "url2": null }, "geometry": { "type": "Point", "coordinates": [ 135.4184315, 34.7745101 ] } },
{ "type": "Feature", "properties": { "内容": "SAIYOケアプラン【居宅介護支援】西台4-6-26", "url": "https://www.kaigokensaku.mhlw.go.jp/28/index.php?action_kouhyou_detail_004_kani=true&JigyosyoCd=2873302281-00&ServiceCd=430&Type=search", "url2": null }, "geometry": { "type": "Point", "coordinates": [ 135.411765942297393, 34.778962710553209 ] } },
{ "type": "Feature", "properties": { "内容": "ウェルフェアー千僧居宅介護支援事業所【居宅介護支援】伊丹市千僧５丁目ー１３９", "url": "https://www.kaigokensaku.mhlw.go.jp/28/index.php?action_kouhyou_detail_004_kani=true&JigyosyoCd=2873302489-00&ServiceCd=430&Type=search", "url2": "http://www.wel-fare.co.jp" }, "geometry": { "type": "Point", "coordinates": [ 135.405002400000058, 34.7825758 ] } },
{ "type": "Feature", "properties": { "内容": "居宅介護支援事業所　心【居宅介護支援】稲野町1丁目16－2", "url": "https://www.kaigokensaku.mhlw.go.jp/28/index.php?action_kouhyou_detail_004_kani=true&JigyosyoCd=2873302950-00&ServiceCd=430&Type=search", "url2": null }, "geometry": { "type": "Point", "coordinates": [ 135.416051399999986, 34.7661972 ] } },
{ "type": "Feature", "properties": { "内容": "ケアプランセンターつねおか【居宅介護支援】兵庫県伊丹市西台1丁目5番12号浜田ビル", "url": "https://www.kaigokensaku.mhlw.go.jp/28/index.php?action_kouhyou_detail_004_kani=true&JigyosyoCd=2873303008-00&ServiceCd=430&Type=search", "url2": "http://tsuneoka-h.or.jp" }, "geometry": { "type": "Point", "coordinates": [ 135.412430024536917, 34.779393828477488 ] } },
{ "type": "Feature", "properties": { "内容": "あい居宅介護支援事業所【居宅介護支援】兵庫県伊丹市千僧２丁目９－７", "url": "https://www.kaigokensaku.mhlw.go.jp/28/index.php?action_kouhyou_detail_004_kani=true&JigyosyoCd=2873303248-00&ServiceCd=430&Type=search", "url2": "http://nhomei.com/" }, "geometry": { "type": "Point", "coordinates": [ 135.402944199999979, 34.7863976 ] } },
{ "type": "Feature", "properties": { "内容": "アナザースカイケアプランセンター【居宅介護支援】兵庫県伊丹市山田1丁目4-10ﾋﾞｭｰﾗｰMITA301号", "url": "https://www.kaigokensaku.mhlw.go.jp/28/index.php?action_kouhyou_detail_004_kani=true&JigyosyoCd=2873303263-00&ServiceCd=430&Type=search", "url2": null }, "geometry": { "type": "Point", "coordinates": [ 135.390087599999987, 34.7734102 ] } },
{ "type": "Feature", "properties": { "内容": "sotto伊丹【居宅介護支援】伊丹市船原2丁目4－29", "url": "https://www.kaigokensaku.mhlw.go.jp/28/index.php?action_kouhyou_detail_004_kani=true&JigyosyoCd=2873303297-00&ServiceCd=430&Type=search", "url2": "http://www.arataka.co.jp" }, "geometry": { "type": "Point", "coordinates": [ 135.410282400000028, 34.7824092 ] } },
{ "type": "Feature", "properties": { "内容": "医療法人社団　星晶会　あお空居宅介護支援事業所【居宅介護支援】兵庫県伊丹市桜ヶ丘1丁目3番23号", "url": "https://www.kaigokensaku.mhlw.go.jp/28/index.php?action_kouhyou_detail_004_kani=true&JigyosyoCd=2873303594-00&ServiceCd=430&Type=search", "url2": "https://seishokai-gr.or.jp/facility" }, "geometry": { "type": "Point", "coordinates": [ 135.410371199999986, 34.7837807 ] } },
{ "type": "Feature", "properties": { "内容": "アップケアセンター【居宅介護支援】兵庫県伊丹市瑞ケ丘４丁目１３－１グランドハイツ栄伸303号", "url": "https://www.kaigokensaku.mhlw.go.jp/28/index.php?action_kouhyou_detail_004_kani=true&JigyosyoCd=2873303628-00&ServiceCd=430&Type=search", "url2": "http://hp.kaipoke.biz/dvy/" }, "geometry": { "type": "Point", "coordinates": [ 135.3948744, 34.7921494 ] } },
{ "type": "Feature", "properties": { "内容": "在宅サポート　ボナール【居宅介護支援】兵庫県伊丹市平松6丁目1-24新伊丹ハイツ201", "url": "https://www.kaigokensaku.mhlw.go.jp/28/index.php?action_kouhyou_detail_004_kani=true&JigyosyoCd=2873303891-00&ServiceCd=430&Type=search", "url2": null }, "geometry": { "type": "Point", "coordinates": [ 135.4158368, 34.7709862 ] } },
{ "type": "Feature", "properties": { "内容": "シェアりはケアプランセンター【居宅介護支援】中野東1-363-302", "url": "https://www.kaigokensaku.mhlw.go.jp/28/index.php?action_kouhyou_detail_004_kani=true&JigyosyoCd=2873303933-00&ServiceCd=430&Type=search", "url2": null }, "geometry": { "type": "Point", "coordinates": [ 135.390003596295173, 34.790501316486406 ] } },
{ "type": "Feature", "properties": { "内容": "介護相談センターYOU【居宅介護支援】兵庫県伊丹市御願塚4丁目5-1", "url": "https://www.kaigokensaku.mhlw.go.jp/28/index.php?action_kouhyou_detail_004_kani=true&JigyosyoCd=2873302869-00&ServiceCd=430&Type=search", "url2": "https://www.npo-you.net/" }, "geometry": { "type": "Point", "coordinates": [ 135.415014892590307, 34.767543615198875 ] } },
{ "type": "Feature", "properties": { "内容": "ライフケア・ハーモニー【居宅介護支援】西野５丁目１番４号", "url": "https://www.kaigokensaku.mhlw.go.jp/28/index.php?action_kouhyou_detail_004_kani=true&JigyosyoCd=2873304063-00&ServiceCd=430&Type=search", "url2": "https://lifecare.lifecarerhythm.com/" }, "geometry": { "type": "Point", "coordinates": [ 135.3753054, 34.7873452 ] } },
{ "type": "Feature", "properties": { "内容": "四ツ葉居宅介護支援事業所【居宅介護支援】兵庫県伊丹市昆陽泉町６丁目9-58号", "url": "https://www.kaigokensaku.mhlw.go.jp/28/index.php?action_kouhyou_detail_004_kani=true&JigyosyoCd=2873302760-00&ServiceCd=430&Type=search", "url2": null }, "geometry": { "type": "Point", "coordinates": [ 135.396761800000036, 34.7762182 ] } },
{ "type": "Feature", "properties": { "内容": "幸彩居宅介護支援事業所【居宅介護支援】伊丹市昆陽東4丁目1-5-2", "url": "https://www.kaigokensaku.mhlw.go.jp/28/index.php?action_kouhyou_detail_004_kani=true&JigyosyoCd=2873303958-00&ServiceCd=430&Type=search", "url2": null }, "geometry": { "type": "Point", "coordinates": [ 135.401220953583703, 34.779052152453744 ] } },
{ "type": "Feature", "properties": { "内容": "伊丹市南野居宅介護支援事業所【居宅介護支援】兵庫県伊丹市南野2丁目3番25号", "url": "https://www.kaigokensaku.mhlw.go.jp/28/index.php?action_kouhyou_detail_004_kani=true&JigyosyoCd=2873300079-00&ServiceCd=430&Type=search", "url2": "http://jigyoudan-itami-hyogo.jp/" }, "geometry": { "type": "Point", "coordinates": [ 135.408618899999965, 34.7660944 ] } },
{ "type": "Feature", "properties": { "内容": "居宅介護支援事業所かわぐち【居宅介護支援】兵庫県伊丹市昆陽泉町１丁目１－３", "url": "https://www.kaigokensaku.mhlw.go.jp/28/index.php?action_kouhyou_detail_004_kani=true&JigyosyoCd=2873301119-00&ServiceCd=430&Type=search", "url2": null }, "geometry": { "type": "Point", "coordinates": [ 135.40199341442667, 34.774439016641651 ] } },
{ "type": "Feature", "properties": { "内容": "グリーンハウス居宅介護支援事業所【居宅介護支援】兵庫県相生市双葉2丁目１９－４ホスピスケア相生", "url": "https://www.kaigokensaku.mhlw.go.jp/28/index.php?action_kouhyou_detail_004_kani=true&JigyosyoCd=2874200054-00&ServiceCd=430&Type=search", "url2": "midori-fukushi.com/sl" }, "geometry": { "type": "Point", "coordinates": [ 134.479313133278765, 34.816489738526911 ] } },
{ "type": "Feature", "properties": { "内容": "医療法人IHI播磨病院訪問看護ステーションプラム【居宅介護支援】兵庫県相生市旭3丁目5番15号", "url": "https://www.kaigokensaku.mhlw.go.jp/28/index.php?action_kouhyou_detail_004_kani=true&JigyosyoCd=2864290032-00&ServiceCd=430&Type=search", "url2": null }, "geometry": { "type": "Point", "coordinates": [ 134.469349007409676, 34.80628664652852 ] } },
{ "type": "Feature", "properties": { "内容": "相生市社会福祉協議会介護支援センター【居宅介護支援】兵庫県相生市旭一丁目6-28相生市立総合福祉会館内", "url": "https://www.kaigokensaku.mhlw.go.jp/28/index.php?action_kouhyou_detail_004_kani=true&JigyosyoCd=2874200039-00&ServiceCd=430&Type=search", "url2": "https://shakyo-aioi.jp" }, "geometry": { "type": "Point", "coordinates": [ 134.468782684378056, 34.803094469496926 ] } },
{ "type": "Feature", "properties": { "内容": "こすもす倶楽部在宅介護支援センター【居宅介護支援】兵庫県相生市野瀬１３７５番地１", "url": "https://www.kaigokensaku.mhlw.go.jp/28/index.php?action_kouhyou_detail_004_kani=true&JigyosyoCd=2874200047-00&ServiceCd=430&Type=search", "url2": "http://www.aioi-cosmos.com/" }, "geometry": { "type": "Point", "coordinates": [ 134.483212375495668, 34.78767368870885 ] } },
{ "type": "Feature", "properties": { "内容": "居宅介護支援事業所　さくらホームおおの家【居宅介護支援】相生市大谷町１－２０", "url": "https://www.kaigokensaku.mhlw.go.jp/28/index.php?action_kouhyou_detail_004_kani=true&JigyosyoCd=2874200351-00&ServiceCd=430&Type=search", "url2": "sakura-aioi@nifty.com" }, "geometry": { "type": "Point", "coordinates": [ 134.476777, 34.797121 ] } },
{ "type": "Feature", "properties": { "内容": "リリーライフケアプランセンター【居宅介護支援】兵庫県相生市双葉3丁目4番18号", "url": "https://www.kaigokensaku.mhlw.go.jp/28/index.php?action_kouhyou_detail_004_kani=true&JigyosyoCd=2874200526-00&ServiceCd=430&Type=search", "url2": "https://relielife.jp/" }, "geometry": { "type": "Point", "coordinates": [ 134.482063667493833, 34.812628239697318 ] } },
{ "type": "Feature", "properties": { "内容": "ライフサポートケアプランセンター【居宅介護支援】兵庫県豊岡市福田1296-1", "url": "https://www.kaigokensaku.mhlw.go.jp/28/index.php?action_kouhyou_detail_004_kani=true&JigyosyoCd=2874401884-00&ServiceCd=430&Type=search", "url2": "lifesupport0321.com" }, "geometry": { "type": "Point", "coordinates": [ 134.7981419, 35.5569074 ] } },
{ "type": "Feature", "properties": { "内容": "有限会社　コメット【居宅介護支援】兵庫県豊岡市宮島１３９－１", "url": "https://www.kaigokensaku.mhlw.go.jp/28/index.php?action_kouhyou_detail_004_kani=true&JigyosyoCd=2874401454-00&ServiceCd=430&Type=search", "url2": null }, "geometry": { "type": "Point", "coordinates": [ 134.805838499999936, 35.5545658 ] } },
{ "type": "Feature", "properties": { "内容": "株式会社こうのとり介護サービス【居宅介護支援】兵庫県豊岡市正法寺573番地の5", "url": "https://www.kaigokensaku.mhlw.go.jp/28/index.php?action_kouhyou_detail_004_kani=true&JigyosyoCd=2874401108-00&ServiceCd=430&Type=search", "url2": null }, "geometry": { "type": "Point", "coordinates": [ 134.81150472173465, 35.540411097880224 ] } },
{ "type": "Feature", "properties": { "内容": "ひびき社会福祉士事務所【居宅介護支援】兵庫県豊岡市幸町13-15２階", "url": "https://www.kaigokensaku.mhlw.go.jp/28/index.php?action_kouhyou_detail_004_kani=true&JigyosyoCd=2874401264-00&ServiceCd=430&Type=search", "url2": null }, "geometry": { "type": "Point", "coordinates": [ 134.8221979, 35.5493417 ] } },
{ "type": "Feature", "properties": { "内容": "株式会社エイトMAN　但馬居宅介護支援事業所【居宅介護支援】兵庫県豊岡市上陰225-1", "url": "https://www.kaigokensaku.mhlw.go.jp/28/index.php?action_kouhyou_detail_004_kani=true&JigyosyoCd=2874401843-00&ServiceCd=430&Type=search", "url2": null }, "geometry": { "type": "Point", "coordinates": [ 134.8077165, 35.5480815 ] } },
{ "type": "Feature", "properties": { "内容": "ベンリー居宅介護支援事業所【居宅介護支援】兵庫県豊岡市昭和町１－１７", "url": "https://www.kaigokensaku.mhlw.go.jp/28/index.php?action_kouhyou_detail_004_kani=true&JigyosyoCd=2874401934-00&ServiceCd=430&Type=search", "url2": "https://miraieskip.com" }, "geometry": { "type": "Point", "coordinates": [ 134.8203355, 35.5334331 ] } },
{ "type": "Feature", "properties": { "内容": "こうのとり居宅支援センター【居宅介護支援】兵庫県豊岡市塩津町２番３７号", "url": "https://www.kaigokensaku.mhlw.go.jp/28/index.php?action_kouhyou_detail_004_kani=true&JigyosyoCd=2874400027-00&ServiceCd=430&Type=search", "url2": "www.h-kounotori.com" }, "geometry": { "type": "Point", "coordinates": [ 134.828408500000023, 35.5343153 ] } },
{ "type": "Feature", "properties": { "内容": "ありがとう【居宅介護支援】兵庫県豊岡市日高町鶴岡289-1", "url": "https://www.kaigokensaku.mhlw.go.jp/28/index.php?action_kouhyou_detail_004_kani=true&JigyosyoCd=2874401033-00&ServiceCd=430&Type=search", "url2": null }, "geometry": { "type": "Point", "coordinates": [ 134.785690100000011, 35.4753658 ] } },
{ "type": "Feature", "properties": { "内容": "ケアプランセンターまんてん【居宅介護支援】兵庫県豊岡市中陰376-6サービス付き高齢者向け住宅四季の里", "url": "https://www.kaigokensaku.mhlw.go.jp/28/index.php?action_kouhyou_detail_004_kani=true&JigyosyoCd=2874401637-00&ServiceCd=430&Type=search", "url2": "https://goodlife-sp.com/" }, "geometry": { "type": "Point", "coordinates": [ 134.8083293, 35.552527 ] } },
{ "type": "Feature", "properties": { "内容": "居宅介護相談室　但馬愛の園【居宅介護支援】兵庫県豊岡市出石町福住１３１３", "url": "https://www.kaigokensaku.mhlw.go.jp/28/index.php?action_kouhyou_detail_004_kani=true&JigyosyoCd=2874600139-00&ServiceCd=430&Type=search", "url2": "http://www.izushi-ainosono.com" }, "geometry": { "type": "Point", "coordinates": [ 134.859093, 35.46769 ] } },
{ "type": "Feature", "properties": { "内容": "ことぶき苑居宅介護支援事業所【居宅介護支援】兵庫県豊岡市日高町祢布１３０４", "url": "https://www.kaigokensaku.mhlw.go.jp/28/index.php?action_kouhyou_detail_004_kani=true&JigyosyoCd=2874500297-00&ServiceCd=430&Type=search", "url2": "http://www.hwc.or.jp/tajima/" }, "geometry": { "type": "Point", "coordinates": [ 134.765072799999984, 35.4646526 ] } },
{ "type": "Feature", "properties": { "内容": "ＪＡたじま豊岡介護センター居宅介護支援事業所【居宅介護支援】兵庫県豊岡市土渕133-5", "url": "https://www.kaigokensaku.mhlw.go.jp/28/index.php?action_kouhyou_detail_004_kani=true&JigyosyoCd=2874400266-00&ServiceCd=430&Type=search", "url2": "http://www.ja-tajima.or.jp/" }, "geometry": { "type": "Point", "coordinates": [ 134.820538, 35.501921 ] } },
{ "type": "Feature", "properties": { "内容": "医療法人敬愛会介護老人保健施設豊岡シルバーステイ居宅介護支援事業所【居宅介護支援】兵庫県豊岡市戸牧1132-2", "url": "https://www.kaigokensaku.mhlw.go.jp/28/index.php?action_kouhyou_detail_004_kani=true&JigyosyoCd=2874400472-00&ServiceCd=430&Type=search", "url2": "http://www.keiai-kai.jp/" }, "geometry": { "type": "Point", "coordinates": [ 134.805047400000035, 35.5278849 ] } },
{ "type": "Feature", "properties": { "内容": "こもれび介護相談所【居宅介護支援】兵庫県豊岡市日高町伊府３７１－１", "url": "https://www.kaigokensaku.mhlw.go.jp/28/index.php?action_kouhyou_detail_004_kani=true&JigyosyoCd=2874401736-00&ServiceCd=430&Type=search", "url2": "komorebi-kaigo@office.eonet.ne.jp" }, "geometry": { "type": "Point", "coordinates": [ 134.732144799999986, 35.4576448 ] } },
{ "type": "Feature", "properties": { "内容": "出石荘居宅介護支援事業所【居宅介護支援】豊岡市出石町福住字赤坂1301", "url": "https://www.kaigokensaku.mhlw.go.jp/28/index.php?action_kouhyou_detail_004_kani=true&JigyosyoCd=2874600105-00&ServiceCd=430&Type=search", "url2": "http://www.tajima-fukushien.jp/" }, "geometry": { "type": "Point", "coordinates": [ 134.864373699999987, 35.4583023 ] } },
{ "type": "Feature", "properties": { "内容": "居宅介護支援事業所　美そら【居宅介護支援】兵庫県豊岡市立野町14-10", "url": "https://www.kaigokensaku.mhlw.go.jp/28/index.php?action_kouhyou_detail_004_kani=true&JigyosyoCd=2874401868-00&ServiceCd=430&Type=search", "url2": null }, "geometry": { "type": "Point", "coordinates": [ 134.828405, 35.5408563 ] } },
{ "type": "Feature", "properties": { "内容": "豊岡市社会福祉協議会豊岡北ケアプランセンター【居宅介護支援】兵庫県豊岡市竹野町須谷１４７８番地", "url": "https://www.kaigokensaku.mhlw.go.jp/28/index.php?action_kouhyou_detail_004_kani=true&JigyosyoCd=2874400654-00&ServiceCd=430&Type=search", "url2": "http://www.toyooka-wel.jp" }, "geometry": { "type": "Point", "coordinates": [ 134.756857399999944, 35.6400861 ] } },
{ "type": "Feature", "properties": { "内容": "豊岡市社会福祉協議会日高ケアプランセンター【居宅介護支援】兵庫県豊岡市日高町栗山468-1", "url": "https://www.kaigokensaku.mhlw.go.jp/28/index.php?action_kouhyou_detail_004_kani=true&JigyosyoCd=2874400712-00&ServiceCd=430&Type=search", "url2": "http://www.toyooka-wel.jp" }, "geometry": { "type": "Point", "coordinates": [ 134.721223399999985, 35.4527842 ] } },
{ "type": "Feature", "properties": { "内容": "居宅介護支援事業所　とよおかの里【居宅介護支援】豊岡市香住１２７２", "url": "https://www.kaigokensaku.mhlw.go.jp/28/index.php?action_kouhyou_detail_004_kani=true&JigyosyoCd=2874400845-00&ServiceCd=430&Type=search", "url2": "http://www.shotokukai-th.or.jp/" }, "geometry": { "type": "Point", "coordinates": [ 134.8584079495987, 35.519750889715091 ] } },
{ "type": "Feature", "properties": { "内容": "居宅支援センター楽々むら【居宅介護支援】兵庫県豊岡市城崎町楽々浦深原４１９番１", "url": "https://www.kaigokensaku.mhlw.go.jp/28/index.php?action_kouhyou_detail_004_kani=true&JigyosyoCd=2874400928-00&ServiceCd=430&Type=search", "url2": "http://www.amanoho.com/" }, "geometry": { "type": "Point", "coordinates": [ 134.8213336, 35.6176702 ] } },
{ "type": "Feature", "properties": { "内容": "はまなす苑　居宅介護支援事業所【居宅介護支援】竹野町須谷４３３番地", "url": "https://www.kaigokensaku.mhlw.go.jp/28/index.php?action_kouhyou_detail_004_kani=true&JigyosyoCd=2874401298-00&ServiceCd=430&Type=search", "url2": null }, "geometry": { "type": "Point", "coordinates": [ 134.755975599999971, 35.6402235 ] } },
{ "type": "Feature", "properties": { "内容": "そうだん処　和音【居宅介護支援】兵庫県豊岡市弥栄町1-11", "url": "https://www.kaigokensaku.mhlw.go.jp/28/index.php?action_kouhyou_detail_004_kani=true&JigyosyoCd=2874400795-00&ServiceCd=430&Type=search", "url2": null }, "geometry": { "type": "Point", "coordinates": [ 134.822523, 35.5329432 ] } },
{ "type": "Feature", "properties": { "内容": "福祉総合相談センター　とこしえ【居宅介護支援】兵庫県豊岡市竹野町林７１０番地", "url": "https://www.kaigokensaku.mhlw.go.jp/28/index.php?action_kouhyou_detail_004_kani=true&JigyosyoCd=2874401116-00&ServiceCd=430&Type=search", "url2": "http://toyoooka-saika.or.jp" }, "geometry": { "type": "Point", "coordinates": [ 134.748292499999934, 35.6019376 ] } },
{ "type": "Feature", "properties": { "内容": "豊岡市社会福祉協議会出石・但東ケアプランセンター【居宅介護支援】兵庫県豊岡市出石町福住１３０２", "url": "https://www.kaigokensaku.mhlw.go.jp/28/index.php?action_kouhyou_detail_004_kani=true&JigyosyoCd=2874400746-00&ServiceCd=430&Type=search", "url2": "http://www.toyooka-wel.jp" }, "geometry": { "type": "Point", "coordinates": [ 134.860568, 35.4660597 ] } },
{ "type": "Feature", "properties": { "内容": "居宅介護支援事業所　ハートの木【居宅介護支援】兵庫県豊岡市中央町7-11", "url": "https://www.kaigokensaku.mhlw.go.jp/28/index.php?action_kouhyou_detail_004_kani=true&JigyosyoCd=2874401694-00&ServiceCd=430&Type=search", "url2": null }, "geometry": { "type": "Point", "coordinates": [ 134.820095300000048, 35.5433728 ] } },
{ "type": "Feature", "properties": { "内容": "豊岡ケアサービス【居宅介護支援】兵庫県豊岡市梶原３５０－５", "url": "https://www.kaigokensaku.mhlw.go.jp/28/index.php?action_kouhyou_detail_004_kani=true&JigyosyoCd=2874400175-00&ServiceCd=430&Type=search", "url2": null }, "geometry": { "type": "Point", "coordinates": [ 134.836607590629768, 35.546596109562763 ] } },
{ "type": "Feature", "properties": { "内容": "ぬくもり居宅介護支援センター【居宅介護支援】兵庫県加古川市加古川町寺家町４４－３101号", "url": "https://www.kaigokensaku.mhlw.go.jp/28/index.php?action_kouhyou_detail_004_kani=true&JigyosyoCd=2872203829-00&ServiceCd=430&Type=search", "url2": "https://nukumori.synnefo.shop" }, "geometry": { "type": "Point", "coordinates": [ 134.836248599999976, 34.766374 ] } },
{ "type": "Feature", "properties": { "内容": "居宅介護支援事業所　ユースフル【居宅介護支援】兵庫県加古川市志方町大澤778番地の9", "url": "https://www.kaigokensaku.mhlw.go.jp/28/index.php?action_kouhyou_detail_004_kani=true&JigyosyoCd=2872204298-00&ServiceCd=430&Type=search", "url2": "grateful.jp" }, "geometry": { "type": "Point", "coordinates": [ 134.8341739, 34.846021 ] } },
{ "type": "Feature", "properties": { "内容": "介護相談室虹の架け橋【居宅介護支援】加古川町南備後206番地", "url": "https://www.kaigokensaku.mhlw.go.jp/28/index.php?action_kouhyou_detail_004_kani=true&JigyosyoCd=2872204124-00&ServiceCd=430&Type=search", "url2": null }, "geometry": { "type": "Point", "coordinates": [ 134.8218976, 34.754253 ] } },
{ "type": "Feature", "properties": { "内容": "加古川磯病院ヒューマンケアいそ居宅介護支援事業所【居宅介護支援】兵庫県加古川市八幡町下村１３５３番地加古川磯病院　４F", "url": "https://www.kaigokensaku.mhlw.go.jp/28/index.php?action_kouhyou_detail_004_kani=true&JigyosyoCd=2872200403-00&ServiceCd=430&Type=search", "url2": "http://isohosp.com/" }, "geometry": { "type": "Point", "coordinates": [ 134.914384400000017, 34.7907683 ] } },
{ "type": "Feature", "properties": { "内容": "居宅介護支援事業所　まいるど【居宅介護支援】兵庫県加古川市東神吉町神吉528-4", "url": "https://www.kaigokensaku.mhlw.go.jp/28/index.php?action_kouhyou_detail_004_kani=true&JigyosyoCd=2872202763-00&ServiceCd=430&Type=search", "url2": "hyyp://kaipoke.biz/4uy/" }, "geometry": { "type": "Point", "coordinates": [ 134.829348806157896, 34.788402622079872 ] } },
{ "type": "Feature", "properties": { "内容": "ケアプランセンタートレッフル加古川【居宅介護支援】兵庫県加古川市神野町西条９０２番２", "url": "https://www.kaigokensaku.mhlw.go.jp/28/index.php?action_kouhyou_detail_004_kani=true&JigyosyoCd=2872204686-00&ServiceCd=430&Type=search", "url2": "https://trefle.jpn.org/index.html" }, "geometry": { "type": "Point", "coordinates": [ 134.8822059, 34.7889357 ] } },
{ "type": "Feature", "properties": { "内容": "多木ケアプランセンター【居宅介護支援】兵庫県加古川市別府町西脇２丁目４８", "url": "https://www.kaigokensaku.mhlw.go.jp/28/index.php?action_kouhyou_detail_004_kani=true&JigyosyoCd=2812203111-00&ServiceCd=430&Type=search", "url2": "http://takic.web.fc2.com/" }, "geometry": { "type": "Point", "coordinates": [ 134.849124393104944, 34.724547259490379 ] } },
{ "type": "Feature", "properties": { "内容": "ケアプランセンターえんじゅ加古川【居宅介護支援】兵庫県加古川市尾上町長田115-1サントラップK　E-1-1", "url": "https://www.kaigokensaku.mhlw.go.jp/28/index.php?action_kouhyou_detail_004_kani=true&JigyosyoCd=2872204140-00&ServiceCd=430&Type=search", "url2": "https://www.t-s-i.jp" }, "geometry": { "type": "Point", "coordinates": [ 134.82905634110449, 34.746209747163718 ] } },
{ "type": "Feature", "properties": { "内容": "ケアプランセンターつむぎ尾上町【居宅介護支援】加古川市尾上町口里341-5", "url": "https://www.kaigokensaku.mhlw.go.jp/28/index.php?action_kouhyou_detail_004_kani=true&JigyosyoCd=2872204660-00&ServiceCd=430&Type=search", "url2": null }, "geometry": { "type": "Point", "coordinates": [ 134.829899899999987, 34.7405066 ] } },
{ "type": "Feature", "properties": { "内容": "介護センター平岡【居宅介護支援】加古川市平岡町高畑２０－１", "url": "https://www.kaigokensaku.mhlw.go.jp/28/index.php?action_kouhyou_detail_004_kani=true&JigyosyoCd=2872200023-00&ServiceCd=430&Type=search", "url2": null }, "geometry": { "type": "Point", "coordinates": [ 134.879262426458808, 34.730756718863056 ] } },
{ "type": "Feature", "properties": { "内容": "ケアセンター友愛【居宅介護支援】兵庫県加古川市平岡町新在家1745-77", "url": "https://www.kaigokensaku.mhlw.go.jp/28/index.php?action_kouhyou_detail_004_kani=true&JigyosyoCd=2872204504-00&ServiceCd=430&Type=search", "url2": "carekizuna-yuai2023.com" }, "geometry": { "type": "Point", "coordinates": [ 134.875380299999989, 34.7450741 ] } },
{ "type": "Feature", "properties": { "内容": "居宅介護支援センターはるか【居宅介護支援】兵庫県加古川市加古川町南備後1番地の11", "url": "https://www.kaigokensaku.mhlw.go.jp/28/index.php?action_kouhyou_detail_004_kani=true&JigyosyoCd=2872204025-00&ServiceCd=430&Type=search", "url2": "kiraku2858@yahoo.co.jp" }, "geometry": { "type": "Point", "coordinates": [ 134.818969377909866, 34.757264134579998 ] } },
{ "type": "Feature", "properties": { "内容": "介護相談室あえる【居宅介護支援】加古川市野口町北野１２８９－２", "url": "https://www.kaigokensaku.mhlw.go.jp/28/index.php?action_kouhyou_detail_004_kani=true&JigyosyoCd=2872202508-00&ServiceCd=430&Type=search", "url2": "http://www.a-lc.co.jp/" }, "geometry": { "type": "Point", "coordinates": [ 134.874658370437714, 34.759537104768185 ] } },
{ "type": "Feature", "properties": { "内容": "スマイルサポートセンター石守　居宅介護支援事業所【居宅介護支援】兵庫県加古川市神野町石守301-4看護小規模多機能型居宅介護ゆとり庵石守建物内", "url": "https://www.kaigokensaku.mhlw.go.jp/28/index.php?action_kouhyou_detail_004_kani=true&JigyosyoCd=2872203688-00&ServiceCd=430&Type=search", "url2": "http//www.hakuaif.or.jp/about/index.html" }, "geometry": { "type": "Point", "coordinates": [ 134.8782013, 34.792361 ] } },
{ "type": "Feature", "properties": { "内容": "やさしい手加古川尾上居宅介護支援事業所【居宅介護支援】加古川市尾上町池田1681やさしえ加古川尾上", "url": "https://www.kaigokensaku.mhlw.go.jp/28/index.php?action_kouhyou_detail_004_kani=true&JigyosyoCd=2872204611-00&ServiceCd=430&Type=search", "url2": "https://search.yasashiite.com/detail/kyotakukaigo_kakogawa/" }, "geometry": { "type": "Point", "coordinates": [ 134.8271586, 34.732186200000015 ] } },
{ "type": "Feature", "properties": { "内容": "浜の宮松竹園居宅介護支援センター【居宅介護支援】兵庫県加古川市別府町新野辺北町5丁目98", "url": "https://www.kaigokensaku.mhlw.go.jp/28/index.php?action_kouhyou_detail_004_kani=true&JigyosyoCd=2872201807-00&ServiceCd=430&Type=search", "url2": null }, "geometry": { "type": "Point", "coordinates": [ 134.840722300000039, 34.7407462 ] } },
{ "type": "Feature", "properties": { "内容": "あおば介護支援センター【居宅介護支援】兵庫県加古川市志方町志方町１６６０－１３", "url": "https://www.kaigokensaku.mhlw.go.jp/28/index.php?action_kouhyou_detail_004_kani=true&JigyosyoCd=2872201815-00&ServiceCd=430&Type=search", "url2": null }, "geometry": { "type": "Point", "coordinates": [ 134.822761799999967, 34.8206829 ] } },
{ "type": "Feature", "properties": { "内容": "鹿児の郷居宅介護支援事業所【居宅介護支援】加古川市平荘町山角1038-4", "url": "https://www.kaigokensaku.mhlw.go.jp/28/index.php?action_kouhyou_detail_004_kani=true&JigyosyoCd=2872200189-00&ServiceCd=430&Type=search", "url2": "https://ftk1998.or.jp/" }, "geometry": { "type": "Point", "coordinates": [ 134.873174, 34.8043182 ] } },
{ "type": "Feature", "properties": { "内容": "ヴィラ播磨居宅介護支援事業所【居宅介護支援】兵庫県加古川市志方町成井100番地", "url": "https://www.kaigokensaku.mhlw.go.jp/28/index.php?action_kouhyou_detail_004_kani=true&JigyosyoCd=2872200445-00&ServiceCd=430&Type=search", "url2": "https://harima.tokuyou.jp" }, "geometry": { "type": "Point", "coordinates": [ 134.803241800000023, 34.8161521 ] } },
{ "type": "Feature", "properties": { "内容": "ケアプランチューリップ【居宅介護支援】加古川市平岡町新在家1371-1", "url": "https://www.kaigokensaku.mhlw.go.jp/28/index.php?action_kouhyou_detail_004_kani=true&JigyosyoCd=2872204173-00&ServiceCd=430&Type=search", "url2": "http://www.yuzuriha-partner.net/" }, "geometry": { "type": "Point", "coordinates": [ 134.8682083, 34.7487142 ] } },
{ "type": "Feature", "properties": { "内容": "順心病院居宅介護支援センター【居宅介護支援】兵庫県加古川市別府町別府865番1", "url": "https://www.kaigokensaku.mhlw.go.jp/28/index.php?action_kouhyou_detail_004_kani=true&JigyosyoCd=2872200080-00&ServiceCd=430&Type=search", "url2": "http://www.junshin.or.jp" }, "geometry": { "type": "Point", "coordinates": [ 134.851887495106411, 34.735107597213457 ] } },
{ "type": "Feature", "properties": { "内容": "あっぷる居宅介護支援事業所加古川【居宅介護支援】加古川市尾上町旭3丁目50", "url": "https://www.kaigokensaku.mhlw.go.jp/28/index.php?action_kouhyou_detail_004_kani=true&JigyosyoCd=2872201187-00&ServiceCd=430&Type=search", "url2": "http://www.apple-117.jp/" }, "geometry": { "type": "Point", "coordinates": [ 134.818238400000041, 34.7515201 ] } },
{ "type": "Feature", "properties": { "内容": "居宅介護支援事業所万亀園【居宅介護支援】兵庫県加古川市野口町水足107-1", "url": "https://www.kaigokensaku.mhlw.go.jp/28/index.php?action_kouhyou_detail_004_kani=true&JigyosyoCd=2872200197-00&ServiceCd=430&Type=search", "url2": "http://www.mankikai.org" }, "geometry": { "type": "Point", "coordinates": [ 134.869340690737886, 34.762459644885482 ] } },
{ "type": "Feature", "properties": { "内容": "特別養護老人ホーム　こすもす園【居宅介護支援】加古川市神野町神野１３６－８", "url": "https://www.kaigokensaku.mhlw.go.jp/28/index.php?action_kouhyou_detail_004_kani=true&JigyosyoCd=2872200205-00&ServiceCd=430&Type=search", "url2": "http://nojigiku.or.jp" }, "geometry": { "type": "Point", "coordinates": [ 134.886281100000019, 34.7726822 ] } },
{ "type": "Feature", "properties": { "内容": "せせらぎ居宅介護支援事業所【居宅介護支援】西神吉町岸318-7番地", "url": "https://www.kaigokensaku.mhlw.go.jp/28/index.php?action_kouhyou_detail_004_kani=true&JigyosyoCd=2872203621-00&ServiceCd=430&Type=search", "url2": "http://llc－ajuga＠.com" }, "geometry": { "type": "Point", "coordinates": [ 134.81227365441265, 34.792559012418351 ] } },
{ "type": "Feature", "properties": { "内容": "スマイルサポートセンター野口居宅介護支援事業所【居宅介護支援】兵庫県加古川市野口町長砂９５－３２", "url": "https://www.kaigokensaku.mhlw.go.jp/28/index.php?action_kouhyou_detail_004_kani=true&JigyosyoCd=2872204629-00&ServiceCd=430&Type=search", "url2": "https://hinode.or.jp/establishment/smile-noguchi/" }, "geometry": { "type": "Point", "coordinates": [ 134.848713800000013, 34.7493834 ] } },
{ "type": "Feature", "properties": { "内容": "宝寿苑居宅介護支援事業所【居宅介護支援】兵庫県加古川市東神吉町神吉708-1", "url": "https://www.kaigokensaku.mhlw.go.jp/28/index.php?action_kouhyou_detail_004_kani=true&JigyosyoCd=2872200973-00&ServiceCd=430&Type=search", "url2": "http://kyoritsukai.or.jp/houju/index.html" }, "geometry": { "type": "Point", "coordinates": [ 134.820220799999987, 34.7892501 ] } },
{ "type": "Feature", "properties": { "内容": "生活協同組合コープこうべ居宅介護支援センター加古川【居宅介護支援】加古川市東神吉町神吉881-1", "url": "https://www.kaigokensaku.mhlw.go.jp/28/index.php?action_kouhyou_detail_004_kani=true&JigyosyoCd=2872201948-00&ServiceCd=430&Type=search", "url2": "http://www.kobe.coop.or.jp/" }, "geometry": { "type": "Point", "coordinates": [ 134.823723200000018, 34.7918971 ] } },
{ "type": "Feature", "properties": { "内容": "加古川白寿苑居宅介護支援センター【居宅介護支援】兵庫県加古川市野口町坂井58-1", "url": "https://www.kaigokensaku.mhlw.go.jp/28/index.php?action_kouhyou_detail_004_kani=true&JigyosyoCd=2872203241-00&ServiceCd=430&Type=search", "url2": "http://www.junshin.or.jp/index.html" }, "geometry": { "type": "Point", "coordinates": [ 134.846655189935291, 34.738250387101274 ] } },
{ "type": "Feature", "properties": { "内容": "ケアプランなないろ館【居宅介護支援】兵庫県加古川市別府町新野辺北町５丁目121-2", "url": "https://www.kaigokensaku.mhlw.go.jp/28/index.php?action_kouhyou_detail_004_kani=true&JigyosyoCd=2872203506-00&ServiceCd=430&Type=search", "url2": null }, "geometry": { "type": "Point", "coordinates": [ 134.840802164265369, 34.739335170055909 ] } },
{ "type": "Feature", "properties": { "内容": "順心会居宅介護支援センター加古川【居宅介護支援】加古川市神野町神野186-10総合在宅ケアセンターかんの", "url": "https://www.kaigokensaku.mhlw.go.jp/28/index.php?action_kouhyou_detail_004_kani=true&JigyosyoCd=2872200171-00&ServiceCd=430&Type=search", "url2": "http://www.junshin.or.jp/" }, "geometry": { "type": "Point", "coordinates": [ 134.884691716291627, 34.774248157725616 ] } },
{ "type": "Feature", "properties": { "内容": "ほおずきケアプランセンター【居宅介護支援】加古川市加古川町稲屋８９０－４", "url": "https://www.kaigokensaku.mhlw.go.jp/28/index.php?action_kouhyou_detail_004_kani=true&JigyosyoCd=2872203209-00&ServiceCd=430&Type=search", "url2": "http://www.chiaki-hozuki.co.jp" }, "geometry": { "type": "Point", "coordinates": [ 134.815733099999989, 34.7623163 ] } },
{ "type": "Feature", "properties": { "内容": "フットライズケアプランセンター【居宅介護支援】兵庫県加古川市野口町野口58-1", "url": "https://www.kaigokensaku.mhlw.go.jp/28/index.php?action_kouhyou_detail_004_kani=true&JigyosyoCd=2872204223-00&ServiceCd=430&Type=search", "url2": "https://www.footrise.jp/" }, "geometry": { "type": "Point", "coordinates": [ 134.8539321, 34.7521481 ] } },
{ "type": "Feature", "properties": { "内容": "たけはな介護・福祉相談支援室【居宅介護支援】加古川市東神吉町天下原168-3", "url": "https://www.kaigokensaku.mhlw.go.jp/28/index.php?action_kouhyou_detail_004_kani=true&JigyosyoCd=2872201591-00&ServiceCd=430&Type=search", "url2": "https://takehana-kaigo.co.jp" }, "geometry": { "type": "Point", "coordinates": [ 134.837130200000047, 34.7929581 ] } },
{ "type": "Feature", "properties": { "内容": "スマイルサポートセンター別府　居宅介護支援事業所【居宅介護支援】兵庫県加古川市別府町中島町19ホワイトパレスⅠ　101", "url": "https://www.kaigokensaku.mhlw.go.jp/28/index.php?action_kouhyou_detail_004_kani=true&JigyosyoCd=2872203910-00&ServiceCd=430&Type=search", "url2": "https://hinode.or.jp/establishment/sh-kunioka/smile-befu/" }, "geometry": { "type": "Point", "coordinates": [ 134.846365600000013, 34.7295126 ] } },
{ "type": "Feature", "properties": { "内容": "加古川磯病院ヒューマンケアいそ居宅介護支援事業所【居宅介護支援】兵庫県加古川市八幡町下村１３５３番地加古川磯病院4F", "url": "https://www.kaigokensaku.mhlw.go.jp/28/index.php?action_kouhyou_detail_004_kani=true&JigyosyoCd=2872204645-00&ServiceCd=430&Type=search", "url2": "http://www.isohosp.com/" }, "geometry": { "type": "Point", "coordinates": [ 134.9144819, 34.7908133 ] } },
{ "type": "Feature", "properties": { "内容": "在宅介護支援センターさくら【居宅介護支援】兵庫県加古川市加古川町粟津232-1", "url": "https://www.kaigokensaku.mhlw.go.jp/28/index.php?action_kouhyou_detail_004_kani=true&JigyosyoCd=2872200692-00&ServiceCd=430&Type=search", "url2": "http://www.matsumoto-sakura.jp" }, "geometry": { "type": "Point", "coordinates": [ 134.837441586230511, 34.763703722465934 ] } },
{ "type": "Feature", "properties": { "内容": "エイジサポート【居宅介護支援】兵庫県加古川市尾上町長田524-8", "url": "https://www.kaigokensaku.mhlw.go.jp/28/index.php?action_kouhyou_detail_004_kani=true&JigyosyoCd=2872200841-00&ServiceCd=430&Type=search", "url2": null }, "geometry": { "type": "Point", "coordinates": [ 134.824757403041076, 34.740261245109359 ] } },
{ "type": "Feature", "properties": { "内容": "あさみ介護相談室【居宅介護支援】加古川町粟津661番地の6", "url": "https://www.kaigokensaku.mhlw.go.jp/28/index.php?action_kouhyou_detail_004_kani=true&JigyosyoCd=2872202987-00&ServiceCd=430&Type=search", "url2": null }, "geometry": { "type": "Point", "coordinates": [ 134.831478752685371, 34.759103131308557 ] } },
{ "type": "Feature", "properties": { "内容": "鶴林園居宅介護支援センター【居宅介護支援】兵庫県加古川市志方町細工所１０８６番地", "url": "https://www.kaigokensaku.mhlw.go.jp/28/index.php?action_kouhyou_detail_004_kani=true&JigyosyoCd=2872200031-00&ServiceCd=430&Type=search", "url2": "https://www.kakurinen.com" }, "geometry": { "type": "Point", "coordinates": [ 134.841593500000045, 34.8403443 ] } },
{ "type": "Feature", "properties": { "内容": "関西医療株式会社　指定居宅介護支援事業所【居宅介護支援】加古川市加古川町備後３９４", "url": "https://www.kaigokensaku.mhlw.go.jp/28/index.php?action_kouhyou_detail_004_kani=true&JigyosyoCd=2872200064-00&ServiceCd=430&Type=search", "url2": "http://www.kansai-i.co.jp" }, "geometry": { "type": "Point", "coordinates": [ 134.819527099999959, 34.7576723 ] } },
{ "type": "Feature", "properties": { "内容": "尾上の郷　指定居宅介護支援事業所【居宅介護支援】兵庫県加古川市尾上町池田８３０－１", "url": "https://www.kaigokensaku.mhlw.go.jp/28/index.php?action_kouhyou_detail_004_kani=true&JigyosyoCd=2872201799-00&ServiceCd=430&Type=search", "url2": "http://www.onoenosato.org" }, "geometry": { "type": "Point", "coordinates": [ 134.820918600000027, 34.7400295 ] } },
{ "type": "Feature", "properties": { "内容": "鹿児の郷居宅介護支援事業所「かこがわ」【居宅介護支援】加古川市加古川町寺家町57-1", "url": "https://www.kaigokensaku.mhlw.go.jp/28/index.php?action_kouhyou_detail_004_kani=true&JigyosyoCd=2872202334-00&ServiceCd=430&Type=search", "url2": "https://ftk1998.or.jp/" }, "geometry": { "type": "Point", "coordinates": [ 134.835329567211943, 34.765241257354035 ] } },
{ "type": "Feature", "properties": { "内容": "はっぴいあかり　居宅介護支援センター【居宅介護支援】兵庫県加古川市加古川町中津557-1", "url": "https://www.kaigokensaku.mhlw.go.jp/28/index.php?action_kouhyou_detail_004_kani=true&JigyosyoCd=2872200817-00&ServiceCd=430&Type=search", "url2": "https://akari-fukushikai.or.jp" }, "geometry": { "type": "Point", "coordinates": [ 134.847404200000028, 34.7777012 ] } },
{ "type": "Feature", "properties": { "内容": "ケアプランセンターみづき【居宅介護支援】加古川町美乃利162-1ｱｰﾙｻﾝﾋﾞﾙ2階", "url": "https://www.kaigokensaku.mhlw.go.jp/28/index.php?action_kouhyou_detail_004_kani=true&JigyosyoCd=2872204181-00&ServiceCd=430&Type=search", "url2": "mizuki-houkan2915@grace.ocn.ne.jp" }, "geometry": { "type": "Point", "coordinates": [ 134.8500731, 34.7635609 ] } },
{ "type": "Feature", "properties": { "内容": "老人保健施設　緑寿苑【居宅介護支援】兵庫県加古川市平岡町新在家1197-3", "url": "https://www.kaigokensaku.mhlw.go.jp/28/index.php?action_kouhyou_detail_004_kani=true&JigyosyoCd=2852280037-00&ServiceCd=430&Type=search", "url2": "http://www.tatumakai.jp" }, "geometry": { "type": "Point", "coordinates": [ 134.870005399999968, 34.7509955 ] } },
{ "type": "Feature", "properties": { "内容": "みどり園【居宅介護支援】兵庫県加古川市平岡町土山423-9", "url": "https://www.kaigokensaku.mhlw.go.jp/28/index.php?action_kouhyou_detail_004_kani=true&JigyosyoCd=2872200049-00&ServiceCd=430&Type=search", "url2": "http://www.midorien.org" }, "geometry": { "type": "Point", "coordinates": [ 134.893370199999936, 34.731698 ] } },
{ "type": "Feature", "properties": { "内容": "順心会居宅介護支援センター宝殿【居宅介護支援】米田町平津426-1ライフビル1F", "url": "https://www.kaigokensaku.mhlw.go.jp/28/index.php?action_kouhyou_detail_004_kani=true&JigyosyoCd=2872200155-00&ServiceCd=430&Type=search", "url2": "https://www.junshin.or.jp/" }, "geometry": { "type": "Point", "coordinates": [ 134.81394610000001, 34.7855274 ] } },
{ "type": "Feature", "properties": { "内容": "なのはな介護相談事業所【居宅介護支援】野口町北野1238番地の11", "url": "https://www.kaigokensaku.mhlw.go.jp/28/index.php?action_kouhyou_detail_004_kani=true&JigyosyoCd=2872203720-00&ServiceCd=430&Type=search", "url2": null }, "geometry": { "type": "Point", "coordinates": [ 134.872016199999962, 34.7548923 ] } },
{ "type": "Feature", "properties": { "内容": "オスモ居宅介護支援事業所加古川駅前【居宅介護支援】兵庫県加古川市加古川町篠原町70レーベン加古川", "url": "https://www.kaigokensaku.mhlw.go.jp/28/index.php?action_kouhyou_detail_004_kani=true&JigyosyoCd=2872204553-00&ServiceCd=430&Type=search", "url2": "https://www.osmo-care.com" }, "geometry": { "type": "Point", "coordinates": [ 134.8383232, 34.7669381 ] } },
{ "type": "Feature", "properties": { "内容": "ハート・ケア・ステーション居宅介護支援事業所【居宅介護支援】野口町古大内３０２番地の２ソレアードバーリオ102", "url": "https://www.kaigokensaku.mhlw.go.jp/28/index.php?action_kouhyou_detail_004_kani=true&JigyosyoCd=2872204074-00&ServiceCd=430&Type=search", "url2": "https://care-st.jimdofree.com/" }, "geometry": { "type": "Point", "coordinates": [ 134.852134382803342, 34.746345749242913 ] } },
{ "type": "Feature", "properties": { "内容": "ケアセンターたるや【居宅介護支援】兵庫県加古川市尾上町池田207", "url": "https://www.kaigokensaku.mhlw.go.jp/28/index.php?action_kouhyou_detail_004_kani=true&JigyosyoCd=2872203100-00&ServiceCd=430&Type=search", "url2": null }, "geometry": { "type": "Point", "coordinates": [ 134.827525304768074, 34.735051879160963 ] } },
{ "type": "Feature", "properties": { "内容": "リハビリ介護相談センターグループ華【居宅介護支援】加古川市加古川町南備後51-7", "url": "https://www.kaigokensaku.mhlw.go.jp/28/index.php?action_kouhyou_detail_004_kani=true&JigyosyoCd=2872203472-00&ServiceCd=430&Type=search", "url2": "http://group-hana.jp" }, "geometry": { "type": "Point", "coordinates": [ 134.822098099999948, 34.7559221 ] } },
{ "type": "Feature", "properties": { "内容": "あたたかい手介護相談室【居宅介護支援】加古川町篠原町151-3アメニティハウス202", "url": "https://www.kaigokensaku.mhlw.go.jp/28/index.php?action_kouhyou_detail_004_kani=true&JigyosyoCd=2872204785-00&ServiceCd=430&Type=search", "url2": null }, "geometry": { "type": "Point", "coordinates": [ 134.8425181, 34.7706192 ] } },
{ "type": "Feature", "properties": { "内容": "あるこケアプランニング【居宅介護支援】兵庫県加古川市野口町野口160-6", "url": "https://www.kaigokensaku.mhlw.go.jp/28/index.php?action_kouhyou_detail_004_kani=true&JigyosyoCd=2872203217-00&ServiceCd=430&Type=search", "url2": "https://okrs.co.jp" }, "geometry": { "type": "Point", "coordinates": [ 134.85982944610376, 34.75050808948999 ] } },
{ "type": "Feature", "properties": { "内容": "岩﨑パートナーサービス【居宅介護支援】兵庫県赤穂市正保橋町3-44", "url": "https://www.kaigokensaku.mhlw.go.jp/28/index.php?action_kouhyou_detail_004_kani=true&JigyosyoCd=2874300706-00&ServiceCd=430&Type=search", "url2": "http://hp.kaipoke.biz/5ew/" }, "geometry": { "type": "Point", "coordinates": [ 134.408246, 34.7362647 ] } },
{ "type": "Feature", "properties": { "内容": "居宅介護支援事業所　いきしま【居宅介護支援】兵庫県赤穂市坂越２３５１－６", "url": "https://www.kaigokensaku.mhlw.go.jp/28/index.php?action_kouhyou_detail_004_kani=true&JigyosyoCd=2874300268-00&ServiceCd=430&Type=search", "url2": null }, "geometry": { "type": "Point", "coordinates": [ 134.430113, 34.7644184 ] } },
{ "type": "Feature", "properties": { "内容": "赤穂市社会福祉協議会介護支援センター【居宅介護支援】兵庫県赤穂市中広267番地", "url": "https://www.kaigokensaku.mhlw.go.jp/28/index.php?action_kouhyou_detail_004_kani=true&JigyosyoCd=2874300110-00&ServiceCd=430&Type=search", "url2": "https://ako-shakyo.jp/" }, "geometry": { "type": "Point", "coordinates": [ 134.397944599999931, 34.7511682 ] } },
{ "type": "Feature", "properties": { "内容": "赤穂夢リハ居宅介護支援事業所【居宅介護支援】兵庫県赤穂市農神町8-25", "url": "https://www.kaigokensaku.mhlw.go.jp/28/index.php?action_kouhyou_detail_004_kani=true&JigyosyoCd=2874300557-00&ServiceCd=430&Type=search", "url2": "http://www.yume-reha.co.jp/" }, "geometry": { "type": "Point", "coordinates": [ 134.385420699999941, 34.7535008 ] } },
{ "type": "Feature", "properties": { "内容": "ツクイ赤穂（居宅）【居宅介護支援】兵庫県赤穂市さつき町34番地7", "url": "https://www.kaigokensaku.mhlw.go.jp/28/index.php?action_kouhyou_detail_004_kani=true&JigyosyoCd=2874300748-00&ServiceCd=430&Type=search", "url2": null }, "geometry": { "type": "Point", "coordinates": [ 134.4033112, 34.7398749 ] } },
{ "type": "Feature", "properties": { "内容": "居宅介護支援事業所　千種の苑【居宅介護支援】赤穂市東有年６６４番地１", "url": "https://www.kaigokensaku.mhlw.go.jp/28/index.php?action_kouhyou_detail_004_kani=true&JigyosyoCd=2874300276-00&ServiceCd=430&Type=search", "url2": "http://www.shunjyukai.or.jp/" }, "geometry": { "type": "Point", "coordinates": [ 134.369499107270798, 34.828082299115437 ] } },
{ "type": "Feature", "properties": { "内容": "伯鳳会在宅ケアセンター【居宅介護支援】兵庫県赤穂市加里屋字岩290-27", "url": "https://www.kaigokensaku.mhlw.go.jp/28/index.php?action_kouhyou_detail_004_kani=true&JigyosyoCd=2874300045-00&ServiceCd=430&Type=search", "url2": "http://www.hakuho.or.jp" }, "geometry": { "type": "Point", "coordinates": [ 134.389617700000031, 34.7518011 ] } },
{ "type": "Feature", "properties": { "内容": "やすらぎ居宅介護支援事業所【居宅介護支援】兵庫県赤穂市古浜町５７番地", "url": "https://www.kaigokensaku.mhlw.go.jp/28/index.php?action_kouhyou_detail_004_kani=true&JigyosyoCd=2874300029-00&ServiceCd=430&Type=search", "url2": "http://www.sakuradani-fukushikai.com" }, "geometry": { "type": "Point", "coordinates": [ 134.37578510000003, 34.7603638 ] } },
{ "type": "Feature", "properties": { "内容": "居宅介護支援事業所はくほう【居宅介護支援】兵庫県赤穂市加里屋字岩２９０－２８", "url": "https://www.kaigokensaku.mhlw.go.jp/28/index.php?action_kouhyou_detail_004_kani=true&JigyosyoCd=2874300326-00&ServiceCd=430&Type=search", "url2": "http://www.hakuho.or.jp" }, "geometry": { "type": "Point", "coordinates": [ 134.389617700000031, 34.7518011 ] } },
{ "type": "Feature", "properties": { "内容": "居宅介護支援事業所ふるさと【居宅介護支援】兵庫県赤穂市尾崎4002-2", "url": "https://www.kaigokensaku.mhlw.go.jp/28/index.php?action_kouhyou_detail_004_kani=true&JigyosyoCd=2874300599-00&ServiceCd=430&Type=search", "url2": "http://ako-furusato.sakura.ne.jp" }, "geometry": { "type": "Point", "coordinates": [ 134.3963202, 34.7405107 ] } },
{ "type": "Feature", "properties": { "内容": "居宅介護支援事業所しおさいセンター【居宅介護支援】兵庫県赤穂市元沖町132番地", "url": "https://www.kaigokensaku.mhlw.go.jp/28/index.php?action_kouhyou_detail_004_kani=true&JigyosyoCd=2874300243-00&ServiceCd=430&Type=search", "url2": null }, "geometry": { "type": "Point", "coordinates": [ 134.402817, 34.7356307 ] } },
{ "type": "Feature", "properties": { "内容": "赤穂市訪問看護ステーション【居宅介護支援】兵庫県赤穂市加里屋3289-1", "url": "https://www.kaigokensaku.mhlw.go.jp/28/index.php?action_kouhyou_detail_004_kani=true&JigyosyoCd=2864390022-00&ServiceCd=430&Type=search", "url2": "http//www.amh.ako.hyogo.jp/" }, "geometry": { "type": "Point", "coordinates": [ 134.391415, 34.7441657 ] } },
{ "type": "Feature", "properties": { "内容": "めぐみ訪問看護ステーション居宅介護支援事業所【居宅介護支援】兵庫県西脇市郷瀬町405番地", "url": "https://www.kaigokensaku.mhlw.go.jp/28/index.php?action_kouhyou_detail_004_kani=true&JigyosyoCd=2871800690-00&ServiceCd=430&Type=search", "url2": "http://megumi-houmon.com" }, "geometry": { "type": "Point", "coordinates": [ 134.9654171, 34.9979917 ] } },
{ "type": "Feature", "properties": { "内容": "けんけん居宅介護支援事業所【居宅介護支援】西脇市野村町187-1　メゾンポポロ102号", "url": "https://www.kaigokensaku.mhlw.go.jp/28/index.php?action_kouhyou_detail_004_kani=true&JigyosyoCd=2871800385-00&ServiceCd=430&Type=search", "url2": null }, "geometry": { "type": "Point", "coordinates": [ 134.9928961, 35.0001104 ] } },
{ "type": "Feature", "properties": { "内容": "上田医院居宅介護支援事業所【居宅介護支援】兵庫県西脇市野村町865-5", "url": "https://www.kaigokensaku.mhlw.go.jp/28/index.php?action_kouhyou_detail_004_kani=true&JigyosyoCd=2811800842-00&ServiceCd=430&Type=search", "url2": "http://www.uedaiin.biz/" }, "geometry": { "type": "Point", "coordinates": [ 134.969203200000038, 34.9706683 ] } },
{ "type": "Feature", "properties": { "内容": "医療法人社団はたざわ医院居宅介護支援事業所【居宅介護支援】兵庫県西脇市日野町158番地", "url": "https://www.kaigokensaku.mhlw.go.jp/28/index.php?action_kouhyou_detail_004_kani=true&JigyosyoCd=2871800161-00&ServiceCd=430&Type=search", "url2": null }, "geometry": { "type": "Point", "coordinates": [ 134.96245840000006, 35.0071759 ] } },
{ "type": "Feature", "properties": { "内容": "社会福祉法人みぎわ会　みぎわ園居宅介護支援事業所【居宅介護支援】兵庫県西脇市八坂町２１３－１", "url": "https://www.kaigokensaku.mhlw.go.jp/28/index.php?action_kouhyou_detail_004_kani=true&JigyosyoCd=2871800013-00&ServiceCd=430&Type=search", "url2": "http://www.migiwa.or.jp/" }, "geometry": { "type": "Point", "coordinates": [ 134.945530400000052, 34.9660878 ] } },
{ "type": "Feature", "properties": { "内容": "オリーブ西脇　居宅介護支援事業所【居宅介護支援】兵庫県西脇市小坂町字丁田225番地の9", "url": "https://www.kaigokensaku.mhlw.go.jp/28/index.php?action_kouhyou_detail_004_kani=true&JigyosyoCd=2871800450-00&ServiceCd=430&Type=search", "url2": null }, "geometry": { "type": "Point", "coordinates": [ 134.961046295214828, 34.997464594411404 ] } },
{ "type": "Feature", "properties": { "内容": "居宅介護支援事業向陽苑【居宅介護支援】兵庫県西脇市黒田庄町黒田字北山783", "url": "https://www.kaigokensaku.mhlw.go.jp/28/index.php?action_kouhyou_detail_004_kani=true&JigyosyoCd=2872700097-00&ServiceCd=430&Type=search", "url2": "http://koyo-en.jp" }, "geometry": { "type": "Point", "coordinates": [ 135.012466842311113, 35.051135675888318 ] } },
{ "type": "Feature", "properties": { "内容": "あさひ居宅介護支援事業所【居宅介護支援】兵庫県西脇市西脇1107", "url": "https://www.kaigokensaku.mhlw.go.jp/28/index.php?action_kouhyou_detail_004_kani=true&JigyosyoCd=2871800393-00&ServiceCd=430&Type=search", "url2": "http：//naitomedics.co.jp/" }, "geometry": { "type": "Point", "coordinates": [ 134.968, 34.9882584 ] } },
{ "type": "Feature", "properties": { "内容": "西脇市社会福祉協議会　ケアプランステーション【居宅介護支援】兵庫県西脇市郷瀬町666-5社会福祉法人　西脇市社会福祉協議会", "url": "https://www.kaigokensaku.mhlw.go.jp/28/index.php?action_kouhyou_detail_004_kani=true&JigyosyoCd=2871800534-00&ServiceCd=430&Type=search", "url2": "http://www.nishiwaki-wel.or.jp" }, "geometry": { "type": "Point", "coordinates": [ 134.970452399999971, 34.9941774 ] } },
{ "type": "Feature", "properties": { "内容": "桜丘ケアプランセンター【居宅介護支援】兵庫県西脇市黒田庄町田高326-1西脇さくら保育園２階", "url": "https://www.kaigokensaku.mhlw.go.jp/28/index.php?action_kouhyou_detail_004_kani=true&JigyosyoCd=2871800328-00&ServiceCd=430&Type=search", "url2": "https://seihoukai-grp.jp" }, "geometry": { "type": "Point", "coordinates": [ 134.9913832, 35.0563526 ] } },
{ "type": "Feature", "properties": { "内容": "JAみのり西脇ケアセンター【居宅介護支援】兵庫県西脇市日野町121", "url": "https://www.kaigokensaku.mhlw.go.jp/28/index.php?action_kouhyou_detail_004_kani=true&JigyosyoCd=2871800237-00&ServiceCd=430&Type=search", "url2": "https://www.ja-minori.jp" }, "geometry": { "type": "Point", "coordinates": [ 134.962086199999931, 35.0098396 ] } },
{ "type": "Feature", "properties": { "内容": "医療法人社団信和会　三木医院【居宅介護支援】兵庫県西脇市大木町288-4", "url": "https://www.kaigokensaku.mhlw.go.jp/28/index.php?action_kouhyou_detail_004_kani=true&JigyosyoCd=2811800792-00&ServiceCd=430&Type=search", "url2": "http://www.miki-hosp.or.jp/" }, "geometry": { "type": "Point", "coordinates": [ 134.953525799999966, 35.0210772 ] } },
{ "type": "Feature", "properties": { "内容": "ヒロタ薬局【居宅介護支援】兵庫県西脇市西脇192", "url": "https://www.kaigokensaku.mhlw.go.jp/28/index.php?action_kouhyou_detail_004_kani=true&JigyosyoCd=2841800259-00&ServiceCd=430&Type=search", "url2": null }, "geometry": { "type": "Point", "coordinates": [ 134.973847814155533, 34.982417265944193 ] } },
{ "type": "Feature", "properties": { "内容": "楽寿園居宅介護支援事業所【居宅介護支援】兵庫県西脇市前島町２６０－１", "url": "https://www.kaigokensaku.mhlw.go.jp/28/index.php?action_kouhyou_detail_004_kani=true&JigyosyoCd=2871800039-00&ServiceCd=430&Type=search", "url2": "https://rakujuen.net/" }, "geometry": { "type": "Point", "coordinates": [ 134.962438900000052, 35.0241715 ] } },
{ "type": "Feature", "properties": { "内容": "赤とんぼ居宅介護支援事業所【居宅介護支援】兵庫県西脇市西脇1239-2", "url": "https://www.kaigokensaku.mhlw.go.jp/28/index.php?action_kouhyou_detail_004_kani=true&JigyosyoCd=2871800351-00&ServiceCd=430&Type=search", "url2": null }, "geometry": { "type": "Point", "coordinates": [ 134.973991299999966, 34.9807676 ] } },
{ "type": "Feature", "properties": { "内容": "居宅介護支援事業所ときの郷【居宅介護支援】西脇市西脇２７３番地", "url": "https://www.kaigokensaku.mhlw.go.jp/28/index.php?action_kouhyou_detail_004_kani=true&JigyosyoCd=2871800278-00&ServiceCd=430&Type=search", "url2": null }, "geometry": { "type": "Point", "coordinates": [ 134.972188599999981, 34.9856532 ] } },
{ "type": "Feature", "properties": { "内容": "えがお居宅介護支援事業所【居宅介護支援】兵庫県西脇市野村町249番地の10", "url": "https://www.kaigokensaku.mhlw.go.jp/28/index.php?action_kouhyou_detail_004_kani=true&JigyosyoCd=2871800682-00&ServiceCd=430&Type=search", "url2": null }, "geometry": { "type": "Point", "coordinates": [ 134.970741800000042, 34.9735931 ] } },
{ "type": "Feature", "properties": { "内容": "エルケア株式会社エルケア宝塚ケアプランセンター【居宅介護支援】兵庫県宝塚市長尾町78", "url": "https://www.kaigokensaku.mhlw.go.jp/28/index.php?action_kouhyou_detail_004_kani=true&JigyosyoCd=2871102857-00&ServiceCd=430&Type=search", "url2": "https：//www.l-care.jp" }, "geometry": { "type": "Point", "coordinates": [ 135.380651199999988, 34.8143551 ] } },
{ "type": "Feature", "properties": { "内容": "ケアプランセンター西谷憩いの家居宅介護支援事業所【居宅介護支援】兵庫県宝塚市大原野字波坂2番地7", "url": "https://www.kaigokensaku.mhlw.go.jp/28/index.php?action_kouhyou_detail_004_kani=true&JigyosyoCd=2871100851-00&ServiceCd=430&Type=search", "url2": "http://www.nisitanikai.jp/" }, "geometry": { "type": "Point", "coordinates": [ 135.299224893254063, 34.909372584475015 ] } },
{ "type": "Feature", "properties": { "内容": "ケアプラン「あかり」【居宅介護支援】兵庫県宝塚市中州2丁目1-28", "url": "https://www.kaigokensaku.mhlw.go.jp/28/index.php?action_kouhyou_detail_004_kani=true&JigyosyoCd=2871101438-00&ServiceCd=430&Type=search", "url2": null }, "geometry": { "type": "Point", "coordinates": [ 135.3524885, 34.8019931 ] } },
{ "type": "Feature", "properties": { "内容": "ケアプランセンター宝塚清光苑【居宅介護支援】兵庫県宝塚市仁川団地4-15", "url": "https://www.kaigokensaku.mhlw.go.jp/28/index.php?action_kouhyou_detail_004_kani=true&JigyosyoCd=2871103665-00&ServiceCd=430&Type=search", "url2": null }, "geometry": { "type": "Point", "coordinates": [ 135.350524700000051, 34.7814211 ] } },
{ "type": "Feature", "properties": { "内容": "あいケアプランセンター【居宅介護支援】兵庫県宝塚市高司１－８－３７－１０２", "url": "https://www.kaigokensaku.mhlw.go.jp/28/index.php?action_kouhyou_detail_004_kani=true&JigyosyoCd=2871104655-00&ServiceCd=430&Type=search", "url2": "http://www.sanei-cs.com" }, "geometry": { "type": "Point", "coordinates": [ 135.3610051, 34.7869814 ] } },
{ "type": "Feature", "properties": { "内容": "居宅支援総合センター　阪神【居宅介護支援】兵庫県宝塚市中野町6-6三幸建設ビル203", "url": "https://www.kaigokensaku.mhlw.go.jp/28/index.php?action_kouhyou_detail_004_kani=true&JigyosyoCd=2871104879-00&ServiceCd=430&Type=search", "url2": "https://www.kango-cocoa.jp/" }, "geometry": { "type": "Point", "coordinates": [ 135.35638, 34.7877148 ] } },
{ "type": "Feature", "properties": { "内容": "宝塚市社会福祉協議会　ケアセンター光明【居宅介護支援】宝塚市小林4-7-47", "url": "https://www.kaigokensaku.mhlw.go.jp/28/index.php?action_kouhyou_detail_004_kani=true&JigyosyoCd=2871100026-00&ServiceCd=430&Type=search", "url2": "https://t.shakyo.org/" }, "geometry": { "type": "Point", "coordinates": [ 135.357127507795667, 34.792159153110035 ] } },
{ "type": "Feature", "properties": { "内容": "宝塚シニアコミュニティ　居宅介護支援事業所【居宅介護支援】兵庫県宝塚市大原野字南穴虫1－253", "url": "https://www.kaigokensaku.mhlw.go.jp/28/index.php?action_kouhyou_detail_004_kani=true&JigyosyoCd=2871100083-00&ServiceCd=430&Type=search", "url2": "http://www.yoneda-hospital.com/takaraduka/" }, "geometry": { "type": "Point", "coordinates": [ 135.305594299999939, 34.9008579 ] } },
{ "type": "Feature", "properties": { "内容": "それいゆケアプランオフィス【居宅介護支援】宝塚市川面3丁目24番9号", "url": "https://www.kaigokensaku.mhlw.go.jp/28/index.php?action_kouhyou_detail_004_kani=true&JigyosyoCd=2871100091-00&ServiceCd=430&Type=search", "url2": "www.soreiyu.net" }, "geometry": { "type": "Point", "coordinates": [ 135.343293200000033, 34.811188 ] } },
{ "type": "Feature", "properties": { "内容": "宝塚医療生協ケアサポート【居宅介護支援】兵庫県宝塚市高松町5-10ひだまり会館", "url": "https://www.kaigokensaku.mhlw.go.jp/28/index.php?action_kouhyou_detail_004_kani=true&JigyosyoCd=2871100257-00&ServiceCd=430&Type=search", "url2": "http://www.takarazuka-mcoop.net" }, "geometry": { "type": "Point", "coordinates": [ 135.367710410464611, 34.79074238430546 ] } },
{ "type": "Feature", "properties": { "内容": "医療法人社団六心会指定居宅介護支援事業所　ケアメイト【居宅介護支援】宝塚市山本丸橋２丁目２２－１", "url": "https://www.kaigokensaku.mhlw.go.jp/28/index.php?action_kouhyou_detail_004_kani=true&JigyosyoCd=2871100612-00&ServiceCd=430&Type=search", "url2": "http://www.esperanza.or.jp" }, "geometry": { "type": "Point", "coordinates": [ 135.394798550926197, 34.813350765815194 ] } },
{ "type": "Feature", "properties": { "内容": "居宅介護支援事業所　秋桜【居宅介護支援】宝塚市川面字長尾山１５番１６号", "url": "https://www.kaigokensaku.mhlw.go.jp/28/index.php?action_kouhyou_detail_004_kani=true&JigyosyoCd=2871100711-00&ServiceCd=430&Type=search", "url2": "http://www.toujukai.jp/" }, "geometry": { "type": "Point", "coordinates": [ 135.337985099999969, 34.8206758 ] } },
{ "type": "Feature", "properties": { "内容": "宝塚市社会福祉協議会　ケアセンター安倉【居宅介護支援】宝塚市安倉西２丁目１－２", "url": "https://www.kaigokensaku.mhlw.go.jp/28/index.php?action_kouhyou_detail_004_kani=true&JigyosyoCd=2871101370-00&ServiceCd=430&Type=search", "url2": "http://homepage1.nifty.com/takarazukasyakyo/" }, "geometry": { "type": "Point", "coordinates": [ 135.369463699999983, 34.7992066 ] } },
{ "type": "Feature", "properties": { "内容": "しんばしケアサポート【居宅介護支援】兵庫県宝塚市泉町19番26号旧　東宝ショッピング内（看板有り）", "url": "https://www.kaigokensaku.mhlw.go.jp/28/index.php?action_kouhyou_detail_004_kani=true&JigyosyoCd=2871102014-00&ServiceCd=430&Type=search", "url2": "http://www.shinbashi-yk.com/" }, "geometry": { "type": "Point", "coordinates": [ 135.370442450926248, 34.812139930271385 ] } },
{ "type": "Feature", "properties": { "内容": "ケア　たかつかさ【居宅介護支援】兵庫県宝塚市高司1-12-9", "url": "https://www.kaigokensaku.mhlw.go.jp/28/index.php?action_kouhyou_detail_004_kani=true&JigyosyoCd=2871102139-00&ServiceCd=430&Type=search", "url2": "http://lifestyle09.iinaa.net/" }, "geometry": { "type": "Point", "coordinates": [ 135.360278900000026, 34.7850108 ] } },
{ "type": "Feature", "properties": { "内容": "ケアプラン　オリーブの実【居宅介護支援】兵庫県宝塚市中州１－１５－９宝塚栄光教会内", "url": "https://www.kaigokensaku.mhlw.go.jp/28/index.php?action_kouhyou_detail_004_kani=true&JigyosyoCd=2871103343-00&ServiceCd=430&Type=search", "url2": "http://hp.kaipoke.biz/gev/" }, "geometry": { "type": "Point", "coordinates": [ 135.350765300000035, 34.799395 ] } },
{ "type": "Feature", "properties": { "内容": "ケアサポート　幸（こう）【居宅介護支援】兵庫県宝塚市高司3丁目6番２０号", "url": "https://www.kaigokensaku.mhlw.go.jp/28/index.php?action_kouhyou_detail_004_kani=true&JigyosyoCd=2871103400-00&ServiceCd=430&Type=search", "url2": "iyoko06@maia.eonet.ne.jp" }, "geometry": { "type": "Point", "coordinates": [ 135.364709100000027, 34.7842665 ] } },
{ "type": "Feature", "properties": { "内容": "ことぶきケアセンター【居宅介護支援】宝塚市寿町8-19", "url": "https://www.kaigokensaku.mhlw.go.jp/28/index.php?action_kouhyou_detail_004_kani=true&JigyosyoCd=2871103707-00&ServiceCd=430&Type=search", "url2": "http//www.dworks-inc.jp" }, "geometry": { "type": "Point", "coordinates": [ 135.3658882, 34.8120062 ] } },
{ "type": "Feature", "properties": { "内容": "みつばケアステーション【居宅介護支援】兵庫県宝塚市伊孑志2-6-3サカセイーストビル103", "url": "https://www.kaigokensaku.mhlw.go.jp/28/index.php?action_kouhyou_detail_004_kani=true&JigyosyoCd=2871104051-00&ServiceCd=430&Type=search", "url2": "http://www.mitsuba-care.jp/" }, "geometry": { "type": "Point", "coordinates": [ 135.356269399999974, 34.8009023 ] } },
{ "type": "Feature", "properties": { "内容": "ポラリスケアプランセンター宝塚【居宅介護支援】兵庫県宝塚市旭町3-9-1ポラリス本社ビル２F", "url": "https://www.kaigokensaku.mhlw.go.jp/28/index.php?action_kouhyou_detail_004_kani=true&JigyosyoCd=2871104382-00&ServiceCd=430&Type=search", "url2": "http://www.polaris.care/" }, "geometry": { "type": "Point", "coordinates": [ 135.356270017721556, 34.805908785985444 ] } },
{ "type": "Feature", "properties": { "内容": "聖隷ケアプランセンター宝塚【居宅介護支援】宝塚市中州1-9-16", "url": "https://www.kaigokensaku.mhlw.go.jp/28/index.php?action_kouhyou_detail_004_kani=true&JigyosyoCd=2871100018-00&ServiceCd=430&Type=search", "url2": "http://www.seirei.or.jp/hq/" }, "geometry": { "type": "Point", "coordinates": [ 135.350659295106567, 34.801711760428155 ] } },
{ "type": "Feature", "properties": { "内容": "高齢者生協ケアステーションたからづか【居宅介護支援】宝塚市光明町1-5コウメイハイツ104", "url": "https://www.kaigokensaku.mhlw.go.jp/28/index.php?action_kouhyou_detail_004_kani=true&JigyosyoCd=2871100042-00&ServiceCd=430&Type=search", "url2": "http://kourei-h.org/" }, "geometry": { "type": "Point", "coordinates": [ 135.360428700000057, 34.7915044 ] } },
{ "type": "Feature", "properties": { "内容": "ステップこはまケアプランステーション【居宅介護支援】兵庫県宝塚市小浜４丁目５番６号", "url": "https://www.kaigokensaku.mhlw.go.jp/28/index.php?action_kouhyou_detail_004_kani=true&JigyosyoCd=2871100059-00&ServiceCd=430&Type=search", "url2": "http://www.takarazuka-fukushi.or.jp/" }, "geometry": { "type": "Point", "coordinates": [ 135.366341027647394, 34.805325795884805 ] } },
{ "type": "Feature", "properties": { "内容": "ニチイケアセンター宝塚【居宅介護支援】兵庫県宝塚市栄町２丁目２－１ソリオ宝塚第３ビル６Ｆ", "url": "https://www.kaigokensaku.mhlw.go.jp/28/index.php?action_kouhyou_detail_004_kani=true&JigyosyoCd=2871100208-00&ServiceCd=430&Type=search", "url2": "http://www.nichiigakkan.co.jp" }, "geometry": { "type": "Point", "coordinates": [ 135.340237900000034, 34.8100909 ] } },
{ "type": "Feature", "properties": { "内容": "ケアプランセンター　宝塚あいわ苑【居宅介護支援】兵庫県宝塚市山本東2丁目8番20号", "url": "https://www.kaigokensaku.mhlw.go.jp/28/index.php?action_kouhyou_detail_004_kani=true&JigyosyoCd=2871100505-00&ServiceCd=430&Type=search", "url2": "https://swc-aiwakai.jp/service/takarazuka_zaitaku/#sec_07" }, "geometry": { "type": "Point", "coordinates": [ 135.388039200000037, 34.821081300000017 ] } },
{ "type": "Feature", "properties": { "内容": "ケアプラン　メロディ【居宅介護支援】宝塚市栄町3-1-17-101グリーンエクセル宝塚１０１号", "url": "https://www.kaigokensaku.mhlw.go.jp/28/index.php?action_kouhyou_detail_004_kani=true&JigyosyoCd=2871100893-00&ServiceCd=430&Type=search", "url2": "http://www.harmony-cs.com" }, "geometry": { "type": "Point", "coordinates": [ 135.336307600000083, 34.8125323 ] } },
{ "type": "Feature", "properties": { "内容": "有限会社　　輝きケアサポート【居宅介護支援】宝塚市亀井町10番74号", "url": "https://www.kaigokensaku.mhlw.go.jp/28/index.php?action_kouhyou_detail_004_kani=true&JigyosyoCd=2871100919-00&ServiceCd=430&Type=search", "url2": "kagayakikea-sapoto@abeam.ocn.ne.jp" }, "geometry": { "type": "Point", "coordinates": [ 135.36236729999996, 34.792876599999985 ] } },
{ "type": "Feature", "properties": { "内容": "聖隷ケアプランセンター花屋敷【居宅介護支援】宝塚市切畑字長尾山5-321花屋敷栄光園内", "url": "https://www.kaigokensaku.mhlw.go.jp/28/index.php?action_kouhyou_detail_004_kani=true&JigyosyoCd=2871101057-00&ServiceCd=430&Type=search", "url2": "http://www.seirei.or.jp/elderlyhome/hanayashiki/" }, "geometry": { "type": "Point", "coordinates": [ 135.395975294576488, 34.84006679167441 ] } },
{ "type": "Feature", "properties": { "内容": "ケアプラン　リーフ【居宅介護支援】兵庫県宝塚市伊孑志1-7-15伊都ビル301", "url": "https://www.kaigokensaku.mhlw.go.jp/28/index.php?action_kouhyou_detail_004_kani=true&JigyosyoCd=2871101198-00&ServiceCd=430&Type=search", "url2": "http://www.care-leaf.com" }, "geometry": { "type": "Point", "coordinates": [ 135.353881832571432, 34.797980440772129 ] } },
{ "type": "Feature", "properties": { "内容": "居宅介護支援事業所　サポートプラザ宝塚【居宅介護支援】宝塚市鶴の荘19-12", "url": "https://www.kaigokensaku.mhlw.go.jp/28/index.php?action_kouhyou_detail_004_kani=true&JigyosyoCd=2871101305-00&ServiceCd=430&Type=search", "url2": "http://www.takara-reha.com" }, "geometry": { "type": "Point", "coordinates": [ 135.360671598394759, 34.808468902273283 ] } },
{ "type": "Feature", "properties": { "内容": "宝塚ちどりケアマネジメント【居宅介護支援】宝塚市亀井町10-30", "url": "https://www.kaigokensaku.mhlw.go.jp/28/index.php?action_kouhyou_detail_004_kani=true&JigyosyoCd=2871101487-00&ServiceCd=430&Type=search", "url2": "http://www.chidori.or.jp" }, "geometry": { "type": "Point", "coordinates": [ 135.363411700000029, 34.7930266 ] } },
{ "type": "Feature", "properties": { "内容": "ケアプラン　いきいき【居宅介護支援】宝塚市仁川北３丁目７番３号", "url": "https://www.kaigokensaku.mhlw.go.jp/28/index.php?action_kouhyou_detail_004_kani=true&JigyosyoCd=2871101578-00&ServiceCd=430&Type=search", "url2": "https://r.goope.jp/ikiiki-kaigo" }, "geometry": { "type": "Point", "coordinates": [ 135.356615599999941, 34.7746091 ] } },
{ "type": "Feature", "properties": { "内容": "株式会社恵友会ケアプランセンターリアン【居宅介護支援】兵庫県宝塚市中筋8-13-5宝塚すみれメディカルビル3F宝塚すみれメディカルビル３Ｆ", "url": "https://www.kaigokensaku.mhlw.go.jp/28/index.php?action_kouhyou_detail_004_kani=true&JigyosyoCd=2871101958-00&ServiceCd=430&Type=search", "url2": null }, "geometry": { "type": "Point", "coordinates": [ 135.374792899999989, 34.8125749 ] } },
{ "type": "Feature", "properties": { "内容": "宝塚まどか園居宅介護支援事業所【居宅介護支援】兵庫県宝塚市美座２丁目２２－２", "url": "https://www.kaigokensaku.mhlw.go.jp/28/index.php?action_kouhyou_detail_004_kani=true&JigyosyoCd=2871102428-00&ServiceCd=430&Type=search", "url2": "http://www.shoukyu.or.jp" }, "geometry": { "type": "Point", "coordinates": [ 135.354301, 34.8059164 ] } },
{ "type": "Feature", "properties": { "内容": "ステップごてんやまケアプランステーション【居宅介護支援】御殿山２丁目３１番１７号", "url": "https://www.kaigokensaku.mhlw.go.jp/28/index.php?action_kouhyou_detail_004_kani=true&JigyosyoCd=2871102469-00&ServiceCd=430&Type=search", "url2": "http://www.takarazuka-fukushi.or.jp/" }, "geometry": { "type": "Point", "coordinates": [ 135.347826199999986, 34.8159708 ] } },
{ "type": "Feature", "properties": { "内容": "宝塚市社会福祉協議会　ケアセンター仁川【居宅介護支援】宝塚市仁川高台2-1-77", "url": "https://www.kaigokensaku.mhlw.go.jp/28/index.php?action_kouhyou_detail_004_kani=true&JigyosyoCd=2871102634-00&ServiceCd=430&Type=search", "url2": "http://takarazukashakyo.life.coocan.jp/" }, "geometry": { "type": "Point", "coordinates": [ 135.3484856, 34.7759784 ] } },
{ "type": "Feature", "properties": { "内容": "あそか苑中山寺居宅介護支援事業所【居宅介護支援】兵庫県宝塚市安倉中５丁目１８－５ファミール安倉３０１", "url": "https://www.kaigokensaku.mhlw.go.jp/28/index.php?action_kouhyou_detail_004_kani=true&JigyosyoCd=2871102782-00&ServiceCd=430&Type=search", "url2": "http://www.asokaen.or.jp" }, "geometry": { "type": "Point", "coordinates": [ 135.377154218112537, 34.803512038237329 ] } },
{ "type": "Feature", "properties": { "内容": "晃成会介護ステーション【居宅介護支援】兵庫県宝塚市光明町1-5", "url": "https://www.kaigokensaku.mhlw.go.jp/28/index.php?action_kouhyou_detail_004_kani=true&JigyosyoCd=2871103335-00&ServiceCd=430&Type=search", "url2": "http://www.kouseikai-clinic.or.jp/" }, "geometry": { "type": "Point", "coordinates": [ 135.360428700000057, 34.7915044 ] } },
{ "type": "Feature", "properties": { "内容": "聖隷ケアプランセンターすみれ【居宅介護支援】兵庫県宝塚市弥生町２－２", "url": "https://www.kaigokensaku.mhlw.go.jp/28/index.php?action_kouhyou_detail_004_kani=true&JigyosyoCd=2871103434-00&ServiceCd=430&Type=search", "url2": "http://www.seirei.or.jp/hq" }, "geometry": { "type": "Point", "coordinates": [ 135.368133436245671, 34.79730406419273 ] } },
{ "type": "Feature", "properties": { "内容": "居宅介護支援事業所やなか【居宅介護支援】兵庫県宝塚市川面４丁目10番26号", "url": "https://www.kaigokensaku.mhlw.go.jp/28/index.php?action_kouhyou_detail_004_kani=true&JigyosyoCd=2871103681-00&ServiceCd=430&Type=search", "url2": "https://www.yanakaclinic.com/" }, "geometry": { "type": "Point", "coordinates": [ 135.344786276960832, 34.811996229997845 ] } },
{ "type": "Feature", "properties": { "内容": "ケアプランセンター心笑【居宅介護支援】兵庫県宝塚市小林５丁目３－１２サンライズ宝塚１０５号", "url": "https://www.kaigokensaku.mhlw.go.jp/28/index.php?action_kouhyou_detail_004_kani=true&JigyosyoCd=2871103863-00&ServiceCd=430&Type=search", "url2": null }, "geometry": { "type": "Point", "coordinates": [ 135.355459699999983, 34.7897128 ] } },
{ "type": "Feature", "properties": { "内容": "GTLケアプランセンター宝塚逆瀬川【居宅介護支援】兵庫県宝塚市伊孑志1-4-52", "url": "https://www.kaigokensaku.mhlw.go.jp/28/index.php?action_kouhyou_detail_004_kani=true&JigyosyoCd=2871103889-00&ServiceCd=430&Type=search", "url2": null }, "geometry": { "type": "Point", "coordinates": [ 135.352634599999988, 34.799645 ] } },
{ "type": "Feature", "properties": { "内容": "ケアプランなごみ【居宅介護支援】兵庫県宝塚市野上2丁目2-32-102アネックス逆瀬川", "url": "https://www.kaigokensaku.mhlw.go.jp/28/index.php?action_kouhyou_detail_004_kani=true&JigyosyoCd=2871104002-00&ServiceCd=430&Type=search", "url2": "izumi@nagomi-753.co.jp" }, "geometry": { "type": "Point", "coordinates": [ 135.345297480134349, 34.794132855587861 ] } },
{ "type": "Feature", "properties": { "内容": "ケアプランスイッチオン宝塚　居宅介護支援事業所【居宅介護支援】兵庫県宝塚市高司5丁目2-2", "url": "https://www.kaigokensaku.mhlw.go.jp/28/index.php?action_kouhyou_detail_004_kani=true&JigyosyoCd=2871104093-00&ServiceCd=430&Type=search", "url2": "http://switchon-service.co.jp" }, "geometry": { "type": "Point", "coordinates": [ 135.367595599999987, 34.7876219 ] } },
{ "type": "Feature", "properties": { "内容": "ケアサークル【居宅介護支援】兵庫県宝塚市大吹町１番１８号", "url": "https://www.kaigokensaku.mhlw.go.jp/28/index.php?action_kouhyou_detail_004_kani=true&JigyosyoCd=2871104705-00&ServiceCd=430&Type=search", "url2": null }, "geometry": { "type": "Point", "coordinates": [ 135.358802700000012, 34.784002 ] } },
{ "type": "Feature", "properties": { "内容": "ニコニコケアセンター【居宅介護支援】兵庫県宝塚市鹿塩2丁目11-20ウィナーズハウス仁川305", "url": "https://www.kaigokensaku.mhlw.go.jp/28/index.php?action_kouhyou_detail_004_kani=true&JigyosyoCd=2871104796-00&ServiceCd=430&Type=search", "url2": "nikoniko-care.jp" }, "geometry": { "type": "Point", "coordinates": [ 135.357535899999988, 34.7778388 ] } },
{ "type": "Feature", "properties": { "内容": "居宅介護支援事業所みのり【居宅介護支援】兵庫県宝塚市売布2丁目1-11", "url": "https://www.kaigokensaku.mhlw.go.jp/28/index.php?action_kouhyou_detail_004_kani=true&JigyosyoCd=2871100752-00&ServiceCd=430&Type=search", "url2": "http://www.kaigo-minori.jp" }, "geometry": { "type": "Point", "coordinates": [ 135.357956100000024, 34.812238 ] } },
{ "type": "Feature", "properties": { "内容": "ケアサポートきらら【居宅介護支援】兵庫県宝塚市大吹町11－35", "url": "https://www.kaigokensaku.mhlw.go.jp/28/index.php?action_kouhyou_detail_004_kani=true&JigyosyoCd=2871102105-00&ServiceCd=430&Type=search", "url2": null }, "geometry": { "type": "Point", "coordinates": [ 135.359842265051242, 34.783505952551721 ] } },
{ "type": "Feature", "properties": { "内容": "シンソエ居宅介護支援事業所【居宅介護支援】宝塚市南口二丁目６番２１号", "url": "https://www.kaigokensaku.mhlw.go.jp/28/index.php?action_kouhyou_detail_004_kani=true&JigyosyoCd=2871102345-00&ServiceCd=430&Type=search", "url2": "http://www.shinsoe.co.jp" }, "geometry": { "type": "Point", "coordinates": [ 135.349125476074732, 34.80279858911495 ] } },
{ "type": "Feature", "properties": { "内容": "中山ちどりケアマネジメント【居宅介護支援】兵庫県宝塚市中山桜台１丁目7番1号", "url": "https://www.kaigokensaku.mhlw.go.jp/28/index.php?action_kouhyou_detail_004_kani=true&JigyosyoCd=2871103178-00&ServiceCd=430&Type=search", "url2": "http://www.chidori.or.jp" }, "geometry": { "type": "Point", "coordinates": [ 135.3679995, 34.8306689 ] } },
{ "type": "Feature", "properties": { "内容": "ケアプランセンターライフイズ【居宅介護支援】兵庫県宝塚市鹿塩2丁目8-13", "url": "https://www.kaigokensaku.mhlw.go.jp/28/index.php?action_kouhyou_detail_004_kani=true&JigyosyoCd=2871103772-00&ServiceCd=430&Type=search", "url2": "https://www.lifeis-jp.co.jp/" }, "geometry": { "type": "Point", "coordinates": [ 135.357462939950551, 34.778533413158407 ] } },
{ "type": "Feature", "properties": { "内容": "ケアプランセンターはるのひ【居宅介護支援】兵庫県宝塚市長尾台1丁目9番5号", "url": "https://www.kaigokensaku.mhlw.go.jp/28/index.php?action_kouhyou_detail_004_kani=true&JigyosyoCd=2871104200-00&ServiceCd=430&Type=search", "url2": null }, "geometry": { "type": "Point", "coordinates": [ 135.3976959, 34.8347581 ] } },
{ "type": "Feature", "properties": { "内容": "ベストライフ宝塚居宅介護支援事業所【居宅介護支援】兵庫県宝塚市谷口町1-14", "url": "https://www.kaigokensaku.mhlw.go.jp/28/index.php?action_kouhyou_detail_004_kani=true&JigyosyoCd=2871104416-00&ServiceCd=430&Type=search", "url2": null }, "geometry": { "type": "Point", "coordinates": [ 135.3541036, 34.7870489 ] } },
{ "type": "Feature", "properties": { "内容": "つばめplan【居宅介護支援】兵庫県宝塚市川面5丁目11番14号", "url": "https://www.kaigokensaku.mhlw.go.jp/28/index.php?action_kouhyou_detail_004_kani=true&JigyosyoCd=2871104507-00&ServiceCd=430&Type=search", "url2": null }, "geometry": { "type": "Point", "coordinates": [ 135.33986281798488, 34.81278774026606 ] } },
{ "type": "Feature", "properties": { "内容": "ベストスマイルケアサポート【居宅介護支援】兵庫県宝塚市山本東3-10-1リーガルコート山本駅前103号", "url": "https://www.kaigokensaku.mhlw.go.jp/28/index.php?action_kouhyou_detail_004_kani=true&JigyosyoCd=2871104663-00&ServiceCd=430&Type=search", "url2": "https://bestsmile2015.com/" }, "geometry": { "type": "Point", "coordinates": [ 135.3895058, 34.821049 ] } },
{ "type": "Feature", "properties": { "内容": "真珠ケアプランセンター【居宅介護支援】中筋９丁目1-8村上マンション101", "url": "https://www.kaigokensaku.mhlw.go.jp/28/index.php?action_kouhyou_detail_004_kani=true&JigyosyoCd=2871104788-00&ServiceCd=430&Type=search", "url2": null }, "geometry": { "type": "Point", "coordinates": [ 135.3718022, 34.8119886 ] } },
{ "type": "Feature", "properties": { "内容": "ケアプランTK【居宅介護支援】兵庫県宝塚市平井2丁目-6-38", "url": "https://www.kaigokensaku.mhlw.go.jp/28/index.php?action_kouhyou_detail_004_kani=true&JigyosyoCd=2871104903-00&ServiceCd=430&Type=search", "url2": null }, "geometry": { "type": "Point", "coordinates": [ 135.3900638, 34.8235399 ] } },
{ "type": "Feature", "properties": { "内容": "はぁねケアプランセンター【居宅介護支援】兵庫県宝塚市中筋９－１１－３６メゾン・シュープリーム２０５号", "url": "https://www.kaigokensaku.mhlw.go.jp/28/index.php?action_kouhyou_detail_004_kani=true&JigyosyoCd=2871103251-00&ServiceCd=430&Type=search", "url2": "http://www.はぁね.com/" }, "geometry": { "type": "Point", "coordinates": [ 135.376329400000031, 34.81145530000002 ] } },
{ "type": "Feature", "properties": { "内容": "ケアセンターやすらぎ【居宅介護支援】宝塚市中野町1番5号メディカルテラス宝塚301", "url": "https://www.kaigokensaku.mhlw.go.jp/28/index.php?action_kouhyou_detail_004_kani=true&JigyosyoCd=2871100976-00&ServiceCd=430&Type=search", "url2": "https://takarazuka-clinic.jp" }, "geometry": { "type": "Point", "coordinates": [ 135.354328492065378, 34.787300675960005 ] } },
{ "type": "Feature", "properties": { "内容": "リンクケアプランセンター宝塚【居宅介護支援】兵庫県宝塚市安倉南2丁目2-14", "url": "https://www.kaigokensaku.mhlw.go.jp/28/index.php?action_kouhyou_detail_004_kani=true&JigyosyoCd=2891100378-00&ServiceCd=430&Type=search", "url2": "https://hcl-hanshin.com/kyotaku" }, "geometry": { "type": "Point", "coordinates": [ 135.3745377, 34.7956354 ] } },
{ "type": "Feature", "properties": { "内容": "グリーンホーム三木　居宅介護支援事業所【居宅介護支援】兵庫県三木市与呂木683‐397", "url": "https://www.kaigokensaku.mhlw.go.jp/28/index.php?action_kouhyou_detail_004_kani=true&JigyosyoCd=2872300773-00&ServiceCd=430&Type=search", "url2": "http://yuwa-fukushikai.or.jp/" }, "geometry": { "type": "Point", "coordinates": [ 135.0092536, 34.807311 ] } },
{ "type": "Feature", "properties": { "内容": "在宅介護支援センターひまわり【居宅介護支援】兵庫県三木市緑が丘町西４丁目４８番地", "url": "https://www.kaigokensaku.mhlw.go.jp/28/index.php?action_kouhyou_detail_004_kani=true&JigyosyoCd=2872300831-00&ServiceCd=430&Type=search", "url2": "http://www.miki.or.jp" }, "geometry": { "type": "Point", "coordinates": [ 135.030318200000011, 34.7766681 ] } },
{ "type": "Feature", "properties": { "内容": "株式会社あいむ介護サービス【居宅介護支援】三木市宿原1270番地122", "url": "https://www.kaigokensaku.mhlw.go.jp/28/index.php?action_kouhyou_detail_004_kani=true&JigyosyoCd=2872301037-00&ServiceCd=430&Type=search", "url2": "aimukaigo.com" }, "geometry": { "type": "Point", "coordinates": [ 134.998819436020653, 34.794092365676818 ] } },
{ "type": "Feature", "properties": { "内容": "医療法人社団　敬命会　吉川病院【居宅介護支援】兵庫県三木市吉川町稲田１番地の２", "url": "https://www.kaigokensaku.mhlw.go.jp/28/index.php?action_kouhyou_detail_004_kani=true&JigyosyoCd=2812301576-00&ServiceCd=430&Type=search", "url2": "yokawa-hospital.com" }, "geometry": { "type": "Point", "coordinates": [ 135.123558799999955, 34.8872436 ] } },
{ "type": "Feature", "properties": { "内容": "さざんかの郷【居宅介護支援】兵庫県三木市吉川町大沢418番地", "url": "https://www.kaigokensaku.mhlw.go.jp/28/index.php?action_kouhyou_detail_004_kani=true&JigyosyoCd=2872400011-00&ServiceCd=430&Type=search", "url2": "http://www.sazankanosato.com" }, "geometry": { "type": "Point", "coordinates": [ 135.121250599999939, 34.8835051 ] } },
{ "type": "Feature", "properties": { "内容": "介護センターはっぴい【居宅介護支援】兵庫県三木市末広1-6-55", "url": "https://www.kaigokensaku.mhlw.go.jp/28/index.php?action_kouhyou_detail_004_kani=true&JigyosyoCd=2872301367-00&ServiceCd=430&Type=search", "url2": null }, "geometry": { "type": "Point", "coordinates": [ 134.984798, 34.8013735 ] } },
{ "type": "Feature", "properties": { "内容": "ポリーライフケアサービス有限会社緑が丘営業所【居宅介護支援】三木市緑が丘町中１丁目８－２３", "url": "https://www.kaigokensaku.mhlw.go.jp/28/index.php?action_kouhyou_detail_004_kani=true&JigyosyoCd=2872300310-00&ServiceCd=430&Type=search", "url2": "www.poly-lifecare.com" }, "geometry": { "type": "Point", "coordinates": [ 135.029017300000021, 34.7685893 ] } },
{ "type": "Feature", "properties": { "内容": "指定居宅介護支援事業所さくら介護センター【居宅介護支援】兵庫県三木市志染町東自由が丘１丁目８２１", "url": "https://www.kaigokensaku.mhlw.go.jp/28/index.php?action_kouhyou_detail_004_kani=true&JigyosyoCd=2872300336-00&ServiceCd=430&Type=search", "url2": null }, "geometry": { "type": "Point", "coordinates": [ 135.0243104, 34.7767708 ] } },
{ "type": "Feature", "properties": { "内容": "仁徳会　早川居宅介護支援事業所【居宅介護支援】兵庫県三木市平田120-1三木プラザ1階D号室", "url": "https://www.kaigokensaku.mhlw.go.jp/28/index.php?action_kouhyou_detail_004_kani=true&JigyosyoCd=2872300427-00&ServiceCd=430&Type=search", "url2": "http://jintokukai.or.jp/" }, "geometry": { "type": "Point", "coordinates": [ 134.973802656757925, 34.804479819966637 ] } },
{ "type": "Feature", "properties": { "内容": "ときわ介護支援センター【居宅介護支援】兵庫県三木市志染町広野５丁目２７1", "url": "https://www.kaigokensaku.mhlw.go.jp/28/index.php?action_kouhyou_detail_004_kani=true&JigyosyoCd=2872300682-00&ServiceCd=430&Type=search", "url2": null }, "geometry": { "type": "Point", "coordinates": [ 135.021396699999968, 34.77241 ] } },
{ "type": "Feature", "properties": { "内容": "居宅介護支援事業所みきやまミント【居宅介護支援】兵庫県三木市大村1074番159", "url": "https://www.kaigokensaku.mhlw.go.jp/28/index.php?action_kouhyou_detail_004_kani=true&JigyosyoCd=2872300781-00&ServiceCd=430&Type=search", "url2": "http://www.mikiyama-hp.jp/" }, "geometry": { "type": "Point", "coordinates": [ 134.96877090000001, 34.8095608 ] } },
{ "type": "Feature", "properties": { "内容": "居宅介護支援事業所えびすの郷【居宅介護支援】兵庫県三木市大塚206－6", "url": "https://www.kaigokensaku.mhlw.go.jp/28/index.php?action_kouhyou_detail_004_kani=true&JigyosyoCd=2872301086-00&ServiceCd=430&Type=search", "url2": "https://ebisunosato.com" }, "geometry": { "type": "Point", "coordinates": [ 134.999543099999983, 34.8001742 ] } },
{ "type": "Feature", "properties": { "内容": "在宅介護支援センター志染【居宅介護支援】兵庫県三木市志染町井上７４４番地の１", "url": "https://www.kaigokensaku.mhlw.go.jp/28/index.php?action_kouhyou_detail_004_kani=true&JigyosyoCd=2872300799-00&ServiceCd=430&Type=search", "url2": "http://www.miki.or.jp" }, "geometry": { "type": "Point", "coordinates": [ 135.034501099999943, 34.7977467 ] } },
{ "type": "Feature", "properties": { "内容": "在宅介護支援センター口吉川【居宅介護支援】兵庫県三木市口吉川町殿畑１４４番地", "url": "https://www.kaigokensaku.mhlw.go.jp/28/index.php?action_kouhyou_detail_004_kani=true&JigyosyoCd=2872300815-00&ServiceCd=430&Type=search", "url2": "http://www.miki.or.jp" }, "geometry": { "type": "Point", "coordinates": [ 135.062372699999969, 34.8563379 ] } },
{ "type": "Feature", "properties": { "内容": "在宅介護支援センター三木東【居宅介護支援】兵庫県三木市君が峰町３番３８号", "url": "https://www.kaigokensaku.mhlw.go.jp/28/index.php?action_kouhyou_detail_004_kani=true&JigyosyoCd=2872300849-00&ServiceCd=430&Type=search", "url2": "http://www.miki.or.jp" }, "geometry": { "type": "Point", "coordinates": [ 134.997587800000019, 34.795494 ] } },
{ "type": "Feature", "properties": { "内容": "在宅介護支援センター三木南【居宅介護支援】兵庫県三木市福井３丁目３番１２号", "url": "https://www.kaigokensaku.mhlw.go.jp/28/index.php?action_kouhyou_detail_004_kani=true&JigyosyoCd=2872300856-00&ServiceCd=430&Type=search", "url2": "http://www.miki.or.jp" }, "geometry": { "type": "Point", "coordinates": [ 134.979939400000035, 34.7950524 ] } },
{ "type": "Feature", "properties": { "内容": "在宅介護支援センター三木北【居宅介護支援】兵庫県三木市加佐５７７番１", "url": "https://www.kaigokensaku.mhlw.go.jp/28/index.php?action_kouhyou_detail_004_kani=true&JigyosyoCd=2872300864-00&ServiceCd=430&Type=search", "url2": "http://www.miki.or.jp" }, "geometry": { "type": "Point", "coordinates": [ 134.982461300000068, 34.8094398 ] } },
{ "type": "Feature", "properties": { "内容": "在宅介護支援センター自由が丘【居宅介護支援】兵庫県三木市志染町吉田1241番地の13", "url": "https://www.kaigokensaku.mhlw.go.jp/28/index.php?action_kouhyou_detail_004_kani=true&JigyosyoCd=2872300880-00&ServiceCd=430&Type=search", "url2": "http://www.miki.or.jp" }, "geometry": { "type": "Point", "coordinates": [ 135.01864420000004, 34.7887196 ] } },
{ "type": "Feature", "properties": { "内容": "在宅介護支援センター細川【居宅介護支援】細川町豊地１２３０番地", "url": "https://www.kaigokensaku.mhlw.go.jp/28/index.php?action_kouhyou_detail_004_kani=true&JigyosyoCd=2872301193-00&ServiceCd=430&Type=search", "url2": "http://www.miki.or.jp" }, "geometry": { "type": "Point", "coordinates": [ 135.024279100000058, 34.8254219 ] } },
{ "type": "Feature", "properties": { "内容": "みき在宅介護太鼓判【居宅介護支援】兵庫県三木市緑が丘町西1丁目6番19号", "url": "https://www.kaigokensaku.mhlw.go.jp/28/index.php?action_kouhyou_detail_004_kani=true&JigyosyoCd=2872301177-00&ServiceCd=430&Type=search", "url2": "https://miki-taikoban.jimdoweb.com/%E5%B1%85%E5%AE%85%E4%BB%8B%E8%AD%B7%E6%94%AF%E6%8F%B4/" }, "geometry": { "type": "Point", "coordinates": [ 135.027066272352613, 34.77322117264228 ] } },
{ "type": "Feature", "properties": { "内容": "三木山陽病院居宅介護支援事業所【居宅介護支援】兵庫県三木市志染町吉田1213-1", "url": "https://www.kaigokensaku.mhlw.go.jp/28/index.php?action_kouhyou_detail_004_kani=true&JigyosyoCd=2872301151-00&ServiceCd=430&Type=search", "url2": "http://www.mikisanyo-hp.com" }, "geometry": { "type": "Point", "coordinates": [ 135.0133141, 34.7904972 ] } },
{ "type": "Feature", "properties": { "内容": "風蘭居宅介護支援センター【居宅介護支援】三木市志染町西自由が丘１丁目１１４", "url": "https://www.kaigokensaku.mhlw.go.jp/28/index.php?action_kouhyou_detail_004_kani=true&JigyosyoCd=2872301011-00&ServiceCd=430&Type=search", "url2": "http://www.fooran.jp" }, "geometry": { "type": "Point", "coordinates": [ 135.009454, 34.7856411 ] } },
{ "type": "Feature", "properties": { "内容": "医療法人社団　仁恵会　介護老人保健施設　サンビラ三木【居宅介護支援】三木市与呂木字高野越６８３－４", "url": "https://www.kaigokensaku.mhlw.go.jp/28/index.php?action_kouhyou_detail_004_kani=true&JigyosyoCd=2852380019-00&ServiceCd=430&Type=search", "url2": "http://www.jinkeikai-group.or.jp/sunvilla/" }, "geometry": { "type": "Point", "coordinates": [ 135.008744282000748, 34.807630648098616 ] } },
{ "type": "Feature", "properties": { "内容": "鹿島の郷　居宅介護支援事業所【居宅介護支援】阿弥陀町南池94-1", "url": "https://www.kaigokensaku.mhlw.go.jp/28/index.php?action_kouhyou_detail_004_kani=true&JigyosyoCd=2872100488-00&ServiceCd=430&Type=search", "url2": "https://ftk1998.or.jp" }, "geometry": { "type": "Point", "coordinates": [ 134.7821209, 34.7885464 ] } },
{ "type": "Feature", "properties": { "内容": "介護老人保健施設ハーモニー園【居宅介護支援】高砂市高砂町松波町４４０－６", "url": "https://www.kaigokensaku.mhlw.go.jp/28/index.php?action_kouhyou_detail_004_kani=true&JigyosyoCd=2852180013-00&ServiceCd=430&Type=search", "url2": "http://www.harmony-en.com" }, "geometry": { "type": "Point", "coordinates": [ 134.797646399999962, 34.7521611 ] } },
{ "type": "Feature", "properties": { "内容": "かおる看護介護相談【居宅介護支援】兵庫県高砂市金ケ田町6番7-3号", "url": "https://www.kaigokensaku.mhlw.go.jp/28/index.php?action_kouhyou_detail_004_kani=true&JigyosyoCd=2872101197-00&ServiceCd=430&Type=search", "url2": null }, "geometry": { "type": "Point", "coordinates": [ 134.7667351, 34.7976922 ] } },
{ "type": "Feature", "properties": { "内容": "レガーメ居宅介護支援事業所【居宅介護支援】兵庫県高砂市神爪１丁目１３ー１３マエダファーストビル１C", "url": "https://www.kaigokensaku.mhlw.go.jp/28/index.php?action_kouhyou_detail_004_kani=true&JigyosyoCd=2872101379-00&ServiceCd=430&Type=search", "url2": null }, "geometry": { "type": "Point", "coordinates": [ 134.810564699999986, 34.7860707 ] } },
{ "type": "Feature", "properties": { "内容": "やぶもと介護・福祉の相談室【居宅介護支援】荒井町小松原2丁目15-8", "url": "https://www.kaigokensaku.mhlw.go.jp/28/index.php?action_kouhyou_detail_004_kani=true&JigyosyoCd=2872100991-00&ServiceCd=430&Type=search", "url2": "yabumoto-kaigo.jimdo.com/" }, "geometry": { "type": "Point", "coordinates": [ 134.801637600000049, 34.7601327 ] } },
{ "type": "Feature", "properties": { "内容": "医療法人社団　魚川医院　ゆうゆうケアマネセンター【居宅介護支援】兵庫県高砂市米田町米田873-2", "url": "https://www.kaigokensaku.mhlw.go.jp/28/index.php?action_kouhyou_detail_004_kani=true&JigyosyoCd=2872100264-00&ServiceCd=430&Type=search", "url2": "http://uokawa-home.com" }, "geometry": { "type": "Point", "coordinates": [ 134.8079311, 34.7747541 ] } },
{ "type": "Feature", "properties": { "内容": "なないろ居宅介護支援事業所【居宅介護支援】高砂市中筋1丁目12番22号春日野マンション102号", "url": "https://www.kaigokensaku.mhlw.go.jp/28/index.php?action_kouhyou_detail_004_kani=true&JigyosyoCd=2872101189-00&ServiceCd=430&Type=search", "url2": null }, "geometry": { "type": "Point", "coordinates": [ 134.771907387977535, 34.791717384503329 ] } },
{ "type": "Feature", "properties": { "内容": "株式会社　高砂地域ケアサポート　高砂地域ケア居宅介護支援事業所【居宅介護支援】伊保崎3丁目16－20", "url": "https://www.kaigokensaku.mhlw.go.jp/28/index.php?action_kouhyou_detail_004_kani=true&JigyosyoCd=2872100843-00&ServiceCd=430&Type=search", "url2": "https://www.kenchan-support.com" }, "geometry": { "type": "Point", "coordinates": [ 134.78091509852527, 34.775909049853041 ] } },
{ "type": "Feature", "properties": { "内容": "じょうとんば居宅介護支援事業所【居宅介護支援】兵庫県高砂市高砂町農人町1788-1プレステージ高砂101号", "url": "https://www.kaigokensaku.mhlw.go.jp/28/index.php?action_kouhyou_detail_004_kani=true&JigyosyoCd=2872101429-00&ServiceCd=430&Type=search", "url2": null }, "geometry": { "type": "Point", "coordinates": [ 134.801598891401682, 34.748945176394663 ] } },
{ "type": "Feature", "properties": { "内容": "株式会社　まごころケア－研究センター高砂【居宅介護支援】兵庫県高砂市荒井町御旅1丁目2-39荒井ビル", "url": "https://www.kaigokensaku.mhlw.go.jp/28/index.php?action_kouhyou_detail_004_kani=true&JigyosyoCd=2872100314-00&ServiceCd=430&Type=search", "url2": "magokoro.plan@cyclo-inc.jp" }, "geometry": { "type": "Point", "coordinates": [ 134.79531350000002, 34.764193400000011 ] } },
{ "type": "Feature", "properties": { "内容": "ふぁ～みんケアプランセンター【居宅介護支援】兵庫県高砂市阿弥陀町阿弥陀1146", "url": "https://www.kaigokensaku.mhlw.go.jp/28/index.php?action_kouhyou_detail_004_kani=true&JigyosyoCd=2872101411-00&ServiceCd=430&Type=search", "url2": "https://www.fukuinaho.jp/" }, "geometry": { "type": "Point", "coordinates": [ 134.780126, 34.7957082 ] } },
{ "type": "Feature", "properties": { "内容": "ロコモケアプランニング【居宅介護支援】兵庫県高砂市今市２丁目３０１－１", "url": "https://www.kaigokensaku.mhlw.go.jp/28/index.php?action_kouhyou_detail_004_kani=true&JigyosyoCd=2872101098-00&ServiceCd=430&Type=search", "url2": "https://tsukudaseikei.com/plan/home/" }, "geometry": { "type": "Point", "coordinates": [ 134.798307930770761, 34.767077236073874 ] } },
{ "type": "Feature", "properties": { "内容": "特別養護老人ホームのじぎくの里　居宅介護支援事業所【居宅介護支援】兵庫県高砂市北浜町西浜773-3", "url": "https://www.kaigokensaku.mhlw.go.jp/28/index.php?action_kouhyou_detail_004_kani=true&JigyosyoCd=2872100322-00&ServiceCd=430&Type=search", "url2": "http:/www.nojigiku.or.jp/" }, "geometry": { "type": "Point", "coordinates": [ 134.748401800000011, 34.7855176 ] } },
{ "type": "Feature", "properties": { "内容": "てのひら【居宅介護支援】荒井町小松原2丁目12-5", "url": "https://www.kaigokensaku.mhlw.go.jp/28/index.php?action_kouhyou_detail_004_kani=true&JigyosyoCd=2872100678-00&ServiceCd=430&Type=search", "url2": "//guru-puribinngutenohira.jimdo.com" }, "geometry": { "type": "Point", "coordinates": [ 134.803216199999952, 34.75979090000002 ] } },
{ "type": "Feature", "properties": { "内容": "わかば居宅介護支援事業所【居宅介護支援】高砂市高須3-29", "url": "https://www.kaigokensaku.mhlw.go.jp/28/index.php?action_kouhyou_detail_004_kani=true&JigyosyoCd=2872100827-00&ServiceCd=430&Type=search", "url2": null }, "geometry": { "type": "Point", "coordinates": [ 134.779131160509763, 34.764415907526299 ] } },
{ "type": "Feature", "properties": { "内容": "ケアプランセンター青空【居宅介護支援】兵庫県高砂市梅井３丁目２番１６号", "url": "https://www.kaigokensaku.mhlw.go.jp/28/index.php?action_kouhyou_detail_004_kani=true&JigyosyoCd=2872101023-00&ServiceCd=430&Type=search", "url2": null }, "geometry": { "type": "Point", "coordinates": [ 134.777621, 34.7704199 ] } },
{ "type": "Feature", "properties": { "内容": "サンリットひまわり園【居宅介護支援】高砂市高砂町松波町４４０番５", "url": "https://www.kaigokensaku.mhlw.go.jp/28/index.php?action_kouhyou_detail_004_kani=true&JigyosyoCd=2872100033-00&ServiceCd=430&Type=search", "url2": "http://care-net.biz/28/matunami/" }, "geometry": { "type": "Point", "coordinates": [ 134.797315900000058, 34.7527138 ] } },
{ "type": "Feature", "properties": { "内容": "めぐみ苑居宅介護支援事業所【居宅介護支援】高砂市阿弥陀町阿弥陀43-1", "url": "https://www.kaigokensaku.mhlw.go.jp/28/index.php?action_kouhyou_detail_004_kani=true&JigyosyoCd=2872100108-00&ServiceCd=430&Type=search", "url2": "http://www.megumien.jp" }, "geometry": { "type": "Point", "coordinates": [ 134.786457199999973, 34.79779 ] } },
{ "type": "Feature", "properties": { "内容": "東高砂介護相談センター【居宅介護支援】兵庫県高砂市米田町古新３１０ｻｰﾋﾞｽ付き高齢者住宅ラポール東高砂", "url": "https://www.kaigokensaku.mhlw.go.jp/28/index.php?action_kouhyou_detail_004_kani=true&JigyosyoCd=2872100728-00&ServiceCd=430&Type=search", "url2": "www.higashitakasago.com" }, "geometry": { "type": "Point", "coordinates": [ 134.809615314819325, 34.772449386412703 ] } },
{ "type": "Feature", "properties": { "内容": "中島居宅介護支援事業所常寿園【居宅介護支援】兵庫県高砂市中島1丁目6-8", "url": "https://www.kaigokensaku.mhlw.go.jp/28/index.php?action_kouhyou_detail_004_kani=true&JigyosyoCd=2872100298-00&ServiceCd=430&Type=search", "url2": "http://www.jyoujyuen.com/" }, "geometry": { "type": "Point", "coordinates": [ 134.800371133729556, 34.768567493450782 ] } },
{ "type": "Feature", "properties": { "内容": "ほのぼの居宅介護支援センター【居宅介護支援】兵庫県高砂市米田町米田1119-7", "url": "https://www.kaigokensaku.mhlw.go.jp/28/index.php?action_kouhyou_detail_004_kani=true&JigyosyoCd=2872100835-00&ServiceCd=430&Type=search", "url2": null }, "geometry": { "type": "Point", "coordinates": [ 134.819285199999968, 34.779001 ] } },
{ "type": "Feature", "properties": { "内容": "高砂西部病院居宅介護支援事業所【居宅介護支援】兵庫県高砂市中筋1丁目10-41高砂西部病院", "url": "https://www.kaigokensaku.mhlw.go.jp/28/index.php?action_kouhyou_detail_004_kani=true&JigyosyoCd=2872101338-00&ServiceCd=430&Type=search", "url2": "http://www.takasagoseibu.jp/" }, "geometry": { "type": "Point", "coordinates": [ 134.772347599999989, 34.7892497 ] } },
{ "type": "Feature", "properties": { "内容": "常寿園居宅介護支援事業所【居宅介護支援】兵庫県高砂市北浜町牛谷721-1", "url": "https://www.kaigokensaku.mhlw.go.jp/28/index.php?action_kouhyou_detail_004_kani=true&JigyosyoCd=2872100025-00&ServiceCd=430&Type=search", "url2": "http://www.jyoujyuen.com/" }, "geometry": { "type": "Point", "coordinates": [ 134.76066670000003, 34.7934785 ] } },
{ "type": "Feature", "properties": { "内容": "高砂市社会福祉協議会ふれあい居宅介護支援事業所【居宅介護支援】兵庫県高砂市高砂町松波町440番地の35高砂市ユーアイ福祉交流センター内", "url": "https://www.kaigokensaku.mhlw.go.jp/28/index.php?action_kouhyou_detail_004_kani=true&JigyosyoCd=2872100041-00&ServiceCd=430&Type=search", "url2": "http://www.takasago-syakyo.or.jp/" }, "geometry": { "type": "Point", "coordinates": [ 134.796818576660144, 34.752151746865287 ] } },
{ "type": "Feature", "properties": { "内容": "医療法人協和会　スミスケアプランセンター【居宅介護支援】兵庫県川西市平野2丁目11番5号", "url": "https://www.kaigokensaku.mhlw.go.jp/28/index.php?action_kouhyou_detail_004_kani=true&JigyosyoCd=2873100065-00&ServiceCd=430&Type=search", "url2": "http://www.kyowakai.com" }, "geometry": { "type": "Point", "coordinates": [ 135.414994872902099, 34.86607552765259 ] } },
{ "type": "Feature", "properties": { "内容": "ケアプランセンターさつき【居宅介護支援】兵庫県川西市丸山台1丁目2番地の115", "url": "https://www.kaigokensaku.mhlw.go.jp/28/index.php?action_kouhyou_detail_004_kani=true&JigyosyoCd=2873102749-00&ServiceCd=430&Type=search", "url2": null }, "geometry": { "type": "Point", "coordinates": [ 135.400267899999989, 34.9070593 ] } },
{ "type": "Feature", "properties": { "内容": "ケアプランセンター胡蝶の森【居宅介護支援】向陽台1-6-39センタービル", "url": "https://www.kaigokensaku.mhlw.go.jp/28/index.php?action_kouhyou_detail_004_kani=true&JigyosyoCd=2873102855-00&ServiceCd=430&Type=search", "url2": "https：//www．ephr.jp" }, "geometry": { "type": "Point", "coordinates": [ 136.632963600000011, 36.6349898 ] } },
{ "type": "Feature", "properties": { "内容": "ケアライフたなばた【居宅介護支援】兵庫県川西市清流台７番17号", "url": "https://www.kaigokensaku.mhlw.go.jp/28/index.php?action_kouhyou_detail_004_kani=true&JigyosyoCd=2873103200-00&ServiceCd=430&Type=search", "url2": "http://hp.kaipoke.biz/04k/" }, "geometry": { "type": "Point", "coordinates": [ 135.4001374, 34.8832154 ] } },
{ "type": "Feature", "properties": { "内容": "れもんケアプランセンター【居宅介護支援】兵庫県川西市一庫３丁目7-20", "url": "https://www.kaigokensaku.mhlw.go.jp/28/index.php?action_kouhyou_detail_004_kani=true&JigyosyoCd=2873103192-00&ServiceCd=430&Type=search", "url2": null }, "geometry": { "type": "Point", "coordinates": [ 135.4006158, 34.9029111 ] } },
{ "type": "Feature", "properties": { "内容": "さぎそう園居宅介護支援事業所【居宅介護支援】兵庫県川西市丸山台３丁目５番地の６", "url": "https://www.kaigokensaku.mhlw.go.jp/28/index.php?action_kouhyou_detail_004_kani=true&JigyosyoCd=2873100107-00&ServiceCd=430&Type=search", "url2": "http://www.seisin.or.jp" }, "geometry": { "type": "Point", "coordinates": [ 135.408205800000019, 34.9154829 ] } },
{ "type": "Feature", "properties": { "内容": "ミヤケ薬局居宅介護支援事業所【居宅介護支援】兵庫県川西市出在家町１番６号タキイビル２階", "url": "https://www.kaigokensaku.mhlw.go.jp/28/index.php?action_kouhyou_detail_004_kani=true&JigyosyoCd=2873100115-00&ServiceCd=430&Type=search", "url2": "http://www.heartfulcare.com." }, "geometry": { "type": "Point", "coordinates": [ 135.4210144, 34.8365086 ] } },
{ "type": "Feature", "properties": { "内容": "ハピネス川西居宅介護支援事業所【居宅介護支援】兵庫県川西市加茂３－２６－１３", "url": "https://www.kaigokensaku.mhlw.go.jp/28/index.php?action_kouhyou_detail_004_kani=true&JigyosyoCd=2873100362-00&ServiceCd=430&Type=search", "url2": "http://www.seisin.or.jp" }, "geometry": { "type": "Point", "coordinates": [ 135.401915799999983, 34.8175857 ] } },
{ "type": "Feature", "properties": { "内容": "三栄ケアプランセンター【居宅介護支援】兵庫県川西市西多田２丁目２番８号", "url": "https://www.kaigokensaku.mhlw.go.jp/28/index.php?action_kouhyou_detail_004_kani=true&JigyosyoCd=2873100537-00&ServiceCd=430&Type=search", "url2": "http://www.sanei-cs.com" }, "geometry": { "type": "Point", "coordinates": [ 135.406056300000046, 34.8536153 ] } },
{ "type": "Feature", "properties": { "内容": "あんずケアプランセンター【居宅介護支援】兵庫県川西市小花１丁目１２－１６", "url": "https://www.kaigokensaku.mhlw.go.jp/28/index.php?action_kouhyou_detail_004_kani=true&JigyosyoCd=2873101618-00&ServiceCd=430&Type=search", "url2": null }, "geometry": { "type": "Point", "coordinates": [ 135.4137756, 34.8249434 ] } },
{ "type": "Feature", "properties": { "内容": "居宅介護支援事業所フルライフケア川西【居宅介護支援】兵庫県川西市久代4－5－3", "url": "https://www.kaigokensaku.mhlw.go.jp/28/index.php?action_kouhyou_detail_004_kani=true&JigyosyoCd=2873101675-00&ServiceCd=430&Type=search", "url2": null }, "geometry": { "type": "Point", "coordinates": [ 135.403827729497607, 34.802104215770939 ] } },
{ "type": "Feature", "properties": { "内容": "あいな清和苑居宅支援センター【居宅介護支援】兵庫県川西市久代６丁目１番９８号", "url": "https://www.kaigokensaku.mhlw.go.jp/28/index.php?action_kouhyou_detail_004_kani=true&JigyosyoCd=2873101857-00&ServiceCd=430&Type=search", "url2": "https://ina-seiwaen.coｍ" }, "geometry": { "type": "Point", "coordinates": [ 135.418325900000013, 34.8028984 ] } },
{ "type": "Feature", "properties": { "内容": "ケアプランセンターよつば【居宅介護支援】兵庫県川西市向陽台1-3-10", "url": "https://www.kaigokensaku.mhlw.go.jp/28/index.php?action_kouhyou_detail_004_kani=true&JigyosyoCd=2873102483-00&ServiceCd=430&Type=search", "url2": null }, "geometry": { "type": "Point", "coordinates": [ 135.41260520000003, 34.8727689 ] } },
{ "type": "Feature", "properties": { "内容": "ケアプラン　みんと【居宅介護支援】栄根2-22-5-302トサキビル", "url": "https://www.kaigokensaku.mhlw.go.jp/28/index.php?action_kouhyou_detail_004_kani=true&JigyosyoCd=2873102889-00&ServiceCd=430&Type=search", "url2": "http://hp.kaipoke.biz/axt/" }, "geometry": { "type": "Point", "coordinates": [ 135.41098, 34.8235886 ] } },
{ "type": "Feature", "properties": { "内容": "ミモザケアプランセンター【居宅介護支援】兵庫県川西市水明台4丁目２－２５", "url": "https://www.kaigokensaku.mhlw.go.jp/28/index.php?action_kouhyou_detail_004_kani=true&JigyosyoCd=2873103028-00&ServiceCd=430&Type=search", "url2": null }, "geometry": { "type": "Point", "coordinates": [ 135.3995904, 34.8801153 ] } },
{ "type": "Feature", "properties": { "内容": "アップルケアプランセンター川西北【居宅介護支援】兵庫県川西市東畦野2-5-10イワオビル10番館401号室", "url": "https://www.kaigokensaku.mhlw.go.jp/28/index.php?action_kouhyou_detail_004_kani=true&JigyosyoCd=2873103150-00&ServiceCd=430&Type=search", "url2": "https://apple-aoki.com/" }, "geometry": { "type": "Point", "coordinates": [ 135.414625199999989, 34.8849399 ] } },
{ "type": "Feature", "properties": { "内容": "ケアプランセンター　わたあめ【居宅介護支援】兵庫県川西市平野3丁目21番15号福川ビル101号", "url": "https://www.kaigokensaku.mhlw.go.jp/28/index.php?action_kouhyou_detail_004_kani=true&JigyosyoCd=2873103184-00&ServiceCd=430&Type=search", "url2": null }, "geometry": { "type": "Point", "coordinates": [ 135.4176032, 34.8724441 ] } },
{ "type": "Feature", "properties": { "内容": "プラスワンケアサポート株式会社【居宅介護支援】兵庫県川西市栄町25番1号アステ川西5階", "url": "https://www.kaigokensaku.mhlw.go.jp/28/index.php?action_kouhyou_detail_004_kani=true&JigyosyoCd=2873100016-00&ServiceCd=430&Type=search", "url2": "http://www.plusone-group.co.jp" }, "geometry": { "type": "Point", "coordinates": [ 135.4129451, 34.8265127 ] } },
{ "type": "Feature", "properties": { "内容": "ほっとあんしんケアセンター【居宅介護支援】川西市美園町1番26号", "url": "https://www.kaigokensaku.mhlw.go.jp/28/index.php?action_kouhyou_detail_004_kani=true&JigyosyoCd=2873100685-00&ServiceCd=430&Type=search", "url2": "https://hotanshin.com" }, "geometry": { "type": "Point", "coordinates": [ 135.414408699999967, 34.8313206 ] } },
{ "type": "Feature", "properties": { "内容": "ハートケアプランセンター【居宅介護支援】兵庫県川西市向陽台3-5-90", "url": "https://www.kaigokensaku.mhlw.go.jp/28/index.php?action_kouhyou_detail_004_kani=true&JigyosyoCd=2873102061-00&ServiceCd=430&Type=search", "url2": "http://medical-heart.jp" }, "geometry": { "type": "Point", "coordinates": [ 135.403236900000024, 34.8755104 ] } },
{ "type": "Feature", "properties": { "内容": "花音【居宅介護支援】兵庫県川西市緑台６丁目2-53", "url": "https://www.kaigokensaku.mhlw.go.jp/28/index.php?action_kouhyou_detail_004_kani=true&JigyosyoCd=2873102657-00&ServiceCd=430&Type=search", "url2": null }, "geometry": { "type": "Point", "coordinates": [ 135.400528811083973, 34.869435452997749 ] } },
{ "type": "Feature", "properties": { "内容": "ケアプランステーションこころけやき坂【居宅介護支援】兵庫県川西市けやき坂2丁目62番地22", "url": "https://www.kaigokensaku.mhlw.go.jp/28/index.php?action_kouhyou_detail_004_kani=true&JigyosyoCd=2873102673-00&ServiceCd=430&Type=search", "url2": "https://www.caremind.co.jp/index.html" }, "geometry": { "type": "Point", "coordinates": [ 135.382543533868386, 34.860327522113764 ] } },
{ "type": "Feature", "properties": { "内容": "木村メディカルケアセンター【居宅介護支援】兵庫県川西市１－６－１８　１FN＆Hビル", "url": "https://www.kaigokensaku.mhlw.go.jp/28/index.php?action_kouhyou_detail_004_kani=true&JigyosyoCd=2873102715-00&ServiceCd=430&Type=search", "url2": "kn-clinic.com" }, "geometry": { "type": "Point", "coordinates": [ 135.41292390000001, 34.8277183 ] } },
{ "type": "Feature", "properties": { "内容": "医療法人協和会　協立ケアプランセンター【居宅介護支援】兵庫県川西市中央町15番27号", "url": "https://www.kaigokensaku.mhlw.go.jp/28/index.php?action_kouhyou_detail_004_kani=true&JigyosyoCd=2873100057-00&ServiceCd=430&Type=search", "url2": "http://www.kyowakai.com" }, "geometry": { "type": "Point", "coordinates": [ 135.415025608073421, 34.830849444121277 ] } },
{ "type": "Feature", "properties": { "内容": "有限会社たお【居宅介護支援】兵庫県川西市栄根2-24-7", "url": "https://www.kaigokensaku.mhlw.go.jp/28/index.php?action_kouhyou_detail_004_kani=true&JigyosyoCd=2873100099-00&ServiceCd=430&Type=search", "url2": null }, "geometry": { "type": "Point", "coordinates": [ 135.410467700000027, 34.821602 ] } },
{ "type": "Feature", "properties": { "内容": "ニチイケアセンター川西【居宅介護支援】兵庫県川西市中央町3-2川西北ビル５Ｆ", "url": "https://www.kaigokensaku.mhlw.go.jp/28/index.php?action_kouhyou_detail_004_kani=true&JigyosyoCd=2873100149-00&ServiceCd=430&Type=search", "url2": "http://www.nichiigakkan.co.jp" }, "geometry": { "type": "Point", "coordinates": [ 135.415358700000098, 34.8293597 ] } },
{ "type": "Feature", "properties": { "内容": "湯々館居宅介護支援事業所【居宅介護支援】兵庫県川西市西多田字平井田筋５番地", "url": "https://www.kaigokensaku.mhlw.go.jp/28/index.php?action_kouhyou_detail_004_kani=true&JigyosyoCd=2873100479-00&ServiceCd=430&Type=search", "url2": "http://toto-kan.org/" }, "geometry": { "type": "Point", "coordinates": [ 135.399109800000019, 34.8517237 ] } },
{ "type": "Feature", "properties": { "内容": "医療法人晋真会　ベリタスケアプランセンター【居宅介護支援】兵庫県川西市新田1-2-23", "url": "https://www.kaigokensaku.mhlw.go.jp/28/index.php?action_kouhyou_detail_004_kani=true&JigyosyoCd=2873100941-00&ServiceCd=430&Type=search", "url2": "http://www.shinshinkai.jp" }, "geometry": { "type": "Point", "coordinates": [ 135.410531712966986, 34.861170312606561 ] } },
{ "type": "Feature", "properties": { "内容": "なのはな【居宅介護支援】花屋敷1丁目1-19フロス１　１階", "url": "https://www.kaigokensaku.mhlw.go.jp/28/index.php?action_kouhyou_detail_004_kani=true&JigyosyoCd=2873101394-00&ServiceCd=430&Type=search", "url2": null }, "geometry": { "type": "Point", "coordinates": [ 135.410977294056693, 34.830021279562366 ] } },
{ "type": "Feature", "properties": { "内容": "ケアプランセンター　もみじ【居宅介護支援】兵庫県川西市笹部1丁目３－２１", "url": "https://www.kaigokensaku.mhlw.go.jp/28/index.php?action_kouhyou_detail_004_kani=true&JigyosyoCd=2873101501-00&ServiceCd=430&Type=search", "url2": "https://www.e-momiji.co.jp/" }, "geometry": { "type": "Point", "coordinates": [ 135.40719480000007, 34.8945843 ] } },
{ "type": "Feature", "properties": { "内容": "ケアワークス六華【居宅介護支援】兵庫県川西市水明台1-4-33", "url": "https://www.kaigokensaku.mhlw.go.jp/28/index.php?action_kouhyou_detail_004_kani=true&JigyosyoCd=2873102897-00&ServiceCd=430&Type=search", "url2": null }, "geometry": { "type": "Point", "coordinates": [ 135.4003046, 34.8737264 ] } },
{ "type": "Feature", "properties": { "内容": "介護の窓口里の風【居宅介護支援】兵庫県川西市見野2丁目8-18(2F)", "url": "https://www.kaigokensaku.mhlw.go.jp/28/index.php?action_kouhyou_detail_004_kani=true&JigyosyoCd=2873103036-00&ServiceCd=430&Type=search", "url2": null }, "geometry": { "type": "Point", "coordinates": [ 135.4091568, 34.8898606 ] } },
{ "type": "Feature", "properties": { "内容": "清和苑介護支援センター【居宅介護支援】兵庫県川西市清和台東　2丁目4番地の32", "url": "https://www.kaigokensaku.mhlw.go.jp/28/index.php?action_kouhyou_detail_004_kani=true&JigyosyoCd=2873100073-00&ServiceCd=430&Type=search", "url2": "http://www.ufo-group.jp" }, "geometry": { "type": "Point", "coordinates": [ 135.392024399999968, 34.8758576 ] } },
{ "type": "Feature", "properties": { "内容": "たんぽぽかいごしゃケアマネジメント【居宅介護支援】緑台7丁目8番地8移瀬ガーデンハイツ904号", "url": "https://www.kaigokensaku.mhlw.go.jp/28/index.php?action_kouhyou_detail_004_kani=true&JigyosyoCd=2873100990-00&ServiceCd=430&Type=search", "url2": null }, "geometry": { "type": "Point", "coordinates": [ 135.398669899999987, 34.8658584 ] } },
{ "type": "Feature", "properties": { "内容": "ケアプランセンタースマイルライフ【居宅介護支援】兵庫県小野市片山町1475-1", "url": "https://www.kaigokensaku.mhlw.go.jp/28/index.php?action_kouhyou_detail_004_kani=true&JigyosyoCd=2871900722-00&ServiceCd=430&Type=search", "url2": null }, "geometry": { "type": "Point", "coordinates": [ 134.923684877909864, 34.841438272725398 ] } },
{ "type": "Feature", "properties": { "内容": "さわらび居宅介護支援事業所【居宅介護支援】小野市西本町５７２", "url": "https://www.kaigokensaku.mhlw.go.jp/28/index.php?action_kouhyou_detail_004_kani=true&JigyosyoCd=2871900441-00&ServiceCd=430&Type=search", "url2": "https://www.kisshokai.or.jp/facilities4/index.html" }, "geometry": { "type": "Point", "coordinates": [ 134.930318, 34.8463382 ] } },
{ "type": "Feature", "properties": { "内容": "ふたばの里　介護相談センター【居宅介護支援】兵庫県小野市二葉町80番地の123", "url": "https://www.kaigokensaku.mhlw.go.jp/28/index.php?action_kouhyou_detail_004_kani=true&JigyosyoCd=2871900391-00&ServiceCd=430&Type=search", "url2": "http://www.hinode-wf.com/" }, "geometry": { "type": "Point", "coordinates": [ 134.946528100000023, 34.8395001 ] } },
{ "type": "Feature", "properties": { "内容": "社会福祉法人小野市社会福祉協議会ケアプランステーション【居宅介護支援】兵庫県小野市王子町８０１番地", "url": "https://www.kaigokensaku.mhlw.go.jp/28/index.php?action_kouhyou_detail_004_kani=true&JigyosyoCd=2871900623-00&ServiceCd=430&Type=search", "url2": "http://www.ono-shakyo.or.jp/" }, "geometry": { "type": "Point", "coordinates": [ 134.930084599999986, 34.8527097 ] } },
{ "type": "Feature", "properties": { "内容": "居宅介護支援事業所　シルバーランド【居宅介護支援】小野市葉多町２６１-1", "url": "https://www.kaigokensaku.mhlw.go.jp/28/index.php?action_kouhyou_detail_004_kani=true&JigyosyoCd=2871900060-00&ServiceCd=430&Type=search", "url2": null }, "geometry": { "type": "Point", "coordinates": [ 134.920829799999979, 34.8476047 ] } },
{ "type": "Feature", "properties": { "内容": "粟生逢花苑在宅介護支援センター【居宅介護支援】小野市粟生町字前田３６１０－１", "url": "https://www.kaigokensaku.mhlw.go.jp/28/index.php?action_kouhyou_detail_004_kani=true&JigyosyoCd=2871900052-00&ServiceCd=430&Type=search", "url2": "http://www.aoyama-med.gr.jp/ontokuwelfare/" }, "geometry": { "type": "Point", "coordinates": [ 134.908493351373295, 34.85690260057634 ] } },
{ "type": "Feature", "properties": { "内容": "オパール居宅介護支援事業所【居宅介護支援】兵庫県小野市復井町916-1", "url": "https://www.kaigokensaku.mhlw.go.jp/28/index.php?action_kouhyou_detail_004_kani=true&JigyosyoCd=2871900201-00&ServiceCd=430&Type=search", "url2": "https://seizankai-mc.com" }, "geometry": { "type": "Point", "coordinates": [ 134.935187700000029, 34.8995327 ] } },
{ "type": "Feature", "properties": { "内容": "オリーブ小野居宅介護支援事業【居宅介護支援】兵庫県小野市天神町973番", "url": "https://www.kaigokensaku.mhlw.go.jp/28/index.php?action_kouhyou_detail_004_kani=true&JigyosyoCd=2871900482-00&ServiceCd=430&Type=search", "url2": "http://www.ono-hp.eikokai1996.or.jp" }, "geometry": { "type": "Point", "coordinates": [ 134.941942616146918, 34.845254124467807 ] } },
{ "type": "Feature", "properties": { "内容": "ＧＴＬケアプランセンター小野【居宅介護支援】兵庫県小野市黒川町126番地１", "url": "https://www.kaigokensaku.mhlw.go.jp/28/index.php?action_kouhyou_detail_004_kani=true&JigyosyoCd=2871900532-00&ServiceCd=430&Type=search", "url2": "https://www.gtl-daiwa.co.jp/" }, "geometry": { "type": "Point", "coordinates": [ 134.941136599999936, 34.851298900000018 ] } },
{ "type": "Feature", "properties": { "内容": "青山荘指定居宅介護支援事業【居宅介護支援】兵庫県小野市復井町673番地20", "url": "https://www.kaigokensaku.mhlw.go.jp/28/index.php?action_kouhyou_detail_004_kani=true&JigyosyoCd=2871900011-00&ServiceCd=430&Type=search", "url2": "https://seizansou.or.jp/" }, "geometry": { "type": "Point", "coordinates": [ 134.934772213491783, 34.900155501113531 ] } },
{ "type": "Feature", "properties": { "内容": "三田市三輪３丁目６番２８－１０１号【居宅介護支援】兵庫県三田市三輪３丁目６番２８－１０１号アパートメントT‘S　１０１号", "url": "https://www.kaigokensaku.mhlw.go.jp/28/index.php?action_kouhyou_detail_004_kani=true&JigyosyoCd=2871201642-00&ServiceCd=430&Type=search", "url2": null }, "geometry": { "type": "Point", "coordinates": [ 135.2269827, 34.8951726 ] } },
{ "type": "Feature", "properties": { "内容": "居宅介護支援事業所　三田楽寿荘【居宅介護支援】三田市東本庄1188", "url": "https://www.kaigokensaku.mhlw.go.jp/28/index.php?action_kouhyou_detail_004_kani=true&JigyosyoCd=2871200032-00&ServiceCd=430&Type=search", "url2": "https://www.hirakataryoiku-med.or.jp" }, "geometry": { "type": "Point", "coordinates": [ 135.1657323, 34.9555946 ] } },
{ "type": "Feature", "properties": { "内容": "居宅介護支援事業所　まんかいプラン【居宅介護支援】三田市すずかけ台1丁目12番地生涯発達支援センター「まんかい」", "url": "https://www.kaigokensaku.mhlw.go.jp/28/index.php?action_kouhyou_detail_004_kani=true&JigyosyoCd=2871200453-00&ServiceCd=430&Type=search", "url2": null }, "geometry": { "type": "Point", "coordinates": [ 135.194993427925027, 34.900345080876754 ] } },
{ "type": "Feature", "properties": { "内容": "あおぞら居宅介護支援事業所【居宅介護支援】兵庫県三田市大畑清水357-1", "url": "https://www.kaigokensaku.mhlw.go.jp/28/index.php?action_kouhyou_detail_004_kani=true&JigyosyoCd=2871200529-00&ServiceCd=430&Type=search", "url2": "aozora-fukushi@hotmail.co.jp" }, "geometry": { "type": "Point", "coordinates": [ 135.186836399999947, 34.9382674 ] } },
{ "type": "Feature", "properties": { "内容": "居宅介護支援事業所　あいおい【居宅介護支援】兵庫県三田市相生町２４番２８号本町第２ビル３０１号", "url": "https://www.kaigokensaku.mhlw.go.jp/28/index.php?action_kouhyou_detail_004_kani=true&JigyosyoCd=2871200917-00&ServiceCd=430&Type=search", "url2": "http://hp.kaipoke.biz/1tg/" }, "geometry": { "type": "Point", "coordinates": [ 135.227281, 34.881541100000035 ] } },
{ "type": "Feature", "properties": { "内容": "三田きらくえん居宅介護支援事業所【居宅介護支援】兵庫県三田市下深田36-36三田きらくえん地域ケアセンター", "url": "https://www.kaigokensaku.mhlw.go.jp/28/index.php?action_kouhyou_detail_004_kani=true&JigyosyoCd=2871201097-00&ServiceCd=430&Type=search", "url2": "http://www.kirakuen.or.jp/jigyo/suma/index.html" }, "geometry": { "type": "Point", "coordinates": [ 135.210613631317528, 34.888501101278635 ] } },
{ "type": "Feature", "properties": { "内容": "オアシス三田　居宅介護支援事業所【居宅介護支援】三田市川除６７７番１号", "url": "https://www.kaigokensaku.mhlw.go.jp/28/index.php?action_kouhyou_detail_004_kani=true&JigyosyoCd=2871201188-00&ServiceCd=430&Type=search", "url2": "http://www.ja-oasis.com" }, "geometry": { "type": "Point", "coordinates": [ 135.21706218102031, 34.891861592911141 ] } },
{ "type": "Feature", "properties": { "内容": "居宅介護支援事業所いちにのさん【居宅介護支援】兵庫県三田市富士が丘5丁目16-1", "url": "https://www.kaigokensaku.mhlw.go.jp/28/index.php?action_kouhyou_detail_004_kani=true&JigyosyoCd=2871201584-00&ServiceCd=430&Type=search", "url2": "https://sanda.wakeikai-gr.or.jp/" }, "geometry": { "type": "Point", "coordinates": [ 135.2027656, 34.891367 ] } },
{ "type": "Feature", "properties": { "内容": "明居宅介護支援事業所【居宅介護支援】兵庫県三田市三輪４丁目２８番２７号", "url": "https://www.kaigokensaku.mhlw.go.jp/28/index.php?action_kouhyou_detail_004_kani=true&JigyosyoCd=2871201592-00&ServiceCd=430&Type=search", "url2": null }, "geometry": { "type": "Point", "coordinates": [ 135.2251525, 34.8992637 ] } },
{ "type": "Feature", "properties": { "内容": "医療法人社団　尚仁会　平島病院【居宅介護支援】兵庫県三田市天神１丁目２番１５号", "url": "https://www.kaigokensaku.mhlw.go.jp/28/index.php?action_kouhyou_detail_004_kani=true&JigyosyoCd=2811200647-00&ServiceCd=430&Type=search", "url2": "https://www.mc-shojin.or.jp/" }, "geometry": { "type": "Point", "coordinates": [ 135.222231400000027, 34.8897875 ] } },
{ "type": "Feature", "properties": { "内容": "社会福祉法人三田市社会福祉協議会　中央居宅介護支援事業所【居宅介護支援】三田市川除６７５番地三田市総合福祉保健センター", "url": "https://www.kaigokensaku.mhlw.go.jp/28/index.php?action_kouhyou_detail_004_kani=true&JigyosyoCd=2871200016-00&ServiceCd=430&Type=search", "url2": "https://www.sanda-shakyo.or.jp" }, "geometry": { "type": "Point", "coordinates": [ 135.217609700000025, 34.8927874 ] } },
{ "type": "Feature", "properties": { "内容": "三田温泉シルバーステイ居宅介護支援事業所【居宅介護支援】兵庫県三田市東山897-2", "url": "https://www.kaigokensaku.mhlw.go.jp/28/index.php?action_kouhyou_detail_004_kani=true&JigyosyoCd=2871200057-00&ServiceCd=430&Type=search", "url2": "http://www.keiai-kai.jp/" }, "geometry": { "type": "Point", "coordinates": [ 135.191799800000013, 34.9418644 ] } },
{ "type": "Feature", "properties": { "内容": "サンウエスト老人介護支援センター【居宅介護支援】兵庫県三田市小野1139-1", "url": "https://www.kaigokensaku.mhlw.go.jp/28/index.php?action_kouhyou_detail_004_kani=true&JigyosyoCd=2871200065-00&ServiceCd=430&Type=search", "url2": "http://www.sunwest-kaigo/jp" }, "geometry": { "type": "Point", "coordinates": [ 135.232121399999983, 34.9522718 ] } },
{ "type": "Feature", "properties": { "内容": "居宅介護支援事業所　咲楽【居宅介護支援】兵庫県三田市西山2丁目28-7", "url": "https://www.kaigokensaku.mhlw.go.jp/28/index.php?action_kouhyou_detail_004_kani=true&JigyosyoCd=2871200909-00&ServiceCd=430&Type=search", "url2": "http://www.kiyoukai.com" }, "geometry": { "type": "Point", "coordinates": [ 135.219451789544763, 34.882706741448622 ] } },
{ "type": "Feature", "properties": { "内容": "かのん居宅介護支援事業所【居宅介護支援】兵庫県三田市南が丘1-12-1ファーシルマンション101", "url": "https://www.kaigokensaku.mhlw.go.jp/28/index.php?action_kouhyou_detail_004_kani=true&JigyosyoCd=2871200990-00&ServiceCd=430&Type=search", "url2": null }, "geometry": { "type": "Point", "coordinates": [ 135.223149799999987, 34.8808479 ] } },
{ "type": "Feature", "properties": { "内容": "ケアプラン笑楽　三田【居宅介護支援】南が丘二丁目1番14号シャルム南が丘1階", "url": "https://www.kaigokensaku.mhlw.go.jp/28/index.php?action_kouhyou_detail_004_kani=true&JigyosyoCd=2871201410-00&ServiceCd=430&Type=search", "url2": "わらく.com" }, "geometry": { "type": "Point", "coordinates": [ 135.2220517, 34.8795071 ] } },
{ "type": "Feature", "properties": { "内容": "ケアプランスイッチオン三田居宅介護支援事業所【居宅介護支援】南が丘2丁目6-12", "url": "https://www.kaigokensaku.mhlw.go.jp/28/index.php?action_kouhyou_detail_004_kani=true&JigyosyoCd=2871201485-00&ServiceCd=430&Type=search", "url2": "switchon-Service.co.jp" }, "geometry": { "type": "Point", "coordinates": [ 135.219562700000012, 34.8780027 ] } },
{ "type": "Feature", "properties": { "内容": "社会福祉法人三翠会　さんすい園居宅介護支援事業所【居宅介護支援】兵庫県三田市下相野薬師尾1460番地の1", "url": "https://www.kaigokensaku.mhlw.go.jp/28/index.php?action_kouhyou_detail_004_kani=true&JigyosyoCd=2871200024-00&ServiceCd=430&Type=search", "url2": "http://sansui-en.org" }, "geometry": { "type": "Point", "coordinates": [ 135.165497, 34.938827 ] } },
{ "type": "Feature", "properties": { "内容": "アルカディア居宅介護支援事業所【居宅介護支援】兵庫県三田市東本庄2493", "url": "https://www.kaigokensaku.mhlw.go.jp/28/index.php?action_kouhyou_detail_004_kani=true&JigyosyoCd=2871200149-00&ServiceCd=430&Type=search", "url2": "https://ainokai.jp" }, "geometry": { "type": "Point", "coordinates": [ 135.161933099999942, 34.9514651 ] } },
{ "type": "Feature", "properties": { "内容": "藹藹　居宅介護支援事業所【居宅介護支援】兵庫県三田市川除154-2", "url": "https://www.kaigokensaku.mhlw.go.jp/28/index.php?action_kouhyou_detail_004_kani=true&JigyosyoCd=2871200768-00&ServiceCd=430&Type=search", "url2": "http://www.yokawa-hp.or.jp" }, "geometry": { "type": "Point", "coordinates": [ 135.2168514, 34.8977175 ] } },
{ "type": "Feature", "properties": { "内容": "ウェルフェアー株式会社　居宅介護支援事業所　ありまふじ【居宅介護支援】三田市志手原1076-41", "url": "https://www.kaigokensaku.mhlw.go.jp/28/index.php?action_kouhyou_detail_004_kani=true&JigyosyoCd=2871200859-00&ServiceCd=430&Type=search", "url2": "http://wel-fare.co.jp" }, "geometry": { "type": "Point", "coordinates": [ 135.236088500000051, 34.9162275 ] } },
{ "type": "Feature", "properties": { "内容": "こころゆりのき居宅介護支援事業所【居宅介護支援】兵庫県三田市ゆりのき台5丁目39番地19", "url": "https://www.kaigokensaku.mhlw.go.jp/28/index.php?action_kouhyou_detail_004_kani=true&JigyosyoCd=2871201451-00&ServiceCd=430&Type=search", "url2": null }, "geometry": { "type": "Point", "coordinates": [ 135.179976900000014, 34.9185261 ] } },
{ "type": "Feature", "properties": { "内容": "ケアマネジメントサンサリテ三田【居宅介護支援】兵庫県三田市中町１６番3号", "url": "https://www.kaigokensaku.mhlw.go.jp/28/index.php?action_kouhyou_detail_004_kani=true&JigyosyoCd=2871201501-00&ServiceCd=430&Type=search", "url2": "https://www.sincerite-kenwakai.com/sansaritesanda/" }, "geometry": { "type": "Point", "coordinates": [ 135.232699717860413, 34.884219337865218 ] } },
{ "type": "Feature", "properties": { "内容": "ロジケアさんだ【居宅介護支援】兵庫県三田市高次2丁目6-6", "url": "https://www.kaigokensaku.mhlw.go.jp/28/index.php?action_kouhyou_detail_004_kani=true&JigyosyoCd=2871201576-00&ServiceCd=430&Type=search", "url2": "http://logicare.co.jp/" }, "geometry": { "type": "Point", "coordinates": [ 135.2325947, 34.890360100000017 ] } },
{ "type": "Feature", "properties": { "内容": "一颯居宅介護支援事業所【居宅介護支援】兵庫県三田市武庫が丘６丁目１５番地６", "url": "https://www.kaigokensaku.mhlw.go.jp/28/index.php?action_kouhyou_detail_004_kani=true&JigyosyoCd=2871201634-00&ServiceCd=430&Type=search", "url2": null }, "geometry": { "type": "Point", "coordinates": [ 135.2058453, 34.8872962 ] } },
{ "type": "Feature", "properties": { "内容": "葵居宅介護支援事業所【居宅介護支援】けやき台五丁目１番地３", "url": "https://www.kaigokensaku.mhlw.go.jp/28/index.php?action_kouhyou_detail_004_kani=true&JigyosyoCd=2871201667-00&ServiceCd=430&Type=search", "url2": null }, "geometry": { "type": "Point", "coordinates": [ 135.1884737, 34.910224 ] } },
{ "type": "Feature", "properties": { "内容": "ひなたぼっこ居宅介護支援事業所【居宅介護支援】兵庫県三田市相生町３－１", "url": "https://www.kaigokensaku.mhlw.go.jp/28/index.php?action_kouhyou_detail_004_kani=true&JigyosyoCd=2871200982-00&ServiceCd=430&Type=search", "url2": null }, "geometry": { "type": "Point", "coordinates": [ 135.2296644, 34.8840224 ] } },
{ "type": "Feature", "properties": { "内容": "ルース居宅介護支援事業所【居宅介護支援】兵庫県三田市三輪2丁目1番10号グループホームひだまりの家", "url": "https://www.kaigokensaku.mhlw.go.jp/28/index.php?action_kouhyou_detail_004_kani=true&JigyosyoCd=2871200933-00&ServiceCd=430&Type=search", "url2": "http://www.loz-koei.com" }, "geometry": { "type": "Point", "coordinates": [ 135.224830317863706, 34.889241597819066 ] } },
{ "type": "Feature", "properties": { "内容": "神鉄ケアサービスセンター三田【居宅介護支援】三田市ゆりのき台1丁目102番ウッディタウン中央駅内", "url": "https://www.kaigokensaku.mhlw.go.jp/28/index.php?action_kouhyou_detail_004_kani=true&JigyosyoCd=2871200297-00&ServiceCd=430&Type=search", "url2": "http://www.shintetsu.co.jp" }, "geometry": { "type": "Point", "coordinates": [ 135.18236509999997, 34.9166552 ] } },
{ "type": "Feature", "properties": { "内容": "ゆりのき居宅支援事業所【居宅介護支援】三田市ゆりのき台2丁目1－3", "url": "https://www.kaigokensaku.mhlw.go.jp/28/index.php?action_kouhyou_detail_004_kani=true&JigyosyoCd=2871200818-00&ServiceCd=430&Type=search", "url2": "yurinoki-day@iris.eonet.ne.jp" }, "geometry": { "type": "Point", "coordinates": [ 135.177560099999937, 34.905517 ] } },
{ "type": "Feature", "properties": { "内容": "杜のふくろう居宅介護支援事業所【居宅介護支援】兵庫県三田市つつじが丘南４丁目２番地5", "url": "https://www.kaigokensaku.mhlw.go.jp/28/index.php?action_kouhyou_detail_004_kani=true&JigyosyoCd=2871201717-00&ServiceCd=430&Type=search", "url2": null }, "geometry": { "type": "Point", "coordinates": [ 135.1265948, 34.9423795 ] } },
{ "type": "Feature", "properties": { "内容": "加西シニアコミュニティ居宅介護支援事業所【居宅介護支援】兵庫県加西市中西町字広野６１６－１", "url": "https://www.kaigokensaku.mhlw.go.jp/28/index.php?action_kouhyou_detail_004_kani=true&JigyosyoCd=2872600362-00&ServiceCd=430&Type=search", "url2": null }, "geometry": { "type": "Point", "coordinates": [ 134.841786, 34.8948679 ] } },
{ "type": "Feature", "properties": { "内容": "加西白寿苑居宅介護支援センター【居宅介護支援】北条町東高室四ッ池１２３１-１", "url": "https://www.kaigokensaku.mhlw.go.jp/28/index.php?action_kouhyou_detail_004_kani=true&JigyosyoCd=2872600388-00&ServiceCd=430&Type=search", "url2": "kasaihaku-kyo@junshin.or.jp" }, "geometry": { "type": "Point", "coordinates": [ 134.839505599999939, 34.9143128 ] } },
{ "type": "Feature", "properties": { "内容": "居宅介護支援事業所そら【居宅介護支援】福住町1172-1", "url": "https://www.kaigokensaku.mhlw.go.jp/28/index.php?action_kouhyou_detail_004_kani=true&JigyosyoCd=2872600917-00&ServiceCd=430&Type=search", "url2": null }, "geometry": { "type": "Point", "coordinates": [ 135.9087226, 34.6070824 ] } },
{ "type": "Feature", "properties": { "内容": "ナイトウメディックス居宅介護支援事業所【居宅介護支援】加西市三口町1257-3", "url": "https://www.kaigokensaku.mhlw.go.jp/28/index.php?action_kouhyou_detail_004_kani=true&JigyosyoCd=2842600211-00&ServiceCd=430&Type=search", "url2": "http://naitomedics.co.jp/" }, "geometry": { "type": "Point", "coordinates": [ 134.843602, 34.8725732 ] } },
{ "type": "Feature", "properties": { "内容": "春夏秋冬居宅介護支援事業所【居宅介護支援】兵庫県加西市坂本町１０２７－５", "url": "https://www.kaigokensaku.mhlw.go.jp/28/index.php?action_kouhyou_detail_004_kani=true&JigyosyoCd=2872600263-00&ServiceCd=430&Type=search", "url2": "keiaigojokai@mve.biglobe.ne.jp" }, "geometry": { "type": "Point", "coordinates": [ 134.825332, 34.8713001 ] } },
{ "type": "Feature", "properties": { "内容": "ケアプランセンターよつ葉【居宅介護支援】兵庫県加西市北条町東南216-13", "url": "https://www.kaigokensaku.mhlw.go.jp/28/index.php?action_kouhyou_detail_004_kani=true&JigyosyoCd=2872600818-00&ServiceCd=430&Type=search", "url2": null }, "geometry": { "type": "Point", "coordinates": [ 134.8312491, 34.9253202 ] } },
{ "type": "Feature", "properties": { "内容": "居宅介護支援事業所　サークル【居宅介護支援】兵庫県加西市北条町北条横尾250-1横尾テナント201号室", "url": "https://www.kaigokensaku.mhlw.go.jp/28/index.php?action_kouhyou_detail_004_kani=true&JigyosyoCd=2872600842-00&ServiceCd=430&Type=search", "url2": "http://exas-circle.com" }, "geometry": { "type": "Point", "coordinates": [ 134.833969, 34.928221 ] } },
{ "type": "Feature", "properties": { "内容": "医療法人社団弘秀会　米田病院居宅介護支援センター【居宅介護支援】兵庫県加西市尾崎町字野田１０－１", "url": "https://www.kaigokensaku.mhlw.go.jp/28/index.php?action_kouhyou_detail_004_kani=true&JigyosyoCd=2872600081-00&ServiceCd=430&Type=search", "url2": null }, "geometry": { "type": "Point", "coordinates": [ 134.848924300000022, 34.9068474 ] } },
{ "type": "Feature", "properties": { "内容": "弥栄の園居宅介護支援事業所【居宅介護支援】兵庫県加西市北条町西高室595-11", "url": "https://www.kaigokensaku.mhlw.go.jp/28/index.php?action_kouhyou_detail_004_kani=true&JigyosyoCd=2872600776-00&ServiceCd=430&Type=search", "url2": "https://kenjinkai-swc.or.jp" }, "geometry": { "type": "Point", "coordinates": [ 134.838460700000013, 34.9201394 ] } },
{ "type": "Feature", "properties": { "内容": "オリーブ加西　居宅介護支援事業所【居宅介護支援】兵庫県加西市北条町横尾字大坪150-1", "url": "https://www.kaigokensaku.mhlw.go.jp/28/index.php?action_kouhyou_detail_004_kani=true&JigyosyoCd=2872600487-00&ServiceCd=430&Type=search", "url2": null }, "geometry": { "type": "Point", "coordinates": [ 134.836751199999981, 34.9310913 ] } },
{ "type": "Feature", "properties": { "内容": "なごやか居宅介護支援事業所【居宅介護支援】兵庫県加西市下宮木町512番地", "url": "https://www.kaigokensaku.mhlw.go.jp/28/index.php?action_kouhyou_detail_004_kani=true&JigyosyoCd=2872600685-00&ServiceCd=430&Type=search", "url2": "http://shinshu-kai.or.jp" }, "geometry": { "type": "Point", "coordinates": [ 134.878535400000032, 34.8893604 ] } },
{ "type": "Feature", "properties": { "内容": "ファーストケア居宅介護支援事業所【居宅介護支援】兵庫県加西市北条町西高室466-3", "url": "https://www.kaigokensaku.mhlw.go.jp/28/index.php?action_kouhyou_detail_004_kani=true&JigyosyoCd=2872600800-00&ServiceCd=430&Type=search", "url2": "firstcare1150.com" }, "geometry": { "type": "Point", "coordinates": [ 134.8358738, 34.919139 ] } },
{ "type": "Feature", "properties": { "内容": "第二サルビア荘居宅介護支援事業所【居宅介護支援】兵庫県加西市北条町北条348-1", "url": "https://www.kaigokensaku.mhlw.go.jp/28/index.php?action_kouhyou_detail_004_kani=true&JigyosyoCd=2872600040-00&ServiceCd=430&Type=search", "url2": "http://www.enyuukai.jp" }, "geometry": { "type": "Point", "coordinates": [ 134.830391154405106, 34.932107885135849 ] } },
{ "type": "Feature", "properties": { "内容": "居宅介護支援事業所こころ【居宅介護支援】兵庫県加西市北条町北条284-3　２階", "url": "https://www.kaigokensaku.mhlw.go.jp/28/index.php?action_kouhyou_detail_004_kani=true&JigyosyoCd=2872600883-00&ServiceCd=430&Type=search", "url2": null }, "geometry": { "type": "Point", "coordinates": [ 134.826469, 34.9309062 ] } },
{ "type": "Feature", "properties": { "内容": "社会福祉法人加西市社会福祉協議会ラヴィかさい居宅介護支援センター【居宅介護支援】兵庫県加西市北条町古坂１０７２番地の１４加西市健康福祉会館内", "url": "https://www.kaigokensaku.mhlw.go.jp/28/index.php?action_kouhyou_detail_004_kani=true&JigyosyoCd=2872600016-00&ServiceCd=430&Type=search", "url2": "http://www.kasai-syakyo.com/" }, "geometry": { "type": "Point", "coordinates": [ 134.848390900000027, 34.9242091 ] } },
{ "type": "Feature", "properties": { "内容": "特別養護老人ホーム　和寿園【居宅介護支援】兵庫県丹波篠山市高屋19番地2", "url": "https://www.kaigokensaku.mhlw.go.jp/28/index.php?action_kouhyou_detail_004_kani=true&JigyosyoCd=2871400145-00&ServiceCd=430&Type=search", "url2": "http://wajuen.jp" }, "geometry": { "type": "Point", "coordinates": [ 135.176801599999976, 35.090031300000021 ] } },
{ "type": "Feature", "properties": { "内容": "それいゆ居宅介護支援事業所【居宅介護支援】兵庫県丹波篠山市大野２８１", "url": "https://www.kaigokensaku.mhlw.go.jp/28/index.php?action_kouhyou_detail_004_kani=true&JigyosyoCd=2871400434-00&ServiceCd=430&Type=search", "url2": "https://sakai-koka.com/" }, "geometry": { "type": "Point", "coordinates": [ 135.190422399999989, 35.087265200000026 ] } },
{ "type": "Feature", "properties": { "内容": "丹波ささやま農業協同組合ケアステーション　居宅介護支援事業所【居宅介護支援】兵庫県丹波篠山市東新町214-6", "url": "https://www.kaigokensaku.mhlw.go.jp/28/index.php?action_kouhyou_detail_004_kani=true&JigyosyoCd=2871400350-00&ServiceCd=430&Type=search", "url2": "http.//www.ja-tannbasasayama.or.jp" }, "geometry": { "type": "Point", "coordinates": [ 135.2204312, 35.075757900000035 ] } },
{ "type": "Feature", "properties": { "内容": "介護老人福祉施設　やまゆりの里【居宅介護支援】丹波篠山市福住657-2", "url": "https://www.kaigokensaku.mhlw.go.jp/28/index.php?action_kouhyou_detail_004_kani=true&JigyosyoCd=2871400137-00&ServiceCd=430&Type=search", "url2": "https://yamayurinosato.com/" }, "geometry": { "type": "Point", "coordinates": [ 135.3438847, 35.0701096 ] } },
{ "type": "Feature", "properties": { "内容": "兵庫医科大学ささやま居宅介護支援事業所【居宅介護支援】黒岡36番地", "url": "https://www.kaigokensaku.mhlw.go.jp/28/index.php?action_kouhyou_detail_004_kani=true&JigyosyoCd=2871400582-00&ServiceCd=430&Type=search", "url2": "http://www.sasayama.hyo-med.ac.jp/" }, "geometry": { "type": "Point", "coordinates": [ 135.21524260000001, 35.0798242 ] } },
{ "type": "Feature", "properties": { "内容": "優ケアマネ事務所【居宅介護支援】宇土358-1", "url": "https://www.kaigokensaku.mhlw.go.jp/28/index.php?action_kouhyou_detail_004_kani=true&JigyosyoCd=2871400632-00&ServiceCd=430&Type=search", "url2": null }, "geometry": { "type": "Point", "coordinates": [ 135.187512100000049, 35.0624785 ] } },
{ "type": "Feature", "properties": { "内容": "医療法人大澤会　居宅介護支援事業所篠山こもれび【居宅介護支援】兵庫県丹波篠山市般若寺732番地", "url": "https://www.kaigokensaku.mhlw.go.jp/28/index.php?action_kouhyou_detail_004_kani=true&JigyosyoCd=2871400558-00&ServiceCd=430&Type=search", "url2": "http://www.osawa-komorebi.com" }, "geometry": { "type": "Point", "coordinates": [ 135.261853500000029, 35.076560600000029 ] } },
{ "type": "Feature", "properties": { "内容": "丹波篠山市社会福祉協議会　居宅介護支援事業所【居宅介護支援】兵庫県丹波篠山市網掛301番地丹波篠山市立丹南健康福祉センター内", "url": "https://www.kaigokensaku.mhlw.go.jp/28/index.php?action_kouhyou_detail_004_kani=true&JigyosyoCd=2871400079-00&ServiceCd=430&Type=search", "url2": null }, "geometry": { "type": "Point", "coordinates": [ 135.182134799999972, 35.065047600000035 ] } },
{ "type": "Feature", "properties": { "内容": "特別養護老人ホーム　やすらぎ園【居宅介護支援】兵庫県丹波篠山市味間奥字水坂ノ坪８３３番地３", "url": "https://www.kaigokensaku.mhlw.go.jp/28/index.php?action_kouhyou_detail_004_kani=true&JigyosyoCd=2871400152-00&ServiceCd=430&Type=search", "url2": "sasayama-yasuragien.com" }, "geometry": { "type": "Point", "coordinates": [ 135.138830101622034, 35.059561995791846 ] } },
{ "type": "Feature", "properties": { "内容": "山鳥病院居宅介護支援事業所【居宅介護支援】兵庫県丹波篠山市福住３９９番地", "url": "https://www.kaigokensaku.mhlw.go.jp/28/index.php?action_kouhyou_detail_004_kani=true&JigyosyoCd=2811400759-00&ServiceCd=430&Type=search", "url2": null }, "geometry": { "type": "Point", "coordinates": [ 135.339329499999963, 35.0714371 ] } },
{ "type": "Feature", "properties": { "内容": "居宅介護支援事業所　篠山すみれ園【居宅介護支援】兵庫県丹波篠山市今田町釜屋35番地", "url": "https://www.kaigokensaku.mhlw.go.jp/28/index.php?action_kouhyou_detail_004_kani=true&JigyosyoCd=2871400483-00&ServiceCd=430&Type=search", "url2": "sasayama-sumire@room.ocn.ne.jp" }, "geometry": { "type": "Point", "coordinates": [ 135.129171400000018, 34.962571600000011 ] } },
{ "type": "Feature", "properties": { "内容": "居宅介護支援事業所あん【居宅介護支援】兵庫県丹波篠山市今田町下立杭601-5", "url": "https://www.kaigokensaku.mhlw.go.jp/28/index.php?action_kouhyou_detail_004_kani=true&JigyosyoCd=2871400830-00&ServiceCd=430&Type=search", "url2": null }, "geometry": { "type": "Point", "coordinates": [ 135.127959453303561, 34.971830436822003 ] } },
{ "type": "Feature", "properties": { "内容": "居宅介護支援事業所　咲楽荘【居宅介護支援】兵庫県丹波篠山市東吹1021", "url": "https://www.kaigokensaku.mhlw.go.jp/28/index.php?action_kouhyou_detail_004_kani=true&JigyosyoCd=2871400707-00&ServiceCd=430&Type=search", "url2": "http://www.kiyoukai.com" }, "geometry": { "type": "Point", "coordinates": [ 135.198393500000037, 35.0707316 ] } },
{ "type": "Feature", "properties": { "内容": "かるべの郷居宅介護支援事業所【居宅介護支援】兵庫県養父市上箇153番地の1", "url": "https://www.kaigokensaku.mhlw.go.jp/28/index.php?action_kouhyou_detail_004_kani=true&JigyosyoCd=2874800648-00&ServiceCd=430&Type=search", "url2": "https://www.karubenosato.com/facility_detail/tree/" }, "geometry": { "type": "Point", "coordinates": [ 134.773759899999959, 35.3809681 ] } },
{ "type": "Feature", "properties": { "内容": "居宅介護支援事業所はちぶせの里【居宅介護支援】兵庫県養父市尾崎1327番地居宅介護支援事業所はちぶせの里", "url": "https://www.kaigokensaku.mhlw.go.jp/28/index.php?action_kouhyou_detail_004_kani=true&JigyosyoCd=2874800606-00&ServiceCd=430&Type=search", "url2": "http://hachibusenosato.com" }, "geometry": { "type": "Point", "coordinates": [ 134.653505455490176, 35.379026193249523 ] } },
{ "type": "Feature", "properties": { "内容": "谷尾クリニック【居宅介護支援】兵庫県養父市八鹿町九鹿46-1", "url": "https://www.kaigokensaku.mhlw.go.jp/28/index.php?action_kouhyou_detail_004_kani=true&JigyosyoCd=2814800898-00&ServiceCd=430&Type=search", "url2": null }, "geometry": { "type": "Point", "coordinates": [ 134.761218699999972, 35.4012462 ] } },
{ "type": "Feature", "properties": { "内容": "公立八鹿病院居宅介護支援事業所【居宅介護支援】兵庫県養父市八鹿町八鹿1878番地1", "url": "https://www.kaigokensaku.mhlw.go.jp/28/index.php?action_kouhyou_detail_004_kani=true&JigyosyoCd=2874800333-00&ServiceCd=430&Type=search", "url2": "http:/www.hosp.yoka.hyogo.jp" }, "geometry": { "type": "Point", "coordinates": [ 134.773115100000041, 35.4049128 ] } },
{ "type": "Feature", "properties": { "内容": "養父市社会福祉協議会居宅介護支援事業所【居宅介護支援】兵庫県養父市八鹿町下網場320番地", "url": "https://www.kaigokensaku.mhlw.go.jp/28/index.php?action_kouhyou_detail_004_kani=true&JigyosyoCd=2874800549-00&ServiceCd=430&Type=search", "url2": "http://www.yabu-shakyo.jp" }, "geometry": { "type": "Point", "coordinates": [ 134.775845500000059, 35.4041657 ] } },
{ "type": "Feature", "properties": { "内容": "真愛介護サービス【居宅介護支援】兵庫県養父市上野１０６０", "url": "https://www.kaigokensaku.mhlw.go.jp/28/index.php?action_kouhyou_detail_004_kani=true&JigyosyoCd=2874800614-00&ServiceCd=430&Type=search", "url2": "https://www.sinai-kaigo.com/" }, "geometry": { "type": "Point", "coordinates": [ 134.785383899999971, 35.378831300000016 ] } },
{ "type": "Feature", "properties": { "内容": "医療法人社団井上医院　井上医院介護支援室【居宅介護支援】浅野327‐2ホール　ステラ", "url": "https://www.kaigokensaku.mhlw.go.jp/28/index.php?action_kouhyou_detail_004_kani=true&JigyosyoCd=2874800762-00&ServiceCd=430&Type=search", "url2": "www.inoueclinic-yabu.or.jp" }, "geometry": { "type": "Point", "coordinates": [ 131.6061837, 33.2099949 ] } },
{ "type": "Feature", "properties": { "内容": "妙見荘居宅介護支援事業所【居宅介護支援】兵庫県養父市八鹿町小山字西家ノ上３０７番地の１", "url": "https://www.kaigokensaku.mhlw.go.jp/28/index.php?action_kouhyou_detail_004_kani=true&JigyosyoCd=2874800184-00&ServiceCd=430&Type=search", "url2": "http://www.tajima-fukushien.jp/" }, "geometry": { "type": "Point", "coordinates": [ 134.751608640444971, 35.401534824343408 ] } },
{ "type": "Feature", "properties": { "内容": "ケアプランさくらんぼ【居宅介護支援】兵庫県丹波市青垣町小倉533-1ケアプランさくらんぼ", "url": "https://www.kaigokensaku.mhlw.go.jp/28/index.php?action_kouhyou_detail_004_kani=true&JigyosyoCd=2871301905-00&ServiceCd=430&Type=search", "url2": null }, "geometry": { "type": "Point", "coordinates": [ 134.9872741, 35.248764 ] } },
{ "type": "Feature", "properties": { "内容": "居宅介護支援事業所ゆきわりそーしゃるほーむ【居宅介護支援】春日町黒井1674-1", "url": "https://www.kaigokensaku.mhlw.go.jp/28/index.php?action_kouhyou_detail_004_kani=true&JigyosyoCd=2871301236-00&ServiceCd=430&Type=search", "url2": "yukiwari@khh.biglobe.ne.jp" }, "geometry": { "type": "Point", "coordinates": [ 135.10663969999996, 35.1674884 ] } },
{ "type": "Feature", "properties": { "内容": "さんなん桜の里ケアプランセンター【居宅介護支援】兵庫県丹波市山南町野坂211-5", "url": "https://www.kaigokensaku.mhlw.go.jp/28/index.php?action_kouhyou_detail_004_kani=true&JigyosyoCd=2871301632-00&ServiceCd=430&Type=search", "url2": "ｓａｋｕｒａ－ｒｏｋ＠ｓｅｉｈｏｕｋａｉ．ｃｏｍ" }, "geometry": { "type": "Point", "coordinates": [ 134.9989928, 35.0848579 ] } },
{ "type": "Feature", "properties": { "内容": "おかの花居宅介護支援事業所【居宅介護支援】兵庫県丹波市春日町山田１７０", "url": "https://www.kaigokensaku.mhlw.go.jp/28/index.php?action_kouhyou_detail_004_kani=true&JigyosyoCd=2871300055-00&ServiceCd=430&Type=search", "url2": "http://oaknohana.jp/protect/index.html" }, "geometry": { "type": "Point", "coordinates": [ 135.083860700000059, 35.1842307 ] } },
{ "type": "Feature", "properties": { "内容": "ほのぼの介護　居宅介護支援事業所【居宅介護支援】兵庫県丹波市市島町下竹田1406-1", "url": "https://www.kaigokensaku.mhlw.go.jp/28/index.php?action_kouhyou_detail_004_kani=true&JigyosyoCd=2871301624-00&ServiceCd=430&Type=search", "url2": null }, "geometry": { "type": "Point", "coordinates": [ 135.149569462357363, 35.253913880595313 ] } },
{ "type": "Feature", "properties": { "内容": "丹波市社会福祉協議会東部ケアマネジメントセンター【居宅介護支援】兵庫県丹波市春日町黒井1500", "url": "https://www.kaigokensaku.mhlw.go.jp/28/index.php?action_kouhyou_detail_004_kani=true&JigyosyoCd=2871300774-00&ServiceCd=430&Type=search", "url2": "http://www.tambawel.jp" }, "geometry": { "type": "Point", "coordinates": [ 135.096343299999944, 35.1699298 ] } },
{ "type": "Feature", "properties": { "内容": "丹波市社会福祉協議会西部ケアマネジメントセンター【居宅介護支援】兵庫県丹波市氷上町常楽209-1", "url": "https://www.kaigokensaku.mhlw.go.jp/28/index.php?action_kouhyou_detail_004_kani=true&JigyosyoCd=2871300782-00&ServiceCd=430&Type=search", "url2": "http://www.tambawel.jp/" }, "geometry": { "type": "Point", "coordinates": [ 135.035334199999966, 35.178566600000018 ] } },
{ "type": "Feature", "properties": { "内容": "大塚病院居宅介護支援事業所【居宅介護支援】兵庫県丹波市氷上町絹山513", "url": "https://www.kaigokensaku.mhlw.go.jp/28/index.php?action_kouhyou_detail_004_kani=true&JigyosyoCd=2871300485-00&ServiceCd=430&Type=search", "url2": "http://www.keiai-kai.jp/" }, "geometry": { "type": "Point", "coordinates": [ 135.046605199999931, 35.1975949 ] } },
{ "type": "Feature", "properties": { "内容": "はっぴいはうす居宅介護支援事業所【居宅介護支援】兵庫県丹波市青垣町沢野96番地の3", "url": "https://www.kaigokensaku.mhlw.go.jp/28/index.php?action_kouhyou_detail_004_kani=true&JigyosyoCd=2871300717-00&ServiceCd=430&Type=search", "url2": "http://happyhouse-tanba.jp/" }, "geometry": { "type": "Point", "coordinates": [ 135.004382955000921, 35.249797241112326 ] } },
{ "type": "Feature", "properties": { "内容": "下町ケアプラン【居宅介護支援】丹波市氷上町上新庄１－６", "url": "https://www.kaigokensaku.mhlw.go.jp/28/index.php?action_kouhyou_detail_004_kani=true&JigyosyoCd=2871301772-00&ServiceCd=430&Type=search", "url2": null }, "geometry": { "type": "Point", "coordinates": [ 134.9961283, 35.1792965 ] } },
{ "type": "Feature", "properties": { "内容": "山路園居宅介護支援事業所【居宅介護支援】兵庫県丹波市山南町野坂181番地1", "url": "https://www.kaigokensaku.mhlw.go.jp/28/index.php?action_kouhyou_detail_004_kani=true&JigyosyoCd=2871300097-00&ServiceCd=430&Type=search", "url2": "法人と同じ" }, "geometry": { "type": "Point", "coordinates": [ 135.000834299999951, 35.0854135 ] } },
{ "type": "Feature", "properties": { "内容": "一期一会ケアマネジメントサービス【居宅介護支援】市島町東勅使233-1", "url": "https://www.kaigokensaku.mhlw.go.jp/28/index.php?action_kouhyou_detail_004_kani=true&JigyosyoCd=2871301384-00&ServiceCd=430&Type=search", "url2": null }, "geometry": { "type": "Point", "coordinates": [ 135.127586957643189, 35.202255687206154 ] } },
{ "type": "Feature", "properties": { "内容": "丹寿荘居宅介護支援事業所【居宅介護支援】兵庫県丹波市市島町上竹田２３３６－１", "url": "https://www.kaigokensaku.mhlw.go.jp/28/index.php?action_kouhyou_detail_004_kani=true&JigyosyoCd=2871300543-00&ServiceCd=430&Type=search", "url2": "http://www.hwc.or.jp/tanju/" }, "geometry": { "type": "Point", "coordinates": [ 135.126311799999939, 35.2345175 ] } },
{ "type": "Feature", "properties": { "内容": "医療法人社団　中川内科医院　ケアプランセンターわくわく【居宅介護支援】兵庫県丹波市山南町谷川2033", "url": "https://www.kaigokensaku.mhlw.go.jp/28/index.php?action_kouhyou_detail_004_kani=true&JigyosyoCd=2871300626-00&ServiceCd=430&Type=search", "url2": "haturatu@silk.ne.jp" }, "geometry": { "type": "Point", "coordinates": [ 135.038695100000041, 35.0779375 ] } },
{ "type": "Feature", "properties": { "内容": "居宅介護支援事業所　みずほ【居宅介護支援】兵庫県丹波市柏原町柏原3089-2　グリーンコートかいばら1号", "url": "https://www.kaigokensaku.mhlw.go.jp/28/index.php?action_kouhyou_detail_004_kani=true&JigyosyoCd=2871301715-00&ServiceCd=430&Type=search", "url2": "http://www.kiyoukai.com" }, "geometry": { "type": "Point", "coordinates": [ 135.066540448857921, 35.137910285348127 ] } },
{ "type": "Feature", "properties": { "内容": "㐂多三屋ケアマネージャー事務所【居宅介護支援】兵庫県丹波市春日町棚原６２", "url": "https://www.kaigokensaku.mhlw.go.jp/28/index.php?action_kouhyou_detail_004_kani=true&JigyosyoCd=2871301962-00&ServiceCd=430&Type=search", "url2": null }, "geometry": { "type": "Point", "coordinates": [ 135.121373299999988, 35.1467995 ] } },
{ "type": "Feature", "properties": { "内容": "柏原けやき苑居宅介護支援事業所【居宅介護支援】兵庫県丹波市柏原町北山はぶ縄手289－１", "url": "https://www.kaigokensaku.mhlw.go.jp/28/index.php?action_kouhyou_detail_004_kani=true&JigyosyoCd=2871300519-00&ServiceCd=430&Type=search", "url2": "http://www.kaibara-keyaki.or.jp/" }, "geometry": { "type": "Point", "coordinates": [ 135.04617630000007, 35.1381129 ] } },
{ "type": "Feature", "properties": { "内容": "氷上ケアプラン【居宅介護支援】兵庫県丹波市氷上町成松50-1", "url": "https://www.kaigokensaku.mhlw.go.jp/28/index.php?action_kouhyou_detail_004_kani=true&JigyosyoCd=2871301244-00&ServiceCd=430&Type=search", "url2": null }, "geometry": { "type": "Point", "coordinates": [ 135.037342, 35.1729335 ] } },
{ "type": "Feature", "properties": { "内容": "あしだメディケア・リンクス【居宅介護支援】丹波市柏原町母坪344", "url": "https://www.kaigokensaku.mhlw.go.jp/28/index.php?action_kouhyou_detail_004_kani=true&JigyosyoCd=2871301780-00&ServiceCd=430&Type=search", "url2": null }, "geometry": { "type": "Point", "coordinates": [ 135.0483204004166, 35.150495554496857 ] } },
{ "type": "Feature", "properties": { "内容": "在宅支援相談事業所　こすもす【居宅介護支援】丹波市春日町国領１１７１－２", "url": "https://www.kaigokensaku.mhlw.go.jp/28/index.php?action_kouhyou_detail_004_kani=true&JigyosyoCd=2871300972-00&ServiceCd=430&Type=search", "url2": "kasugaengei@net-work.ne.jp" }, "geometry": { "type": "Point", "coordinates": [ 135.127563499999951, 35.1473854 ] } },
{ "type": "Feature", "properties": { "内容": "居宅介護支援事業所スマイルケア【居宅介護支援】兵庫県丹波市氷上町市辺683", "url": "https://www.kaigokensaku.mhlw.go.jp/28/index.php?action_kouhyou_detail_004_kani=true&JigyosyoCd=2871301749-00&ServiceCd=430&Type=search", "url2": "keamane.net" }, "geometry": { "type": "Point", "coordinates": [ 135.048784399999988, 35.1681024 ] } },
{ "type": "Feature", "properties": { "内容": "合同会社　まる伊【居宅介護支援】兵庫県丹波市山南町池谷96番地8", "url": "https://www.kaigokensaku.mhlw.go.jp/28/index.php?action_kouhyou_detail_004_kani=true&JigyosyoCd=2871301822-00&ServiceCd=430&Type=search", "url2": null }, "geometry": { "type": "Point", "coordinates": [ 135.052485899999965, 35.083306 ] } },
{ "type": "Feature", "properties": { "内容": "居宅介護支援事業所　りそら【居宅介護支援】柏原町母坪356-1", "url": "https://www.kaigokensaku.mhlw.go.jp/28/index.php?action_kouhyou_detail_004_kani=true&JigyosyoCd=2871301848-00&ServiceCd=430&Type=search", "url2": null }, "geometry": { "type": "Point", "coordinates": [ 135.0454843, 35.1483015 ] } },
{ "type": "Feature", "properties": { "内容": "もくせい居宅介護支援事業所【居宅介護支援】兵庫県丹波市青垣町東芦田1303番地", "url": "https://www.kaigokensaku.mhlw.go.jp/28/index.php?action_kouhyou_detail_004_kani=true&JigyosyoCd=2871300030-00&ServiceCd=430&Type=search", "url2": "http://keijyukinenkai.or.jp/" }, "geometry": { "type": "Point", "coordinates": [ 135.037305, 35.2366013 ] } },
{ "type": "Feature", "properties": { "内容": "きしもと居宅介護支援事業所【居宅介護支援】兵庫県南あわじ市福良甲821番地5居宅介護支援事業所", "url": "https://www.kaigokensaku.mhlw.go.jp/28/index.php?action_kouhyou_detail_004_kani=true&JigyosyoCd=2871700866-00&ServiceCd=430&Type=search", "url2": null }, "geometry": { "type": "Point", "coordinates": [ 134.7290018, 34.2623591 ] } },
{ "type": "Feature", "properties": { "内容": "第2やすらぎ事業所【居宅介護支援】兵庫県南あわじ市神代地頭方943-4", "url": "https://www.kaigokensaku.mhlw.go.jp/28/index.php?action_kouhyou_detail_004_kani=true&JigyosyoCd=2871700643-00&ServiceCd=430&Type=search", "url2": "https://www.awaji-yasuragi.jp" }, "geometry": { "type": "Point", "coordinates": [ 134.7667453, 34.2781452 ] } },
{ "type": "Feature", "properties": { "内容": "ケアプランセンターたけいち【居宅介護支援】兵庫県南あわじ市八木鳥井423番地3", "url": "https://www.kaigokensaku.mhlw.go.jp/28/index.php?action_kouhyou_detail_004_kani=true&JigyosyoCd=2871700981-00&ServiceCd=430&Type=search", "url2": null }, "geometry": { "type": "Point", "coordinates": [ 134.792495300000013, 34.293352 ] } },
{ "type": "Feature", "properties": { "内容": "街かどステーション　でぃーふらっぷ居宅介護支援事業所【居宅介護支援】兵庫県南あわじ市八木養宜上446-1", "url": "https://www.kaigokensaku.mhlw.go.jp/28/index.php?action_kouhyou_detail_004_kani=true&JigyosyoCd=2871700916-00&ServiceCd=430&Type=search", "url2": "http://www.machikado-t.com/" }, "geometry": { "type": "Point", "coordinates": [ 134.799337, 34.2982879 ] } },
{ "type": "Feature", "properties": { "内容": "中林病院【居宅介護支援】兵庫県南あわじ市神代国衙1680-1", "url": "https://www.kaigokensaku.mhlw.go.jp/28/index.php?action_kouhyou_detail_004_kani=true&JigyosyoCd=2811700919-00&ServiceCd=430&Type=search", "url2": "http://www.nakabayashihp.or.jp/" }, "geometry": { "type": "Point", "coordinates": [ 134.757509900000059, 34.27043 ] } },
{ "type": "Feature", "properties": { "内容": "あかとんぼ　居宅介護支援事業所【居宅介護支援】兵庫県南あわじ市八木大久保６０３－１", "url": "https://www.kaigokensaku.mhlw.go.jp/28/index.php?action_kouhyou_detail_004_kani=true&JigyosyoCd=2871700437-00&ServiceCd=430&Type=search", "url2": "http://www.hosutaa.com" }, "geometry": { "type": "Point", "coordinates": [ 134.794090399999959, 34.2935578 ] } },
{ "type": "Feature", "properties": { "内容": "南淡路病院居宅介護支援事業所【居宅介護支援】兵庫県南あわじ市賀集福井560番地", "url": "https://www.kaigokensaku.mhlw.go.jp/28/index.php?action_kouhyou_detail_004_kani=true&JigyosyoCd=2871700650-00&ServiceCd=430&Type=search", "url2": "http://minamihp.jp/m_kyotaku.html" }, "geometry": { "type": "Point", "coordinates": [ 134.756544800000029, 34.2596968 ] } },
{ "type": "Feature", "properties": { "内容": "居宅介護支援センター「ケアセンター太陽の家」【居宅介護支援】兵庫県南あわじ市八木養宜上1018番地", "url": "https://www.kaigokensaku.mhlw.go.jp/28/index.php?action_kouhyou_detail_004_kani=true&JigyosyoCd=2871700379-00&ServiceCd=430&Type=search", "url2": "http://www.taiyonoie.jp" }, "geometry": { "type": "Point", "coordinates": [ 134.810146900000063, 34.3052429 ] } },
{ "type": "Feature", "properties": { "内容": "どんぐりの里在宅介護支援センター【居宅介護支援】松帆檪田５５０番地", "url": "https://www.kaigokensaku.mhlw.go.jp/28/index.php?action_kouhyou_detail_004_kani=true&JigyosyoCd=2871700817-00&ServiceCd=430&Type=search", "url2": "http:.//www.mikarikai.jp/" }, "geometry": { "type": "Point", "coordinates": [ 134.738172500000019, 34.3159627 ] } },
{ "type": "Feature", "properties": { "内容": "緑風館【居宅介護支援】兵庫県南あわじ市広田中筋１０２５－１９", "url": "https://www.kaigokensaku.mhlw.go.jp/28/index.php?action_kouhyou_detail_004_kani=true&JigyosyoCd=2871700015-00&ServiceCd=430&Type=search", "url2": "http://ryokufuukan.sakura.ne.jp" }, "geometry": { "type": "Point", "coordinates": [ 134.831883699999906, 34.3169393 ] } },
{ "type": "Feature", "properties": { "内容": "居宅介護支援事業所　ふれあい【居宅介護支援】兵庫県南あわじ市広田広田127", "url": "https://www.kaigokensaku.mhlw.go.jp/28/index.php?action_kouhyou_detail_004_kani=true&JigyosyoCd=2871700478-00&ServiceCd=430&Type=search", "url2": "http://www.mima.gr.jp/fureai/index.html" }, "geometry": { "type": "Point", "coordinates": [ 134.829794799999945, 34.31995 ] } },
{ "type": "Feature", "properties": { "内容": "ジャック居宅介護支援事業所【居宅介護支援】兵庫県南あわじ市神代国衙１３００三栄ビル１階", "url": "https://www.kaigokensaku.mhlw.go.jp/28/index.php?action_kouhyou_detail_004_kani=true&JigyosyoCd=2871701211-00&ServiceCd=430&Type=search", "url2": "https://www.jack0300.co.jp/" }, "geometry": { "type": "Point", "coordinates": [ 134.7603753, 34.2720215 ] } },
{ "type": "Feature", "properties": { "内容": "ケアサポートあゆみ【居宅介護支援】兵庫県南あわじ市市徳長68-1", "url": "https://www.kaigokensaku.mhlw.go.jp/28/index.php?action_kouhyou_detail_004_kani=true&JigyosyoCd=2871701229-00&ServiceCd=430&Type=search", "url2": "https;//ke-zu-ayumi.com" }, "geometry": { "type": "Point", "coordinates": [ 134.7600198, 34.2975481 ] } },
{ "type": "Feature", "properties": { "内容": "みんなの家ケアプランセンター【居宅介護支援】兵庫県南あわじ市福良乙12番地", "url": "https://www.kaigokensaku.mhlw.go.jp/28/index.php?action_kouhyou_detail_004_kani=true&JigyosyoCd=2871701013-00&ServiceCd=430&Type=search", "url2": "wellnessproject@gaia.eonet.ne.jp" }, "geometry": { "type": "Point", "coordinates": [ 134.7181728, 34.2573769 ] } },
{ "type": "Feature", "properties": { "内容": "ケアネットあわじ居宅介護支援事業所【居宅介護支援】兵庫県南あわじ市市福永363番地1", "url": "https://www.kaigokensaku.mhlw.go.jp/28/index.php?action_kouhyou_detail_004_kani=true&JigyosyoCd=2871701054-00&ServiceCd=430&Type=search", "url2": null }, "geometry": { "type": "Point", "coordinates": [ 134.768867799999953, 34.2893523 ] } },
{ "type": "Feature", "properties": { "内容": "南あわじ市社会福祉協議会　居宅介護支援事業所【居宅介護支援】兵庫県南あわじ市広田広田1064番地", "url": "https://www.kaigokensaku.mhlw.go.jp/28/index.php?action_kouhyou_detail_004_kani=true&JigyosyoCd=2871700551-00&ServiceCd=430&Type=search", "url2": "https://www.minamiawaji-shakyo.or.jp/sitemap.html" }, "geometry": { "type": "Point", "coordinates": [ 134.829370577909913, 34.324467053225419 ] } },
{ "type": "Feature", "properties": { "内容": "居宅介護支援事業所なごみの郷【居宅介護支援】兵庫県朝来市和田山町林垣80-2", "url": "https://www.kaigokensaku.mhlw.go.jp/28/index.php?action_kouhyou_detail_004_kani=true&JigyosyoCd=2874900604-00&ServiceCd=430&Type=search", "url2": "http://www.shunyokai.or.jp/" }, "geometry": { "type": "Point", "coordinates": [ 134.839343, 35.3568105 ] } },
{ "type": "Feature", "properties": { "内容": "いくの喜楽苑居宅介護支援事業所【居宅介護支援】兵庫県朝来市生野町口銀谷791-1", "url": "https://www.kaigokensaku.mhlw.go.jp/28/index.php?action_kouhyou_detail_004_kani=true&JigyosyoCd=2874900042-00&ServiceCd=430&Type=search", "url2": "http://www.kirakuen.or.jp" }, "geometry": { "type": "Point", "coordinates": [ 134.7946197, 35.1667548 ] } },
{ "type": "Feature", "properties": { "内容": "朝来市社会福祉協議会　いきいき介護センター【居宅介護支援】兵庫県朝来市新井７３番地１", "url": "https://www.kaigokensaku.mhlw.go.jp/28/index.php?action_kouhyou_detail_004_kani=true&JigyosyoCd=2874900273-00&ServiceCd=430&Type=search", "url2": "http://www.asagoshakyo.jp" }, "geometry": { "type": "Point", "coordinates": [ 134.795650888331323, 35.243637717699571 ] } },
{ "type": "Feature", "properties": { "内容": "緑風の郷　和田山　居宅介護支援事業所【居宅介護支援】兵庫県朝来市和田山町東谷２１３番地１２０ルベールビル　Ｂ号室", "url": "https://www.kaigokensaku.mhlw.go.jp/28/index.php?action_kouhyou_detail_004_kani=true&JigyosyoCd=2874900653-00&ServiceCd=430&Type=search", "url2": "－" }, "geometry": { "type": "Point", "coordinates": [ 134.851633600000014, 35.3400042 ] } },
{ "type": "Feature", "properties": { "内容": "JAたじま南但介護センター【居宅介護支援】兵庫県朝来市和田山町栄町25-1", "url": "https://www.kaigokensaku.mhlw.go.jp/28/index.php?action_kouhyou_detail_004_kani=true&JigyosyoCd=2874900224-00&ServiceCd=430&Type=search", "url2": "http://www.ja-tajima.or.jp/" }, "geometry": { "type": "Point", "coordinates": [ 134.837638018696879, 35.308019125513106 ] } },
{ "type": "Feature", "properties": { "内容": "居宅介護支援事業所　日々青々【居宅介護支援】兵庫県朝来市和田山町東谷１１０－１", "url": "https://www.kaigokensaku.mhlw.go.jp/28/index.php?action_kouhyou_detail_004_kani=true&JigyosyoCd=2874900406-00&ServiceCd=430&Type=search", "url2": "https://nichinichi-seisei.jp/" }, "geometry": { "type": "Point", "coordinates": [ 134.848025600000028, 35.3413457 ] } },
{ "type": "Feature", "properties": { "内容": "さくらの苑居宅介護支援事業所【居宅介護支援】兵庫県朝来市和田山町竹田2486-10", "url": "https://www.kaigokensaku.mhlw.go.jp/28/index.php?action_kouhyou_detail_004_kani=true&JigyosyoCd=2874900141-00&ServiceCd=430&Type=search", "url2": "http://www.kobeseirei.or.jp/" }, "geometry": { "type": "Point", "coordinates": [ 134.836423376604102, 35.295625261967047 ] } },
{ "type": "Feature", "properties": { "内容": "あさがおホール居宅介護支援事業所【居宅介護支援】兵庫県朝来市新井148番地", "url": "https://www.kaigokensaku.mhlw.go.jp/28/index.php?action_kouhyou_detail_004_kani=true&JigyosyoCd=2874900513-00&ServiceCd=430&Type=search", "url2": "http:/himawari-mission.com/" }, "geometry": { "type": "Point", "coordinates": [ 134.797007099999973, 35.2451669 ] } },
{ "type": "Feature", "properties": { "内容": "緑風の郷　居宅介護支援事業所【居宅介護支援】兵庫県朝来市山東町一品４２４番地", "url": "https://www.kaigokensaku.mhlw.go.jp/28/index.php?action_kouhyou_detail_004_kani=true&JigyosyoCd=2874900174-00&ServiceCd=430&Type=search", "url2": "http://www.aso.or.jp/" }, "geometry": { "type": "Point", "coordinates": [ 134.909409800000049, 35.3069183 ] } },
{ "type": "Feature", "properties": { "内容": "光里居宅介護支援事業所【居宅介護支援】兵庫県朝来市和田山町竹田203-2", "url": "https://www.kaigokensaku.mhlw.go.jp/28/index.php?action_kouhyou_detail_004_kani=true&JigyosyoCd=2874900695-00&ServiceCd=430&Type=search", "url2": null }, "geometry": { "type": "Point", "coordinates": [ 134.8371899, 35.2995415 ] } },
{ "type": "Feature", "properties": { "内容": "医療法人社団　曽山医院【居宅介護支援】兵庫県淡路市志筑1391番地9", "url": "https://www.kaigokensaku.mhlw.go.jp/28/index.php?action_kouhyou_detail_004_kani=true&JigyosyoCd=2811600937-00&ServiceCd=430&Type=search", "url2": "http://www.soyama-clinic.com/" }, "geometry": { "type": "Point", "coordinates": [ 134.89573919999998, 34.4379599 ] } },
{ "type": "Feature", "properties": { "内容": "居宅介護支援事業所くるま花水木【居宅介護支援】兵庫県淡路市久留麻235ケアビレッジくるま花水木", "url": "https://www.kaigokensaku.mhlw.go.jp/28/index.php?action_kouhyou_detail_004_kani=true&JigyosyoCd=2871601155-00&ServiceCd=430&Type=search", "url2": "http://kurumahanamizuki.com/" }, "geometry": { "type": "Point", "coordinates": [ 134.986009599999988, 34.5250537 ] } },
{ "type": "Feature", "properties": { "内容": "ゆうゆうライフケアプランセンター【居宅介護支援】兵庫県淡路市北山712番地淡路市一宮高齢者生活福祉センター", "url": "https://www.kaigokensaku.mhlw.go.jp/28/index.php?action_kouhyou_detail_004_kani=true&JigyosyoCd=2871600710-00&ServiceCd=430&Type=search", "url2": "http://www.awaji-csw.or.jp" }, "geometry": { "type": "Point", "coordinates": [ 134.8526531, 34.468445 ] } },
{ "type": "Feature", "properties": { "内容": "ケアプランセンタースマイルサポート【居宅介護支援】兵庫県淡路市岩屋2942-37", "url": "https://www.kaigokensaku.mhlw.go.jp/28/index.php?action_kouhyou_detail_004_kani=true&JigyosyoCd=2871601213-00&ServiceCd=430&Type=search", "url2": null }, "geometry": { "type": "Point", "coordinates": [ 135.023741015973314, 34.579518007741562 ] } },
{ "type": "Feature", "properties": { "内容": "河上居宅介護支援事業所【居宅介護支援】兵庫県淡路市志筑新島6-28", "url": "https://www.kaigokensaku.mhlw.go.jp/28/index.php?action_kouhyou_detail_004_kani=true&JigyosyoCd=2871601312-00&ServiceCd=430&Type=search", "url2": "http://www.hosutaa.com/index.html" }, "geometry": { "type": "Point", "coordinates": [ 134.901647605032338, 34.426490338653046 ] } },
{ "type": "Feature", "properties": { "内容": "エール居宅介護支援事業所【居宅介護支援】塩尾519番地73", "url": "https://www.kaigokensaku.mhlw.go.jp/28/index.php?action_kouhyou_detail_004_kani=true&JigyosyoCd=2871601130-00&ServiceCd=430&Type=search", "url2": null }, "geometry": { "type": "Point", "coordinates": [ 134.894146800000044, 34.41364 ] } },
{ "type": "Feature", "properties": { "内容": "千鳥会在宅介護支援センター【居宅介護支援】兵庫県淡路市志筑818番地１", "url": "https://www.kaigokensaku.mhlw.go.jp/28/index.php?action_kouhyou_detail_004_kani=true&JigyosyoCd=2871600017-00&ServiceCd=430&Type=search", "url2": "https://www.chidorikai.com/" }, "geometry": { "type": "Point", "coordinates": [ 134.894306602346546, 34.441603425603198 ] } },
{ "type": "Feature", "properties": { "内容": "聖隷ケアプランセンター淡路【居宅介護支援】兵庫県淡路市志筑1424-1聖隷ケアセンター津名内", "url": "https://www.kaigokensaku.mhlw.go.jp/28/index.php?action_kouhyou_detail_004_kani=true&JigyosyoCd=2871600975-00&ServiceCd=430&Type=search", "url2": "http://www.seirei.or.jp/hq/" }, "geometry": { "type": "Point", "coordinates": [ 134.899341495715959, 34.437638173079549 ] } },
{ "type": "Feature", "properties": { "内容": "あわじ荘居宅介護支援事業所【居宅介護支援】兵庫県淡路市野島蟇浦681-2あわじ荘シルバーサポートのじま", "url": "https://www.kaigokensaku.mhlw.go.jp/28/index.php?action_kouhyou_detail_004_kani=true&JigyosyoCd=2871600496-00&ServiceCd=430&Type=search", "url2": "https://www.hwc.or.jp/awaji/" }, "geometry": { "type": "Point", "coordinates": [ 134.947123673605347, 34.559715138756538 ] } },
{ "type": "Feature", "properties": { "内容": "東浦平成病院居宅介護支援事業所【居宅介護支援】兵庫県淡路市久留麻1867", "url": "https://www.kaigokensaku.mhlw.go.jp/28/index.php?action_kouhyou_detail_004_kani=true&JigyosyoCd=2871600629-00&ServiceCd=430&Type=search", "url2": "http://higashihp.jp" }, "geometry": { "type": "Point", "coordinates": [ 134.986693100000025, 34.5247487 ] } },
{ "type": "Feature", "properties": { "内容": "順心会居宅介護支援センター淡路【居宅介護支援】淡路市大町下65-1ケアハウス津名やすらぎの里内１階", "url": "https://www.kaigokensaku.mhlw.go.jp/28/index.php?action_kouhyou_detail_004_kani=true&JigyosyoCd=2871601122-00&ServiceCd=430&Type=search", "url2": "http://www.junshin.or.jp/" }, "geometry": { "type": "Point", "coordinates": [ 134.857711499999965, 34.436664700000023 ] } },
{ "type": "Feature", "properties": { "内容": "かおりの丘居宅介護支援事業所【居宅介護支援】兵庫県淡路市高山甲４３０番３", "url": "https://www.kaigokensaku.mhlw.go.jp/28/index.php?action_kouhyou_detail_004_kani=true&JigyosyoCd=2871601296-00&ServiceCd=430&Type=search", "url2": "http://kaori.tokuyou.jp/" }, "geometry": { "type": "Point", "coordinates": [ 134.8152055, 34.4386137 ] } },
{ "type": "Feature", "properties": { "内容": "ナーブケアプランセンター【居宅介護支援】兵庫県淡路市志筑新島９－１ナーブサザンクロス1階", "url": "https://www.kaigokensaku.mhlw.go.jp/28/index.php?action_kouhyou_detail_004_kani=true&JigyosyoCd=2871600868-00&ServiceCd=430&Type=search", "url2": null }, "geometry": { "type": "Point", "coordinates": [ 134.90546960000006, 34.4248252 ] } },
{ "type": "Feature", "properties": { "内容": "介護の相談所　花咲【居宅介護支援】兵庫県淡路市岩屋2910番地198", "url": "https://www.kaigokensaku.mhlw.go.jp/28/index.php?action_kouhyou_detail_004_kani=true&JigyosyoCd=2871601304-00&ServiceCd=430&Type=search", "url2": null }, "geometry": { "type": "Point", "coordinates": [ 135.019440121426385, 34.575335729771922 ] } },
{ "type": "Feature", "properties": { "内容": "合同会社らいふケアプラン【居宅介護支援】兵庫県宍粟市山崎町上寺309-1　104号ハイツやまびこ　104号", "url": "https://www.kaigokensaku.mhlw.go.jp/28/index.php?action_kouhyou_detail_004_kani=true&JigyosyoCd=2873800797-00&ServiceCd=430&Type=search", "url2": null }, "geometry": { "type": "Point", "coordinates": [ 134.5413026, 35.0111719 ] } },
{ "type": "Feature", "properties": { "内容": "ケアプランセンターグリーンピース【居宅介護支援】兵庫県宍粟市山崎町門前76-1", "url": "https://www.kaigokensaku.mhlw.go.jp/28/index.php?action_kouhyou_detail_004_kani=true&JigyosyoCd=2873801084-00&ServiceCd=430&Type=search", "url2": "https://greenpeace-records.wixsite.com/greenpeace" }, "geometry": { "type": "Point", "coordinates": [ 134.532609099999945, 35.0062752 ] } },
{ "type": "Feature", "properties": { "内容": "居宅介護支援事業所あすなろぷらっと【居宅介護支援】兵庫県宍粟市山崎町高下304番地5", "url": "https://www.kaigokensaku.mhlw.go.jp/28/index.php?action_kouhyou_detail_004_kani=true&JigyosyoCd=2873801118-00&ServiceCd=430&Type=search", "url2": "https://satuki01999.wixsite.com/home" }, "geometry": { "type": "Point", "coordinates": [ 134.50791979297307, 35.017909595934768 ] } },
{ "type": "Feature", "properties": { "内容": "まどか園在宅介護支援センター【居宅介護支援】兵庫県宍粟市一宮町福知1065番地", "url": "https://www.kaigokensaku.mhlw.go.jp/28/index.php?action_kouhyou_detail_004_kani=true&JigyosyoCd=2873800110-00&ServiceCd=430&Type=search", "url2": "https://www.shoukyu.or.jp/" }, "geometry": { "type": "Point", "coordinates": [ 134.620693198950221, 35.1543086969874 ] } },
{ "type": "Feature", "properties": { "内容": "居宅介護支援事業所　ちあふる【居宅介護支援】山崎町三津２１６－４", "url": "https://www.kaigokensaku.mhlw.go.jp/28/index.php?action_kouhyou_detail_004_kani=true&JigyosyoCd=2873801175-00&ServiceCd=430&Type=search", "url2": null }, "geometry": { "type": "Point", "coordinates": [ 134.550800400000014, 35.0195583 ] } },
{ "type": "Feature", "properties": { "内容": "ケアプランアイビー【居宅介護支援】兵庫県宍粟市山崎町５１９－１", "url": "https://www.kaigokensaku.mhlw.go.jp/28/index.php?action_kouhyou_detail_004_kani=true&JigyosyoCd=2873800789-00&ServiceCd=430&Type=search", "url2": "ivy@meg.winknet.ne.jp" }, "geometry": { "type": "Point", "coordinates": [ 134.5008504, 35.0636636 ] } },
{ "type": "Feature", "properties": { "内容": "シソウウエダイイン【居宅介護支援】兵庫県宍粟市山崎町五十波３９８－４", "url": "https://www.kaigokensaku.mhlw.go.jp/28/index.php?action_kouhyou_detail_004_kani=true&JigyosyoCd=2873800458-00&ServiceCd=430&Type=search", "url2": "https://clinic.ueda-shiso.jp" }, "geometry": { "type": "Point", "coordinates": [ 134.551878699999946, 35.0357253 ] } },
{ "type": "Feature", "properties": { "内容": "居宅介護支援事業白寿【居宅介護支援】兵庫県宍粟市山崎町春安１１１－１", "url": "https://www.kaigokensaku.mhlw.go.jp/28/index.php?action_kouhyou_detail_004_kani=true&JigyosyoCd=2873800011-00&ServiceCd=430&Type=search", "url2": "http://www.aoyama-med.gr.jp/yamasaki-hakujyu/" }, "geometry": { "type": "Point", "coordinates": [ 134.532200900000021, 35.003481 ] } },
{ "type": "Feature", "properties": { "内容": "すこやかケアプランセンター【居宅介護支援】兵庫県宍粟市山崎町船元79-1", "url": "https://www.kaigokensaku.mhlw.go.jp/28/index.php?action_kouhyou_detail_004_kani=true&JigyosyoCd=2873800433-00&ServiceCd=430&Type=search", "url2": "http://www.inamochi.com" }, "geometry": { "type": "Point", "coordinates": [ 134.552435644982893, 34.994172457791151 ] } },
{ "type": "Feature", "properties": { "内容": "ＪＡ兵庫西　高齢者生きがい発揮生活支援センター【居宅介護支援】兵庫県宍粟市山崎町生谷１９１－１", "url": "https://www.kaigokensaku.mhlw.go.jp/28/index.php?action_kouhyou_detail_004_kani=true&JigyosyoCd=2873800441-00&ServiceCd=430&Type=search", "url2": "http://www.ja-hyogonishi.or.jp" }, "geometry": { "type": "Point", "coordinates": [ 134.543363399999947, 35.0147799 ] } },
{ "type": "Feature", "properties": { "内容": "宍粟市社協やまさき【居宅介護支援】兵庫県宍粟市山崎町鹿沢65-3宍粟防災センター内", "url": "https://www.kaigokensaku.mhlw.go.jp/28/index.php?action_kouhyou_detail_004_kani=true&JigyosyoCd=2873800581-00&ServiceCd=430&Type=search", "url2": "http://www.shiso-wel.or.jp" }, "geometry": { "type": "Point", "coordinates": [ 134.5414, 35.0039976 ] } },
{ "type": "Feature", "properties": { "内容": "宍粟市社協いちのみや【居宅介護支援】宍粟市一宮町閏賀３００番地", "url": "https://www.kaigokensaku.mhlw.go.jp/28/index.php?action_kouhyou_detail_004_kani=true&JigyosyoCd=2873800599-00&ServiceCd=430&Type=search", "url2": "http://www.shiso-wel.or.jp" }, "geometry": { "type": "Point", "coordinates": [ 134.580519699999968, 35.0945702 ] } },
{ "type": "Feature", "properties": { "内容": "ケアプランなでしこ【居宅介護支援】兵庫県宍粟市山崎町山崎420", "url": "https://www.kaigokensaku.mhlw.go.jp/28/index.php?action_kouhyou_detail_004_kani=true&JigyosyoCd=2873801092-00&ServiceCd=430&Type=search", "url2": null }, "geometry": { "type": "Point", "coordinates": [ 134.54473859999996, 35.0055947 ] } },
{ "type": "Feature", "properties": { "内容": "かえで園居宅介護支援センター【居宅介護支援】兵庫県宍粟市波賀町安賀４５０－２", "url": "https://www.kaigokensaku.mhlw.go.jp/28/index.php?action_kouhyou_detail_004_kani=true&JigyosyoCd=2873800268-00&ServiceCd=430&Type=search", "url2": "http://haganosato.jp/" }, "geometry": { "type": "Point", "coordinates": [ 134.5437958, 35.1564093 ] } },
{ "type": "Feature", "properties": { "内容": "居宅介護支援事業所　むつみ【居宅介護支援】兵庫県宍粟市波賀町飯見36-30", "url": "https://www.kaigokensaku.mhlw.go.jp/28/index.php?action_kouhyou_detail_004_kani=true&JigyosyoCd=2873800318-00&ServiceCd=430&Type=search", "url2": "http://www.mutsumien.jp" }, "geometry": { "type": "Point", "coordinates": [ 134.542345299999965, 35.1715323 ] } },
{ "type": "Feature", "properties": { "内容": "ケアプラン大空【居宅介護支援】兵庫県宍粟市山崎町青木1591番地1", "url": "https://www.kaigokensaku.mhlw.go.jp/28/index.php?action_kouhyou_detail_004_kani=true&JigyosyoCd=2873801134-00&ServiceCd=430&Type=search", "url2": null }, "geometry": { "type": "Point", "coordinates": [ 134.486055599999986, 35.0327983 ] } },
{ "type": "Feature", "properties": { "内容": "垣尾メディカル有限会社　ケアサービス垣尾【居宅介護支援】兵庫県宍粟市山崎町田井５７０－２", "url": "https://www.kaigokensaku.mhlw.go.jp/28/index.php?action_kouhyou_detail_004_kani=true&JigyosyoCd=2873800193-00&ServiceCd=430&Type=search", "url2": null }, "geometry": { "type": "Point", "coordinates": [ 134.566271480425996, 35.045884661780043 ] } },
{ "type": "Feature", "properties": { "内容": "株式会社　やまのほし【居宅介護支援】兵庫県宍粟市波賀町小野55番地", "url": "https://www.kaigokensaku.mhlw.go.jp/28/index.php?action_kouhyou_detail_004_kani=true&JigyosyoCd=2873800722-00&ServiceCd=430&Type=search", "url2": null }, "geometry": { "type": "Point", "coordinates": [ 134.556323839286705, 35.13698581916065 ] } },
{ "type": "Feature", "properties": { "内容": "あやとり居宅介護支援事業所【居宅介護支援】兵庫県加東市野村８９４番地", "url": "https://www.kaigokensaku.mhlw.go.jp/28/index.php?action_kouhyou_detail_004_kani=true&JigyosyoCd=2872500554-00&ServiceCd=430&Type=search", "url2": "https://r.goope.jp/deiho-muayatori/info" }, "geometry": { "type": "Point", "coordinates": [ 134.935062060807809, 34.914880410674883 ] } },
{ "type": "Feature", "properties": { "内容": "介護の杖おりこう【居宅介護支援】兵庫県加東市木梨1356-243サンライフＭⅡ　203", "url": "https://www.kaigokensaku.mhlw.go.jp/28/index.php?action_kouhyou_detail_004_kani=true&JigyosyoCd=2872500778-00&ServiceCd=430&Type=search", "url2": null }, "geometry": { "type": "Point", "coordinates": [ 134.9821105, 34.9155045 ] } },
{ "type": "Feature", "properties": { "内容": "chouEtte【居宅介護支援】兵庫県加東市社1443-4　FUKUWA2F", "url": "https://www.kaigokensaku.mhlw.go.jp/28/index.php?action_kouhyou_detail_004_kani=true&JigyosyoCd=2872500828-00&ServiceCd=430&Type=search", "url2": "http://www.fukuwalife.jp" }, "geometry": { "type": "Point", "coordinates": [ 134.9667622, 34.918386 ] } },
{ "type": "Feature", "properties": { "内容": "オリーブ加東居宅介護支援事業所【居宅介護支援】兵庫県加東市社1213番地4駒ビル1F", "url": "https://www.kaigokensaku.mhlw.go.jp/28/index.php?action_kouhyou_detail_004_kani=true&JigyosyoCd=2872500893-00&ServiceCd=430&Type=search", "url2": null }, "geometry": { "type": "Point", "coordinates": [ 134.958569899999986, 34.9169649 ] } },
{ "type": "Feature", "properties": { "内容": "みくさ介護ステーション【居宅介護支援】兵庫県加東市上三草958-81", "url": "https://www.kaigokensaku.mhlw.go.jp/28/index.php?action_kouhyou_detail_004_kani=true&JigyosyoCd=2872500190-00&ServiceCd=430&Type=search", "url2": null }, "geometry": { "type": "Point", "coordinates": [ 134.9977735, 34.9311058 ] } },
{ "type": "Feature", "properties": { "内容": "居宅介護支援事業所　社すみれ園【居宅介護支援】兵庫県加東市藤田字東山９４４－２７", "url": "https://www.kaigokensaku.mhlw.go.jp/28/index.php?action_kouhyou_detail_004_kani=true&JigyosyoCd=2872500596-00&ServiceCd=430&Type=search", "url2": "http://www.yashiro-sumire.com/" }, "geometry": { "type": "Point", "coordinates": [ 135.000181596031211, 34.91036799520932 ] } },
{ "type": "Feature", "properties": { "内容": "社会福祉法人　健睦会　居宅介護支援事業所【居宅介護支援】兵庫県加東市下滝野1283-37", "url": "https://www.kaigokensaku.mhlw.go.jp/28/index.php?action_kouhyou_detail_004_kani=true&JigyosyoCd=2872500067-00&ServiceCd=430&Type=search", "url2": "http://www.furoide-takino.or.jp" }, "geometry": { "type": "Point", "coordinates": [ 134.93431540000006, 34.9463479 ] } },
{ "type": "Feature", "properties": { "内容": "サンスマイル北野居宅介護支援事業所【居宅介護支援】兵庫県加東市北野55番地1サンスマイル北野3階", "url": "https://www.kaigokensaku.mhlw.go.jp/28/index.php?action_kouhyou_detail_004_kani=true&JigyosyoCd=2872500901-00&ServiceCd=430&Type=search", "url2": "https://kasuganokai.com/sskitano/" }, "geometry": { "type": "Point", "coordinates": [ 134.954467, 34.934046 ] } },
{ "type": "Feature", "properties": { "内容": "ＪＡみのり加東ケアセンター【居宅介護支援】兵庫県加東市沢部613", "url": "https://www.kaigokensaku.mhlw.go.jp/28/index.php?action_kouhyou_detail_004_kani=true&JigyosyoCd=2872500109-00&ServiceCd=430&Type=search", "url2": "https://www.ja-minori.jp" }, "geometry": { "type": "Point", "coordinates": [ 134.954680300000064, 34.8956721 ] } },
{ "type": "Feature", "properties": { "内容": "四つ葉居宅介護支援事業所【居宅介護支援】兵庫県加東市下久米１３４４番地１", "url": "https://www.kaigokensaku.mhlw.go.jp/28/index.php?action_kouhyou_detail_004_kani=true&JigyosyoCd=2872500737-00&ServiceCd=430&Type=search", "url2": null }, "geometry": { "type": "Point", "coordinates": [ 135.0187793, 34.9192152 ] } },
{ "type": "Feature", "properties": { "内容": "ケアープラン大樹【居宅介護支援】兵庫県加東市黒谷字大池奥1206-193", "url": "https://www.kaigokensaku.mhlw.go.jp/28/index.php?action_kouhyou_detail_004_kani=true&JigyosyoCd=2872500653-00&ServiceCd=430&Type=search", "url2": null }, "geometry": { "type": "Point", "coordinates": [ 135.0680784, 34.9247797 ] } },
{ "type": "Feature", "properties": { "内容": "メイフラワープラン【居宅介護支援】兵庫県加東市屋度736番地262", "url": "https://www.kaigokensaku.mhlw.go.jp/28/index.php?action_kouhyou_detail_004_kani=true&JigyosyoCd=2872500886-00&ServiceCd=430&Type=search", "url2": "https://mayflowerday.com" }, "geometry": { "type": "Point", "coordinates": [ 134.96222130000001, 34.8954396 ] } },
{ "type": "Feature", "properties": { "内容": "伽の里介護相談センター【居宅介護支援】兵庫県加東市天神６０８番地", "url": "https://www.kaigokensaku.mhlw.go.jp/28/index.php?action_kouhyou_detail_004_kani=true&JigyosyoCd=2872500257-00&ServiceCd=430&Type=search", "url2": "https://hinode.or.jp/establishment/toginosato/toginosato_kyotakukaigo/" }, "geometry": { "type": "Point", "coordinates": [ 135.061686799999961, 34.9124994 ] } },
{ "type": "Feature", "properties": { "内容": "訪問看護ステーションひまわり【居宅介護支援】兵庫県たつの市龍野町富永495-1", "url": "https://www.kaigokensaku.mhlw.go.jp/28/index.php?action_kouhyou_detail_004_kani=true&JigyosyoCd=2863690026-00&ServiceCd=430&Type=search", "url2": null }, "geometry": { "type": "Point", "coordinates": [ 134.5479623, 34.8561017 ] } },
{ "type": "Feature", "properties": { "内容": "医療法人社団　景珠会　新宮訪問看護ステーション【居宅介護支援】兵庫県たつの市新宮町井野原５３１－２", "url": "https://www.kaigokensaku.mhlw.go.jp/28/index.php?action_kouhyou_detail_004_kani=true&JigyosyoCd=2864190026-00&ServiceCd=430&Type=search", "url2": "http://www.mcn2k.co.jp/pub/keijyukai" }, "geometry": { "type": "Point", "coordinates": [ 134.547791299999972, 34.905674 ] } },
{ "type": "Feature", "properties": { "内容": "居宅介護支援事業所　ほがらか【居宅介護支援】兵庫県たつの市揖保川町神戸北山126-1", "url": "https://www.kaigokensaku.mhlw.go.jp/28/index.php?action_kouhyou_detail_004_kani=true&JigyosyoCd=2873601005-00&ServiceCd=430&Type=search", "url2": "http://muroi-medical.or.jp/" }, "geometry": { "type": "Point", "coordinates": [ 134.52199040000005, 34.827221500000014 ] } },
{ "type": "Feature", "properties": { "内容": "ケアプランみやけ【居宅介護支援】兵庫県たつの市御津町釜屋168-6", "url": "https://www.kaigokensaku.mhlw.go.jp/28/index.php?action_kouhyou_detail_004_kani=true&JigyosyoCd=2873601146-00&ServiceCd=430&Type=search", "url2": null }, "geometry": { "type": "Point", "coordinates": [ 134.5591308, 34.785833 ] } },
{ "type": "Feature", "properties": { "内容": "居宅介護支援事業所　Rin【居宅介護支援】兵庫県たつの市龍野町堂本３５番地１４", "url": "https://www.kaigokensaku.mhlw.go.jp/28/index.php?action_kouhyou_detail_004_kani=true&JigyosyoCd=2873601336-00&ServiceCd=430&Type=search", "url2": null }, "geometry": { "type": "Point", "coordinates": [ 134.5539837, 34.8612963 ] } },
{ "type": "Feature", "properties": { "内容": "シスナブ御津居宅介護支援事業所【居宅介護支援】兵庫県たつの市御津町中島980-3", "url": "https://www.kaigokensaku.mhlw.go.jp/28/index.php?action_kouhyou_detail_004_kani=true&JigyosyoCd=2874100106-00&ServiceCd=430&Type=search", "url2": "www.yumekoubou.or.jp" }, "geometry": { "type": "Point", "coordinates": [ 134.556618500000013, 34.7935458 ] } },
{ "type": "Feature", "properties": { "内容": "あんサポートオフィス居宅介護支援事業所【居宅介護支援】兵庫県たつの市揖保川町黍田83エスポワールA201", "url": "https://www.kaigokensaku.mhlw.go.jp/28/index.php?action_kouhyou_detail_004_kani=true&JigyosyoCd=2873601237-00&ServiceCd=430&Type=search", "url2": null }, "geometry": { "type": "Point", "coordinates": [ 134.5218806, 34.8217602 ] } },
{ "type": "Feature", "properties": { "内容": "ケアプラン正條【居宅介護支援】兵庫県たつの市揖保川町正條448-1", "url": "https://www.kaigokensaku.mhlw.go.jp/28/index.php?action_kouhyou_detail_004_kani=true&JigyosyoCd=2873601112-00&ServiceCd=430&Type=search", "url2": "https://plusalha.com" }, "geometry": { "type": "Point", "coordinates": [ 134.5287065, 34.8242852 ] } },
{ "type": "Feature", "properties": { "内容": "いぼがわ荘居宅介護支援事業所【居宅介護支援】兵庫県たつの市揖保川町半田608－1", "url": "https://www.kaigokensaku.mhlw.go.jp/28/index.php?action_kouhyou_detail_004_kani=true&JigyosyoCd=2874100189-00&ServiceCd=430&Type=search", "url2": "https://www.ibogawa-hospital.jp/ibogawasou/index.html" }, "geometry": { "type": "Point", "coordinates": [ 134.535705399999983, 34.8461196 ] } },
{ "type": "Feature", "properties": { "内容": "栗栖の荘　指定居宅介護支援事業所【居宅介護支援】兵庫県たつの市新宮町平野７７８－５", "url": "https://www.kaigokensaku.mhlw.go.jp/28/index.php?action_kouhyou_detail_004_kani=true&JigyosyoCd=2874100098-00&ServiceCd=430&Type=search", "url2": "http://www.kurisunosou.or.jp/" }, "geometry": { "type": "Point", "coordinates": [ 134.5339229, 34.931751 ] } },
{ "type": "Feature", "properties": { "内容": "揖保の郷居宅介護支援事業【居宅介護支援】兵庫県たつの市揖保川町馬場７４７", "url": "https://www.kaigokensaku.mhlw.go.jp/28/index.php?action_kouhyou_detail_004_kani=true&JigyosyoCd=2874100155-00&ServiceCd=430&Type=search", "url2": "https://www.harimaseibu.com" }, "geometry": { "type": "Point", "coordinates": [ 134.516381200000069, 34.7934002 ] } },
{ "type": "Feature", "properties": { "内容": "くわのみ園在宅介護支援センター【居宅介護支援】兵庫県たつの市龍野町堂本260-1", "url": "https://www.kaigokensaku.mhlw.go.jp/28/index.php?action_kouhyou_detail_004_kani=true&JigyosyoCd=2873600015-00&ServiceCd=430&Type=search", "url2": "http://www.kuwanomien.jp/" }, "geometry": { "type": "Point", "coordinates": [ 134.552578828616362, 34.857606457254683 ] } },
{ "type": "Feature", "properties": { "内容": "株式会社のもと本店【居宅介護支援】兵庫県たつの市御津町黒崎２６８", "url": "https://www.kaigokensaku.mhlw.go.jp/28/index.php?action_kouhyou_detail_004_kani=true&JigyosyoCd=2874100015-00&ServiceCd=430&Type=search", "url2": "https://nomoto-ayabe.com/" }, "geometry": { "type": "Point", "coordinates": [ 134.559844399999946, 34.7795109 ] } },
{ "type": "Feature", "properties": { "内容": "西はりまクリニック【居宅介護支援】たつの市誉田町福田７８０－３７", "url": "https://www.kaigokensaku.mhlw.go.jp/28/index.php?action_kouhyou_detail_004_kani=true&JigyosyoCd=2813600794-00&ServiceCd=430&Type=search", "url2": "http://nishiharima.ec-net.jp/" }, "geometry": { "type": "Point", "coordinates": [ 134.577070899999967, 34.8489112 ] } },
{ "type": "Feature", "properties": { "内容": "むれさき居宅介護支援新宮事業所【居宅介護支援】兵庫県たつの市新宮町井野原４８１番地－１", "url": "https://www.kaigokensaku.mhlw.go.jp/28/index.php?action_kouhyou_detail_004_kani=true&JigyosyoCd=2874100585-00&ServiceCd=430&Type=search", "url2": "http;//www.syousikai.jp/" }, "geometry": { "type": "Point", "coordinates": [ 134.549705, 34.9065545 ] } },
{ "type": "Feature", "properties": { "内容": "ケアプラン笑【居宅介護支援】兵庫県たつの市新宮町段之上736-20", "url": "https://www.kaigokensaku.mhlw.go.jp/28/index.php?action_kouhyou_detail_004_kani=true&JigyosyoCd=2873601294-00&ServiceCd=430&Type=search", "url2": null }, "geometry": { "type": "Point", "coordinates": [ 134.5463035, 34.9117699 ] } },
{ "type": "Feature", "properties": { "内容": "たつの市居宅介護支援事業所【居宅介護支援】兵庫県たつの市龍野町富永　１００５－１たつの消防署３F", "url": "https://www.kaigokensaku.mhlw.go.jp/28/index.php?action_kouhyou_detail_004_kani=true&JigyosyoCd=2873601195-00&ServiceCd=430&Type=search", "url2": "https://zaitaku.tatsuno-shiminbyoin.com/" }, "geometry": { "type": "Point", "coordinates": [ 134.5433514, 34.8572277 ] } },
{ "type": "Feature", "properties": { "内容": "西はりまグリーンホーム居宅介護支援サービス【居宅介護支援】兵庫県たつの市誉田町福田780-1", "url": "https://www.kaigokensaku.mhlw.go.jp/28/index.php?action_kouhyou_detail_004_kani=true&JigyosyoCd=2873600023-00&ServiceCd=430&Type=search", "url2": "http://www.enshoukai.com" }, "geometry": { "type": "Point", "coordinates": [ 134.576959799999941, 34.84955 ] } },
{ "type": "Feature", "properties": { "内容": "JA兵庫西揖龍介護支援センター【居宅介護支援】兵庫県たつの市揖西町竹万97", "url": "https://www.kaigokensaku.mhlw.go.jp/28/index.php?action_kouhyou_detail_004_kani=true&JigyosyoCd=2873600239-00&ServiceCd=430&Type=search", "url2": "http://www.ja-hyogonishi.or.jp" }, "geometry": { "type": "Point", "coordinates": [ 134.51193683093561, 34.850520678353448 ] } },
{ "type": "Feature", "properties": { "内容": "トマト指定居宅介護支援センター【居宅介護支援】兵庫県たつの市揖保町中臣５１０番地", "url": "https://www.kaigokensaku.mhlw.go.jp/28/index.php?action_kouhyou_detail_004_kani=true&JigyosyoCd=2873600866-00&ServiceCd=430&Type=search", "url2": "https://www.kounankai.jp/" }, "geometry": { "type": "Point", "coordinates": [ 134.548879299999953, 34.8394347 ] } },
{ "type": "Feature", "properties": { "内容": "居宅介護支援事業所安心【居宅介護支援】兵庫県たつの市龍野町日山61－1プラザ日山B号", "url": "https://www.kaigokensaku.mhlw.go.jp/28/index.php?action_kouhyou_detail_004_kani=true&JigyosyoCd=2873601302-00&ServiceCd=430&Type=search", "url2": null }, "geometry": { "type": "Point", "coordinates": [ 134.538055899999989, 34.8600812 ] } },
{ "type": "Feature", "properties": { "内容": "シルバーケア居宅介護支援事業所【居宅介護支援】たつの市揖保川町半田703-1", "url": "https://www.kaigokensaku.mhlw.go.jp/28/index.php?action_kouhyou_detail_004_kani=true&JigyosyoCd=2874100197-00&ServiceCd=430&Type=search", "url2": "http://www.ibogawa-hospital.jp/" }, "geometry": { "type": "Point", "coordinates": [ 134.536227599999961, 34.8457169 ] } },
{ "type": "Feature", "properties": { "内容": "居宅介護支援事業所　がじゅまる【居宅介護支援】兵庫県たつの市龍野町北龍野４５４", "url": "https://www.kaigokensaku.mhlw.go.jp/28/index.php?action_kouhyou_detail_004_kani=true&JigyosyoCd=2873601088-00&ServiceCd=430&Type=search", "url2": "http://bloom-t.com/" }, "geometry": { "type": "Point", "coordinates": [ 134.548028599999952, 34.8720468 ] } },
{ "type": "Feature", "properties": { "内容": "老人訪問看護ステーションオアシス　居宅介護支援事業所【居宅介護支援】兵庫県たつの市龍野町島田６６９番地１", "url": "https://www.kaigokensaku.mhlw.go.jp/28/index.php?action_kouhyou_detail_004_kani=true&JigyosyoCd=2863690018-00&ServiceCd=430&Type=search", "url2": "http://www.tatsuno-central-hospital.jp/" }, "geometry": { "type": "Point", "coordinates": [ 134.554469400000016, 34.8750049 ] } },
{ "type": "Feature", "properties": { "内容": "居宅介護支援事業所　あおぞら【居宅介護支援】兵庫県たつの市揖西町小神188-2", "url": "https://www.kaigokensaku.mhlw.go.jp/28/index.php?action_kouhyou_detail_004_kani=true&JigyosyoCd=2873601039-00&ServiceCd=430&Type=search", "url2": null }, "geometry": { "type": "Point", "coordinates": [ 134.532780600000024, 34.8607954 ] } },
{ "type": "Feature", "properties": { "内容": "タウンサポート【居宅介護支援】兵庫県川辺郡猪名川町若葉1-39-1パークプラザA棟", "url": "https://www.kaigokensaku.mhlw.go.jp/28/index.php?action_kouhyou_detail_004_kani=true&JigyosyoCd=2873200543-00&ServiceCd=430&Type=search", "url2": null }, "geometry": { "type": "Point", "coordinates": [ 135.369321321565252, 34.896800804851686 ] } },
{ "type": "Feature", "properties": { "内容": "ケアプランかがやき【居宅介護支援】川辺郡猪名川町若葉2-41-2", "url": "https://www.kaigokensaku.mhlw.go.jp/28/index.php?action_kouhyou_detail_004_kani=true&JigyosyoCd=2873200345-00&ServiceCd=430&Type=search", "url2": "www.gsckagayaki.org" }, "geometry": { "type": "Point", "coordinates": [ 135.3733373, 34.8968257 ] } },
{ "type": "Feature", "properties": { "内容": "玻璃　居宅介護支援事業所【居宅介護支援】兵庫県川辺郡猪名川町伏見台1-1-40", "url": "https://www.kaigokensaku.mhlw.go.jp/28/index.php?action_kouhyou_detail_004_kani=true&JigyosyoCd=2873200519-00&ServiceCd=430&Type=search", "url2": "https://e-akane.com/" }, "geometry": { "type": "Point", "coordinates": [ 135.391392561239428, 34.908455591432329 ] } },
{ "type": "Feature", "properties": { "内容": "ひまわりケアプランセンター【居宅介護支援】兵庫県川辺郡猪名川町柏梨田字ハザマ188番地の11", "url": "https://www.kaigokensaku.mhlw.go.jp/28/index.php?action_kouhyou_detail_004_kani=true&JigyosyoCd=2873200527-00&ServiceCd=430&Type=search", "url2": null }, "geometry": { "type": "Point", "coordinates": [ 135.375509, 34.8970514 ] } },
{ "type": "Feature", "properties": { "内容": "天河草子【居宅介護支援】兵庫県川辺郡猪名川町伏見台1-1-70", "url": "https://www.kaigokensaku.mhlw.go.jp/28/index.php?action_kouhyou_detail_004_kani=true&JigyosyoCd=2873200121-00&ServiceCd=430&Type=search", "url2": "http://www.e-akane.com/" }, "geometry": { "type": "Point", "coordinates": [ 135.391974399999981, 34.908405500000015 ] } },
{ "type": "Feature", "properties": { "内容": "ケアプラン観月【居宅介護支援】兵庫県川辺郡猪名川町若葉1-2-6三栄パークタウンビル103", "url": "https://www.kaigokensaku.mhlw.go.jp/28/index.php?action_kouhyou_detail_004_kani=true&JigyosyoCd=2873200196-00&ServiceCd=430&Type=search", "url2": null }, "geometry": { "type": "Point", "coordinates": [ 135.366182400000071, 34.90128390000001 ] } },
{ "type": "Feature", "properties": { "内容": "ケアプランセンターみずき【居宅介護支援】兵庫県川辺郡猪名川町広根字九十九8番地", "url": "https://www.kaigokensaku.mhlw.go.jp/28/index.php?action_kouhyou_detail_004_kani=true&JigyosyoCd=2873200279-00&ServiceCd=430&Type=search", "url2": "http://www.cpc-mizuki.com" }, "geometry": { "type": "Point", "coordinates": [ 135.3727364, 34.8905916 ] } },
{ "type": "Feature", "properties": { "内容": "武田ケアマネージオフィス【居宅介護支援】兵庫県川辺郡猪名川町若葉2-50B-103", "url": "https://www.kaigokensaku.mhlw.go.jp/28/index.php?action_kouhyou_detail_004_kani=true&JigyosyoCd=2873200337-00&ServiceCd=430&Type=search", "url2": null }, "geometry": { "type": "Point", "coordinates": [ 135.373030200000017, 34.8937743 ] } },
{ "type": "Feature", "properties": { "内容": "ケアプランのどか【居宅介護支援】兵庫県川辺郡猪名川町伏見台５丁目１－７１", "url": "https://www.kaigokensaku.mhlw.go.jp/28/index.php?action_kouhyou_detail_004_kani=true&JigyosyoCd=2873200410-00&ServiceCd=430&Type=search", "url2": null }, "geometry": { "type": "Point", "coordinates": [ 135.396235199999978, 34.91912 ] } },
{ "type": "Feature", "properties": { "内容": "居宅介護支援事業所せいふう猪名川【居宅介護支援】兵庫県川辺郡猪名川町北田原字屏風岳３番地", "url": "https://www.kaigokensaku.mhlw.go.jp/28/index.php?action_kouhyou_detail_004_kani=true&JigyosyoCd=2873200436-00&ServiceCd=430&Type=search", "url2": "http://www.seifu-inagawa-rk.jp" }, "geometry": { "type": "Point", "coordinates": [ 135.359180199999969, 34.9168353 ] } },
{ "type": "Feature", "properties": { "内容": "ケアプラン　心音【居宅介護支援】兵庫県川辺郡猪名川町伏見台4-3-55", "url": "https://www.kaigokensaku.mhlw.go.jp/28/index.php?action_kouhyou_detail_004_kani=true&JigyosyoCd=2873200535-00&ServiceCd=430&Type=search", "url2": null }, "geometry": { "type": "Point", "coordinates": [ 135.39787960000001, 34.9186951 ] } },
{ "type": "Feature", "properties": { "内容": "オアシス猪名川居宅介護支援事業所【居宅介護支援】兵庫県川辺郡猪名川町柏梨田字前ヶ谷157-10", "url": "https://www.kaigokensaku.mhlw.go.jp/28/index.php?action_kouhyou_detail_004_kani=true&JigyosyoCd=2873200552-00&ServiceCd=430&Type=search", "url2": "https://ja-oasis.com/pages/193/" }, "geometry": { "type": "Point", "coordinates": [ 135.3761884, 34.896414 ] } },
{ "type": "Feature", "properties": { "内容": "福祉の相談所ふきのとう【居宅介護支援】兵庫県多可郡多可町中区中村町333", "url": "https://www.kaigokensaku.mhlw.go.jp/28/index.php?action_kouhyou_detail_004_kani=true&JigyosyoCd=2872700634-00&ServiceCd=430&Type=search", "url2": "https://www.npofukinotou.com/" }, "geometry": { "type": "Point", "coordinates": [ 134.92487929999993, 35.0495143 ] } },
{ "type": "Feature", "properties": { "内容": "パワーリハビリケアプランニング【居宅介護支援】兵庫県多可郡多可町中区鍛冶屋846-2", "url": "https://www.kaigokensaku.mhlw.go.jp/28/index.php?action_kouhyou_detail_004_kani=true&JigyosyoCd=2872700543-00&ServiceCd=430&Type=search", "url2": null }, "geometry": { "type": "Point", "coordinates": [ 134.936351300000069, 35.0724276 ] } },
{ "type": "Feature", "properties": { "内容": "ヘルシービラ加美居宅介護支援事業所【居宅介護支援】兵庫県多可郡多可町加美区多田字宮前430番地１０", "url": "https://www.kaigokensaku.mhlw.go.jp/28/index.php?action_kouhyou_detail_004_kani=true&JigyosyoCd=2872700204-00&ServiceCd=430&Type=search", "url2": "http://www.sengaminekai.or.jp/" }, "geometry": { "type": "Point", "coordinates": [ 134.884278, 35.1080441 ] } },
{ "type": "Feature", "properties": { "内容": "社会福祉法人　楽久園会　居宅介護支援事業所【居宅介護支援】兵庫県多可郡多可町八千代区俵田111-27", "url": "https://www.kaigokensaku.mhlw.go.jp/28/index.php?action_kouhyou_detail_004_kani=true&JigyosyoCd=2872700014-00&ServiceCd=430&Type=search", "url2": "http://www.rakuenkai.or.jp" }, "geometry": { "type": "Point", "coordinates": [ 134.891572552114923, 35.015152999414155 ] } },
{ "type": "Feature", "properties": { "内容": "しあわせ荘居宅介護支援事業所【居宅介護支援】兵庫県多可郡多可町中区鍛冶屋763-3特別養護老人ホームしあわせ荘", "url": "https://www.kaigokensaku.mhlw.go.jp/28/index.php?action_kouhyou_detail_004_kani=true&JigyosyoCd=2872700154-00&ServiceCd=430&Type=search", "url2": "https://siawase-sou.com" }, "geometry": { "type": "Point", "coordinates": [ 134.9312459, 35.0702102 ] } },
{ "type": "Feature", "properties": { "内容": "特定非営利活動法人　宅老所　ろまん　居宅介護支援事業所【居宅介護支援】兵庫県多可郡多可町中区安楽田980-43", "url": "https://www.kaigokensaku.mhlw.go.jp/28/index.php?action_kouhyou_detail_004_kani=true&JigyosyoCd=2872700386-00&ServiceCd=430&Type=search", "url2": "http://t-roman-2580.jimdo.com" }, "geometry": { "type": "Point", "coordinates": [ 134.903832400000027, 35.0772454 ] } },
{ "type": "Feature", "properties": { "内容": "多可赤十字指定居宅介護支援事業所【居宅介護支援】兵庫県多可郡多可町中区岸上280", "url": "https://www.kaigokensaku.mhlw.go.jp/28/index.php?action_kouhyou_detail_004_kani=true&JigyosyoCd=2872700055-00&ServiceCd=430&Type=search", "url2": "http://www.taka.jrc.or.jp" }, "geometry": { "type": "Point", "coordinates": [ 134.922367, 35.0548566 ] } },
{ "type": "Feature", "properties": { "内容": "多可町社会福祉協議会　介護相談センター【居宅介護支援】兵庫県多可郡多可町加美区市原４１番地", "url": "https://www.kaigokensaku.mhlw.go.jp/28/index.php?action_kouhyou_detail_004_kani=true&JigyosyoCd=2872700501-00&ServiceCd=430&Type=search", "url2": "http://www.taka-syakyo.or.jp" }, "geometry": { "type": "Point", "coordinates": [ 134.922397600000011, 35.1366779 ] } },
{ "type": "Feature", "properties": { "内容": "居宅介護支援事業所AIMI【居宅介護支援】兵庫県多可郡多可町中区鍛冶屋418-5", "url": "https://www.kaigokensaku.mhlw.go.jp/28/index.php?action_kouhyou_detail_004_kani=true&JigyosyoCd=2872700642-00&ServiceCd=430&Type=search", "url2": null }, "geometry": { "type": "Point", "coordinates": [ 134.920634400000012, 35.0679792 ] } },
{ "type": "Feature", "properties": { "内容": "ヒューマニティーケアプアンセンター稲美【居宅介護支援】兵庫県加古郡稲美町国岡907", "url": "https://www.kaigokensaku.mhlw.go.jp/28/index.php?action_kouhyou_detail_004_kani=true&JigyosyoCd=2872800582-00&ServiceCd=430&Type=search", "url2": "https://www.hyumanity.co.jp/" }, "geometry": { "type": "Point", "coordinates": [ 134.9101458, 34.7538705 ] } },
{ "type": "Feature", "properties": { "内容": "私立稲美中央病院居宅介護事業所【居宅介護支援】国安１２８６－２３", "url": "https://www.kaigokensaku.mhlw.go.jp/28/index.php?action_kouhyou_detail_004_kani=true&JigyosyoCd=2872800574-00&ServiceCd=430&Type=search", "url2": null }, "geometry": { "type": "Point", "coordinates": [ 134.920444699999962, 34.7507181 ] } },
{ "type": "Feature", "properties": { "内容": "居宅介護支援ドリームケア【居宅介護支援】兵庫県加古郡稲美町六分一1178-244　六分一事務所1階", "url": "https://www.kaigokensaku.mhlw.go.jp/28/index.php?action_kouhyou_detail_004_kani=true&JigyosyoCd=2872800616-00&ServiceCd=430&Type=search", "url2": "http://dream-care.club/" }, "geometry": { "type": "Point", "coordinates": [ 134.901878115507202, 34.728478924581864 ] } },
{ "type": "Feature", "properties": { "内容": "介護老人保健施設サンライズ【居宅介護支援】兵庫県加古郡稲美町国安１２３７", "url": "https://www.kaigokensaku.mhlw.go.jp/28/index.php?action_kouhyou_detail_004_kani=true&JigyosyoCd=2852880018-00&ServiceCd=430&Type=search", "url2": "http//www.hoshikai.or.jp" }, "geometry": { "type": "Point", "coordinates": [ 134.917472800000041, 34.7464658 ] } },
{ "type": "Feature", "properties": { "内容": "稲美町社会福祉協議会居宅介護支援事業所こぶし【居宅介護支援】兵庫県加古郡稲美町加古５１４１", "url": "https://www.kaigokensaku.mhlw.go.jp/28/index.php?action_kouhyou_detail_004_kani=true&JigyosyoCd=2872800038-00&ServiceCd=430&Type=search", "url2": "http://www.bb.banban.jp/inami-shakyo/" }, "geometry": { "type": "Point", "coordinates": [ 134.9075904, 34.7607835 ] } },
{ "type": "Feature", "properties": { "内容": "デイサービスセンターJAはなかご【居宅介護支援】兵庫県加古郡稲美町加古2335-3", "url": "https://www.kaigokensaku.mhlw.go.jp/28/index.php?action_kouhyou_detail_004_kani=true&JigyosyoCd=2872800194-00&ServiceCd=430&Type=search", "url2": "https://www.fukuinaho.jp/" }, "geometry": { "type": "Point", "coordinates": [ 134.907426500000042, 34.7631638 ] } },
{ "type": "Feature", "properties": { "内容": "稲美苑介護相談センター【居宅介護支援】兵庫県加古郡稲美町国安字新開１２５６", "url": "https://www.kaigokensaku.mhlw.go.jp/28/index.php?action_kouhyou_detail_004_kani=true&JigyosyoCd=2872800020-00&ServiceCd=430&Type=search", "url2": "https://hinode.or.jp/" }, "geometry": { "type": "Point", "coordinates": [ 134.909348799999947, 34.7409276 ] } },
{ "type": "Feature", "properties": { "内容": "あえの里介護保険相談センター【居宅介護支援】兵庫県加古郡播磨町北古田１丁目17番37号", "url": "https://www.kaigokensaku.mhlw.go.jp/28/index.php?action_kouhyou_detail_004_kani=true&JigyosyoCd=2872800061-00&ServiceCd=430&Type=search", "url2": "http://www.aenosato.jp" }, "geometry": { "type": "Point", "coordinates": [ 134.869417, 34.7264286 ] } },
{ "type": "Feature", "properties": { "内容": "ケアプランはぐ【居宅介護支援】兵庫県加古郡播磨町野添城2丁目4番20号", "url": "https://www.kaigokensaku.mhlw.go.jp/28/index.php?action_kouhyou_detail_004_kani=true&JigyosyoCd=2872800905-00&ServiceCd=430&Type=search", "url2": "https://sites.google.com/view/carehug" }, "geometry": { "type": "Point", "coordinates": [ 134.881119399999989, 34.7277212 ] } },
{ "type": "Feature", "properties": { "内容": "居宅介護支援事業所ひだまり【居宅介護支援】兵庫県加古郡播磨町古田1-4-59", "url": "https://www.kaigokensaku.mhlw.go.jp/28/index.php?action_kouhyou_detail_004_kani=true&JigyosyoCd=2872800780-00&ServiceCd=430&Type=search", "url2": null }, "geometry": { "type": "Point", "coordinates": [ 134.8660607, 34.7251338 ] } },
{ "type": "Feature", "properties": { "内容": "大地介護相談センター【居宅介護支援】兵庫県加古郡播磨町北本荘3丁目6-23-106", "url": "https://www.kaigokensaku.mhlw.go.jp/28/index.php?action_kouhyou_detail_004_kani=true&JigyosyoCd=2872800459-00&ServiceCd=430&Type=search", "url2": null }, "geometry": { "type": "Point", "coordinates": [ 134.857470799999987, 34.7191153 ] } },
{ "type": "Feature", "properties": { "内容": "播磨町社会福祉協議会　居宅介護支援事業所【居宅介護支援】兵庫県加古郡播磨町南大中１－８－４１播磨町福祉しあわせセンター内", "url": "https://www.kaigokensaku.mhlw.go.jp/28/index.php?action_kouhyou_detail_004_kani=true&JigyosyoCd=2872800079-00&ServiceCd=430&Type=search", "url2": "http://www.harima-wel.or.jp/" }, "geometry": { "type": "Point", "coordinates": [ 134.86796430000004, 34.7199071 ] } },
{ "type": "Feature", "properties": { "内容": "ケアプランセンターきずな【居宅介護支援】兵庫県加古郡播磨町野添267－1", "url": "https://www.kaigokensaku.mhlw.go.jp/28/index.php?action_kouhyou_detail_004_kani=true&JigyosyoCd=2872800814-00&ServiceCd=430&Type=search", "url2": "http://wwwhustle-rt.com" }, "geometry": { "type": "Point", "coordinates": [ 134.889710400000013, 34.7211127 ] } },
{ "type": "Feature", "properties": { "内容": "ケアプランセンター幸呼【居宅介護支援】兵庫県加古郡播磨町古宮６丁目５－１３", "url": "https://www.kaigokensaku.mhlw.go.jp/28/index.php?action_kouhyou_detail_004_kani=true&JigyosyoCd=2872800939-00&ServiceCd=430&Type=search", "url2": null }, "geometry": { "type": "Point", "coordinates": [ 134.8680075, 34.7111849 ] } },
{ "type": "Feature", "properties": { "内容": "市川町社会福祉協議会　居宅介護支援事業所【居宅介護支援】兵庫県神崎郡市川町甘地３２３－１", "url": "https://www.kaigokensaku.mhlw.go.jp/28/index.php?action_kouhyou_detail_004_kani=true&JigyosyoCd=2873400366-00&ServiceCd=430&Type=search", "url2": "https://www.ichikawa-syakyo.org" }, "geometry": { "type": "Point", "coordinates": [ 134.760825100000034, 34.990726 ] } },
{ "type": "Feature", "properties": { "内容": "(株）アミューズ24【居宅介護支援】兵庫県神崎郡市川町甘地196", "url": "https://www.kaigokensaku.mhlw.go.jp/28/index.php?action_kouhyou_detail_004_kani=true&JigyosyoCd=2873400697-00&ServiceCd=430&Type=search", "url2": "http://www.amuse24.net/" }, "geometry": { "type": "Point", "coordinates": [ 134.758586400000013, 34.9923564 ] } },
{ "type": "Feature", "properties": { "内容": "ひまわり荘居宅介護支援事業【居宅介護支援】神崎郡市川町下牛尾670", "url": "https://www.kaigokensaku.mhlw.go.jp/28/index.php?action_kouhyou_detail_004_kani=true&JigyosyoCd=2873400069-00&ServiceCd=430&Type=search", "url2": "http://www.himawarisou.or.jp" }, "geometry": { "type": "Point", "coordinates": [ 134.82117489999996, 35.0010862 ] } },
{ "type": "Feature", "properties": { "内容": "（有）愛ケア・サービス居宅介護支援事業所【居宅介護支援】兵庫県神埼郡福崎町福田330-9", "url": "https://www.kaigokensaku.mhlw.go.jp/28/index.php?action_kouhyou_detail_004_kani=true&JigyosyoCd=2873400994-00&ServiceCd=430&Type=search", "url2": null }, "geometry": { "type": "Point", "coordinates": [ 134.751243299999942, 34.9600593 ] } },
{ "type": "Feature", "properties": { "内容": "ＪＡ兵庫西神飾介護センター【居宅介護支援】兵庫県神崎郡福崎町福崎新１４５－１", "url": "https://www.kaigokensaku.mhlw.go.jp/28/index.php?action_kouhyou_detail_004_kani=true&JigyosyoCd=2873400564-00&ServiceCd=430&Type=search", "url2": "https://www.ja-hyogonishi.or.jp" }, "geometry": { "type": "Point", "coordinates": [ 134.750498900000025, 34.9534905 ] } },
{ "type": "Feature", "properties": { "内容": "ケアプラン愛の里居宅介護支援事業所【居宅介護支援】神崎郡福崎町大貫2321-1", "url": "https://www.kaigokensaku.mhlw.go.jp/28/index.php?action_kouhyou_detail_004_kani=true&JigyosyoCd=2873400721-00&ServiceCd=430&Type=search", "url2": null }, "geometry": { "type": "Point", "coordinates": [ 134.783584899999966, 34.951933699999984 ] } },
{ "type": "Feature", "properties": { "内容": "福崎町社会福祉協議会　福崎町在宅介護支援センターすみよしの郷【居宅介護支援】兵庫県神崎郡福崎町大貫４４６番地", "url": "https://www.kaigokensaku.mhlw.go.jp/28/index.php?action_kouhyou_detail_004_kani=true&JigyosyoCd=2873400549-00&ServiceCd=430&Type=search", "url2": "www.fukusaki-shakyo.or.jp" }, "geometry": { "type": "Point", "coordinates": [ 134.784290300000066, 34.9447558 ] } },
{ "type": "Feature", "properties": { "内容": "アキタケメディカル「さくら」介護センター【居宅介護支援】兵庫県神崎郡福崎町福崎新７３－３", "url": "https://www.kaigokensaku.mhlw.go.jp/28/index.php?action_kouhyou_detail_004_kani=true&JigyosyoCd=2873400150-00&ServiceCd=430&Type=search", "url2": null }, "geometry": { "type": "Point", "coordinates": [ 134.750537799999961, 34.9553097 ] } },
{ "type": "Feature", "properties": { "内容": "居宅介護支援事業所ふくさき【居宅介護支援】兵庫県神崎郡福崎町南田原1933-1", "url": "https://www.kaigokensaku.mhlw.go.jp/28/index.php?action_kouhyou_detail_004_kani=true&JigyosyoCd=2873401174-00&ServiceCd=430&Type=search", "url2": null }, "geometry": { "type": "Point", "coordinates": [ 134.768547854154207, 34.948949188057043 ] } },
{ "type": "Feature", "properties": { "内容": "居宅介護支援事業所ｹｱLabo【居宅介護支援】兵庫県神崎郡福崎町西田原962番地", "url": "https://www.kaigokensaku.mhlw.go.jp/28/index.php?action_kouhyou_detail_004_kani=true&JigyosyoCd=2873401307-00&ServiceCd=430&Type=search", "url2": "kyousei@carelabo.or.jp" }, "geometry": { "type": "Point", "coordinates": [ 134.7685586, 34.954945 ] } },
{ "type": "Feature", "properties": { "内容": "うぐいす荘居宅介護支援事業所【居宅介護支援】兵庫県神崎郡神河町福本字中茶屋山1241-3", "url": "https://www.kaigokensaku.mhlw.go.jp/28/index.php?action_kouhyou_detail_004_kani=true&JigyosyoCd=2873400655-00&ServiceCd=430&Type=search", "url2": "http://www.houjyu-kai.or.jp/" }, "geometry": { "type": "Point", "coordinates": [ 134.772699947499063, 35.053924483678145 ] } },
{ "type": "Feature", "properties": { "内容": "ケアプランかんざき【居宅介護支援】兵庫県神崎郡神河町粟賀町385番地", "url": "https://www.kaigokensaku.mhlw.go.jp/28/index.php?action_kouhyou_detail_004_kani=true&JigyosyoCd=2873400820-00&ServiceCd=430&Type=search", "url2": "houkan@kanzaki-hp.jp" }, "geometry": { "type": "Point", "coordinates": [ 134.774457699999971, 35.0666299 ] } },
{ "type": "Feature", "properties": { "内容": "あやめ苑居宅介護支援事業所【居宅介護支援】神崎郡神河町比延２７７番地", "url": "https://www.kaigokensaku.mhlw.go.jp/28/index.php?action_kouhyou_detail_004_kani=true&JigyosyoCd=2873400085-00&ServiceCd=430&Type=search", "url2": "ayameen.kourin@joyocn.ne.jp" }, "geometry": { "type": "Point", "coordinates": [ 134.740169700000024, 35.0603045 ] } },
{ "type": "Feature", "properties": { "内容": "神河町社会福祉協議会居宅介護支援事業所【居宅介護支援】兵庫県神崎郡神河町粟賀町６３０番地", "url": "https://www.kaigokensaku.mhlw.go.jp/28/index.php?action_kouhyou_detail_004_kani=true&JigyosyoCd=2873400812-00&ServiceCd=430&Type=search", "url2": "http://www.shakyo.or.jp/hp/index.php?s=1237" }, "geometry": { "type": "Point", "coordinates": [ 134.7710247, 35.0679963 ] } },
{ "type": "Feature", "properties": { "内容": "ケアプランまーの【居宅介護支援】兵庫県神崎郡神河町東柏尾673－1コーポ柏尾107号", "url": "https://www.kaigokensaku.mhlw.go.jp/28/index.php?action_kouhyou_detail_004_kani=true&JigyosyoCd=2873401349-00&ServiceCd=430&Type=search", "url2": null }, "geometry": { "type": "Point", "coordinates": [ 134.761748399999988, 35.0570741 ] } },
{ "type": "Feature", "properties": { "内容": "居宅介護支援事業所　花の里【居宅介護支援】兵庫県揖保郡太子町東保129番地1", "url": "https://www.kaigokensaku.mhlw.go.jp/28/index.php?action_kouhyou_detail_004_kani=true&JigyosyoCd=2874101120-00&ServiceCd=430&Type=search", "url2": null }, "geometry": { "type": "Point", "coordinates": [ 134.5722801, 34.8332769 ] } },
{ "type": "Feature", "properties": { "内容": "ケアプラン太子【居宅介護支援】兵庫県揖保郡太子町福地103-3", "url": "https://www.kaigokensaku.mhlw.go.jp/28/index.php?action_kouhyou_detail_004_kani=true&JigyosyoCd=2874100676-00&ServiceCd=430&Type=search", "url2": null }, "geometry": { "type": "Point", "coordinates": [ 134.570694399536137, 34.821968764214205 ] } },
{ "type": "Feature", "properties": { "内容": "ソーシャルケア　豊受【居宅介護支援】兵庫県揖保郡太子町東保7番地", "url": "https://www.kaigokensaku.mhlw.go.jp/28/index.php?action_kouhyou_detail_004_kani=true&JigyosyoCd=2874101039-00&ServiceCd=430&Type=search", "url2": "http://hp.kaipoke.biz/gf7/110923/base_0001.html" }, "geometry": { "type": "Point", "coordinates": [ 134.582220399999983, 34.8331425 ] } },
{ "type": "Feature", "properties": { "内容": "居宅介護支援事業所きなり【居宅介護支援】兵庫県揖保郡太子町東保481-3コーポ太子東201", "url": "https://www.kaigokensaku.mhlw.go.jp/28/index.php?action_kouhyou_detail_004_kani=true&JigyosyoCd=2874101146-00&ServiceCd=430&Type=search", "url2": "https://kinari-taishi.com/" }, "geometry": { "type": "Point", "coordinates": [ 134.591088500000012, 34.8364413 ] } },
{ "type": "Feature", "properties": { "内容": "太子病院ケアプランセンター【居宅介護支援】兵庫県揖保郡太子町鵤387番地太子病院", "url": "https://www.kaigokensaku.mhlw.go.jp/28/index.php?action_kouhyou_detail_004_kani=true&JigyosyoCd=2874101138-00&ServiceCd=430&Type=search", "url2": "https://taishi-hp.or.jp" }, "geometry": { "type": "Point", "coordinates": [ 134.5732564, 34.8348506 ] } },
{ "type": "Feature", "properties": { "内容": "太子の郷　居宅介護支援事業所【居宅介護支援】兵庫県揖保郡太子町太田231番地の1", "url": "https://www.kaigokensaku.mhlw.go.jp/28/index.php?action_kouhyou_detail_004_kani=true&JigyosyoCd=2874100080-00&ServiceCd=430&Type=search", "url2": "http://taishinosato.org/" }, "geometry": { "type": "Point", "coordinates": [ 134.598545232943707, 34.835760941379377 ] } },
{ "type": "Feature", "properties": { "内容": "まほろばの里在宅介護支援センター【居宅介護支援】兵庫県揖保郡太子町塚森125-1", "url": "https://www.kaigokensaku.mhlw.go.jp/28/index.php?action_kouhyou_detail_004_kani=true&JigyosyoCd=2874100510-00&ServiceCd=430&Type=search", "url2": "http://まほろばの里.jp" }, "geometry": { "type": "Point", "coordinates": [ 134.570466600000032, 34.8142658 ] } },
{ "type": "Feature", "properties": { "内容": "ｽﾏｲﾙｻﾎﾟｰﾄｾﾝﾀｰ太子居宅介護支援事業所【居宅介護支援】兵庫県揖保郡太子町蓮常寺69-1", "url": "https://www.kaigokensaku.mhlw.go.jp/28/index.php?action_kouhyou_detail_004_kani=true&JigyosyoCd=2874101062-00&ServiceCd=430&Type=search", "url2": "https://hinode.or.jp/about/hakuaifukushikai/" }, "geometry": { "type": "Point", "coordinates": [ 134.574905, 34.8234545 ] } },
{ "type": "Feature", "properties": { "内容": "ケアプランステーション白雫【居宅介護支援】兵庫県揖保郡太子町立岡274-14", "url": "https://www.kaigokensaku.mhlw.go.jp/28/index.php?action_kouhyou_detail_004_kani=true&JigyosyoCd=2874101021-00&ServiceCd=430&Type=search", "url2": null }, "geometry": { "type": "Point", "coordinates": [ 134.5860614, 34.8314196 ] } },
{ "type": "Feature", "properties": { "内容": "指定居宅介護支援事業所　高嶺の郷【居宅介護支援】赤穂郡上郡町大持２０２－２", "url": "https://www.kaigokensaku.mhlw.go.jp/28/index.php?action_kouhyou_detail_004_kani=true&JigyosyoCd=2873900159-00&ServiceCd=430&Type=search", "url2": "https://youandi.takaminefukushikai.com/" }, "geometry": { "type": "Point", "coordinates": [ 134.354272900000069, 34.8682302 ] } },
{ "type": "Feature", "properties": { "内容": "ケアマネオフィス　しずく【居宅介護支援】兵庫県赤穂郡上郡町駅前85番地", "url": "https://www.kaigokensaku.mhlw.go.jp/28/index.php?action_kouhyou_detail_004_kani=true&JigyosyoCd=2873900316-00&ServiceCd=430&Type=search", "url2": null }, "geometry": { "type": "Point", "coordinates": [ 134.354265, 34.896973 ] } },
{ "type": "Feature", "properties": { "内容": "愛心高齢者センター居宅介護支援事業所【居宅介護支援】兵庫県赤穂郡上郡町山野里２７４９－４８", "url": "https://www.kaigokensaku.mhlw.go.jp/28/index.php?action_kouhyou_detail_004_kani=true&JigyosyoCd=2873900035-00&ServiceCd=430&Type=search", "url2": "https://www.aishin-wel.or.jp/" }, "geometry": { "type": "Point", "coordinates": [ 134.328605499999981, 34.8514841 ] } },
{ "type": "Feature", "properties": { "内容": "夢リハ居宅介護支援事業所【居宅介護支援】赤穂郡上郡町山野里2349-5", "url": "https://www.kaigokensaku.mhlw.go.jp/28/index.php?action_kouhyou_detail_004_kani=true&JigyosyoCd=2873900258-00&ServiceCd=430&Type=search", "url2": "www.yume-reha.co.jp" }, "geometry": { "type": "Point", "coordinates": [ 134.3506231, 34.8677081 ] } },
{ "type": "Feature", "properties": { "内容": "上郡町社会福祉協議会居宅介護支援事業所【居宅介護支援】兵庫県赤穂郡上郡町上郡５００－５", "url": "https://www.kaigokensaku.mhlw.go.jp/28/index.php?action_kouhyou_detail_004_kani=true&JigyosyoCd=2873900043-00&ServiceCd=430&Type=search", "url2": "https//www.kamigoori-wel.or.jp" }, "geometry": { "type": "Point", "coordinates": [ 134.362574699999982, 34.876113 ] } },
{ "type": "Feature", "properties": { "内容": "ほうらいの里　居宅介護支援事業所【居宅介護支援】兵庫県赤穂郡上郡町中野１１１８－１", "url": "https://www.kaigokensaku.mhlw.go.jp/28/index.php?action_kouhyou_detail_004_kani=true&JigyosyoCd=2873900027-00&ServiceCd=430&Type=search", "url2": "http://www.hohrainosato.com/" }, "geometry": { "type": "Point", "coordinates": [ 134.393328099999962, 34.8562546 ] } },
{ "type": "Feature", "properties": { "内容": "ケアプランみき【居宅介護支援】山野里2718-6", "url": "https://www.kaigokensaku.mhlw.go.jp/28/index.php?action_kouhyou_detail_004_kani=true&JigyosyoCd=2873900340-00&ServiceCd=430&Type=search", "url2": "https://itigoitie9117.wixsite.com/home" }, "geometry": { "type": "Point", "coordinates": [ 134.3499329, 34.8652287 ] } },
{ "type": "Feature", "properties": { "内容": "居宅介護支援事業所はなみずき【居宅介護支援】兵庫県佐用郡佐用町安川401番地", "url": "https://www.kaigokensaku.mhlw.go.jp/28/index.php?action_kouhyou_detail_004_kani=true&JigyosyoCd=2873700450-00&ServiceCd=430&Type=search", "url2": "https://hanasakimura.jp/" }, "geometry": { "type": "Point", "coordinates": [ 134.381831507409657, 34.980505017395394 ] } },
{ "type": "Feature", "properties": { "内容": "（株）岡尾医院　松寿会　居宅介護支援事業所　ほほえみ【居宅介護支援】兵庫県佐用郡佐用町米田410－3居宅介護支援事業所　ほほえみ", "url": "https://www.kaigokensaku.mhlw.go.jp/28/index.php?action_kouhyou_detail_004_kani=true&JigyosyoCd=2873700385-00&ServiceCd=430&Type=search", "url2": "E-mail:okao52-3@meg.winknet.ne.jp" }, "geometry": { "type": "Point", "coordinates": [ 134.378823194165079, 34.987917207639583 ] } },
{ "type": "Feature", "properties": { "内容": "医療法人社団一葉会　佐用共立病院【居宅介護支援】兵庫県佐用郡佐用町佐用1111番地", "url": "https://www.kaigokensaku.mhlw.go.jp/28/index.php?action_kouhyou_detail_004_kani=true&JigyosyoCd=2813700305-00&ServiceCd=430&Type=search", "url2": "http://www9.ocn.ne.jp" }, "geometry": { "type": "Point", "coordinates": [ 134.352090299999986, 35.0041983 ] } },
{ "type": "Feature", "properties": { "内容": "岡本医院【居宅介護支援】兵庫県佐用郡佐用町家内４２", "url": "https://www.kaigokensaku.mhlw.go.jp/28/index.php?action_kouhyou_detail_004_kani=true&JigyosyoCd=2813700370-00&ServiceCd=430&Type=search", "url2": null }, "geometry": { "type": "Point", "coordinates": [ 134.344395500000019, 34.9573175 ] } },
{ "type": "Feature", "properties": { "内容": "サンホームみかづき居宅介護支援ステーション【居宅介護支援】兵庫県佐用郡佐用町志文５１５番地", "url": "https://www.kaigokensaku.mhlw.go.jp/28/index.php?action_kouhyou_detail_004_kani=true&JigyosyoCd=2873700088-00&ServiceCd=430&Type=search", "url2": "http://www.sunhome-cat.jp" }, "geometry": { "type": "Point", "coordinates": [ 134.435665102773697, 35.011994078041681 ] } },
{ "type": "Feature", "properties": { "内容": "社会福祉法人兵庫県社会福祉事業団朝陽ケ丘荘居宅介護支援事業所【居宅介護支援】兵庫県佐用郡佐用町平福138‐1", "url": "https://www.kaigokensaku.mhlw.go.jp/28/index.php?action_kouhyou_detail_004_kani=true&JigyosyoCd=2873700211-00&ServiceCd=430&Type=search", "url2": "http://www.hwc.or.jp/asahigaoka/" }, "geometry": { "type": "Point", "coordinates": [ 134.370706700000028, 35.0500188 ] } },
{ "type": "Feature", "properties": { "内容": "特別養護老人ホーム　祐あいホーム上月　居宅介護支援事業所【居宅介護支援】兵庫県佐用郡佐用町福吉705番地", "url": "https://www.kaigokensaku.mhlw.go.jp/28/index.php?action_kouhyou_detail_004_kani=true&JigyosyoCd=2873700021-00&ServiceCd=430&Type=search", "url2": "http://www.seifukai.or.jp" }, "geometry": { "type": "Point", "coordinates": [ 134.308246085844445, 35.012041605342439 ] } },
{ "type": "Feature", "properties": { "内容": "佐用町社会福祉協議会　きらめきケアセンター佐用【居宅介護支援】兵庫県佐用郡佐用町平福138番地8佐用町地域福祉センター内", "url": "https://www.kaigokensaku.mhlw.go.jp/28/index.php?action_kouhyou_detail_004_kani=true&JigyosyoCd=2873700468-00&ServiceCd=430&Type=search", "url2": "http://www.sayo-wel.or.jp/" }, "geometry": { "type": "Point", "coordinates": [ 134.3713469, 35.04992630000001 ] } },
{ "type": "Feature", "properties": { "内容": "医療法人聖医会　佐用中央病院　居宅介護支援事業所【居宅介護支援】兵庫県佐用郡佐用町佐用3529番地3", "url": "https://www.kaigokensaku.mhlw.go.jp/28/index.php?action_kouhyou_detail_004_kani=true&JigyosyoCd=2813700339-00&ServiceCd=430&Type=search", "url2": "http://www.sayochuo-hospital.or.jp" }, "geometry": { "type": "Point", "coordinates": [ 134.365592572352654, 35.008202498122856 ] } },
{ "type": "Feature", "properties": { "内容": "居宅介護支援事業所　いこいの家【居宅介護支援】兵庫県佐用郡佐用町上三河１０５－２", "url": "https://www.kaigokensaku.mhlw.go.jp/28/index.php?action_kouhyou_detail_004_kani=true&JigyosyoCd=2873700351-00&ServiceCd=430&Type=search", "url2": null }, "geometry": { "type": "Point", "coordinates": [ 134.422076386508138, 35.068206500000819 ] } },
{ "type": "Feature", "properties": { "内容": "居宅介護支援事業所　陽だまり【居宅介護支援】兵庫県美方郡香美町香住区香住666-4", "url": "https://www.kaigokensaku.mhlw.go.jp/28/index.php?action_kouhyou_detail_004_kani=true&JigyosyoCd=2874700566-00&ServiceCd=430&Type=search", "url2": null }, "geometry": { "type": "Point", "coordinates": [ 134.630528, 35.6372492 ] } },
{ "type": "Feature", "properties": { "内容": "香美町社会福祉協議会　村岡居宅介護支援事業所【居宅介護支援】兵庫県美方郡香美町村岡区村岡305-1香美町村岡老人福祉センター", "url": "https://www.kaigokensaku.mhlw.go.jp/28/index.php?action_kouhyou_detail_004_kani=true&JigyosyoCd=2874700343-00&ServiceCd=430&Type=search", "url2": "https://www.kami-shakyo.org/care/303/" }, "geometry": { "type": "Point", "coordinates": [ 134.5938946, 35.4722051 ] } },
{ "type": "Feature", "properties": { "内容": "こぶしの里居宅介護支援事業所【居宅介護支援】兵庫県美方郡香美町小代区神水638番地", "url": "https://www.kaigokensaku.mhlw.go.jp/28/index.php?action_kouhyou_detail_004_kani=true&JigyosyoCd=2874700020-00&ServiceCd=430&Type=search", "url2": "kobusien@iris.eonet.ne.jp" }, "geometry": { "type": "Point", "coordinates": [ 134.5458161, 35.4672683 ] } },
{ "type": "Feature", "properties": { "内容": "香住病院居宅介護支援事業所「もくれん」【居宅介護支援】兵庫県美方郡香美町香住区若松540", "url": "https://www.kaigokensaku.mhlw.go.jp/28/index.php?action_kouhyou_detail_004_kani=true&JigyosyoCd=2874700483-00&ServiceCd=430&Type=search", "url2": null }, "geometry": { "type": "Point", "coordinates": [ 134.6337024, 35.643207400000023 ] } },
{ "type": "Feature", "properties": { "内容": "居宅介護支援事業所しいの木荘【居宅介護支援】兵庫県美方郡香美町香住区森６１番地１", "url": "https://www.kaigokensaku.mhlw.go.jp/28/index.php?action_kouhyou_detail_004_kani=true&JigyosyoCd=2874500073-00&ServiceCd=430&Type=search", "url2": "https://www.kami-koujyukai.jp" }, "geometry": { "type": "Point", "coordinates": [ 134.6279088, 35.6260311 ] } },
{ "type": "Feature", "properties": { "内容": "香美町社会福祉協議会香住ふれ愛介護センター　居宅介護支援事業所【居宅介護支援】兵庫県美方郡香美町香住区森31-1香美町香住地域福祉センター", "url": "https://www.kaigokensaku.mhlw.go.jp/28/index.php?action_kouhyou_detail_004_kani=true&JigyosyoCd=2874500396-00&ServiceCd=430&Type=search", "url2": "https://www.kami-shakyo.org/care/303/" }, "geometry": { "type": "Point", "coordinates": [ 134.627233899999965, 35.6261033 ] } },
{ "type": "Feature", "properties": { "内容": "医療法人社団　古澤クリニック【居宅介護支援】兵庫県美方郡新温泉町細田209-2", "url": "https://www.kaigokensaku.mhlw.go.jp/28/index.php?action_kouhyou_detail_004_kani=true&JigyosyoCd=2814700585-00&ServiceCd=430&Type=search", "url2": null }, "geometry": { "type": "Point", "coordinates": [ 134.485536499999967, 35.5593007 ] } },
{ "type": "Feature", "properties": { "内容": "ゆむら指定居宅介護支援事業所【居宅介護支援】兵庫県美方郡新温泉町歌長字熊田６００番地", "url": "https://www.kaigokensaku.mhlw.go.jp/28/index.php?action_kouhyou_detail_004_kani=true&JigyosyoCd=2874700244-00&ServiceCd=430&Type=search", "url2": "https://tokuyo-yumura.com/" }, "geometry": { "type": "Point", "coordinates": [ 134.501548899999989, 35.546263 ] } },
{ "type": "Feature", "properties": { "内容": "ＪＡたじま浜坂介護センター【居宅介護支援】兵庫県美方郡新温泉町七釜678-2", "url": "https://www.kaigokensaku.mhlw.go.jp/28/index.php?action_kouhyou_detail_004_kani=true&JigyosyoCd=2874700269-00&ServiceCd=430&Type=search", "url2": "http://www.ja-tajima.or.jp/" }, "geometry": { "type": "Point", "coordinates": [ 134.46375827024076, 35.618731052857989 ] } },
{ "type": "Feature", "properties": { "内容": "はまさか居宅介護支援事業所【居宅介護支援】兵庫県美方郡新温泉町二日市１７７番地", "url": "https://www.kaigokensaku.mhlw.go.jp/28/index.php?action_kouhyou_detail_004_kani=true&JigyosyoCd=2874700350-00&ServiceCd=430&Type=search", "url2": null }, "geometry": { "type": "Point", "coordinates": [ 134.476328200000012, 35.6188102 ] } },
{ "type": "Feature", "properties": { "内容": "新温泉町社会福祉協議会居宅介護支援事業所【居宅介護支援】兵庫県美方郡新温泉二日市２１６－１", "url": "https://www.kaigokensaku.mhlw.go.jp/28/index.php?action_kouhyou_detail_004_kani=true&JigyosyoCd=2874700418-00&ServiceCd=430&Type=search", "url2": "http://shakyoshinonsen.wix.com/syakyo" }, "geometry": { "type": "Point", "coordinates": [ 134.476554568886257, 35.619081103860175 ] } }
]
}
