{
"type": "FeatureCollection",
"name": "geo_28_訪問介護",
"crs": { "type": "name", "properties": { "name": "urn:ogc:def:crs:OGC:1.3:CRS84" } },
"features": [
{ "type": "Feature", "properties": { "内容": "特定非営利活動法人　こころ【訪問介護】兵庫県神戸市東灘区魚崎北町６丁目９番１０号甲ビル１階", "url": "https://www.kaigokensaku.mhlw.go.jp/28/index.php?action_kouhyou_detail_004_kani=true&JigyosyoCd=2870101660-00&ServiceCd=110&Type=search", "url2": "https://www.kobe-npo-kokolo.org/" }, "geometry": { "type": "Point", "coordinates": [ 135.273725957008281, 34.719496083134175 ] } },
{ "type": "Feature", "properties": { "内容": "プロップライフ【訪問介護】兵庫県神戸市東灘区魚崎北町5-3-16E.W308", "url": "https://www.kaigokensaku.mhlw.go.jp/28/index.php?action_kouhyou_detail_004_kani=true&JigyosyoCd=2870103526-00&ServiceCd=110&Type=search", "url2": null }, "geometry": { "type": "Point", "coordinates": [ 135.2682643, 34.6891829 ] } },
{ "type": "Feature", "properties": { "内容": "訪問介護ステーション甲南山手【訪問介護】兵庫県神戸市東灘区本山中町1-15-7", "url": "https://www.kaigokensaku.mhlw.go.jp/28/index.php?action_kouhyou_detail_004_kani=true&JigyosyoCd=2870103971-00&ServiceCd=110&Type=search", "url2": "https://www.chikusakai.jp/" }, "geometry": { "type": "Point", "coordinates": [ 135.28730680000001, 34.728560699999989 ] } },
{ "type": "Feature", "properties": { "内容": "ほうもんかいごじぎょうしょゆうめいらく【訪問介護】御影中町4-2-1スマイリングライフ203スマイリングライフ203", "url": "https://www.kaigokensaku.mhlw.go.jp/28/index.php?action_kouhyou_detail_004_kani=true&JigyosyoCd=2870103948-00&ServiceCd=110&Type=search", "url2": "https;//asobigoe.jp/" }, "geometry": { "type": "Point", "coordinates": [ 135.2545704, 34.717298699999986 ] } },
{ "type": "Feature", "properties": { "内容": "かがやき訪問介護事業所【訪問介護】兵庫県神戸市東灘区鴨子ヶ原３丁目5-11", "url": "https://www.kaigokensaku.mhlw.go.jp/28/index.php?action_kouhyou_detail_004_kani=true&JigyosyoCd=2870103955-00&ServiceCd=110&Type=search", "url2": "https://kagayaki-life8.com" }, "geometry": { "type": "Point", "coordinates": [ 135.2486597, 34.7308865 ] } },
{ "type": "Feature", "properties": { "内容": "ｹｱｰｺﾐｭﾆｹｰｼｮﾝｽﾞ神戸【訪問介護】神戸市東灘区住吉宮町4-4-1きらら住吉", "url": "https://www.kaigokensaku.mhlw.go.jp/28/index.php?action_kouhyou_detail_004_kani=true&JigyosyoCd=2870100738-00&ServiceCd=110&Type=search", "url2": null }, "geometry": { "type": "Point", "coordinates": [ 135.261297099999979, 34.7186306 ] } },
{ "type": "Feature", "properties": { "内容": "有限会社　クオリティケア【訪問介護】神戸市東灘区住吉東町３丁目２番５号", "url": "https://www.kaigokensaku.mhlw.go.jp/28/index.php?action_kouhyou_detail_004_kani=true&JigyosyoCd=2870100910-00&ServiceCd=110&Type=search", "url2": null }, "geometry": { "type": "Point", "coordinates": [ 135.266307899999987, 34.7137423 ] } },
{ "type": "Feature", "properties": { "内容": "セントケア西日本株式会社　セントケア東灘【訪問介護】兵庫県神戸市東灘区田中町１丁目1-15きらり神戸２０１号室", "url": "https://www.kaigokensaku.mhlw.go.jp/28/index.php?action_kouhyou_detail_004_kani=true&JigyosyoCd=2870101686-00&ServiceCd=110&Type=search", "url2": "http://www.saint-care.com/" }, "geometry": { "type": "Point", "coordinates": [ 135.2774905, 34.7239388 ] } },
{ "type": "Feature", "properties": { "内容": "あぁもんどケアＫＯＢＥ【訪問介護】魚崎中町4丁目6-4-104ｺﾝﾄﾞﾐﾆｱﾑ魚崎104号", "url": "https://www.kaigokensaku.mhlw.go.jp/28/index.php?action_kouhyou_detail_004_kani=true&JigyosyoCd=2870102338-00&ServiceCd=110&Type=search", "url2": null }, "geometry": { "type": "Point", "coordinates": [ 135.270247, 34.7130811 ] } },
{ "type": "Feature", "properties": { "内容": "トンド岡本ケアセンター【訪問介護】西岡本３丁目２番１２号ビアンカ岡本１０１号", "url": "https://www.kaigokensaku.mhlw.go.jp/28/index.php?action_kouhyou_detail_004_kani=true&JigyosyoCd=2870102734-00&ServiceCd=110&Type=search", "url2": null }, "geometry": { "type": "Point", "coordinates": [ 135.26716579999993, 34.7254549 ] } },
{ "type": "Feature", "properties": { "内容": "神戸障害者地域生活センター【訪問介護】兵庫県神戸市東灘区御影本町6丁目2番9号イ・フラテッリ御影1階", "url": "https://www.kaigokensaku.mhlw.go.jp/28/index.php?action_kouhyou_detail_004_kani=true&JigyosyoCd=2870103708-00&ServiceCd=110&Type=search", "url2": "http://shienken.jpn.org/" }, "geometry": { "type": "Point", "coordinates": [ 135.2556356, 34.7118343 ] } },
{ "type": "Feature", "properties": { "内容": "協同の苑六甲アイランド　ホームヘルプ【訪問介護】向洋町中3-2-2RICグランクオーレ内", "url": "https://www.kaigokensaku.mhlw.go.jp/28/index.php?action_kouhyou_detail_004_kani=true&JigyosyoCd=2870100159-00&ServiceCd=110&Type=search", "url2": "http://www.kyodo-no-sono.or.jp" }, "geometry": { "type": "Point", "coordinates": [ 135.270690418910249, 34.687323473211478 ] } },
{ "type": "Feature", "properties": { "内容": "特別養護老人ホーム　セ・ラ・ヴィ【訪問介護】神戸市東灘区住吉宮町３－４－１７", "url": "https://www.kaigokensaku.mhlw.go.jp/28/index.php?action_kouhyou_detail_004_kani=true&JigyosyoCd=2870100225-00&ServiceCd=110&Type=search", "url2": "http://www.ninindoshinkai.or.jp" }, "geometry": { "type": "Point", "coordinates": [ 135.261238899999967, 34.7162086 ] } },
{ "type": "Feature", "properties": { "内容": "生活協同組合コープこうべ在宅介護サービス【訪問介護】兵庫県神戸市東灘区甲南町　２－１－２０　コープリビング甲南内", "url": "https://www.kaigokensaku.mhlw.go.jp/28/index.php?action_kouhyou_detail_004_kani=true&JigyosyoCd=2870100290-00&ServiceCd=110&Type=search", "url2": "http://www.kobe.coop.or.jp/" }, "geometry": { "type": "Point", "coordinates": [ 135.276209599999987, 34.7222526 ] } },
{ "type": "Feature", "properties": { "内容": "住吉訪問介護センター【訪問介護】神戸市東灘区住吉本町３丁目７番４１号", "url": "https://www.kaigokensaku.mhlw.go.jp/28/index.php?action_kouhyou_detail_004_kani=true&JigyosyoCd=2870100407-00&ServiceCd=110&Type=search", "url2": "http://www.krh-sumiyoshi.com" }, "geometry": { "type": "Point", "coordinates": [ 135.259069400000044, 34.7240771 ] } },
{ "type": "Feature", "properties": { "内容": "ニチイケアセンター甲南山手【訪問介護】兵庫県神戸市東灘区森南町1-13-4甲南山手岡本ビル2Ｆ", "url": "https://www.kaigokensaku.mhlw.go.jp/28/index.php?action_kouhyou_detail_004_kani=true&JigyosyoCd=2870100415-00&ServiceCd=110&Type=search", "url2": "http://www.nichiigakkan.co.jp" }, "geometry": { "type": "Point", "coordinates": [ 135.292214695384274, 34.730141830262326 ] } },
{ "type": "Feature", "properties": { "内容": "ニチイケアセンター本山【訪問介護】兵庫県神戸市東灘区甲南町2丁目5-16ロイヤルハイツ神戸本山１階", "url": "https://www.kaigokensaku.mhlw.go.jp/28/index.php?action_kouhyou_detail_004_kani=true&JigyosyoCd=2870100464-00&ServiceCd=110&Type=search", "url2": "http://www.nichiigakkan.co.jp" }, "geometry": { "type": "Point", "coordinates": [ 135.272443299999964, 34.7210749 ] } },
{ "type": "Feature", "properties": { "内容": "ありーてケアサービス【訪問介護】神戸市東灘区御影中町2丁目6番7号", "url": "https://www.kaigokensaku.mhlw.go.jp/28/index.php?action_kouhyou_detail_004_kani=true&JigyosyoCd=2870100647-00&ServiceCd=110&Type=search", "url2": null }, "geometry": { "type": "Point", "coordinates": [ 135.256492, 34.718661 ] } },
{ "type": "Feature", "properties": { "内容": "マザーケアヘルパーステーション神戸【訪問介護】兵庫県神戸市東灘区深江本町3－8－22－602", "url": "https://www.kaigokensaku.mhlw.go.jp/28/index.php?action_kouhyou_detail_004_kani=true&JigyosyoCd=2870100886-00&ServiceCd=110&Type=search", "url2": "http://www.nunokame.co.jp" }, "geometry": { "type": "Point", "coordinates": [ 135.292796899999985, 34.7229833 ] } },
{ "type": "Feature", "properties": { "内容": "訪問介護ステーションえぷろん神戸【訪問介護】神戸市東灘区御影中町1丁目９－１岡島ビル２F", "url": "https://www.kaigokensaku.mhlw.go.jp/28/index.php?action_kouhyou_detail_004_kani=true&JigyosyoCd=2870100977-00&ServiceCd=110&Type=search", "url2": "https://kscear.com/" }, "geometry": { "type": "Point", "coordinates": [ 135.256704262565506, 34.715602419321826 ] } },
{ "type": "Feature", "properties": { "内容": "ケア２１御影【訪問介護】神戸市東灘区住吉宮町4-1-3　ハイツ吉田苑２０５号", "url": "https://www.kaigokensaku.mhlw.go.jp/28/index.php?action_kouhyou_detail_004_kani=true&JigyosyoCd=2870101017-00&ServiceCd=110&Type=search", "url2": null }, "geometry": { "type": "Point", "coordinates": [ 135.262749799999938, 34.7190861 ] } },
{ "type": "Feature", "properties": { "内容": "訪問介護ステーションたんぽぽ【訪問介護】神戸市東灘区田中町3丁目19番16号ハイツタケシ３０１", "url": "https://www.kaigokensaku.mhlw.go.jp/28/index.php?action_kouhyou_detail_004_kani=true&JigyosyoCd=2870101173-00&ServiceCd=110&Type=search", "url2": null }, "geometry": { "type": "Point", "coordinates": [ 135.272940299999959, 34.7249832 ] } },
{ "type": "Feature", "properties": { "内容": "ケアセンターＢＥＬＬ【訪問介護】神戸市東灘区御影塚町２丁目１１－３", "url": "https://www.kaigokensaku.mhlw.go.jp/28/index.php?action_kouhyou_detail_004_kani=true&JigyosyoCd=2870101801-00&ServiceCd=110&Type=search", "url2": null }, "geometry": { "type": "Point", "coordinates": [ 135.247656600000028, 34.7118507 ] } },
{ "type": "Feature", "properties": { "内容": "ニチイケアセンター御影中町【訪問介護】神戸市東灘区御影中町３－１－１９第二宝盛ビル3階", "url": "https://www.kaigokensaku.mhlw.go.jp/28/index.php?action_kouhyou_detail_004_kani=true&JigyosyoCd=2870102031-00&ServiceCd=110&Type=search", "url2": "http://www.nichiigakkan.co.jp" }, "geometry": { "type": "Point", "coordinates": [ 135.257072400305788, 34.715853 ] } },
{ "type": "Feature", "properties": { "内容": "GTLケアサービス御影【訪問介護】神戸市東灘区御影中町1丁目9番9号御影マンション西館3階303", "url": "https://www.kaigokensaku.mhlw.go.jp/28/index.php?action_kouhyou_detail_004_kani=true&JigyosyoCd=2870102130-00&ServiceCd=110&Type=search", "url2": null }, "geometry": { "type": "Point", "coordinates": [ 135.256322849351477, 34.715706009309883 ] } },
{ "type": "Feature", "properties": { "内容": "特定非営利活動法人ケアット【訪問介護】魚崎北町4-3-15", "url": "https://www.kaigokensaku.mhlw.go.jp/28/index.php?action_kouhyou_detail_004_kani=true&JigyosyoCd=2870102155-00&ServiceCd=110&Type=search", "url2": "https://caret-npo.org/" }, "geometry": { "type": "Point", "coordinates": [ 135.2708611, 34.7167192 ] } },
{ "type": "Feature", "properties": { "内容": "ヘルパーステーションあぁすこうなん【訪問介護】神戸市東灘区住吉本町1丁目1-32", "url": "https://www.kaigokensaku.mhlw.go.jp/28/index.php?action_kouhyou_detail_004_kani=true&JigyosyoCd=2870102205-00&ServiceCd=110&Type=search", "url2": "https://www.npo-earth.org/" }, "geometry": { "type": "Point", "coordinates": [ 135.264629446573679, 34.720972247578629 ] } },
{ "type": "Feature", "properties": { "内容": "悠々クラブ【訪問介護】神戸市東灘区深江本町3丁目９－１深江駅前ビル２０４", "url": "https://www.kaigokensaku.mhlw.go.jp/28/index.php?action_kouhyou_detail_004_kani=true&JigyosyoCd=2870102262-00&ServiceCd=110&Type=search", "url2": null }, "geometry": { "type": "Point", "coordinates": [ 135.291660900000011, 34.7224917 ] } },
{ "type": "Feature", "properties": { "内容": "コウダイケアサービス神戸東訪問介護事業所【訪問介護】兵庫県神戸市東灘区岡本３丁目１０番１６号アメニティコート岡本109号", "url": "https://www.kaigokensaku.mhlw.go.jp/28/index.php?action_kouhyou_detail_004_kani=true&JigyosyoCd=2870102478-00&ServiceCd=110&Type=search", "url2": "https://koudai-care.co.jp/" }, "geometry": { "type": "Point", "coordinates": [ 135.271119590499097, 34.727646111075536 ] } },
{ "type": "Feature", "properties": { "内容": "スミリンケアライフ株式会社　甲南ステーション【訪問介護】兵庫県神戸市東灘区本山中町4丁目9番3号本山中町カチフラット", "url": "https://www.kaigokensaku.mhlw.go.jp/28/index.php?action_kouhyou_detail_004_kani=true&JigyosyoCd=2870102494-00&ServiceCd=110&Type=search", "url2": "http://www.s-carelife.co.jp" }, "geometry": { "type": "Point", "coordinates": [ 135.280169, 34.725622 ] } },
{ "type": "Feature", "properties": { "内容": "訪問介護ステーションうるら【訪問介護】向洋町東3丁目8番13号", "url": "https://www.kaigokensaku.mhlw.go.jp/28/index.php?action_kouhyou_detail_004_kani=true&JigyosyoCd=2870102874-00&ServiceCd=110&Type=search", "url2": "https://urura.sanwa-tp.co.jp/" }, "geometry": { "type": "Point", "coordinates": [ 135.275275058738856, 34.693103921814171 ] } },
{ "type": "Feature", "properties": { "内容": "エルケア株式会社　エルケア御影ケアセンター【訪問介護】兵庫県神戸市東灘区御影中町4丁目2番1号スマイリングライフ202号", "url": "https://www.kaigokensaku.mhlw.go.jp/28/index.php?action_kouhyou_detail_004_kani=true&JigyosyoCd=2870103195-00&ServiceCd=110&Type=search", "url2": "http//l-care.jp" }, "geometry": { "type": "Point", "coordinates": [ 135.254592, 34.7173137 ] } },
{ "type": "Feature", "properties": { "内容": "あくとケア　東灘【訪問介護】魚崎北町5-3-17グランヴィア甲南　201号室", "url": "https://www.kaigokensaku.mhlw.go.jp/28/index.php?action_kouhyou_detail_004_kani=true&JigyosyoCd=2870103203-00&ServiceCd=110&Type=search", "url2": null }, "geometry": { "type": "Point", "coordinates": [ 135.2747542, 34.7183931 ] } },
{ "type": "Feature", "properties": { "内容": "やさしい手東灘巡回訪問介護事業所【訪問介護】青木3-1-43潮騒の家", "url": "https://www.kaigokensaku.mhlw.go.jp/28/index.php?action_kouhyou_detail_004_kani=true&JigyosyoCd=2870103328-00&ServiceCd=110&Type=search", "url2": "http://www.yasashiite.com/subdomains/section/559/" }, "geometry": { "type": "Point", "coordinates": [ 139.723531900000012, 35.8106654 ] } },
{ "type": "Feature", "properties": { "内容": "訪問介護事業所　リアン【訪問介護】兵庫県神戸市東灘区住吉宮町３丁目１０番２２号精和マンション３０１", "url": "https://www.kaigokensaku.mhlw.go.jp/28/index.php?action_kouhyou_detail_004_kani=true&JigyosyoCd=2870103427-00&ServiceCd=110&Type=search", "url2": null }, "geometry": { "type": "Point", "coordinates": [ 135.261261499999989, 34.7170398 ] } },
{ "type": "Feature", "properties": { "内容": "特定非営利活動法人　神戸ライフ・ケアー協会【訪問介護】神戸市東灘区御影中町２丁目８-２０ソルジェンテ御影１０１号", "url": "https://www.kaigokensaku.mhlw.go.jp/28/index.php?action_kouhyou_detail_004_kani=true&JigyosyoCd=2870103450-00&ServiceCd=110&Type=search", "url2": "http://kobelife-care.jp" }, "geometry": { "type": "Point", "coordinates": [ 135.2555912, 34.7188761 ] } },
{ "type": "Feature", "properties": { "内容": "介護サービスポッポ【訪問介護】向洋町中3丁目１番地の１０、１番館1109号室", "url": "https://www.kaigokensaku.mhlw.go.jp/28/index.php?action_kouhyou_detail_004_kani=true&JigyosyoCd=2870103518-00&ServiceCd=110&Type=search", "url2": "http://hp.kaipoke.biz/787/" }, "geometry": { "type": "Point", "coordinates": [ 135.275375323954762, 34.686161995133538 ] } },
{ "type": "Feature", "properties": { "内容": "訪問介護　わをなす【訪問介護】兵庫県神戸市東灘区魚崎中町4丁目-6-14松原ビル104", "url": "https://www.kaigokensaku.mhlw.go.jp/28/index.php?action_kouhyou_detail_004_kani=true&JigyosyoCd=2870103617-00&ServiceCd=110&Type=search", "url2": null }, "geometry": { "type": "Point", "coordinates": [ 135.2695579, 34.7129068 ] } },
{ "type": "Feature", "properties": { "内容": "えみホームヘルプ【訪問介護】住吉本町1-22-15-101", "url": "https://www.kaigokensaku.mhlw.go.jp/28/index.php?action_kouhyou_detail_004_kani=true&JigyosyoCd=2870103625-00&ServiceCd=110&Type=search", "url2": "www.emi-kobe.com" }, "geometry": { "type": "Point", "coordinates": [ 135.2611183, 34.7218763 ] } },
{ "type": "Feature", "properties": { "内容": "ケアフレンド若草園【訪問介護】兵庫県神戸市東灘区御影塚町2丁目17-7-1グランデ石屋川Ⅲ101号", "url": "https://www.kaigokensaku.mhlw.go.jp/28/index.php?action_kouhyou_detail_004_kani=true&JigyosyoCd=2870103856-00&ServiceCd=110&Type=search", "url2": null }, "geometry": { "type": "Point", "coordinates": [ 135.2491737, 34.7129793 ] } },
{ "type": "Feature", "properties": { "内容": "サンウェルズ神戸深江本町ヘルパーステーション【訪問介護】兵庫県神戸市東灘区深江本町2丁目1番13号", "url": "https://www.kaigokensaku.mhlw.go.jp/28/index.php?action_kouhyou_detail_004_kani=true&JigyosyoCd=2870103963-00&ServiceCd=110&Type=search", "url2": "https://sunwels.jp/pdh/facility/pdhouse-kobefukaehonmachi/" }, "geometry": { "type": "Point", "coordinates": [ 135.297065, 34.7235753 ] } },
{ "type": "Feature", "properties": { "内容": "ケアサービスりらいふ【訪問介護】兵庫県神戸市東灘区岡本２丁目１０－１５シャンブル岡本１０７号", "url": "https://www.kaigokensaku.mhlw.go.jp/28/index.php?action_kouhyou_detail_004_kani=true&JigyosyoCd=2870104003-00&ServiceCd=110&Type=search", "url2": "https://care.kaedecorp.com/" }, "geometry": { "type": "Point", "coordinates": [ 135.272467, 34.7271481 ] } },
{ "type": "Feature", "properties": { "内容": "グランダ岡本ケアステーション【訪問介護】兵庫県神戸市東灘区岡本6-13-3メディカル・リハビリホームグランダ岡本", "url": "https://www.kaigokensaku.mhlw.go.jp/28/index.php?action_kouhyou_detail_004_kani=true&JigyosyoCd=2870103013-00&ServiceCd=110&Type=search", "url2": "http://www.benesse-style-care.co.jp/" }, "geometry": { "type": "Point", "coordinates": [ 135.272254, 34.7341624 ] } },
{ "type": "Feature", "properties": { "内容": "訪問介護ファミリー・ホスピス神戸東灘【訪問介護】兵庫県神戸市東灘区深江南町1丁目3番29号", "url": "https://www.kaigokensaku.mhlw.go.jp/28/index.php?action_kouhyou_detail_004_kani=true&JigyosyoCd=2870104052-00&ServiceCd=110&Type=search", "url2": "https://family-hospice.co.jp/" }, "geometry": { "type": "Point", "coordinates": [ 135.3012971, 34.7213718 ] } },
{ "type": "Feature", "properties": { "内容": "訪問介護事業所ハラタ【訪問介護】神戸市東灘区西岡本２丁目７番３１２２１号", "url": "https://www.kaigokensaku.mhlw.go.jp/28/index.php?action_kouhyou_detail_004_kani=true&JigyosyoCd=2870103823-00&ServiceCd=110&Type=search", "url2": null }, "geometry": { "type": "Point", "coordinates": [ 135.26651480000001, 34.7221517 ] } },
{ "type": "Feature", "properties": { "内容": "訪問介護Arata【訪問介護】兵庫県神戸市東灘区青木5-6-14磯辺ビル3階", "url": "https://www.kaigokensaku.mhlw.go.jp/28/index.php?action_kouhyou_detail_004_kani=true&JigyosyoCd=2870103997-00&ServiceCd=110&Type=search", "url2": null }, "geometry": { "type": "Point", "coordinates": [ 135.281891300000012, 34.7176396 ] } },
{ "type": "Feature", "properties": { "内容": "天の川ケアセンター【訪問介護】神戸市東灘区森南町1-5-1セルバ3階", "url": "https://www.kaigokensaku.mhlw.go.jp/28/index.php?action_kouhyou_detail_004_kani=true&JigyosyoCd=2870103542-00&ServiceCd=110&Type=search", "url2": "http://rl-kobe.com" }, "geometry": { "type": "Point", "coordinates": [ 135.294243200000011, 34.7296665 ] } },
{ "type": "Feature", "properties": { "内容": "ベネッセ介護センター本山【訪問介護】兵庫県神戸市東灘区田中町1-15-5メインステージ本山601", "url": "https://www.kaigokensaku.mhlw.go.jp/28/index.php?action_kouhyou_detail_004_kani=true&JigyosyoCd=2870104078-00&ServiceCd=110&Type=search", "url2": "https://zaitaku.benesse-style-care.co.jp/base/kc-motoyama" }, "geometry": { "type": "Point", "coordinates": [ 135.277177, 34.7263024 ] } },
{ "type": "Feature", "properties": { "内容": "医療法人　明倫会　ヘルパーステイションもとやま【訪問介護】兵庫県神戸市東灘区本山中町4丁目2番3号サンコー神戸本山ビル3F", "url": "https://www.kaigokensaku.mhlw.go.jp/28/index.php?action_kouhyou_detail_004_kani=true&JigyosyoCd=2870100191-00&ServiceCd=110&Type=search", "url2": "http://meirinkai.or.jp/miyaji/section/helper" }, "geometry": { "type": "Point", "coordinates": [ 135.281053499999985, 34.7256302 ] } },
{ "type": "Feature", "properties": { "内容": "訪問介護事業所　キラッとドリーム【訪問介護】兵庫県神戸市東灘区本庄町３丁目３番２４号", "url": "https://www.kaigokensaku.mhlw.go.jp/28/index.php?action_kouhyou_detail_004_kani=true&JigyosyoCd=2870101934-00&ServiceCd=110&Type=search", "url2": "http://www.kiratto-dream.com" }, "geometry": { "type": "Point", "coordinates": [ 135.2890333, 34.726056908935163 ] } },
{ "type": "Feature", "properties": { "内容": "訪問介護ステーション　うめの宿り【訪問介護】兵庫県神戸市東灘区深江本町4-4-28甲南深江ハイム101", "url": "https://www.kaigokensaku.mhlw.go.jp/28/index.php?action_kouhyou_detail_004_kani=true&JigyosyoCd=2870103591-00&ServiceCd=110&Type=search", "url2": null }, "geometry": { "type": "Point", "coordinates": [ 135.2899526, 34.7217335 ] } },
{ "type": "Feature", "properties": { "内容": "訪問介護事業所　ねこの手【訪問介護】住吉山手7-8-6住吉山手AP　201号室", "url": "https://www.kaigokensaku.mhlw.go.jp/28/index.php?action_kouhyou_detail_004_kani=true&JigyosyoCd=2870104011-00&ServiceCd=110&Type=search", "url2": null }, "geometry": { "type": "Point", "coordinates": [ 135.2524243, 34.7333036 ] } },
{ "type": "Feature", "properties": { "内容": "ヘルパーステーション御影【訪問介護】神戸市東灘区御影中町14-10-208石川ビル２０８", "url": "https://www.kaigokensaku.mhlw.go.jp/28/index.php?action_kouhyou_detail_004_kani=true&JigyosyoCd=2870102361-00&ServiceCd=110&Type=search", "url2": "https://happylifemikage.com/" }, "geometry": { "type": "Point", "coordinates": [ 135.257078099999944, 34.715853 ] } },
{ "type": "Feature", "properties": { "内容": "NEXTサポート【訪問介護】魚崎北町2丁目2-27-102フェニックスコート甲南102", "url": "https://www.kaigokensaku.mhlw.go.jp/28/index.php?action_kouhyou_detail_004_kani=true&JigyosyoCd=2870103690-00&ServiceCd=110&Type=search", "url2": "https://kobe-next.com/" }, "geometry": { "type": "Point", "coordinates": [ 135.27528633342726, 34.717335790988891 ] } },
{ "type": "Feature", "properties": { "内容": "あなぶきケアサービス神戸　訪問介護事業所【訪問介護】神戸市東灘区本山中町3丁目6-16アルファリビング神戸本山", "url": "https://www.kaigokensaku.mhlw.go.jp/28/index.php?action_kouhyou_detail_004_kani=true&JigyosyoCd=2870104029-00&ServiceCd=110&Type=search", "url2": "https://www.anabuki-medical.jp/" }, "geometry": { "type": "Point", "coordinates": [ 135.282059436770624, 34.726421385528162 ] } },
{ "type": "Feature", "properties": { "内容": "ホームヘルプサービス　あおぞら【訪問介護】神戸市灘区中原通2-2-1", "url": "https://www.kaigokensaku.mhlw.go.jp/28/index.php?action_kouhyou_detail_004_kani=true&JigyosyoCd=2870200371-00&ServiceCd=110&Type=search", "url2": "http://www.rokko-mcoop.or.jp/" }, "geometry": { "type": "Point", "coordinates": [ 135.223453088498786, 34.713994505295759 ] } },
{ "type": "Feature", "properties": { "内容": "セントケア六甲【訪問介護】神戸市灘区日尾町1-1-5", "url": "https://www.kaigokensaku.mhlw.go.jp/28/index.php?action_kouhyou_detail_004_kani=true&JigyosyoCd=2870201460-00&ServiceCd=110&Type=search", "url2": "http://www.saint-care.com/" }, "geometry": { "type": "Point", "coordinates": [ 135.239382, 34.7179417 ] } },
{ "type": "Feature", "properties": { "内容": "アユートケアサービス【訪問介護】兵庫県神戸市灘区岩屋北町１丁目５－２５ハイツサンライト２０３", "url": "https://www.kaigokensaku.mhlw.go.jp/28/index.php?action_kouhyou_detail_004_kani=true&JigyosyoCd=2870202401-00&ServiceCd=110&Type=search", "url2": null }, "geometry": { "type": "Point", "coordinates": [ 135.2221314, 34.7061939 ] } },
{ "type": "Feature", "properties": { "内容": "あじさい六甲ケアセンター【訪問介護】永手町２丁目３番７号六甲スカイハイツ２階西号室", "url": "https://www.kaigokensaku.mhlw.go.jp/28/index.php?action_kouhyou_detail_004_kani=true&JigyosyoCd=2870200967-00&ServiceCd=110&Type=search", "url2": "ajs-gr.jp/ajisai" }, "geometry": { "type": "Point", "coordinates": [ 135.236959899999988, 34.7172001 ] } },
{ "type": "Feature", "properties": { "内容": "中井病院デイサービスセンター【訪問介護】神戸市灘区大内通6丁目２－１", "url": "https://www.kaigokensaku.mhlw.go.jp/28/index.php?action_kouhyou_detail_004_kani=true&JigyosyoCd=2870201106-00&ServiceCd=110&Type=search", "url2": "http://www.nakai-hp.jp/" }, "geometry": { "type": "Point", "coordinates": [ 135.221644400000059, 34.7098926 ] } },
{ "type": "Feature", "properties": { "内容": "訪問介護シリウス　神戸店【訪問介護】庫県神戸市灘区岩屋北町二丁目2番14号", "url": "https://www.kaigokensaku.mhlw.go.jp/28/index.php?action_kouhyou_detail_004_kani=true&JigyosyoCd=2870203235-00&ServiceCd=110&Type=search", "url2": null }, "geometry": { "type": "Point", "coordinates": [ 135.2205052, 34.705315 ] } },
{ "type": "Feature", "properties": { "内容": "ケアセンターきずな【訪問介護】水道筋５丁目1-3", "url": "https://www.kaigokensaku.mhlw.go.jp/28/index.php?action_kouhyou_detail_004_kani=true&JigyosyoCd=2870202435-00&ServiceCd=110&Type=search", "url2": "http://www.care-kizuna.info" }, "geometry": { "type": "Point", "coordinates": [ 135.222205546749393, 34.711789459821418 ] } },
{ "type": "Feature", "properties": { "内容": "よつ葉ケアサービス【訪問介護】神戸市灘区城内通5丁目6番7号　アクセスコート2Ｆ", "url": "https://www.kaigokensaku.mhlw.go.jp/28/index.php?action_kouhyou_detail_004_kani=true&JigyosyoCd=2870201627-00&ServiceCd=110&Type=search", "url2": "http://candc-kobe.com/" }, "geometry": { "type": "Point", "coordinates": [ 135.2163339, 34.7074733 ] } },
{ "type": "Feature", "properties": { "内容": "いまケア【訪問介護】兵庫県神戸市灘区鹿ノ下通1丁目3-14浅野ビル202号室", "url": "https://www.kaigokensaku.mhlw.go.jp/28/index.php?action_kouhyou_detail_004_kani=true&JigyosyoCd=2870203250-00&ServiceCd=110&Type=search", "url2": "http://e-nile.net" }, "geometry": { "type": "Point", "coordinates": [ 135.2343013, 34.7099225 ] } },
{ "type": "Feature", "properties": { "内容": "スミリンケアライフ株式会社　六甲ステーション【訪問介護】兵庫県神戸市灘区山田町３－１－１５六甲アトリエハウス4階", "url": "https://www.kaigokensaku.mhlw.go.jp/28/index.php?action_kouhyou_detail_004_kani=true&JigyosyoCd=2870200199-00&ServiceCd=110&Type=search", "url2": "https://www.s-carelife.co.jp" }, "geometry": { "type": "Point", "coordinates": [ 135.23305449999998, 34.7212302 ] } },
{ "type": "Feature", "properties": { "内容": "ニチイケアセンター灘【訪問介護】兵庫県神戸市灘区森後町2-1-8グランディアみなと神戸六甲館４階", "url": "https://www.kaigokensaku.mhlw.go.jp/28/index.php?action_kouhyou_detail_004_kani=true&JigyosyoCd=2870200330-00&ServiceCd=110&Type=search", "url2": "http://www.nichiigakkan.co.jp" }, "geometry": { "type": "Point", "coordinates": [ 135.237922, 34.7159741 ] } },
{ "type": "Feature", "properties": { "内容": "リンク在宅サービス【訪問介護】神戸市灘区鹿ノ下通３丁目１番１号インテリアハシモトビル１F", "url": "https://www.kaigokensaku.mhlw.go.jp/28/index.php?action_kouhyou_detail_004_kani=true&JigyosyoCd=2870200637-00&ServiceCd=110&Type=search", "url2": null }, "geometry": { "type": "Point", "coordinates": [ 135.2329608, 34.708597 ] } },
{ "type": "Feature", "properties": { "内容": "アミティー介護センター　神戸東支店【訪問介護】神戸市灘区岩屋北町5丁目2-21ライオンズマンション灘南102号", "url": "https://www.kaigokensaku.mhlw.go.jp/28/index.php?action_kouhyou_detail_004_kani=true&JigyosyoCd=2870200975-00&ServiceCd=110&Type=search", "url2": "nada@pinzo.co.jp" }, "geometry": { "type": "Point", "coordinates": [ 135.216064500000044, 34.704312600000023 ] } },
{ "type": "Feature", "properties": { "内容": "ニチイケアセンター東神戸【訪問介護】兵庫県神戸市灘区岸地通５丁目２－１３アメニティビル２０１号", "url": "https://www.kaigokensaku.mhlw.go.jp/28/index.php?action_kouhyou_detail_004_kani=true&JigyosyoCd=2870201049-00&ServiceCd=110&Type=search", "url2": "http://www.nichiigakkan.co.jp" }, "geometry": { "type": "Point", "coordinates": [ 135.2208473, 34.7105743 ] } },
{ "type": "Feature", "properties": { "内容": "ケアウイング訪問介護ステーション【訪問介護】神戸市灘区永手町１丁目１番１８２号", "url": "https://www.kaigokensaku.mhlw.go.jp/28/index.php?action_kouhyou_detail_004_kani=true&JigyosyoCd=2870201221-00&ServiceCd=110&Type=search", "url2": "http://www.kobe-kaigo.co.jp/index.php" }, "geometry": { "type": "Point", "coordinates": [ 135.241579099999967, 34.7170307 ] } },
{ "type": "Feature", "properties": { "内容": "灘の浜ヘルパーステーション【訪問介護】神戸市灘区摩耶海岸通2丁目3番９号", "url": "https://www.kaigokensaku.mhlw.go.jp/28/index.php?action_kouhyou_detail_004_kani=true&JigyosyoCd=2870201502-00&ServiceCd=110&Type=search", "url2": "https://happytown-kobe.jp/" }, "geometry": { "type": "Point", "coordinates": [ 135.220429, 34.701368299999984 ] } },
{ "type": "Feature", "properties": { "内容": "ケア２１なだ【訪問介護】兵庫県神戸市灘区水道筋５丁目１－２パールメゾン灘201号室", "url": "https://www.kaigokensaku.mhlw.go.jp/28/index.php?action_kouhyou_detail_004_kani=true&JigyosyoCd=2870201536-00&ServiceCd=110&Type=search", "url2": null }, "geometry": { "type": "Point", "coordinates": [ 135.222338438657744, 34.711886292732103 ] } },
{ "type": "Feature", "properties": { "内容": "ヒューマンライフケア灘【訪問介護】兵庫県神戸市灘区灘北通９丁目１番７号", "url": "https://www.kaigokensaku.mhlw.go.jp/28/index.php?action_kouhyou_detail_004_kani=true&JigyosyoCd=2870201874-00&ServiceCd=110&Type=search", "url2": "http://kaigo.human-lifecare.jp/facilities/hp018_Nada/summary.html" }, "geometry": { "type": "Point", "coordinates": [ 135.217864299999974, 34.706545700000021 ] } },
{ "type": "Feature", "properties": { "内容": "うみのほし訪問介護事業所【訪問介護】神戸市灘区神戸市灘区篠原北町3丁目11番15号", "url": "https://www.kaigokensaku.mhlw.go.jp/28/index.php?action_kouhyou_detail_004_kani=true&JigyosyoCd=2870201890-00&ServiceCd=110&Type=search", "url2": "https://www.uminohosi.jp/" }, "geometry": { "type": "Point", "coordinates": [ 135.224874745512807, 34.72455933028624 ] } },
{ "type": "Feature", "properties": { "内容": "スマイルクラブ【訪問介護】兵庫県神戸市灘区灘北通10丁目2-24プレステージ灘駅前703号", "url": "https://www.kaigokensaku.mhlw.go.jp/28/index.php?action_kouhyou_detail_004_kani=true&JigyosyoCd=2870202138-00&ServiceCd=110&Type=search", "url2": null }, "geometry": { "type": "Point", "coordinates": [ 135.215615059571888, 34.706075193392685 ] } },
{ "type": "Feature", "properties": { "内容": "ベネッセ介護センター神戸東【訪問介護】兵庫県神戸市灘区桜口町４-５-１２フォーラム六甲３０５号", "url": "https://www.kaigokensaku.mhlw.go.jp/28/index.php?action_kouhyou_detail_004_kani=true&JigyosyoCd=2870202245-00&ServiceCd=110&Type=search", "url2": "http://www.benesse-style-care.co.jp/" }, "geometry": { "type": "Point", "coordinates": [ 135.239984899999968, 34.7129867 ] } },
{ "type": "Feature", "properties": { "内容": "アップルケアステーション【訪問介護】神戸市灘区烏帽子町３丁目４－２１アムール六甲道", "url": "https://www.kaigokensaku.mhlw.go.jp/28/index.php?action_kouhyou_detail_004_kani=true&JigyosyoCd=2870202310-00&ServiceCd=110&Type=search", "url2": "http://hina-corp.com/" }, "geometry": { "type": "Point", "coordinates": [ 135.236037900000042, 34.71027040000002 ] } },
{ "type": "Feature", "properties": { "内容": "ヘルパーステーションオリンピア鶴甲【訪問介護】兵庫県神戸市灘区鶴甲１－４－４サービス付高齢者向け住宅オリンピア鶴甲", "url": "https://www.kaigokensaku.mhlw.go.jp/28/index.php?action_kouhyou_detail_004_kani=true&JigyosyoCd=2870202336-00&ServiceCd=110&Type=search", "url2": "http://www.olympia.or.jp" }, "geometry": { "type": "Point", "coordinates": [ 135.239301, 34.7312401 ] } },
{ "type": "Feature", "properties": { "内容": "ケアセンターだい地【訪問介護】大和町2-3-8", "url": "https://www.kaigokensaku.mhlw.go.jp/28/index.php?action_kouhyou_detail_004_kani=true&JigyosyoCd=2870202344-00&ServiceCd=110&Type=search", "url2": null }, "geometry": { "type": "Point", "coordinates": [ 140.913235500000042, 38.2482547 ] } },
{ "type": "Feature", "properties": { "内容": "あすとケアサービス【訪問介護】兵庫県神戸市灘区灘北通5丁目７－１４", "url": "https://www.kaigokensaku.mhlw.go.jp/28/index.php?action_kouhyou_detail_004_kani=true&JigyosyoCd=2870202526-00&ServiceCd=110&Type=search", "url2": null }, "geometry": { "type": "Point", "coordinates": [ 135.22371720000001, 34.7096898 ] } },
{ "type": "Feature", "properties": { "内容": "SOMPOケア神戸東　訪問介護【訪問介護】新在家南町5丁目2-15そんぽの家S灘大石", "url": "https://www.kaigokensaku.mhlw.go.jp/28/index.php?action_kouhyou_detail_004_kani=true&JigyosyoCd=2870202583-00&ServiceCd=110&Type=search", "url2": "https://www.sompocare.com/" }, "geometry": { "type": "Point", "coordinates": [ 135.234060499999941, 34.70401 ] } },
{ "type": "Feature", "properties": { "内容": "アリアケアセンター【訪問介護】兵庫県神戸市灘区八幡町2-2-6八幡ハイム1階", "url": "https://www.kaigokensaku.mhlw.go.jp/28/index.php?action_kouhyou_detail_004_kani=true&JigyosyoCd=2870202658-00&ServiceCd=110&Type=search", "url2": null }, "geometry": { "type": "Point", "coordinates": [ 135.237218892659712, 34.718392956617066 ] } },
{ "type": "Feature", "properties": { "内容": "うきうき介護クラブなだ【訪問介護】兵庫県神戸市灘区桜口町４丁目５-１２フォーラム六甲３０１", "url": "https://www.kaigokensaku.mhlw.go.jp/28/index.php?action_kouhyou_detail_004_kani=true&JigyosyoCd=2870202880-00&ServiceCd=110&Type=search", "url2": "ukiukikaigo.racms.jp" }, "geometry": { "type": "Point", "coordinates": [ 135.239939400000026, 34.7130162 ] } },
{ "type": "Feature", "properties": { "内容": "りんごケアステーション【訪問介護】兵庫県神戸市灘区城内通1丁目8番7号4F", "url": "https://www.kaigokensaku.mhlw.go.jp/28/index.php?action_kouhyou_detail_004_kani=true&JigyosyoCd=2870202971-00&ServiceCd=110&Type=search", "url2": "https://www.somaka2017.com/about.html" }, "geometry": { "type": "Point", "coordinates": [ 135.220300585458375, 34.710288112026483 ] } },
{ "type": "Feature", "properties": { "内容": "あっとケア【訪問介護】兵庫県神戸市灘区森後町2丁目1番6号六甲道ロイヤルマンション701号", "url": "https://www.kaigokensaku.mhlw.go.jp/28/index.php?action_kouhyou_detail_004_kani=true&JigyosyoCd=2870203086-00&ServiceCd=110&Type=search", "url2": null }, "geometry": { "type": "Point", "coordinates": [ 135.2380868, 34.7161719 ] } },
{ "type": "Feature", "properties": { "内容": "トラスト訪問介護センター御影【訪問介護】土山町16-1トラストグレイス御影", "url": "https://www.kaigokensaku.mhlw.go.jp/28/index.php?action_kouhyou_detail_004_kani=true&JigyosyoCd=2870203110-00&ServiceCd=110&Type=search", "url2": null }, "geometry": { "type": "Point", "coordinates": [ 135.24294787955651, 34.731908742158026 ] } },
{ "type": "Feature", "properties": { "内容": "よりそい介護【訪問介護】兵庫県神戸市灘区城内通5丁目1番1号コムーネ灘203号", "url": "https://www.kaigokensaku.mhlw.go.jp/28/index.php?action_kouhyou_detail_004_kani=true&JigyosyoCd=2870203185-00&ServiceCd=110&Type=search", "url2": null }, "geometry": { "type": "Point", "coordinates": [ 135.216646200000042, 34.706865 ] } },
{ "type": "Feature", "properties": { "内容": "ライフサポート結び【訪問介護】兵庫県神戸市灘区神ノ木通３丁目５－３０", "url": "https://www.kaigokensaku.mhlw.go.jp/28/index.php?action_kouhyou_detail_004_kani=true&JigyosyoCd=2870202781-00&ServiceCd=110&Type=search", "url2": "https://www.lifesupport-musubi.com/" }, "geometry": { "type": "Point", "coordinates": [ 135.230748400095479, 34.713817318689422 ] } },
{ "type": "Feature", "properties": { "内容": "ヘルパーサービス　花いちご【訪問介護】兵庫県神戸市灘区鹿ノ下通１丁目４－８シティ六甲R2ビル３０１", "url": "https://www.kaigokensaku.mhlw.go.jp/28/index.php?action_kouhyou_detail_004_kani=true&JigyosyoCd=2870203045-00&ServiceCd=110&Type=search", "url2": null }, "geometry": { "type": "Point", "coordinates": [ 135.234601462565593, 34.710041027659315 ] } },
{ "type": "Feature", "properties": { "内容": "ロジケアろっこうみち【訪問介護】兵庫県神戸市灘区友田町2丁目7番16-2号", "url": "https://www.kaigokensaku.mhlw.go.jp/28/index.php?action_kouhyou_detail_004_kani=true&JigyosyoCd=2870202500-00&ServiceCd=110&Type=search", "url2": "http://logicare.co.jp" }, "geometry": { "type": "Point", "coordinates": [ 135.242020899999943, 34.7126979 ] } },
{ "type": "Feature", "properties": { "内容": "医心館訪問介護ステーション王子公園【訪問介護】兵庫県神戸市灘区水道筋６丁目３番１５号", "url": "https://www.kaigokensaku.mhlw.go.jp/28/index.php?action_kouhyou_detail_004_kani=true&JigyosyoCd=2870203318-00&ServiceCd=110&Type=search", "url2": null }, "geometry": { "type": "Point", "coordinates": [ 135.2203343, 34.7117668 ] } },
{ "type": "Feature", "properties": { "内容": "訪問介護　ここいろ　ヘルパーステーション【訪問介護】兵庫県神戸市灘区岸地通五丁目1番4号真幸ビル・4階", "url": "https://www.kaigokensaku.mhlw.go.jp/28/index.php?action_kouhyou_detail_004_kani=true&JigyosyoCd=2870203037-00&ServiceCd=110&Type=search", "url2": "http://cocoiro5516.co.jp/" }, "geometry": { "type": "Point", "coordinates": [ 135.221652485783409, 34.710595925918945 ] } },
{ "type": "Feature", "properties": { "内容": "ケアサポートシンバ【訪問介護】神戸市灘区友田町1丁目１－５プリュネ六甲2階号室", "url": "https://www.kaigokensaku.mhlw.go.jp/28/index.php?action_kouhyou_detail_004_kani=true&JigyosyoCd=2870203391-00&ServiceCd=110&Type=search", "url2": null }, "geometry": { "type": "Point", "coordinates": [ 135.2441719, 34.712072 ] } },
{ "type": "Feature", "properties": { "内容": "ヘルパーステーションぱれっと【訪問介護】兵庫県神戸市灘区岩屋北町1丁目4－16ケイテムビル2階", "url": "https://www.kaigokensaku.mhlw.go.jp/28/index.php?action_kouhyou_detail_004_kani=true&JigyosyoCd=2870202773-00&ServiceCd=110&Type=search", "url2": "https://www.helper-station-palette.com/" }, "geometry": { "type": "Point", "coordinates": [ 135.2221146, 34.7058219 ] } },
{ "type": "Feature", "properties": { "内容": "みのりケアステーション【訪問介護】兵庫県神戸市灘区神前町１－２－２１シティライフ六甲南　１０１号室", "url": "https://www.kaigokensaku.mhlw.go.jp/28/index.php?action_kouhyou_detail_004_kani=true&JigyosyoCd=2870203417-00&ServiceCd=110&Type=search", "url2": null }, "geometry": { "type": "Point", "coordinates": [ 135.2353281, 34.7171545 ] } },
{ "type": "Feature", "properties": { "内容": "サンシャイン在宅サービス【訪問介護】船寺通１丁目２－１３", "url": "https://www.kaigokensaku.mhlw.go.jp/28/index.php?action_kouhyou_detail_004_kani=true&JigyosyoCd=2870202153-00&ServiceCd=110&Type=search", "url2": null }, "geometry": { "type": "Point", "coordinates": [ 135.230556885292117, 34.707267966499842 ] } },
{ "type": "Feature", "properties": { "内容": "介護センターつるぎ【訪問介護】兵庫県神戸市兵庫区御崎本町2丁目10-2栄光ハイツ103", "url": "https://www.kaigokensaku.mhlw.go.jp/28/index.php?action_kouhyou_detail_004_kani=true&JigyosyoCd=2870503352-00&ServiceCd=110&Type=search", "url2": null }, "geometry": { "type": "Point", "coordinates": [ 135.171516399999973, 34.6605244 ] } },
{ "type": "Feature", "properties": { "内容": "ケアステーション一華【訪問介護】兵庫県神戸市兵庫区荒田町２－１１－４クレアーレ201", "url": "https://www.kaigokensaku.mhlw.go.jp/28/index.php?action_kouhyou_detail_004_kani=true&JigyosyoCd=2870504178-00&ServiceCd=110&Type=search", "url2": null }, "geometry": { "type": "Point", "coordinates": [ 135.1681934, 34.6824878 ] } },
{ "type": "Feature", "properties": { "内容": "ケアサポートゆめハウスひょうご【訪問介護】兵庫県神戸市兵庫区湊町４－２－１２－１０２号", "url": "https://www.kaigokensaku.mhlw.go.jp/28/index.php?action_kouhyou_detail_004_kani=true&JigyosyoCd=2870502792-00&ServiceCd=110&Type=search", "url2": null }, "geometry": { "type": "Point", "coordinates": [ 135.1705746, 34.6762202 ] } },
{ "type": "Feature", "properties": { "内容": "特定非営利活動法人訪問在宅介護サービスみづき【訪問介護】兵庫県神戸市兵庫区水木通3丁目1-3", "url": "https://www.kaigokensaku.mhlw.go.jp/28/index.php?action_kouhyou_detail_004_kani=true&JigyosyoCd=2870500549-00&ServiceCd=110&Type=search", "url2": null }, "geometry": { "type": "Point", "coordinates": [ 135.166588700000034, 34.6748897 ] } },
{ "type": "Feature", "properties": { "内容": "株式会社　わっくいーず【訪問介護】兵庫県神戸市兵庫区新開地3丁目3番18号わっくビル４０１", "url": "https://www.kaigokensaku.mhlw.go.jp/28/index.php?action_kouhyou_detail_004_kani=true&JigyosyoCd=2870503055-00&ServiceCd=110&Type=search", "url2": null }, "geometry": { "type": "Point", "coordinates": [ 135.172045, 34.6771234 ] } },
{ "type": "Feature", "properties": { "内容": "ケア　こひつじ【訪問介護】永沢町2丁目4－13　4F", "url": "https://www.kaigokensaku.mhlw.go.jp/28/index.php?action_kouhyou_detail_004_kani=true&JigyosyoCd=2870503154-00&ServiceCd=110&Type=search", "url2": null }, "geometry": { "type": "Point", "coordinates": [ 135.172041199999967, 34.6729928 ] } },
{ "type": "Feature", "properties": { "内容": "介護サービスセンター　凜【訪問介護】神戸市兵庫区熊野町5丁目２－３", "url": "https://www.kaigokensaku.mhlw.go.jp/28/index.php?action_kouhyou_detail_004_kani=true&JigyosyoCd=2870503261-00&ServiceCd=110&Type=search", "url2": null }, "geometry": { "type": "Point", "coordinates": [ 135.155773626790392, 34.684190570413534 ] } },
{ "type": "Feature", "properties": { "内容": "ケアステーション　さわ【訪問介護】新開地１丁目２番１８湊川パークハイツ　９０８号", "url": "https://www.kaigokensaku.mhlw.go.jp/28/index.php?action_kouhyou_detail_004_kani=true&JigyosyoCd=2870504186-00&ServiceCd=110&Type=search", "url2": null }, "geometry": { "type": "Point", "coordinates": [ 135.168568099999987, 34.6787415 ] } },
{ "type": "Feature", "properties": { "内容": "ヘルパーステーションきせき【訪問介護】兵庫県神戸市兵庫区上沢通7丁目1－15ハイライフ上沢202号", "url": "https://www.kaigokensaku.mhlw.go.jp/28/index.php?action_kouhyou_detail_004_kani=true&JigyosyoCd=2870502255-00&ServiceCd=110&Type=search", "url2": "http://www.kiseki-kobe.co.jp" }, "geometry": { "type": "Point", "coordinates": [ 135.158989199999951, 34.6741757 ] } },
{ "type": "Feature", "properties": { "内容": "訪問介護　えびす【訪問介護】中道通1-1-8401", "url": "https://www.kaigokensaku.mhlw.go.jp/28/index.php?action_kouhyou_detail_004_kani=true&JigyosyoCd=2870503188-00&ServiceCd=110&Type=search", "url2": null }, "geometry": { "type": "Point", "coordinates": [ 135.168646694904737, 34.677318943704016 ] } },
{ "type": "Feature", "properties": { "内容": "ケアセンター・タスカル【訪問介護】神戸市兵庫区西橘通１－１－５ベルセコーロ　２０１", "url": "https://www.kaigokensaku.mhlw.go.jp/28/index.php?action_kouhyou_detail_004_kani=true&JigyosyoCd=2870504202-00&ServiceCd=110&Type=search", "url2": null }, "geometry": { "type": "Point", "coordinates": [ 135.1725444, 34.679993700000018 ] } },
{ "type": "Feature", "properties": { "内容": "医療法人一輝会　訪問看護ステーションみさき【訪問介護】兵庫県神戸市兵庫区切戸町６-3-2　２階", "url": "https://www.kaigokensaku.mhlw.go.jp/28/index.php?action_kouhyou_detail_004_kani=true&JigyosyoCd=2860590047-00&ServiceCd=110&Type=search", "url2": "http://www.ikkikai.or.lp" }, "geometry": { "type": "Point", "coordinates": [ 135.173974500000014, 34.6675128 ] } },
{ "type": "Feature", "properties": { "内容": "高齢者生協ケアステーションひらの【訪問介護】兵庫県神戸市兵庫区下三条町8-20", "url": "https://www.kaigokensaku.mhlw.go.jp/28/index.php?action_kouhyou_detail_004_kani=true&JigyosyoCd=2870500085-00&ServiceCd=110&Type=search", "url2": null }, "geometry": { "type": "Point", "coordinates": [ 135.1674246, 34.6899549 ] } },
{ "type": "Feature", "properties": { "内容": "訪問介護　ゆうケアサービス【訪問介護】兵庫県神戸市兵庫区荒田町3丁目57番4号", "url": "https://www.kaigokensaku.mhlw.go.jp/28/index.php?action_kouhyou_detail_004_kani=true&JigyosyoCd=2870500291-00&ServiceCd=110&Type=search", "url2": "http://care-net.biz/28/yuu-care/" }, "geometry": { "type": "Point", "coordinates": [ 135.167033860118835, 34.685803273547371 ] } },
{ "type": "Feature", "properties": { "内容": "アースサポート神戸【訪問介護】兵庫県神戸市兵庫区荒田町1丁目10番5号", "url": "https://www.kaigokensaku.mhlw.go.jp/28/index.php?action_kouhyou_detail_004_kani=true&JigyosyoCd=2870500317-00&ServiceCd=110&Type=search", "url2": "http://www.earthsupport.co.jp" }, "geometry": { "type": "Point", "coordinates": [ 135.168183, 34.680966900000016 ] } },
{ "type": "Feature", "properties": { "内容": "ニッシンケアサービス【訪問介護】神戸市兵庫区塚本通１丁目２－２ニッシン第2ビル", "url": "https://www.kaigokensaku.mhlw.go.jp/28/index.php?action_kouhyou_detail_004_kani=true&JigyosyoCd=2870500457-00&ServiceCd=110&Type=search", "url2": "https://nisshin-care.co.jp/" }, "geometry": { "type": "Point", "coordinates": [ 135.168958101852468, 34.673969453156808 ] } },
{ "type": "Feature", "properties": { "内容": "ニチイケアセンター湊川【訪問介護】神戸市兵庫区水木通2－2－25水木通マンション１F", "url": "https://www.kaigokensaku.mhlw.go.jp/28/index.php?action_kouhyou_detail_004_kani=true&JigyosyoCd=2870500465-00&ServiceCd=110&Type=search", "url2": "http://www.nichiigakkan.co.jp/" }, "geometry": { "type": "Point", "coordinates": [ 135.167138844680693, 34.676055924327443 ] } },
{ "type": "Feature", "properties": { "内容": "ホームヘルパーステーションドルフィンケアサポート【訪問介護】神戸市兵庫区菊水町5丁目2番3号湊川病院別館", "url": "https://www.kaigokensaku.mhlw.go.jp/28/index.php?action_kouhyou_detail_004_kani=true&JigyosyoCd=2870500515-00&ServiceCd=110&Type=search", "url2": "http://www.minatogawa.jp/assist/home.html" }, "geometry": { "type": "Point", "coordinates": [ 135.160665858135985, 34.685044504911687 ] } },
{ "type": "Feature", "properties": { "内容": "ユニ介護センター【訪問介護】兵庫県神戸市兵庫区駅前通４丁目１番３２号", "url": "https://www.kaigokensaku.mhlw.go.jp/28/index.php?action_kouhyou_detail_004_kani=true&JigyosyoCd=2870500754-00&ServiceCd=110&Type=search", "url2": "www.unikaigo.jp" }, "geometry": { "type": "Point", "coordinates": [ 135.159033599999987, 34.666386 ] } },
{ "type": "Feature", "properties": { "内容": "ケア２１湊川【訪問介護】兵庫県神戸市兵庫区下祇園町40-19シャロームヒラノ103号室", "url": "https://www.kaigokensaku.mhlw.go.jp/28/index.php?action_kouhyou_detail_004_kani=true&JigyosyoCd=2870501083-00&ServiceCd=110&Type=search", "url2": null }, "geometry": { "type": "Point", "coordinates": [ 135.168779741026697, 34.688065539596401 ] } },
{ "type": "Feature", "properties": { "内容": "ヘルパーステーションいきいき【訪問介護】兵庫県神戸市兵庫区荒田町２－２０－１０４", "url": "https://www.kaigokensaku.mhlw.go.jp/28/index.php?action_kouhyou_detail_004_kani=true&JigyosyoCd=2870501158-00&ServiceCd=110&Type=search", "url2": "https://www.ikiiki-hyogo.com" }, "geometry": { "type": "Point", "coordinates": [ 135.165274899999986, 34.6816473 ] } },
{ "type": "Feature", "properties": { "内容": "すいーとぴー兵庫【訪問介護】神戸市兵庫区湊町1丁目3-6ライオンズマンション神戸湊町公園203号", "url": "https://www.kaigokensaku.mhlw.go.jp/28/index.php?action_kouhyou_detail_004_kani=true&JigyosyoCd=2870501398-00&ServiceCd=110&Type=search", "url2": null }, "geometry": { "type": "Point", "coordinates": [ 135.173866, 34.6744927 ] } },
{ "type": "Feature", "properties": { "内容": "みどり訪問介護ステーション【訪問介護】神戸市兵庫区中道通1丁目3番31号みどり介護支援センター・みどり訪問介護ステーション", "url": "https://www.kaigokensaku.mhlw.go.jp/28/index.php?action_kouhyou_detail_004_kani=true&JigyosyoCd=2870501547-00&ServiceCd=110&Type=search", "url2": "http://www.sendankai.or.jp/" }, "geometry": { "type": "Point", "coordinates": [ 135.168212068212142, 34.677147272306755 ] } },
{ "type": "Feature", "properties": { "内容": "有限会社　朋【訪問介護】神戸市兵庫区小松通5丁目2番9号", "url": "https://www.kaigokensaku.mhlw.go.jp/28/index.php?action_kouhyou_detail_004_kani=true&JigyosyoCd=2870501562-00&ServiceCd=110&Type=search", "url2": null }, "geometry": { "type": "Point", "coordinates": [ 135.173602399999936, 34.6547638 ] } },
{ "type": "Feature", "properties": { "内容": "浜山高齢者介護支援センター【訪問介護】兵庫県神戸市兵庫区浜中町１丁目１６番１８号", "url": "https://www.kaigokensaku.mhlw.go.jp/28/index.php?action_kouhyou_detail_004_kani=true&JigyosyoCd=2870501646-00&ServiceCd=110&Type=search", "url2": "http://www.hanamisaki.or.jp" }, "geometry": { "type": "Point", "coordinates": [ 135.165928, 34.6557247 ] } },
{ "type": "Feature", "properties": { "内容": "株式会社ケアサービス・マモル【訪問介護】荒田町3-5-22101", "url": "https://www.kaigokensaku.mhlw.go.jp/28/index.php?action_kouhyou_detail_004_kani=true&JigyosyoCd=2870501653-00&ServiceCd=110&Type=search", "url2": null }, "geometry": { "type": "Point", "coordinates": [ 135.1676392, 34.6839433 ] } },
{ "type": "Feature", "properties": { "内容": "ボンケア　本店【訪問介護】神戸市兵庫区荒田町１丁目１５－６－２F", "url": "https://www.kaigokensaku.mhlw.go.jp/28/index.php?action_kouhyou_detail_004_kani=true&JigyosyoCd=2870501786-00&ServiceCd=110&Type=search", "url2": null }, "geometry": { "type": "Point", "coordinates": [ 135.167433100000039, 34.679839200000025 ] } },
{ "type": "Feature", "properties": { "内容": "千代ケアサービス【訪問介護】神戸市兵庫区出在家町2丁目４－２８", "url": "https://www.kaigokensaku.mhlw.go.jp/28/index.php?action_kouhyou_detail_004_kani=true&JigyosyoCd=2870501794-00&ServiceCd=110&Type=search", "url2": null }, "geometry": { "type": "Point", "coordinates": [ 135.175055, 34.6633604 ] } },
{ "type": "Feature", "properties": { "内容": "ヘルパーステーション実のり【訪問介護】金平町１丁目１８－１", "url": "https://www.kaigokensaku.mhlw.go.jp/28/index.php?action_kouhyou_detail_004_kani=true&JigyosyoCd=2870501844-00&ServiceCd=110&Type=search", "url2": null }, "geometry": { "type": "Point", "coordinates": [ 135.165628, 34.6544553 ] } },
{ "type": "Feature", "properties": { "内容": "ヘルパーステーションこころ【訪問介護】佐比江町18-11", "url": "https://www.kaigokensaku.mhlw.go.jp/28/index.php?action_kouhyou_detail_004_kani=true&JigyosyoCd=2870501901-00&ServiceCd=110&Type=search", "url2": null }, "geometry": { "type": "Point", "coordinates": [ 135.176082599999972, 34.6744983 ] } },
{ "type": "Feature", "properties": { "内容": "介護サービス　サンライズ【訪問介護】神戸市兵庫区水木通３丁目１－８川西ビル　２０２", "url": "https://www.kaigokensaku.mhlw.go.jp/28/index.php?action_kouhyou_detail_004_kani=true&JigyosyoCd=2870501968-00&ServiceCd=110&Type=search", "url2": null }, "geometry": { "type": "Point", "coordinates": [ 135.166255399999955, 34.674620300000022 ] } },
{ "type": "Feature", "properties": { "内容": "SOMPOケア神戸上沢訪問介護【訪問介護】上沢通8丁目2－5", "url": "https://www.kaigokensaku.mhlw.go.jp/28/index.php?action_kouhyou_detail_004_kani=true&JigyosyoCd=2870502065-00&ServiceCd=110&Type=search", "url2": "http://www.sompocare-message.jp/" }, "geometry": { "type": "Point", "coordinates": [ 135.1576976, 34.6733535 ] } },
{ "type": "Feature", "properties": { "内容": "訪問介護事業所　ゆめのはし【訪問介護】夢野町2丁目141メゾンド・マーシュ201号室", "url": "https://www.kaigokensaku.mhlw.go.jp/28/index.php?action_kouhyou_detail_004_kani=true&JigyosyoCd=2870502081-00&ServiceCd=110&Type=search", "url2": null }, "geometry": { "type": "Point", "coordinates": [ 135.159919435057077, 34.685568067090529 ] } },
{ "type": "Feature", "properties": { "内容": "ケアサービスだんらん【訪問介護】兵庫県神戸市兵庫区塚本通5-2-15シティースペース301", "url": "https://www.kaigokensaku.mhlw.go.jp/28/index.php?action_kouhyou_detail_004_kani=true&JigyosyoCd=2870502156-00&ServiceCd=110&Type=search", "url2": null }, "geometry": { "type": "Point", "coordinates": [ 135.1650055, 34.6701957 ] } },
{ "type": "Feature", "properties": { "内容": "ヘルパーステーションあさんて【訪問介護】兵庫県神戸市兵庫区塚本通6丁目1-3サンシャイングレート兵庫201", "url": "https://www.kaigokensaku.mhlw.go.jp/28/index.php?action_kouhyou_detail_004_kani=true&JigyosyoCd=2870502198-00&ServiceCd=110&Type=search", "url2": "https://nagominoiekobe.com/kk/" }, "geometry": { "type": "Point", "coordinates": [ 135.164337552778647, 34.669757427360715 ] } },
{ "type": "Feature", "properties": { "内容": "アーチ訪問介護大開【訪問介護】兵庫県神戸市兵庫区大開通5-2-22", "url": "https://www.kaigokensaku.mhlw.go.jp/28/index.php?action_kouhyou_detail_004_kani=true&JigyosyoCd=2870502750-00&ServiceCd=110&Type=search", "url2": "https://cina.co.jp/care/#visit-nursing" }, "geometry": { "type": "Point", "coordinates": [ 135.16535130922739, 34.672949020632394 ] } },
{ "type": "Feature", "properties": { "内容": "コウダイケアサービス兵庫訪問介護事業所【訪問介護】水木通2丁目2番17号ｴﾙｱ・ｼﾞｬｽﾓ１階", "url": "https://www.kaigokensaku.mhlw.go.jp/28/index.php?action_kouhyou_detail_004_kani=true&JigyosyoCd=2870502842-00&ServiceCd=110&Type=search", "url2": "https://www.koudai-care.co.jp/" }, "geometry": { "type": "Point", "coordinates": [ 135.166608200000042, 34.6756508 ] } },
{ "type": "Feature", "properties": { "内容": "ケアステーション　きらら神戸【訪問介護】兵庫県神戸市兵庫区上庄通3-2-16", "url": "https://www.kaigokensaku.mhlw.go.jp/28/index.php?action_kouhyou_detail_004_kani=true&JigyosyoCd=2870503311-00&ServiceCd=110&Type=search", "url2": "www.starts.co.jp/s-careservice" }, "geometry": { "type": "Point", "coordinates": [ 135.175860599999965, 34.6573247 ] } },
{ "type": "Feature", "properties": { "内容": "サポートクラブゆう兵庫【訪問介護】兵庫県神戸市兵庫区水木通10丁目2-15", "url": "https://www.kaigokensaku.mhlw.go.jp/28/index.php?action_kouhyou_detail_004_kani=true&JigyosyoCd=2870503394-00&ServiceCd=110&Type=search", "url2": "http://www.yuu.co.jp" }, "geometry": { "type": "Point", "coordinates": [ 135.157919900000024, 34.6697677 ] } },
{ "type": "Feature", "properties": { "内容": "ケア２１兵庫駅前通り【訪問介護】兵庫県神戸市兵庫区浜崎通１０－１７Angelot浜崎通1階101号室", "url": "https://www.kaigokensaku.mhlw.go.jp/28/index.php?action_kouhyou_detail_004_kani=true&JigyosyoCd=2870503543-00&ServiceCd=110&Type=search", "url2": null }, "geometry": { "type": "Point", "coordinates": [ 135.168660499999987, 34.6677545 ] } },
{ "type": "Feature", "properties": { "内容": "ニチイケアセンター兵庫みさき【訪問介護】出在家1丁目2-5丸西中之島ビル207号室", "url": "https://www.kaigokensaku.mhlw.go.jp/28/index.php?action_kouhyou_detail_004_kani=true&JigyosyoCd=2870503618-00&ServiceCd=110&Type=search", "url2": "http://www.nichiigakkan.co.jp" }, "geometry": { "type": "Point", "coordinates": [ 135.176115, 34.6629281 ] } },
{ "type": "Feature", "properties": { "内容": "すてーしょん　さくら【訪問介護】兵庫県神戸市兵庫区三川口町3丁目5番24-501号", "url": "https://www.kaigokensaku.mhlw.go.jp/28/index.php?action_kouhyou_detail_004_kani=true&JigyosyoCd=2870503634-00&ServiceCd=110&Type=search", "url2": "http://hp.kaipoke.biz/c53/index.html" }, "geometry": { "type": "Point", "coordinates": [ 135.1692902, 34.6715385 ] } },
{ "type": "Feature", "properties": { "内容": "ツクイ神戸南【訪問介護】兵庫県神戸市兵庫区上沢通4-1-4", "url": "https://www.kaigokensaku.mhlw.go.jp/28/index.php?action_kouhyou_detail_004_kani=true&JigyosyoCd=2870503642-00&ServiceCd=110&Type=search", "url2": "https://www.tsukui.net" }, "geometry": { "type": "Point", "coordinates": [ 135.1629903, 34.6766671 ] } },
{ "type": "Feature", "properties": { "内容": "ケアステーションこぱん【訪問介護】神戸市兵庫区福原町１－３－２０１", "url": "https://www.kaigokensaku.mhlw.go.jp/28/index.php?action_kouhyou_detail_004_kani=true&JigyosyoCd=2870503733-00&ServiceCd=110&Type=search", "url2": "http://hp.kaipoke.biz/szv/index.html" }, "geometry": { "type": "Point", "coordinates": [ 135.171987720272426, 34.67839342475915 ] } },
{ "type": "Feature", "properties": { "内容": "訪問介護ステーション　サーマルケア【訪問介護】神戸市兵庫区吉田町2丁目38-7エクセルビュー103号", "url": "https://www.kaigokensaku.mhlw.go.jp/28/index.php?action_kouhyou_detail_004_kani=true&JigyosyoCd=2870503758-00&ServiceCd=110&Type=search", "url2": "http://www.thermalcare.co.jp" }, "geometry": { "type": "Point", "coordinates": [ 135.16759921721129, 34.654785755944005 ] } },
{ "type": "Feature", "properties": { "内容": "ケアCiel【訪問介護】兵庫県神戸市兵庫区西柳原町3-21401", "url": "https://www.kaigokensaku.mhlw.go.jp/28/index.php?action_kouhyou_detail_004_kani=true&JigyosyoCd=2870503857-00&ServiceCd=110&Type=search", "url2": null }, "geometry": { "type": "Point", "coordinates": [ 135.16890570000001, 34.6694059 ] } },
{ "type": "Feature", "properties": { "内容": "ラグナケア荒田【訪問介護】兵庫県神戸市兵庫区荒田町3-75-10", "url": "https://www.kaigokensaku.mhlw.go.jp/28/index.php?action_kouhyou_detail_004_kani=true&JigyosyoCd=2870503915-00&ServiceCd=110&Type=search", "url2": "http://houonkai.jp/" }, "geometry": { "type": "Point", "coordinates": [ 135.1648365, 34.6860731 ] } },
{ "type": "Feature", "properties": { "内容": "訪問介護アプリコット【訪問介護】兵庫県神戸市兵庫区本町1丁目1番18号", "url": "https://www.kaigokensaku.mhlw.go.jp/28/index.php?action_kouhyou_detail_004_kani=true&JigyosyoCd=2870503949-00&ServiceCd=110&Type=search", "url2": null }, "geometry": { "type": "Point", "coordinates": [ 135.1745364, 34.6685147 ] } },
{ "type": "Feature", "properties": { "内容": "株式会社ＭｏｉＬｉｆｅ【訪問介護】荒田町1丁目7-12　臼井ハウス南", "url": "https://www.kaigokensaku.mhlw.go.jp/28/index.php?action_kouhyou_detail_004_kani=true&JigyosyoCd=2870503956-00&ServiceCd=110&Type=search", "url2": "https://moi-life.com" }, "geometry": { "type": "Point", "coordinates": [ 135.1687712, 34.6819473 ] } },
{ "type": "Feature", "properties": { "内容": "セレーテケアサービス【訪問介護】神戸市兵庫区笠松通6-4-11コ・クール和田岬", "url": "https://www.kaigokensaku.mhlw.go.jp/28/index.php?action_kouhyou_detail_004_kani=true&JigyosyoCd=2870503998-00&ServiceCd=110&Type=search", "url2": null }, "geometry": { "type": "Point", "coordinates": [ 135.173705300000023, 34.6567718 ] } },
{ "type": "Feature", "properties": { "内容": "訪問介護わをなす兵庫【訪問介護】兵庫県神戸市兵庫区大開通3-1-3グランメゾン神戸103", "url": "https://www.kaigokensaku.mhlw.go.jp/28/index.php?action_kouhyou_detail_004_kani=true&JigyosyoCd=2870503840-00&ServiceCd=110&Type=search", "url2": null }, "geometry": { "type": "Point", "coordinates": [ 135.1677268, 34.6737338 ] } },
{ "type": "Feature", "properties": { "内容": "ナイスケア【訪問介護】兵庫県神戸市兵庫区荒田町３丁目１４－７アルカディア大石１０３", "url": "https://www.kaigokensaku.mhlw.go.jp/28/index.php?action_kouhyou_detail_004_kani=true&JigyosyoCd=2870504012-00&ServiceCd=110&Type=search", "url2": null }, "geometry": { "type": "Point", "coordinates": [ 135.1688733, 34.6853302 ] } },
{ "type": "Feature", "properties": { "内容": "ブルースケア神戸【訪問介護】羽坂通4-2-17オライジュ1番館401号室", "url": "https://www.kaigokensaku.mhlw.go.jp/28/index.php?action_kouhyou_detail_004_kani=true&JigyosyoCd=2870504269-00&ServiceCd=110&Type=search", "url2": null }, "geometry": { "type": "Point", "coordinates": [ 135.164117, 34.6693573 ] } },
{ "type": "Feature", "properties": { "内容": "ラポールヘルパーステーション【訪問介護】兵庫県神戸市兵庫区石井町２丁目３-１０スマイルウエスト２０５", "url": "https://www.kaigokensaku.mhlw.go.jp/28/index.php?action_kouhyou_detail_004_kani=true&JigyosyoCd=2870503493-00&ServiceCd=110&Type=search", "url2": "https://www.rapole.jp" }, "geometry": { "type": "Point", "coordinates": [ 135.16306469999995, 34.6894219 ] } },
{ "type": "Feature", "properties": { "内容": "株式会社　グッドケア【訪問介護】兵庫県神戸市兵庫区東山町２丁目12-1-1", "url": "https://www.kaigokensaku.mhlw.go.jp/28/index.php?action_kouhyou_detail_004_kani=true&JigyosyoCd=2870503212-00&ServiceCd=110&Type=search", "url2": "https://goodcare.co.jp/company.html" }, "geometry": { "type": "Point", "coordinates": [ 135.163641243912281, 34.683061110037826 ] } },
{ "type": "Feature", "properties": { "内容": "ひょうごホームナーシング研究センター【訪問介護】神戸市兵庫区馬場町１７－９", "url": "https://www.kaigokensaku.mhlw.go.jp/28/index.php?action_kouhyou_detail_004_kani=true&JigyosyoCd=2870500192-00&ServiceCd=110&Type=search", "url2": null }, "geometry": { "type": "Point", "coordinates": [ 135.170316100000036, 34.6868608 ] } },
{ "type": "Feature", "properties": { "内容": "アトムケアセンター兵庫【訪問介護】神戸市兵庫区新開地４丁目３番７号ワコーレデュプレックス神戸４０２号", "url": "https://www.kaigokensaku.mhlw.go.jp/28/index.php?action_kouhyou_detail_004_kani=true&JigyosyoCd=2870501604-00&ServiceCd=110&Type=search", "url2": null }, "geometry": { "type": "Point", "coordinates": [ 135.173356, 34.6775802 ] } },
{ "type": "Feature", "properties": { "内容": "あいどるケア【訪問介護】兵庫県神戸市兵庫区荒田町４丁目７番２５号ﾊﾟﾚｽｻﾝﾄﾉｰﾚ１Ｆ", "url": "https://www.kaigokensaku.mhlw.go.jp/28/index.php?action_kouhyou_detail_004_kani=true&JigyosyoCd=2870502164-00&ServiceCd=110&Type=search", "url2": null }, "geometry": { "type": "Point", "coordinates": [ 135.165808100000049, 34.6826611 ] } },
{ "type": "Feature", "properties": { "内容": "eny【訪問介護】兵庫県神戸市兵庫区荒田町1丁目9-4-1F", "url": "https://www.kaigokensaku.mhlw.go.jp/28/index.php?action_kouhyou_detail_004_kani=true&JigyosyoCd=2870503782-00&ServiceCd=110&Type=search", "url2": null }, "geometry": { "type": "Point", "coordinates": [ 135.1689795, 34.6809667 ] } },
{ "type": "Feature", "properties": { "内容": "介護クラーク神戸【訪問介護】兵庫県神戸市兵庫区材木町1番10号", "url": "https://www.kaigokensaku.mhlw.go.jp/28/index.php?action_kouhyou_detail_004_kani=true&JigyosyoCd=2870504087-00&ServiceCd=110&Type=search", "url2": "https://cuc-hospice.com/rehope/hospice/873/" }, "geometry": { "type": "Point", "coordinates": [ 135.167507, 34.6593076 ] } },
{ "type": "Feature", "properties": { "内容": "百合凪【訪問介護】兵庫県神戸市兵庫区羽坂通3-7-14ラ・ファミーユ101", "url": "https://www.kaigokensaku.mhlw.go.jp/28/index.php?action_kouhyou_detail_004_kani=true&JigyosyoCd=2870504236-00&ServiceCd=110&Type=search", "url2": null }, "geometry": { "type": "Point", "coordinates": [ 135.164918699999987, 34.6699167 ] } },
{ "type": "Feature", "properties": { "内容": "訪問介護サービス菜の花【訪問介護】兵庫県神戸市兵庫区荒田町３丁目６８－９ラムール荒田1Ｆ", "url": "https://www.kaigokensaku.mhlw.go.jp/28/index.php?action_kouhyou_detail_004_kani=true&JigyosyoCd=2870501802-00&ServiceCd=110&Type=search", "url2": null }, "geometry": { "type": "Point", "coordinates": [ 135.16589010000007, 34.6848608 ] } },
{ "type": "Feature", "properties": { "内容": "ひだまり介護【訪問介護】湊川町９丁目１８－３", "url": "https://www.kaigokensaku.mhlw.go.jp/28/index.php?action_kouhyou_detail_004_kani=true&JigyosyoCd=2870502032-00&ServiceCd=110&Type=search", "url2": null }, "geometry": { "type": "Point", "coordinates": [ 135.157253800000035, 34.681768300000016 ] } },
{ "type": "Feature", "properties": { "内容": "ハート介護サービス　湊川【訪問介護】兵庫県神戸市兵庫区西上橘通1-1-4第2山田マンション1Ｆ", "url": "https://www.kaigokensaku.mhlw.go.jp/28/index.php?action_kouhyou_detail_004_kani=true&JigyosyoCd=2870503089-00&ServiceCd=110&Type=search", "url2": null }, "geometry": { "type": "Point", "coordinates": [ 135.171875300000011, 34.6808278 ] } },
{ "type": "Feature", "properties": { "内容": "ホームヘルプサービススリール湊川【訪問介護】福原町１５番１８号", "url": "https://www.kaigokensaku.mhlw.go.jp/28/index.php?action_kouhyou_detail_004_kani=true&JigyosyoCd=2870503477-00&ServiceCd=110&Type=search", "url2": null }, "geometry": { "type": "Point", "coordinates": [ 135.1693725, 34.6789079 ] } },
{ "type": "Feature", "properties": { "内容": "ケアステーションビゴップ【訪問介護】永沢町４丁目４番１８号赤浦永沢ビル２０５号赤浦永沢ビル２０５号", "url": "https://www.kaigokensaku.mhlw.go.jp/28/index.php?action_kouhyou_detail_004_kani=true&JigyosyoCd=2870504079-00&ServiceCd=110&Type=search", "url2": null }, "geometry": { "type": "Point", "coordinates": [ 135.169804199999987, 34.6747358 ] } },
{ "type": "Feature", "properties": { "内容": "訪問介護事業所Umi【訪問介護】兵庫県神戸市兵庫区下沢通4丁目3番14号下沢通4丁目貸事務所２階", "url": "https://www.kaigokensaku.mhlw.go.jp/28/index.php?action_kouhyou_detail_004_kani=true&JigyosyoCd=2870504228-00&ServiceCd=110&Type=search", "url2": null }, "geometry": { "type": "Point", "coordinates": [ 135.164030964418032, 34.6759962535886 ] } },
{ "type": "Feature", "properties": { "内容": "ヘルパーステーションキラキラ【訪問介護】兵庫県神戸市兵庫区湊町３丁目１番７号３階マルヨシビル３階", "url": "https://www.kaigokensaku.mhlw.go.jp/28/index.php?action_kouhyou_detail_004_kani=true&JigyosyoCd=2870503667-00&ServiceCd=110&Type=search", "url2": "kirakira-h.com" }, "geometry": { "type": "Point", "coordinates": [ 135.172212699999989, 34.6761839 ] } },
{ "type": "Feature", "properties": { "内容": "レオケアステーション湊川【訪問介護】兵庫県神戸市兵庫区松本通３丁目１－３ハイツ藤川", "url": "https://www.kaigokensaku.mhlw.go.jp/28/index.php?action_kouhyou_detail_004_kani=true&JigyosyoCd=2870504020-00&ServiceCd=110&Type=search", "url2": null }, "geometry": { "type": "Point", "coordinates": [ 135.1632396, 34.6782446 ] } },
{ "type": "Feature", "properties": { "内容": "ケアふれんず【訪問介護】兵庫県神戸市兵庫区下沢通2丁目2-29", "url": "https://www.kaigokensaku.mhlw.go.jp/28/index.php?action_kouhyou_detail_004_kani=true&JigyosyoCd=2870502891-00&ServiceCd=110&Type=search", "url2": "https://www.big-under.com/" }, "geometry": { "type": "Point", "coordinates": [ 135.1594225, 34.686477300000014 ] } },
{ "type": "Feature", "properties": { "内容": "ベストケア神戸営業所【訪問介護】神戸市兵庫区荒田町2丁目7-13", "url": "https://www.kaigokensaku.mhlw.go.jp/28/index.php?action_kouhyou_detail_004_kani=true&JigyosyoCd=2870503170-00&ServiceCd=110&Type=search", "url2": "www.bestwell.co.jp" }, "geometry": { "type": "Point", "coordinates": [ 135.168894, 34.6831112 ] } },
{ "type": "Feature", "properties": { "内容": "ヘルパーステーション十人十色神戸南【訪問介護】浜崎通り1-39兵庫県神戸市兵庫区浜崎通1-39", "url": "https://www.kaigokensaku.mhlw.go.jp/28/index.php?action_kouhyou_detail_004_kani=true&JigyosyoCd=2870504111-00&ServiceCd=110&Type=search", "url2": "https://toiro.care/" }, "geometry": { "type": "Point", "coordinates": [ 135.1681538, 34.6683823 ] } },
{ "type": "Feature", "properties": { "内容": "ケアリッツ上沢【訪問介護】兵庫県神戸市兵庫区上沢通5-1-17ラ・ルミエール藤井202", "url": "https://www.kaigokensaku.mhlw.go.jp/28/index.php?action_kouhyou_detail_004_kani=true&JigyosyoCd=2870504319-00&ServiceCd=110&Type=search", "url2": "https://www.careritz.co.jp/station/branch/kamisawa/" }, "geometry": { "type": "Point", "coordinates": [ 135.161216662565579, 34.67562164649501 ] } },
{ "type": "Feature", "properties": { "内容": "アットケア神戸【訪問介護】兵庫県神戸市兵庫区湊町4丁目２－１２リビース湊川208号209号", "url": "https://www.kaigokensaku.mhlw.go.jp/28/index.php?action_kouhyou_detail_004_kani=true&JigyosyoCd=2870504244-00&ServiceCd=110&Type=search", "url2": null }, "geometry": { "type": "Point", "coordinates": [ 135.1705542, 34.6762477 ] } },
{ "type": "Feature", "properties": { "内容": "介護ステーションシェルメール【訪問介護】兵庫県神戸市兵庫区大開通二丁目3-6メゾンユニベール202", "url": "https://www.kaigokensaku.mhlw.go.jp/28/index.php?action_kouhyou_detail_004_kani=true&JigyosyoCd=2870504293-00&ServiceCd=110&Type=search", "url2": null }, "geometry": { "type": "Point", "coordinates": [ 135.1682442, 34.6740304 ] } },
{ "type": "Feature", "properties": { "内容": "ヘルパーステーションオリンピア兵庫【訪問介護】兵庫県神戸市兵庫区小松通5−1−14", "url": "https://www.kaigokensaku.mhlw.go.jp/28/index.php?action_kouhyou_detail_004_kani=true&JigyosyoCd=2870502784-00&ServiceCd=110&Type=search", "url2": "http://www.olympia.or.jp/" }, "geometry": { "type": "Point", "coordinates": [ 135.173291400000039, 34.6541638 ] } },
{ "type": "Feature", "properties": { "内容": "学研ココファン兵庫駅前ヘルパーセンター【訪問介護】兵庫県神戸市兵庫区浜崎通3番15号", "url": "https://www.kaigokensaku.mhlw.go.jp/28/index.php?action_kouhyou_detail_004_kani=true&JigyosyoCd=2870504343-00&ServiceCd=110&Type=search", "url2": "https://www.cocofump.co.jp/" }, "geometry": { "type": "Point", "coordinates": [ 135.165972399999987, 34.6677362 ] } },
{ "type": "Feature", "properties": { "内容": "ケアセンターベル【訪問介護】神戸市長田区腕塚町3丁目2-12", "url": "https://www.kaigokensaku.mhlw.go.jp/28/index.php?action_kouhyou_detail_004_kani=true&JigyosyoCd=2870602261-00&ServiceCd=110&Type=search", "url2": null }, "geometry": { "type": "Point", "coordinates": [ 135.148372399999971, 34.6559647 ] } },
{ "type": "Feature", "properties": { "内容": "ヘルパーステーション　えるかーさ【訪問介護】兵庫県神戸市長田区久保町８－５－８", "url": "https://www.kaigokensaku.mhlw.go.jp/28/index.php?action_kouhyou_detail_004_kani=true&JigyosyoCd=2870602279-00&ServiceCd=110&Type=search", "url2": null }, "geometry": { "type": "Point", "coordinates": [ 135.144063189985104, 34.652116912653483 ] } },
{ "type": "Feature", "properties": { "内容": "あおいとり【訪問介護】兵庫県神戸市長田区東丸山町10-5", "url": "https://www.kaigokensaku.mhlw.go.jp/28/index.php?action_kouhyou_detail_004_kani=true&JigyosyoCd=2870603061-00&ServiceCd=110&Type=search", "url2": null }, "geometry": { "type": "Point", "coordinates": [ 135.142607901049786, 34.685393724145207 ] } },
{ "type": "Feature", "properties": { "内容": "訪問介護ステーション紅葉【訪問介護】神戸市長田区神楽町3丁目3番9号訪問介護サービスステーション紅葉", "url": "https://www.kaigokensaku.mhlw.go.jp/28/index.php?action_kouhyou_detail_004_kani=true&JigyosyoCd=2870601107-00&ServiceCd=110&Type=search", "url2": "http://universallife-momiji.com/" }, "geometry": { "type": "Point", "coordinates": [ 135.148934012233667, 34.681632813042313 ] } },
{ "type": "Feature", "properties": { "内容": "在宅ケアサービス　ソラスト新長田【訪問介護】兵庫県神戸市長田区松野通3丁目3－3キャッツビル101号室", "url": "https://www.kaigokensaku.mhlw.go.jp/28/index.php?action_kouhyou_detail_004_kani=true&JigyosyoCd=2870602816-00&ServiceCd=110&Type=search", "url2": "https://solasto-kaigo.com/care/area/post.html" }, "geometry": { "type": "Point", "coordinates": [ 135.142279899999949, 34.6576771 ] } },
{ "type": "Feature", "properties": { "内容": "ウルトラ介護隊【訪問介護】兵庫県神戸市長田区菅原通4-205-11F", "url": "https://www.kaigokensaku.mhlw.go.jp/28/index.php?action_kouhyou_detail_004_kani=true&JigyosyoCd=2870603095-00&ServiceCd=110&Type=search", "url2": "https://ult.care" }, "geometry": { "type": "Point", "coordinates": [ 135.15568512949983, 34.664669346107544 ] } },
{ "type": "Feature", "properties": { "内容": "医療法人社団十善会野瀬訪問介護ステーションゆかり【訪問介護】兵庫県神戸市長田区久保町3丁目9番7号", "url": "https://www.kaigokensaku.mhlw.go.jp/28/index.php?action_kouhyou_detail_004_kani=true&JigyosyoCd=2870603244-00&ServiceCd=110&Type=search", "url2": null }, "geometry": { "type": "Point", "coordinates": [ 135.148704400000042, 34.6546607 ] } },
{ "type": "Feature", "properties": { "内容": "神戸ケアエース【訪問介護】神戸市長田区東尻池町２丁目３－１０", "url": "https://www.kaigokensaku.mhlw.go.jp/28/index.php?action_kouhyou_detail_004_kani=true&JigyosyoCd=2870601164-00&ServiceCd=110&Type=search", "url2": null }, "geometry": { "type": "Point", "coordinates": [ 135.15644240000006, 34.661474 ] } },
{ "type": "Feature", "properties": { "内容": "特定非営利活動法人リーフグリーン【訪問介護】兵庫県神戸市長田区海運町３丁目３－８たかとりコミュニテイセンター内", "url": "https://www.kaigokensaku.mhlw.go.jp/28/index.php?action_kouhyou_detail_004_kani=true&JigyosyoCd=2870601230-00&ServiceCd=110&Type=search", "url2": "http://tcc117.jp/leaf/" }, "geometry": { "type": "Point", "coordinates": [ 135.141621900000018, 34.6486057 ] } },
{ "type": "Feature", "properties": { "内容": "ＯＲさくら介護センター【訪問介護】兵庫県神戸市長田区大日丘町２丁目１０番１２号", "url": "https://www.kaigokensaku.mhlw.go.jp/28/index.php?action_kouhyou_detail_004_kani=true&JigyosyoCd=2870601792-00&ServiceCd=110&Type=search", "url2": null }, "geometry": { "type": "Point", "coordinates": [ 135.1529425, 34.6674095 ] } },
{ "type": "Feature", "properties": { "内容": "（有）あけぼの介護センター【訪問介護】神戸市長田区五位ノ池町３丁目９－３３　グリーンヒル五位ノ池３０１号", "url": "https://www.kaigokensaku.mhlw.go.jp/28/index.php?action_kouhyou_detail_004_kani=true&JigyosyoCd=2870601263-00&ServiceCd=110&Type=search", "url2": null }, "geometry": { "type": "Point", "coordinates": [ 135.136907899999983, 34.6641071 ] } },
{ "type": "Feature", "properties": { "内容": "けあさぽーとマリン訪問介護【訪問介護】神戸市長田区北町2-38-1", "url": "https://www.kaigokensaku.mhlw.go.jp/28/index.php?action_kouhyou_detail_004_kani=true&JigyosyoCd=2870601271-00&ServiceCd=110&Type=search", "url2": null }, "geometry": { "type": "Point", "coordinates": [ 135.152195708598356, 34.6665443 ] } },
{ "type": "Feature", "properties": { "内容": "ヘルパーステーション一富士【訪問介護】兵庫県神戸市長田区二葉町7丁目1-35村真ビル", "url": "https://www.kaigokensaku.mhlw.go.jp/28/index.php?action_kouhyou_detail_004_kani=true&JigyosyoCd=2870602345-00&ServiceCd=110&Type=search", "url2": null }, "geometry": { "type": "Point", "coordinates": [ 135.1463857, 34.6521863 ] } },
{ "type": "Feature", "properties": { "内容": "ケアセンターヒバリ【訪問介護】神戸市長田区雲雀ヶ丘3丁目8-23", "url": "https://www.kaigokensaku.mhlw.go.jp/28/index.php?action_kouhyou_detail_004_kani=true&JigyosyoCd=2870603418-00&ServiceCd=110&Type=search", "url2": null }, "geometry": { "type": "Point", "coordinates": [ 135.127382399999988, 34.6902862 ] } },
{ "type": "Feature", "properties": { "内容": "ケアスマイル　アンジュ【訪問介護】神戸市長田区腕塚町8-5-6", "url": "https://www.kaigokensaku.mhlw.go.jp/28/index.php?action_kouhyou_detail_004_kani=true&JigyosyoCd=2870603947-00&ServiceCd=110&Type=search", "url2": null }, "geometry": { "type": "Point", "coordinates": [ 135.143592399999989, 34.6522938 ] } },
{ "type": "Feature", "properties": { "内容": "介護センターつるぎ【訪問介護】兵庫県神戸市長田区萩乃町2丁目4-8", "url": "https://www.kaigokensaku.mhlw.go.jp/28/index.php?action_kouhyou_detail_004_kani=true&JigyosyoCd=2870603970-00&ServiceCd=110&Type=search", "url2": null }, "geometry": { "type": "Point", "coordinates": [ 135.132659499999988, 34.6889792 ] } },
{ "type": "Feature", "properties": { "内容": "高齢者ケアセンターながた　ホームヘルプサービス【訪問介護】神戸市長田区北町3丁目3番地", "url": "https://www.kaigokensaku.mhlw.go.jp/28/index.php?action_kouhyou_detail_004_kani=true&JigyosyoCd=2870600182-00&ServiceCd=110&Type=search", "url2": "http://www.kobe-fukuseikai.com/html/03top.html" }, "geometry": { "type": "Point", "coordinates": [ 135.151717700000063, 34.6654708 ] } },
{ "type": "Feature", "properties": { "内容": "特定非営利活動法人　パラレルサポート【訪問介護】神戸市長田区戸崎通2-7-1-1F", "url": "https://www.kaigokensaku.mhlw.go.jp/28/index.php?action_kouhyou_detail_004_kani=true&JigyosyoCd=2870600307-00&ServiceCd=110&Type=search", "url2": "http://paralelsupport.com/" }, "geometry": { "type": "Point", "coordinates": [ 135.139041200000065, 34.6615462 ] } },
{ "type": "Feature", "properties": { "内容": "ヘルパー故郷の家・神戸【訪問介護】兵庫県神戸市長田区東尻池町7丁目4－21", "url": "https://www.kaigokensaku.mhlw.go.jp/28/index.php?action_kouhyou_detail_004_kani=true&JigyosyoCd=2870600463-00&ServiceCd=110&Type=search", "url2": "http://www.kokorono.or.jp" }, "geometry": { "type": "Point", "coordinates": [ 135.157037, 34.6558078 ] } },
{ "type": "Feature", "properties": { "内容": "訪問介護ステーション　けんと【訪問介護】兵庫県神戸市長田区松野通１丁目5－16国際ビル203号", "url": "https://www.kaigokensaku.mhlw.go.jp/28/index.php?action_kouhyou_detail_004_kani=true&JigyosyoCd=2870600828-00&ServiceCd=110&Type=search", "url2": null }, "geometry": { "type": "Point", "coordinates": [ 135.144060299999978, 34.6581122 ] } },
{ "type": "Feature", "properties": { "内容": "ケア２１長田【訪問介護】兵庫県神戸市長田区長田町五丁目3-6神戸スカイタワー2階", "url": "https://www.kaigokensaku.mhlw.go.jp/28/index.php?action_kouhyou_detail_004_kani=true&JigyosyoCd=2870600885-00&ServiceCd=110&Type=search", "url2": null }, "geometry": { "type": "Point", "coordinates": [ 135.146393345403681, 34.673397664775834 ] } },
{ "type": "Feature", "properties": { "内容": "あい愛ねっと【訪問介護】神戸市長田区長田天神町1丁目12-5", "url": "https://www.kaigokensaku.mhlw.go.jp/28/index.php?action_kouhyou_detail_004_kani=true&JigyosyoCd=2870601040-00&ServiceCd=110&Type=search", "url2": null }, "geometry": { "type": "Point", "coordinates": [ 135.147394486508091, 34.680549405680395 ] } },
{ "type": "Feature", "properties": { "内容": "小谷ケアステーション【訪問介護】神戸市長田区大橋町４丁目３－５サンシャイン新長田３０３号", "url": "https://www.kaigokensaku.mhlw.go.jp/28/index.php?action_kouhyou_detail_004_kani=true&JigyosyoCd=2870601149-00&ServiceCd=110&Type=search", "url2": "http://www.kotanicare.com/" }, "geometry": { "type": "Point", "coordinates": [ 135.146702109227391, 34.655459598513026 ] } },
{ "type": "Feature", "properties": { "内容": "介護ステーション　ふれんど【訪問介護】三番町４丁目市住31-005号", "url": "https://www.kaigokensaku.mhlw.go.jp/28/index.php?action_kouhyou_detail_004_kani=true&JigyosyoCd=2870601446-00&ServiceCd=110&Type=search", "url2": null }, "geometry": { "type": "Point", "coordinates": [ 135.153824644466596, 34.668592708056138 ] } },
{ "type": "Feature", "properties": { "内容": "たくと【訪問介護】兵庫県神戸市長田区大塚町６丁目１－１池内ビル　１F", "url": "https://www.kaigokensaku.mhlw.go.jp/28/index.php?action_kouhyou_detail_004_kani=true&JigyosyoCd=2870601610-00&ServiceCd=110&Type=search", "url2": "http://enpitsunoie.com" }, "geometry": { "type": "Point", "coordinates": [ 135.146982134918147, 34.673975601963434 ] } },
{ "type": "Feature", "properties": { "内容": "特定非営利活動法人　信親　かりん介護サービス【訪問介護】神戸市長田区御蔵通７丁目３６", "url": "https://www.kaigokensaku.mhlw.go.jp/28/index.php?action_kouhyou_detail_004_kani=true&JigyosyoCd=2870601628-00&ServiceCd=110&Type=search", "url2": "https://www.karin2018.com/" }, "geometry": { "type": "Point", "coordinates": [ 135.153123199999982, 34.663618199999981 ] } },
{ "type": "Feature", "properties": { "内容": "アミティー介護センター神戸西支店【訪問介護】兵庫県神戸市長田区大橋町5丁目3－1アスタプラザイースト126", "url": "https://www.kaigokensaku.mhlw.go.jp/28/index.php?action_kouhyou_detail_004_kani=true&JigyosyoCd=2870601693-00&ServiceCd=110&Type=search", "url2": "http://www.pinzo.co.jp" }, "geometry": { "type": "Point", "coordinates": [ 135.145695215374786, 34.655421972674809 ] } },
{ "type": "Feature", "properties": { "内容": "SOMPOケア神戸新長田訪問介護【訪問介護】神戸市長田区大橋町4-1-10そんぽの家S神戸新長田", "url": "https://www.kaigokensaku.mhlw.go.jp/28/index.php?action_kouhyou_detail_004_kani=true&JigyosyoCd=2870601842-00&ServiceCd=110&Type=search", "url2": "https://www.sompocare.com/" }, "geometry": { "type": "Point", "coordinates": [ 135.147040599999968, 34.6558689 ] } },
{ "type": "Feature", "properties": { "内容": "ハナ介護サービス【訪問介護】神戸市長田区若松町4-4-10アスタクエスタ北棟502", "url": "https://www.kaigokensaku.mhlw.go.jp/28/index.php?action_kouhyou_detail_004_kani=true&JigyosyoCd=2870601909-00&ServiceCd=110&Type=search", "url2": "Web.http://www.social-b.net/kfc" }, "geometry": { "type": "Point", "coordinates": [ 135.145905699999958, 34.6562189 ] } },
{ "type": "Feature", "properties": { "内容": "ニチイケアセンター長田【訪問介護】兵庫県神戸市長田区長田町1-3-1ｻﾝﾄﾞｰﾙ長田南館207", "url": "https://www.kaigokensaku.mhlw.go.jp/28/index.php?action_kouhyou_detail_004_kani=true&JigyosyoCd=2870602014-00&ServiceCd=110&Type=search", "url2": "http://www.nichiigakkan.co.jp" }, "geometry": { "type": "Point", "coordinates": [ 135.148960741030891, 34.669982082364264 ] } },
{ "type": "Feature", "properties": { "内容": "セイコー介護支援サービス【訪問介護】兵庫県神戸市長田区長田町1丁目3-1-221221　サンドール長田南館2Ｆ", "url": "https://www.kaigokensaku.mhlw.go.jp/28/index.php?action_kouhyou_detail_004_kani=true&JigyosyoCd=2870602147-00&ServiceCd=110&Type=search", "url2": null }, "geometry": { "type": "Point", "coordinates": [ 135.148959500000018, 34.6699815 ] } },
{ "type": "Feature", "properties": { "内容": "ニチイケアセンター新長田【訪問介護】兵庫県神戸市長田区大橋町2丁目1番15号", "url": "https://www.kaigokensaku.mhlw.go.jp/28/index.php?action_kouhyou_detail_004_kani=true&JigyosyoCd=2870602238-00&ServiceCd=110&Type=search", "url2": "http://www.nichiigakkan.co.jp" }, "geometry": { "type": "Point", "coordinates": [ 135.148132199999964, 34.6570383 ] } },
{ "type": "Feature", "properties": { "内容": "ケアサービス　キャンディ【訪問介護】神戸市長田区房王寺町3丁目6番地12グリーンコーポ夢野107号", "url": "https://www.kaigokensaku.mhlw.go.jp/28/index.php?action_kouhyou_detail_004_kani=true&JigyosyoCd=2870602352-00&ServiceCd=110&Type=search", "url2": null }, "geometry": { "type": "Point", "coordinates": [ 135.1503093, 34.678364100000024 ] } },
{ "type": "Feature", "properties": { "内容": "ケアステーション和み【訪問介護】神戸市長田区駒ヶ林町5－17－10シティライフ21長田１F", "url": "https://www.kaigokensaku.mhlw.go.jp/28/index.php?action_kouhyou_detail_004_kani=true&JigyosyoCd=2870602386-00&ServiceCd=110&Type=search", "url2": null }, "geometry": { "type": "Point", "coordinates": [ 135.148095799999965, 34.6663319 ] } },
{ "type": "Feature", "properties": { "内容": "あいぷらすケアセンターたかとり【訪問介護】兵庫県神戸市長田区海運町2-1-2", "url": "https://www.kaigokensaku.mhlw.go.jp/28/index.php?action_kouhyou_detail_004_kani=true&JigyosyoCd=2870602394-00&ServiceCd=110&Type=search", "url2": null }, "geometry": { "type": "Point", "coordinates": [ 135.1382221, 34.6523665 ] } },
{ "type": "Feature", "properties": { "内容": "神戸大山ヘルパーステーション【訪問介護】神戸市長田区三番町2-2-15", "url": "https://www.kaigokensaku.mhlw.go.jp/28/index.php?action_kouhyou_detail_004_kani=true&JigyosyoCd=2870602741-00&ServiceCd=110&Type=search", "url2": "http://seihoukai.com/yuko_helper/" }, "geometry": { "type": "Point", "coordinates": [ 135.156915076246122, 34.670061634236816 ] } },
{ "type": "Feature", "properties": { "内容": "ケア・ホワイト【訪問介護】兵庫県神戸市長田区日吉町2-1-2アスタピア新長田公園通り111", "url": "https://www.kaigokensaku.mhlw.go.jp/28/index.php?action_kouhyou_detail_004_kani=true&JigyosyoCd=2870602782-00&ServiceCd=110&Type=search", "url2": "https://www.carewhite.co" }, "geometry": { "type": "Point", "coordinates": [ 135.14232990000005, 34.655419 ] } },
{ "type": "Feature", "properties": { "内容": "ヘルパーステーションわたぼうし【訪問介護】神戸市長田区鹿松町3丁目1-10ルミエールしかまつ", "url": "https://www.kaigokensaku.mhlw.go.jp/28/index.php?action_kouhyou_detail_004_kani=true&JigyosyoCd=2870603004-00&ServiceCd=110&Type=search", "url2": null }, "geometry": { "type": "Point", "coordinates": [ 135.132880099999966, 34.6828746 ] } },
{ "type": "Feature", "properties": { "内容": "訪問介護事業所かなえ場【訪問介護】神戸市長田区庄田町3丁目４−８庄田町文化９号室", "url": "https://www.kaigokensaku.mhlw.go.jp/28/index.php?action_kouhyou_detail_004_kani=true&JigyosyoCd=2870603152-00&ServiceCd=110&Type=search", "url2": null }, "geometry": { "type": "Point", "coordinates": [ 135.150592558088533, 34.652997969923256 ] } },
{ "type": "Feature", "properties": { "内容": "愛和ケアサービス【訪問介護】兵庫県神戸市長田区神楽町4丁目6番10号102号", "url": "https://www.kaigokensaku.mhlw.go.jp/28/index.php?action_kouhyou_detail_004_kani=true&JigyosyoCd=2870603269-00&ServiceCd=110&Type=search", "url2": null }, "geometry": { "type": "Point", "coordinates": [ 135.147449182723136, 34.660551372213163 ] } },
{ "type": "Feature", "properties": { "内容": "ケアサービスプレシア【訪問介護】神戸市長田区六番町８丁目1-1", "url": "https://www.kaigokensaku.mhlw.go.jp/28/index.php?action_kouhyou_detail_004_kani=true&JigyosyoCd=2870603426-00&ServiceCd=110&Type=search", "url2": null }, "geometry": { "type": "Point", "coordinates": [ 135.1496789, 34.6686806 ] } },
{ "type": "Feature", "properties": { "内容": "トラストミー訪問介護サービス【訪問介護】兵庫県神戸市長田区片山町2-6-25", "url": "https://www.kaigokensaku.mhlw.go.jp/28/index.php?action_kouhyou_detail_004_kani=true&JigyosyoCd=2870603467-00&ServiceCd=110&Type=search", "url2": null }, "geometry": { "type": "Point", "coordinates": [ 135.1485917, 34.6731678 ] } },
{ "type": "Feature", "properties": { "内容": "神戸ケアステーションつむぐ【訪問介護】兵庫県神戸市長田区松野通４丁目６番４号", "url": "https://www.kaigokensaku.mhlw.go.jp/28/index.php?action_kouhyou_detail_004_kani=true&JigyosyoCd=2870603475-00&ServiceCd=110&Type=search", "url2": "http://hp.kaipoke.biz/mvr/" }, "geometry": { "type": "Point", "coordinates": [ 135.141129747221413, 34.657360720116486 ] } },
{ "type": "Feature", "properties": { "内容": "ヘルパーステーションあすか【訪問介護】兵庫県神戸市長田区林山町1-41", "url": "https://www.kaigokensaku.mhlw.go.jp/28/index.php?action_kouhyou_detail_004_kani=true&JigyosyoCd=2870603624-00&ServiceCd=110&Type=search", "url2": "https://www.hayashiyama.jp/asuka-helper" }, "geometry": { "type": "Point", "coordinates": [ 135.143923199999989, 34.6771299 ] } },
{ "type": "Feature", "properties": { "内容": "にっしんけあさーびすみくら【訪問介護】兵庫県神戸市長田区御蔵通5-205-1ソレアードみくら", "url": "https://www.kaigokensaku.mhlw.go.jp/28/index.php?action_kouhyou_detail_004_kani=true&JigyosyoCd=2870603723-00&ServiceCd=110&Type=search", "url2": "https://nisshin-care.co.jp/service/" }, "geometry": { "type": "Point", "coordinates": [ 135.1540858, 34.6644711 ] } },
{ "type": "Feature", "properties": { "内容": "キャメロット訪問介護ステーション【訪問介護】兵庫県神戸市長田区四番町2丁目1番地6サービス付き高齢者向け住宅", "url": "https://www.kaigokensaku.mhlw.go.jp/28/index.php?action_kouhyou_detail_004_kani=true&JigyosyoCd=2870603772-00&ServiceCd=110&Type=search", "url2": "http://www.k-nsa.co.jp/" }, "geometry": { "type": "Point", "coordinates": [ 135.1568591, 34.671893389179914 ] } },
{ "type": "Feature", "properties": { "内容": "mikyケアプラン【訪問介護】神戸市長田区西尻池町1-3-18-2F", "url": "https://www.kaigokensaku.mhlw.go.jp/28/index.php?action_kouhyou_detail_004_kani=true&JigyosyoCd=2870604002-00&ServiceCd=110&Type=search", "url2": null }, "geometry": { "type": "Point", "coordinates": [ 135.14918560000001, 34.658982900000034 ] } },
{ "type": "Feature", "properties": { "内容": "マザー【訪問介護】六番町２丁目６番地", "url": "https://www.kaigokensaku.mhlw.go.jp/28/index.php?action_kouhyou_detail_004_kani=true&JigyosyoCd=2870600539-00&ServiceCd=110&Type=search", "url2": null }, "geometry": { "type": "Point", "coordinates": [ 134.043119499999989, 34.3439724 ] } },
{ "type": "Feature", "properties": { "内容": "ケアステーション輝【訪問介護】神戸市長田区大丸町３丁目5-12ラムール長田１０１号", "url": "https://www.kaigokensaku.mhlw.go.jp/28/index.php?action_kouhyou_detail_004_kani=true&JigyosyoCd=2870603855-00&ServiceCd=110&Type=search", "url2": null }, "geometry": { "type": "Point", "coordinates": [ 135.1469472, 34.6788058 ] } },
{ "type": "Feature", "properties": { "内容": "ケアセンターニコニコホーム【訪問介護】二葉町2丁目6-6", "url": "https://www.kaigokensaku.mhlw.go.jp/28/index.php?action_kouhyou_detail_004_kani=true&JigyosyoCd=2870601974-00&ServiceCd=110&Type=search", "url2": null }, "geometry": { "type": "Point", "coordinates": [ 135.150332, 34.6546496 ] } },
{ "type": "Feature", "properties": { "内容": "特定非営利活動法人　神戸コアラ【訪問介護】神戸市長田区滝谷町1丁目6番長田ヒルズ713号長田ヒルズ713号", "url": "https://www.kaigokensaku.mhlw.go.jp/28/index.php?action_kouhyou_detail_004_kani=true&JigyosyoCd=2870602162-00&ServiceCd=110&Type=search", "url2": "npo.kobekoala@air.ocn.ne.jp" }, "geometry": { "type": "Point", "coordinates": [ 135.1489389, 34.685357300000014 ] } },
{ "type": "Feature", "properties": { "内容": "訪問介護ステーションさざなみ【訪問介護】兵庫県神戸市長田区大日丘町3丁目15番10号大日丘サービス付き高齢者向け住宅", "url": "https://www.kaigokensaku.mhlw.go.jp/28/index.php?action_kouhyou_detail_004_kani=true&JigyosyoCd=2870603137-00&ServiceCd=110&Type=search", "url2": "http://dainichigaoka-sakouju.com/" }, "geometry": { "type": "Point", "coordinates": [ 135.134103930059382, 34.688305443641006 ] } },
{ "type": "Feature", "properties": { "内容": "一般社団法人　ケーサポート【訪問介護】兵庫県神戸市長田区六番町４丁目1番地11－36－029", "url": "https://www.kaigokensaku.mhlw.go.jp/28/index.php?action_kouhyou_detail_004_kani=true&JigyosyoCd=2870603285-00&ServiceCd=110&Type=search", "url2": null }, "geometry": { "type": "Point", "coordinates": [ 135.153189600000019, 34.6712422 ] } },
{ "type": "Feature", "properties": { "内容": "株式会社　Sunny　Lab.【訪問介護】兵庫県神戸市長田区大塚町9-3-15マックコート402", "url": "https://www.kaigokensaku.mhlw.go.jp/28/index.php?action_kouhyou_detail_004_kani=true&JigyosyoCd=2870603376-00&ServiceCd=110&Type=search", "url2": null }, "geometry": { "type": "Point", "coordinates": [ 135.1460012, 34.67656 ] } },
{ "type": "Feature", "properties": { "内容": "訪問介護サンフラワー【訪問介護】兵庫県神戸市長田区西代通3丁目12-7", "url": "https://www.kaigokensaku.mhlw.go.jp/28/index.php?action_kouhyou_detail_004_kani=true&JigyosyoCd=2870603814-00&ServiceCd=110&Type=search", "url2": null }, "geometry": { "type": "Point", "coordinates": [ 135.138791199999986, 34.6601904 ] } },
{ "type": "Feature", "properties": { "内容": "ケアサービス飛鳥長田神社前【訪問介護】長田町3-2-2", "url": "https://www.kaigokensaku.mhlw.go.jp/28/index.php?action_kouhyou_detail_004_kani=true&JigyosyoCd=2870603848-00&ServiceCd=110&Type=search", "url2": null }, "geometry": { "type": "Point", "coordinates": [ 135.1478517, 34.6711532 ] } },
{ "type": "Feature", "properties": { "内容": "らくらく介護　ありがとう【訪問介護】神戸市長田区大塚町4-1-11アイビスナガタ201", "url": "https://www.kaigokensaku.mhlw.go.jp/28/index.php?action_kouhyou_detail_004_kani=true&JigyosyoCd=2870603889-00&ServiceCd=110&Type=search", "url2": null }, "geometry": { "type": "Point", "coordinates": [ 135.1477557, 34.672134 ] } },
{ "type": "Feature", "properties": { "内容": "ケアステーションつばさ【訪問介護】兵庫県神戸市長田区大橋町1-1-7田中ビル2F", "url": "https://www.kaigokensaku.mhlw.go.jp/28/index.php?action_kouhyou_detail_004_kani=true&JigyosyoCd=2870604051-00&ServiceCd=110&Type=search", "url2": "https://www.cloudnine9.co.jp/" }, "geometry": { "type": "Point", "coordinates": [ 135.1496424, 34.6574125 ] } },
{ "type": "Feature", "properties": { "内容": "ヘルパーステーション　おおぞら【訪問介護】神戸市長田区二葉町5-1-1111", "url": "https://www.kaigokensaku.mhlw.go.jp/28/index.php?action_kouhyou_detail_004_kani=true&JigyosyoCd=2870600281-00&ServiceCd=110&Type=search", "url2": "ozora4770@komadory.com" }, "geometry": { "type": "Point", "coordinates": [ 135.148248050787288, 34.652215093592105 ] } },
{ "type": "Feature", "properties": { "内容": "ヘルパー・カンパニー【訪問介護】二葉町2丁目６番地の６", "url": "https://www.kaigokensaku.mhlw.go.jp/28/index.php?action_kouhyou_detail_004_kani=true&JigyosyoCd=2870602477-00&ServiceCd=110&Type=search", "url2": "http://hanagoyomi-kk.com/company/i" }, "geometry": { "type": "Point", "coordinates": [ 135.1503348, 34.6546524 ] } },
{ "type": "Feature", "properties": { "内容": "訪問介護シエル【訪問介護】神戸市長田区松野通1-10-7徳原ビル5F", "url": "https://www.kaigokensaku.mhlw.go.jp/28/index.php?action_kouhyou_detail_004_kani=true&JigyosyoCd=2870603558-00&ServiceCd=110&Type=search", "url2": "ciel-3123.com" }, "geometry": { "type": "Point", "coordinates": [ 135.143126251589962, 34.65891891242822 ] } },
{ "type": "Feature", "properties": { "内容": "カレント訪問介護サービス【訪問介護】神戸市長田区御船通4-3", "url": "https://www.kaigokensaku.mhlw.go.jp/28/index.php?action_kouhyou_detail_004_kani=true&JigyosyoCd=2870603871-00&ServiceCd=110&Type=search", "url2": null }, "geometry": { "type": "Point", "coordinates": [ 135.1464555, 34.6656334 ] } },
{ "type": "Feature", "properties": { "内容": "ハート介護サービス長田【訪問介護】神戸市長田区御船通1-2-1ライトシャルム１階", "url": "https://www.kaigokensaku.mhlw.go.jp/28/index.php?action_kouhyou_detail_004_kani=true&JigyosyoCd=2870602212-00&ServiceCd=110&Type=search", "url2": "http://www.media-web.co.jp/heart" }, "geometry": { "type": "Point", "coordinates": [ 135.148727042327863, 34.666769082332458 ] } },
{ "type": "Feature", "properties": { "内容": "ヘルパーサービス　さざなみ【訪問介護】兵庫県神戸市長田区三番町１丁目１－２－２Ｆ", "url": "https://www.kaigokensaku.mhlw.go.jp/28/index.php?action_kouhyou_detail_004_kani=true&JigyosyoCd=2870602717-00&ServiceCd=110&Type=search", "url2": null }, "geometry": { "type": "Point", "coordinates": [ 135.157400400000029, 34.6707926 ] } },
{ "type": "Feature", "properties": { "内容": "安寿訪問介護事業所【訪問介護】西代通4丁目1-41階", "url": "https://www.kaigokensaku.mhlw.go.jp/28/index.php?action_kouhyou_detail_004_kani=true&JigyosyoCd=2870603434-00&ServiceCd=110&Type=search", "url2": "http://kaipoke.biz/r08" }, "geometry": { "type": "Point", "coordinates": [ 135.1392945, 34.6593581 ] } },
{ "type": "Feature", "properties": { "内容": "カリーナ神戸ホームヘルプステーション【訪問介護】御蔵通1-93ユニテンコーポⅡ303", "url": "https://www.kaigokensaku.mhlw.go.jp/28/index.php?action_kouhyou_detail_004_kani=true&JigyosyoCd=2870604028-00&ServiceCd=110&Type=search", "url2": null }, "geometry": { "type": "Point", "coordinates": [ 135.1575331, 34.6672271 ] } },
{ "type": "Feature", "properties": { "内容": "株式会社森のコアラ【訪問介護】五番町5丁目4-1", "url": "https://www.kaigokensaku.mhlw.go.jp/28/index.php?action_kouhyou_detail_004_kani=true&JigyosyoCd=2870603517-00&ServiceCd=110&Type=search", "url2": null }, "geometry": { "type": "Point", "coordinates": [ 135.1524977, 34.6695586 ] } },
{ "type": "Feature", "properties": { "内容": "KARURA【訪問介護】兵庫県神戸市長田区高取山町２丁目９番１７号ときわビューハイツ２０１号室", "url": "https://www.kaigokensaku.mhlw.go.jp/28/index.php?action_kouhyou_detail_004_kani=true&JigyosyoCd=2870603632-00&ServiceCd=110&Type=search", "url2": "karura-care.com" }, "geometry": { "type": "Point", "coordinates": [ 135.132742900000011, 34.6703458 ] } },
{ "type": "Feature", "properties": { "内容": "合同会社詩【訪問介護】兵庫県神戸市長田区若松町1-6-8ミスガハイツ若松町２０１", "url": "https://www.kaigokensaku.mhlw.go.jp/28/index.php?action_kouhyou_detail_004_kani=true&JigyosyoCd=2870604036-00&ServiceCd=110&Type=search", "url2": null }, "geometry": { "type": "Point", "coordinates": [ 135.148838399999988, 34.6587694 ] } },
{ "type": "Feature", "properties": { "内容": "ケアサポート【訪問介護】兵庫県神戸市須磨区妙法寺字円満林22-2-501", "url": "https://www.kaigokensaku.mhlw.go.jp/28/index.php?action_kouhyou_detail_004_kani=true&JigyosyoCd=2870702913-00&ServiceCd=110&Type=search", "url2": null }, "geometry": { "type": "Point", "coordinates": [ 135.119935700000013, 34.6730555 ] } },
{ "type": "Feature", "properties": { "内容": "Familiar【訪問介護】一ノ谷町4-2-18", "url": "https://www.kaigokensaku.mhlw.go.jp/28/index.php?action_kouhyou_detail_004_kani=true&JigyosyoCd=2870703465-00&ServiceCd=110&Type=search", "url2": "http://hp.kaipoke.biz/y8g/" }, "geometry": { "type": "Point", "coordinates": [ 135.100478326591059, 34.639149035864925 ] } },
{ "type": "Feature", "properties": { "内容": "ケアサービスおれんじぺこ【訪問介護】北落合1-1-4白川コーポレーションビル304", "url": "https://www.kaigokensaku.mhlw.go.jp/28/index.php?action_kouhyou_detail_004_kani=true&JigyosyoCd=2870703424-00&ServiceCd=110&Type=search", "url2": null }, "geometry": { "type": "Point", "coordinates": [ 135.0921817, 34.6888721 ] } },
{ "type": "Feature", "properties": { "内容": "ステーションしんじゅ【訪問介護】離宮前町1丁目1-29", "url": "https://www.kaigokensaku.mhlw.go.jp/28/index.php?action_kouhyou_detail_004_kani=true&JigyosyoCd=2870702277-00&ServiceCd=110&Type=search", "url2": "http://www.shinjyu.or.jp" }, "geometry": { "type": "Point", "coordinates": [ 135.1205663, 34.6492303 ] } },
{ "type": "Feature", "properties": { "内容": "パナソニックエイジフリーケアセンター神戸・訪問介護【訪問介護】神戸市須磨区南町3丁目3-20ハイツシー＆シー2階", "url": "https://www.kaigokensaku.mhlw.go.jp/28/index.php?action_kouhyou_detail_004_kani=true&JigyosyoCd=2870701865-00&ServiceCd=110&Type=search", "url2": null }, "geometry": { "type": "Point", "coordinates": [ 135.124220287558046, 34.649693590223841 ] } },
{ "type": "Feature", "properties": { "内容": "ケアステーション　まもる【訪問介護】神戸市須磨区白川台５丁目7-4-603", "url": "https://www.kaigokensaku.mhlw.go.jp/28/index.php?action_kouhyou_detail_004_kani=true&JigyosyoCd=2870701998-00&ServiceCd=110&Type=search", "url2": null }, "geometry": { "type": "Point", "coordinates": [ 135.097163125900295, 34.694169094175997 ] } },
{ "type": "Feature", "properties": { "内容": "楽ちん訪問介護ステーション【訪問介護】兵庫県神戸市須磨区大田町2丁目1-13ソフィア板宿2階201", "url": "https://www.kaigokensaku.mhlw.go.jp/28/index.php?action_kouhyou_detail_004_kani=true&JigyosyoCd=2870702541-00&ServiceCd=110&Type=search", "url2": null }, "geometry": { "type": "Point", "coordinates": [ 135.137060853280872, 34.658374870897411 ] } },
{ "type": "Feature", "properties": { "内容": "ヘルパーステーション　チェリーベル【訪問介護】兵庫県神戸市須磨区白川台２２－３２", "url": "https://www.kaigokensaku.mhlw.go.jp/28/index.php?action_kouhyou_detail_004_kani=true&JigyosyoCd=2870703705-00&ServiceCd=110&Type=search", "url2": "http://www.cherrybell-kobe.com/" }, "geometry": { "type": "Point", "coordinates": [ 135.0991903, 34.692141 ] } },
{ "type": "Feature", "properties": { "内容": "ミキティ訪問介護事業所【訪問介護】神戸市須磨区寺田町2丁目5-5サンシャイン板宿104号", "url": "https://www.kaigokensaku.mhlw.go.jp/28/index.php?action_kouhyou_detail_004_kani=true&JigyosyoCd=2870701980-00&ServiceCd=110&Type=search", "url2": null }, "geometry": { "type": "Point", "coordinates": [ 135.137419754561591, 34.657103077731719 ] } },
{ "type": "Feature", "properties": { "内容": "ケアステーション絆【訪問介護】兵庫県神戸市須磨区字不計５番地1-301", "url": "https://www.kaigokensaku.mhlw.go.jp/28/index.php?action_kouhyou_detail_004_kani=true&JigyosyoCd=2870702293-00&ServiceCd=110&Type=search", "url2": null }, "geometry": { "type": "Point", "coordinates": [ 135.095772399999987, 34.696506 ] } },
{ "type": "Feature", "properties": { "内容": "訪問介護あいびー神戸事業所【訪問介護】北町３丁目４−１５", "url": "https://www.kaigokensaku.mhlw.go.jp/28/index.php?action_kouhyou_detail_004_kani=true&JigyosyoCd=2870703770-00&ServiceCd=110&Type=search", "url2": "https://ivy-care.co.jp/" }, "geometry": { "type": "Point", "coordinates": [ 139.6550537, 35.7672466 ] } },
{ "type": "Feature", "properties": { "内容": "介護ステーション　たすけあい【訪問介護】北落合2丁目7-3", "url": "https://www.kaigokensaku.mhlw.go.jp/28/index.php?action_kouhyou_detail_004_kani=true&JigyosyoCd=2870703069-00&ServiceCd=110&Type=search", "url2": null }, "geometry": { "type": "Point", "coordinates": [ 135.093841092308367, 34.685678672586697 ] } },
{ "type": "Feature", "properties": { "内容": "福祉ネットワーク西須磨だんらん【訪問介護】兵庫県神戸市須磨区南町１丁目３４番地稲葉プラザ2階", "url": "https://www.kaigokensaku.mhlw.go.jp/28/index.php?action_kouhyou_detail_004_kani=true&JigyosyoCd=2870703648-00&ServiceCd=110&Type=search", "url2": "https://danran.cloudfree.jp/" }, "geometry": { "type": "Point", "coordinates": [ 135.126686329499819, 34.649903322409017 ] } },
{ "type": "Feature", "properties": { "内容": "ライフパートナー【訪問介護】兵庫県神戸市須磨区平田町１丁目３番１号", "url": "https://www.kaigokensaku.mhlw.go.jp/28/index.php?action_kouhyou_detail_004_kani=true&JigyosyoCd=2870700701-00&ServiceCd=110&Type=search", "url2": "http://www.life-pt.com" }, "geometry": { "type": "Point", "coordinates": [ 135.135400173680182, 34.66110665335092 ] } },
{ "type": "Feature", "properties": { "内容": "スミリンケアライフ株式会社　名谷ステーション【訪問介護】兵庫県神戸市須磨区友が丘7丁目３-５ドムールコスモス友が丘201", "url": "https://www.kaigokensaku.mhlw.go.jp/28/index.php?action_kouhyou_detail_004_kani=true&JigyosyoCd=2870700917-00&ServiceCd=110&Type=search", "url2": "https://www.s-carelife.co.jp" }, "geometry": { "type": "Point", "coordinates": [ 135.101638, 34.671083099999983 ] } },
{ "type": "Feature", "properties": { "内容": "ヘルパーステーションおおぞら須磨【訪問介護】神戸市須磨区飛松町3-5-11", "url": "https://www.kaigokensaku.mhlw.go.jp/28/index.php?action_kouhyou_detail_004_kani=true&JigyosyoCd=2870701188-00&ServiceCd=110&Type=search", "url2": "http://komadory.com/" }, "geometry": { "type": "Point", "coordinates": [ 135.132844500000033, 34.661049 ] } },
{ "type": "Feature", "properties": { "内容": "有限会社　花鳳　ヘルパーステーション　ウィング【訪問介護】神戸市須磨区妙法寺字谷野144-1", "url": "https://www.kaigokensaku.mhlw.go.jp/28/index.php?action_kouhyou_detail_004_kani=true&JigyosyoCd=2870701196-00&ServiceCd=110&Type=search", "url2": null }, "geometry": { "type": "Point", "coordinates": [ 135.11333297638248, 34.675138828277774 ] } },
{ "type": "Feature", "properties": { "内容": "ニチイケアセンター須磨【訪問介護】兵庫県神戸市須磨区千歳町4-1-12SKビル1F", "url": "https://www.kaigokensaku.mhlw.go.jp/28/index.php?action_kouhyou_detail_004_kani=true&JigyosyoCd=2870701246-00&ServiceCd=110&Type=search", "url2": "http://www.nichiigakkan.co.jp" }, "geometry": { "type": "Point", "coordinates": [ 135.13714989999994, 34.6540913 ] } },
{ "type": "Feature", "properties": { "内容": "訪問介護事業所すこやか友が丘【訪問介護】神戸市須磨区友が丘3丁目１２６介護保険老人福祉施設　友が丘YUAI", "url": "https://www.kaigokensaku.mhlw.go.jp/28/index.php?action_kouhyou_detail_004_kani=true&JigyosyoCd=2870701535-00&ServiceCd=110&Type=search", "url2": "http://www.kitasumahoiku-center.or.jp" }, "geometry": { "type": "Point", "coordinates": [ 135.096480883914182, 34.665689517492645 ] } },
{ "type": "Feature", "properties": { "内容": "ヘルパーステーションおおぞら白川台【訪問介護】神戸市須磨区白川台３丁目63-1白川台会館", "url": "https://www.kaigokensaku.mhlw.go.jp/28/index.php?action_kouhyou_detail_004_kani=true&JigyosyoCd=2870701741-00&ServiceCd=110&Type=search", "url2": "http://komadory.com" }, "geometry": { "type": "Point", "coordinates": [ 135.100424699999962, 34.6899983 ] } },
{ "type": "Feature", "properties": { "内容": "セントケア須磨【訪問介護】神戸市須磨区菅の台６丁目25　土池サブセンター内", "url": "https://www.kaigokensaku.mhlw.go.jp/28/index.php?action_kouhyou_detail_004_kani=true&JigyosyoCd=2870701824-00&ServiceCd=110&Type=search", "url2": "http://www.saint-care.com/" }, "geometry": { "type": "Point", "coordinates": [ 135.082365500000037, 34.668078 ] } },
{ "type": "Feature", "properties": { "内容": "すまいる厚生会　神戸西事業所【訪問介護】神戸市須磨区南落合３丁目４－２７", "url": "https://www.kaigokensaku.mhlw.go.jp/28/index.php?action_kouhyou_detail_004_kani=true&JigyosyoCd=2870701840-00&ServiceCd=110&Type=search", "url2": "https://www.smile-kouseikai.com/index.html" }, "geometry": { "type": "Point", "coordinates": [ 135.101638699999967, 34.67528870000001 ] } },
{ "type": "Feature", "properties": { "内容": "ハートフルケア訪問介護ステーション【訪問介護】白川台3丁目67番16", "url": "https://www.kaigokensaku.mhlw.go.jp/28/index.php?action_kouhyou_detail_004_kani=true&JigyosyoCd=2870701857-00&ServiceCd=110&Type=search", "url2": "http://www.hfc-kobe.jp" }, "geometry": { "type": "Point", "coordinates": [ 135.101757901032983, 34.690686805687569 ] } },
{ "type": "Feature", "properties": { "内容": "株式会社サークルライフ【訪問介護】多井畑東町4-1ﾋﾟｱ東町102", "url": "https://www.kaigokensaku.mhlw.go.jp/28/index.php?action_kouhyou_detail_004_kani=true&JigyosyoCd=2870701873-00&ServiceCd=110&Type=search", "url2": null }, "geometry": { "type": "Point", "coordinates": [ 135.102932399999986, 34.6666426 ] } },
{ "type": "Feature", "properties": { "内容": "訪問介護ステーション　スマイルキャンディ【訪問介護】月見山本町1丁目５－３４", "url": "https://www.kaigokensaku.mhlw.go.jp/28/index.php?action_kouhyou_detail_004_kani=true&JigyosyoCd=2870701881-00&ServiceCd=110&Type=search", "url2": "hasegawa-daycare.jim.dofree.com/" }, "geometry": { "type": "Point", "coordinates": [ 135.123320700000022, 34.6491529 ] } },
{ "type": "Feature", "properties": { "内容": "ｃｏｍｐｌｅｔｅ【訪問介護】神戸市須磨区白川台6-12-18", "url": "https://www.kaigokensaku.mhlw.go.jp/28/index.php?action_kouhyou_detail_004_kani=true&JigyosyoCd=2870701915-00&ServiceCd=110&Type=search", "url2": null }, "geometry": { "type": "Point", "coordinates": [ 135.101187919852975, 34.69398612605351 ] } },
{ "type": "Feature", "properties": { "内容": "神戸介護支援会スマイル・ライフ　須磨ステーション【訪問介護】神戸市須磨区多井畑南町27-6ステラ高月101", "url": "https://www.kaigokensaku.mhlw.go.jp/28/index.php?action_kouhyou_detail_004_kani=true&JigyosyoCd=2870701956-00&ServiceCd=110&Type=search", "url2": "http://www.smilelife2000.com/" }, "geometry": { "type": "Point", "coordinates": [ 135.095097352630404, 34.655464995930942 ] } },
{ "type": "Feature", "properties": { "内容": "ニチイケアセンター　板宿【訪問介護】兵庫県神戸市須磨区大黒町3-4-11小角ビル201号", "url": "https://www.kaigokensaku.mhlw.go.jp/28/index.php?action_kouhyou_detail_004_kani=true&JigyosyoCd=2870701964-00&ServiceCd=110&Type=search", "url2": null }, "geometry": { "type": "Point", "coordinates": [ 135.134502600000019, 34.6594848 ] } },
{ "type": "Feature", "properties": { "内容": "名谷愛の園ホームヘルプステーション【訪問介護】神戸市須磨区北落合1丁目4番36号白川コーポ214", "url": "https://www.kaigokensaku.mhlw.go.jp/28/index.php?action_kouhyou_detail_004_kani=true&JigyosyoCd=2870702004-00&ServiceCd=110&Type=search", "url2": "http://www.ainosono.jp" }, "geometry": { "type": "Point", "coordinates": [ 135.094612349212667, 34.685268011194331 ] } },
{ "type": "Feature", "properties": { "内容": "ケア２１すま【訪問介護】兵庫県神戸市須磨区月見山本町1-5-13西光ビル1階", "url": "https://www.kaigokensaku.mhlw.go.jp/28/index.php?action_kouhyou_detail_004_kani=true&JigyosyoCd=2870702236-00&ServiceCd=110&Type=search", "url2": null }, "geometry": { "type": "Point", "coordinates": [ 135.122831899999937, 34.64846679999998 ] } },
{ "type": "Feature", "properties": { "内容": "株式会社　たから介護サービス【訪問介護】白川台1丁目33－8", "url": "https://www.kaigokensaku.mhlw.go.jp/28/index.php?action_kouhyou_detail_004_kani=true&JigyosyoCd=2870702335-00&ServiceCd=110&Type=search", "url2": null }, "geometry": { "type": "Point", "coordinates": [ 135.095941900000071, 34.6905871 ] } },
{ "type": "Feature", "properties": { "内容": "KOBE須磨きらくえんヘルパーステーション【訪問介護】妙法寺字菅ノ池3-1", "url": "https://www.kaigokensaku.mhlw.go.jp/28/index.php?action_kouhyou_detail_004_kani=true&JigyosyoCd=2870702582-00&ServiceCd=110&Type=search", "url2": "http://www.kirakuen.or.jp/" }, "geometry": { "type": "Point", "coordinates": [ 135.10946509618077, 34.681355916098617 ] } },
{ "type": "Feature", "properties": { "内容": "ヘルパーステーションふれあい【訪問介護】友が丘7丁目1-14-102", "url": "https://www.kaigokensaku.mhlw.go.jp/28/index.php?action_kouhyou_detail_004_kani=true&JigyosyoCd=2870702962-00&ServiceCd=110&Type=search", "url2": null }, "geometry": { "type": "Point", "coordinates": [ 135.101889078573578, 34.670410826387517 ] } },
{ "type": "Feature", "properties": { "内容": "ケアーマイスターズ【訪問介護】兵庫県神戸市須磨区妙法寺字牛ノ子999番地39号", "url": "https://www.kaigokensaku.mhlw.go.jp/28/index.php?action_kouhyou_detail_004_kani=true&JigyosyoCd=2870703085-00&ServiceCd=110&Type=search", "url2": null }, "geometry": { "type": "Point", "coordinates": [ 135.121412078631693, 34.677153373915367 ] } },
{ "type": "Feature", "properties": { "内容": "さんよう名谷ヘルパーステーション【訪問介護】兵庫県神戸市須磨区西落合2丁目2-9", "url": "https://www.kaigokensaku.mhlw.go.jp/28/index.php?action_kouhyou_detail_004_kani=true&JigyosyoCd=2870703127-00&ServiceCd=110&Type=search", "url2": "https://sanyo-kaigo.net/" }, "geometry": { "type": "Point", "coordinates": [ 135.084732300000042, 34.678907 ] } },
{ "type": "Feature", "properties": { "内容": "アスターステーション　リハ・リハ【訪問介護】飛松町2丁目5-17リハリビング神戸須磨", "url": "https://www.kaigokensaku.mhlw.go.jp/28/index.php?action_kouhyou_detail_004_kani=true&JigyosyoCd=2870703390-00&ServiceCd=110&Type=search", "url2": "https://www.reha-reha.jp/office/visit_care/aster.html" }, "geometry": { "type": "Point", "coordinates": [ 135.133967600000034, 34.661695200000011 ] } },
{ "type": "Feature", "properties": { "内容": "訪問介護事業所はるか【訪問介護】衣掛町５丁目１番１７号", "url": "https://www.kaigokensaku.mhlw.go.jp/28/index.php?action_kouhyou_detail_004_kani=true&JigyosyoCd=2870703606-00&ServiceCd=110&Type=search", "url2": null }, "geometry": { "type": "Point", "coordinates": [ 135.128605599999986, 34.645206 ] } },
{ "type": "Feature", "properties": { "内容": "優＆楽介護カンパニー【訪問介護】兵庫県神戸市須磨区菅の台1-3-62", "url": "https://www.kaigokensaku.mhlw.go.jp/28/index.php?action_kouhyou_detail_004_kani=true&JigyosyoCd=2870702970-00&ServiceCd=110&Type=search", "url2": null }, "geometry": { "type": "Point", "coordinates": [ 135.082628500000027, 34.6742726 ] } },
{ "type": "Feature", "properties": { "内容": "有限会社コスモサービス【訪問介護】神戸市須磨区妙法寺字地子田１０３５－２", "url": "https://www.kaigokensaku.mhlw.go.jp/28/index.php?action_kouhyou_detail_004_kani=true&JigyosyoCd=2870700479-00&ServiceCd=110&Type=search", "url2": "http://suma-cosmo.com" }, "geometry": { "type": "Point", "coordinates": [ 135.121478300000035, 34.6798803 ] } },
{ "type": "Feature", "properties": { "内容": "ニチイケアセンター妙法寺【訪問介護】兵庫県神戸市須磨区横尾1-8リファーレ横尾業務棟2階", "url": "https://www.kaigokensaku.mhlw.go.jp/28/index.php?action_kouhyou_detail_004_kani=true&JigyosyoCd=2870702129-00&ServiceCd=110&Type=search", "url2": "http://www.nichiigakkan.co.jp" }, "geometry": { "type": "Point", "coordinates": [ 135.108913, 34.6744029 ] } },
{ "type": "Feature", "properties": { "内容": "リンク訪問介護サービス【訪問介護】神戸市須磨区白川台3丁目61-2アニモン白川401号", "url": "https://www.kaigokensaku.mhlw.go.jp/28/index.php?action_kouhyou_detail_004_kani=true&JigyosyoCd=2870703036-00&ServiceCd=110&Type=search", "url2": null }, "geometry": { "type": "Point", "coordinates": [ 135.0996519, 34.6887138 ] } },
{ "type": "Feature", "properties": { "内容": "サポートはな【訪問介護】神戸市須磨区高倉台4丁目2-5　近隣センターB棟10番", "url": "https://www.kaigokensaku.mhlw.go.jp/28/index.php?action_kouhyou_detail_004_kani=true&JigyosyoCd=2870701477-00&ServiceCd=110&Type=search", "url2": "hanahana-kaigo@triton.ocn.ne.jp" }, "geometry": { "type": "Point", "coordinates": [ 135.097809, 34.6527133 ] } },
{ "type": "Feature", "properties": { "内容": "ケアステーション歌音【訪問介護】兵庫県神戸市須磨区多井畑東町18番地4シャトレイ奥須磨101", "url": "https://www.kaigokensaku.mhlw.go.jp/28/index.php?action_kouhyou_detail_004_kani=true&JigyosyoCd=2870703358-00&ServiceCd=110&Type=search", "url2": null }, "geometry": { "type": "Point", "coordinates": [ 135.0997745, 34.6652916 ] } },
{ "type": "Feature", "properties": { "内容": "ヘルパーステーション暖の日【訪問介護】兵庫県神戸市須磨区白川台2丁目59-2本郷ビル302", "url": "https://www.kaigokensaku.mhlw.go.jp/28/index.php?action_kouhyou_detail_004_kani=true&JigyosyoCd=2870703432-00&ServiceCd=110&Type=search", "url2": "https://harunohi.blue" }, "geometry": { "type": "Point", "coordinates": [ 135.099156599999986, 34.6884846 ] } },
{ "type": "Feature", "properties": { "内容": "ヘルパーステーション　フレンドシップ【訪問介護】兵庫県神戸市須磨区白川台2丁目59-4落合橋ビル103", "url": "https://www.kaigokensaku.mhlw.go.jp/28/index.php?action_kouhyou_detail_004_kani=true&JigyosyoCd=2870703044-00&ServiceCd=110&Type=search", "url2": null }, "geometry": { "type": "Point", "coordinates": [ 135.09921380000003, 34.6887068 ] } },
{ "type": "Feature", "properties": { "内容": "レオ・ケアステーション神戸【訪問介護】兵庫県神戸市須磨区桜の杜1丁目6-1ぬくもりの家　須磨妙法寺", "url": "https://www.kaigokensaku.mhlw.go.jp/28/index.php?action_kouhyou_detail_004_kani=true&JigyosyoCd=2870703093-00&ServiceCd=110&Type=search", "url2": "http://leo-good.com/" }, "geometry": { "type": "Point", "coordinates": [ 135.11549245595856, 34.677730371820722 ] } },
{ "type": "Feature", "properties": { "内容": "トライアングル訪問介護サービスセンター【訪問介護】平田町5丁目12番12号", "url": "https://www.kaigokensaku.mhlw.go.jp/28/index.php?action_kouhyou_detail_004_kani=true&JigyosyoCd=2870703275-00&ServiceCd=110&Type=search", "url2": null }, "geometry": { "type": "Point", "coordinates": [ 135.131550800000014, 34.6589452 ] } },
{ "type": "Feature", "properties": { "内容": "ヘルパーステーションなないろ【訪問介護】兵庫県神戸市須磨区大黒町２丁目２番－２４元原コーポ２０３", "url": "https://www.kaigokensaku.mhlw.go.jp/28/index.php?action_kouhyou_detail_004_kani=true&JigyosyoCd=2870703507-00&ServiceCd=110&Type=search", "url2": null }, "geometry": { "type": "Point", "coordinates": [ 135.135097671163948, 34.660000693772417 ] } },
{ "type": "Feature", "properties": { "内容": "ハート介護サービス須磨【訪問介護】神戸市須磨区前池町２－１－１２　ゼフィール板宿１０２", "url": "https://www.kaigokensaku.mhlw.go.jp/28/index.php?action_kouhyou_detail_004_kani=true&JigyosyoCd=2870700727-00&ServiceCd=110&Type=search", "url2": "http://www.media-web.co.jp/heart/" }, "geometry": { "type": "Point", "coordinates": [ 135.133647, 34.6621262 ] } },
{ "type": "Feature", "properties": { "内容": "ハート介護サービス妙法寺【訪問介護】兵庫県神戸市須磨区妙法寺乗越218-3サンマリン妙法寺１階", "url": "https://www.kaigokensaku.mhlw.go.jp/28/index.php?action_kouhyou_detail_004_kani=true&JigyosyoCd=2870703440-00&ServiceCd=110&Type=search", "url2": "https://www.heartkaigo.jp" }, "geometry": { "type": "Point", "coordinates": [ 135.112705656448753, 34.677148265870429 ] } },
{ "type": "Feature", "properties": { "内容": "訪問介護ステーションナービス須磨【訪問介護】神戸市須磨区東落合2-3-23　ベルフォーレ1-102", "url": "https://www.kaigokensaku.mhlw.go.jp/28/index.php?action_kouhyou_detail_004_kani=true&JigyosyoCd=2870703747-00&ServiceCd=110&Type=search", "url2": null }, "geometry": { "type": "Point", "coordinates": [ 135.1028872, 34.6817357 ] } },
{ "type": "Feature", "properties": { "内容": "ケアステーションきらら板宿【訪問介護】寺田町1－1－16フェニックスビル2階", "url": "https://www.kaigokensaku.mhlw.go.jp/28/index.php?action_kouhyou_detail_004_kani=true&JigyosyoCd=2870703812-00&ServiceCd=110&Type=search", "url2": "https://www.starts-care.jp/" }, "geometry": { "type": "Point", "coordinates": [ 135.5226816, 34.6530609 ] } },
{ "type": "Feature", "properties": { "内容": "ケアスペース　ひだまり【訪問介護】神戸市須磨区磯馴町３丁目2-13　コーポラス栄里１階", "url": "https://www.kaigokensaku.mhlw.go.jp/28/index.php?action_kouhyou_detail_004_kani=true&JigyosyoCd=2870701485-00&ServiceCd=110&Type=search", "url2": null }, "geometry": { "type": "Point", "coordinates": [ 135.128505200000063, 34.647141 ] } },
{ "type": "Feature", "properties": { "内容": "神港園ホームヘルプ白川【訪問介護】神戸市須磨区白川台１丁目３５-３", "url": "https://www.kaigokensaku.mhlw.go.jp/28/index.php?action_kouhyou_detail_004_kani=true&JigyosyoCd=2870700339-00&ServiceCd=110&Type=search", "url2": "http://www.sunnylife@kobe.emeil.ne.jp" }, "geometry": { "type": "Point", "coordinates": [ 135.095244699999967, 34.6896094 ] } },
{ "type": "Feature", "properties": { "内容": "あいケアセンター神戸【訪問介護】兵庫県神戸市須磨区大黒町３丁目１－４ハイツ板宿１F", "url": "https://www.kaigokensaku.mhlw.go.jp/28/index.php?action_kouhyou_detail_004_kani=true&JigyosyoCd=2870701618-00&ServiceCd=110&Type=search", "url2": "http://www.lives-ltd.jp" }, "geometry": { "type": "Point", "coordinates": [ 135.134711876057366, 34.659042112419606 ] } },
{ "type": "Feature", "properties": { "内容": "ヘルパーステーション　さくらんぼ【訪問介護】兵庫県神戸市垂水区青山台7丁目1-1パームスクエア408", "url": "https://www.kaigokensaku.mhlw.go.jp/28/index.php?action_kouhyou_detail_004_kani=true&JigyosyoCd=2870803893-00&ServiceCd=110&Type=search", "url2": null }, "geometry": { "type": "Point", "coordinates": [ 135.071526799999987, 34.6448527 ] } },
{ "type": "Feature", "properties": { "内容": "こもれびヘルパーステーション【訪問介護】兵庫県神戸市垂水区塩屋町６丁目１６番９号", "url": "https://www.kaigokensaku.mhlw.go.jp/28/index.php?action_kouhyou_detail_004_kani=true&JigyosyoCd=2870804784-00&ServiceCd=110&Type=search", "url2": null }, "geometry": { "type": "Point", "coordinates": [ 135.0722573, 34.6326467 ] } },
{ "type": "Feature", "properties": { "内容": "ケアサービス　かざみどり【訪問介護】神戸市垂水区歌敷山3丁目1-40-2階", "url": "https://www.kaigokensaku.mhlw.go.jp/28/index.php?action_kouhyou_detail_004_kani=true&JigyosyoCd=2870801491-00&ServiceCd=110&Type=search", "url2": null }, "geometry": { "type": "Point", "coordinates": [ 135.042899034670967, 34.636782882423248 ] } },
{ "type": "Feature", "properties": { "内容": "マリーゴールドケアサービス【訪問介護】兵庫県神戸市垂水区高丸４丁目８−２１", "url": "https://www.kaigokensaku.mhlw.go.jp/28/index.php?action_kouhyou_detail_004_kani=true&JigyosyoCd=2870802937-00&ServiceCd=110&Type=search", "url2": "http://geppi.xsrv.jp" }, "geometry": { "type": "Point", "coordinates": [ 135.059971692065432, 34.641284617109939 ] } },
{ "type": "Feature", "properties": { "内容": "ゆう・たるみ【訪問介護】兵庫県神戸市垂水区本多聞2丁目24-15", "url": "https://www.kaigokensaku.mhlw.go.jp/28/index.php?action_kouhyou_detail_004_kani=true&JigyosyoCd=2870804040-00&ServiceCd=110&Type=search", "url2": "http://www.u-no-enishi.com" }, "geometry": { "type": "Point", "coordinates": [ 135.0491399, 34.6617542 ] } },
{ "type": "Feature", "properties": { "内容": "すみれ訪問介護ステーション【訪問介護】神戸市垂水区字湯屋谷２２４５－１", "url": "https://www.kaigokensaku.mhlw.go.jp/28/index.php?action_kouhyou_detail_004_kani=true&JigyosyoCd=2870802234-00&ServiceCd=110&Type=search", "url2": "http://www.sumirekaigo.com/" }, "geometry": { "type": "Point", "coordinates": [ 135.0738382644181, 34.668308619801444 ] } },
{ "type": "Feature", "properties": { "内容": "ファイン訪問介護事業所【訪問介護】神戸市垂水区塩屋町３丁目１０－１３", "url": "https://www.kaigokensaku.mhlw.go.jp/28/index.php?action_kouhyou_detail_004_kani=true&JigyosyoCd=2870804123-00&ServiceCd=110&Type=search", "url2": null }, "geometry": { "type": "Point", "coordinates": [ 135.0825921, 34.6351271 ] } },
{ "type": "Feature", "properties": { "内容": "特定非営利活動法人福祉ネット星が丘　星が丘ホーム【訪問介護】兵庫県神戸市垂水区星が丘3-2-23", "url": "https://www.kaigokensaku.mhlw.go.jp/28/index.php?action_kouhyou_detail_004_kani=true&JigyosyoCd=2870800626-00&ServiceCd=110&Type=search", "url2": "hoshigaoka.exblog.jp" }, "geometry": { "type": "Point", "coordinates": [ 135.0488573, 34.6411394 ] } },
{ "type": "Feature", "properties": { "内容": "スミリンケアライフ株式会社　垂水ステーション【訪問介護】兵庫県神戸市垂水区五色山1丁目4番5号リヴァージュ垂水五色山1階Ａ号室", "url": "https://www.kaigokensaku.mhlw.go.jp/28/index.php?action_kouhyou_detail_004_kani=true&JigyosyoCd=2870800022-00&ServiceCd=110&Type=search", "url2": "https://www.s-carelife.co.jp" }, "geometry": { "type": "Point", "coordinates": [ 135.050816400000031, 34.6306016 ] } },
{ "type": "Feature", "properties": { "内容": "ニチイケアセンター舞子【訪問介護】兵庫県神戸市垂水区西舞子2－14－23プリオール舞子１Ｆ", "url": "https://www.kaigokensaku.mhlw.go.jp/28/index.php?action_kouhyou_detail_004_kani=true&JigyosyoCd=2870800212-00&ServiceCd=110&Type=search", "url2": "http://www.nichiigakkan.co.jp" }, "geometry": { "type": "Point", "coordinates": [ 135.0309375, 34.6426098 ] } },
{ "type": "Feature", "properties": { "内容": "ケアサービス泉が丘【訪問介護】神戸市垂水区泉が丘4丁目1番36号", "url": "https://www.kaigokensaku.mhlw.go.jp/28/index.php?action_kouhyou_detail_004_kani=true&JigyosyoCd=2870800519-00&ServiceCd=110&Type=search", "url2": "http://www.su-zu.co.jp" }, "geometry": { "type": "Point", "coordinates": [ 135.067315099999973, 34.6324988 ] } },
{ "type": "Feature", "properties": { "内容": "ニッシンケアサービス　神戸西事業所【訪問介護】神戸市垂水区野田通９－１０ソレアード垂水", "url": "https://www.kaigokensaku.mhlw.go.jp/28/index.php?action_kouhyou_detail_004_kani=true&JigyosyoCd=2870800634-00&ServiceCd=110&Type=search", "url2": "infon@nissin-care.co.jp" }, "geometry": { "type": "Point", "coordinates": [ 135.05813608913266, 34.636199158960402 ] } },
{ "type": "Feature", "properties": { "内容": "ケアーライフたるみ【訪問介護】神戸市垂水区多聞台２丁目１６－２多聞大一ビル１０１", "url": "https://www.kaigokensaku.mhlw.go.jp/28/index.php?action_kouhyou_detail_004_kani=true&JigyosyoCd=2870800642-00&ServiceCd=110&Type=search", "url2": "partner-you.pupu.jp" }, "geometry": { "type": "Point", "coordinates": [ 135.04434541719661, 34.659193950040326 ] } },
{ "type": "Feature", "properties": { "内容": "特定非営利活動法人　神戸ライフ・ケアー協会西部事務所【訪問介護】兵庫県神戸市垂水区陸ノ町１０－１２モンテメール垂水１０２号", "url": "https://www.kaigokensaku.mhlw.go.jp/28/index.php?action_kouhyou_detail_004_kani=true&JigyosyoCd=2870801012-00&ServiceCd=110&Type=search", "url2": "http://kobelifi-care.jp/" }, "geometry": { "type": "Point", "coordinates": [ 135.055060599999933, 34.6329071 ] } },
{ "type": "Feature", "properties": { "内容": "ベストケア垂水営業所【訪問介護】神戸市垂水区学が丘４－２２－３３", "url": "https://www.kaigokensaku.mhlw.go.jp/28/index.php?action_kouhyou_detail_004_kani=true&JigyosyoCd=2870801327-00&ServiceCd=110&Type=search", "url2": "http://www.besutwell.co.jp" }, "geometry": { "type": "Point", "coordinates": [ 135.056320899999946, 34.6610594 ] } },
{ "type": "Feature", "properties": { "内容": "フォレストケア【訪問介護】兵庫県神戸市垂水区旭が丘２丁目３番２号", "url": "https://www.kaigokensaku.mhlw.go.jp/28/index.php?action_kouhyou_detail_004_kani=true&JigyosyoCd=2870801616-00&ServiceCd=110&Type=search", "url2": "https://www.forestcare.co.jp" }, "geometry": { "type": "Point", "coordinates": [ 135.050569353689525, 34.63360711937537 ] } },
{ "type": "Feature", "properties": { "内容": "さん舞子神港園ホームヘルプセンター【訪問介護】神戸市垂水区五色山7丁目12－38", "url": "https://www.kaigokensaku.mhlw.go.jp/28/index.php?action_kouhyou_detail_004_kani=true&JigyosyoCd=2870801871-00&ServiceCd=110&Type=search", "url2": "http://www.shinkouen.or.jp" }, "geometry": { "type": "Point", "coordinates": [ 135.0396227, 34.630107 ] } },
{ "type": "Feature", "properties": { "内容": "GTLケアサービス神戸垂水【訪問介護】神戸市垂水区名谷町大谷１９０５－７アーバンヴィレッジ学園南", "url": "https://www.kaigokensaku.mhlw.go.jp/28/index.php?action_kouhyou_detail_004_kani=true&JigyosyoCd=2870801939-00&ServiceCd=110&Type=search", "url2": null }, "geometry": { "type": "Point", "coordinates": [ 135.069168552114888, 34.664323995629871 ] } },
{ "type": "Feature", "properties": { "内容": "ケア２１たるみ【訪問介護】兵庫県神戸市垂水区宮本町１－２６ビルシーサイド2階", "url": "https://www.kaigokensaku.mhlw.go.jp/28/index.php?action_kouhyou_detail_004_kani=true&JigyosyoCd=2870802200-00&ServiceCd=110&Type=search", "url2": null }, "geometry": { "type": "Point", "coordinates": [ 135.0533064, 34.628307300000024 ] } },
{ "type": "Feature", "properties": { "内容": "ソーシャルライフ【訪問介護】本多聞7丁目5-1ソーシャルコート本多聞", "url": "https://www.kaigokensaku.mhlw.go.jp/28/index.php?action_kouhyou_detail_004_kani=true&JigyosyoCd=2870802366-00&ServiceCd=110&Type=search", "url2": null }, "geometry": { "type": "Point", "coordinates": [ 135.0422314, 34.6553582 ] } },
{ "type": "Feature", "properties": { "内容": "いおりケアステーション【訪問介護】神戸市垂水区青山台4丁目8-18森ビル1F", "url": "https://www.kaigokensaku.mhlw.go.jp/28/index.php?action_kouhyou_detail_004_kani=true&JigyosyoCd=2870802382-00&ServiceCd=110&Type=search", "url2": null }, "geometry": { "type": "Point", "coordinates": [ 135.07124817735442, 34.642670708744404 ] } },
{ "type": "Feature", "properties": { "内容": "SOMPOケア　神戸東垂水　訪問介護【訪問介護】神戸市垂水区山手1丁目3－21", "url": "https://www.kaigokensaku.mhlw.go.jp/28/index.php?action_kouhyou_detail_004_kani=true&JigyosyoCd=2870802432-00&ServiceCd=110&Type=search", "url2": "https://www.sompocare.com/" }, "geometry": { "type": "Point", "coordinates": [ 135.063940399999979, 34.630013 ] } },
{ "type": "Feature", "properties": { "内容": "神戸介護支援会スマイル・ライフ　垂水ステーション【訪問介護】神戸市垂水区福田5丁目5－22", "url": "https://www.kaigokensaku.mhlw.go.jp/28/index.php?action_kouhyou_detail_004_kani=true&JigyosyoCd=2870802481-00&ServiceCd=110&Type=search", "url2": "http://www.smilelife2000.com/" }, "geometry": { "type": "Point", "coordinates": [ 135.06795360000001, 34.6466417 ] } },
{ "type": "Feature", "properties": { "内容": "特定非営利活動法人兵庫コアラ【訪問介護】兵庫県神戸市垂水区下畑町字中之谷1930番地の10", "url": "https://www.kaigokensaku.mhlw.go.jp/28/index.php?action_kouhyou_detail_004_kani=true&JigyosyoCd=2870802762-00&ServiceCd=110&Type=search", "url2": "http://hyougo.helpertaxi.com（未更新）" }, "geometry": { "type": "Point", "coordinates": [ 135.083684792590361, 34.654883347980366 ] } },
{ "type": "Feature", "properties": { "内容": "訪問介護センター日向【訪問介護】兵庫県神戸市垂水区潮見が丘１－５－２６", "url": "https://www.kaigokensaku.mhlw.go.jp/28/index.php?action_kouhyou_detail_004_kani=true&JigyosyoCd=2870802929-00&ServiceCd=110&Type=search", "url2": null }, "geometry": { "type": "Point", "coordinates": [ 135.058393287714125, 34.648949196478384 ] } },
{ "type": "Feature", "properties": { "内容": "本多聞ヘルパーステーション【訪問介護】兵庫県神戸市垂水区本多聞１丁目１番23号", "url": "https://www.kaigokensaku.mhlw.go.jp/28/index.php?action_kouhyou_detail_004_kani=true&JigyosyoCd=2870802952-00&ServiceCd=110&Type=search", "url2": "hontamonhelp@vesta.ocn.ne.jp" }, "geometry": { "type": "Point", "coordinates": [ 135.041316700000039, 34.6517545 ] } },
{ "type": "Feature", "properties": { "内容": "介護ステーションオープンライフ【訪問介護】兵庫県神戸市垂水区下畑町498番53コ・クール垂水", "url": "https://www.kaigokensaku.mhlw.go.jp/28/index.php?action_kouhyou_detail_004_kani=true&JigyosyoCd=2870803075-00&ServiceCd=110&Type=search", "url2": "http://www.qol-c.co.jp/open-life/" }, "geometry": { "type": "Point", "coordinates": [ 135.088785, 34.6491914 ] } },
{ "type": "Feature", "properties": { "内容": "ケアステーション　ステラ【訪問介護】兵庫県神戸市垂水区清水が丘３丁目３－１０レジデンス清水が丘１０３号", "url": "https://www.kaigokensaku.mhlw.go.jp/28/index.php?action_kouhyou_detail_004_kani=true&JigyosyoCd=2870803133-00&ServiceCd=110&Type=search", "url2": null }, "geometry": { "type": "Point", "coordinates": [ 135.036344800000052, 34.6517127 ] } },
{ "type": "Feature", "properties": { "内容": "訪問介護事業所　まんまる【訪問介護】兵庫県神戸市垂水区大町4丁目5-19ブリエ大町Ⅱ", "url": "https://www.kaigokensaku.mhlw.go.jp/28/index.php?action_kouhyou_detail_004_kani=true&JigyosyoCd=2870803299-00&ServiceCd=110&Type=search", "url2": null }, "geometry": { "type": "Point", "coordinates": [ 135.063740300000063, 34.6390204 ] } },
{ "type": "Feature", "properties": { "内容": "優ステーション垂水【訪問介護】兵庫県神戸市垂水区五色山４丁目２０－２４", "url": "https://www.kaigokensaku.mhlw.go.jp/28/index.php?action_kouhyou_detail_004_kani=true&JigyosyoCd=2870803315-00&ServiceCd=110&Type=search", "url2": null }, "geometry": { "type": "Point", "coordinates": [ 135.045133399999941, 34.6323569 ] } },
{ "type": "Feature", "properties": { "内容": "ケアステーショングレース【訪問介護】潮見が丘１丁目６番２６号", "url": "https://www.kaigokensaku.mhlw.go.jp/28/index.php?action_kouhyou_detail_004_kani=true&JigyosyoCd=2870803455-00&ServiceCd=110&Type=search", "url2": "http://hp.kaipoke.biz/cve/" }, "geometry": { "type": "Point", "coordinates": [ 135.05801550000001, 34.6491164 ] } },
{ "type": "Feature", "properties": { "内容": "ケア・ホワイト　垂水【訪問介護】兵庫県神戸市垂水区向陽２－１－１エルム向陽１０４", "url": "https://www.kaigokensaku.mhlw.go.jp/28/index.php?action_kouhyou_detail_004_kani=true&JigyosyoCd=2870803463-00&ServiceCd=110&Type=search", "url2": "https://www.carewhite.co" }, "geometry": { "type": "Point", "coordinates": [ 135.063926199999969, 34.6438448 ] } },
{ "type": "Feature", "properties": { "内容": "ＳＵＮＮＹ'Ｓ　ＣＡＲＥ【訪問介護】南多聞台8丁目13-6", "url": "https://www.kaigokensaku.mhlw.go.jp/28/index.php?action_kouhyou_detail_004_kani=true&JigyosyoCd=2870803489-00&ServiceCd=110&Type=search", "url2": "http://hp.kaipoke.biz/x6t/" }, "geometry": { "type": "Point", "coordinates": [ 135.028576, 34.6511264 ] } },
{ "type": "Feature", "properties": { "内容": "フォレストケア垂水西【訪問介護】神陵台2丁目3-28サニーパレス神陵台2Ａ号室", "url": "https://www.kaigokensaku.mhlw.go.jp/28/index.php?action_kouhyou_detail_004_kani=true&JigyosyoCd=2870803497-00&ServiceCd=110&Type=search", "url2": "https://www.forestcare.co.jp" }, "geometry": { "type": "Point", "coordinates": [ 135.035358699999961, 34.6642028 ] } },
{ "type": "Feature", "properties": { "内容": "株式会社リエゾン【訪問介護】星が丘1丁目1-31パールビュー星が丘", "url": "https://www.kaigokensaku.mhlw.go.jp/28/index.php?action_kouhyou_detail_004_kani=true&JigyosyoCd=2870803661-00&ServiceCd=110&Type=search", "url2": "http://www.liaisonkobe.co.jp/" }, "geometry": { "type": "Point", "coordinates": [ 135.047180578101546, 34.637788066975624 ] } },
{ "type": "Feature", "properties": { "内容": "フォレストケア垂水東【訪問介護】神戸市垂水区つつじが丘四丁目8番1つつじが丘ショッピングセンター11号", "url": "https://www.kaigokensaku.mhlw.go.jp/28/index.php?action_kouhyou_detail_004_kani=true&JigyosyoCd=2870803760-00&ServiceCd=110&Type=search", "url2": "https://www.forestcare.co.jp" }, "geometry": { "type": "Point", "coordinates": [ 135.076566299999968, 34.6588291 ] } },
{ "type": "Feature", "properties": { "内容": "ケアステーションきらら垂水【訪問介護】兵庫県神戸市垂水区西脇2丁目7-49", "url": "https://www.kaigokensaku.mhlw.go.jp/28/index.php?action_kouhyou_detail_004_kani=true&JigyosyoCd=2870803778-00&ServiceCd=110&Type=search", "url2": "www.starts.co.jp/s-careservice" }, "geometry": { "type": "Point", "coordinates": [ 135.040041699999961, 34.6565983 ] } },
{ "type": "Feature", "properties": { "内容": "やさしい手西舞子【訪問介護】西舞子1丁目9-8グラディーナ西舞子", "url": "https://www.kaigokensaku.mhlw.go.jp/28/index.php?action_kouhyou_detail_004_kani=true&JigyosyoCd=2870803836-00&ServiceCd=110&Type=search", "url2": null }, "geometry": { "type": "Point", "coordinates": [ 135.0266484, 34.6389917 ] } },
{ "type": "Feature", "properties": { "内容": "訪問介護アリビオひかり【訪問介護】兵庫県神戸市垂水区塩屋町６６４サービス付き高齢者向け住宅　アリビオ塩屋", "url": "https://www.kaigokensaku.mhlw.go.jp/28/index.php?action_kouhyou_detail_004_kani=true&JigyosyoCd=2870804008-00&ServiceCd=110&Type=search", "url2": null }, "geometry": { "type": "Point", "coordinates": [ 135.080183600000026, 34.6440383 ] } },
{ "type": "Feature", "properties": { "内容": "ニチイケアセンター垂水向陽【訪問介護】神戸市垂水区向陽3丁目1-2メガロン向陽103号室", "url": "https://www.kaigokensaku.mhlw.go.jp/28/index.php?action_kouhyou_detail_004_kani=true&JigyosyoCd=2870804198-00&ServiceCd=110&Type=search", "url2": "http://www.nichiigakkan.co.jp" }, "geometry": { "type": "Point", "coordinates": [ 135.0647487, 34.6453287 ] } },
{ "type": "Feature", "properties": { "内容": "一般社団法人　つなぐ【訪問介護】兵庫県神戸市垂水区名谷町1494-2エクセルハイツＢ棟　101号室", "url": "https://www.kaigokensaku.mhlw.go.jp/28/index.php?action_kouhyou_detail_004_kani=true&JigyosyoCd=2870804289-00&ServiceCd=110&Type=search", "url2": null }, "geometry": { "type": "Point", "coordinates": [ 135.071656499999989, 34.6593814 ] } },
{ "type": "Feature", "properties": { "内容": "介護サービス　ミニコ【訪問介護】上高丸1-8-16春美ビル", "url": "https://www.kaigokensaku.mhlw.go.jp/28/index.php?action_kouhyou_detail_004_kani=true&JigyosyoCd=2870804396-00&ServiceCd=110&Type=search", "url2": "https://www.qol-c.co.jp/takamaru/" }, "geometry": { "type": "Point", "coordinates": [ 135.052806, 34.6396558 ] } },
{ "type": "Feature", "properties": { "内容": "訪問介護ファミリー・ホスピス神戸垂水【訪問介護】兵庫県神戸市垂水区学が丘5丁目1-2", "url": "https://www.kaigokensaku.mhlw.go.jp/28/index.php?action_kouhyou_detail_004_kani=true&JigyosyoCd=2870804404-00&ServiceCd=110&Type=search", "url2": "https://www.jhospice.co.jp/ja/index.html" }, "geometry": { "type": "Point", "coordinates": [ 135.062147399999986, 34.6563687 ] } },
{ "type": "Feature", "properties": { "内容": "ケア21神戸舞多聞【訪問介護】兵庫県神戸市垂水区本多聞3-4-1ヴィオス多聞101号", "url": "https://www.kaigokensaku.mhlw.go.jp/28/index.php?action_kouhyou_detail_004_kani=true&JigyosyoCd=2870804438-00&ServiceCd=110&Type=search", "url2": null }, "geometry": { "type": "Point", "coordinates": [ 135.048498099999989, 34.6611505 ] } },
{ "type": "Feature", "properties": { "内容": "セントケア垂水【訪問介護】兵庫県神戸市垂水区日向2-1-1勝見ビル201", "url": "https://www.kaigokensaku.mhlw.go.jp/28/index.php?action_kouhyou_detail_004_kani=true&JigyosyoCd=2870804560-00&ServiceCd=110&Type=search", "url2": "http://www.saint-care.com" }, "geometry": { "type": "Point", "coordinates": [ 135.057512800000012, 34.630927 ] } },
{ "type": "Feature", "properties": { "内容": "訪問介護アリビオのぞみ【訪問介護】神戸市垂水区塩屋町1丁目994-6　山陽塩屋高架下店舗", "url": "https://www.kaigokensaku.mhlw.go.jp/28/index.php?action_kouhyou_detail_004_kani=true&JigyosyoCd=2870804602-00&ServiceCd=110&Type=search", "url2": null }, "geometry": { "type": "Point", "coordinates": [ 135.082368699999989, 34.63366 ] } },
{ "type": "Feature", "properties": { "内容": "エルフ　ヘルパーステーション西神戸【訪問介護】兵庫県神戸市垂水区西脇１丁目４-９-１", "url": "https://www.kaigokensaku.mhlw.go.jp/28/index.php?action_kouhyou_detail_004_kani=true&JigyosyoCd=2870804651-00&ServiceCd=110&Type=search", "url2": null }, "geometry": { "type": "Point", "coordinates": [ 135.0375057, 34.6545056 ] } },
{ "type": "Feature", "properties": { "内容": "さんよう塩屋ヘルパーステーション【訪問介護】兵庫県神戸市垂水区塩屋町1-5-19さんよう神戸塩屋LUSSO", "url": "https://www.kaigokensaku.mhlw.go.jp/28/index.php?action_kouhyou_detail_004_kani=true&JigyosyoCd=2870804669-00&ServiceCd=110&Type=search", "url2": "https//lussoshioya-lp.sanyo-kaigo.net" }, "geometry": { "type": "Point", "coordinates": [ 135.082096, 34.6330442 ] } },
{ "type": "Feature", "properties": { "内容": "ツクイ神戸西【訪問介護】神陵台2-3-15ひまわりビル2階", "url": "https://www.kaigokensaku.mhlw.go.jp/28/index.php?action_kouhyou_detail_004_kani=true&JigyosyoCd=2870804685-00&ServiceCd=110&Type=search", "url2": "https://www.tsukui.net/home-care/2739/" }, "geometry": { "type": "Point", "coordinates": [ 135.035663199999988, 34.6627469 ] } },
{ "type": "Feature", "properties": { "内容": "株式会社ヘルパーステーションラン【訪問介護】神陵台3丁目2-1708号", "url": "https://www.kaigokensaku.mhlw.go.jp/28/index.php?action_kouhyou_detail_004_kani=true&JigyosyoCd=2870804776-00&ServiceCd=110&Type=search", "url2": null }, "geometry": { "type": "Point", "coordinates": [ 135.0349684, 34.6611558 ] } },
{ "type": "Feature", "properties": { "内容": "B・Ｍ・Ｓ【訪問介護】兵庫県神戸市垂水区宮本町1-28ジョイビル309", "url": "https://www.kaigokensaku.mhlw.go.jp/28/index.php?action_kouhyou_detail_004_kani=true&JigyosyoCd=2870804677-00&ServiceCd=110&Type=search", "url2": "https://jo-kobe.com/" }, "geometry": { "type": "Point", "coordinates": [ 135.053672, 34.6281401 ] } },
{ "type": "Feature", "properties": { "内容": "訪問介護　ケアサービスしらゆり【訪問介護】神戸市垂水区宮本町3-13レイシエスタ4F", "url": "https://www.kaigokensaku.mhlw.go.jp/28/index.php?action_kouhyou_detail_004_kani=true&JigyosyoCd=2870800279-00&ServiceCd=110&Type=search", "url2": "http://care-net.biz/28/shirayuri/" }, "geometry": { "type": "Point", "coordinates": [ 135.051927500000033, 34.628563 ] } },
{ "type": "Feature", "properties": { "内容": "ニチイケアセンター垂水【訪問介護】兵庫県神戸市垂水区陸ノ町1-2サン＆サンビル402号", "url": "https://www.kaigokensaku.mhlw.go.jp/28/index.php?action_kouhyou_detail_004_kani=true&JigyosyoCd=2870800469-00&ServiceCd=110&Type=search", "url2": "http://www.nichiigakkan.co.jp" }, "geometry": { "type": "Point", "coordinates": [ 135.055212, 34.6309177 ] } },
{ "type": "Feature", "properties": { "内容": "ヘルパーステーションユアサイド南多聞台【訪問介護】兵庫県神戸市垂水区南多聞台2-2-5ユアサイド南多聞台", "url": "https://www.kaigokensaku.mhlw.go.jp/28/index.php?action_kouhyou_detail_004_kani=true&JigyosyoCd=2870803539-00&ServiceCd=110&Type=search", "url2": null }, "geometry": { "type": "Point", "coordinates": [ 135.034083900000041, 34.6545095 ] } },
{ "type": "Feature", "properties": { "内容": "ヘルパーハウス福【訪問介護】神戸市垂水区千鳥が丘3丁目18－22", "url": "https://www.kaigokensaku.mhlw.go.jp/28/index.php?action_kouhyou_detail_004_kani=true&JigyosyoCd=2870804271-00&ServiceCd=110&Type=search", "url2": null }, "geometry": { "type": "Point", "coordinates": [ 135.0568533, 34.6438084 ] } },
{ "type": "Feature", "properties": { "内容": "株式会社オレンジホーム【訪問介護】兵庫県神戸市垂水区向陽2丁目6-18向陽センタービル102", "url": "https://www.kaigokensaku.mhlw.go.jp/28/index.php?action_kouhyou_detail_004_kani=true&JigyosyoCd=2870803182-00&ServiceCd=110&Type=search", "url2": null }, "geometry": { "type": "Point", "coordinates": [ 135.064652101852403, 34.645077973501259 ] } },
{ "type": "Feature", "properties": { "内容": "ニチイケアセンター塩屋【訪問介護】神戸市垂水区塩屋町4-16-10", "url": "https://www.kaigokensaku.mhlw.go.jp/28/index.php?action_kouhyou_detail_004_kani=true&JigyosyoCd=2870802523-00&ServiceCd=110&Type=search", "url2": null }, "geometry": { "type": "Point", "coordinates": [ 135.081486500000011, 34.6347183 ] } },
{ "type": "Feature", "properties": { "内容": "ハートランド訪問介護事業所【訪問介護】兵庫県神戸市垂水区舞子台7丁目3番7号", "url": "https://www.kaigokensaku.mhlw.go.jp/28/index.php?action_kouhyou_detail_004_kani=true&JigyosyoCd=2870804032-00&ServiceCd=110&Type=search", "url2": "https://www.m2-corporation.co.jp" }, "geometry": { "type": "Point", "coordinates": [ 135.038044154631081, 34.639786141438584 ] } },
{ "type": "Feature", "properties": { "内容": "訪問介護まにまに【訪問介護】兵庫県神戸市垂水区霞ヶ丘2丁目4－1霞ヶ丘マンション106号室", "url": "https://www.kaigokensaku.mhlw.go.jp/28/index.php?action_kouhyou_detail_004_kani=true&JigyosyoCd=2870804735-00&ServiceCd=110&Type=search", "url2": null }, "geometry": { "type": "Point", "coordinates": [ 135.0474169, 34.6341198 ] } },
{ "type": "Feature", "properties": { "内容": "懸け橋【訪問介護】神戸市垂水区桃山台４丁目８－８Ａ－１０３", "url": "https://www.kaigokensaku.mhlw.go.jp/28/index.php?action_kouhyou_detail_004_kani=true&JigyosyoCd=2870803984-00&ServiceCd=110&Type=search", "url2": null }, "geometry": { "type": "Point", "coordinates": [ 135.081582, 34.6596477 ] } },
{ "type": "Feature", "properties": { "内容": "ヘルパーステーションPono【訪問介護】神戸市垂水区舞子坂4丁目1‐7-205", "url": "https://www.kaigokensaku.mhlw.go.jp/28/index.php?action_kouhyou_detail_004_kani=true&JigyosyoCd=2870804479-00&ServiceCd=110&Type=search", "url2": "https://aiolite.co.jp" }, "geometry": { "type": "Point", "coordinates": [ 135.034034997010082, 34.650148083309645 ] } },
{ "type": "Feature", "properties": { "内容": "あかねケアサービス【訪問介護】北舞子３丁目７番１－１０１号", "url": "https://www.kaigokensaku.mhlw.go.jp/28/index.php?action_kouhyou_detail_004_kani=true&JigyosyoCd=2870803570-00&ServiceCd=110&Type=search", "url2": "https://akanecareservice.com" }, "geometry": { "type": "Point", "coordinates": [ 135.039133699999979, 34.6430222 ] } },
{ "type": "Feature", "properties": { "内容": "ケアステーションあうる【訪問介護】福田４丁目5-10　108号", "url": "https://www.kaigokensaku.mhlw.go.jp/28/index.php?action_kouhyou_detail_004_kani=true&JigyosyoCd=2870804610-00&ServiceCd=110&Type=search", "url2": null }, "geometry": { "type": "Point", "coordinates": [ 135.0666759, 34.6456647 ] } },
{ "type": "Feature", "properties": { "内容": "ケアステーションりあん【訪問介護】鈴蘭台東町1丁目8-8ベルグリーン鈴蘭台303", "url": "https://www.kaigokensaku.mhlw.go.jp/28/index.php?action_kouhyou_detail_004_kani=true&JigyosyoCd=2875004364-00&ServiceCd=110&Type=search", "url2": null }, "geometry": { "type": "Point", "coordinates": [ 135.1462861, 34.7223426 ] } },
{ "type": "Feature", "properties": { "内容": "ゆうゆうライフ　ケア【訪問介護】兵庫県神戸市北区鈴蘭台南町6丁目13番13号", "url": "https://www.kaigokensaku.mhlw.go.jp/28/index.php?action_kouhyou_detail_004_kani=true&JigyosyoCd=2875002467-00&ServiceCd=110&Type=search", "url2": null }, "geometry": { "type": "Point", "coordinates": [ 135.1438776, 34.7233299 ] } },
{ "type": "Feature", "properties": { "内容": "有限会社エイゼットケア【訪問介護】兵庫県神戸市北区東大池1丁目18-1", "url": "https://www.kaigokensaku.mhlw.go.jp/28/index.php?action_kouhyou_detail_004_kani=true&JigyosyoCd=2875000800-00&ServiceCd=110&Type=search", "url2": null }, "geometry": { "type": "Point", "coordinates": [ 135.1986038, 34.7777088 ] } },
{ "type": "Feature", "properties": { "内容": "かいてき介護サービス【訪問介護】神戸市北区南五葉1丁目3番17号", "url": "https://www.kaigokensaku.mhlw.go.jp/28/index.php?action_kouhyou_detail_004_kani=true&JigyosyoCd=2875001121-00&ServiceCd=110&Type=search", "url2": null }, "geometry": { "type": "Point", "coordinates": [ 135.135668099999947, 34.7251114 ] } },
{ "type": "Feature", "properties": { "内容": "け・あーずKOBE【訪問介護】兵庫県神戸市北区鈴蘭台7-6-20", "url": "https://www.kaigokensaku.mhlw.go.jp/28/index.php?action_kouhyou_detail_004_kani=true&JigyosyoCd=2875001733-00&ServiceCd=110&Type=search", "url2": null }, "geometry": { "type": "Point", "coordinates": [ 135.145951, 34.724066 ] } },
{ "type": "Feature", "properties": { "内容": "Infini株式会社【訪問介護】松宮台一丁目５番地の１８", "url": "https://www.kaigokensaku.mhlw.go.jp/28/index.php?action_kouhyou_detail_004_kani=true&JigyosyoCd=2875205516-00&ServiceCd=110&Type=search", "url2": "httpa://soleil-kobe.com" }, "geometry": { "type": "Point", "coordinates": [ 135.1486162, 34.7345892 ] } },
{ "type": "Feature", "properties": { "内容": "神鉄ケアサービスセンター【訪問介護】神戸市北区鈴蘭台南町６丁目１－１", "url": "https://www.kaigokensaku.mhlw.go.jp/28/index.php?action_kouhyou_detail_004_kani=true&JigyosyoCd=2875000487-00&ServiceCd=110&Type=search", "url2": "http://www.shintetsu.co.jp/" }, "geometry": { "type": "Point", "coordinates": [ 135.145860782803311, 34.721937856190614 ] } },
{ "type": "Feature", "properties": { "内容": "神戸アドベンチスト病院訪問介護三育センター【訪問介護】神戸市北区有野台８丁目９番地シャローム神戸有野台１階", "url": "https://www.kaigokensaku.mhlw.go.jp/28/index.php?action_kouhyou_detail_004_kani=true&JigyosyoCd=2875000495-00&ServiceCd=110&Type=search", "url2": "http://kahns.org/" }, "geometry": { "type": "Point", "coordinates": [ 135.224325867459129, 34.808408351250065 ] } },
{ "type": "Feature", "properties": { "内容": "ニチイケアセンター鈴蘭台【訪問介護】兵庫県神戸市北区鈴蘭台北町１丁目１３－２０サンハイツ北町Ｂ棟１０１", "url": "https://www.kaigokensaku.mhlw.go.jp/28/index.php?action_kouhyou_detail_004_kani=true&JigyosyoCd=2875000552-00&ServiceCd=110&Type=search", "url2": "http://www.nichiigakkan.co.jp/" }, "geometry": { "type": "Point", "coordinates": [ 135.146522799999957, 34.7243868 ] } },
{ "type": "Feature", "properties": { "内容": "生活協同組合コープこうべ在宅介護サービス鈴蘭台【訪問介護】兵庫県神戸市北区鈴蘭台北町１－１２－５　コープ鈴蘭台東店内", "url": "https://www.kaigokensaku.mhlw.go.jp/28/index.php?action_kouhyou_detail_004_kani=true&JigyosyoCd=2875000701-00&ServiceCd=110&Type=search", "url2": "http://www.kobe.coop.or.jp/" }, "geometry": { "type": "Point", "coordinates": [ 135.1459423, 34.7258644 ] } },
{ "type": "Feature", "properties": { "内容": "やすらぎ訪問介護センター【訪問介護】兵庫県神戸市北区山田町小部字惣六畑山8-18", "url": "https://www.kaigokensaku.mhlw.go.jp/28/index.php?action_kouhyou_detail_004_kani=true&JigyosyoCd=2875000768-00&ServiceCd=110&Type=search", "url2": "http://www.yasuragi-swc.or.jp" }, "geometry": { "type": "Point", "coordinates": [ 135.160785300000072, 34.737092966616501 ] } },
{ "type": "Feature", "properties": { "内容": "株式会社　ニッシンケサービス　神戸北事業所【訪問介護】神戸市北区緑町３丁目２－４７Ｓｏｌｅａｄｏ山之街", "url": "https://www.kaigokensaku.mhlw.go.jp/28/index.php?action_kouhyou_detail_004_kani=true&JigyosyoCd=2875000834-00&ServiceCd=110&Type=search", "url2": "http://www/nissin-care.com" }, "geometry": { "type": "Point", "coordinates": [ 135.150506011947641, 34.74915562987524 ] } },
{ "type": "Feature", "properties": { "内容": "訪問介護事業所　まごころ【訪問介護】神戸市北区山田町下谷上字門口9-4", "url": "https://www.kaigokensaku.mhlw.go.jp/28/index.php?action_kouhyou_detail_004_kani=true&JigyosyoCd=2875000925-00&ServiceCd=110&Type=search", "url2": "http://www.hg-corp.jp/" }, "geometry": { "type": "Point", "coordinates": [ 135.155397714974356, 34.749973254435368 ] } },
{ "type": "Feature", "properties": { "内容": "ほくとヘルパーステーション【訪問介護】神戸市北区山田町下谷上字門口10-3", "url": "https://www.kaigokensaku.mhlw.go.jp/28/index.php?action_kouhyou_detail_004_kani=true&JigyosyoCd=2875000990-00&ServiceCd=110&Type=search", "url2": "http://www.hokuto-hp.or.jp" }, "geometry": { "type": "Point", "coordinates": [ 135.155485700000014, 34.7499729 ] } },
{ "type": "Feature", "properties": { "内容": "訪問介護　ナンバーワン・ケア【訪問介護】神戸市北区鈴蘭台北町4丁目2-9", "url": "https://www.kaigokensaku.mhlw.go.jp/28/index.php?action_kouhyou_detail_004_kani=true&JigyosyoCd=2875001014-00&ServiceCd=110&Type=search", "url2": null }, "geometry": { "type": "Point", "coordinates": [ 135.149940403132661, 34.726254568909525 ] } },
{ "type": "Feature", "properties": { "内容": "ケア２１神戸北【訪問介護】兵庫県神戸市北区鈴蘭台北町一丁目2-4田和ビル1階", "url": "https://www.kaigokensaku.mhlw.go.jp/28/index.php?action_kouhyou_detail_004_kani=true&JigyosyoCd=2875001154-00&ServiceCd=110&Type=search", "url2": null }, "geometry": { "type": "Point", "coordinates": [ 135.148159894689883, 34.72445712616382 ] } },
{ "type": "Feature", "properties": { "内容": "コウダイケアサービス神戸北訪問介護事業所【訪問介護】鈴蘭台西町1丁目16-3", "url": "https://www.kaigokensaku.mhlw.go.jp/28/index.php?action_kouhyou_detail_004_kani=true&JigyosyoCd=2875001246-00&ServiceCd=110&Type=search", "url2": "https://www.koudai-care.co.jp/" }, "geometry": { "type": "Point", "coordinates": [ 135.142931399999952, 34.7264282 ] } },
{ "type": "Feature", "properties": { "内容": "ニコニコクラブ【訪問介護】兵庫県神戸市北区鈴蘭台西町２丁目１４－１ハイツハタヤA", "url": "https://www.kaigokensaku.mhlw.go.jp/28/index.php?action_kouhyou_detail_004_kani=true&JigyosyoCd=2875001295-00&ServiceCd=110&Type=search", "url2": null }, "geometry": { "type": "Point", "coordinates": [ 135.139894700000013, 34.7268364 ] } },
{ "type": "Feature", "properties": { "内容": "セントケア北神戸【訪問介護】若葉台1-2-24", "url": "https://www.kaigokensaku.mhlw.go.jp/28/index.php?action_kouhyou_detail_004_kani=true&JigyosyoCd=2875001923-00&ServiceCd=110&Type=search", "url2": "https://www.saint-care.com/" }, "geometry": { "type": "Point", "coordinates": [ 139.478758199999987, 35.6223099 ] } },
{ "type": "Feature", "properties": { "内容": "神港園しあわせの家ホームヘルプセンター【訪問介護】南五葉１丁目２－３０濱岡ビル２０１号", "url": "https://www.kaigokensaku.mhlw.go.jp/28/index.php?action_kouhyou_detail_004_kani=true&JigyosyoCd=2875001964-00&ServiceCd=110&Type=search", "url2": "htpp://www.shinkouen.or.jp" }, "geometry": { "type": "Point", "coordinates": [ 135.135260500663776, 34.725177074275685 ] } },
{ "type": "Feature", "properties": { "内容": "株式会社　ケアサービスのぞみ【訪問介護】神戸市北区有野中町2丁目19-15", "url": "https://www.kaigokensaku.mhlw.go.jp/28/index.php?action_kouhyou_detail_004_kani=true&JigyosyoCd=2875002012-00&ServiceCd=110&Type=search", "url2": null }, "geometry": { "type": "Point", "coordinates": [ 135.2245312, 34.8257066 ] } },
{ "type": "Feature", "properties": { "内容": "訪問介護ぱんだ【訪問介護】兵庫県神戸市北区北五葉４丁目３－１７　ユートピア２０　A-201", "url": "https://www.kaigokensaku.mhlw.go.jp/28/index.php?action_kouhyou_detail_004_kani=true&JigyosyoCd=2875002178-00&ServiceCd=110&Type=search", "url2": null }, "geometry": { "type": "Point", "coordinates": [ 135.133876500000042, 34.732818800000011 ] } },
{ "type": "Feature", "properties": { "内容": "ソーシャルサポート【訪問介護】兵庫県神戸市北区藤原台北町6丁目3-2ソーシャルコート藤原台北町2階", "url": "https://www.kaigokensaku.mhlw.go.jp/28/index.php?action_kouhyou_detail_004_kani=true&JigyosyoCd=2875002574-00&ServiceCd=110&Type=search", "url2": null }, "geometry": { "type": "Point", "coordinates": [ 135.22278970000005, 34.828925599999984 ] } },
{ "type": "Feature", "properties": { "内容": "ふうらん介護ステーション【訪問介護】兵庫県神戸市北区鈴蘭台南町1丁目４－６ー３階", "url": "https://www.kaigokensaku.mhlw.go.jp/28/index.php?action_kouhyou_detail_004_kani=true&JigyosyoCd=2875002582-00&ServiceCd=110&Type=search", "url2": null }, "geometry": { "type": "Point", "coordinates": [ 135.143307058293885, 34.723490211240673 ] } },
{ "type": "Feature", "properties": { "内容": "ネオライフサポート　ヘルパーステーション【訪問介護】兵庫県神戸市北区八多町中894番地メゾン悠游内", "url": "https://www.kaigokensaku.mhlw.go.jp/28/index.php?action_kouhyou_detail_004_kani=true&JigyosyoCd=2875002590-00&ServiceCd=110&Type=search", "url2": "https://www.yuyugroup.jp" }, "geometry": { "type": "Point", "coordinates": [ 135.220021082141784, 34.853841329813179 ] } },
{ "type": "Feature", "properties": { "内容": "ケア２１岡場【訪問介護】兵庫県神戸市北区藤原台中町二丁目16-9トーショクビル302号室", "url": "https://www.kaigokensaku.mhlw.go.jp/28/index.php?action_kouhyou_detail_004_kani=true&JigyosyoCd=2875002806-00&ServiceCd=110&Type=search", "url2": null }, "geometry": { "type": "Point", "coordinates": [ 135.219462300000032, 34.820729300000025 ] } },
{ "type": "Feature", "properties": { "内容": "訪問介護事業所　サクラ【訪問介護】兵庫県神戸市北区道場町日下部1844道場南口さくらビル　１Ｆ", "url": "https://www.kaigokensaku.mhlw.go.jp/28/index.php?action_kouhyou_detail_004_kani=true&JigyosyoCd=2875002988-00&ServiceCd=110&Type=search", "url2": null }, "geometry": { "type": "Point", "coordinates": [ 135.221959199999986, 34.8549124 ] } },
{ "type": "Feature", "properties": { "内容": "レオ・ケアステーション神戸北【訪問介護】兵庫県神戸市北区有野町有野２８３８", "url": "https://www.kaigokensaku.mhlw.go.jp/28/index.php?action_kouhyou_detail_004_kani=true&JigyosyoCd=2875003051-00&ServiceCd=110&Type=search", "url2": null }, "geometry": { "type": "Point", "coordinates": [ 135.228741799999966, 34.8283314 ] } },
{ "type": "Feature", "properties": { "内容": "訪問介護事業所フルライフケア神戸北【訪問介護】兵庫県神戸市北区緑町７丁目３番７号ルミナス山の街３０２号室", "url": "https://www.kaigokensaku.mhlw.go.jp/28/index.php?action_kouhyou_detail_004_kani=true&JigyosyoCd=2875003267-00&ServiceCd=110&Type=search", "url2": null }, "geometry": { "type": "Point", "coordinates": [ 135.152054908118885, 34.746396519011562 ] } },
{ "type": "Feature", "properties": { "内容": "医療法人社団六心会　訪問介護ステーションクオーレ神戸【訪問介護】兵庫県神戸市北区鹿の子台北町8丁目11番1号", "url": "https://www.kaigokensaku.mhlw.go.jp/28/index.php?action_kouhyou_detail_004_kani=true&JigyosyoCd=2875003556-00&ServiceCd=110&Type=search", "url2": "http://kanoko-hp.jp/" }, "geometry": { "type": "Point", "coordinates": [ 135.218940500000031, 34.8570738 ] } },
{ "type": "Feature", "properties": { "内容": "かいごの森　山の街【訪問介護】緑町7丁目1-26ラムール山の街203号", "url": "https://www.kaigokensaku.mhlw.go.jp/28/index.php?action_kouhyou_detail_004_kani=true&JigyosyoCd=2875003697-00&ServiceCd=110&Type=search", "url2": "http://hp.kaipoke.biz/y4v/" }, "geometry": { "type": "Point", "coordinates": [ 135.15292454844473, 34.746187023365231 ] } },
{ "type": "Feature", "properties": { "内容": "ヘルパーステーション　花水木【訪問介護】兵庫県神戸市北区有野中町４丁目１４番１５シュロスアリノ４０３", "url": "https://www.kaigokensaku.mhlw.go.jp/28/index.php?action_kouhyou_detail_004_kani=true&JigyosyoCd=2875003812-00&ServiceCd=110&Type=search", "url2": null }, "geometry": { "type": "Point", "coordinates": [ 135.2266793, 34.8338085 ] } },
{ "type": "Feature", "properties": { "内容": "ニチイケアセンター谷上【訪問介護】兵庫県神戸市北区谷上西町27-2谷上ハイツ201号", "url": "https://www.kaigokensaku.mhlw.go.jp/28/index.php?action_kouhyou_detail_004_kani=true&JigyosyoCd=2875003820-00&ServiceCd=110&Type=search", "url2": "https://www.nichiigakkan.co.jp" }, "geometry": { "type": "Point", "coordinates": [ 135.1701769, 34.7626128 ] } },
{ "type": "Feature", "properties": { "内容": "ヘルパーステーション菜々【訪問介護】神戸市北区西大池2丁目26番地2", "url": "https://www.kaigokensaku.mhlw.go.jp/28/index.php?action_kouhyou_detail_004_kani=true&JigyosyoCd=2875003846-00&ServiceCd=110&Type=search", "url2": null }, "geometry": { "type": "Point", "coordinates": [ 135.195010200000013, 34.7717571 ] } },
{ "type": "Feature", "properties": { "内容": "ヘルパーステーションかえで【訪問介護】兵庫県神戸市北区東大池2－18－6サルビア倶楽部東大池", "url": "https://www.kaigokensaku.mhlw.go.jp/28/index.php?action_kouhyou_detail_004_kani=true&JigyosyoCd=2875003879-00&ServiceCd=110&Type=search", "url2": "laugh-and.com" }, "geometry": { "type": "Point", "coordinates": [ 135.2026598, 34.7806559 ] } },
{ "type": "Feature", "properties": { "内容": "あさひサンヴィレッジ鈴蘭台東【訪問介護】兵庫県神戸市北区山田町小部字広苅20-1", "url": "https://www.kaigokensaku.mhlw.go.jp/28/index.php?action_kouhyou_detail_004_kani=true&JigyosyoCd=2875003903-00&ServiceCd=110&Type=search", "url2": "https://asahi4141.com" }, "geometry": { "type": "Point", "coordinates": [ 135.15966170980434, 34.727116836193169 ] } },
{ "type": "Feature", "properties": { "内容": "あさひサンヴィレッジ二軒茶屋【訪問介護】神戸市北区山田町小部字高橋7-1", "url": "https://www.kaigokensaku.mhlw.go.jp/28/index.php?action_kouhyou_detail_004_kani=true&JigyosyoCd=2875003911-00&ServiceCd=110&Type=search", "url2": "https://asahi4141.com" }, "geometry": { "type": "Point", "coordinates": [ 135.1570831, 34.7308887 ] } },
{ "type": "Feature", "properties": { "内容": "ツクイ神戸北【訪問介護】惣山町5-9-7", "url": "https://www.kaigokensaku.mhlw.go.jp/28/index.php?action_kouhyou_detail_004_kani=true&JigyosyoCd=2875003929-00&ServiceCd=110&Type=search", "url2": "http://www.tsukui.net" }, "geometry": { "type": "Point", "coordinates": [ 135.1529591, 34.7349114 ] } },
{ "type": "Feature", "properties": { "内容": "やさしい手北鈴蘭台【訪問介護】松宮台1丁目82-1グラディーナ北鈴蘭台", "url": "https://www.kaigokensaku.mhlw.go.jp/28/index.php?action_kouhyou_detail_004_kani=true&JigyosyoCd=2875003986-00&ServiceCd=110&Type=search", "url2": null }, "geometry": { "type": "Point", "coordinates": [ 135.1476963, 34.7352275 ] } },
{ "type": "Feature", "properties": { "内容": "ライフサポート結び.Sinse【訪問介護】兵庫県神戸市北区山田町上谷上字古々谷6-5おじまビルA-2", "url": "https://www.kaigokensaku.mhlw.go.jp/28/index.php?action_kouhyou_detail_004_kani=true&JigyosyoCd=2875004083-00&ServiceCd=110&Type=search", "url2": "https://www.lifesupport-musubi.com/" }, "geometry": { "type": "Point", "coordinates": [ 135.191570899999988, 34.7584211 ] } },
{ "type": "Feature", "properties": { "内容": "team．F【訪問介護】兵庫県神戸市北区松が枝2丁目１－２４山内ビル１０１号", "url": "https://www.kaigokensaku.mhlw.go.jp/28/index.php?action_kouhyou_detail_004_kani=true&JigyosyoCd=2875004091-00&ServiceCd=110&Type=search", "url2": null }, "geometry": { "type": "Point", "coordinates": [ 135.1532397, 34.7580955 ] } },
{ "type": "Feature", "properties": { "内容": "かなうの介護【訪問介護】兵庫県神戸市北区緑町7丁目3－7ルミナス山の街１Ｂ", "url": "https://www.kaigokensaku.mhlw.go.jp/28/index.php?action_kouhyou_detail_004_kani=true&JigyosyoCd=2875004190-00&ServiceCd=110&Type=search", "url2": "https://www.kanaunokaigo.com/cont1/2.html" }, "geometry": { "type": "Point", "coordinates": [ 135.1520463, 34.7464222 ] } },
{ "type": "Feature", "properties": { "内容": "訪問介護『エブリー』【訪問介護】兵庫県神戸市北区鹿の子台北町4丁目22-9ｶﾞｰﾃﾞﾝﾊｲﾂｲﾝ鹿の子台105号室", "url": "https://www.kaigokensaku.mhlw.go.jp/28/index.php?action_kouhyou_detail_004_kani=true&JigyosyoCd=2875004273-00&ServiceCd=110&Type=search", "url2": null }, "geometry": { "type": "Point", "coordinates": [ 135.219091100000014, 34.8602 ] } },
{ "type": "Feature", "properties": { "内容": "訪問介護ステーションパレット【訪問介護】兵庫県神戸市北区鹿の子台南町４丁目１６番４号", "url": "https://www.kaigokensaku.mhlw.go.jp/28/index.php?action_kouhyou_detail_004_kani=true&JigyosyoCd=2875004281-00&ServiceCd=110&Type=search", "url2": "https:www.graces008palette.com" }, "geometry": { "type": "Point", "coordinates": [ 135.211990200276034, 34.854281957086847 ] } },
{ "type": "Feature", "properties": { "内容": "訪問介護リブウェル西大池【訪問介護】兵庫県神戸市北区西大池2丁目7番49号リブウェル西大池", "url": "https://www.kaigokensaku.mhlw.go.jp/28/index.php?action_kouhyou_detail_004_kani=true&JigyosyoCd=2875003994-00&ServiceCd=110&Type=search", "url2": null }, "geometry": { "type": "Point", "coordinates": [ 135.196770727122527, 34.773603186910435 ] } },
{ "type": "Feature", "properties": { "内容": "しあわせの菜の花畑　訪問介護ステーション神戸【訪問介護】兵庫県神戸市北区菖蒲が丘１丁目１４番２号", "url": "https://www.kaigokensaku.mhlw.go.jp/28/index.php?action_kouhyou_detail_004_kani=true&JigyosyoCd=2875003663-00&ServiceCd=110&Type=search", "url2": "http://nanohanabatake.jp/" }, "geometry": { "type": "Point", "coordinates": [ 135.217774400000053, 34.8393068 ] } },
{ "type": "Feature", "properties": { "内容": "すずらん台　訪問介護ステーション【訪問介護】鈴蘭台南町9－1－10", "url": "https://www.kaigokensaku.mhlw.go.jp/28/index.php?action_kouhyou_detail_004_kani=true&JigyosyoCd=2875004166-00&ServiceCd=110&Type=search", "url2": "https://www.sanga-kaigo.co.jp/" }, "geometry": { "type": "Point", "coordinates": [ 135.1475322, 34.7186363 ] } },
{ "type": "Feature", "properties": { "内容": "訪問介護センターひよどり【訪問介護】兵庫県神戸市北区星和台5丁目7-70", "url": "https://www.kaigokensaku.mhlw.go.jp/28/index.php?action_kouhyou_detail_004_kani=true&JigyosyoCd=2875004331-00&ServiceCd=110&Type=search", "url2": null }, "geometry": { "type": "Point", "coordinates": [ 135.1203835, 34.7189207 ] } },
{ "type": "Feature", "properties": { "内容": "訪問介護事業所くろーばーケア【訪問介護】兵庫県神戸市北区西大池1丁目34-18大池駅前マンション203号室", "url": "https://www.kaigokensaku.mhlw.go.jp/28/index.php?action_kouhyou_detail_004_kani=true&JigyosyoCd=2875004505-00&ServiceCd=110&Type=search", "url2": null }, "geometry": { "type": "Point", "coordinates": [ 135.1987528, 34.7803338 ] } },
{ "type": "Feature", "properties": { "内容": "社会福祉法人恩賜財団済生会支部兵庫県済生会　済生会ふじの里【訪問介護】兵庫県神戸市北区藤原台中町5丁目1番3号", "url": "https://www.kaigokensaku.mhlw.go.jp/28/index.php?action_kouhyou_detail_004_kani=true&JigyosyoCd=2875003275-00&ServiceCd=110&Type=search", "url2": "http://fujinosato.info/" }, "geometry": { "type": "Point", "coordinates": [ 135.214504499999947, 34.822554 ] } },
{ "type": "Feature", "properties": { "内容": "ケアステーション助っ人【訪問介護】兵庫県神戸市北区鈴蘭台北町５丁目１３番２号", "url": "https://www.kaigokensaku.mhlw.go.jp/28/index.php?action_kouhyou_detail_004_kani=true&JigyosyoCd=2875004075-00&ServiceCd=110&Type=search", "url2": null }, "geometry": { "type": "Point", "coordinates": [ 135.152356, 34.7276941 ] } },
{ "type": "Feature", "properties": { "内容": "CareStationマザーリーフ【訪問介護】有野町有野944－2", "url": "https://www.kaigokensaku.mhlw.go.jp/28/index.php?action_kouhyou_detail_004_kani=true&JigyosyoCd=2875004323-00&ServiceCd=110&Type=search", "url2": "https://motherleaf.group/" }, "geometry": { "type": "Point", "coordinates": [ 135.218714889549261, 34.80878681807414 ] } },
{ "type": "Feature", "properties": { "内容": "ハートケア【訪問介護】鈴蘭台北町５丁目４番５号", "url": "https://www.kaigokensaku.mhlw.go.jp/28/index.php?action_kouhyou_detail_004_kani=true&JigyosyoCd=2875004109-00&ServiceCd=110&Type=search", "url2": "kobe-sakurataxi.com" }, "geometry": { "type": "Point", "coordinates": [ 135.1529865, 34.7265779 ] } },
{ "type": "Feature", "properties": { "内容": "訪問介護ステーション在る【訪問介護】兵庫県神戸市北区藤原台南町2-8-5", "url": "https://www.kaigokensaku.mhlw.go.jp/28/index.php?action_kouhyou_detail_004_kani=true&JigyosyoCd=2875004489-00&ServiceCd=110&Type=search", "url2": "http://www.houmonkaigo-aru.com" }, "geometry": { "type": "Point", "coordinates": [ 135.2100131, 34.8109057 ] } },
{ "type": "Feature", "properties": { "内容": "西すず安心センター【訪問介護】兵庫県神戸市北区北五葉１丁目13-1　レ・アールビル3Ｆ", "url": "https://www.kaigokensaku.mhlw.go.jp/28/index.php?action_kouhyou_detail_004_kani=true&JigyosyoCd=2875000222-00&ServiceCd=110&Type=search", "url2": "https://nisisuzuannsinn.1net.jp/" }, "geometry": { "type": "Point", "coordinates": [ 135.13651440000001, 34.727111900000011 ] } },
{ "type": "Feature", "properties": { "内容": "ヘルパーステーション菜々【訪問介護】西大池2丁目26番地2", "url": "https://www.kaigokensaku.mhlw.go.jp/28/index.php?action_kouhyou_detail_004_kani=true&JigyosyoCd=2875004539-00&ServiceCd=110&Type=search", "url2": null }, "geometry": { "type": "Point", "coordinates": [ 135.195010200000013, 34.7717571 ] } },
{ "type": "Feature", "properties": { "内容": "訪問介護事業所COLOR【訪問介護】兵庫県神戸市北区谷上西町27-2-205", "url": "https://www.kaigokensaku.mhlw.go.jp/28/index.php?action_kouhyou_detail_004_kani=true&JigyosyoCd=2875004232-00&ServiceCd=110&Type=search", "url2": "https://ally-color.jimdofree.com/" }, "geometry": { "type": "Point", "coordinates": [ 135.1702363, 34.762637 ] } },
{ "type": "Feature", "properties": { "内容": "レオケアステーション二宮【訪問介護】二宮町3-1-5おひさまの家二宮神社", "url": "https://www.kaigokensaku.mhlw.go.jp/28/index.php?action_kouhyou_detail_004_kani=true&JigyosyoCd=2875103224-00&ServiceCd=110&Type=search", "url2": "htpp://leo-good.com" }, "geometry": { "type": "Point", "coordinates": [ 135.196983, 34.6990126 ] } },
{ "type": "Feature", "properties": { "内容": "アン介護センター【訪問介護】熊内町１丁目8-12-609", "url": "https://www.kaigokensaku.mhlw.go.jp/28/index.php?action_kouhyou_detail_004_kani=true&JigyosyoCd=2875102713-00&ServiceCd=110&Type=search", "url2": null }, "geometry": { "type": "Point", "coordinates": [ 135.202436299999988, 34.707853 ] } },
{ "type": "Feature", "properties": { "内容": "ほうもんかいご　にーず【訪問介護】兵庫県神戸市中央区日暮通6丁目1番28号", "url": "https://www.kaigokensaku.mhlw.go.jp/28/index.php?action_kouhyou_detail_004_kani=true&JigyosyoCd=2875104545-00&ServiceCd=110&Type=search", "url2": null }, "geometry": { "type": "Point", "coordinates": [ 135.2027582, 34.6983227 ] } },
{ "type": "Feature", "properties": { "内容": "ケアステーション　なごみん【訪問介護】兵庫県神戸市中央区大日通2-4-9", "url": "https://www.kaigokensaku.mhlw.go.jp/28/index.php?action_kouhyou_detail_004_kani=true&JigyosyoCd=2875104529-00&ServiceCd=110&Type=search", "url2": null }, "geometry": { "type": "Point", "coordinates": [ 135.2121827, 34.7062773 ] } },
{ "type": "Feature", "properties": { "内容": "訪問介護ステーション　つばめ【訪問介護】神戸市中央区中山手通７丁目８－５", "url": "https://www.kaigokensaku.mhlw.go.jp/28/index.php?action_kouhyou_detail_004_kani=true&JigyosyoCd=2875102895-00&ServiceCd=110&Type=search", "url2": null }, "geometry": { "type": "Point", "coordinates": [ 135.177143564045394, 34.690662164890647 ] } },
{ "type": "Feature", "properties": { "内容": "株式会社アイル　安心サポートセンター【訪問介護】兵庫県神戸市中央区港島中町2丁目1-12北埠頭ビル3階", "url": "https://www.kaigokensaku.mhlw.go.jp/28/index.php?action_kouhyou_detail_004_kani=true&JigyosyoCd=2875103059-00&ServiceCd=110&Type=search", "url2": "https://isle-support-kobe.com" }, "geometry": { "type": "Point", "coordinates": [ 135.214182605557198, 34.673047330827117 ] } },
{ "type": "Feature", "properties": { "内容": "在宅ケアサービス　ソラストポートアイランド【訪問介護】兵庫県神戸市中央区港島中町4丁目1-1ポートアイランドビル11階", "url": "https://www.kaigokensaku.mhlw.go.jp/28/index.php?action_kouhyou_detail_004_kani=true&JigyosyoCd=2875103596-00&ServiceCd=110&Type=search", "url2": "http://solasto-kaigo.com/care/area/solastoport-island.html" }, "geometry": { "type": "Point", "coordinates": [ 135.207438909663779, 34.672684996931821 ] } },
{ "type": "Feature", "properties": { "内容": "介護処　花笑み【訪問介護】北野町４丁目3-10ブリリオ北野異人館通101", "url": "https://www.kaigokensaku.mhlw.go.jp/28/index.php?action_kouhyou_detail_004_kani=true&JigyosyoCd=2875104255-00&ServiceCd=110&Type=search", "url2": "http://hp.kaipoke.biz/xxz/" }, "geometry": { "type": "Point", "coordinates": [ 135.188276268379354, 34.698981269516764 ] } },
{ "type": "Feature", "properties": { "内容": "介護福祉タクシー　こうべトラストケア【訪問介護】兵庫県神戸市中央区神若通1-3-8大森ビル", "url": "https://www.kaigokensaku.mhlw.go.jp/28/index.php?action_kouhyou_detail_004_kani=true&JigyosyoCd=2875104578-00&ServiceCd=110&Type=search", "url2": "https://shinshin-kobe.com/" }, "geometry": { "type": "Point", "coordinates": [ 135.204575177909845, 34.704315840391189 ] } },
{ "type": "Feature", "properties": { "内容": "ななみ【訪問介護】神戸市中央区諏訪山町１－１６－１階西", "url": "https://www.kaigokensaku.mhlw.go.jp/28/index.php?action_kouhyou_detail_004_kani=true&JigyosyoCd=2875102069-00&ServiceCd=110&Type=search", "url2": "http://hp.kaipoke.biz/b9c/" }, "geometry": { "type": "Point", "coordinates": [ 135.178981900000053, 34.6946989 ] } },
{ "type": "Feature", "properties": { "内容": "ヘルパーステーションあお空【訪問介護】兵庫県神戸市中央区筒井町3丁目１番２号村上ハイツ１階", "url": "https://www.kaigokensaku.mhlw.go.jp/28/index.php?action_kouhyou_detail_004_kani=true&JigyosyoCd=2875103380-00&ServiceCd=110&Type=search", "url2": null }, "geometry": { "type": "Point", "coordinates": [ 135.209225564694123, 34.70076611427848 ] } },
{ "type": "Feature", "properties": { "内容": "ケアステーション七彩【訪問介護】多聞通2-4-4ブックローン神戸ビル西館７FA室", "url": "https://www.kaigokensaku.mhlw.go.jp/28/index.php?action_kouhyou_detail_004_kani=true&JigyosyoCd=2875104305-00&ServiceCd=110&Type=search", "url2": null }, "geometry": { "type": "Point", "coordinates": [ 135.177080399999966, 34.681343599999984 ] } },
{ "type": "Feature", "properties": { "内容": "神戸高齢者ケアセンター真愛【訪問介護】神戸市中央区日暮通５丁目５番８号", "url": "https://www.kaigokensaku.mhlw.go.jp/28/index.php?action_kouhyou_detail_004_kani=true&JigyosyoCd=2875100063-00&ServiceCd=110&Type=search", "url2": "http://www.shin-ai.biz/" }, "geometry": { "type": "Point", "coordinates": [ 135.203221399999961, 34.6984101 ] } },
{ "type": "Feature", "properties": { "内容": "コウダイケアサービス訪問介護事業所【訪問介護】神戸市中央区八幡通３丁目1番14号サンシポートビル3Ｆ", "url": "https://www.kaigokensaku.mhlw.go.jp/28/index.php?action_kouhyou_detail_004_kani=true&JigyosyoCd=2875100428-00&ServiceCd=110&Type=search", "url2": "https://koudai-care.co.jp/" }, "geometry": { "type": "Point", "coordinates": [ 135.197796349490318, 34.690396149348231 ] } },
{ "type": "Feature", "properties": { "内容": "神戸YWCAまごの手【訪問介護】神戸市中央区二宮町1-12-10", "url": "https://www.kaigokensaku.mhlw.go.jp/28/index.php?action_kouhyou_detail_004_kani=true&JigyosyoCd=2875100519-00&ServiceCd=110&Type=search", "url2": "http://www.kobe.ywca.or.jp/" }, "geometry": { "type": "Point", "coordinates": [ 135.1982107, 34.7008319 ] } },
{ "type": "Feature", "properties": { "内容": "スミリンケアライフ株式会社　摩耶ステーション【訪問介護】兵庫県神戸市中央区脇浜町2丁目11番14号現代神戸ビル1階", "url": "https://www.kaigokensaku.mhlw.go.jp/28/index.php?action_kouhyou_detail_004_kani=true&JigyosyoCd=2875100600-00&ServiceCd=110&Type=search", "url2": "https://www.s-carelife.co.jp" }, "geometry": { "type": "Point", "coordinates": [ 135.214334264448553, 34.702482026459997 ] } },
{ "type": "Feature", "properties": { "内容": "ニチイケアセンター三宮【訪問介護】兵庫県神戸市中央区雲井通2丁目1-3レーベン三宮103号室", "url": "https://www.kaigokensaku.mhlw.go.jp/28/index.php?action_kouhyou_detail_004_kani=true&JigyosyoCd=2875100634-00&ServiceCd=110&Type=search", "url2": "http://www.nichiigakkan.co.jp" }, "geometry": { "type": "Point", "coordinates": [ 135.201023102269005, 34.696370696863553 ] } },
{ "type": "Feature", "properties": { "内容": "すまいるヘルパーステーション【訪問介護】神戸市中央区中山手通４－１７－３４", "url": "https://www.kaigokensaku.mhlw.go.jp/28/index.php?action_kouhyou_detail_004_kani=true&JigyosyoCd=2875100808-00&ServiceCd=110&Type=search", "url2": "https://www.smile-kouseikai.com/" }, "geometry": { "type": "Point", "coordinates": [ 135.184959182209013, 34.693817484019519 ] } },
{ "type": "Feature", "properties": { "内容": "(有)ケイホワイトヘルパーステーションうさぎ【訪問介護】神戸市中央区楠町6丁目2－8", "url": "https://www.kaigokensaku.mhlw.go.jp/28/index.php?action_kouhyou_detail_004_kani=true&JigyosyoCd=2875100949-00&ServiceCd=110&Type=search", "url2": "http://www.k-white.co.jp/" }, "geometry": { "type": "Point", "coordinates": [ 135.172303532324719, 34.681258927745837 ] } },
{ "type": "Feature", "properties": { "内容": "ニチイケアセンター神戸駅前【訪問介護】兵庫県神戸市中央区多聞通４丁目１－３中山ビル3階", "url": "https://www.kaigokensaku.mhlw.go.jp/28/index.php?action_kouhyou_detail_004_kani=true&JigyosyoCd=2875100972-00&ServiceCd=110&Type=search", "url2": "http://www.nichiigakkan.co.jp" }, "geometry": { "type": "Point", "coordinates": [ 135.175310299999978, 34.6801977 ] } },
{ "type": "Feature", "properties": { "内容": "ケア21三宮【訪問介護】神戸市中央区磯上通3-2-2　エイジングコート三宮2F", "url": "https://www.kaigokensaku.mhlw.go.jp/28/index.php?action_kouhyou_detail_004_kani=true&JigyosyoCd=2875101202-00&ServiceCd=110&Type=search", "url2": null }, "geometry": { "type": "Point", "coordinates": [ 135.201485, 34.6934224 ] } },
{ "type": "Feature", "properties": { "内容": "アミティー介護センターポートアイランド【訪問介護】兵庫県神戸市中央区港島中町3-1-2神戸ポートビレッジ南棟15", "url": "https://www.kaigokensaku.mhlw.go.jp/28/index.php?action_kouhyou_detail_004_kani=true&JigyosyoCd=2875101475-00&ServiceCd=110&Type=search", "url2": "http://www.pinzo.co.jp" }, "geometry": { "type": "Point", "coordinates": [ 135.209749399999964, 34.6706964 ] } },
{ "type": "Feature", "properties": { "内容": "やまさんケアー【訪問介護】兵庫県神戸市中央区山本通3丁目15-10", "url": "https://www.kaigokensaku.mhlw.go.jp/28/index.php?action_kouhyou_detail_004_kani=true&JigyosyoCd=2875101582-00&ServiceCd=110&Type=search", "url2": null }, "geometry": { "type": "Point", "coordinates": [ 135.186135559988543, 34.69752850325105 ] } },
{ "type": "Feature", "properties": { "内容": "ヘルパーステーション・すうふぅ【訪問介護】神戸市中央区日暮通２丁目３－３", "url": "https://www.kaigokensaku.mhlw.go.jp/28/index.php?action_kouhyou_detail_004_kani=true&JigyosyoCd=2875101848-00&ServiceCd=110&Type=search", "url2": null }, "geometry": { "type": "Point", "coordinates": [ 135.206643206328863, 34.700015424201759 ] } },
{ "type": "Feature", "properties": { "内容": "神戸ケアセンター【訪問介護】神戸市中央区中町通2丁目2-5ローレル神戸駅前１０２", "url": "https://www.kaigokensaku.mhlw.go.jp/28/index.php?action_kouhyou_detail_004_kani=true&JigyosyoCd=2875101962-00&ServiceCd=110&Type=search", "url2": null }, "geometry": { "type": "Point", "coordinates": [ 135.176129700000047, 34.6790201 ] } },
{ "type": "Feature", "properties": { "内容": "いきいき介護支援センター【訪問介護】日暮通6丁目1-29　オオギビル202", "url": "https://www.kaigokensaku.mhlw.go.jp/28/index.php?action_kouhyou_detail_004_kani=true&JigyosyoCd=2875101988-00&ServiceCd=110&Type=search", "url2": null }, "geometry": { "type": "Point", "coordinates": [ 135.202335400000038, 34.6986878 ] } },
{ "type": "Feature", "properties": { "内容": "めぐみケアセンター【訪問介護】神戸市中央区港島中町三丁目１番２号ポートビレジ１階", "url": "https://www.kaigokensaku.mhlw.go.jp/28/index.php?action_kouhyou_detail_004_kani=true&JigyosyoCd=2875102002-00&ServiceCd=110&Type=search", "url2": "http:/www.megumi-clinic.net/" }, "geometry": { "type": "Point", "coordinates": [ 135.21045338197689, 34.670448973356542 ] } },
{ "type": "Feature", "properties": { "内容": "セントケア神戸【訪問介護】兵庫県神戸市中央区多聞通２－４－４ブックローンビル神戸東館２階", "url": "https://www.kaigokensaku.mhlw.go.jp/28/index.php?action_kouhyou_detail_004_kani=true&JigyosyoCd=2875102028-00&ServiceCd=110&Type=search", "url2": "http://www.saint-care.com/" }, "geometry": { "type": "Point", "coordinates": [ 135.177253871380231, 34.68133310684199 ] } },
{ "type": "Feature", "properties": { "内容": "東川崎高齢者ケアセンター真愛【訪問介護】神戸市中央区東川崎町７丁目４番３号", "url": "https://www.kaigokensaku.mhlw.go.jp/28/index.php?action_kouhyou_detail_004_kani=true&JigyosyoCd=2875102168-00&ServiceCd=110&Type=search", "url2": "http://www.shin-ai.biz/" }, "geometry": { "type": "Point", "coordinates": [ 135.179199, 34.6752011 ] } },
{ "type": "Feature", "properties": { "内容": "医療法人社団　王子会　ケアステーションプリエール　訪問介護事業所【訪問介護】籠池通5丁目１-25", "url": "https://www.kaigokensaku.mhlw.go.jp/28/index.php?action_kouhyou_detail_004_kani=true&JigyosyoCd=2875102374-00&ServiceCd=110&Type=search", "url2": null }, "geometry": { "type": "Point", "coordinates": [ 135.206365300000016, 34.7103116 ] } },
{ "type": "Feature", "properties": { "内容": "ケアサービスつぼみ【訪問介護】神戸市中央区熊内橋通６丁目１－１９", "url": "https://www.kaigokensaku.mhlw.go.jp/28/index.php?action_kouhyou_detail_004_kani=true&JigyosyoCd=2875102515-00&ServiceCd=110&Type=search", "url2": null }, "geometry": { "type": "Point", "coordinates": [ 135.19926244199263, 34.704465704151218 ] } },
{ "type": "Feature", "properties": { "内容": "訪問介護事業所サニーピア【訪問介護】兵庫県神戸市中央区波止場町3番12号", "url": "https://www.kaigokensaku.mhlw.go.jp/28/index.php?action_kouhyou_detail_004_kani=true&JigyosyoCd=2875103141-00&ServiceCd=110&Type=search", "url2": "http://www.sunny-pier.or.jp/" }, "geometry": { "type": "Point", "coordinates": [ 135.188900699999976, 34.685011 ] } },
{ "type": "Feature", "properties": { "内容": "さくら介護センター【訪問介護】兵庫県神戸市中央区筒井町１丁目３－１４ライフかすがの１階", "url": "https://www.kaigokensaku.mhlw.go.jp/28/index.php?action_kouhyou_detail_004_kani=true&JigyosyoCd=2875103257-00&ServiceCd=110&Type=search", "url2": null }, "geometry": { "type": "Point", "coordinates": [ 135.2090902, 34.7038874 ] } },
{ "type": "Feature", "properties": { "内容": "ホームヘルプサービススリール春日野道【訪問介護】兵庫県神戸市中央区国香通3-2-19", "url": "https://www.kaigokensaku.mhlw.go.jp/28/index.php?action_kouhyou_detail_004_kani=true&JigyosyoCd=2875103422-00&ServiceCd=110&Type=search", "url2": "hina-corp.com" }, "geometry": { "type": "Point", "coordinates": [ 135.203699, 34.7030679 ] } },
{ "type": "Feature", "properties": { "内容": "ベネットケアセンター【訪問介護】兵庫県神戸市中央区脇浜町1-2-3西山ビル５０５号室", "url": "https://www.kaigokensaku.mhlw.go.jp/28/index.php?action_kouhyou_detail_004_kani=true&JigyosyoCd=2875103638-00&ServiceCd=110&Type=search", "url2": null }, "geometry": { "type": "Point", "coordinates": [ 135.215197900000021, 34.703337700000034 ] } },
{ "type": "Feature", "properties": { "内容": "訪問介護事業所あそなび【訪問介護】中町通4-2-11村上ビル3F", "url": "https://www.kaigokensaku.mhlw.go.jp/28/index.php?action_kouhyou_detail_004_kani=true&JigyosyoCd=2875103737-00&ServiceCd=110&Type=search", "url2": "https://asobigoe.jp/" }, "geometry": { "type": "Point", "coordinates": [ 135.173797117513288, 34.678139856976848 ] } },
{ "type": "Feature", "properties": { "内容": "あくとケア神戸三宮【訪問介護】若菜通６丁目2-14センターリングビル2階", "url": "https://www.kaigokensaku.mhlw.go.jp/28/index.php?action_kouhyou_detail_004_kani=true&JigyosyoCd=2875103810-00&ServiceCd=110&Type=search", "url2": null }, "geometry": { "type": "Point", "coordinates": [ 135.200521500000036, 34.7002245 ] } },
{ "type": "Feature", "properties": { "内容": "Ｃａｒｅステーションひととき【訪問介護】兵庫県神戸市中央区磯辺痛2-2-25-202", "url": "https://www.kaigokensaku.mhlw.go.jp/28/index.php?action_kouhyou_detail_004_kani=true&JigyosyoCd=2875104024-00&ServiceCd=110&Type=search", "url2": null }, "geometry": { "type": "Point", "coordinates": [ 135.199659843755541, 34.690436183153182 ] } },
{ "type": "Feature", "properties": { "内容": "ツクイ神戸三宮【訪問介護】兵庫県神戸市中央区旭通1-1-1サンピア113", "url": "https://www.kaigokensaku.mhlw.go.jp/28/index.php?action_kouhyou_detail_004_kani=true&JigyosyoCd=2875104099-00&ServiceCd=110&Type=search", "url2": "https://www.tsukui.net/" }, "geometry": { "type": "Point", "coordinates": [ 135.2007243, 34.6976514 ] } },
{ "type": "Feature", "properties": { "内容": "永神館ヘルパーステーション【訪問介護】兵庫県神戸市中央区栄町通6-1-8", "url": "https://www.kaigokensaku.mhlw.go.jp/28/index.php?action_kouhyou_detail_004_kani=true&JigyosyoCd=2875104297-00&ServiceCd=110&Type=search", "url2": "https://kobe-eishinkan.or.jp" }, "geometry": { "type": "Point", "coordinates": [ 135.1817687, 34.6836688 ] } },
{ "type": "Feature", "properties": { "内容": "helperbase.ハノケア【訪問介護】兵庫県神戸市中央区中山手通1-15-7エースタウン東門街502", "url": "https://www.kaigokensaku.mhlw.go.jp/28/index.php?action_kouhyou_detail_004_kani=true&JigyosyoCd=2875104388-00&ServiceCd=110&Type=search", "url2": "https://www.hanocare.net/" }, "geometry": { "type": "Point", "coordinates": [ 135.1916532, 34.6956824 ] } },
{ "type": "Feature", "properties": { "内容": "学研ココファン新神戸ヘルパーセンター【訪問介護】兵庫県神戸市中央区二宮町1丁目10-16", "url": "https://www.kaigokensaku.mhlw.go.jp/28/index.php?action_kouhyou_detail_004_kani=true&JigyosyoCd=2875104602-00&ServiceCd=110&Type=search", "url2": "https://www.cocofump.co.jp/" }, "geometry": { "type": "Point", "coordinates": [ 135.198337200000026, 34.701294899999986 ] } },
{ "type": "Feature", "properties": { "内容": "訪問介護ステーションゆりの郷【訪問介護】兵庫県神戸市中央区磯上通3丁目2番25-1206号ルネ神戸磯上通り", "url": "https://www.kaigokensaku.mhlw.go.jp/28/index.php?action_kouhyou_detail_004_kani=true&JigyosyoCd=2875104248-00&ServiceCd=110&Type=search", "url2": "info@yurinosato-kobe.com" }, "geometry": { "type": "Point", "coordinates": [ 135.201332599999972, 34.6937159 ] } },
{ "type": "Feature", "properties": { "内容": "けあさぽーとあんて【訪問介護】兵庫県神戸市中央区日暮通4丁目1番17号サンセットクレール101", "url": "https://www.kaigokensaku.mhlw.go.jp/28/index.php?action_kouhyou_detail_004_kani=true&JigyosyoCd=2875103844-00&ServiceCd=110&Type=search", "url2": "http://hp.kaipoke.biz/50x/" }, "geometry": { "type": "Point", "coordinates": [ 135.204089893865785, 34.69913267722351 ] } },
{ "type": "Feature", "properties": { "内容": "ケアフリー神戸中央【訪問介護】兵庫県神戸市中央区港島中町3-1-2神戸ポートビレジ北棟1階16号室", "url": "https://www.kaigokensaku.mhlw.go.jp/28/index.php?action_kouhyou_detail_004_kani=true&JigyosyoCd=2875104461-00&ServiceCd=110&Type=search", "url2": "http://www.carefree.co.jp" }, "geometry": { "type": "Point", "coordinates": [ 135.2100283, 34.6704337 ] } },
{ "type": "Feature", "properties": { "内容": "なかよしクラブ神戸中央【訪問介護】元町通４丁目３－１３ＳＥＧＯビル３Ｆ", "url": "https://www.kaigokensaku.mhlw.go.jp/28/index.php?action_kouhyou_detail_004_kani=true&JigyosyoCd=2875102705-00&ServiceCd=110&Type=search", "url2": null }, "geometry": { "type": "Point", "coordinates": [ 135.183462299999974, 34.686911 ] } },
{ "type": "Feature", "properties": { "内容": "NPO法人介護サービスあじさいママ【訪問介護】神戸市中央区北長狭通8丁目1-8-105号ライオンズマンション神戸西元町", "url": "https://www.kaigokensaku.mhlw.go.jp/28/index.php?action_kouhyou_detail_004_kani=true&JigyosyoCd=2875100659-00&ServiceCd=110&Type=search", "url2": "https://npocom.jimdoweb.com/" }, "geometry": { "type": "Point", "coordinates": [ 135.178185381528294, 34.682937588309635 ] } },
{ "type": "Feature", "properties": { "内容": "神戸市障害者社会参加推進センター【訪問介護】兵庫県神戸市中央区橘通3丁目4番1号神戸市立総合福祉センター内", "url": "https://www.kaigokensaku.mhlw.go.jp/28/index.php?action_kouhyou_detail_004_kani=true&JigyosyoCd=2875101806-00&ServiceCd=110&Type=search", "url2": "http://www.kobe-shishinren.jp" }, "geometry": { "type": "Point", "coordinates": [ 135.173782599999981, 34.6809781 ] } },
{ "type": "Feature", "properties": { "内容": "琴介護サービス【訪問介護】下山手通８丁目１９番２２号", "url": "https://www.kaigokensaku.mhlw.go.jp/28/index.php?action_kouhyou_detail_004_kani=true&JigyosyoCd=2875103935-00&ServiceCd=110&Type=search", "url2": null }, "geometry": { "type": "Point", "coordinates": [ 135.177188300000012, 34.686585 ] } },
{ "type": "Feature", "properties": { "内容": "訪問介護ロイヤルライフ【訪問介護】北長狭通4丁目9－23－101", "url": "https://www.kaigokensaku.mhlw.go.jp/28/index.php?action_kouhyou_detail_004_kani=true&JigyosyoCd=2875104115-00&ServiceCd=110&Type=search", "url2": null }, "geometry": { "type": "Point", "coordinates": [ 135.207898992943569, 34.706982437771451 ] } },
{ "type": "Feature", "properties": { "内容": "ケアセンターいくた【訪問介護】兵庫県神戸市中央区旭通1-1-1サンピア105", "url": "https://www.kaigokensaku.mhlw.go.jp/28/index.php?action_kouhyou_detail_004_kani=true&JigyosyoCd=2875104271-00&ServiceCd=110&Type=search", "url2": null }, "geometry": { "type": "Point", "coordinates": [ 135.200968622753919, 34.697413515998257 ] } },
{ "type": "Feature", "properties": { "内容": "ヘルパーステーション　サンケア【訪問介護】琴ノ緒町4-3-13オリバー三宮ビル5F", "url": "https://www.kaigokensaku.mhlw.go.jp/28/index.php?action_kouhyou_detail_004_kani=true&JigyosyoCd=2875104636-00&ServiceCd=110&Type=search", "url2": "http://www.sanseihospital.com" }, "geometry": { "type": "Point", "coordinates": [ 135.1957026, 34.696086900000033 ] } },
{ "type": "Feature", "properties": { "内容": "社会福祉法人明倫福祉会ヘルパーステーションさんぷら【訪問介護】兵庫県神戸市中央区琴ノ緒町3丁目3-26平田ビル２階西号室", "url": "https://www.kaigokensaku.mhlw.go.jp/28/index.php?action_kouhyou_detail_004_kani=true&JigyosyoCd=2875102283-00&ServiceCd=110&Type=search", "url2": "http://www.meirinfukushi.or.jp" }, "geometry": { "type": "Point", "coordinates": [ 135.195574790313941, 34.69758037317871 ] } },
{ "type": "Feature", "properties": { "内容": "トンド三宮ケアセンター【訪問介護】兵庫県神戸市中央区二宮町3丁目11-10ＳＡＮＫＯラフィーネ　601号室", "url": "https://www.kaigokensaku.mhlw.go.jp/28/index.php?action_kouhyou_detail_004_kani=true&JigyosyoCd=2875103356-00&ServiceCd=110&Type=search", "url2": null }, "geometry": { "type": "Point", "coordinates": [ 135.195563699999951, 34.699423600000024 ] } },
{ "type": "Feature", "properties": { "内容": "ダリア訪問介護事業所【訪問介護】兵庫県神戸市中央区中島通5丁目2-40", "url": "https://www.kaigokensaku.mhlw.go.jp/28/index.php?action_kouhyou_detail_004_kani=true&JigyosyoCd=2875103984-00&ServiceCd=110&Type=search", "url2": null }, "geometry": { "type": "Point", "coordinates": [ 135.2043481, 34.7118316 ] } },
{ "type": "Feature", "properties": { "内容": "株式会社ディーシーワールド　レオ営業所【訪問介護】兵庫県神戸市中央区北長狭通3丁目5-6", "url": "https://www.kaigokensaku.mhlw.go.jp/28/index.php?action_kouhyou_detail_004_kani=true&JigyosyoCd=2875104289-00&ServiceCd=110&Type=search", "url2": "https://sites.google.com/view/kaigo-leo" }, "geometry": { "type": "Point", "coordinates": [ 135.1884892, 34.6913031 ] } },
{ "type": "Feature", "properties": { "内容": "ケア縁イト【訪問介護】再度筋3番1号", "url": "https://www.kaigokensaku.mhlw.go.jp/28/index.php?action_kouhyou_detail_004_kani=true&JigyosyoCd=2875104651-00&ServiceCd=110&Type=search", "url2": null }, "geometry": { "type": "Point", "coordinates": [ 135.1769597, 34.6927708 ] } },
{ "type": "Feature", "properties": { "内容": "ヘルパーステーション太陽の家【訪問介護】兵庫県神戸市中央区琴ノ緒町５丁目７番１９号", "url": "https://www.kaigokensaku.mhlw.go.jp/28/index.php?action_kouhyou_detail_004_kani=true&JigyosyoCd=2875104677-00&ServiceCd=110&Type=search", "url2": null }, "geometry": { "type": "Point", "coordinates": [ 135.194658446022856, 34.697114168194723 ] } },
{ "type": "Feature", "properties": { "内容": "ネオ介護支援センター【訪問介護】兵庫県神戸市中央区大日通5-1-9リトルハイツ1F", "url": "https://www.kaigokensaku.mhlw.go.jp/28/index.php?action_kouhyou_detail_004_kani=true&JigyosyoCd=2875101467-00&ServiceCd=110&Type=search", "url2": "http://www.neokaigo.net" }, "geometry": { "type": "Point", "coordinates": [ 135.2086263, 34.7049484 ] } },
{ "type": "Feature", "properties": { "内容": "ケアステーション　あゆみ【訪問介護】八雲通1-1-22サンハイツ雅101", "url": "https://www.kaigokensaku.mhlw.go.jp/28/index.php?action_kouhyou_detail_004_kani=true&JigyosyoCd=2875101590-00&ServiceCd=110&Type=search", "url2": null }, "geometry": { "type": "Point", "coordinates": [ 135.2064225, 34.7014439 ] } },
{ "type": "Feature", "properties": { "内容": "山陽ケアセンター神戸【訪問介護】神戸市中央区国香通5丁目2-30-202", "url": "https://www.kaigokensaku.mhlw.go.jp/28/index.php?action_kouhyou_detail_004_kani=true&JigyosyoCd=2875104073-00&ServiceCd=110&Type=search", "url2": "htpp://www.sanyo-medhical.com" }, "geometry": { "type": "Point", "coordinates": [ 135.202038215802389, 34.702430546860953 ] } },
{ "type": "Feature", "properties": { "内容": "Lit【訪問介護】兵庫県神戸市中央区元町通2丁目5-14キヨシマビル2F", "url": "https://www.kaigokensaku.mhlw.go.jp/28/index.php?action_kouhyou_detail_004_kani=true&JigyosyoCd=2875104149-00&ServiceCd=110&Type=search", "url2": "keiko.odamura@lifeistop-lit.com" }, "geometry": { "type": "Point", "coordinates": [ 135.186870699999986, 34.688204900000031 ] } },
{ "type": "Feature", "properties": { "内容": "訪問介護事業所さかのうえ【訪問介護】兵庫県神戸市中央区中町通４丁目２番１１号村上ビル４階", "url": "https://www.kaigokensaku.mhlw.go.jp/28/index.php?action_kouhyou_detail_004_kani=true&JigyosyoCd=2875104362-00&ServiceCd=110&Type=search", "url2": "https://slopekk.jp/" }, "geometry": { "type": "Point", "coordinates": [ 135.1737951, 34.6781552 ] } },
{ "type": "Feature", "properties": { "内容": "マリナーズみなとじま訪問介護ステーション【訪問介護】兵庫県神戸市中央区港島中町4-6", "url": "https://www.kaigokensaku.mhlw.go.jp/28/index.php?action_kouhyou_detail_004_kani=true&JigyosyoCd=2875104628-00&ServiceCd=110&Type=search", "url2": "https://www.pi.kobe-mariners.or.jp/minatojima_houmonkaigo/index.html" }, "geometry": { "type": "Point", "coordinates": [ 135.2090473, 34.6686904 ] } },
{ "type": "Feature", "properties": { "内容": "アポロケア【訪問介護】神戸市中央区筒井町３丁目６ー１２カネヤママンション1階", "url": "https://www.kaigokensaku.mhlw.go.jp/28/index.php?action_kouhyou_detail_004_kani=true&JigyosyoCd=2875104347-00&ServiceCd=110&Type=search", "url2": null }, "geometry": { "type": "Point", "coordinates": [ 135.2085286, 34.7019414 ] } },
{ "type": "Feature", "properties": { "内容": "あかねケア【訪問介護】兵庫県神戸市中央区割塚通３丁目2-18", "url": "https://www.kaigokensaku.mhlw.go.jp/28/index.php?action_kouhyou_detail_004_kani=true&JigyosyoCd=2875104719-00&ServiceCd=110&Type=search", "url2": null }, "geometry": { "type": "Point", "coordinates": [ 135.2112343, 34.7054484 ] } },
{ "type": "Feature", "properties": { "内容": "アクティブライフ神戸【訪問介護】兵庫県神戸市中央区籠池通２丁目２－１０", "url": "https://www.kaigokensaku.mhlw.go.jp/28/index.php?action_kouhyou_detail_004_kani=true&JigyosyoCd=2875100873-00&ServiceCd=110&Type=search", "url2": "http://www.activelife.co.jp/" }, "geometry": { "type": "Point", "coordinates": [ 135.209570500000041, 34.7114671 ] } },
{ "type": "Feature", "properties": { "内容": "やさしい手神戸西訪問介護事業所【訪問介護】神戸市西区糀台5-6-1西区文化センタービル6階", "url": "https://www.kaigokensaku.mhlw.go.jp/28/index.php?action_kouhyou_detail_004_kani=true&JigyosyoCd=2875201390-00&ServiceCd=110&Type=search", "url2": "http://www.yasashiite.com" }, "geometry": { "type": "Point", "coordinates": [ 135.018963695106549, 34.717799661724165 ] } },
{ "type": "Feature", "properties": { "内容": "ファミリーケアゆうあい水谷【訪問介護】兵庫県神戸市西区水谷1丁目3-7", "url": "https://www.kaigokensaku.mhlw.go.jp/28/index.php?action_kouhyou_detail_004_kani=true&JigyosyoCd=2875205441-00&ServiceCd=110&Type=search", "url2": null }, "geometry": { "type": "Point", "coordinates": [ 134.9985035, 34.6784033 ] } },
{ "type": "Feature", "properties": { "内容": "スマイルぜんかいヘルパーステーション【訪問介護】神戸市西区前開南町2丁目14-4　5階", "url": "https://www.kaigokensaku.mhlw.go.jp/28/index.php?action_kouhyou_detail_004_kani=true&JigyosyoCd=2875204634-00&ServiceCd=110&Type=search", "url2": "https://s-zenkai.com/" }, "geometry": { "type": "Point", "coordinates": [ 135.044146399999988, 34.6864737 ] } },
{ "type": "Feature", "properties": { "内容": "訪問介護　ケア－サ－ビス西神【訪問介護】神戸市西区押部谷町福住502-1", "url": "https://www.kaigokensaku.mhlw.go.jp/28/index.php?action_kouhyou_detail_004_kani=true&JigyosyoCd=2875200392-00&ServiceCd=110&Type=search", "url2": "http://care-net.biz/28/css/" }, "geometry": { "type": "Point", "coordinates": [ 135.038959200000022, 34.7564149 ] } },
{ "type": "Feature", "properties": { "内容": "神港園ホームヘルプセンター【訪問介護】神戸市西区神出町東１１８８－３４５", "url": "https://www.kaigokensaku.mhlw.go.jp/28/index.php?action_kouhyou_detail_004_kani=true&JigyosyoCd=2875200715-00&ServiceCd=110&Type=search", "url2": "http://www.shinkouen.or.jp" }, "geometry": { "type": "Point", "coordinates": [ 135.0197025, 34.7572867 ] } },
{ "type": "Feature", "properties": { "内容": "ヘルパーステーションコラージュ【訪問介護】兵庫県神戸市西区枝吉４丁目１２７森ビル１０３号室", "url": "https://www.kaigokensaku.mhlw.go.jp/28/index.php?action_kouhyou_detail_004_kani=true&JigyosyoCd=2875204022-00&ServiceCd=110&Type=search", "url2": "http://www.npotks.net" }, "geometry": { "type": "Point", "coordinates": [ 134.977510700000039, 34.6687074 ] } },
{ "type": "Feature", "properties": { "内容": "スマイル　アップ【訪問介護】兵庫県神戸市西区北別府４－４－２３", "url": "https://www.kaigokensaku.mhlw.go.jp/28/index.php?action_kouhyou_detail_004_kani=true&JigyosyoCd=2875204097-00&ServiceCd=110&Type=search", "url2": null }, "geometry": { "type": "Point", "coordinates": [ 135.009397, 34.6725348 ] } },
{ "type": "Feature", "properties": { "内容": "スマイルサポートセンター神戸大沢訪問介護事業所【訪問介護】兵庫県神戸市西区大沢1-10-3ディーフェスタ神戸大沢", "url": "https://www.kaigokensaku.mhlw.go.jp/28/index.php?action_kouhyou_detail_004_kani=true&JigyosyoCd=2875204048-00&ServiceCd=110&Type=search", "url2": "http://www.hakuaif.or.jp" }, "geometry": { "type": "Point", "coordinates": [ 134.936204422090185, 34.707394537761218 ] } },
{ "type": "Feature", "properties": { "内容": "ケアサービスあんしん【訪問介護】神戸市西区春日台6丁目17-117-1", "url": "https://www.kaigokensaku.mhlw.go.jp/28/index.php?action_kouhyou_detail_004_kani=true&JigyosyoCd=2875201523-00&ServiceCd=110&Type=search", "url2": null }, "geometry": { "type": "Point", "coordinates": [ 134.993566900000019, 34.7041728 ] } },
{ "type": "Feature", "properties": { "内容": "ヘルパーステーション　ねむの木【訪問介護】兵庫県神戸市西区南別府１丁目5-40-203グリーンマック", "url": "https://www.kaigokensaku.mhlw.go.jp/28/index.php?action_kouhyou_detail_004_kani=true&JigyosyoCd=2875205490-00&ServiceCd=110&Type=search", "url2": null }, "geometry": { "type": "Point", "coordinates": [ 135.0210783, 34.6696205 ] } },
{ "type": "Feature", "properties": { "内容": "ケアステーション　みくる【訪問介護】兵庫県神戸市西区池上4丁目22-4", "url": "https://www.kaigokensaku.mhlw.go.jp/28/index.php?action_kouhyou_detail_004_kani=true&JigyosyoCd=2875205524-00&ServiceCd=110&Type=search", "url2": null }, "geometry": { "type": "Point", "coordinates": [ 135.0235438, 34.6748224 ] } },
{ "type": "Feature", "properties": { "内容": "株式会社トータル・ライフサポート【訪問介護】兵庫県神戸市西区池上4丁目２９－７", "url": "https://www.kaigokensaku.mhlw.go.jp/28/index.php?action_kouhyou_detail_004_kani=true&JigyosyoCd=2875203776-00&ServiceCd=110&Type=search", "url2": null }, "geometry": { "type": "Point", "coordinates": [ 135.020312900000022, 34.6752082 ] } },
{ "type": "Feature", "properties": { "内容": "介護老人保健施設ハーベスピア【訪問介護】兵庫県神戸市西区伊川谷町字屋敷前1432-1", "url": "https://www.kaigokensaku.mhlw.go.jp/28/index.php?action_kouhyou_detail_004_kani=true&JigyosyoCd=2855280026-00&ServiceCd=110&Type=search", "url2": "http://www4.ocn.ne.jp/~ha-besu/" }, "geometry": { "type": "Point", "coordinates": [ 135.012619, 34.662747 ] } },
{ "type": "Feature", "properties": { "内容": "カトレア訪問看護ステーション【訪問介護】神戸市西区南別府2丁目１５番１２号", "url": "https://www.kaigokensaku.mhlw.go.jp/28/index.php?action_kouhyou_detail_004_kani=true&JigyosyoCd=2865290080-00&ServiceCd=110&Type=search", "url2": "http://www.abe-iin." }, "geometry": { "type": "Point", "coordinates": [ 135.015555660118906, 34.671047574865 ] } },
{ "type": "Feature", "properties": { "内容": "ホームヘルプステーション西神戸　玉津営業所【訪問介護】兵庫県神戸市西区持子３丁目４番地", "url": "https://www.kaigokensaku.mhlw.go.jp/28/index.php?action_kouhyou_detail_004_kani=true&JigyosyoCd=2875200491-00&ServiceCd=110&Type=search", "url2": null }, "geometry": { "type": "Point", "coordinates": [ 134.982054799999986, 34.673368 ] } },
{ "type": "Feature", "properties": { "内容": "ヘルパーステーション花園【訪問介護】兵庫県神戸市西区平野町慶明字花岡77", "url": "https://www.kaigokensaku.mhlw.go.jp/28/index.php?action_kouhyou_detail_004_kani=true&JigyosyoCd=2875200707-00&ServiceCd=110&Type=search", "url2": null }, "geometry": { "type": "Point", "coordinates": [ 134.9871757, 34.6916306 ] } },
{ "type": "Feature", "properties": { "内容": "ヘルパーステーション　あん【訪問介護】神戸市西区池上1丁目12-1B-804", "url": "https://www.kaigokensaku.mhlw.go.jp/28/index.php?action_kouhyou_detail_004_kani=true&JigyosyoCd=2875202034-00&ServiceCd=110&Type=search", "url2": null }, "geometry": { "type": "Point", "coordinates": [ 135.030889500000058, 34.671663 ] } },
{ "type": "Feature", "properties": { "内容": "訪問介護事業所　ファーストケア【訪問介護】神戸市西区池上2丁目3番地の6", "url": "https://www.kaigokensaku.mhlw.go.jp/28/index.php?action_kouhyou_detail_004_kani=true&JigyosyoCd=2875202240-00&ServiceCd=110&Type=search", "url2": null }, "geometry": { "type": "Point", "coordinates": [ 135.029853399999979, 34.6727823 ] } },
{ "type": "Feature", "properties": { "内容": "ゆい訪問介護【訪問介護】兵庫県神戸市西区前開南町1-3-8ゆいま～る伊川谷", "url": "https://www.kaigokensaku.mhlw.go.jp/28/index.php?action_kouhyou_detail_004_kani=true&JigyosyoCd=2875202927-00&ServiceCd=110&Type=search", "url2": "www.yui-care.net" }, "geometry": { "type": "Point", "coordinates": [ 135.041792200000032, 34.688089100000035 ] } },
{ "type": "Feature", "properties": { "内容": "めばえ【訪問介護】兵庫県神戸市西区前開南町1-5-12-101", "url": "https://www.kaigokensaku.mhlw.go.jp/28/index.php?action_kouhyou_detail_004_kani=true&JigyosyoCd=2875203024-00&ServiceCd=110&Type=search", "url2": "http://hp.kaipoke.biz/x97/index.html" }, "geometry": { "type": "Point", "coordinates": [ 135.04246569999998, 34.6879143 ] } },
{ "type": "Feature", "properties": { "内容": "株式会社　やさしい手広野高原【訪問介護】北山台3丁目12番15号", "url": "https://www.kaigokensaku.mhlw.go.jp/28/index.php?action_kouhyou_detail_004_kani=true&JigyosyoCd=2875203123-00&ServiceCd=110&Type=search", "url2": null }, "geometry": { "type": "Point", "coordinates": [ 135.034515100000021, 34.7641418 ] } },
{ "type": "Feature", "properties": { "内容": "ホームヘルプにこにこ【訪問介護】神戸市西区王塚台5丁目34-1", "url": "https://www.kaigokensaku.mhlw.go.jp/28/index.php?action_kouhyou_detail_004_kani=true&JigyosyoCd=2875203230-00&ServiceCd=110&Type=search", "url2": null }, "geometry": { "type": "Point", "coordinates": [ 134.974469099999965, 34.6739124 ] } },
{ "type": "Feature", "properties": { "内容": "ケア21神戸西【訪問介護】兵庫県神戸市西区池上4丁目15-1メゾン・ド・モンテアンD号室", "url": "https://www.kaigokensaku.mhlw.go.jp/28/index.php?action_kouhyou_detail_004_kani=true&JigyosyoCd=2875203321-00&ServiceCd=110&Type=search", "url2": null }, "geometry": { "type": "Point", "coordinates": [ 135.02502329999993, 34.6747347 ] } },
{ "type": "Feature", "properties": { "内容": "エールステーション　リハ･リハ【訪問介護】神戸市西区前開南町2丁目13-14リハリビング神戸西1F", "url": "https://www.kaigokensaku.mhlw.go.jp/28/index.php?action_kouhyou_detail_004_kani=true&JigyosyoCd=2875203388-00&ServiceCd=110&Type=search", "url2": "http://www.reha-reha.jp/" }, "geometry": { "type": "Point", "coordinates": [ 135.0444989, 34.6871117 ] } },
{ "type": "Feature", "properties": { "内容": "訪問介護事業所　サンビラこうべ【訪問介護】兵庫県神戸市西区神出町宝勢７７４－１７３", "url": "https://www.kaigokensaku.mhlw.go.jp/28/index.php?action_kouhyou_detail_004_kani=true&JigyosyoCd=2875203537-00&ServiceCd=110&Type=search", "url2": "https://www.ontoku.or.jp/facilities/sunvilla-visit-care/" }, "geometry": { "type": "Point", "coordinates": [ 134.972790393254058, 34.728662305540475 ] } },
{ "type": "Feature", "properties": { "内容": "レオ・ケアステーション伊川谷【訪問介護】兵庫県神戸市西区池上二丁目20-1ぬくもりの家　こころ西神戸", "url": "https://www.kaigokensaku.mhlw.go.jp/28/index.php?action_kouhyou_detail_004_kani=true&JigyosyoCd=2875204030-00&ServiceCd=110&Type=search", "url2": null }, "geometry": { "type": "Point", "coordinates": [ 135.026406599999973, 34.671374 ] } },
{ "type": "Feature", "properties": { "内容": "リアルライフ神戸【訪問介護】兵庫県神戸市西区伊川谷町有瀬696番地16リアルライフ神戸", "url": "https://www.kaigokensaku.mhlw.go.jp/28/index.php?action_kouhyou_detail_004_kani=true&JigyosyoCd=2875204139-00&ServiceCd=110&Type=search", "url2": null }, "geometry": { "type": "Point", "coordinates": [ 135.01825180000003, 34.6627748 ] } },
{ "type": "Feature", "properties": { "内容": "株式会社アイアルケア【訪問介護】兵庫県神戸市西区玉津町水谷201-2カルディアビル1階", "url": "https://www.kaigokensaku.mhlw.go.jp/28/index.php?action_kouhyou_detail_004_kani=true&JigyosyoCd=2875204253-00&ServiceCd=110&Type=search", "url2": null }, "geometry": { "type": "Point", "coordinates": [ 135.005828799999989, 34.6861464 ] } },
{ "type": "Feature", "properties": { "内容": "アイリスケアステーション【訪問介護】兵庫県神戸市西区池上4丁目21-3ハイカムール伊川　202号", "url": "https://www.kaigokensaku.mhlw.go.jp/28/index.php?action_kouhyou_detail_004_kani=true&JigyosyoCd=2875204402-00&ServiceCd=110&Type=search", "url2": "http://iriscare.net/" }, "geometry": { "type": "Point", "coordinates": [ 135.023547933837875, 34.675202181593527 ] } },
{ "type": "Feature", "properties": { "内容": "ベストプレイスケアステーション【訪問介護】兵庫県神戸市西区池上1丁目14-4プリンセス池上608号", "url": "https://www.kaigokensaku.mhlw.go.jp/28/index.php?action_kouhyou_detail_004_kani=true&JigyosyoCd=2875204436-00&ServiceCd=110&Type=search", "url2": null }, "geometry": { "type": "Point", "coordinates": [ 135.026987100000042, 34.6704824 ] } },
{ "type": "Feature", "properties": { "内容": "いちごいちえ【訪問介護】兵庫県神戸市西区池上2丁目9-6カーサ・デ・ソル102", "url": "https://www.kaigokensaku.mhlw.go.jp/28/index.php?action_kouhyou_detail_004_kani=true&JigyosyoCd=2875204543-00&ServiceCd=110&Type=search", "url2": null }, "geometry": { "type": "Point", "coordinates": [ 135.029431199999976, 34.6743404 ] } },
{ "type": "Feature", "properties": { "内容": "かいごの森【訪問介護】兵庫県神戸市西区狩場台5丁目5番地の51", "url": "https://www.kaigokensaku.mhlw.go.jp/28/index.php?action_kouhyou_detail_004_kani=true&JigyosyoCd=2875204618-00&ServiceCd=110&Type=search", "url2": "http://hp.kaipoke.biz/y4v/" }, "geometry": { "type": "Point", "coordinates": [ 135.030520548079153, 34.725311027426976 ] } },
{ "type": "Feature", "properties": { "内容": "訪問介護ステーション　ミライズ【訪問介護】兵庫県神戸市西区宮下1丁目26-14-206フレグランスリッチⅡ", "url": "https://www.kaigokensaku.mhlw.go.jp/28/index.php?action_kouhyou_detail_004_kani=true&JigyosyoCd=2875204790-00&ServiceCd=110&Type=search", "url2": null }, "geometry": { "type": "Point", "coordinates": [ 134.9765528, 34.6876995 ] } },
{ "type": "Feature", "properties": { "内容": "訪問介護和み【訪問介護】兵庫県神戸市西区宮下2丁目6-20藤ハイツB棟202号室", "url": "https://www.kaigokensaku.mhlw.go.jp/28/index.php?action_kouhyou_detail_004_kani=true&JigyosyoCd=2875205276-00&ServiceCd=110&Type=search", "url2": "https://nagomi-kobe.co.jp/" }, "geometry": { "type": "Point", "coordinates": [ 134.9785833, 34.6900691 ] } },
{ "type": "Feature", "properties": { "内容": "生活協同組合コープこうべ在宅介護サービス西神南【訪問介護】兵庫県神戸市西区井吹台東町1-1-3コープ西神南１階", "url": "https://www.kaigokensaku.mhlw.go.jp/28/index.php?action_kouhyou_detail_004_kani=true&JigyosyoCd=2875202612-00&ServiceCd=110&Type=search", "url2": "http://www.kobe.coop.or.jp/" }, "geometry": { "type": "Point", "coordinates": [ 135.0305624, 34.7001458 ] } },
{ "type": "Feature", "properties": { "内容": "FlowLotus【訪問介護】兵庫県　神戸市　西区　王塚台　76-7", "url": "https://www.kaigokensaku.mhlw.go.jp/28/index.php?action_kouhyou_detail_004_kani=true&JigyosyoCd=2875205417-00&ServiceCd=110&Type=search", "url2": "http://hp.kaipoke.biz/d4a/" }, "geometry": { "type": "Point", "coordinates": [ 134.976484949617969, 34.674861010847209 ] } },
{ "type": "Feature", "properties": { "内容": "スティールハート【訪問介護】兵庫県神戸市西区大津和２－９－３サニーパレス池上１０１", "url": "https://www.kaigokensaku.mhlw.go.jp/28/index.php?action_kouhyou_detail_004_kani=true&JigyosyoCd=2875204626-00&ServiceCd=110&Type=search", "url2": "https://www.steelheart2017.com/" }, "geometry": { "type": "Point", "coordinates": [ 135.0282948, 34.6691912 ] } },
{ "type": "Feature", "properties": { "内容": "うららヘルパーステーション【訪問介護】兵庫県神戸市西区白水2丁目3-21", "url": "https://www.kaigokensaku.mhlw.go.jp/28/index.php?action_kouhyou_detail_004_kani=true&JigyosyoCd=2875205235-00&ServiceCd=110&Type=search", "url2": null }, "geometry": { "type": "Point", "coordinates": [ 135.0064717, 34.6695425 ] } },
{ "type": "Feature", "properties": { "内容": "けあすてーしょんこころ【訪問介護】兵庫県神戸市西区白水2丁目13-9ジェルベーラ101号", "url": "https://www.kaigokensaku.mhlw.go.jp/28/index.php?action_kouhyou_detail_004_kani=true&JigyosyoCd=2875205599-00&ServiceCd=110&Type=search", "url2": null }, "geometry": { "type": "Point", "coordinates": [ 135.0022825, 34.6717475 ] } },
{ "type": "Feature", "properties": { "内容": "ニチイケアセンター西神南【訪問介護】兵庫県神戸市西区井吹台東町1丁目1-1西神南センタービル3階", "url": "https://www.kaigokensaku.mhlw.go.jp/28/index.php?action_kouhyou_detail_004_kani=true&JigyosyoCd=2875200756-00&ServiceCd=110&Type=search", "url2": "http;//www.nichiigakkan.co.jp" }, "geometry": { "type": "Point", "coordinates": [ 135.031703, 34.699837 ] } },
{ "type": "Feature", "properties": { "内容": "やさしい手持子訪問介護事業所【訪問介護】持子2-122", "url": "https://www.kaigokensaku.mhlw.go.jp/28/index.php?action_kouhyou_detail_004_kani=true&JigyosyoCd=2875203818-00&ServiceCd=110&Type=search", "url2": "http://www.yasashiite.com/subdomains/section/479/" }, "geometry": { "type": "Point", "coordinates": [ 134.982465899999966, 34.6694157 ] } },
{ "type": "Feature", "properties": { "内容": "ニチイケアセンター伊川谷【訪問介護】前開南町2丁目6-3カーメルガーデン1F事務所102", "url": "https://www.kaigokensaku.mhlw.go.jp/28/index.php?action_kouhyou_detail_004_kani=true&JigyosyoCd=2875204766-00&ServiceCd=110&Type=search", "url2": "www.nichiigakkan.co.jp" }, "geometry": { "type": "Point", "coordinates": [ 135.046726199999966, 34.6863858 ] } },
{ "type": "Feature", "properties": { "内容": "レオ・ケアステーション　神戸西【訪問介護】兵庫県神戸市西区枝吉5丁目156番地おひさまの家西神戸　100号室", "url": "https://www.kaigokensaku.mhlw.go.jp/28/index.php?action_kouhyou_detail_004_kani=true&JigyosyoCd=2875205029-00&ServiceCd=110&Type=search", "url2": "http://leo-good.com" }, "geometry": { "type": "Point", "coordinates": [ 134.979588850926206, 34.667025029584167 ] } },
{ "type": "Feature", "properties": { "内容": "よろこびケアライフサービス【訪問介護】兵庫県神戸市西区玉津町今津192－1ビリーブタウンA201", "url": "https://www.kaigokensaku.mhlw.go.jp/28/index.php?action_kouhyou_detail_004_kani=true&JigyosyoCd=2875205110-00&ServiceCd=110&Type=search", "url2": null }, "geometry": { "type": "Point", "coordinates": [ 134.987806299999988, 34.6730926 ] } },
{ "type": "Feature", "properties": { "内容": "ケアサポートゆめハウス【訪問介護】兵庫県神戸市西区狩場台3丁目9-10", "url": "https://www.kaigokensaku.mhlw.go.jp/28/index.php?action_kouhyou_detail_004_kani=true&JigyosyoCd=2875201291-00&ServiceCd=110&Type=search", "url2": null }, "geometry": { "type": "Point", "coordinates": [ 135.032435099999987, 34.7207436 ] } },
{ "type": "Feature", "properties": { "内容": "訪問介護　えがお【訪問介護】神戸市西区伊川谷町有瀬812-6西神戸セントポリア2-405", "url": "https://www.kaigokensaku.mhlw.go.jp/28/index.php?action_kouhyou_detail_004_kani=true&JigyosyoCd=2875202380-00&ServiceCd=110&Type=search", "url2": null }, "geometry": { "type": "Point", "coordinates": [ 135.021365400000036, 34.658867 ] } },
{ "type": "Feature", "properties": { "内容": "アンズケアサービス【訪問介護】神戸市西区桜が丘中町3-2-3ジョイフル", "url": "https://www.kaigokensaku.mhlw.go.jp/28/index.php?action_kouhyou_detail_004_kani=true&JigyosyoCd=2875203297-00&ServiceCd=110&Type=search", "url2": "http://towa-a.com/" }, "geometry": { "type": "Point", "coordinates": [ 135.058616, 34.746616 ] } },
{ "type": "Feature", "properties": { "内容": "総合リハ在宅ケアステーション【訪問介護】神戸市西区曙町1070番地", "url": "https://www.kaigokensaku.mhlw.go.jp/28/index.php?action_kouhyou_detail_004_kani=true&JigyosyoCd=2875203586-00&ServiceCd=110&Type=search", "url2": "http://www.hwc.or.jp/rihacenter/sougousoudan/" }, "geometry": { "type": "Point", "coordinates": [ 134.977544, 34.67056 ] } },
{ "type": "Feature", "properties": { "内容": "医療法人社団おばやしクリニック　訪問介護ステーションファースト【訪問介護】兵庫県神戸市西区美穂が丘5丁目101番8-1", "url": "https://www.kaigokensaku.mhlw.go.jp/28/index.php?action_kouhyou_detail_004_kani=true&JigyosyoCd=2875204162-00&ServiceCd=110&Type=search", "url2": null }, "geometry": { "type": "Point", "coordinates": [ 135.045663981156508, 34.760565554857195 ] } },
{ "type": "Feature", "properties": { "内容": "ケアステーションであい【訪問介護】兵庫県神戸市西区玉津町出合古瀬223-1－102ヴエルドミール", "url": "https://www.kaigokensaku.mhlw.go.jp/28/index.php?action_kouhyou_detail_004_kani=true&JigyosyoCd=2875204857-00&ServiceCd=110&Type=search", "url2": "deai0789456648@gmail.com" }, "geometry": { "type": "Point", "coordinates": [ 134.980966, 34.674532 ] } },
{ "type": "Feature", "properties": { "内容": "ながいきケアヘルパー神戸西【訪問介護】兵庫県神戸市西区伊川谷町有瀬14−21Kプリマベーラ伊川谷", "url": "https://www.kaigokensaku.mhlw.go.jp/28/index.php?action_kouhyou_detail_004_kani=true&JigyosyoCd=2875205169-00&ServiceCd=110&Type=search", "url2": "https://nagaikikaigo.com/" }, "geometry": { "type": "Point", "coordinates": [ 135.037454, 34.66834930000001 ] } },
{ "type": "Feature", "properties": { "内容": "株式会社ユーユーフォーム訪問介護ステーションあお【訪問介護】兵庫県神戸市西区伊川谷町有瀬43-1ブエナビスタ106", "url": "https://www.kaigokensaku.mhlw.go.jp/28/index.php?action_kouhyou_detail_004_kani=true&JigyosyoCd=2875205342-00&ServiceCd=110&Type=search", "url2": null }, "geometry": { "type": "Point", "coordinates": [ 135.0363599, 34.6673382 ] } },
{ "type": "Feature", "properties": { "内容": "ヘルパーステーション　ちぇりー【訪問介護】兵庫県神戸市西区玉津町今津169番1－507号", "url": "https://www.kaigokensaku.mhlw.go.jp/28/index.php?action_kouhyou_detail_004_kani=true&JigyosyoCd=2875205409-00&ServiceCd=110&Type=search", "url2": null }, "geometry": { "type": "Point", "coordinates": [ 134.9872705, 34.6708409 ] } },
{ "type": "Feature", "properties": { "内容": "ヘルパーステーションリノ【訪問介護】兵庫県神戸市西区竹の台5丁目19-21", "url": "https://www.kaigokensaku.mhlw.go.jp/28/index.php?action_kouhyou_detail_004_kani=true&JigyosyoCd=2875205557-00&ServiceCd=110&Type=search", "url2": null }, "geometry": { "type": "Point", "coordinates": [ 135.0098376, 34.7154011 ] } },
{ "type": "Feature", "properties": { "内容": "アサガオ訪問介護サービス【訪問介護】伊川谷町有瀬1058-19ハイツ愛和3A", "url": "https://www.kaigokensaku.mhlw.go.jp/28/index.php?action_kouhyou_detail_004_kani=true&JigyosyoCd=2875205573-00&ServiceCd=110&Type=search", "url2": null }, "geometry": { "type": "Point", "coordinates": [ 135.0165668, 34.6611327 ] } },
{ "type": "Feature", "properties": { "内容": "まごころヘルパーステーション【訪問介護】伊川谷町有瀬1152-10", "url": "https://www.kaigokensaku.mhlw.go.jp/28/index.php?action_kouhyou_detail_004_kani=true&JigyosyoCd=2875205615-00&ServiceCd=110&Type=search", "url2": "https://yume-magokoro.wepage.com/" }, "geometry": { "type": "Point", "coordinates": [ 135.0187828, 34.6660033 ] } },
{ "type": "Feature", "properties": { "内容": "訪問介護事業所サフィニア【訪問介護】玉津町今津128-2", "url": "https://www.kaigokensaku.mhlw.go.jp/28/index.php?action_kouhyou_detail_004_kani=true&JigyosyoCd=2875205292-00&ServiceCd=110&Type=search", "url2": null }, "geometry": { "type": "Point", "coordinates": [ 134.987016399999987, 34.6737117 ] } },
{ "type": "Feature", "properties": { "内容": "ヴェルディアせいほうヘルパーステーション【訪問介護】兵庫県神戸市西区学園東町５－４－１ヴェルディアせいほう", "url": "https://www.kaigokensaku.mhlw.go.jp/28/index.php?action_kouhyou_detail_004_kani=true&JigyosyoCd=2875205649-00&ServiceCd=110&Type=search", "url2": "https://seihoukai-grp.jp/" }, "geometry": { "type": "Point", "coordinates": [ 135.0651804, 34.6840224 ] } },
{ "type": "Feature", "properties": { "内容": "うさぎのしっぽ【訪問介護】神戸市西区枝吉１丁目１９６番地サンハイツ神明３０３号", "url": "https://www.kaigokensaku.mhlw.go.jp/28/index.php?action_kouhyou_detail_004_kani=true&JigyosyoCd=2875203289-00&ServiceCd=110&Type=search", "url2": "usagi-shippo＠coast.ocn.ne.jp" }, "geometry": { "type": "Point", "coordinates": [ 134.978210699999977, 34.663666 ] } },
{ "type": "Feature", "properties": { "内容": "ヘルパーステーションひいらぎ【訪問介護】兵庫県姫路市花田町加納原田１６３", "url": "https://www.kaigokensaku.mhlw.go.jp/28/index.php?action_kouhyou_detail_004_kani=true&JigyosyoCd=2874004662-00&ServiceCd=110&Type=search", "url2": "http://www.honkakuji-clinic.jp/" }, "geometry": { "type": "Point", "coordinates": [ 134.724500700000021, 34.8289009 ] } },
{ "type": "Feature", "properties": { "内容": "訪問介護ステーション和ごころ【訪問介護】飾磨区中野田1丁目21", "url": "https://www.kaigokensaku.mhlw.go.jp/28/index.php?action_kouhyou_detail_004_kani=true&JigyosyoCd=2874005602-00&ServiceCd=110&Type=search", "url2": "http://www.will-com.co.jp" }, "geometry": { "type": "Point", "coordinates": [ 134.6798163, 34.8052904 ] } },
{ "type": "Feature", "properties": { "内容": "介護のあさひ【訪問介護】姫路市垣内東町154", "url": "https://www.kaigokensaku.mhlw.go.jp/28/index.php?action_kouhyou_detail_004_kani=true&JigyosyoCd=2874007871-00&ServiceCd=110&Type=search", "url2": "care-asaui.com" }, "geometry": { "type": "Point", "coordinates": [ 134.5896964, 34.790685700000019 ] } },
{ "type": "Feature", "properties": { "内容": "るり訪問介護ステーション【訪問介護】兵庫県姫路市飾磨区妻鹿1367-2", "url": "https://www.kaigokensaku.mhlw.go.jp/28/index.php?action_kouhyou_detail_004_kani=true&JigyosyoCd=2874010107-00&ServiceCd=110&Type=search", "url2": "https://ruri-himeji.jp/" }, "geometry": { "type": "Point", "coordinates": [ 134.6926569, 34.786605 ] } },
{ "type": "Feature", "properties": { "内容": "ヘルパーステーションNASA【訪問介護】兵庫県姫路市西中島54番地1", "url": "https://www.kaigokensaku.mhlw.go.jp/28/index.php?action_kouhyou_detail_004_kani=true&JigyosyoCd=2874004951-00&ServiceCd=110&Type=search", "url2": null }, "geometry": { "type": "Point", "coordinates": [ 134.7094308, 34.8535135 ] } },
{ "type": "Feature", "properties": { "内容": "カナイケアヘルパーステーション【訪問介護】兵庫県姫路市網干区余子浜232-1セントポーリアⅡ　１Ｆ", "url": "https://www.kaigokensaku.mhlw.go.jp/28/index.php?action_kouhyou_detail_004_kani=true&JigyosyoCd=2874004597-00&ServiceCd=110&Type=search", "url2": "http://kanaicare.com" }, "geometry": { "type": "Point", "coordinates": [ 134.586152499929199, 34.785594030879352 ] } },
{ "type": "Feature", "properties": { "内容": "有限会社サポートセンターれいめい【訪問介護】兵庫県姫路市香寺町香呂210－1－102号", "url": "https://www.kaigokensaku.mhlw.go.jp/28/index.php?action_kouhyou_detail_004_kani=true&JigyosyoCd=2873400689-00&ServiceCd=110&Type=search", "url2": null }, "geometry": { "type": "Point", "coordinates": [ 134.736413, 34.9126097 ] } },
{ "type": "Feature", "properties": { "内容": "ニチイケアセンター今宿【訪問介護】兵庫県姫路市北今宿２丁目6-11", "url": "https://www.kaigokensaku.mhlw.go.jp/28/index.php?action_kouhyou_detail_004_kani=true&JigyosyoCd=2874001361-00&ServiceCd=110&Type=search", "url2": "http://www.nichiigakkan.co.jp" }, "geometry": { "type": "Point", "coordinates": [ 134.669539399999962, 34.8459843 ] } },
{ "type": "Feature", "properties": { "内容": "ヘルパーステーション歩歩【訪問介護】夢前町前之庄２９３５－１", "url": "https://www.kaigokensaku.mhlw.go.jp/28/index.php?action_kouhyou_detail_004_kani=true&JigyosyoCd=2874004993-00&ServiceCd=110&Type=search", "url2": "http://www.yumesaki-kai.jp" }, "geometry": { "type": "Point", "coordinates": [ 134.682405, 34.9706599 ] } },
{ "type": "Feature", "properties": { "内容": "クオリティ壱番館【訪問介護】北条口1丁目55番クオリティ壱番館", "url": "https://www.kaigokensaku.mhlw.go.jp/28/index.php?action_kouhyou_detail_004_kani=true&JigyosyoCd=2874005735-00&ServiceCd=110&Type=search", "url2": "ei-next.jp" }, "geometry": { "type": "Point", "coordinates": [ 134.695290200000045, 34.8284587 ] } },
{ "type": "Feature", "properties": { "内容": "ヘルパーステーション　スマイル【訪問介護】広畑区正門通1丁目8-10", "url": "https://www.kaigokensaku.mhlw.go.jp/28/index.php?action_kouhyou_detail_004_kani=true&JigyosyoCd=2874007319-00&ServiceCd=110&Type=search", "url2": null }, "geometry": { "type": "Point", "coordinates": [ 134.629519616141607, 34.805680900743688 ] } },
{ "type": "Feature", "properties": { "内容": "訪問介護ステーションクローバー【訪問介護】兵庫県姫路市飾磨区構2丁目47番地エパスウィール102号室", "url": "https://www.kaigokensaku.mhlw.go.jp/28/index.php?action_kouhyou_detail_004_kani=true&JigyosyoCd=2874008721-00&ServiceCd=110&Type=search", "url2": null }, "geometry": { "type": "Point", "coordinates": [ 134.6640777, 34.8078635 ] } },
{ "type": "Feature", "properties": { "内容": "アミカ姫路介護センター【訪問介護】兵庫県姫路市三条町1-58マハロ三条Ａ棟", "url": "https://www.kaigokensaku.mhlw.go.jp/28/index.php?action_kouhyou_detail_004_kani=true&JigyosyoCd=2874010347-00&ServiceCd=110&Type=search", "url2": null }, "geometry": { "type": "Point", "coordinates": [ 134.6883119, 34.8122503 ] } },
{ "type": "Feature", "properties": { "内容": "やさしい手飾磨訪問介護事業所【訪問介護】兵庫県姫路市飾磨区都倉三丁目２７番地やさしえ飾磨恵美酒", "url": "https://www.kaigokensaku.mhlw.go.jp/28/index.php?action_kouhyou_detail_004_kani=true&JigyosyoCd=2874010610-00&ServiceCd=110&Type=search", "url2": "https://search.yasashiite.com/detail/yasacie_shikamaebisu/" }, "geometry": { "type": "Point", "coordinates": [ 134.676643286508181, 34.804621156905135 ] } },
{ "type": "Feature", "properties": { "内容": "訪問介護サービス　蓮【訪問介護】兵庫県姫路市土山4丁目4-26", "url": "https://www.kaigokensaku.mhlw.go.jp/28/index.php?action_kouhyou_detail_004_kani=true&JigyosyoCd=2874008499-00&ServiceCd=110&Type=search", "url2": null }, "geometry": { "type": "Point", "coordinates": [ 134.667604500000039, 34.8330628 ] } },
{ "type": "Feature", "properties": { "内容": "ヘルパーステーション花子【訪問介護】兵庫県姫路市大津区平松514-1滝井ハイツⅡ西棟", "url": "https://www.kaigokensaku.mhlw.go.jp/28/index.php?action_kouhyou_detail_004_kani=true&JigyosyoCd=2874008861-00&ServiceCd=110&Type=search", "url2": null }, "geometry": { "type": "Point", "coordinates": [ 134.598887, 34.7893397 ] } },
{ "type": "Feature", "properties": { "内容": "あいぼーヘルパーステーション【訪問介護】兵庫県姫路市花田町加納原田910-1有料老人ホーム　あいぼー", "url": "https://www.kaigokensaku.mhlw.go.jp/28/index.php?action_kouhyou_detail_004_kani=true&JigyosyoCd=2874007780-00&ServiceCd=110&Type=search", "url2": null }, "geometry": { "type": "Point", "coordinates": [ 134.728463069064333, 34.8348202819436 ] } },
{ "type": "Feature", "properties": { "内容": "楽生歩（らいふ）ヘルパーステーション【訪問介護】兵庫県姫路市佃町79番地堀ビル", "url": "https://www.kaigokensaku.mhlw.go.jp/28/index.php?action_kouhyou_detail_004_kani=true&JigyosyoCd=2874005016-00&ServiceCd=110&Type=search", "url2": null }, "geometry": { "type": "Point", "coordinates": [ 134.684250199999951, 34.814238 ] } },
{ "type": "Feature", "properties": { "内容": "兵庫県姫路市四郷町東阿保742番地１【訪問介護】兵庫県姫路市四郷町東阿保742番地１", "url": "https://www.kaigokensaku.mhlw.go.jp/28/index.php?action_kouhyou_detail_004_kani=true&JigyosyoCd=2874009935-00&ServiceCd=110&Type=search", "url2": "http://ayatori-kaigo.com" }, "geometry": { "type": "Point", "coordinates": [ 134.7217278, 34.8097871 ] } },
{ "type": "Feature", "properties": { "内容": "ばんしゅうケアサービス【訪問介護】兵庫県姫路市阿保844番地", "url": "https://www.kaigokensaku.mhlw.go.jp/28/index.php?action_kouhyou_detail_004_kani=true&JigyosyoCd=2874005578-00&ServiceCd=110&Type=search", "url2": "https://www.bansyu-care.co.jp" }, "geometry": { "type": "Point", "coordinates": [ 134.701311895273761, 34.818227787143165 ] } },
{ "type": "Feature", "properties": { "内容": "訪問介護ステーション杣緑【訪問介護】兵庫県姫路市書写２８番地", "url": "https://www.kaigokensaku.mhlw.go.jp/28/index.php?action_kouhyou_detail_004_kani=true&JigyosyoCd=2874002922-00&ServiceCd=110&Type=search", "url2": "http://www.e-akane.com/" }, "geometry": { "type": "Point", "coordinates": [ 134.649290699999938, 34.8635404 ] } },
{ "type": "Feature", "properties": { "内容": "やまさん家のケアセンター　～かがやきＳｈｉｎｙ～【訪問介護】飾磨区構4丁目124", "url": "https://www.kaigokensaku.mhlw.go.jp/28/index.php?action_kouhyou_detail_004_kani=true&JigyosyoCd=2874005263-00&ServiceCd=110&Type=search", "url2": "https://www.yamasan2.com/" }, "geometry": { "type": "Point", "coordinates": [ 134.664000528836056, 34.811652304365026 ] } },
{ "type": "Feature", "properties": { "内容": "訪問介護ステーション　シャイン【訪問介護】兵庫県姫路市大津区真砂町２４番地２", "url": "https://www.kaigokensaku.mhlw.go.jp/28/index.php?action_kouhyou_detail_004_kani=true&JigyosyoCd=2874006261-00&ServiceCd=110&Type=search", "url2": null }, "geometry": { "type": "Point", "coordinates": [ 134.607900100000052, 34.7894597 ] } },
{ "type": "Feature", "properties": { "内容": "ヘルパーステーション汐里【訪問介護】兵庫県姫路市的形町的形1768-25プランドール的形101", "url": "https://www.kaigokensaku.mhlw.go.jp/28/index.php?action_kouhyou_detail_004_kani=true&JigyosyoCd=2874010776-00&ServiceCd=110&Type=search", "url2": "https://www.aoyama-med.gr.jp/ontoku-welfare/shiori/" }, "geometry": { "type": "Point", "coordinates": [ 134.7415248, 34.7783825 ] } },
{ "type": "Feature", "properties": { "内容": "ヘルパーステーション　　　サンライフ御立【訪問介護】姫路市田寺8丁目10番8号", "url": "https://www.kaigokensaku.mhlw.go.jp/28/index.php?action_kouhyou_detail_004_kani=true&JigyosyoCd=2874000827-00&ServiceCd=110&Type=search", "url2": "http://saayurikai.or.jp/" }, "geometry": { "type": "Point", "coordinates": [ 134.670414, 34.8599439 ] } },
{ "type": "Feature", "properties": { "内容": "ヘルパーステーションのどか【訪問介護】兵庫県姫路市広畑区蒲田3-92", "url": "https://www.kaigokensaku.mhlw.go.jp/28/index.php?action_kouhyou_detail_004_kani=true&JigyosyoCd=2874009794-00&ServiceCd=110&Type=search", "url2": null }, "geometry": { "type": "Point", "coordinates": [ 134.644786, 34.8273913 ] } },
{ "type": "Feature", "properties": { "内容": "訪問介護ステーション光【訪問介護】玉手1丁目152", "url": "https://www.kaigokensaku.mhlw.go.jp/28/index.php?action_kouhyou_detail_004_kani=true&JigyosyoCd=2874009943-00&ServiceCd=110&Type=search", "url2": null }, "geometry": { "type": "Point", "coordinates": [ 134.6581277, 34.8131943 ] } },
{ "type": "Feature", "properties": { "内容": "あいわ訪問介護ステーション【訪問介護】兵庫県姫路市白浜町宇佐崎中1丁目２２２", "url": "https://www.kaigokensaku.mhlw.go.jp/28/index.php?action_kouhyou_detail_004_kani=true&JigyosyoCd=2874011105-00&ServiceCd=110&Type=search", "url2": "https://www.aiwahp.or.jp" }, "geometry": { "type": "Point", "coordinates": [ 134.718539600000014, 34.7837425 ] } },
{ "type": "Feature", "properties": { "内容": "白鷺園訪問介護事業所【訪問介護】兵庫県姫路市上大野１丁目１２番５０号広嶺木材３階", "url": "https://www.kaigokensaku.mhlw.go.jp/28/index.php?action_kouhyou_detail_004_kani=true&JigyosyoCd=2874009695-00&ServiceCd=110&Type=search", "url2": null }, "geometry": { "type": "Point", "coordinates": [ 134.690988299999958, 34.866225600000014 ] } },
{ "type": "Feature", "properties": { "内容": "訪問介護ステーション万年青【訪問介護】広畑区東新町1丁目30", "url": "https://www.kaigokensaku.mhlw.go.jp/28/index.php?action_kouhyou_detail_004_kani=true&JigyosyoCd=2874005271-00&ServiceCd=110&Type=search", "url2": null }, "geometry": { "type": "Point", "coordinates": [ 134.631288700000027, 34.7992252 ] } },
{ "type": "Feature", "properties": { "内容": "ハートフル【訪問介護】兵庫県姫路市野里199-1メゾンセラヴィー野里　101", "url": "https://www.kaigokensaku.mhlw.go.jp/28/index.php?action_kouhyou_detail_004_kani=true&JigyosyoCd=2874009042-00&ServiceCd=110&Type=search", "url2": "http://www.heartfull-hf.co.jp/" }, "geometry": { "type": "Point", "coordinates": [ 134.709156115344285, 34.8400268284893 ] } },
{ "type": "Feature", "properties": { "内容": "ハートフル姫路北【訪問介護】兵庫県姫路市砥堀382-2ライフヴィラ豊和", "url": "https://www.kaigokensaku.mhlw.go.jp/28/index.php?action_kouhyou_detail_004_kani=true&JigyosyoCd=2874010545-00&ServiceCd=110&Type=search", "url2": "https://www.heartfull-hf.jp/" }, "geometry": { "type": "Point", "coordinates": [ 134.7210112, 34.8611417 ] } },
{ "type": "Feature", "properties": { "内容": "けあさぽーと悠笑【訪問介護】姫路市八代353番地-14", "url": "https://www.kaigokensaku.mhlw.go.jp/28/index.php?action_kouhyou_detail_004_kani=true&JigyosyoCd=2874010883-00&ServiceCd=110&Type=search", "url2": null }, "geometry": { "type": "Point", "coordinates": [ 134.695101180950928, 34.846739842341229 ] } },
{ "type": "Feature", "properties": { "内容": "ひだまり訪問介護サービス【訪問介護】兵庫県姫路市野里894-4野里ハイツ201", "url": "https://www.kaigokensaku.mhlw.go.jp/28/index.php?action_kouhyou_detail_004_kani=true&JigyosyoCd=2874006626-00&ServiceCd=110&Type=search", "url2": null }, "geometry": { "type": "Point", "coordinates": [ 134.706852, 34.8521342 ] } },
{ "type": "Feature", "properties": { "内容": "訪問介護ステーションひめやま【訪問介護】姫路市龍野町6丁目3クリーンピア竜野801号", "url": "https://www.kaigokensaku.mhlw.go.jp/28/index.php?action_kouhyou_detail_004_kani=true&JigyosyoCd=2874006618-00&ServiceCd=110&Type=search", "url2": null }, "geometry": { "type": "Point", "coordinates": [ 134.67861280173264, 34.836596350275499 ] } },
{ "type": "Feature", "properties": { "内容": "ぼうぜ訪問介護事業所【訪問介護】兵庫県姫路市家島町坊勢702-230", "url": "https://www.kaigokensaku.mhlw.go.jp/28/index.php?action_kouhyou_detail_004_kani=true&JigyosyoCd=2874010453-00&ServiceCd=110&Type=search", "url2": null }, "geometry": { "type": "Point", "coordinates": [ 134.5093453, 34.64938 ] } },
{ "type": "Feature", "properties": { "内容": "ヘルパーステーションふくろう【訪問介護】兵庫県姫路市御立西4丁目1-6", "url": "https://www.kaigokensaku.mhlw.go.jp/28/index.php?action_kouhyou_detail_004_kani=true&JigyosyoCd=2874001197-00&ServiceCd=110&Type=search", "url2": "http:/www.kousei-hp.jp/" }, "geometry": { "type": "Point", "coordinates": [ 134.659998200000018, 34.861163 ] } },
{ "type": "Feature", "properties": { "内容": "訪問介護事業所　和楽園【訪問介護】兵庫県姫路市飾西728番地の3", "url": "https://www.kaigokensaku.mhlw.go.jp/28/index.php?action_kouhyou_detail_004_kani=true&JigyosyoCd=2874004191-00&ServiceCd=110&Type=search", "url2": null }, "geometry": { "type": "Point", "coordinates": [ 134.6442968, 34.8607935 ] } },
{ "type": "Feature", "properties": { "内容": "ゆい介護センター【訪問介護】兵庫県姫路市岡町28番地", "url": "https://www.kaigokensaku.mhlw.go.jp/28/index.php?action_kouhyou_detail_004_kani=true&JigyosyoCd=2874006709-00&ServiceCd=110&Type=search", "url2": null }, "geometry": { "type": "Point", "coordinates": [ 134.685092009758137, 34.84012935619932 ] } },
{ "type": "Feature", "properties": { "内容": "あざみ介護サービス【訪問介護】兵庫県姫路市南車崎2－6－6", "url": "https://www.kaigokensaku.mhlw.go.jp/28/index.php?action_kouhyou_detail_004_kani=true&JigyosyoCd=2874001346-00&ServiceCd=110&Type=search", "url2": null }, "geometry": { "type": "Point", "coordinates": [ 134.674283800000012, 34.8357132 ] } },
{ "type": "Feature", "properties": { "内容": "ヘルパーステーション言の葉【訪問介護】兵庫県姫路市勝原山戸221-2", "url": "https://www.kaigokensaku.mhlw.go.jp/28/index.php?action_kouhyou_detail_004_kani=true&JigyosyoCd=2874006402-00&ServiceCd=110&Type=search", "url2": "http://npominnanoie.com/" }, "geometry": { "type": "Point", "coordinates": [ 134.598113404495621, 34.810186432725601 ] } },
{ "type": "Feature", "properties": { "内容": "ヘルパー　あじさい【訪問介護】兵庫県姫路市安富町植木野426-64", "url": "https://www.kaigokensaku.mhlw.go.jp/28/index.php?action_kouhyou_detail_004_kani=true&JigyosyoCd=2874009729-00&ServiceCd=110&Type=search", "url2": "http://www.ajisai.or.jp/" }, "geometry": { "type": "Point", "coordinates": [ 134.587999200000013, 34.9660502 ] } },
{ "type": "Feature", "properties": { "内容": "たすけあい訪問介護センター【訪問介護】兵庫県姫路市飾磨区天神１３７番地１", "url": "https://www.kaigokensaku.mhlw.go.jp/28/index.php?action_kouhyou_detail_004_kani=true&JigyosyoCd=2874007970-00&ServiceCd=110&Type=search", "url2": null }, "geometry": { "type": "Point", "coordinates": [ 134.664480296712782, 34.796543172678184 ] } },
{ "type": "Feature", "properties": { "内容": "やさしい手姫路土山訪問介護事業所【訪問介護】土山3-3-8", "url": "https://www.kaigokensaku.mhlw.go.jp/28/index.php?action_kouhyou_detail_004_kani=true&JigyosyoCd=2874010396-00&ServiceCd=110&Type=search", "url2": "https://search.yasashiite.com/detail/homonkaigo_himejitsuchiyama/" }, "geometry": { "type": "Point", "coordinates": [ 134.6746326, 34.8334602 ] } },
{ "type": "Feature", "properties": { "内容": "エルフケアステーション姫路【訪問介護】兵庫県姫路市東今宿一丁目3番３号ミタチビル201", "url": "https://www.kaigokensaku.mhlw.go.jp/28/index.php?action_kouhyou_detail_004_kani=true&JigyosyoCd=2874011022-00&ServiceCd=110&Type=search", "url2": "https://www.shofukukai.net/facilities/himeji.html" }, "geometry": { "type": "Point", "coordinates": [ 134.6685201, 34.8374112 ] } },
{ "type": "Feature", "properties": { "内容": "姫路医療生協　ヘルパーステーション「ひがし」【訪問介護】兵庫県姫路市双葉町2番地", "url": "https://www.kaigokensaku.mhlw.go.jp/28/index.php?action_kouhyou_detail_004_kani=true&JigyosyoCd=2874000892-00&ServiceCd=110&Type=search", "url2": "http://www.himeji-mcoop.or.jp" }, "geometry": { "type": "Point", "coordinates": [ 134.71044980160309, 34.831615302432631 ] } },
{ "type": "Feature", "properties": { "内容": "姫路医療生協ヘルパーステーション別所【訪問介護】兵庫県姫路市別所町別所2丁目179番地-1", "url": "https://www.kaigokensaku.mhlw.go.jp/28/index.php?action_kouhyou_detail_004_kani=true&JigyosyoCd=2874001973-00&ServiceCd=110&Type=search", "url2": "http://www,himeji-mcoop.or.jp" }, "geometry": { "type": "Point", "coordinates": [ 134.753728850709535, 34.806289274454677 ] } },
{ "type": "Feature", "properties": { "内容": "姫路医療生協　ヘルパーステーション花北【訪問介護】兵庫県姫路市砥堀630番地", "url": "https://www.kaigokensaku.mhlw.go.jp/28/index.php?action_kouhyou_detail_004_kani=true&JigyosyoCd=2874003128-00&ServiceCd=110&Type=search", "url2": "http://www.himeji-mcoop.or.jp" }, "geometry": { "type": "Point", "coordinates": [ 134.7267243, 34.8687852 ] } },
{ "type": "Feature", "properties": { "内容": "JA兵庫西姫路介護センター【訪問介護】兵庫県姫路市飾磨区加茂323-5", "url": "https://www.kaigokensaku.mhlw.go.jp/28/index.php?action_kouhyou_detail_004_kani=true&JigyosyoCd=2874001429-00&ServiceCd=110&Type=search", "url2": "http://www.ja-hyogonishi.or.jp" }, "geometry": { "type": "Point", "coordinates": [ 134.657722400000011, 34.8008395 ] } },
{ "type": "Feature", "properties": { "内容": "姫路医療生協　ヘルパーステーション「あぼし」【訪問介護】兵庫県姫路市網干区垣内本町553-20", "url": "https://www.kaigokensaku.mhlw.go.jp/28/index.php?action_kouhyou_detail_004_kani=true&JigyosyoCd=2874001684-00&ServiceCd=110&Type=search", "url2": "http://www.himeji-mcoop.or.jp" }, "geometry": { "type": "Point", "coordinates": [ 134.587482830688487, 34.792488140192908 ] } },
{ "type": "Feature", "properties": { "内容": "ヘルパーステーション　敬愛【訪問介護】大津区天満421番地4", "url": "https://www.kaigokensaku.mhlw.go.jp/28/index.php?action_kouhyou_detail_004_kani=true&JigyosyoCd=2874004605-00&ServiceCd=110&Type=search", "url2": null }, "geometry": { "type": "Point", "coordinates": [ 134.611817783582126, 34.800503018415114 ] } },
{ "type": "Feature", "properties": { "内容": "ヘルパーステーションほほ笑の森【訪問介護】東山247-5サンフォーレハイツＡ103", "url": "https://www.kaigokensaku.mhlw.go.jp/28/index.php?action_kouhyou_detail_004_kani=true&JigyosyoCd=2874006782-00&ServiceCd=110&Type=search", "url2": null }, "geometry": { "type": "Point", "coordinates": [ 134.718403409787015, 34.790516572160485 ] } },
{ "type": "Feature", "properties": { "内容": "アスケアヘルパーステーション【訪問介護】兵庫県姫路市下手野5丁目23番47号", "url": "https://www.kaigokensaku.mhlw.go.jp/28/index.php?action_kouhyou_detail_004_kani=true&JigyosyoCd=2874007061-00&ServiceCd=110&Type=search", "url2": "https://ascare.co.jp" }, "geometry": { "type": "Point", "coordinates": [ 134.654726617543929, 34.850922516928257 ] } },
{ "type": "Feature", "properties": { "内容": "ケア２１姫路駅前【訪問介護】兵庫県姫路市北条１丁目７８番地OMビル202号", "url": "https://www.kaigokensaku.mhlw.go.jp/28/index.php?action_kouhyou_detail_004_kani=true&JigyosyoCd=2874010529-00&ServiceCd=110&Type=search", "url2": null }, "geometry": { "type": "Point", "coordinates": [ 134.6936964, 34.8224755 ] } },
{ "type": "Feature", "properties": { "内容": "学研ココファン姫路ヘルパーセンター【訪問介護】兵庫県姫路市亀山383-2ココファン姫路", "url": "https://www.kaigokensaku.mhlw.go.jp/28/index.php?action_kouhyou_detail_004_kani=true&JigyosyoCd=2874011071-00&ServiceCd=110&Type=search", "url2": "https://www.cocofump.co.jp/facilities/himeji/" }, "geometry": { "type": "Point", "coordinates": [ 134.676476400000013, 34.8116135 ] } },
{ "type": "Feature", "properties": { "内容": "訪問介護ヘルパートラスト【訪問介護】兵庫県姫路市町田133-1", "url": "https://www.kaigokensaku.mhlw.go.jp/28/index.php?action_kouhyou_detail_004_kani=true&JigyosyoCd=2874005909-00&ServiceCd=110&Type=search", "url2": "http://www.t-kaigo.co.jp/" }, "geometry": { "type": "Point", "coordinates": [ 134.641667096742594, 34.864360122042498 ] } },
{ "type": "Feature", "properties": { "内容": "訪問介護Tプラス【訪問介護】兵庫県姫路市町田133-1", "url": "https://www.kaigokensaku.mhlw.go.jp/28/index.php?action_kouhyou_detail_004_kani=true&JigyosyoCd=2874009224-00&ServiceCd=110&Type=search", "url2": "http://www.t-kaigo.co.jp/" }, "geometry": { "type": "Point", "coordinates": [ 134.641705300000012, 34.8643736 ] } },
{ "type": "Feature", "properties": { "内容": "あっとほ～む【訪問介護】飾東町庄229-1", "url": "https://www.kaigokensaku.mhlw.go.jp/28/index.php?action_kouhyou_detail_004_kani=true&JigyosyoCd=2874008408-00&ServiceCd=110&Type=search", "url2": "https://hibiki-hukushi.com/hibikirekishi.html" }, "geometry": { "type": "Point", "coordinates": [ 134.735036, 34.841811 ] } },
{ "type": "Feature", "properties": { "内容": "ゆうそら姫路【訪問介護】兵庫県姫路市南新在家５番５号城乾ハイツ１０３", "url": "https://www.kaigokensaku.mhlw.go.jp/28/index.php?action_kouhyou_detail_004_kani=true&JigyosyoCd=2874008424-00&ServiceCd=110&Type=search", "url2": null }, "geometry": { "type": "Point", "coordinates": [ 134.684777, 34.8441346 ] } },
{ "type": "Feature", "properties": { "内容": "レオ・ケアステーション姫路北【訪問介護】兵庫県姫路香寺町香呂227-1おひさまの家　香寺", "url": "https://www.kaigokensaku.mhlw.go.jp/28/index.php?action_kouhyou_detail_004_kani=true&JigyosyoCd=2874007632-00&ServiceCd=110&Type=search", "url2": null }, "geometry": { "type": "Point", "coordinates": [ 134.734489908598306, 34.911812242012331 ] } },
{ "type": "Feature", "properties": { "内容": "ヘルパーステーション　花園【訪問介護】兵庫県姫路市青山3丁目31番1インタービレッジ青山2番館111号室", "url": "https://www.kaigokensaku.mhlw.go.jp/28/index.php?action_kouhyou_detail_004_kani=true&JigyosyoCd=2874008853-00&ServiceCd=110&Type=search", "url2": null }, "geometry": { "type": "Point", "coordinates": [ 134.643204200000014, 34.8442726 ] } },
{ "type": "Feature", "properties": { "内容": "広畑ヘルパーステーション杏の里【訪問介護】姫路市広畑区東新町2-72-1コーポアンリ2F", "url": "https://www.kaigokensaku.mhlw.go.jp/28/index.php?action_kouhyou_detail_004_kani=true&JigyosyoCd=2874000470-00&ServiceCd=110&Type=search", "url2": "http://www.1484naika.jp/" }, "geometry": { "type": "Point", "coordinates": [ 134.633855199999971, 34.7983281 ] } },
{ "type": "Feature", "properties": { "内容": "訪問介護事業所ひだまり【訪問介護】兵庫県姫路市白浜町甲402番地", "url": "https://www.kaigokensaku.mhlw.go.jp/28/index.php?action_kouhyou_detail_004_kani=true&JigyosyoCd=2874008416-00&ServiceCd=110&Type=search", "url2": "http://www.hidamari-g.co.jp" }, "geometry": { "type": "Point", "coordinates": [ 134.705517900000018, 34.7819391 ] } },
{ "type": "Feature", "properties": { "内容": "えんじょい【訪問介護】兵庫県姫路市白国１丁目２番１５号コーポあまの２　１－２", "url": "https://www.kaigokensaku.mhlw.go.jp/28/index.php?action_kouhyou_detail_004_kani=true&JigyosyoCd=2874009968-00&ServiceCd=110&Type=search", "url2": "http://www11.plala.or.jp/himejiil/enjoy/" }, "geometry": { "type": "Point", "coordinates": [ 134.706335793917873, 34.857724258236182 ] } },
{ "type": "Feature", "properties": { "内容": "あっぷる訪問介護事業所広畑【訪問介護】姫路市広畑区鶴町1丁目41-1", "url": "https://www.kaigokensaku.mhlw.go.jp/28/index.php?action_kouhyou_detail_004_kani=true&JigyosyoCd=2874004399-00&ServiceCd=110&Type=search", "url2": "http://www.apple-117.jp/" }, "geometry": { "type": "Point", "coordinates": [ 134.6309056, 34.7943368 ] } },
{ "type": "Feature", "properties": { "内容": "エンシア白浜訪問介護事業所【訪問介護】白浜町宇佐崎中1丁目82番地エンシア白浜", "url": "https://www.kaigokensaku.mhlw.go.jp/28/index.php?action_kouhyou_detail_004_kani=true&JigyosyoCd=2874006881-00&ServiceCd=110&Type=search", "url2": "http://enshea-shirahama.com/" }, "geometry": { "type": "Point", "coordinates": [ 134.7172445, 34.782228 ] } },
{ "type": "Feature", "properties": { "内容": "スマイルサポートセンター英賀保訪問介護事業所【訪問介護】兵庫県姫路市苫編南２－２７", "url": "https://www.kaigokensaku.mhlw.go.jp/28/index.php?action_kouhyou_detail_004_kani=true&JigyosyoCd=2874007269-00&ServiceCd=110&Type=search", "url2": "https://hinode.or.jp/establishment/sh-kunioka/smile_agaho/" }, "geometry": { "type": "Point", "coordinates": [ 134.655091886480761, 34.812167469910634 ] } },
{ "type": "Feature", "properties": { "内容": "株式会社　癒し部【訪問介護】兵庫県姫路市緑台1丁目11-10", "url": "https://www.kaigokensaku.mhlw.go.jp/28/index.php?action_kouhyou_detail_004_kani=true&JigyosyoCd=2874008283-00&ServiceCd=110&Type=search", "url2": null }, "geometry": { "type": "Point", "coordinates": [ 134.628934862517326, 34.900189115290097 ] } },
{ "type": "Feature", "properties": { "内容": "ヘルパーステーション　おおつ【訪問介護】兵庫県姫路市大津区天満２９０－６", "url": "https://www.kaigokensaku.mhlw.go.jp/28/index.php?action_kouhyou_detail_004_kani=true&JigyosyoCd=2874002856-00&ServiceCd=110&Type=search", "url2": "https://www.five-land.com/facility2" }, "geometry": { "type": "Point", "coordinates": [ 134.606402536245668, 34.80179204339138 ] } },
{ "type": "Feature", "properties": { "内容": "ヘルパーステーション咲愛【訪問介護】兵庫県姫路市大津区恵美酒町１丁目72-1", "url": "https://www.kaigokensaku.mhlw.go.jp/28/index.php?action_kouhyou_detail_004_kani=true&JigyosyoCd=2874009166-00&ServiceCd=110&Type=search", "url2": null }, "geometry": { "type": "Point", "coordinates": [ 134.609442573403186, 34.794489836003571 ] } },
{ "type": "Feature", "properties": { "内容": "姫路オパール訪問介護事業所【訪問介護】兵庫県姫路市駅前町27－1", "url": "https://www.kaigokensaku.mhlw.go.jp/28/index.php?action_kouhyou_detail_004_kani=true&JigyosyoCd=2874009885-00&ServiceCd=110&Type=search", "url2": null }, "geometry": { "type": "Point", "coordinates": [ 134.695286900000013, 34.8267965 ] } },
{ "type": "Feature", "properties": { "内容": "ヘルパーステーションゆうゆう花田【訪問介護】兵庫県姫路市花田町小川747番地１", "url": "https://www.kaigokensaku.mhlw.go.jp/28/index.php?action_kouhyou_detail_004_kani=true&JigyosyoCd=2874010859-00&ServiceCd=110&Type=search", "url2": "https://yuyusya.co.jp/" }, "geometry": { "type": "Point", "coordinates": [ 134.721572231877133, 34.84068242694979 ] } },
{ "type": "Feature", "properties": { "内容": "ケア２１姫路英賀保【訪問介護】兵庫県姫路市飾磨区英賀保駅前町57南極23ビル1階東号室", "url": "https://www.kaigokensaku.mhlw.go.jp/28/index.php?action_kouhyou_detail_004_kani=true&JigyosyoCd=2874010891-00&ServiceCd=110&Type=search", "url2": null }, "geometry": { "type": "Point", "coordinates": [ 134.644134399999984, 34.81246 ] } },
{ "type": "Feature", "properties": { "内容": "ケアステーション飾東【訪問介護】兵庫県姫路市飾東町庄125-1はるな整形外科内科内3階", "url": "https://www.kaigokensaku.mhlw.go.jp/28/index.php?action_kouhyou_detail_004_kani=true&JigyosyoCd=2874011311-00&ServiceCd=110&Type=search", "url2": null }, "geometry": { "type": "Point", "coordinates": [ 134.7366657, 34.8433187 ] } },
{ "type": "Feature", "properties": { "内容": "居宅サービス事業所　介護サービスマリア【訪問介護】姫路市仁豊野650", "url": "https://www.kaigokensaku.mhlw.go.jp/28/index.php?action_kouhyou_detail_004_kani=true&JigyosyoCd=2874000660-00&ServiceCd=110&Type=search", "url2": "http://www.himemaria.or.jp" }, "geometry": { "type": "Point", "coordinates": [ 134.732268, 34.8777008 ] } },
{ "type": "Feature", "properties": { "内容": "姫路市社会福祉協議会　ヘルパー事業室【訪問介護】兵庫県姫路市栗山町１５１-２栗山別館", "url": "https://www.kaigokensaku.mhlw.go.jp/28/index.php?action_kouhyou_detail_004_kani=true&JigyosyoCd=2874000694-00&ServiceCd=110&Type=search", "url2": "http://www.himeji-wel.or.jp" }, "geometry": { "type": "Point", "coordinates": [ 134.683030799999983, 34.8168127 ] } },
{ "type": "Feature", "properties": { "内容": "しおさきサーブ訪問介護事業所【訪問介護】姫路市大塩町汐咲１丁目8番地1", "url": "https://www.kaigokensaku.mhlw.go.jp/28/index.php?action_kouhyou_detail_004_kani=true&JigyosyoCd=2874001064-00&ServiceCd=110&Type=search", "url2": "http://www.inohos.com" }, "geometry": { "type": "Point", "coordinates": [ 134.755154, 34.777552 ] } },
{ "type": "Feature", "properties": { "内容": "株式会社ライフシャイン訪問介護ステーション【訪問介護】兵庫県姫路市広畑区才1番地", "url": "https://www.kaigokensaku.mhlw.go.jp/28/index.php?action_kouhyou_detail_004_kani=true&JigyosyoCd=2874001148-00&ServiceCd=110&Type=search", "url2": null }, "geometry": { "type": "Point", "coordinates": [ 134.632011651992798, 34.819304041641672 ] } },
{ "type": "Feature", "properties": { "内容": "ヘルパーステーションさかい【訪問介護】兵庫県姫路市飾西573番地", "url": "https://www.kaigokensaku.mhlw.go.jp/28/index.php?action_kouhyou_detail_004_kani=true&JigyosyoCd=2874003383-00&ServiceCd=110&Type=search", "url2": "http://www.sakai-hp.jp" }, "geometry": { "type": "Point", "coordinates": [ 134.6404722, 34.8582571 ] } },
{ "type": "Feature", "properties": { "内容": "有限会社　こころ【訪問介護】兵庫県姫路市飾磨区加茂414-5", "url": "https://www.kaigokensaku.mhlw.go.jp/28/index.php?action_kouhyou_detail_004_kani=true&JigyosyoCd=2874003540-00&ServiceCd=110&Type=search", "url2": "https://k8c.co.jp/kokoro/" }, "geometry": { "type": "Point", "coordinates": [ 134.660173486630271, 34.804283333072561 ] } },
{ "type": "Feature", "properties": { "内容": "姫路市社会福祉協議会　ヘルパー事業室ゆめさき【訪問介護】兵庫県姫路市夢前町前之庄２１６０", "url": "https://www.kaigokensaku.mhlw.go.jp/28/index.php?action_kouhyou_detail_004_kani=true&JigyosyoCd=2874003847-00&ServiceCd=110&Type=search", "url2": "http://www.himeji-wel.or.jp" }, "geometry": { "type": "Point", "coordinates": [ 134.684863, 34.9730209 ] } },
{ "type": "Feature", "properties": { "内容": "オーリョクケアーステーション【訪問介護】兵庫県姫路市飾磨区野田町２１番地１オーリョクケアーステーション", "url": "https://www.kaigokensaku.mhlw.go.jp/28/index.php?action_kouhyou_detail_004_kani=true&JigyosyoCd=2874004209-00&ServiceCd=110&Type=search", "url2": "https://www.himeji-kaigo.com/houmon/" }, "geometry": { "type": "Point", "coordinates": [ 134.683903099999952, 34.8102024 ] } },
{ "type": "Feature", "properties": { "内容": "ヘルパーステーション　ひなた【訪問介護】兵庫県姫路市御国野町御着237番地1", "url": "https://www.kaigokensaku.mhlw.go.jp/28/index.php?action_kouhyou_detail_004_kani=true&JigyosyoCd=2874005883-00&ServiceCd=110&Type=search", "url2": "http://hinata2011.com/" }, "geometry": { "type": "Point", "coordinates": [ 134.73893279999993, 34.815749900000014 ] } },
{ "type": "Feature", "properties": { "内容": "訪問介護事業所　デコ・ライフ【訪問介護】姫路市家島町真浦2136-33", "url": "https://www.kaigokensaku.mhlw.go.jp/28/index.php?action_kouhyou_detail_004_kani=true&JigyosyoCd=2874006121-00&ServiceCd=110&Type=search", "url2": null }, "geometry": { "type": "Point", "coordinates": [ 134.526934485983247, 34.671593067077126 ] } },
{ "type": "Feature", "properties": { "内容": "よりそい介護事事業所【訪問介護】姫路市網干区垣内西町1992-22", "url": "https://www.kaigokensaku.mhlw.go.jp/28/index.php?action_kouhyou_detail_004_kani=true&JigyosyoCd=2874006907-00&ServiceCd=110&Type=search", "url2": "yorisoi.net" }, "geometry": { "type": "Point", "coordinates": [ 134.582041900000036, 34.7911626 ] } },
{ "type": "Feature", "properties": { "内容": "アガスティーアヘルパーセンター【訪問介護】兵庫県姫路市北原271-8", "url": "https://www.kaigokensaku.mhlw.go.jp/28/index.php?action_kouhyou_detail_004_kani=true&JigyosyoCd=2874007293-00&ServiceCd=110&Type=search", "url2": "https://agastia-himeji.jp" }, "geometry": { "type": "Point", "coordinates": [ 134.706697933590704, 34.798641555676525 ] } },
{ "type": "Feature", "properties": { "内容": "やわらぎ姫路介護センター【訪問介護】姫路市的形町的形1369-3", "url": "https://www.kaigokensaku.mhlw.go.jp/28/index.php?action_kouhyou_detail_004_kani=true&JigyosyoCd=2874007608-00&ServiceCd=110&Type=search", "url2": null }, "geometry": { "type": "Point", "coordinates": [ 134.70496490000005, 34.8016395 ] } },
{ "type": "Feature", "properties": { "内容": "ケアステーションあんじぇす姫路【訪問介護】兵庫県姫路市西延末225-1", "url": "https://www.kaigokensaku.mhlw.go.jp/28/index.php?action_kouhyou_detail_004_kani=true&JigyosyoCd=2874009562-00&ServiceCd=110&Type=search", "url2": null }, "geometry": { "type": "Point", "coordinates": [ 134.67342300859832, 34.82538274358761 ] } },
{ "type": "Feature", "properties": { "内容": "ヘルパーステーション　あおぞら【訪問介護】兵庫県姫路市広畑区小松町2丁目72番地", "url": "https://www.kaigokensaku.mhlw.go.jp/28/index.php?action_kouhyou_detail_004_kani=true&JigyosyoCd=2874010180-00&ServiceCd=110&Type=search", "url2": null }, "geometry": { "type": "Point", "coordinates": [ 134.6231689, 34.8019613 ] } },
{ "type": "Feature", "properties": { "内容": "ヘルパーステーション書写台ひまわり【訪問介護】書写台２丁目5-11書写台カーサひまわり", "url": "https://www.kaigokensaku.mhlw.go.jp/28/index.php?action_kouhyou_detail_004_kani=true&JigyosyoCd=2874010818-00&ServiceCd=110&Type=search", "url2": "http://himawarihome.or.jp" }, "geometry": { "type": "Point", "coordinates": [ 134.6503754, 34.8701837 ] } },
{ "type": "Feature", "properties": { "内容": "ヘルパーステーション　Ｗｉｔｈｙｏｕ【訪問介護】姫路市飾磨区英賀清水町1丁目７－１クローバーハイツ１０２", "url": "https://www.kaigokensaku.mhlw.go.jp/28/index.php?action_kouhyou_detail_004_kani=true&JigyosyoCd=2874010982-00&ServiceCd=110&Type=search", "url2": null }, "geometry": { "type": "Point", "coordinates": [ 134.644194, 34.8076073 ] } },
{ "type": "Feature", "properties": { "内容": "訪問介護事業所いろはな【訪問介護】兵庫県姫路市北原244番地7北棟", "url": "https://www.kaigokensaku.mhlw.go.jp/28/index.php?action_kouhyou_detail_004_kani=true&JigyosyoCd=2874011279-00&ServiceCd=110&Type=search", "url2": null }, "geometry": { "type": "Point", "coordinates": [ 134.705299700000012, 34.8005797 ] } },
{ "type": "Feature", "properties": { "内容": "ヘルパーステーションだいとう【訪問介護】兵庫県姫路市南駅前町６６番地戸田ビル２階", "url": "https://www.kaigokensaku.mhlw.go.jp/28/index.php?action_kouhyou_detail_004_kani=true&JigyosyoCd=2874000876-00&ServiceCd=110&Type=search", "url2": "izumi-kokoro.com" }, "geometry": { "type": "Point", "coordinates": [ 134.694379300000037, 34.8253979 ] } },
{ "type": "Feature", "properties": { "内容": "あっぷる訪問介護事業所【訪問介護】姫路市神屋町6丁目７１", "url": "https://www.kaigokensaku.mhlw.go.jp/28/index.php?action_kouhyou_detail_004_kani=true&JigyosyoCd=2874001262-00&ServiceCd=110&Type=search", "url2": "http://www.apple-117.jp/" }, "geometry": { "type": "Point", "coordinates": [ 134.698676, 34.8274033 ] } },
{ "type": "Feature", "properties": { "内容": "ケアライフあゆみ愛【訪問介護】兵庫県姫路市網干区浜田104-2", "url": "https://www.kaigokensaku.mhlw.go.jp/28/index.php?action_kouhyou_detail_004_kani=true&JigyosyoCd=2874004456-00&ServiceCd=110&Type=search", "url2": "https://www.ayumiai.net/" }, "geometry": { "type": "Point", "coordinates": [ 134.578262099999961, 34.7830495 ] } },
{ "type": "Feature", "properties": { "内容": "のじぎく訪問介護センター【訪問介護】姫路市北平野１－５－７", "url": "https://www.kaigokensaku.mhlw.go.jp/28/index.php?action_kouhyou_detail_004_kani=true&JigyosyoCd=2874004829-00&ServiceCd=110&Type=search", "url2": "https://nojigikucare.jp/" }, "geometry": { "type": "Point", "coordinates": [ 134.69478038343243, 34.860343677537763 ] } },
{ "type": "Feature", "properties": { "内容": "訪問介護ステーションふるさと【訪問介護】姫路市勝原区丁30-9　エステートピア丸尾1-3号", "url": "https://www.kaigokensaku.mhlw.go.jp/28/index.php?action_kouhyou_detail_004_kani=true&JigyosyoCd=2874005099-00&ServiceCd=110&Type=search", "url2": "http://furusato2006.co.jp" }, "geometry": { "type": "Point", "coordinates": [ 134.600437548196737, 34.820273359000538 ] } },
{ "type": "Feature", "properties": { "内容": "訪問介護ステーション　ソレアード【訪問介護】兵庫県姫路市飾磨区矢倉町1丁目41-1タウン北条B棟", "url": "https://www.kaigokensaku.mhlw.go.jp/28/index.php?action_kouhyou_detail_004_kani=true&JigyosyoCd=2874006956-00&ServiceCd=110&Type=search", "url2": "http://kaigo.soleado-t.co.jp/" }, "geometry": { "type": "Point", "coordinates": [ 134.642448599999966, 34.80833 ] } },
{ "type": "Feature", "properties": { "内容": "スマイルサポートセンター西延末訪問介護事業所【訪問介護】兵庫県姫路市西延末250番地", "url": "https://www.kaigokensaku.mhlw.go.jp/28/index.php?action_kouhyou_detail_004_kani=true&JigyosyoCd=2874007954-00&ServiceCd=110&Type=search", "url2": "http://www.hakuaif.or.jp" }, "geometry": { "type": "Point", "coordinates": [ 134.674653499999977, 34.8249645 ] } },
{ "type": "Feature", "properties": { "内容": "だいえいヘルパーステーション【訪問介護】四郷町上鈴131番地", "url": "https://www.kaigokensaku.mhlw.go.jp/28/index.php?action_kouhyou_detail_004_kani=true&JigyosyoCd=2874008473-00&ServiceCd=110&Type=search", "url2": "https://daiei-gr.com/business/care/" }, "geometry": { "type": "Point", "coordinates": [ 134.727833960890962, 34.814120879781811 ] } },
{ "type": "Feature", "properties": { "内容": "ヘルパーステーションあさひ【訪問介護】兵庫県姫路市広畑区正門通３丁目９－１２広畑駅前ビル１階", "url": "https://www.kaigokensaku.mhlw.go.jp/28/index.php?action_kouhyou_detail_004_kani=true&JigyosyoCd=2874008481-00&ServiceCd=110&Type=search", "url2": null }, "geometry": { "type": "Point", "coordinates": [ 134.6287256, 34.7977058 ] } },
{ "type": "Feature", "properties": { "内容": "あなぶきケアサービス姫路　訪問介護事業所【訪問介護】琴岡町272-1アルファリビング姫路城西", "url": "https://www.kaigokensaku.mhlw.go.jp/28/index.php?action_kouhyou_detail_004_kani=true&JigyosyoCd=2874008754-00&ServiceCd=110&Type=search", "url2": "http://www.a-living-kosan.co.jp" }, "geometry": { "type": "Point", "coordinates": [ 134.6778362, 34.8360743 ] } },
{ "type": "Feature", "properties": { "内容": "ヘルパーステーションさくらんぼ【訪問介護】兵庫県姫路市夢前町古知之庄216－1", "url": "https://www.kaigokensaku.mhlw.go.jp/28/index.php?action_kouhyou_detail_004_kani=true&JigyosyoCd=2874008903-00&ServiceCd=110&Type=search", "url2": null }, "geometry": { "type": "Point", "coordinates": [ 134.677753719647569, 34.94193777310953 ] } },
{ "type": "Feature", "properties": { "内容": "Aioヘルパーステーション【訪問介護】兵庫県姫路市田寺八丁目14-8", "url": "https://www.kaigokensaku.mhlw.go.jp/28/index.php?action_kouhyou_detail_004_kani=true&JigyosyoCd=2874008945-00&ServiceCd=110&Type=search", "url2": "https://aio-helper.jp" }, "geometry": { "type": "Point", "coordinates": [ 134.670704199999989, 34.8613745 ] } },
{ "type": "Feature", "properties": { "内容": "兵庫県姫路市西今宿5丁目8番8サニーハウス西今宿104号【訪問介護】西今宿5丁目8番地8サニーハウス西今宿104号", "url": "https://www.kaigokensaku.mhlw.go.jp/28/index.php?action_kouhyou_detail_004_kani=true&JigyosyoCd=2874009018-00&ServiceCd=110&Type=search", "url2": null }, "geometry": { "type": "Point", "coordinates": [ 134.660357, 34.846645100000011 ] } },
{ "type": "Feature", "properties": { "内容": "訪問介護事業所ケアサービス神姫あおやま【訪問介護】兵庫県姫路市青山1丁目35番5号青山の郷", "url": "https://www.kaigokensaku.mhlw.go.jp/28/index.php?action_kouhyou_detail_004_kani=true&JigyosyoCd=2874010172-00&ServiceCd=110&Type=search", "url2": "https://care-shinki.jp/" }, "geometry": { "type": "Point", "coordinates": [ 134.642752200000018, 34.8498303 ] } },
{ "type": "Feature", "properties": { "内容": "訪問介護事業所シンシアケア広畑【訪問介護】兵庫県姫路市広畑区蒲田2丁目87サービス付き高齢者向け住宅シンシアホーム広畑内", "url": "https://www.kaigokensaku.mhlw.go.jp/28/index.php?action_kouhyou_detail_004_kani=true&JigyosyoCd=2874010354-00&ServiceCd=110&Type=search", "url2": "https://sincerehomehirohata.business.site/" }, "geometry": { "type": "Point", "coordinates": [ 134.641326099999986, 34.824343 ] } },
{ "type": "Feature", "properties": { "内容": "訪問介護ステーション　フリージア【訪問介護】兵庫県姫路市市川台1丁目128番地6", "url": "https://www.kaigokensaku.mhlw.go.jp/28/index.php?action_kouhyou_detail_004_kani=true&JigyosyoCd=2874011337-00&ServiceCd=110&Type=search", "url2": null }, "geometry": { "type": "Point", "coordinates": [ 134.715273200000013, 34.8316138 ] } },
{ "type": "Feature", "properties": { "内容": "有限会社ＢＥＡＴ【訪問介護】兵庫県姫路市飾磨区妻鹿890番地2", "url": "https://www.kaigokensaku.mhlw.go.jp/28/index.php?action_kouhyou_detail_004_kani=true&JigyosyoCd=2874002294-00&ServiceCd=110&Type=search", "url2": null }, "geometry": { "type": "Point", "coordinates": [ 134.692524700000035, 34.790713 ] } },
{ "type": "Feature", "properties": { "内容": "アースサポート姫路【訪問介護】兵庫県姫路市飯田777番地", "url": "https://www.kaigokensaku.mhlw.go.jp/28/index.php?action_kouhyou_detail_004_kani=true&JigyosyoCd=2874002567-00&ServiceCd=110&Type=search", "url2": "http://www.earthsupport.co.jp" }, "geometry": { "type": "Point", "coordinates": [ 134.674767336264949, 34.814934952559554 ] } },
{ "type": "Feature", "properties": { "内容": "青山苑ヘルパーステーション【訪問介護】兵庫県姫路市青山字向山1470番地141", "url": "https://www.kaigokensaku.mhlw.go.jp/28/index.php?action_kouhyou_detail_004_kani=true&JigyosyoCd=2874005040-00&ServiceCd=110&Type=search", "url2": "http://www.aoyamaen.jp" }, "geometry": { "type": "Point", "coordinates": [ 134.642539, 34.8492671 ] } },
{ "type": "Feature", "properties": { "内容": "ヘルパーステーションひかり【訪問介護】姫路市京口町７０番地", "url": "https://www.kaigokensaku.mhlw.go.jp/28/index.php?action_kouhyou_detail_004_kani=true&JigyosyoCd=2874005404-00&ServiceCd=110&Type=search", "url2": null }, "geometry": { "type": "Point", "coordinates": [ 134.704204016008021, 34.83409730621608 ] } },
{ "type": "Feature", "properties": { "内容": "ツカザキヘルパーステーション【訪問介護】兵庫県姫路市広畑区夢前町3丁目1番地1", "url": "https://www.kaigokensaku.mhlw.go.jp/28/index.php?action_kouhyou_detail_004_kani=true&JigyosyoCd=2874006741-00&ServiceCd=110&Type=search", "url2": "https://hirohata-hp.jp/features/home-support.html" }, "geometry": { "type": "Point", "coordinates": [ 134.639928614457119, 34.797951935421565 ] } },
{ "type": "Feature", "properties": { "内容": "訪問介護事業所ラポールＬＩＮＥ【訪問介護】兵庫県姫路市広畑区蒲田３丁目１０５ドリームハウス岡本１０２号", "url": "https://www.kaigokensaku.mhlw.go.jp/28/index.php?action_kouhyou_detail_004_kani=true&JigyosyoCd=2874007764-00&ServiceCd=110&Type=search", "url2": null }, "geometry": { "type": "Point", "coordinates": [ 134.6450973, 34.8274756 ] } },
{ "type": "Feature", "properties": { "内容": "株式会社姫路コアラ【訪問介護】兵庫県姫路市田寺1丁目9－5舞ハウス101", "url": "https://www.kaigokensaku.mhlw.go.jp/28/index.php?action_kouhyou_detail_004_kani=true&JigyosyoCd=2874009406-00&ServiceCd=110&Type=search", "url2": "https://www.himejikoara.com" }, "geometry": { "type": "Point", "coordinates": [ 134.670108, 34.8542862 ] } },
{ "type": "Feature", "properties": { "内容": "ヘルパーステーション　アイハート【訪問介護】市飾磨区亀山119", "url": "https://www.kaigokensaku.mhlw.go.jp/28/index.php?action_kouhyou_detail_004_kani=true&JigyosyoCd=2874009992-00&ServiceCd=110&Type=search", "url2": null }, "geometry": { "type": "Point", "coordinates": [ 134.679266602696117, 34.809856698665946 ] } },
{ "type": "Feature", "properties": { "内容": "訪問介護ステーション　まろん【訪問介護】姫路市書写2696-2", "url": "https://www.kaigokensaku.mhlw.go.jp/28/index.php?action_kouhyou_detail_004_kani=true&JigyosyoCd=2874010057-00&ServiceCd=110&Type=search", "url2": null }, "geometry": { "type": "Point", "coordinates": [ 134.6514306, 34.8665612 ] } },
{ "type": "Feature", "properties": { "内容": "ヘルパーステーション　笑む【訪問介護】兵庫県姫路市飾磨区英賀保駅前町２２番地プライム英賀保１０７", "url": "https://www.kaigokensaku.mhlw.go.jp/28/index.php?action_kouhyou_detail_004_kani=true&JigyosyoCd=2874010362-00&ServiceCd=110&Type=search", "url2": "http://hp.kaipoke.biz/dtk/" }, "geometry": { "type": "Point", "coordinates": [ 134.645529399999987, 34.81184889999998 ] } },
{ "type": "Feature", "properties": { "内容": "やさしい手東姫路訪問介護事業所【訪問介護】日出町3丁目39-4", "url": "https://www.kaigokensaku.mhlw.go.jp/28/index.php?action_kouhyou_detail_004_kani=true&JigyosyoCd=2874010636-00&ServiceCd=110&Type=search", "url2": "https://www.yasashiite.com/" }, "geometry": { "type": "Point", "coordinates": [ 134.712424883992014, 34.824467485282625 ] } },
{ "type": "Feature", "properties": { "内容": "ヘルパーステーション春【訪問介護】兵庫県姫路市岡田246-1", "url": "https://www.kaigokensaku.mhlw.go.jp/28/index.php?action_kouhyou_detail_004_kani=true&JigyosyoCd=2874010974-00&ServiceCd=110&Type=search", "url2": "http://houmonkangoharu.main.jp/" }, "geometry": { "type": "Point", "coordinates": [ 134.666576600000013, 34.8253934 ] } },
{ "type": "Feature", "properties": { "内容": "ケア２１姫路野里【訪問介護】姫路市白国1-3-1山時興産ビル1F", "url": "https://www.kaigokensaku.mhlw.go.jp/28/index.php?action_kouhyou_detail_004_kani=true&JigyosyoCd=2874011048-00&ServiceCd=110&Type=search", "url2": null }, "geometry": { "type": "Point", "coordinates": [ 134.7074333, 34.8570889 ] } },
{ "type": "Feature", "properties": { "内容": "あいヘルパーステーション【訪問介護】姫路市青山4丁目8－5", "url": "https://www.kaigokensaku.mhlw.go.jp/28/index.php?action_kouhyou_detail_004_kani=true&JigyosyoCd=2874002757-00&ServiceCd=110&Type=search", "url2": "http://www.techno-aids.co.jp" }, "geometry": { "type": "Point", "coordinates": [ 134.635935209123176, 34.842827313245685 ] } },
{ "type": "Feature", "properties": { "内容": "ヘルパーステーションさんぽ道【訪問介護】姫路市東夢前台3丁目68-1", "url": "https://www.kaigokensaku.mhlw.go.jp/28/index.php?action_kouhyou_detail_004_kani=true&JigyosyoCd=2874006667-00&ServiceCd=110&Type=search", "url2": "http://www.sanpo-michi.co.jp/" }, "geometry": { "type": "Point", "coordinates": [ 134.64611188169485, 34.846346943734439 ] } },
{ "type": "Feature", "properties": { "内容": "ヘルパーステーション　アムール平松【訪問介護】兵庫県姫路市大津区平松495-1", "url": "https://www.kaigokensaku.mhlw.go.jp/28/index.php?action_kouhyou_detail_004_kani=true&JigyosyoCd=2874009471-00&ServiceCd=110&Type=search", "url2": null }, "geometry": { "type": "Point", "coordinates": [ 134.5984736, 34.7897474 ] } },
{ "type": "Feature", "properties": { "内容": "ヘルパーステーション　アムール姫路南【訪問介護】兵庫県姫路市飾磨区中野田2丁目118", "url": "https://www.kaigokensaku.mhlw.go.jp/28/index.php?action_kouhyou_detail_004_kani=true&JigyosyoCd=2874009844-00&ServiceCd=110&Type=search", "url2": null }, "geometry": { "type": "Point", "coordinates": [ 134.6818252, 34.8072428 ] } },
{ "type": "Feature", "properties": { "内容": "やさしい手　東辻井訪問介護事業所【訪問介護】4-4-25やさしえ東辻井", "url": "https://www.kaigokensaku.mhlw.go.jp/28/index.php?action_kouhyou_detail_004_kani=true&JigyosyoCd=2874010602-00&ServiceCd=110&Type=search", "url2": "https://search.yasashiite.com/detail/homonkaigo_higashitsujii/" }, "geometry": { "type": "Point", "coordinates": [ 134.680002, 34.846956 ] } },
{ "type": "Feature", "properties": { "内容": "アニストヘルパーステーション姫路【訪問介護】兵庫県姫路市花田町小川42-1サンシャインコート姫路", "url": "https://www.kaigokensaku.mhlw.go.jp/28/index.php?action_kouhyou_detail_004_kani=true&JigyosyoCd=2874010933-00&ServiceCd=110&Type=search", "url2": "https://www.honest-ty.com" }, "geometry": { "type": "Point", "coordinates": [ 134.727283995974346, 34.837631221210323 ] } },
{ "type": "Feature", "properties": { "内容": "ニチイケアセンター姫路【訪問介護】兵庫県姫路市北条448-9エイジングコート姫路　1F", "url": "https://www.kaigokensaku.mhlw.go.jp/28/index.php?action_kouhyou_detail_004_kani=true&JigyosyoCd=2874000868-00&ServiceCd=110&Type=search", "url2": "http://www.nichiigakkan.co.jp" }, "geometry": { "type": "Point", "coordinates": [ 134.698203800663805, 34.824757452383757 ] } },
{ "type": "Feature", "properties": { "内容": "ニチイケアセンター灘浜【訪問介護】兵庫県姫路市白浜町甲779-5", "url": "https://www.kaigokensaku.mhlw.go.jp/28/index.php?action_kouhyou_detail_004_kani=true&JigyosyoCd=2874002906-00&ServiceCd=110&Type=search", "url2": "http://www.nichiigakkan.co.jp" }, "geometry": { "type": "Point", "coordinates": [ 134.699068500000067, 34.7835389 ] } },
{ "type": "Feature", "properties": { "内容": "ニチイケアセンター青山【訪問介護】兵庫県姫路市青山３丁目10-2青山ビル2F西", "url": "https://www.kaigokensaku.mhlw.go.jp/28/index.php?action_kouhyou_detail_004_kani=true&JigyosyoCd=2874002971-00&ServiceCd=110&Type=search", "url2": "http://www.nichiigakkan.co.jp" }, "geometry": { "type": "Point", "coordinates": [ 134.638922800000046, 34.8440316 ] } },
{ "type": "Feature", "properties": { "内容": "ニチイケアセンターひめじ東【訪問介護】兵庫県姫路市御国野町国分寺596-1すますビル1F", "url": "https://www.kaigokensaku.mhlw.go.jp/28/index.php?action_kouhyou_detail_004_kani=true&JigyosyoCd=2874005198-00&ServiceCd=110&Type=search", "url2": "http://www.nichiigakkan.co.jp" }, "geometry": { "type": "Point", "coordinates": [ 134.737955, 34.8212742 ] } },
{ "type": "Feature", "properties": { "内容": "ニチイケアセンター大塩【訪問介護】兵庫県姫路市大塩町2196-47大塩黒川店舗2階1号", "url": "https://www.kaigokensaku.mhlw.go.jp/28/index.php?action_kouhyou_detail_004_kani=true&JigyosyoCd=2874009919-00&ServiceCd=110&Type=search", "url2": null }, "geometry": { "type": "Point", "coordinates": [ 134.757024699999988, 34.7798107 ] } },
{ "type": "Feature", "properties": { "内容": "ニチイケアセンター夢前川【訪問介護】兵庫県姫路市広畑区東新町3丁目84番地ラベンダー１F", "url": "https://www.kaigokensaku.mhlw.go.jp/28/index.php?action_kouhyou_detail_004_kani=true&JigyosyoCd=2874009927-00&ServiceCd=110&Type=search", "url2": "https://www.nichiigakkan.co.jp" }, "geometry": { "type": "Point", "coordinates": [ 134.637306099999989, 34.7991287 ] } },
{ "type": "Feature", "properties": { "内容": "ニチイケアセンター飾磨【訪問介護】兵庫県姫路市飾磨区今在家北3丁目55-1", "url": "https://www.kaigokensaku.mhlw.go.jp/28/index.php?action_kouhyou_detail_004_kani=true&JigyosyoCd=2874000975-00&ServiceCd=110&Type=search", "url2": "http://www.nichiigakkan.co.jp" }, "geometry": { "type": "Point", "coordinates": [ 134.656406949073812, 34.811121343944578 ] } },
{ "type": "Feature", "properties": { "内容": "訪問介護ステーション　こすもす【訪問介護】姫路市網干区津市場805-3", "url": "https://www.kaigokensaku.mhlw.go.jp/28/index.php?action_kouhyou_detail_004_kani=true&JigyosyoCd=2874003425-00&ServiceCd=110&Type=search", "url2": "https://www.shioka.co.jp/cosmos.html" }, "geometry": { "type": "Point", "coordinates": [ 134.584778849073814, 34.795500116381319 ] } },
{ "type": "Feature", "properties": { "内容": "ヘルパーステーション　かけはし【訪問介護】姫路市木場1323-3", "url": "https://www.kaigokensaku.mhlw.go.jp/28/index.php?action_kouhyou_detail_004_kani=true&JigyosyoCd=2874004704-00&ServiceCd=110&Type=search", "url2": "h1484168@yahoo.co.jp" }, "geometry": { "type": "Point", "coordinates": [ 134.727371299999959, 34.7755706 ] } },
{ "type": "Feature", "properties": { "内容": "合同会社たんぽぽ【訪問介護】兵庫県姫路市北平野6－7－15", "url": "https://www.kaigokensaku.mhlw.go.jp/28/index.php?action_kouhyou_detail_004_kani=true&JigyosyoCd=2874009760-00&ServiceCd=110&Type=search", "url2": "https://dandelion-care-workerjimdofree.com/" }, "geometry": { "type": "Point", "coordinates": [ 134.6983955, 34.8664562 ] } },
{ "type": "Feature", "properties": { "内容": "弓愛ケアサービス【訪問介護】兵庫県姫路市勝原区宮田554-3リバティー203", "url": "https://www.kaigokensaku.mhlw.go.jp/28/index.php?action_kouhyou_detail_004_kani=true&JigyosyoCd=2874009158-00&ServiceCd=110&Type=search", "url2": null }, "geometry": { "type": "Point", "coordinates": [ 134.5926422, 34.8068699 ] } },
{ "type": "Feature", "properties": { "内容": "サービス付き高齢者向け住宅　ゆうゆう広畑【訪問介護】兵庫県姫路市広畑区蒲田645番地サービス付き高齢者向け住宅ゆうゆう広畑", "url": "https://www.kaigokensaku.mhlw.go.jp/28/index.php?action_kouhyou_detail_004_kani=true&JigyosyoCd=2874011253-00&ServiceCd=110&Type=search", "url2": null }, "geometry": { "type": "Point", "coordinates": [ 134.6447212, 34.8318886 ] } },
{ "type": "Feature", "properties": { "内容": "訪問介護ステーション白国Village【訪問介護】兵庫県姫路市白国１丁目21-21", "url": "https://www.kaigokensaku.mhlw.go.jp/28/index.php?action_kouhyou_detail_004_kani=true&JigyosyoCd=2874011063-00&ServiceCd=110&Type=search", "url2": "https://shirakunivillage.com/" }, "geometry": { "type": "Point", "coordinates": [ 134.7041793, 34.8613408 ] } },
{ "type": "Feature", "properties": { "内容": "宗教法人清勝寺　清山荘ホームヘルプサービス【訪問介護】姫路市大塩町1089", "url": "https://www.kaigokensaku.mhlw.go.jp/28/index.php?action_kouhyou_detail_004_kani=true&JigyosyoCd=2874000991-00&ServiceCd=110&Type=search", "url2": null }, "geometry": { "type": "Point", "coordinates": [ 134.758672796125779, 34.789451285437167 ] } },
{ "type": "Feature", "properties": { "内容": "cocoステーション【訪問介護】兵庫県姫路市飾磨区加茂414-7-104", "url": "https://www.kaigokensaku.mhlw.go.jp/28/index.php?action_kouhyou_detail_004_kani=true&JigyosyoCd=2874009570-00&ServiceCd=110&Type=search", "url2": "https://k8c.co.jp/coco" }, "geometry": { "type": "Point", "coordinates": [ 134.660364025794991, 34.804491999627466 ] } },
{ "type": "Feature", "properties": { "内容": "ヘルパーステーションソング【訪問介護】兵庫県姫路市上手野255-4", "url": "https://www.kaigokensaku.mhlw.go.jp/28/index.php?action_kouhyou_detail_004_kani=true&JigyosyoCd=2874009828-00&ServiceCd=110&Type=search", "url2": "http://himeji-song.jp" }, "geometry": { "type": "Point", "coordinates": [ 134.659575080985718, 34.85673485283165 ] } },
{ "type": "Feature", "properties": { "内容": "有限会社ユニバーサル二四【訪問介護】兵庫県姫路市青山西１丁目１１－２４", "url": "https://www.kaigokensaku.mhlw.go.jp/28/index.php?action_kouhyou_detail_004_kani=true&JigyosyoCd=2874002013-00&ServiceCd=110&Type=search", "url2": null }, "geometry": { "type": "Point", "coordinates": [ 134.631429, 34.8452676 ] } },
{ "type": "Feature", "properties": { "内容": "グランダはりま姫路ケアステーション【訪問介護】兵庫県姫路市朝日町12番", "url": "https://www.kaigokensaku.mhlw.go.jp/28/index.php?action_kouhyou_detail_004_kani=true&JigyosyoCd=2874011659-00&ServiceCd=110&Type=search", "url2": "https://kaigo.benesse-style-care.co.jp/" }, "geometry": { "type": "Point", "coordinates": [ 134.695920735443082, 34.826860208352535 ] } },
{ "type": "Feature", "properties": { "内容": "訪問介護ステーション　ふれあい【訪問介護】兵庫県尼崎市金楽寺町２丁目７-３３", "url": "https://www.kaigokensaku.mhlw.go.jp/28/index.php?action_kouhyou_detail_004_kani=true&JigyosyoCd=2873001370-00&ServiceCd=110&Type=search", "url2": "http://kaigo-iwata.co.ｊｐ" }, "geometry": { "type": "Point", "coordinates": [ 135.427640399999973, 34.7251241 ] } },
{ "type": "Feature", "properties": { "内容": "トンド尼崎ケアセンター【訪問介護】尼崎市立花町4丁目1番6号立花サンライズマンション201号サンライズマンション201号", "url": "https://www.kaigokensaku.mhlw.go.jp/28/index.php?action_kouhyou_detail_004_kani=true&JigyosyoCd=2873009613-00&ServiceCd=110&Type=search", "url2": "http://tondo.co.jp" }, "geometry": { "type": "Point", "coordinates": [ 135.399119899999988, 34.7379828 ] } },
{ "type": "Feature", "properties": { "内容": "ヘルパーステーションゆめかな【訪問介護】兵庫県尼崎市立花町2丁目18-3", "url": "https://www.kaigokensaku.mhlw.go.jp/28/index.php?action_kouhyou_detail_004_kani=true&JigyosyoCd=2873012328-00&ServiceCd=110&Type=search", "url2": "https://www.carewish.net/" }, "geometry": { "type": "Point", "coordinates": [ 135.401920677496719, 34.74015614338542 ] } },
{ "type": "Feature", "properties": { "内容": "介護ステーション　あずさ【訪問介護】兵庫県尼崎市次屋1-12-28", "url": "https://www.kaigokensaku.mhlw.go.jp/28/index.php?action_kouhyou_detail_004_kani=true&JigyosyoCd=2873002964-00&ServiceCd=110&Type=search", "url2": "azusa-utasiro@nifty.com" }, "geometry": { "type": "Point", "coordinates": [ 135.441017099999954, 34.7355925 ] } },
{ "type": "Feature", "properties": { "内容": "株式会社　カインドネス【訪問介護】兵庫県尼崎市東園田町5-1-2２１７号", "url": "https://www.kaigokensaku.mhlw.go.jp/28/index.php?action_kouhyou_detail_004_kani=true&JigyosyoCd=2873009415-00&ServiceCd=110&Type=search", "url2": null }, "geometry": { "type": "Point", "coordinates": [ 135.451215899999966, 34.7556268 ] } },
{ "type": "Feature", "properties": { "内容": "ヘルパーステーション　みのり【訪問介護】尼崎市今福１丁目１－２８－１０６", "url": "https://www.kaigokensaku.mhlw.go.jp/28/index.php?action_kouhyou_detail_004_kani=true&JigyosyoCd=2873004135-00&ServiceCd=110&Type=search", "url2": "http://www.shafuku-nijinokai.or.jp/jimusho/homehelp.html" }, "geometry": { "type": "Point", "coordinates": [ 135.440039599999977, 34.72313 ] } },
{ "type": "Feature", "properties": { "内容": "ケアセンター　カモミール【訪問介護】尼崎市立花町２丁目１５番３号東平和荘6号室", "url": "https://www.kaigokensaku.mhlw.go.jp/28/index.php?action_kouhyou_detail_004_kani=true&JigyosyoCd=2873005454-00&ServiceCd=110&Type=search", "url2": null }, "geometry": { "type": "Point", "coordinates": [ 135.402234300000032, 34.7412691 ] } },
{ "type": "Feature", "properties": { "内容": "アイダー介護事業所【訪問介護】兵庫県尼崎市武庫之荘2-27-1", "url": "https://www.kaigokensaku.mhlw.go.jp/28/index.php?action_kouhyou_detail_004_kani=true&JigyosyoCd=2873012948-00&ServiceCd=110&Type=search", "url2": "https://eider.jp/" }, "geometry": { "type": "Point", "coordinates": [ 135.387568199999976, 34.7531975 ] } },
{ "type": "Feature", "properties": { "内容": "西長洲荘ヘルパ－ステ－ション【訪問介護】兵庫県尼崎市西長洲町３丁目３番２０号特別養護老人ホーム　西長洲荘", "url": "https://www.kaigokensaku.mhlw.go.jp/28/index.php?action_kouhyou_detail_004_kani=true&JigyosyoCd=2873001255-00&ServiceCd=110&Type=search", "url2": "http//www.heiseikai.or.jp" }, "geometry": { "type": "Point", "coordinates": [ 135.417566299999976, 34.7261738 ] } },
{ "type": "Feature", "properties": { "内容": "ペリカン【訪問介護】兵庫県尼崎市東大物町１丁目５番２７号", "url": "https://www.kaigokensaku.mhlw.go.jp/28/index.php?action_kouhyou_detail_004_kani=true&JigyosyoCd=2873005322-00&ServiceCd=110&Type=search", "url2": "ｐｅｌｉｃａｎ２００７．ｊｐ" }, "geometry": { "type": "Point", "coordinates": [ 135.426744637777347, 34.717492355635606 ] } },
{ "type": "Feature", "properties": { "内容": "介護ステーションみらくる【訪問介護】兵庫県尼崎市南塚口町5丁目15番10号甲東プラザ403号", "url": "https://www.kaigokensaku.mhlw.go.jp/28/index.php?action_kouhyou_detail_004_kani=true&JigyosyoCd=2873013540-00&ServiceCd=110&Type=search", "url2": "https://www.upd-care.co.jp/" }, "geometry": { "type": "Point", "coordinates": [ 135.4182917, 34.744857400000015 ] } },
{ "type": "Feature", "properties": { "内容": "株式会社コスモホームヘルプサービス　尼崎事業所【訪問介護】兵庫県尼崎市御園町３９　亀田ビル6階", "url": "https://www.kaigokensaku.mhlw.go.jp/28/index.php?action_kouhyou_detail_004_kani=true&JigyosyoCd=2873000083-00&ServiceCd=110&Type=search", "url2": "http://www.kosmo.jp/homehelp/" }, "geometry": { "type": "Point", "coordinates": [ 135.4153612, 34.7182133 ] } },
{ "type": "Feature", "properties": { "内容": "アクティブケアくるみ【訪問介護】尼崎市金楽寺町2丁目7番30号", "url": "https://www.kaigokensaku.mhlw.go.jp/28/index.php?action_kouhyou_detail_004_kani=true&JigyosyoCd=2873000778-00&ServiceCd=110&Type=search", "url2": "http://www.atobisu.com/" }, "geometry": { "type": "Point", "coordinates": [ 135.427419552010718, 34.725160509160112 ] } },
{ "type": "Feature", "properties": { "内容": "介護センターたいよう【訪問介護】兵庫県尼崎市東園田町4-107-3トムズハウス101号", "url": "https://www.kaigokensaku.mhlw.go.jp/28/index.php?action_kouhyou_detail_004_kani=true&JigyosyoCd=2873001719-00&ServiceCd=110&Type=search", "url2": null }, "geometry": { "type": "Point", "coordinates": [ 135.4449701, 34.75379190000001 ] } },
{ "type": "Feature", "properties": { "内容": "ヘルパーステーションありがとう【訪問介護】尼崎市南武庫之荘5-2-31アスエ武庫之荘　店舗Ｂ", "url": "https://www.kaigokensaku.mhlw.go.jp/28/index.php?action_kouhyou_detail_004_kani=true&JigyosyoCd=2873002824-00&ServiceCd=110&Type=search", "url2": null }, "geometry": { "type": "Point", "coordinates": [ 135.390493996599133, 34.748497281642884 ] } },
{ "type": "Feature", "properties": { "内容": "ヘルパーステーション・うらら【訪問介護】兵庫県尼崎市水堂町2丁目15番6号", "url": "https://www.kaigokensaku.mhlw.go.jp/28/index.php?action_kouhyou_detail_004_kani=true&JigyosyoCd=2873003202-00&ServiceCd=110&Type=search", "url2": null }, "geometry": { "type": "Point", "coordinates": [ 135.390035799999964, 34.740755 ] } },
{ "type": "Feature", "properties": { "内容": "憩ステーション【訪問介護】兵庫県尼崎市立花町４丁目14番27号パナシェ盛101", "url": "https://www.kaigokensaku.mhlw.go.jp/28/index.php?action_kouhyou_detail_004_kani=true&JigyosyoCd=2873003277-00&ServiceCd=110&Type=search", "url2": null }, "geometry": { "type": "Point", "coordinates": [ 135.397773799999982, 34.739577500000024 ] } },
{ "type": "Feature", "properties": { "内容": "ピース訪問介護事業所【訪問介護】尼崎市長洲本通1-7-20", "url": "https://www.kaigokensaku.mhlw.go.jp/28/index.php?action_kouhyou_detail_004_kani=true&JigyosyoCd=2873005108-00&ServiceCd=110&Type=search", "url2": null }, "geometry": { "type": "Point", "coordinates": [ 135.4330622, 34.7290349 ] } },
{ "type": "Feature", "properties": { "内容": "あい・さくらホーム田能訪問介護事業所【訪問介護】兵庫県尼崎市田能5丁目9-39-111", "url": "https://www.kaigokensaku.mhlw.go.jp/28/index.php?action_kouhyou_detail_004_kani=true&JigyosyoCd=2873006775-00&ServiceCd=110&Type=search", "url2": null }, "geometry": { "type": "Point", "coordinates": [ 135.431777799999963, 34.7692805 ] } },
{ "type": "Feature", "properties": { "内容": "訪問介護すまいるケアサービス【訪問介護】尼崎市浜３丁目１７番４号", "url": "https://www.kaigokensaku.mhlw.go.jp/28/index.php?action_kouhyou_detail_004_kani=true&JigyosyoCd=2873008235-00&ServiceCd=110&Type=search", "url2": null }, "geometry": { "type": "Point", "coordinates": [ 135.439872700000024, 34.7354176 ] } },
{ "type": "Feature", "properties": { "内容": "スーパー・コート武庫之荘訪問介護事業所【訪問介護】南武庫之荘1‐15‐8エランドール武庫之荘206号室", "url": "https://www.kaigokensaku.mhlw.go.jp/28/index.php?action_kouhyou_detail_004_kani=true&JigyosyoCd=2873008904-00&ServiceCd=110&Type=search", "url2": null }, "geometry": { "type": "Point", "coordinates": [ 135.3928812, 34.7495134 ] } },
{ "type": "Feature", "properties": { "内容": "介護ステーション　サンエール【訪問介護】尼崎市南武庫之荘１丁目１５番６号", "url": "https://www.kaigokensaku.mhlw.go.jp/28/index.php?action_kouhyou_detail_004_kani=true&JigyosyoCd=2873009688-00&ServiceCd=110&Type=search", "url2": "https://www.facebook.com/pages/%E4%BB%8B%E8%AD%B7%E3%82%B9%E3%83%86%E3%83%BC%E3%82%B7%E3%83%A7%E3%83%B3-%E3%82%B5%E3%83%B3%E3%82%A8%E3%83%BC%E3%83%AB/1417244628595333" }, "geometry": { "type": "Point", "coordinates": [ 135.393038, 34.749407 ] } },
{ "type": "Feature", "properties": { "内容": "ひなた介護ステーション【訪問介護】兵庫県尼崎市西川2-13-34", "url": "https://www.kaigokensaku.mhlw.go.jp/28/index.php?action_kouhyou_detail_004_kani=true&JigyosyoCd=2873009704-00&ServiceCd=110&Type=search", "url2": null }, "geometry": { "type": "Point", "coordinates": [ 135.443261399999983, 34.7331928 ] } },
{ "type": "Feature", "properties": { "内容": "トータル介護サービス　ふたば　尼崎支店【訪問介護】兵庫県尼崎市昭和南通6丁目150", "url": "https://www.kaigokensaku.mhlw.go.jp/28/index.php?action_kouhyou_detail_004_kani=true&JigyosyoCd=2873010272-00&ServiceCd=110&Type=search", "url2": null }, "geometry": { "type": "Point", "coordinates": [ 135.410034, 34.7221462 ] } },
{ "type": "Feature", "properties": { "内容": "ヘルパーステーションメロディー【訪問介護】尼崎市武庫川町２丁目２０番地の２", "url": "https://www.kaigokensaku.mhlw.go.jp/28/index.php?action_kouhyou_detail_004_kani=true&JigyosyoCd=2873010611-00&ServiceCd=110&Type=search", "url2": null }, "geometry": { "type": "Point", "coordinates": [ 135.386684650926242, 34.716869160259058 ] } },
{ "type": "Feature", "properties": { "内容": "けあふぉーゆう【訪問介護】兵庫県尼崎市名神町3丁目15番12号", "url": "https://www.kaigokensaku.mhlw.go.jp/28/index.php?action_kouhyou_detail_004_kani=true&JigyosyoCd=2873011288-00&ServiceCd=110&Type=search", "url2": null }, "geometry": { "type": "Point", "coordinates": [ 135.421573099999989, 34.7430043 ] } },
{ "type": "Feature", "properties": { "内容": "ウィル【訪問介護】兵庫県尼崎市西立花町4-2-12", "url": "https://www.kaigokensaku.mhlw.go.jp/28/index.php?action_kouhyou_detail_004_kani=true&JigyosyoCd=2873011957-00&ServiceCd=110&Type=search", "url2": null }, "geometry": { "type": "Point", "coordinates": [ 135.3924517, 34.7359489 ] } },
{ "type": "Feature", "properties": { "内容": "ステーション・デ・ケア　COPAIN【訪問介護】富松町1-11-24-102", "url": "https://www.kaigokensaku.mhlw.go.jp/28/index.php?action_kouhyou_detail_004_kani=true&JigyosyoCd=2873012203-00&ServiceCd=110&Type=search", "url2": "purapur2525.jimdo.com" }, "geometry": { "type": "Point", "coordinates": [ 135.4004713, 34.7538868 ] } },
{ "type": "Feature", "properties": { "内容": "訪問介護事業所ひなたの風尼崎営業所【訪問介護】0053", "url": "https://www.kaigokensaku.mhlw.go.jp/28/index.php?action_kouhyou_detail_004_kani=true&JigyosyoCd=2873013185-00&ServiceCd=110&Type=search", "url2": "https://www.hinatanokaze.com" }, "geometry": { "type": "Point", "coordinates": [ 135.763556, 34.900258 ] } },
{ "type": "Feature", "properties": { "内容": "訪問介護ステーションはなみずきの宿り【訪問介護】兵庫県尼崎市南武庫之荘11-3-1はなみずきの宿り", "url": "https://www.kaigokensaku.mhlw.go.jp/28/index.php?action_kouhyou_detail_004_kani=true&JigyosyoCd=2873013581-00&ServiceCd=110&Type=search", "url2": "https://msc-10.co.jp/" }, "geometry": { "type": "Point", "coordinates": [ 135.3840375, 34.7438318 ] } },
{ "type": "Feature", "properties": { "内容": "アミカ尼崎介護センター【訪問介護】兵庫県尼崎市東難波町3-21-34オーエスタマンション101", "url": "https://www.kaigokensaku.mhlw.go.jp/28/index.php?action_kouhyou_detail_004_kani=true&JigyosyoCd=2873012906-00&ServiceCd=110&Type=search", "url2": null }, "geometry": { "type": "Point", "coordinates": [ 135.4128911, 34.726959 ] } },
{ "type": "Feature", "properties": { "内容": "あいの訪問介護事業所【訪問介護】尼崎市南塚口町８丁目46-2", "url": "https://www.kaigokensaku.mhlw.go.jp/28/index.php?action_kouhyou_detail_004_kani=true&JigyosyoCd=2873009423-00&ServiceCd=110&Type=search", "url2": null }, "geometry": { "type": "Point", "coordinates": [ 135.4064634, 34.7494759 ] } },
{ "type": "Feature", "properties": { "内容": "ケアコム【訪問介護】尼崎市武庫川町３丁目14-15", "url": "https://www.kaigokensaku.mhlw.go.jp/28/index.php?action_kouhyou_detail_004_kani=true&JigyosyoCd=2873005009-00&ServiceCd=110&Type=search", "url2": null }, "geometry": { "type": "Point", "coordinates": [ 135.3858424, 34.717082 ] } },
{ "type": "Feature", "properties": { "内容": "ケアステーションアリス【訪問介護】兵庫県尼崎市西難波町6-4-31", "url": "https://www.kaigokensaku.mhlw.go.jp/28/index.php?action_kouhyou_detail_004_kani=true&JigyosyoCd=2873012575-00&ServiceCd=110&Type=search", "url2": null }, "geometry": { "type": "Point", "coordinates": [ 135.406000299999988, 34.7311507 ] } },
{ "type": "Feature", "properties": { "内容": "ケアステーションちゅーりっぷ【訪問介護】兵庫県尼崎市東七松町1丁目10番1号", "url": "https://www.kaigokensaku.mhlw.go.jp/28/index.php?action_kouhyou_detail_004_kani=true&JigyosyoCd=2873004168-00&ServiceCd=110&Type=search", "url2": null }, "geometry": { "type": "Point", "coordinates": [ 135.405961100000013, 34.7356438 ] } },
{ "type": "Feature", "properties": { "内容": "にじいろ介護サービス【訪問介護】兵庫県尼崎市南武庫之荘１丁目２９番１３号", "url": "https://www.kaigokensaku.mhlw.go.jp/28/index.php?action_kouhyou_detail_004_kani=true&JigyosyoCd=2873011007-00&ServiceCd=110&Type=search", "url2": null }, "geometry": { "type": "Point", "coordinates": [ 135.38930566931154, 34.750489256239582 ] } },
{ "type": "Feature", "properties": { "内容": "リアンスヘルパーステーション【訪問介護】兵庫県尼崎市久々知1-12-12-505", "url": "https://www.kaigokensaku.mhlw.go.jp/28/index.php?action_kouhyou_detail_004_kani=true&JigyosyoCd=2873006346-00&ServiceCd=110&Type=search", "url2": "https;//www.riens0701.com" }, "geometry": { "type": "Point", "coordinates": [ 135.432806, 34.7458397 ] } },
{ "type": "Feature", "properties": { "内容": "訪問介護セワーズ【訪問介護】兵庫県尼崎市西難波町2-26-28", "url": "https://www.kaigokensaku.mhlw.go.jp/28/index.php?action_kouhyou_detail_004_kani=true&JigyosyoCd=2873013276-00&ServiceCd=110&Type=search", "url2": null }, "geometry": { "type": "Point", "coordinates": [ 135.40508650000001, 34.7266199 ] } },
{ "type": "Feature", "properties": { "内容": "株式会社シルバージャパン【訪問介護】兵庫県尼崎市南塚口町２－２９－３５　ツカプラッツビル２Ｆ", "url": "https://www.kaigokensaku.mhlw.go.jp/28/index.php?action_kouhyou_detail_004_kani=true&JigyosyoCd=2873000273-00&ServiceCd=110&Type=search", "url2": "https://www.silver-japan.jp" }, "geometry": { "type": "Point", "coordinates": [ 135.416124099999934, 34.7497741 ] } },
{ "type": "Feature", "properties": { "内容": "ホームヘルプサービス　ほがらか苑【訪問介護】兵庫県尼崎市東本町4丁目103－11", "url": "https://www.kaigokensaku.mhlw.go.jp/28/index.php?action_kouhyou_detail_004_kani=true&JigyosyoCd=2873000539-00&ServiceCd=110&Type=search", "url2": null }, "geometry": { "type": "Point", "coordinates": [ 135.421700033065804, 34.71249622897556 ] } },
{ "type": "Feature", "properties": { "内容": "サンホームあまがさき　訪問介護ステーション【訪問介護】兵庫県尼崎市大庄北3丁目15番1号", "url": "https://www.kaigokensaku.mhlw.go.jp/28/index.php?action_kouhyou_detail_004_kani=true&JigyosyoCd=2873000737-00&ServiceCd=110&Type=search", "url2": "http://www.hakuaif.or.jp/facilities/amagasaki.html" }, "geometry": { "type": "Point", "coordinates": [ 135.389122300000054, 34.7336778 ] } },
{ "type": "Feature", "properties": { "内容": "阪神第一訪問介護センターさわやか【訪問介護】兵庫県尼崎市常光寺1-27-21第一診療所　2階", "url": "https://www.kaigokensaku.mhlw.go.jp/28/index.php?action_kouhyou_detail_004_kani=true&JigyosyoCd=2873000943-00&ServiceCd=110&Type=search", "url2": "http://www.hansiniseikyo.or.jp" }, "geometry": { "type": "Point", "coordinates": [ 135.437946719049023, 34.726045530779729 ] } },
{ "type": "Feature", "properties": { "内容": "訪問介護コスモス【訪問介護】兵庫県尼崎市金楽寺町2-10-1", "url": "https://www.kaigokensaku.mhlw.go.jp/28/index.php?action_kouhyou_detail_004_kani=true&JigyosyoCd=2873001008-00&ServiceCd=110&Type=search", "url2": "http://park12.wakwak.com" }, "geometry": { "type": "Point", "coordinates": [ 135.425888821040303, 34.725280488557125 ] } },
{ "type": "Feature", "properties": { "内容": "ひまわり訪問介護センター【訪問介護】兵庫県尼崎市西立花町2-7-6シャトー泉１０２", "url": "https://www.kaigokensaku.mhlw.go.jp/28/index.php?action_kouhyou_detail_004_kani=true&JigyosyoCd=2873001354-00&ServiceCd=110&Type=search", "url2": "http://himawari.coop/himawari/" }, "geometry": { "type": "Point", "coordinates": [ 135.397490599999969, 34.7368583 ] } },
{ "type": "Feature", "properties": { "内容": "介護センターさくら【訪問介護】兵庫県尼崎市東難波町５丁目２８番３０号浜田ビル2階", "url": "https://www.kaigokensaku.mhlw.go.jp/28/index.php?action_kouhyou_detail_004_kani=true&JigyosyoCd=2873001404-00&ServiceCd=110&Type=search", "url2": null }, "geometry": { "type": "Point", "coordinates": [ 135.416007089900859, 34.72290338204887 ] } },
{ "type": "Feature", "properties": { "内容": "ケア・ワーク尼崎東ステーション【訪問介護】西川２丁目９－１エミネント１階", "url": "https://www.kaigokensaku.mhlw.go.jp/28/index.php?action_kouhyou_detail_004_kani=true&JigyosyoCd=2873001982-00&ServiceCd=110&Type=search", "url2": "http://www.care-work.jp" }, "geometry": { "type": "Point", "coordinates": [ 135.4413997, 34.7341776 ] } },
{ "type": "Feature", "properties": { "内容": "ヘルパーステーションさくら【訪問介護】尼崎市下坂部3丁目2-40あまの里１階", "url": "https://www.kaigokensaku.mhlw.go.jp/28/index.php?action_kouhyou_detail_004_kani=true&JigyosyoCd=2873002071-00&ServiceCd=110&Type=search", "url2": "http://www.shafuku-nijinokai.or.jp/index.shtml" }, "geometry": { "type": "Point", "coordinates": [ 135.439947261407497, 34.74184911420312 ] } },
{ "type": "Feature", "properties": { "内容": "ヘルパーステーション　なにわ【訪問介護】尼崎市大庄西町2-29-15", "url": "https://www.kaigokensaku.mhlw.go.jp/28/index.php?action_kouhyou_detail_004_kani=true&JigyosyoCd=2873002089-00&ServiceCd=110&Type=search", "url2": "http://www.shafuku-nijinokai.or.jp/jimusho/homehelp.html" }, "geometry": { "type": "Point", "coordinates": [ 135.386675500000024, 34.7238176 ] } },
{ "type": "Feature", "properties": { "内容": "ヘルパーステーション　ケアベストあゆみ【訪問介護】兵庫県尼崎市神崎町13-13", "url": "https://www.kaigokensaku.mhlw.go.jp/28/index.php?action_kouhyou_detail_004_kani=true&JigyosyoCd=2873002188-00&ServiceCd=110&Type=search", "url2": null }, "geometry": { "type": "Point", "coordinates": [ 135.429056700000046, 34.7362619 ] } },
{ "type": "Feature", "properties": { "内容": "イリヤ福祉サービス【訪問介護】尼崎市戸ノ内町３丁目３２番１６号", "url": "https://www.kaigokensaku.mhlw.go.jp/28/index.php?action_kouhyou_detail_004_kani=true&JigyosyoCd=2873002428-00&ServiceCd=110&Type=search", "url2": "https://ilyaamagasaki.wixsite.com/website" }, "geometry": { "type": "Point", "coordinates": [ 135.456227200000058, 34.7375535 ] } },
{ "type": "Feature", "properties": { "内容": "合資会社　ライフケア・サービス　タンポポ【訪問介護】尼崎市西難波町６丁目１３－１５－１０１", "url": "https://www.kaigokensaku.mhlw.go.jp/28/index.php?action_kouhyou_detail_004_kani=true&JigyosyoCd=2873002766-00&ServiceCd=110&Type=search", "url2": null }, "geometry": { "type": "Point", "coordinates": [ 135.408616322090182, 34.730453182595994 ] } },
{ "type": "Feature", "properties": { "内容": "クレィン介護センター訪問介護事業所【訪問介護】尼崎市尾浜町2丁目13-22", "url": "https://www.kaigokensaku.mhlw.go.jp/28/index.php?action_kouhyou_detail_004_kani=true&JigyosyoCd=2873003038-00&ServiceCd=110&Type=search", "url2": null }, "geometry": { "type": "Point", "coordinates": [ 135.418836540715517, 34.73663363335573 ] } },
{ "type": "Feature", "properties": { "内容": "ヘルパーステーション　みるみる【訪問介護】兵庫県尼崎市南武庫之荘1-7-1", "url": "https://www.kaigokensaku.mhlw.go.jp/28/index.php?action_kouhyou_detail_004_kani=true&JigyosyoCd=2873003186-00&ServiceCd=110&Type=search", "url2": null }, "geometry": { "type": "Point", "coordinates": [ 135.39550811163943, 34.750899297930566 ] } },
{ "type": "Feature", "properties": { "内容": "NPO　愛逢【訪問介護】兵庫県　尼崎市　小中島１－5-10", "url": "https://www.kaigokensaku.mhlw.go.jp/28/index.php?action_kouhyou_detail_004_kani=true&JigyosyoCd=2873003236-00&ServiceCd=110&Type=search", "url2": "http://npo-aiai.org/" }, "geometry": { "type": "Point", "coordinates": [ 135.443061, 34.7496106 ] } },
{ "type": "Feature", "properties": { "内容": "ケア・ワーク尼崎西ステーション【訪問介護】尼崎市南武庫之荘４丁目９－８", "url": "https://www.kaigokensaku.mhlw.go.jp/28/index.php?action_kouhyou_detail_004_kani=true&JigyosyoCd=2873003772-00&ServiceCd=110&Type=search", "url2": "http://care-work.jp" }, "geometry": { "type": "Point", "coordinates": [ 135.3901912, 34.744974 ] } },
{ "type": "Feature", "properties": { "内容": "ケアステーション　ジョイア【訪問介護】兵庫県尼崎市長洲本通３－９－１１", "url": "https://www.kaigokensaku.mhlw.go.jp/28/index.php?action_kouhyou_detail_004_kani=true&JigyosyoCd=2873004101-00&ServiceCd=110&Type=search", "url2": null }, "geometry": { "type": "Point", "coordinates": [ 135.428815399999962, 34.7220883 ] } },
{ "type": "Feature", "properties": { "内容": "訪問介護事業所きずなの輪【訪問介護】兵庫県尼崎市西昆陽１－３－８", "url": "https://www.kaigokensaku.mhlw.go.jp/28/index.php?action_kouhyou_detail_004_kani=true&JigyosyoCd=2873005090-00&ServiceCd=110&Type=search", "url2": "https://nursing-agency-5107.business.site/?utm_source=gmb&utm_medium=referral" }, "geometry": { "type": "Point", "coordinates": [ 135.3838134, 34.7672774 ] } },
{ "type": "Feature", "properties": { "内容": "太多福介護センター【訪問介護】尼崎市東難波町5丁目11-11", "url": "https://www.kaigokensaku.mhlw.go.jp/28/index.php?action_kouhyou_detail_004_kani=true&JigyosyoCd=2873005538-00&ServiceCd=110&Type=search", "url2": "otafuku-kaigo@bca.bai.ne.jp" }, "geometry": { "type": "Point", "coordinates": [ 135.413460799999967, 34.7238738 ] } },
{ "type": "Feature", "properties": { "内容": "ホープステーション【訪問介護】兵庫県尼崎市東難波町2丁目1-5ハイツ橘202", "url": "https://www.kaigokensaku.mhlw.go.jp/28/index.php?action_kouhyou_detail_004_kani=true&JigyosyoCd=2873005975-00&ServiceCd=110&Type=search", "url2": null }, "geometry": { "type": "Point", "coordinates": [ 135.409095, 34.732414800000015 ] } },
{ "type": "Feature", "properties": { "内容": "訪問介護ステーションあどばん【訪問介護】上坂部3-18-3", "url": "https://www.kaigokensaku.mhlw.go.jp/28/index.php?action_kouhyou_detail_004_kani=true&JigyosyoCd=2873006049-00&ServiceCd=110&Type=search", "url2": null }, "geometry": { "type": "Point", "coordinates": [ 135.430772215344234, 34.749462307686464 ] } },
{ "type": "Feature", "properties": { "内容": "GTLケアサービス尼崎駅前【訪問介護】兵庫県尼崎市御園町２７－３", "url": "https://www.kaigokensaku.mhlw.go.jp/28/index.php?action_kouhyou_detail_004_kani=true&JigyosyoCd=2873006098-00&ServiceCd=110&Type=search", "url2": null }, "geometry": { "type": "Point", "coordinates": [ 135.414653, 34.7187105 ] } },
{ "type": "Feature", "properties": { "内容": "ケアステーション　いろは【訪問介護】兵庫県尼崎市今福1丁目1番29号杭瀬団地29号棟105号室", "url": "https://www.kaigokensaku.mhlw.go.jp/28/index.php?action_kouhyou_detail_004_kani=true&JigyosyoCd=2873006262-00&ServiceCd=110&Type=search", "url2": "https://oneteam-iroha.com" }, "geometry": { "type": "Point", "coordinates": [ 135.440032660406388, 34.724081741107618 ] } },
{ "type": "Feature", "properties": { "内容": "ケアセンターゆきあい【訪問介護】下坂部３－１８－３　ｶｻﾍﾞﾙﾃﾞｲｹﾀﾞⅠ－２０５－ＡｶｻﾍﾞﾙﾃﾞｲｹﾀﾞⅠ－２０５－Ａ", "url": "https://www.kaigokensaku.mhlw.go.jp/28/index.php?action_kouhyou_detail_004_kani=true&JigyosyoCd=2873006791-00&ServiceCd=110&Type=search", "url2": "https://www.yukiai-kaigo.com/" }, "geometry": { "type": "Point", "coordinates": [ 135.435729766938834, 34.741911561437163 ] } },
{ "type": "Feature", "properties": { "内容": "ビームス介護センター【訪問介護】兵庫県尼崎市神田中通四丁目１６５", "url": "https://www.kaigokensaku.mhlw.go.jp/28/index.php?action_kouhyou_detail_004_kani=true&JigyosyoCd=2873006890-00&ServiceCd=110&Type=search", "url2": null }, "geometry": { "type": "Point", "coordinates": [ 135.410749146557549, 34.720838893531578 ] } },
{ "type": "Feature", "properties": { "内容": "ケア２１尼崎【訪問介護】尼崎市東難波町５丁目１８番８号ドミールカクタス尼崎２階", "url": "https://www.kaigokensaku.mhlw.go.jp/28/index.php?action_kouhyou_detail_004_kani=true&JigyosyoCd=2873007021-00&ServiceCd=110&Type=search", "url2": null }, "geometry": { "type": "Point", "coordinates": [ 135.416445461763033, 34.721372944930792 ] } },
{ "type": "Feature", "properties": { "内容": "訪問介護　真優【訪問介護】兵庫県尼崎市西昆陽１丁目３－４", "url": "https://www.kaigokensaku.mhlw.go.jp/28/index.php?action_kouhyou_detail_004_kani=true&JigyosyoCd=2873007161-00&ServiceCd=110&Type=search", "url2": null }, "geometry": { "type": "Point", "coordinates": [ 135.383997340475503, 34.767162325857193 ] } },
{ "type": "Feature", "properties": { "内容": "訪問介護ライフワーク【訪問介護】善法寺町８番２５号　山一グリーンハイツ１０６", "url": "https://www.kaigokensaku.mhlw.go.jp/28/index.php?action_kouhyou_detail_004_kani=true&JigyosyoCd=2873007260-00&ServiceCd=110&Type=search", "url2": null }, "geometry": { "type": "Point", "coordinates": [ 135.446289610281383, 34.748716957749686 ] } },
{ "type": "Feature", "properties": { "内容": "介護サービスあいむつみ会【訪問介護】椎堂1丁目15-31", "url": "https://www.kaigokensaku.mhlw.go.jp/28/index.php?action_kouhyou_detail_004_kani=true&JigyosyoCd=2873007302-00&ServiceCd=110&Type=search", "url2": null }, "geometry": { "type": "Point", "coordinates": [ 135.4473131, 34.7629002 ] } },
{ "type": "Feature", "properties": { "内容": "イナホ【訪問介護】尼崎市東難波町３丁目１３番１２号メゾン米澤１０３", "url": "https://www.kaigokensaku.mhlw.go.jp/28/index.php?action_kouhyou_detail_004_kani=true&JigyosyoCd=2873007617-00&ServiceCd=110&Type=search", "url2": null }, "geometry": { "type": "Point", "coordinates": [ 135.411167423348274, 34.728523984595064 ] } },
{ "type": "Feature", "properties": { "内容": "介護センター　三幸【訪問介護】兵庫県尼崎市長洲西通1-3-24305", "url": "https://www.kaigokensaku.mhlw.go.jp/28/index.php?action_kouhyou_detail_004_kani=true&JigyosyoCd=2873007880-00&ServiceCd=110&Type=search", "url2": null }, "geometry": { "type": "Point", "coordinates": [ 135.431867799999964, 34.730598600000015 ] } },
{ "type": "Feature", "properties": { "内容": "ケア２１塚口【訪問介護】兵庫県尼崎市南塚口町2-29-1宮本ビル2階", "url": "https://www.kaigokensaku.mhlw.go.jp/28/index.php?action_kouhyou_detail_004_kani=true&JigyosyoCd=2873008029-00&ServiceCd=110&Type=search", "url2": null }, "geometry": { "type": "Point", "coordinates": [ 135.415949100000034, 34.7499491 ] } },
{ "type": "Feature", "properties": { "内容": "公益社団法人兵庫県看護協会尼崎ヘルパーステーション【訪問介護】尼崎市南塚口町1丁目28－13NTT尼崎北別館1階", "url": "https://www.kaigokensaku.mhlw.go.jp/28/index.php?action_kouhyou_detail_004_kani=true&JigyosyoCd=2873008490-00&ServiceCd=110&Type=search", "url2": "https://www.hna.or.jp/" }, "geometry": { "type": "Point", "coordinates": [ 135.4121135, 34.749151800000014 ] } },
{ "type": "Feature", "properties": { "内容": "尼テラス【訪問介護】兵庫県尼崎市南塚口町１丁目２－８３０３", "url": "https://www.kaigokensaku.mhlw.go.jp/28/index.php?action_kouhyou_detail_004_kani=true&JigyosyoCd=2873008714-00&ServiceCd=110&Type=search", "url2": "https://amaterrace9.wixsite.com/home" }, "geometry": { "type": "Point", "coordinates": [ 135.413540099999977, 34.7526483 ] } },
{ "type": "Feature", "properties": { "内容": "ケアライフセンターリボーン尼崎【訪問介護】兵庫県尼崎市次屋3-5-52", "url": "https://www.kaigokensaku.mhlw.go.jp/28/index.php?action_kouhyou_detail_004_kani=true&JigyosyoCd=2873009084-00&ServiceCd=110&Type=search", "url2": null }, "geometry": { "type": "Point", "coordinates": [ 135.443324685400341, 34.738087840851684 ] } },
{ "type": "Feature", "properties": { "内容": "シルバージャパン大庄【訪問介護】兵庫県尼崎市大庄北3-1-26", "url": "https://www.kaigokensaku.mhlw.go.jp/28/index.php?action_kouhyou_detail_004_kani=true&JigyosyoCd=2873009175-00&ServiceCd=110&Type=search", "url2": "https://www.silver-japan.jp" }, "geometry": { "type": "Point", "coordinates": [ 135.389927700000044, 34.7339112 ] } },
{ "type": "Feature", "properties": { "内容": "GTLケアサービス尼崎新都心【訪問介護】兵庫県尼崎市潮江１丁目3番34号", "url": "https://www.kaigokensaku.mhlw.go.jp/28/index.php?action_kouhyou_detail_004_kani=true&JigyosyoCd=2873009621-00&ServiceCd=110&Type=search", "url2": null }, "geometry": { "type": "Point", "coordinates": [ 135.430572928141828, 34.734681923010925 ] } },
{ "type": "Feature", "properties": { "内容": "ケア２１立花【訪問介護】兵庫県尼崎市七松町１丁目２０－２４佐藤ビル２階", "url": "https://www.kaigokensaku.mhlw.go.jp/28/index.php?action_kouhyou_detail_004_kani=true&JigyosyoCd=2873009654-00&ServiceCd=110&Type=search", "url2": null }, "geometry": { "type": "Point", "coordinates": [ 135.3992055, 34.7338859 ] } },
{ "type": "Feature", "properties": { "内容": "ヘルパーステーション奏【訪問介護】兵庫県尼崎市南塚口町3丁目2-18-105ダイドーメゾン塚口Ⅱ105号", "url": "https://www.kaigokensaku.mhlw.go.jp/28/index.php?action_kouhyou_detail_004_kani=true&JigyosyoCd=2873009860-00&ServiceCd=110&Type=search", "url2": "www.care-kanade.com" }, "geometry": { "type": "Point", "coordinates": [ 135.420094747386514, 34.752544824895232 ] } },
{ "type": "Feature", "properties": { "内容": "介護ステーション　リアン【訪問介護】潮江1丁目20番1号アミング潮江イースト401西E", "url": "https://www.kaigokensaku.mhlw.go.jp/28/index.php?action_kouhyou_detail_004_kani=true&JigyosyoCd=2873010116-00&ServiceCd=110&Type=search", "url2": "https://www.linkheart-care.com/" }, "geometry": { "type": "Point", "coordinates": [ 135.43456470000001, 34.7349454 ] } },
{ "type": "Feature", "properties": { "内容": "ハートランド【訪問介護】兵庫県尼崎市武庫之荘1丁目2番14-202号レオ武庫之荘", "url": "https://www.kaigokensaku.mhlw.go.jp/28/index.php?action_kouhyou_detail_004_kani=true&JigyosyoCd=2873010223-00&ServiceCd=110&Type=search", "url2": null }, "geometry": { "type": "Point", "coordinates": [ 135.393639704368979, 34.752186800148799 ] } },
{ "type": "Feature", "properties": { "内容": "ふるっぷ【訪問介護】兵庫県尼崎市武庫之荘２丁目２６番３号メゾンサンストリーム１０１号", "url": "https://www.kaigokensaku.mhlw.go.jp/28/index.php?action_kouhyou_detail_004_kani=true&JigyosyoCd=2873010785-00&ServiceCd=110&Type=search", "url2": null }, "geometry": { "type": "Point", "coordinates": [ 135.388025, 34.753217 ] } },
{ "type": "Feature", "properties": { "内容": "株式会社クオーレ【訪問介護】尼崎市塚口町1-22-9長光ビル3階", "url": "https://www.kaigokensaku.mhlw.go.jp/28/index.php?action_kouhyou_detail_004_kani=true&JigyosyoCd=2873010801-00&ServiceCd=110&Type=search", "url2": "http://cuore116.com/" }, "geometry": { "type": "Point", "coordinates": [ 135.411932799999931, 34.7549429 ] } },
{ "type": "Feature", "properties": { "内容": "ヘルパーステーションだいもつ【訪問介護】兵庫県尼崎市東大物町1-1-1", "url": "https://www.kaigokensaku.mhlw.go.jp/28/index.php?action_kouhyou_detail_004_kani=true&JigyosyoCd=2873011403-00&ServiceCd=110&Type=search", "url2": "amagasakidaimotsu.aijinkai.or.jp/homecare" }, "geometry": { "type": "Point", "coordinates": [ 135.427587799999969, 34.7170026 ] } },
{ "type": "Feature", "properties": { "内容": "株式会社優ケアサービス【訪問介護】兵庫県尼崎市大庄川田町28番1", "url": "https://www.kaigokensaku.mhlw.go.jp/28/index.php?action_kouhyou_detail_004_kani=true&JigyosyoCd=2873011429-00&ServiceCd=110&Type=search", "url2": null }, "geometry": { "type": "Point", "coordinates": [ 135.393740400000013, 34.7264178 ] } },
{ "type": "Feature", "properties": { "内容": "株式会社YOSHIケアサービス【訪問介護】兵庫県尼崎市七松町３丁目4-8クリアスカイ立花101", "url": "https://www.kaigokensaku.mhlw.go.jp/28/index.php?action_kouhyou_detail_004_kani=true&JigyosyoCd=2873011809-00&ServiceCd=110&Type=search", "url2": null }, "geometry": { "type": "Point", "coordinates": [ 135.404153700000052, 34.7363308 ] } },
{ "type": "Feature", "properties": { "内容": "介護舎てにてを【訪問介護】兵庫県尼崎市小中島1丁目12-4", "url": "https://www.kaigokensaku.mhlw.go.jp/28/index.php?action_kouhyou_detail_004_kani=true&JigyosyoCd=2873011825-00&ServiceCd=110&Type=search", "url2": "https://www.roubun.com" }, "geometry": { "type": "Point", "coordinates": [ 135.4435398, 34.7498622 ] } },
{ "type": "Feature", "properties": { "内容": "めぐみサポート訪問介護ステーション【訪問介護】兵庫県尼崎市武庫之荘6－8－25めぐみ館３F", "url": "https://www.kaigokensaku.mhlw.go.jp/28/index.php?action_kouhyou_detail_004_kani=true&JigyosyoCd=2873012104-00&ServiceCd=110&Type=search", "url2": null }, "geometry": { "type": "Point", "coordinates": [ 135.390128588638277, 34.763466656406379 ] } },
{ "type": "Feature", "properties": { "内容": "ケアステーションファミリア【訪問介護】兵庫県尼崎市武庫町2丁目13-25", "url": "https://www.kaigokensaku.mhlw.go.jp/28/index.php?action_kouhyou_detail_004_kani=true&JigyosyoCd=2873012294-00&ServiceCd=110&Type=search", "url2": null }, "geometry": { "type": "Point", "coordinates": [ 135.3817113, 34.752647 ] } },
{ "type": "Feature", "properties": { "内容": "兵庫県尼崎市浜田町3丁目62番地【訪問介護】兵庫県尼崎市浜田町3丁目62番地ピトレスクエア101号室", "url": "https://www.kaigokensaku.mhlw.go.jp/28/index.php?action_kouhyou_detail_004_kani=true&JigyosyoCd=2873012344-00&ServiceCd=110&Type=search", "url2": null }, "geometry": { "type": "Point", "coordinates": [ 135.39853194354481, 34.729365907508083 ] } },
{ "type": "Feature", "properties": { "内容": "あくとケア尼崎【訪問介護】兵庫県尼崎市東難波町五丁目16番20号ラ・ティエラ　401号室", "url": "https://www.kaigokensaku.mhlw.go.jp/28/index.php?action_kouhyou_detail_004_kani=true&JigyosyoCd=2873012476-00&ServiceCd=110&Type=search", "url2": "https://actcare.jp/" }, "geometry": { "type": "Point", "coordinates": [ 135.41445250000001, 34.7218999 ] } },
{ "type": "Feature", "properties": { "内容": "ケアセンターAmi【訪問介護】崇徳院３丁目５６番地", "url": "https://www.kaigokensaku.mhlw.go.jp/28/index.php?action_kouhyou_detail_004_kani=true&JigyosyoCd=2873012674-00&ServiceCd=110&Type=search", "url2": "ami-gk.com" }, "geometry": { "type": "Point", "coordinates": [ 135.3972642, 34.7224255 ] } },
{ "type": "Feature", "properties": { "内容": "エース訪問介護センター尼崎【訪問介護】兵庫県尼崎市稲葉元町1丁目1-23ハート・ピア尼崎215号", "url": "https://www.kaigokensaku.mhlw.go.jp/28/index.php?action_kouhyou_detail_004_kani=true&JigyosyoCd=2873012732-00&ServiceCd=110&Type=search", "url2": "http://www.heart.jp" }, "geometry": { "type": "Point", "coordinates": [ 135.3887383, 34.7384511 ] } },
{ "type": "Feature", "properties": { "内容": "訪問介護ガラシアウイングス【訪問介護】兵庫県尼崎市小中島２丁目１７番１号", "url": "https://www.kaigokensaku.mhlw.go.jp/28/index.php?action_kouhyou_detail_004_kani=true&JigyosyoCd=2873012922-00&ServiceCd=110&Type=search", "url2": "https://www.gratia-wings.jp/" }, "geometry": { "type": "Point", "coordinates": [ 135.4410857, 34.7489794 ] } },
{ "type": "Feature", "properties": { "内容": "訪問介護もくれん【訪問介護】兵庫県尼崎市武庫元町1丁目12-12", "url": "https://www.kaigokensaku.mhlw.go.jp/28/index.php?action_kouhyou_detail_004_kani=true&JigyosyoCd=2873013086-00&ServiceCd=110&Type=search", "url2": null }, "geometry": { "type": "Point", "coordinates": [ 135.382164499999988, 34.7569079 ] } },
{ "type": "Feature", "properties": { "内容": "アイ・トランス訪問介護センター【訪問介護】兵庫県尼崎市水堂町1丁目6番2号", "url": "https://www.kaigokensaku.mhlw.go.jp/28/index.php?action_kouhyou_detail_004_kani=true&JigyosyoCd=2873013201-00&ServiceCd=110&Type=search", "url2": null }, "geometry": { "type": "Point", "coordinates": [ 135.3964191, 34.7408184 ] } },
{ "type": "Feature", "properties": { "内容": "八条通りケアステーション【訪問介護】兵庫県尼崎市西難波町5丁目14-4", "url": "https://www.kaigokensaku.mhlw.go.jp/28/index.php?action_kouhyou_detail_004_kani=true&JigyosyoCd=2873013318-00&ServiceCd=110&Type=search", "url2": null }, "geometry": { "type": "Point", "coordinates": [ 135.4079112, 34.7289453 ] } },
{ "type": "Feature", "properties": { "内容": "あくとケア塚口【訪問介護】兵庫県尼崎市南塚口町5-3-5パールハイツ103号室", "url": "https://www.kaigokensaku.mhlw.go.jp/28/index.php?action_kouhyou_detail_004_kani=true&JigyosyoCd=2873013391-00&ServiceCd=110&Type=search", "url2": "https://actcare.jp/" }, "geometry": { "type": "Point", "coordinates": [ 135.4182017, 34.7475716 ] } },
{ "type": "Feature", "properties": { "内容": "ケア２１武庫之荘【訪問介護】兵庫県尼崎市武庫元町２丁目１６－１５元町壱番館１０２号", "url": "https://www.kaigokensaku.mhlw.go.jp/28/index.php?action_kouhyou_detail_004_kani=true&JigyosyoCd=2873013409-00&ServiceCd=110&Type=search", "url2": null }, "geometry": { "type": "Point", "coordinates": [ 135.3816424, 34.7578064 ] } },
{ "type": "Feature", "properties": { "内容": "グローバルケア武庫之荘ヘルパーステーション【訪問介護】兵庫県尼崎市南武庫之荘6丁目9番2号", "url": "https://www.kaigokensaku.mhlw.go.jp/28/index.php?action_kouhyou_detail_004_kani=true&JigyosyoCd=2873013417-00&ServiceCd=110&Type=search", "url2": "https://globalcare-gc.co.jp/" }, "geometry": { "type": "Point", "coordinates": [ 135.381928099999982, 34.749440599999986 ] } },
{ "type": "Feature", "properties": { "内容": "介護センター　あさがお【訪問介護】兵庫県尼崎市小中島１丁目23-22水上マンション１０２号", "url": "https://www.kaigokensaku.mhlw.go.jp/28/index.php?action_kouhyou_detail_004_kani=true&JigyosyoCd=2873013482-00&ServiceCd=110&Type=search", "url2": "https://yotsubaasagao.wixsite.com/website" }, "geometry": { "type": "Point", "coordinates": [ 135.4419904, 34.7494997 ] } },
{ "type": "Feature", "properties": { "内容": "ヘルパーステーション心花【訪問介護】兵庫県尼崎市神田南通6丁目147号ベルメゾン出屋敷101号室", "url": "https://www.kaigokensaku.mhlw.go.jp/28/index.php?action_kouhyou_detail_004_kani=true&JigyosyoCd=2873013565-00&ServiceCd=110&Type=search", "url2": null }, "geometry": { "type": "Point", "coordinates": [ 135.3494327, 34.731567700000021 ] } },
{ "type": "Feature", "properties": { "内容": "訪問介護事業所　笑福【訪問介護】兵庫県尼崎市中在家町３-３７０１０２", "url": "https://www.kaigokensaku.mhlw.go.jp/28/index.php?action_kouhyou_detail_004_kani=true&JigyosyoCd=2873013771-00&ServiceCd=110&Type=search", "url2": null }, "geometry": { "type": "Point", "coordinates": [ 135.4133118, 34.7143741 ] } },
{ "type": "Feature", "properties": { "内容": "訪問介護事業所　ありんこ【訪問介護】兵庫県尼崎市下坂部2-16-6", "url": "https://www.kaigokensaku.mhlw.go.jp/28/index.php?action_kouhyou_detail_004_kani=true&JigyosyoCd=2873013904-00&ServiceCd=110&Type=search", "url2": null }, "geometry": { "type": "Point", "coordinates": [ 135.4325494, 34.7409818 ] } },
{ "type": "Feature", "properties": { "内容": "優衣株式会社【訪問介護】兵庫県尼崎市南塚口町8-39-8", "url": "https://www.kaigokensaku.mhlw.go.jp/28/index.php?action_kouhyou_detail_004_kani=true&JigyosyoCd=2873014050-00&ServiceCd=110&Type=search", "url2": "https://yuikaigo.com/" }, "geometry": { "type": "Point", "coordinates": [ 135.4083422, 34.7518758 ] } },
{ "type": "Feature", "properties": { "内容": "尼崎市建家町56【訪問介護】尼崎市建家町56", "url": "https://www.kaigokensaku.mhlw.go.jp/28/index.php?action_kouhyou_detail_004_kani=true&JigyosyoCd=2873014118-00&ServiceCd=110&Type=search", "url2": "ran-kaigo" }, "geometry": { "type": "Point", "coordinates": [ 135.410958099999988, 34.719488900000016 ] } },
{ "type": "Feature", "properties": { "内容": "NCケアステーション【訪問介護】兵庫県尼崎市稲葉荘1丁目11‐16セカンドライフ尼崎　110号室", "url": "https://www.kaigokensaku.mhlw.go.jp/28/index.php?action_kouhyou_detail_004_kani=true&JigyosyoCd=2863090540-00&ServiceCd=110&Type=search", "url2": "nishihara-clinic.com" }, "geometry": { "type": "Point", "coordinates": [ 135.384809029095749, 34.732806061641085 ] } },
{ "type": "Feature", "properties": { "内容": "あま社協ホームヘルプサービスセンター【訪問介護】尼崎市南武庫之荘3丁目24-5尼社協ほっと館", "url": "https://www.kaigokensaku.mhlw.go.jp/28/index.php?action_kouhyou_detail_004_kani=true&JigyosyoCd=2873000315-00&ServiceCd=110&Type=search", "url2": "http://amasyakyo.jp/" }, "geometry": { "type": "Point", "coordinates": [ 135.393623163949542, 34.744847692308475 ] } },
{ "type": "Feature", "properties": { "内容": "ヘルパーステーションおおくま北部【訪問介護】尼崎市東園田町5丁目69-1　グレースヴィラ園田Ⅲ　1F", "url": "https://www.kaigokensaku.mhlw.go.jp/28/index.php?action_kouhyou_detail_004_kani=true&JigyosyoCd=2873000513-00&ServiceCd=110&Type=search", "url2": "http://www.ookuma.or.jp/" }, "geometry": { "type": "Point", "coordinates": [ 135.449811377909811, 34.754614033751025 ] } },
{ "type": "Feature", "properties": { "内容": "訪問介護事業　らくらく苑【訪問介護】兵庫県尼崎市田能４丁目２－５０", "url": "https://www.kaigokensaku.mhlw.go.jp/28/index.php?action_kouhyou_detail_004_kani=true&JigyosyoCd=2873001602-00&ServiceCd=110&Type=search", "url2": "http://www.rakurakuen.ne.jp/" }, "geometry": { "type": "Point", "coordinates": [ 135.438669200000049, 34.7644034 ] } },
{ "type": "Feature", "properties": { "内容": "在宅ケアサービス　ソラストつかしん【訪問介護】兵庫県尼崎市塚口本町4-8-1", "url": "https://www.kaigokensaku.mhlw.go.jp/28/index.php?action_kouhyou_detail_004_kani=true&JigyosyoCd=2873002451-00&ServiceCd=110&Type=search", "url2": "https://solasto-kaigo.com/care/area/solastotsukashin2.html" }, "geometry": { "type": "Point", "coordinates": [ 135.417447685180605, 34.761914649157738 ] } },
{ "type": "Feature", "properties": { "内容": "ファミリーケア　えがお【訪問介護】尼崎市武庫之荘２－１１－１２－２０３コージイコート２１　203号", "url": "https://www.kaigokensaku.mhlw.go.jp/28/index.php?action_kouhyou_detail_004_kani=true&JigyosyoCd=2873003533-00&ServiceCd=110&Type=search", "url2": "https://egao-carenet.jp" }, "geometry": { "type": "Point", "coordinates": [ 135.390185400000064, 34.7535788 ] } },
{ "type": "Feature", "properties": { "内容": "ケアステーション翡翠【訪問介護】兵庫県尼崎市南武庫之荘１丁目１９－９アクト武庫之荘5階", "url": "https://www.kaigokensaku.mhlw.go.jp/28/index.php?action_kouhyou_detail_004_kani=true&JigyosyoCd=2873003913-00&ServiceCd=110&Type=search", "url2": null }, "geometry": { "type": "Point", "coordinates": [ 135.392263, 34.7504958 ] } },
{ "type": "Feature", "properties": { "内容": "セントケア尼崎【訪問介護】兵庫県尼崎市南塚口町1丁目12-3　南塚口ファーストビル1Ｆ", "url": "https://www.kaigokensaku.mhlw.go.jp/28/index.php?action_kouhyou_detail_004_kani=true&JigyosyoCd=2873005231-00&ServiceCd=110&Type=search", "url2": "http://www.saint-care.com/service/" }, "geometry": { "type": "Point", "coordinates": [ 135.414195899999982, 34.7513071 ] } },
{ "type": "Feature", "properties": { "内容": "ヘルパーステーションなごみ野【訪問介護】南武庫之荘3-32-20", "url": "https://www.kaigokensaku.mhlw.go.jp/28/index.php?action_kouhyou_detail_004_kani=true&JigyosyoCd=2873005256-00&ServiceCd=110&Type=search", "url2": null }, "geometry": { "type": "Point", "coordinates": [ 135.391891, 34.7468357 ] } },
{ "type": "Feature", "properties": { "内容": "訪問介護事業所　ロータス・オデオン【訪問介護】尼崎市宮内町2丁目81-1", "url": "https://www.kaigokensaku.mhlw.go.jp/28/index.php?action_kouhyou_detail_004_kani=true&JigyosyoCd=2873005678-00&ServiceCd=110&Type=search", "url2": "http://www.e-akane.com/" }, "geometry": { "type": "Point", "coordinates": [ 135.405498500000022, 34.7190741 ] } },
{ "type": "Feature", "properties": { "内容": "ヘルパーステーション　サンフォート武庫之荘【訪問介護】武庫之荘9丁目34番16号", "url": "https://www.kaigokensaku.mhlw.go.jp/28/index.php?action_kouhyou_detail_004_kani=true&JigyosyoCd=2873005934-00&ServiceCd=110&Type=search", "url2": "http://www.sanyoufukusikai.com/" }, "geometry": { "type": "Point", "coordinates": [ 135.388315700000021, 34.7704328 ] } },
{ "type": "Feature", "properties": { "内容": "ゆいまーる【訪問介護】尼崎市西長洲町2丁目12-8マスターズ西長洲一階店舗", "url": "https://www.kaigokensaku.mhlw.go.jp/28/index.php?action_kouhyou_detail_004_kani=true&JigyosyoCd=2873006031-00&ServiceCd=110&Type=search", "url2": null }, "geometry": { "type": "Point", "coordinates": [ 135.421490166937247, 34.725290087088503 ] } },
{ "type": "Feature", "properties": { "内容": "ヘルパーステーションハッピーライフ【訪問介護】南塚口町１丁目９－６", "url": "https://www.kaigokensaku.mhlw.go.jp/28/index.php?action_kouhyou_detail_004_kani=true&JigyosyoCd=2873006528-00&ServiceCd=110&Type=search", "url2": null }, "geometry": { "type": "Point", "coordinates": [ 135.412139834159916, 34.751718988911854 ] } },
{ "type": "Feature", "properties": { "内容": "ケアステーションつくしんぼ【訪問介護】兵庫県尼崎市玄番北之町２６－１尼崎市アーバンコンフォート101", "url": "https://www.kaigokensaku.mhlw.go.jp/28/index.php?action_kouhyou_detail_004_kani=true&JigyosyoCd=2873006858-00&ServiceCd=110&Type=search", "url2": null }, "geometry": { "type": "Point", "coordinates": [ 135.408003799999932, 34.7186103 ] } },
{ "type": "Feature", "properties": { "内容": "株式会社諦伸　くまさんケア【訪問介護】尼崎市築地２丁目１－１８", "url": "https://www.kaigokensaku.mhlw.go.jp/28/index.php?action_kouhyou_detail_004_kani=true&JigyosyoCd=2873006973-00&ServiceCd=110&Type=search", "url2": null }, "geometry": { "type": "Point", "coordinates": [ 135.419172099999969, 34.7123584 ] } },
{ "type": "Feature", "properties": { "内容": "あおばケアステーション【訪問介護】兵庫県尼崎市神田北通5丁目133－1サンプラザ尼崎18　205号", "url": "https://www.kaigokensaku.mhlw.go.jp/28/index.php?action_kouhyou_detail_004_kani=true&JigyosyoCd=2873007211-00&ServiceCd=110&Type=search", "url2": null }, "geometry": { "type": "Point", "coordinates": [ 135.409597052476784, 34.721501664282769 ] } },
{ "type": "Feature", "properties": { "内容": "エルケア株式会社　　エルケア塚口ケアセンター【訪問介護】尼崎市塚口町1丁目20番15号ジュネスタカラ1階", "url": "https://www.kaigokensaku.mhlw.go.jp/28/index.php?action_kouhyou_detail_004_kani=true&JigyosyoCd=2873007286-00&ServiceCd=110&Type=search", "url2": "http://l-care.jp" }, "geometry": { "type": "Point", "coordinates": [ 135.412257251896278, 34.753867989543764 ] } },
{ "type": "Feature", "properties": { "内容": "ケアサポート凛【訪問介護】兵庫県尼崎市武庫元町1-21-14", "url": "https://www.kaigokensaku.mhlw.go.jp/28/index.php?action_kouhyou_detail_004_kani=true&JigyosyoCd=2873007682-00&ServiceCd=110&Type=search", "url2": "https://caresupport-rin.crayonsite.com/" }, "geometry": { "type": "Point", "coordinates": [ 135.384580199999959, 34.7577811 ] } },
{ "type": "Feature", "properties": { "内容": "ケアースティションおひさま【訪問介護】兵庫県尼崎市東園田町2-103-5", "url": "https://www.kaigokensaku.mhlw.go.jp/28/index.php?action_kouhyou_detail_004_kani=true&JigyosyoCd=2873007773-00&ServiceCd=110&Type=search", "url2": null }, "geometry": { "type": "Point", "coordinates": [ 135.449423565166484, 34.75632951984646 ] } },
{ "type": "Feature", "properties": { "内容": "だいこく介護館【訪問介護】兵庫県尼崎市立花町１－１５－２", "url": "https://www.kaigokensaku.mhlw.go.jp/28/index.php?action_kouhyou_detail_004_kani=true&JigyosyoCd=2873007849-00&ServiceCd=110&Type=search", "url2": "http://daikoku2001.co.jp/" }, "geometry": { "type": "Point", "coordinates": [ 135.3993375, 34.7395665 ] } },
{ "type": "Feature", "properties": { "内容": "サポートセンターはま風【訪問介護】兵庫県尼崎市西難波町２丁目28-12", "url": "https://www.kaigokensaku.mhlw.go.jp/28/index.php?action_kouhyou_detail_004_kani=true&JigyosyoCd=2873008086-00&ServiceCd=110&Type=search", "url2": "htttps://www.hamakaze-ippo.jp/" }, "geometry": { "type": "Point", "coordinates": [ 135.404414300000013, 34.7262433 ] } },
{ "type": "Feature", "properties": { "内容": "輝ケアステーション【訪問介護】杭瀬北新町１－１１－１０－１０１マンション輝　１０１号", "url": "https://www.kaigokensaku.mhlw.go.jp/28/index.php?action_kouhyou_detail_004_kani=true&JigyosyoCd=2873008094-00&ServiceCd=110&Type=search", "url2": null }, "geometry": { "type": "Point", "coordinates": [ 135.440578400000049, 34.7222662 ] } },
{ "type": "Feature", "properties": { "内容": "ヘルパーステーションおおくま南部【訪問介護】尼崎市杭瀬北新町2丁目2-8", "url": "https://www.kaigokensaku.mhlw.go.jp/28/index.php?action_kouhyou_detail_004_kani=true&JigyosyoCd=2873009217-00&ServiceCd=110&Type=search", "url2": "http://www.ookuma.or.jp" }, "geometry": { "type": "Point", "coordinates": [ 135.43923129999996, 34.7225106 ] } },
{ "type": "Feature", "properties": { "内容": "訪問介護マーブル【訪問介護】久々知3丁目12-11", "url": "https://www.kaigokensaku.mhlw.go.jp/28/index.php?action_kouhyou_detail_004_kani=true&JigyosyoCd=2873009324-00&ServiceCd=110&Type=search", "url2": null }, "geometry": { "type": "Point", "coordinates": [ 135.430051, 34.7405337 ] } },
{ "type": "Feature", "properties": { "内容": "プラネットホームケアサービス尼崎【訪問介護】兵庫県尼崎市東難波町３丁目１７番１９号", "url": "https://www.kaigokensaku.mhlw.go.jp/28/index.php?action_kouhyou_detail_004_kani=true&JigyosyoCd=2873010629-00&ServiceCd=110&Type=search", "url2": null }, "geometry": { "type": "Point", "coordinates": [ 135.412510600000019, 34.7281782 ] } },
{ "type": "Feature", "properties": { "内容": "ほのぼのケア建家【訪問介護】尼崎市建家町53番地", "url": "https://www.kaigokensaku.mhlw.go.jp/28/index.php?action_kouhyou_detail_004_kani=true&JigyosyoCd=2873010702-00&ServiceCd=110&Type=search", "url2": "http://honobono-gr.com" }, "geometry": { "type": "Point", "coordinates": [ 135.41067986336202, 34.71954166668489 ] } },
{ "type": "Feature", "properties": { "内容": "夢みヘルパーステーション【訪問介護】兵庫県尼崎市南武庫之荘3-17-7　A棟", "url": "https://www.kaigokensaku.mhlw.go.jp/28/index.php?action_kouhyou_detail_004_kani=true&JigyosyoCd=2873010983-00&ServiceCd=110&Type=search", "url2": null }, "geometry": { "type": "Point", "coordinates": [ 135.394857859840414, 34.745353006991088 ] } },
{ "type": "Feature", "properties": { "内容": "森ケアサ－ビス【訪問介護】兵庫県尼崎市南塚口町３－９－２８", "url": "https://www.kaigokensaku.mhlw.go.jp/28/index.php?action_kouhyou_detail_004_kani=true&JigyosyoCd=2873011593-00&ServiceCd=110&Type=search", "url2": "mori-careservice@ares.eonet.ne.jp" }, "geometry": { "type": "Point", "coordinates": [ 135.419895799999949, 34.75161 ] } },
{ "type": "Feature", "properties": { "内容": "CoCoケア【訪問介護】兵庫県尼崎市立花町２丁目２３－７カーサ立花１０２号", "url": "https://www.kaigokensaku.mhlw.go.jp/28/index.php?action_kouhyou_detail_004_kani=true&JigyosyoCd=2873011916-00&ServiceCd=110&Type=search", "url2": "https://cococare2017.com/" }, "geometry": { "type": "Point", "coordinates": [ 135.402500794442744, 34.734264651674145 ] } },
{ "type": "Feature", "properties": { "内容": "ヘルパーステーションオーク【訪問介護】兵庫県尼崎市栗山町1丁目13-1", "url": "https://www.kaigokensaku.mhlw.go.jp/28/index.php?action_kouhyou_detail_004_kani=true&JigyosyoCd=2873012872-00&ServiceCd=110&Type=search", "url2": null }, "geometry": { "type": "Point", "coordinates": [ 135.4075105, 34.7456209 ] } },
{ "type": "Feature", "properties": { "内容": "訪問介護ハウス　ブリオ【訪問介護】長洲本通２丁目4-3", "url": "https://www.kaigokensaku.mhlw.go.jp/28/index.php?action_kouhyou_detail_004_kani=true&JigyosyoCd=2873013227-00&ServiceCd=110&Type=search", "url2": "https://www.kaigo-brio.com/" }, "geometry": { "type": "Point", "coordinates": [ 135.4306282, 34.7259296 ] } },
{ "type": "Feature", "properties": { "内容": "Homecare楓【訪問介護】兵庫県尼崎市栗山町１丁目22-30ハイツホリウチ105号", "url": "https://www.kaigokensaku.mhlw.go.jp/28/index.php?action_kouhyou_detail_004_kani=true&JigyosyoCd=2873013458-00&ServiceCd=110&Type=search", "url2": null }, "geometry": { "type": "Point", "coordinates": [ 135.408961803704869, 34.744455076140426 ] } },
{ "type": "Feature", "properties": { "内容": "ホームヘルパーステーション福【訪問介護】兵庫県尼崎市南竹谷町1丁目44-1バウ竹谷102号", "url": "https://www.kaigokensaku.mhlw.go.jp/28/index.php?action_kouhyou_detail_004_kani=true&JigyosyoCd=2873013474-00&ServiceCd=110&Type=search", "url2": "https://www.tsumufuku.com" }, "geometry": { "type": "Point", "coordinates": [ 135.40604289999996, 34.717933500000015 ] } },
{ "type": "Feature", "properties": { "内容": "アイビスケアセンター【訪問介護】兵庫県尼崎市尾浜町3-5-4　101号室アヴェニールリノン101号室", "url": "https://www.kaigokensaku.mhlw.go.jp/28/index.php?action_kouhyou_detail_004_kani=true&JigyosyoCd=2863090656-00&ServiceCd=110&Type=search", "url2": "https://www.ibis-care.com/" }, "geometry": { "type": "Point", "coordinates": [ 135.420934166839118, 34.73520750822567 ] } },
{ "type": "Feature", "properties": { "内容": "社会福祉法人阪神共同福祉会　園田苑【訪問介護】尼崎市小中島2-10-20", "url": "https://www.kaigokensaku.mhlw.go.jp/28/index.php?action_kouhyou_detail_004_kani=true&JigyosyoCd=2873000109-00&ServiceCd=110&Type=search", "url2": "https://sonodaen.com" }, "geometry": { "type": "Point", "coordinates": [ 135.443761, 34.7482302 ] } },
{ "type": "Feature", "properties": { "内容": "社会医療法人中央会　ホームヘルパーステーションローランド【訪問介護】尼崎市潮江3丁目1-8", "url": "https://www.kaigokensaku.mhlw.go.jp/28/index.php?action_kouhyou_detail_004_kani=true&JigyosyoCd=2873000216-00&ServiceCd=110&Type=search", "url2": "http://www.chuoukai.or.jp" }, "geometry": { "type": "Point", "coordinates": [ 135.428951289241013, 34.738179367969266 ] } },
{ "type": "Feature", "properties": { "内容": "ニチイケアセンター立花【訪問介護】兵庫県尼崎市七松町3-2-19ASビル201", "url": "https://www.kaigokensaku.mhlw.go.jp/28/index.php?action_kouhyou_detail_004_kani=true&JigyosyoCd=2873000570-00&ServiceCd=110&Type=search", "url2": "http://www.nichiigakkan.co.jp" }, "geometry": { "type": "Point", "coordinates": [ 135.405233952298147, 34.736393161881139 ] } },
{ "type": "Feature", "properties": { "内容": "かつら居宅サービスセンター訪問介護事業所【訪問介護】兵庫県尼崎市西難波町5-5-34", "url": "https://www.kaigokensaku.mhlw.go.jp/28/index.php?action_kouhyou_detail_004_kani=true&JigyosyoCd=2873000810-00&ServiceCd=110&Type=search", "url2": "http://www.seisyu-kai.com/houmon-kango.html?t=1#tabs-1" }, "geometry": { "type": "Point", "coordinates": [ 135.406198200000063, 34.7271678 ] } },
{ "type": "Feature", "properties": { "内容": "有限会社　昭和ケアサービス【訪問介護】尼崎市開明町2丁目11番地神鋼建設ビル302号", "url": "https://www.kaigokensaku.mhlw.go.jp/28/index.php?action_kouhyou_detail_004_kani=true&JigyosyoCd=2873000935-00&ServiceCd=110&Type=search", "url2": "https：//joy-group.jp" }, "geometry": { "type": "Point", "coordinates": [ 135.415078742327864, 34.71614885205237 ] } },
{ "type": "Feature", "properties": { "内容": "ニチイケアセンター武庫之荘【訪問介護】尼崎市武庫之荘東1丁目23番11号", "url": "https://www.kaigokensaku.mhlw.go.jp/28/index.php?action_kouhyou_detail_004_kani=true&JigyosyoCd=2873000968-00&ServiceCd=110&Type=search", "url2": "http.//www.nichiigakkann.co.jp" }, "geometry": { "type": "Point", "coordinates": [ 135.396101300000026, 34.7566453 ] } },
{ "type": "Feature", "properties": { "内容": "ヘルパーステーション太陽【訪問介護】兵庫県尼崎市杭瀬本町1-15－12", "url": "https://www.kaigokensaku.mhlw.go.jp/28/index.php?action_kouhyou_detail_004_kani=true&JigyosyoCd=2873002303-00&ServiceCd=110&Type=search", "url2": "https://rowaru.com/taiyou/visitingcare/" }, "geometry": { "type": "Point", "coordinates": [ 135.440687886647083, 34.719988227575357 ] } },
{ "type": "Feature", "properties": { "内容": "有限会社一二三・ハーモニーケアセンター【訪問介護】兵庫県尼崎市塚口本町3丁目14-14", "url": "https://www.kaigokensaku.mhlw.go.jp/28/index.php?action_kouhyou_detail_004_kani=true&JigyosyoCd=2873002378-00&ServiceCd=110&Type=search", "url2": null }, "geometry": { "type": "Point", "coordinates": [ 135.418381899999986, 34.7584648 ] } },
{ "type": "Feature", "properties": { "内容": "ケアステーション　エイム【訪問介護】兵庫県尼崎市道意町5丁目7番地1", "url": "https://www.kaigokensaku.mhlw.go.jp/28/index.php?action_kouhyou_detail_004_kani=true&JigyosyoCd=2873002667-00&ServiceCd=110&Type=search", "url2": null }, "geometry": { "type": "Point", "coordinates": [ 135.393433400000049, 34.716985 ] } },
{ "type": "Feature", "properties": { "内容": "介護センター　のぞみ【訪問介護】兵庫県尼崎市武庫元町2丁目19-9", "url": "https://www.kaigokensaku.mhlw.go.jp/28/index.php?action_kouhyou_detail_004_kani=true&JigyosyoCd=2873002741-00&ServiceCd=110&Type=search", "url2": null }, "geometry": { "type": "Point", "coordinates": [ 135.380369500000029, 34.7582171 ] } },
{ "type": "Feature", "properties": { "内容": "ヘルパーステーションほほえみ【訪問介護】尼崎市食満7-3-55介護センター虹の郷2階", "url": "https://www.kaigokensaku.mhlw.go.jp/28/index.php?action_kouhyou_detail_004_kani=true&JigyosyoCd=2873002816-00&ServiceCd=110&Type=search", "url2": null }, "geometry": { "type": "Point", "coordinates": [ 135.4344168, 34.7588095 ] } },
{ "type": "Feature", "properties": { "内容": "j-care立花【訪問介護】兵庫県尼崎市立花町一丁目２３番３３号ユニトピア立花　１０１号室", "url": "https://www.kaigokensaku.mhlw.go.jp/28/index.php?action_kouhyou_detail_004_kani=true&JigyosyoCd=2873003012-00&ServiceCd=110&Type=search", "url2": "http://www.c-ep.jp/" }, "geometry": { "type": "Point", "coordinates": [ 135.402285621351353, 34.73760892738818 ] } },
{ "type": "Feature", "properties": { "内容": "有限会社ケアーセンターどんぐり【訪問介護】兵庫県尼崎市大庄西町3丁目5番5号", "url": "https://www.kaigokensaku.mhlw.go.jp/28/index.php?action_kouhyou_detail_004_kani=true&JigyosyoCd=2873004382-00&ServiceCd=110&Type=search", "url2": null }, "geometry": { "type": "Point", "coordinates": [ 135.390475199999969, 34.7215345 ] } },
{ "type": "Feature", "properties": { "内容": "有限会社　ハミング【訪問介護】尼崎市菜切山町４番地1", "url": "https://www.kaigokensaku.mhlw.go.jp/28/index.php?action_kouhyou_detail_004_kani=true&JigyosyoCd=2873004713-00&ServiceCd=110&Type=search", "url2": "https://humming-aloha.co.jp" }, "geometry": { "type": "Point", "coordinates": [ 135.396855451203919, 34.724108928303295 ] } },
{ "type": "Feature", "properties": { "内容": "ケアセンターつくし【訪問介護】尼崎市口田中1丁目２１－１－１１１", "url": "https://www.kaigokensaku.mhlw.go.jp/28/index.php?action_kouhyou_detail_004_kani=true&JigyosyoCd=2873004861-00&ServiceCd=110&Type=search", "url2": null }, "geometry": { "type": "Point", "coordinates": [ 135.432550399999968, 34.7556153 ] } },
{ "type": "Feature", "properties": { "内容": "メロディケアセンター【訪問介護】尼崎市大庄中通１ー２1", "url": "https://www.kaigokensaku.mhlw.go.jp/28/index.php?action_kouhyou_detail_004_kani=true&JigyosyoCd=2873005496-00&ServiceCd=110&Type=search", "url2": "http://melody-house.jp" }, "geometry": { "type": "Point", "coordinates": [ 135.392454869589272, 34.727118336464471 ] } },
{ "type": "Feature", "properties": { "内容": "介護支援センタージョイ園田【訪問介護】兵庫県尼崎市東園田町1丁目245番地ステージア園田東105号", "url": "https://www.kaigokensaku.mhlw.go.jp/28/index.php?action_kouhyou_detail_004_kani=true&JigyosyoCd=2873005504-00&ServiceCd=110&Type=search", "url2": "https://joy-group.jp" }, "geometry": { "type": "Point", "coordinates": [ 135.454349399999955, 34.7544956 ] } },
{ "type": "Feature", "properties": { "内容": "ケアセンター和の家【訪問介護】兵庫県尼崎市立花町2-18-11", "url": "https://www.kaigokensaku.mhlw.go.jp/28/index.php?action_kouhyou_detail_004_kani=true&JigyosyoCd=2873005777-00&ServiceCd=110&Type=search", "url2": "http://www.nagominoie.co.jp/" }, "geometry": { "type": "Point", "coordinates": [ 135.403712, 34.7394249 ] } },
{ "type": "Feature", "properties": { "内容": "ニチイケアセンター塚口【訪問介護】兵庫県尼崎市塚口本町1－6－6山口ニューハーモニービル202号", "url": "https://www.kaigokensaku.mhlw.go.jp/28/index.php?action_kouhyou_detail_004_kani=true&JigyosyoCd=2873006494-00&ServiceCd=110&Type=search", "url2": "http：//www.nichiigakkan.co.jp" }, "geometry": { "type": "Point", "coordinates": [ 135.416456399999987, 34.755004 ] } },
{ "type": "Feature", "properties": { "内容": "兵庫県尼崎市尾浜町2丁目3-1-318【訪問介護】兵庫県尼崎市尾浜町2丁目3-1ライオンズマンション尼崎ガーデンシティ318号", "url": "https://www.kaigokensaku.mhlw.go.jp/28/index.php?action_kouhyou_detail_004_kani=true&JigyosyoCd=2873006510-00&ServiceCd=110&Type=search", "url2": null }, "geometry": { "type": "Point", "coordinates": [ 135.416809699999988, 34.7350147 ] } },
{ "type": "Feature", "properties": { "内容": "マザーケアヘルパーステーション立花【訪問介護】兵庫県尼崎市西立花町２－３－１　ハイムコーア３０１号", "url": "https://www.kaigokensaku.mhlw.go.jp/28/index.php?action_kouhyou_detail_004_kani=true&JigyosyoCd=2873006536-00&ServiceCd=110&Type=search", "url2": "http://www.nunokame.co.jp" }, "geometry": { "type": "Point", "coordinates": [ 135.398057200000039, 34.7362473 ] } },
{ "type": "Feature", "properties": { "内容": "ヘルパーステーション　ハルム上坂部【訪問介護】兵庫県尼崎市上坂部３－２９－８", "url": "https://www.kaigokensaku.mhlw.go.jp/28/index.php?action_kouhyou_detail_004_kani=true&JigyosyoCd=2873006668-00&ServiceCd=110&Type=search", "url2": "https://www.thinks-cs.com/" }, "geometry": { "type": "Point", "coordinates": [ 135.432575600000064, 34.7482023 ] } },
{ "type": "Feature", "properties": { "内容": "喜楽苑ヘルパーステーション【訪問介護】兵庫県尼崎市金楽寺町2丁目7番7号", "url": "https://www.kaigokensaku.mhlw.go.jp/28/index.php?action_kouhyou_detail_004_kani=true&JigyosyoCd=2873006809-00&ServiceCd=110&Type=search", "url2": "www.kirakuen.or.jp" }, "geometry": { "type": "Point", "coordinates": [ 135.427826631213406, 34.724615426003119 ] } },
{ "type": "Feature", "properties": { "内容": "株式会社ゼスト　介護サービスセンター尼崎【訪問介護】尼崎市御園町２１MG尼崎駅前ビル２F", "url": "https://www.kaigokensaku.mhlw.go.jp/28/index.php?action_kouhyou_detail_004_kani=true&JigyosyoCd=2873007997-00&ServiceCd=110&Type=search", "url2": "http://www.zest-ltd.net/" }, "geometry": { "type": "Point", "coordinates": [ 135.415980600000012, 34.7179606 ] } },
{ "type": "Feature", "properties": { "内容": "すみれケアセンター大庄【訪問介護】尼崎市琴浦町107-1階西側", "url": "https://www.kaigokensaku.mhlw.go.jp/28/index.php?action_kouhyou_detail_004_kani=true&JigyosyoCd=2873008136-00&ServiceCd=110&Type=search", "url2": null }, "geometry": { "type": "Point", "coordinates": [ 135.392944400000061, 34.721393374533875 ] } },
{ "type": "Feature", "properties": { "内容": "1・2・3ステーション【訪問介護】兵庫県尼崎市立花町1-27-7", "url": "https://www.kaigokensaku.mhlw.go.jp/28/index.php?action_kouhyou_detail_004_kani=true&JigyosyoCd=2873008268-00&ServiceCd=110&Type=search", "url2": null }, "geometry": { "type": "Point", "coordinates": [ 135.403724899999986, 34.738993 ] } },
{ "type": "Feature", "properties": { "内容": "なお介護【訪問介護】兵庫県　尼崎市昭和通1-2-4", "url": "https://www.kaigokensaku.mhlw.go.jp/28/index.php?action_kouhyou_detail_004_kani=true&JigyosyoCd=2873008326-00&ServiceCd=110&Type=search", "url2": null }, "geometry": { "type": "Point", "coordinates": [ 135.427022312966983, 34.718195031123926 ] } },
{ "type": "Feature", "properties": { "内容": "アルスタックケアサービス【訪問介護】尼崎市東園田町4丁目101-7ナイトービル園田501号室", "url": "https://www.kaigokensaku.mhlw.go.jp/28/index.php?action_kouhyou_detail_004_kani=true&JigyosyoCd=2873008532-00&ServiceCd=110&Type=search", "url2": "http://arustak.com" }, "geometry": { "type": "Point", "coordinates": [ 135.445581896109843, 34.753659815553171 ] } },
{ "type": "Feature", "properties": { "内容": "訪問介護ピュアライフ【訪問介護】兵庫県尼崎市南塚口町2丁目13－30", "url": "https://www.kaigokensaku.mhlw.go.jp/28/index.php?action_kouhyou_detail_004_kani=true&JigyosyoCd=2873009662-00&ServiceCd=110&Type=search", "url2": null }, "geometry": { "type": "Point", "coordinates": [ 135.417594799999989, 34.7519037 ] } },
{ "type": "Feature", "properties": { "内容": "訪問介護ぬくもり　武庫之荘センター【訪問介護】兵庫県尼崎市武庫之荘一丁目６番１号武庫之荘ビル　３階", "url": "https://www.kaigokensaku.mhlw.go.jp/28/index.php?action_kouhyou_detail_004_kani=true&JigyosyoCd=2873009829-00&ServiceCd=110&Type=search", "url2": "http://www.c-ep.jp/" }, "geometry": { "type": "Point", "coordinates": [ 135.392093599999953, 34.7525456 ] } },
{ "type": "Feature", "properties": { "内容": "芦風荘ヘルパーステーション立花事業所【訪問介護】兵庫県尼崎市立花町1丁目２３－２２パラツィーナ立花１０２号", "url": "https://www.kaigokensaku.mhlw.go.jp/28/index.php?action_kouhyou_detail_004_kani=true&JigyosyoCd=2873010017-00&ServiceCd=110&Type=search", "url2": null }, "geometry": { "type": "Point", "coordinates": [ 135.403354499999978, 34.7374221 ] } },
{ "type": "Feature", "properties": { "内容": "訪問介護近松【訪問介護】兵庫県尼崎市上坂部3丁目5-17メゾンドゥプランタン塚口101", "url": "https://www.kaigokensaku.mhlw.go.jp/28/index.php?action_kouhyou_detail_004_kani=true&JigyosyoCd=2873010090-00&ServiceCd=110&Type=search", "url2": null }, "geometry": { "type": "Point", "coordinates": [ 135.430484, 34.7502603 ] } },
{ "type": "Feature", "properties": { "内容": "アニストヘルパーステーション尼崎【訪問介護】兵庫県尼崎市稲葉荘1丁目18-22", "url": "https://www.kaigokensaku.mhlw.go.jp/28/index.php?action_kouhyou_detail_004_kani=true&JigyosyoCd=2873010124-00&ServiceCd=110&Type=search", "url2": null }, "geometry": { "type": "Point", "coordinates": [ 135.383598858215237, 34.732698385235558 ] } },
{ "type": "Feature", "properties": { "内容": "シニアスタイル立花ヘルパーステーション【訪問介護】兵庫県尼崎市浜田町三丁目62番ピトレスクエア206", "url": "https://www.kaigokensaku.mhlw.go.jp/28/index.php?action_kouhyou_detail_004_kani=true&JigyosyoCd=2873010397-00&ServiceCd=110&Type=search", "url2": "http://senior-style.co.jp/" }, "geometry": { "type": "Point", "coordinates": [ 135.398592572244269, 34.729492871703791 ] } },
{ "type": "Feature", "properties": { "内容": "ザ・ライフケアサポートいたわり【訪問介護】兵庫県尼崎市上坂部２丁目１９番１７号上坂部２丁目連棟貸家１階西２号室", "url": "https://www.kaigokensaku.mhlw.go.jp/28/index.php?action_kouhyou_detail_004_kani=true&JigyosyoCd=2873010447-00&ServiceCd=110&Type=search", "url2": null }, "geometry": { "type": "Point", "coordinates": [ 135.428564700000038, 34.747657799999985 ] } },
{ "type": "Feature", "properties": { "内容": "大島商事訪問介護ｽﾃ-ｼｮﾝ【訪問介護】道意町2-10ひだまりの郷大島参番館内", "url": "https://www.kaigokensaku.mhlw.go.jp/28/index.php?action_kouhyou_detail_004_kani=true&JigyosyoCd=2873010660-00&ServiceCd=110&Type=search", "url2": "oshima-energy.com" }, "geometry": { "type": "Point", "coordinates": [ 135.399116994859384, 34.717092309413246 ] } },
{ "type": "Feature", "properties": { "内容": "ケアセンターハナミズキ【訪問介護】兵庫県尼崎市次屋4丁目3-26", "url": "https://www.kaigokensaku.mhlw.go.jp/28/index.php?action_kouhyou_detail_004_kani=true&JigyosyoCd=2873010884-00&ServiceCd=110&Type=search", "url2": "https://c-human.co.jp/" }, "geometry": { "type": "Point", "coordinates": [ 135.4432229, 34.737446 ] } },
{ "type": "Feature", "properties": { "内容": "キラキラハート事業所【訪問介護】大庄中通3丁目14-2", "url": "https://www.kaigokensaku.mhlw.go.jp/28/index.php?action_kouhyou_detail_004_kani=true&JigyosyoCd=2873010926-00&ServiceCd=110&Type=search", "url2": "https://cocorono-kagayaki.com/" }, "geometry": { "type": "Point", "coordinates": [ 135.392442100000011, 34.7236418 ] } },
{ "type": "Feature", "properties": { "内容": "ヘルパーステーションかのん【訪問介護】尼崎市七松町1-10-29", "url": "https://www.kaigokensaku.mhlw.go.jp/28/index.php?action_kouhyou_detail_004_kani=true&JigyosyoCd=2873011452-00&ServiceCd=110&Type=search", "url2": "https://hinatabokko-grp.com/" }, "geometry": { "type": "Point", "coordinates": [ 135.39852686612997, 34.736141389635641 ] } },
{ "type": "Feature", "properties": { "内容": "グリーン・リーフ尼崎介護センター【訪問介護】兵庫県尼崎市潮江１丁目3番43号緑遊新都心ビル　2F", "url": "https://www.kaigokensaku.mhlw.go.jp/28/index.php?action_kouhyou_detail_004_kani=true&JigyosyoCd=2873011478-00&ServiceCd=110&Type=search", "url2": null }, "geometry": { "type": "Point", "coordinates": [ 135.431495500000011, 34.73458990000001 ] } },
{ "type": "Feature", "properties": { "内容": "アラフォート南武庫之荘【訪問介護】兵庫県尼崎市南武庫之荘８丁目２３番６号アラフォート南武庫之荘", "url": "https://www.kaigokensaku.mhlw.go.jp/28/index.php?action_kouhyou_detail_004_kani=true&JigyosyoCd=2873011932-00&ServiceCd=110&Type=search", "url2": null }, "geometry": { "type": "Point", "coordinates": [ 135.38185569999996, 34.7456906 ] } },
{ "type": "Feature", "properties": { "内容": "ゼルク訪問介護ステーション【訪問介護】兵庫県尼崎市東園田町5-112-7フルフィル阪急園田1Ｆ", "url": "https://www.kaigokensaku.mhlw.go.jp/28/index.php?action_kouhyou_detail_004_kani=true&JigyosyoCd=2873012021-00&ServiceCd=110&Type=search", "url2": null }, "geometry": { "type": "Point", "coordinates": [ 135.449905344180252, 34.751652702966062 ] } },
{ "type": "Feature", "properties": { "内容": "ケアサポートゆう【訪問介護】尼崎市東難波町５－１９－２３－２０３ハイツアルペン東難波２０３", "url": "https://www.kaigokensaku.mhlw.go.jp/28/index.php?action_kouhyou_detail_004_kani=true&JigyosyoCd=2873012401-00&ServiceCd=110&Type=search", "url2": null }, "geometry": { "type": "Point", "coordinates": [ 135.4161384, 34.7219448 ] } },
{ "type": "Feature", "properties": { "内容": "訪問介護　縁【訪問介護】兵庫県尼崎市東難波町４丁目１３番１３友江ビル１０１号", "url": "https://www.kaigokensaku.mhlw.go.jp/28/index.php?action_kouhyou_detail_004_kani=true&JigyosyoCd=2873012583-00&ServiceCd=110&Type=search", "url2": "https://houmonkaigoen.business.site/" }, "geometry": { "type": "Point", "coordinates": [ 135.414768657672141, 34.724567190985638 ] } },
{ "type": "Feature", "properties": { "内容": "ニチイケアセンター出屋敷【訪問介護】兵庫県尼崎市西難波町3丁目25-9ハイデンス西難波1F", "url": "https://www.kaigokensaku.mhlw.go.jp/28/index.php?action_kouhyou_detail_004_kani=true&JigyosyoCd=2873012815-00&ServiceCd=110&Type=search", "url2": "http://www.nichiigakkan.co.jp" }, "geometry": { "type": "Point", "coordinates": [ 135.4058992, 34.7239315 ] } },
{ "type": "Feature", "properties": { "内容": "みずいろケア【訪問介護】兵庫県尼崎市立花町２丁目１３番地１０号アルファホーム２２号", "url": "https://www.kaigokensaku.mhlw.go.jp/28/index.php?action_kouhyou_detail_004_kani=true&JigyosyoCd=2873012823-00&ServiceCd=110&Type=search", "url2": "https://mizuirocare.jimdofree.com/" }, "geometry": { "type": "Point", "coordinates": [ 135.40132314662705, 34.741870256646024 ] } },
{ "type": "Feature", "properties": { "内容": "訪問介護なっちゃん【訪問介護】南武庫之荘8丁目20番8号パークモリノブ202", "url": "https://www.kaigokensaku.mhlw.go.jp/28/index.php?action_kouhyou_detail_004_kani=true&JigyosyoCd=2873012856-00&ServiceCd=110&Type=search", "url2": null }, "geometry": { "type": "Point", "coordinates": [ 135.381569, 34.746572700000016 ] } },
{ "type": "Feature", "properties": { "内容": "訪問介護センタースマイル【訪問介護】尼崎市額田町17-1シャトー福710", "url": "https://www.kaigokensaku.mhlw.go.jp/28/index.php?action_kouhyou_detail_004_kani=true&JigyosyoCd=2873012880-00&ServiceCd=110&Type=search", "url2": null }, "geometry": { "type": "Point", "coordinates": [ 135.449218, 34.7441314 ] } },
{ "type": "Feature", "properties": { "内容": "尼崎ケアステーション【訪問介護】兵庫県尼崎市尾浜町3丁目２４－１３", "url": "https://www.kaigokensaku.mhlw.go.jp/28/index.php?action_kouhyou_detail_004_kani=true&JigyosyoCd=2873013003-00&ServiceCd=110&Type=search", "url2": null }, "geometry": { "type": "Point", "coordinates": [ 135.4213637, 34.7375128 ] } },
{ "type": "Feature", "properties": { "内容": "HIBISU尼崎【訪問介護】東本町3丁目75番HIBISU尼崎", "url": "https://www.kaigokensaku.mhlw.go.jp/28/index.php?action_kouhyou_detail_004_kani=true&JigyosyoCd=2873013219-00&ServiceCd=110&Type=search", "url2": "hibisu-amagasaki@biscuss.co.jp" }, "geometry": { "type": "Point", "coordinates": [ 135.424616934326593, 34.711942052289686 ] } },
{ "type": "Feature", "properties": { "内容": "ヘルパーステーション井上さん家【訪問介護】兵庫県尼崎市杭瀬本町2-8-14-601トレンドシティ杭瀬", "url": "https://www.kaigokensaku.mhlw.go.jp/28/index.php?action_kouhyou_detail_004_kani=true&JigyosyoCd=2873013367-00&ServiceCd=110&Type=search", "url2": "https://prevenance.jp" }, "geometry": { "type": "Point", "coordinates": [ 135.4373089, 34.7205448 ] } },
{ "type": "Feature", "properties": { "内容": "ヘルパーステーション　まごころ【訪問介護】兵庫県尼崎市東難波町３丁目16-5-1Ｂｅｓｔビル", "url": "https://www.kaigokensaku.mhlw.go.jp/28/index.php?action_kouhyou_detail_004_kani=true&JigyosyoCd=2873013524-00&ServiceCd=110&Type=search", "url2": "https://magocoro-kaigo.co.jp" }, "geometry": { "type": "Point", "coordinates": [ 135.412549500000011, 34.7287313 ] } },
{ "type": "Feature", "properties": { "内容": "尼崎居宅サービス事業所ラガール【訪問介護】兵庫県尼崎市大庄西町4-4-1", "url": "https://www.kaigokensaku.mhlw.go.jp/28/index.php?action_kouhyou_detail_004_kani=true&JigyosyoCd=2873013656-00&ServiceCd=110&Type=search", "url2": "https://ama-la.koudoukai.or.jp/" }, "geometry": { "type": "Point", "coordinates": [ 135.389160573541261, 34.717983250180566 ] } },
{ "type": "Feature", "properties": { "内容": "愛ホームサービス【訪問介護】兵庫県尼崎市東難波町５−１４−２６１０１", "url": "https://www.kaigokensaku.mhlw.go.jp/28/index.php?action_kouhyou_detail_004_kani=true&JigyosyoCd=2873013748-00&ServiceCd=110&Type=search", "url2": "https://aihomeservice2023.com/" }, "geometry": { "type": "Point", "coordinates": [ 135.4139307, 34.7229683 ] } },
{ "type": "Feature", "properties": { "内容": "ケアセンター名月姫の里【訪問介護】兵庫県尼崎市尾浜町２ー２０－１５", "url": "https://www.kaigokensaku.mhlw.go.jp/28/index.php?action_kouhyou_detail_004_kani=true&JigyosyoCd=2873013839-00&ServiceCd=110&Type=search", "url2": null }, "geometry": { "type": "Point", "coordinates": [ 135.418340199999989, 34.7377742 ] } },
{ "type": "Feature", "properties": { "内容": "青い空２２２ケア【訪問介護】兵庫県尼崎市長洲西通１丁目２番３－404号", "url": "https://www.kaigokensaku.mhlw.go.jp/28/index.php?action_kouhyou_detail_004_kani=true&JigyosyoCd=2873014126-00&ServiceCd=110&Type=search", "url2": null }, "geometry": { "type": "Point", "coordinates": [ 135.430060200000014, 34.7313475 ] } },
{ "type": "Feature", "properties": { "内容": "介護支援センタージョイ尼崎【訪問介護】尼崎市西難波町４丁目１－３０Dビル弐号館　１０１号", "url": "https://www.kaigokensaku.mhlw.go.jp/28/index.php?action_kouhyou_detail_004_kani=true&JigyosyoCd=2873005512-00&ServiceCd=110&Type=search", "url2": "https：//joy-group.jp" }, "geometry": { "type": "Point", "coordinates": [ 135.406303799999932, 34.7257402 ] } },
{ "type": "Feature", "properties": { "内容": "介護センターみもざ【訪問介護】兵庫県尼崎市南初島町８番地５１", "url": "https://www.kaigokensaku.mhlw.go.jp/28/index.php?action_kouhyou_detail_004_kani=true&JigyosyoCd=2873003798-00&ServiceCd=110&Type=search", "url2": null }, "geometry": { "type": "Point", "coordinates": [ 135.421758, 34.7067534 ] } },
{ "type": "Feature", "properties": { "内容": "ヘルパーステ-ションよもぎ【訪問介護】尼崎市長洲東通１－７－３", "url": "https://www.kaigokensaku.mhlw.go.jp/28/index.php?action_kouhyou_detail_004_kani=true&JigyosyoCd=2873005306-00&ServiceCd=110&Type=search", "url2": null }, "geometry": { "type": "Point", "coordinates": [ 135.436486899999977, 34.7279267 ] } },
{ "type": "Feature", "properties": { "内容": "訪問介護ステーションふくくる【訪問介護】東難波町3丁目19-28-6号", "url": "https://www.kaigokensaku.mhlw.go.jp/28/index.php?action_kouhyou_detail_004_kani=true&JigyosyoCd=2873012120-00&ServiceCd=110&Type=search", "url2": null }, "geometry": { "type": "Point", "coordinates": [ 135.412620897622929, 34.72699406792983 ] } },
{ "type": "Feature", "properties": { "内容": "訪問介護事業所すこやか【訪問介護】立花町4-2-21ピースフルビル立花2階", "url": "https://www.kaigokensaku.mhlw.go.jp/28/index.php?action_kouhyou_detail_004_kani=true&JigyosyoCd=2873014142-00&ServiceCd=110&Type=search", "url2": "https://homonkaigo-sukoyaka.com/" }, "geometry": { "type": "Point", "coordinates": [ 135.398366399999986, 34.7392551 ] } },
{ "type": "Feature", "properties": { "内容": "株式会社　ゆたか介護サービス【訪問介護】兵庫県尼崎市神田北通６丁目１７５番地３ラ・フォーテュンヌ　１０１号", "url": "https://www.kaigokensaku.mhlw.go.jp/28/index.php?action_kouhyou_detail_004_kani=true&JigyosyoCd=2873003731-00&ServiceCd=110&Type=search", "url2": "https;//yutaka-ksv.com/" }, "geometry": { "type": "Point", "coordinates": [ 135.4082046, 34.7220874 ] } },
{ "type": "Feature", "properties": { "内容": "訪問介護ゆず【訪問介護】南塚口町1-12-18第１１キャスル塚口２０２", "url": "https://www.kaigokensaku.mhlw.go.jp/28/index.php?action_kouhyou_detail_004_kani=true&JigyosyoCd=2873006650-00&ServiceCd=110&Type=search", "url2": "https://r.goope.jp/yuzuplus03" }, "geometry": { "type": "Point", "coordinates": [ 135.414337535582035, 34.751153577212797 ] } },
{ "type": "Feature", "properties": { "内容": "ニッシンケアサービス・ソレアード【訪問介護】兵庫県尼崎市南武庫之荘１－２９－２７soleado武庫之荘", "url": "https://www.kaigokensaku.mhlw.go.jp/28/index.php?action_kouhyou_detail_004_kani=true&JigyosyoCd=2873008466-00&ServiceCd=110&Type=search", "url2": null }, "geometry": { "type": "Point", "coordinates": [ 135.389082899999948, 34.7506568 ] } },
{ "type": "Feature", "properties": { "内容": "ヘルパーステーション　参【訪問介護】兵庫県尼崎市西難波町4丁目6-30-1403朝日プラザ西難波町", "url": "https://www.kaigokensaku.mhlw.go.jp/28/index.php?action_kouhyou_detail_004_kani=true&JigyosyoCd=2873012310-00&ServiceCd=110&Type=search", "url2": null }, "geometry": { "type": "Point", "coordinates": [ 135.408803700000021, 34.723216499999985 ] } },
{ "type": "Feature", "properties": { "内容": "訪問介護　ぽけっと【訪問介護】兵庫県尼崎市塚口町６丁目８－６吉本ハイツ２０１号", "url": "https://www.kaigokensaku.mhlw.go.jp/28/index.php?action_kouhyou_detail_004_kani=true&JigyosyoCd=2873002683-00&ServiceCd=110&Type=search", "url2": "http://hp.kaipoke.biz/w3g/" }, "geometry": { "type": "Point", "coordinates": [ 135.404803146547039, 34.757310158424005 ] } },
{ "type": "Feature", "properties": { "内容": "メシャク【訪問介護】尼崎市大庄中通2丁目12大庄ハイツ", "url": "https://www.kaigokensaku.mhlw.go.jp/28/index.php?action_kouhyou_detail_004_kani=true&JigyosyoCd=2873010488-00&ServiceCd=110&Type=search", "url2": null }, "geometry": { "type": "Point", "coordinates": [ 135.392184899999961, 34.7258124 ] } },
{ "type": "Feature", "properties": { "内容": "訪問介護　青蘭【訪問介護】兵庫県尼崎市水堂町３丁目１７番２７号デイグラン武庫之荘２１５", "url": "https://www.kaigokensaku.mhlw.go.jp/28/index.php?action_kouhyou_detail_004_kani=true&JigyosyoCd=2873013938-00&ServiceCd=110&Type=search", "url2": null }, "geometry": { "type": "Point", "coordinates": [ 135.3925786, 34.7437694 ] } },
{ "type": "Feature", "properties": { "内容": "ケアサービス橙【訪問介護】兵庫県尼崎市南塚口町6-4-1バザーリ塚口１Ｆ", "url": "https://www.kaigokensaku.mhlw.go.jp/28/index.php?action_kouhyou_detail_004_kani=true&JigyosyoCd=2873014654-00&ServiceCd=110&Type=search", "url2": null }, "geometry": { "type": "Point", "coordinates": [ 135.4136327, 34.7476236 ] } },
{ "type": "Feature", "properties": { "内容": "ケア・ワーク尼崎中央ステーション【訪問介護】兵庫県尼崎市七松町3丁目3番10号ＴＫビル２階", "url": "https://www.kaigokensaku.mhlw.go.jp/28/index.php?action_kouhyou_detail_004_kani=true&JigyosyoCd=2873000547-00&ServiceCd=110&Type=search", "url2": "http://www.care-work.jp" }, "geometry": { "type": "Point", "coordinates": [ 135.405598452778634, 34.736130492388874 ] } },
{ "type": "Feature", "properties": { "内容": "ヘルパーステーションあゆみ【訪問介護】塚口町６丁目５３－７", "url": "https://www.kaigokensaku.mhlw.go.jp/28/index.php?action_kouhyou_detail_004_kani=true&JigyosyoCd=2873005983-00&ServiceCd=110&Type=search", "url2": "http://www.smile-heart.co.jp" }, "geometry": { "type": "Point", "coordinates": [ 135.4054251, 34.7602033 ] } },
{ "type": "Feature", "properties": { "内容": "ハートケア慈しみ【訪問介護】兵庫県尼崎市道意町６－９", "url": "https://www.kaigokensaku.mhlw.go.jp/28/index.php?action_kouhyou_detail_004_kani=true&JigyosyoCd=2873009852-00&ServiceCd=110&Type=search", "url2": null }, "geometry": { "type": "Point", "coordinates": [ 135.392694600000027, 34.7138242 ] } },
{ "type": "Feature", "properties": { "内容": "訪問介護ステーションHIBISU尼崎trust【訪問介護】兵庫県尼崎市道意町6丁目1番5", "url": "https://www.kaigokensaku.mhlw.go.jp/28/index.php?action_kouhyou_detail_004_kani=true&JigyosyoCd=2873014175-00&ServiceCd=110&Type=search", "url2": "https://www.biscuss.co.jp/" }, "geometry": { "type": "Point", "coordinates": [ 135.39488990000001, 34.7148876 ] } },
{ "type": "Feature", "properties": { "内容": "シルバーリビング尼崎【訪問介護】神崎町12-39シルバリビング尼崎　4F", "url": "https://www.kaigokensaku.mhlw.go.jp/28/index.php?action_kouhyou_detail_004_kani=true&JigyosyoCd=2873013136-00&ServiceCd=110&Type=search", "url2": null }, "geometry": { "type": "Point", "coordinates": [ 140.4051442, 35.9015075 ] } },
{ "type": "Feature", "properties": { "内容": "ハート介護サービス尼崎【訪問介護】兵庫県尼崎市立花町1-9-19立花ビル203号室", "url": "https://www.kaigokensaku.mhlw.go.jp/28/index.php?action_kouhyou_detail_004_kani=true&JigyosyoCd=2873003483-00&ServiceCd=110&Type=search", "url2": "https://www.heartkaigo.jp/" }, "geometry": { "type": "Point", "coordinates": [ 135.4009663, 34.7379104 ] } },
{ "type": "Feature", "properties": { "内容": "ハート介護サービス尼崎南【訪問介護】兵庫県尼崎市神田中通6-219-10中山ビル1F", "url": "https://www.kaigokensaku.mhlw.go.jp/28/index.php?action_kouhyou_detail_004_kani=true&JigyosyoCd=2873007443-00&ServiceCd=110&Type=search", "url2": "https://www.heartkaigo.jp/" }, "geometry": { "type": "Point", "coordinates": [ 135.40694907605743, 34.721431031535083 ] } },
{ "type": "Feature", "properties": { "内容": "ケアステーションあむおる【訪問介護】兵庫県尼崎市南武庫之荘1丁目16-6", "url": "https://www.kaigokensaku.mhlw.go.jp/28/index.php?action_kouhyou_detail_004_kani=true&JigyosyoCd=2873014340-00&ServiceCd=110&Type=search", "url2": "http://care-amor.site/" }, "geometry": { "type": "Point", "coordinates": [ 135.392480699999965, 34.7492661 ] } },
{ "type": "Feature", "properties": { "内容": "介護福祉士事務所　ゆめとも【訪問介護】兵庫県尼崎市七松町2丁目7-20", "url": "https://www.kaigokensaku.mhlw.go.jp/28/index.php?action_kouhyou_detail_004_kani=true&JigyosyoCd=2873012567-00&ServiceCd=110&Type=search", "url2": "https://sites.google.com/view/yumetomo/" }, "geometry": { "type": "Point", "coordinates": [ 135.401663873636693, 34.736190009164297 ] } },
{ "type": "Feature", "properties": { "内容": "さくらんぼ介護センター【訪問介護】兵庫県尼崎市崇徳院２-91-1", "url": "https://www.kaigokensaku.mhlw.go.jp/28/index.php?action_kouhyou_detail_004_kani=true&JigyosyoCd=2873011544-00&ServiceCd=110&Type=search", "url2": "sakuranbo_kaigo91@yahoo.co.jp" }, "geometry": { "type": "Point", "coordinates": [ 135.3982236, 34.7245289 ] } },
{ "type": "Feature", "properties": { "内容": "訪問介護事業所つどい場みち【訪問介護】兵庫県尼崎市戸ノ内町2丁目4番3号", "url": "https://www.kaigokensaku.mhlw.go.jp/28/index.php?action_kouhyou_detail_004_kani=true&JigyosyoCd=2873013102-00&ServiceCd=110&Type=search", "url2": "https://www.kaigo-michi.com/" }, "geometry": { "type": "Point", "coordinates": [ 135.4587205, 34.7420751 ] } },
{ "type": "Feature", "properties": { "内容": "ケアサポよつば【訪問介護】兵庫県尼崎市久々知３丁目17-12", "url": "https://www.kaigokensaku.mhlw.go.jp/28/index.php?action_kouhyou_detail_004_kani=true&JigyosyoCd=2873010330-00&ServiceCd=110&Type=search", "url2": "https://www.hwcoop.org/" }, "geometry": { "type": "Point", "coordinates": [ 135.438589500000035, 34.7346399 ] } },
{ "type": "Feature", "properties": { "内容": "訪問介護ふくちゃん【訪問介護】兵庫県尼崎市武庫之荘９－３２－５１", "url": "https://www.kaigokensaku.mhlw.go.jp/28/index.php?action_kouhyou_detail_004_kani=true&JigyosyoCd=2873013961-00&ServiceCd=110&Type=search", "url2": null }, "geometry": { "type": "Point", "coordinates": [ 135.3893962, 34.7694896 ] } },
{ "type": "Feature", "properties": { "内容": "訪問介護ふらわあ【訪問介護】兵庫県尼崎市神田南通１－２５－１２", "url": "https://www.kaigokensaku.mhlw.go.jp/28/index.php?action_kouhyou_detail_004_kani=true&JigyosyoCd=2873011155-00&ServiceCd=110&Type=search", "url2": null }, "geometry": { "type": "Point", "coordinates": [ 135.4115117, 34.7199936 ] } },
{ "type": "Feature", "properties": { "内容": "ケアエイド　そわか【訪問介護】尼崎市武庫之荘本町3丁目10-21", "url": "https://www.kaigokensaku.mhlw.go.jp/28/index.php?action_kouhyou_detail_004_kani=true&JigyosyoCd=2873002923-00&ServiceCd=110&Type=search", "url2": "https://sowaka-care.jp/" }, "geometry": { "type": "Point", "coordinates": [ 135.397695798008726, 34.760421629315324 ] } },
{ "type": "Feature", "properties": { "内容": "訪問介護いこい【訪問介護】尼崎市西立花町5-5-16", "url": "https://www.kaigokensaku.mhlw.go.jp/28/index.php?action_kouhyou_detail_004_kani=true&JigyosyoCd=2873003376-00&ServiceCd=110&Type=search", "url2": null }, "geometry": { "type": "Point", "coordinates": [ 135.391760527274442, 34.737423921254752 ] } },
{ "type": "Feature", "properties": { "内容": "じゆう【訪問介護】兵庫県尼崎市尾浜町2-21-33", "url": "https://www.kaigokensaku.mhlw.go.jp/28/index.php?action_kouhyou_detail_004_kani=true&JigyosyoCd=2873014027-00&ServiceCd=110&Type=search", "url2": "https://sites.google.com/view/houmonkaigojiyuu/%E3%83%9B%E3%83%BC%E3%83%A0" }, "geometry": { "type": "Point", "coordinates": [ 135.419059299999986, 34.7381161 ] } },
{ "type": "Feature", "properties": { "内容": "訪問介護　ウムイ【訪問介護】兵庫県尼崎市戸ノ内町2丁目5－6－101", "url": "https://www.kaigokensaku.mhlw.go.jp/28/index.php?action_kouhyou_detail_004_kani=true&JigyosyoCd=2873013334-00&ServiceCd=110&Type=search", "url2": null }, "geometry": { "type": "Point", "coordinates": [ 135.458345799999989, 34.7412249 ] } },
{ "type": "Feature", "properties": { "内容": "ケアステーション・ジャム【訪問介護】兵庫県尼崎市七松町1丁目10－15", "url": "https://www.kaigokensaku.mhlw.go.jp/28/index.php?action_kouhyou_detail_004_kani=true&JigyosyoCd=2873009993-00&ServiceCd=110&Type=search", "url2": null }, "geometry": { "type": "Point", "coordinates": [ 135.4017509, 34.7395478 ] } },
{ "type": "Feature", "properties": { "内容": "ケアサービスこころ【訪問介護】大庄西町1-5-2", "url": "https://www.kaigokensaku.mhlw.go.jp/28/index.php?action_kouhyou_detail_004_kani=true&JigyosyoCd=2873010975-00&ServiceCd=110&Type=search", "url2": null }, "geometry": { "type": "Point", "coordinates": [ 135.3859421, 34.717614 ] } },
{ "type": "Feature", "properties": { "内容": "ヘルパーステーション　こうぽん【訪問介護】兵庫県尼崎市御園町35番地MARUTO尼崎ビル　5C号室", "url": "https://www.kaigokensaku.mhlw.go.jp/28/index.php?action_kouhyou_detail_004_kani=true&JigyosyoCd=2873013516-00&ServiceCd=110&Type=search", "url2": "https://www.yu-rari.co.jp/company/" }, "geometry": { "type": "Point", "coordinates": [ 135.414931, 34.718272 ] } },
{ "type": "Feature", "properties": { "内容": "ヘルパーステーション　たかぽん【訪問介護】兵庫県尼崎市潮江2丁目15番21号", "url": "https://www.kaigokensaku.mhlw.go.jp/28/index.php?action_kouhyou_detail_004_kani=true&JigyosyoCd=2873014316-00&ServiceCd=110&Type=search", "url2": "https://www.yu-rari.co.jp/" }, "geometry": { "type": "Point", "coordinates": [ 135.4331033, 34.7362139 ] } },
{ "type": "Feature", "properties": { "内容": "ホームヘルプサービスどーなつ【訪問介護】兵庫県尼崎市大庄北３丁目１１ー２１", "url": "https://www.kaigokensaku.mhlw.go.jp/28/index.php?action_kouhyou_detail_004_kani=true&JigyosyoCd=2873013508-00&ServiceCd=110&Type=search", "url2": "https://do-natu.com/" }, "geometry": { "type": "Point", "coordinates": [ 135.388985100000014, 34.7318914 ] } },
{ "type": "Feature", "properties": { "内容": "ケアサービス綾乃里【訪問介護】尼崎市南七松町1-14-1", "url": "https://www.kaigokensaku.mhlw.go.jp/28/index.php?action_kouhyou_detail_004_kani=true&JigyosyoCd=2873007732-00&ServiceCd=110&Type=search", "url2": "https://www.takahashi-kaigo.co.jp/" }, "geometry": { "type": "Point", "coordinates": [ 135.399802611639387, 34.731960715576783 ] } },
{ "type": "Feature", "properties": { "内容": "訪問介護事業所　らくとえん【訪問介護】兵庫県尼崎市今福１丁目１－２９－１０１号室杭瀬団地２９号棟　１０１号室", "url": "https://www.kaigokensaku.mhlw.go.jp/28/index.php?action_kouhyou_detail_004_kani=true&JigyosyoCd=2873010637-00&ServiceCd=110&Type=search", "url2": null }, "geometry": { "type": "Point", "coordinates": [ 135.4400756, 34.7241271 ] } },
{ "type": "Feature", "properties": { "内容": "ケアセンター　ひより【訪問介護】兵庫県尼崎市西昆陽１丁目３１-２２２０１", "url": "https://www.kaigokensaku.mhlw.go.jp/28/index.php?action_kouhyou_detail_004_kani=true&JigyosyoCd=2873004457-00&ServiceCd=110&Type=search", "url2": "http://www.2020koharubiyori.com" }, "geometry": { "type": "Point", "coordinates": [ 135.3823717, 34.7722935 ] } },
{ "type": "Feature", "properties": { "内容": "シニアスタイル東園田ヘルパーステーション【訪問介護】兵庫県尼崎市東園田町5丁目38-8ハイム英和1F", "url": "https://www.kaigokensaku.mhlw.go.jp/28/index.php?action_kouhyou_detail_004_kani=true&JigyosyoCd=2873013383-00&ServiceCd=110&Type=search", "url2": "https://senior-style.co.jp/homecare/" }, "geometry": { "type": "Point", "coordinates": [ 135.44874837480026, 34.753806764193719 ] } },
{ "type": "Feature", "properties": { "内容": "すみれヘルパーステーション【訪問介護】兵庫県尼崎市武庫之荘8丁目21-43", "url": "https://www.kaigokensaku.mhlw.go.jp/28/index.php?action_kouhyou_detail_004_kani=true&JigyosyoCd=2873011320-00&ServiceCd=110&Type=search", "url2": null }, "geometry": { "type": "Point", "coordinates": [ 135.3893296, 34.7664304 ] } },
{ "type": "Feature", "properties": { "内容": "訪問介護みのり【訪問介護】兵庫県尼崎市武庫町1丁目25-11-201", "url": "https://www.kaigokensaku.mhlw.go.jp/28/index.php?action_kouhyou_detail_004_kani=true&JigyosyoCd=2873014407-00&ServiceCd=110&Type=search", "url2": null }, "geometry": { "type": "Point", "coordinates": [ 135.382053, 34.7520283 ] } },
{ "type": "Feature", "properties": { "内容": "ヘルパーステーション　ユアサイド尼崎【訪問介護】兵庫県尼崎市大庄川田町1-2ユアサイド尼崎", "url": "https://www.kaigokensaku.mhlw.go.jp/28/index.php?action_kouhyou_detail_004_kani=true&JigyosyoCd=2873010934-00&ServiceCd=110&Type=search", "url2": null }, "geometry": { "type": "Point", "coordinates": [ 135.394482899999957, 34.7275035 ] } },
{ "type": "Feature", "properties": { "内容": "ヘルパーステーション　ひまわりの約束【訪問介護】兵庫県尼崎市武庫之荘西2丁目48番6号サンロイヤル武庫之荘1階", "url": "https://www.kaigokensaku.mhlw.go.jp/28/index.php?action_kouhyou_detail_004_kani=true&JigyosyoCd=2873013243-00&ServiceCd=110&Type=search", "url2": "https://himawarinoyakusoku.wixsite.com/my-site" }, "geometry": { "type": "Point", "coordinates": [ 135.388420700000012, 34.7509082 ] } },
{ "type": "Feature", "properties": { "内容": "リープスターズ【訪問介護】長洲中通1丁目1-21尼崎清川マンション202", "url": "https://www.kaigokensaku.mhlw.go.jp/28/index.php?action_kouhyou_detail_004_kani=true&JigyosyoCd=2873014662-00&ServiceCd=110&Type=search", "url2": null }, "geometry": { "type": "Point", "coordinates": [ 135.432852700000012, 34.7300267 ] } },
{ "type": "Feature", "properties": { "内容": "ケアサポート中央民の家【訪問介護】兵庫県尼崎市築地5-5-17", "url": "https://www.kaigokensaku.mhlw.go.jp/28/index.php?action_kouhyou_detail_004_kani=true&JigyosyoCd=2873009977-00&ServiceCd=110&Type=search", "url2": null }, "geometry": { "type": "Point", "coordinates": [ 135.416456399999987, 34.7122613 ] } },
{ "type": "Feature", "properties": { "内容": "メイプルケア尼崎【訪問介護】兵庫県尼崎市東七松町1-9-20アウレリアコート103", "url": "https://www.kaigokensaku.mhlw.go.jp/28/index.php?action_kouhyou_detail_004_kani=true&JigyosyoCd=2873014480-00&ServiceCd=110&Type=search", "url2": "k8341.com" }, "geometry": { "type": "Point", "coordinates": [ 135.4059412, 34.735815 ] } },
{ "type": "Feature", "properties": { "内容": "やさしい手西明石訪問介護事業所【訪問介護】兵庫県明石市松の内2-4-10ユタカ第一ビル4階", "url": "https://www.kaigokensaku.mhlw.go.jp/28/index.php?action_kouhyou_detail_004_kani=true&JigyosyoCd=2872003310-00&ServiceCd=110&Type=search", "url2": "http://www.yasashiite.com/subdomains/section/176/" }, "geometry": { "type": "Point", "coordinates": [ 134.962906100000026, 34.6662964 ] } },
{ "type": "Feature", "properties": { "内容": "ヘルパーステーションラビット【訪問介護】兵庫県明石市東人丸町2-252F", "url": "https://www.kaigokensaku.mhlw.go.jp/28/index.php?action_kouhyou_detail_004_kani=true&JigyosyoCd=2872003328-00&ServiceCd=110&Type=search", "url2": null }, "geometry": { "type": "Point", "coordinates": [ 135.0070801, 34.6474426 ] } },
{ "type": "Feature", "properties": { "内容": "訪問介護ステーション　トモシア【訪問介護】兵庫県明石市本町1丁目6番11号", "url": "https://www.kaigokensaku.mhlw.go.jp/28/index.php?action_kouhyou_detail_004_kani=true&JigyosyoCd=2872004896-00&ServiceCd=110&Type=search", "url2": "http://hp.kaipoke.biz/c4z/" }, "geometry": { "type": "Point", "coordinates": [ 134.992875595700838, 34.646581949387532 ] } },
{ "type": "Feature", "properties": { "内容": "やさしい手　明石大久保訪問介護事業所【訪問介護】大久保町大窪606-1やさしえ明石・大久保", "url": "https://www.kaigokensaku.mhlw.go.jp/28/index.php?action_kouhyou_detail_004_kani=true&JigyosyoCd=2872005562-00&ServiceCd=110&Type=search", "url2": "https://search.yasashiite.com/detail/homonkaigo_akashiokubo/" }, "geometry": { "type": "Point", "coordinates": [ 134.9432541, 34.681581 ] } },
{ "type": "Feature", "properties": { "内容": "株式会社ケアネットヘルパーステーション明石【訪問介護】明石市大久保町大窪1826-14", "url": "https://www.kaigokensaku.mhlw.go.jp/28/index.php?action_kouhyou_detail_004_kani=true&JigyosyoCd=2872000720-00&ServiceCd=110&Type=search", "url2": "http://www.carenet.fujitsu.com" }, "geometry": { "type": "Point", "coordinates": [ 134.9406411, 34.6952458 ] } },
{ "type": "Feature", "properties": { "内容": "在宅介護ヘルプステーションたんぽぽ【訪問介護】兵庫県明石市大明石町１－９－２６コーポタカハマ２０１", "url": "https://www.kaigokensaku.mhlw.go.jp/28/index.php?action_kouhyou_detail_004_kani=true&JigyosyoCd=2872002247-00&ServiceCd=110&Type=search", "url2": null }, "geometry": { "type": "Point", "coordinates": [ 134.989234399999987, 34.6490355 ] } },
{ "type": "Feature", "properties": { "内容": "介護ステ－ションしんこう【訪問介護】大蔵中町17-21", "url": "https://www.kaigokensaku.mhlw.go.jp/28/index.php?action_kouhyou_detail_004_kani=true&JigyosyoCd=2872002825-00&ServiceCd=110&Type=search", "url2": null }, "geometry": { "type": "Point", "coordinates": [ 135.005402900000036, 34.6450679 ] } },
{ "type": "Feature", "properties": { "内容": "訪問介護ステーション紅葉【訪問介護】野々上1-12-21", "url": "https://www.kaigokensaku.mhlw.go.jp/28/index.php?action_kouhyou_detail_004_kani=true&JigyosyoCd=2872003567-00&ServiceCd=110&Type=search", "url2": "http//kowa-momiji.com/" }, "geometry": { "type": "Point", "coordinates": [ 134.970711100000017, 34.666877 ] } },
{ "type": "Feature", "properties": { "内容": "ララ・ピースケア【訪問介護】兵庫県明石市西新町２丁目15-17KMビル２階", "url": "https://www.kaigokensaku.mhlw.go.jp/28/index.php?action_kouhyou_detail_004_kani=true&JigyosyoCd=2872005265-00&ServiceCd=110&Type=search", "url2": null }, "geometry": { "type": "Point", "coordinates": [ 134.9809256, 34.6502682 ] } },
{ "type": "Feature", "properties": { "内容": "訪問介護事業所縁優【訪問介護】兵庫県明石市二見町東二見487－1グリーンハイツ川上301号", "url": "https://www.kaigokensaku.mhlw.go.jp/28/index.php?action_kouhyou_detail_004_kani=true&JigyosyoCd=2872005919-00&ServiceCd=110&Type=search", "url2": "https//enyu0501.co.jp/" }, "geometry": { "type": "Point", "coordinates": [ 134.887792, 34.7015942 ] } },
{ "type": "Feature", "properties": { "内容": "ファミリーケア　友愛【訪問介護】明石市沢野南町三丁目１番地の12", "url": "https://www.kaigokensaku.mhlw.go.jp/28/index.php?action_kouhyou_detail_004_kani=true&JigyosyoCd=2872000431-00&ServiceCd=110&Type=search", "url2": "http://www.familycare-yuai.com/" }, "geometry": { "type": "Point", "coordinates": [ 134.959875600000032, 34.6797617 ] } },
{ "type": "Feature", "properties": { "内容": "あさぎり介護センター【訪問介護】明石市松が丘2-2-6明舞プラザ2F", "url": "https://www.kaigokensaku.mhlw.go.jp/28/index.php?action_kouhyou_detail_004_kani=true&JigyosyoCd=2872001629-00&ServiceCd=110&Type=search", "url2": null }, "geometry": { "type": "Point", "coordinates": [ 135.026888795909116, 34.653439202444204 ] } },
{ "type": "Feature", "properties": { "内容": "訪問介護わかば【訪問介護】兵庫県明石市魚住町清水431-2-201", "url": "https://www.kaigokensaku.mhlw.go.jp/28/index.php?action_kouhyou_detail_004_kani=true&JigyosyoCd=2872005398-00&ServiceCd=110&Type=search", "url2": "https://www.houmonkaigo-wakaba.com/" }, "geometry": { "type": "Point", "coordinates": [ 134.907233147885137, 34.703317805822195 ] } },
{ "type": "Feature", "properties": { "内容": "ケアステーションぴーちゃん　明石【訪問介護】兵庫県明石市朝霧東町２丁目１１－１８－３１２号ベルトピア朝霧", "url": "https://www.kaigokensaku.mhlw.go.jp/28/index.php?action_kouhyou_detail_004_kani=true&JigyosyoCd=2872005208-00&ServiceCd=110&Type=search", "url2": null }, "geometry": { "type": "Point", "coordinates": [ 135.0145532, 34.6515395 ] } },
{ "type": "Feature", "properties": { "内容": "ケアサポートわっくる【訪問介護】明石市朝霧町1丁目38-12", "url": "https://www.kaigokensaku.mhlw.go.jp/28/index.php?action_kouhyou_detail_004_kani=true&JigyosyoCd=2872002155-00&ServiceCd=110&Type=search", "url2": null }, "geometry": { "type": "Point", "coordinates": [ 135.0087082, 34.6467845 ] } },
{ "type": "Feature", "properties": { "内容": "ケア・サポートおりーむ２１【訪問介護】別所町16-33", "url": "https://www.kaigokensaku.mhlw.go.jp/28/index.php?action_kouhyou_detail_004_kani=true&JigyosyoCd=2872003765-00&ServiceCd=110&Type=search", "url2": "https://olime21.org" }, "geometry": { "type": "Point", "coordinates": [ 134.955828900000029, 34.6617616 ] } },
{ "type": "Feature", "properties": { "内容": "あっぷる訪問介護事業所明石西【訪問介護】明石市二見町東二見279-1あっぷる", "url": "https://www.kaigokensaku.mhlw.go.jp/28/index.php?action_kouhyou_detail_004_kani=true&JigyosyoCd=2872003989-00&ServiceCd=110&Type=search", "url2": "http://ｗｗｗ.apple-117.jp" }, "geometry": { "type": "Point", "coordinates": [ 134.891717199999988, 34.701360900000019 ] } },
{ "type": "Feature", "properties": { "内容": "明石二見居宅サービス事業所ラガール【訪問介護】明石市二見町西二見685-8", "url": "https://www.kaigokensaku.mhlw.go.jp/28/index.php?action_kouhyou_detail_004_kani=true&JigyosyoCd=2872003385-00&ServiceCd=110&Type=search", "url2": "http://www.koudoukai.or.jp/akashifutami/" }, "geometry": { "type": "Point", "coordinates": [ 134.8805688, 34.7027089 ] } },
{ "type": "Feature", "properties": { "内容": "ヘルパーステーション　かいご屋【訪問介護】兵庫県明石市茶園場町3番1-106", "url": "https://www.kaigokensaku.mhlw.go.jp/28/index.php?action_kouhyou_detail_004_kani=true&JigyosyoCd=2872002114-00&ServiceCd=110&Type=search", "url2": "kaigoya-ne_san0214@Cpost.plala.or.jp" }, "geometry": { "type": "Point", "coordinates": [ 134.987285, 34.655046 ] } },
{ "type": "Feature", "properties": { "内容": "ケアステーションおひさま合同会社【訪問介護】二見町西二見2031-1シャーロン1階", "url": "https://www.kaigokensaku.mhlw.go.jp/28/index.php?action_kouhyou_detail_004_kani=true&JigyosyoCd=2872005612-00&ServiceCd=110&Type=search", "url2": "http://ohisama2525.amebaownd.com/" }, "geometry": { "type": "Point", "coordinates": [ 134.88940759999997, 34.7175661 ] } },
{ "type": "Feature", "properties": { "内容": "さくら・介護ステーションひじり【訪問介護】兵庫県明石市二見町東二見795-1サンシャイン寺西1-103", "url": "https://www.kaigokensaku.mhlw.go.jp/28/index.php?action_kouhyou_detail_004_kani=true&JigyosyoCd=2872002759-00&ServiceCd=110&Type=search", "url2": null }, "geometry": { "type": "Point", "coordinates": [ 134.889201299999968, 34.7030061 ] } },
{ "type": "Feature", "properties": { "内容": "ケアサービスあそび心【訪問介護】貴崎3丁目15-39神和荘1階2号", "url": "https://www.kaigokensaku.mhlw.go.jp/28/index.php?action_kouhyou_detail_004_kani=true&JigyosyoCd=2872005349-00&ServiceCd=110&Type=search", "url2": "http://hp.kaipoke.biz/bht/" }, "geometry": { "type": "Point", "coordinates": [ 134.96405, 34.6536829 ] } },
{ "type": "Feature", "properties": { "内容": "訪問介護事業所グランドファミリア谷八木【訪問介護】兵庫県明石市大久保町谷八木１２５０番", "url": "https://www.kaigokensaku.mhlw.go.jp/28/index.php?action_kouhyou_detail_004_kani=true&JigyosyoCd=2872005653-00&ServiceCd=110&Type=search", "url2": null }, "geometry": { "type": "Point", "coordinates": [ 134.9397137, 34.6692143 ] } },
{ "type": "Feature", "properties": { "内容": "生活協同組合コープこうべ在宅介護サービス明石【訪問介護】兵庫県明石市上ノ丸３丁目12-2", "url": "https://www.kaigokensaku.mhlw.go.jp/28/index.php?action_kouhyou_detail_004_kani=true&JigyosyoCd=2872000373-00&ServiceCd=110&Type=search", "url2": "http://www.kobe.coop.or.jp" }, "geometry": { "type": "Point", "coordinates": [ 134.998731300000031, 34.6544863 ] } },
{ "type": "Feature", "properties": { "内容": "明石居宅サービス事業所ラガール【訪問介護】兵庫県明石市林崎町３丁目５４２番地３７", "url": "https://www.kaigokensaku.mhlw.go.jp/28/index.php?action_kouhyou_detail_004_kani=true&JigyosyoCd=2872001066-00&ServiceCd=110&Type=search", "url2": "http://www.koudoukai.or.jp/akashi/" }, "geometry": { "type": "Point", "coordinates": [ 134.964025799999945, 34.6499724 ] } },
{ "type": "Feature", "properties": { "内容": "あくとケア　あかし【訪問介護】兵庫県明石市魚住町住吉2-13-45シャロームPARTⅡ　203号室", "url": "https://www.kaigokensaku.mhlw.go.jp/28/index.php?action_kouhyou_detail_004_kani=true&JigyosyoCd=2872004755-00&ServiceCd=110&Type=search", "url2": null }, "geometry": { "type": "Point", "coordinates": [ 134.902561900000023, 34.6907704 ] } },
{ "type": "Feature", "properties": { "内容": "パール訪問介護ステーション【訪問介護】兵庫県明石市魚住町西岡842-４パール明石", "url": "https://www.kaigokensaku.mhlw.go.jp/28/index.php?action_kouhyou_detail_004_kani=true&JigyosyoCd=2872004946-00&ServiceCd=110&Type=search", "url2": "http://jb-kobe.jp/" }, "geometry": { "type": "Point", "coordinates": [ 134.90100910000001, 34.696468 ] } },
{ "type": "Feature", "properties": { "内容": "ケア２１明石【訪問介護】兵庫県明石市藤が丘二丁目25-1山崎ビル2階", "url": "https://www.kaigokensaku.mhlw.go.jp/28/index.php?action_kouhyou_detail_004_kani=true&JigyosyoCd=2872002395-00&ServiceCd=110&Type=search", "url2": null }, "geometry": { "type": "Point", "coordinates": [ 134.9472202, 34.666363699999984 ] } },
{ "type": "Feature", "properties": { "内容": "こねっと【訪問介護】兵庫県明石市大久保町江井島７６３－１江井ヶ島綜合市場内", "url": "https://www.kaigokensaku.mhlw.go.jp/28/index.php?action_kouhyou_detail_004_kani=true&JigyosyoCd=2872002882-00&ServiceCd=110&Type=search", "url2": null }, "geometry": { "type": "Point", "coordinates": [ 134.917526599999974, 34.6781083 ] } },
{ "type": "Feature", "properties": { "内容": "ケア21二見【訪問介護】兵庫県明石市魚住町住吉1丁目18－8", "url": "https://www.kaigokensaku.mhlw.go.jp/28/index.php?action_kouhyou_detail_004_kani=true&JigyosyoCd=2872003674-00&ServiceCd=110&Type=search", "url2": null }, "geometry": { "type": "Point", "coordinates": [ 134.9022213, 34.692753700000011 ] } },
{ "type": "Feature", "properties": { "内容": "ケア２１明石人丸【訪問介護】兵庫県明石市相生町2-8-21ドール明石2階202", "url": "https://www.kaigokensaku.mhlw.go.jp/28/index.php?action_kouhyou_detail_004_kani=true&JigyosyoCd=2872005232-00&ServiceCd=110&Type=search", "url2": null }, "geometry": { "type": "Point", "coordinates": [ 134.9971726, 34.6450819 ] } },
{ "type": "Feature", "properties": { "内容": "ヘルパーステーションまりん【訪問介護】兵庫県明石市東野町2087-1サンビルダー朝霧202", "url": "https://www.kaigokensaku.mhlw.go.jp/28/index.php?action_kouhyou_detail_004_kani=true&JigyosyoCd=2872002890-00&ServiceCd=110&Type=search", "url2": "http://www.medical-net.tv/" }, "geometry": { "type": "Point", "coordinates": [ 135.010789092703561, 34.649483490870914 ] } },
{ "type": "Feature", "properties": { "内容": "カサブランカヘルパーステーションⅡ【訪問介護】兵庫県明石市魚住町住吉4-4-3", "url": "https://www.kaigokensaku.mhlw.go.jp/28/index.php?action_kouhyou_detail_004_kani=true&JigyosyoCd=2872003955-00&ServiceCd=110&Type=search", "url2": "http://www.kaigo-casablanca.co.jp/" }, "geometry": { "type": "Point", "coordinates": [ 134.897231899999952, 34.6948472 ] } },
{ "type": "Feature", "properties": { "内容": "ケアステーション　ふくろう【訪問介護】兵庫県明石市大久保町西島306-1江井島ビル101", "url": "https://www.kaigokensaku.mhlw.go.jp/28/index.php?action_kouhyou_detail_004_kani=true&JigyosyoCd=2872004219-00&ServiceCd=110&Type=search", "url2": null }, "geometry": { "type": "Point", "coordinates": [ 134.914179800000056, 34.6816384 ] } },
{ "type": "Feature", "properties": { "内容": "スイフトステーション　リハ・リハ【訪問介護】兵庫県明石市大久保町茜３丁目１５－１８", "url": "https://www.kaigokensaku.mhlw.go.jp/28/index.php?action_kouhyou_detail_004_kani=true&JigyosyoCd=2872004672-00&ServiceCd=110&Type=search", "url2": "https://www.reha-reha.jp" }, "geometry": { "type": "Point", "coordinates": [ 134.934207374066204, 34.692437030208552 ] } },
{ "type": "Feature", "properties": { "内容": "ウェルネスウォーカー訪問介護事業所【訪問介護】港町22-5", "url": "https://www.kaigokensaku.mhlw.go.jp/28/index.php?action_kouhyou_detail_004_kani=true&JigyosyoCd=2872005547-00&ServiceCd=110&Type=search", "url2": "https://www.wellnessnetwalker.com/" }, "geometry": { "type": "Point", "coordinates": [ 139.715391699999969, 35.5358826 ] } },
{ "type": "Feature", "properties": { "内容": "ヘルパーステーションあおぞら【訪問介護】兵庫県明石市大蔵谷奥7-12", "url": "https://www.kaigokensaku.mhlw.go.jp/28/index.php?action_kouhyou_detail_004_kani=true&JigyosyoCd=2872002031-00&ServiceCd=110&Type=search", "url2": null }, "geometry": { "type": "Point", "coordinates": [ 135.023277402974287, 34.656140731659285 ] } },
{ "type": "Feature", "properties": { "内容": "ホームヘルプステーション西神戸　大久保営業所【訪問介護】大久保町大窪1427-1-105", "url": "https://www.kaigokensaku.mhlw.go.jp/28/index.php?action_kouhyou_detail_004_kani=true&JigyosyoCd=2872003518-00&ServiceCd=110&Type=search", "url2": null }, "geometry": { "type": "Point", "coordinates": [ 134.945333503238544, 34.691793317915518 ] } },
{ "type": "Feature", "properties": { "内容": "ヘルパーステーション　エバーグリーン【訪問介護】兵庫県明石市魚住町金ヶ崎298-1", "url": "https://www.kaigokensaku.mhlw.go.jp/28/index.php?action_kouhyou_detail_004_kani=true&JigyosyoCd=2872004417-00&ServiceCd=110&Type=search", "url2": "https:/everegreen-pj.com" }, "geometry": { "type": "Point", "coordinates": [ 134.926645099999973, 34.6921488 ] } },
{ "type": "Feature", "properties": { "内容": "ヘルパーステーション　ライフ明海【訪問介護】明石市藤江204番地", "url": "https://www.kaigokensaku.mhlw.go.jp/28/index.php?action_kouhyou_detail_004_kani=true&JigyosyoCd=2872000464-00&ServiceCd=110&Type=search", "url2": "http://www.meikai.or.jp" }, "geometry": { "type": "Point", "coordinates": [ 134.953477780950948, 34.656179753219739 ] } },
{ "type": "Feature", "properties": { "内容": "ケアハウス恵泉訪問介護事業所【訪問介護】明石市大久保町大窪2818ケアハウス恵泉", "url": "https://www.kaigokensaku.mhlw.go.jp/28/index.php?action_kouhyou_detail_004_kani=true&JigyosyoCd=2872000027-00&ServiceCd=110&Type=search", "url2": null }, "geometry": { "type": "Point", "coordinates": [ 134.94721549999997, 34.7106332 ] } },
{ "type": "Feature", "properties": { "内容": "ウェルフェア・グランデ明石【訪問介護】明石市北王子町13-41", "url": "https://www.kaigokensaku.mhlw.go.jp/28/index.php?action_kouhyou_detail_004_kani=true&JigyosyoCd=2872000308-00&ServiceCd=110&Type=search", "url2": "http://wga.or.jp" }, "geometry": { "type": "Point", "coordinates": [ 134.982885399999986, 34.6581775 ] } },
{ "type": "Feature", "properties": { "内容": "スプリングテラス訪問介護ステーション【訪問介護】松が丘4丁目1-43", "url": "https://www.kaigokensaku.mhlw.go.jp/28/index.php?action_kouhyou_detail_004_kani=true&JigyosyoCd=2872003161-00&ServiceCd=110&Type=search", "url2": "http://www.springterrace.jp/" }, "geometry": { "type": "Point", "coordinates": [ 135.025135282623154, 34.652168782780443 ] } },
{ "type": "Feature", "properties": { "内容": "恵泉総合ケアセンター　明石事業所【訪問介護】明石市荷山町1855-11", "url": "https://www.kaigokensaku.mhlw.go.jp/28/index.php?action_kouhyou_detail_004_kani=true&JigyosyoCd=2872001116-00&ServiceCd=110&Type=search", "url2": null }, "geometry": { "type": "Point", "coordinates": [ 135.0067778, 34.6554114 ] } },
{ "type": "Feature", "properties": { "内容": "恵泉総合ケアセンター西明石事業所【訪問介護】兵庫県明石市西明石南町2丁目11番22号", "url": "https://www.kaigokensaku.mhlw.go.jp/28/index.php?action_kouhyou_detail_004_kani=true&JigyosyoCd=2872002130-00&ServiceCd=110&Type=search", "url2": null }, "geometry": { "type": "Point", "coordinates": [ 134.958764699999961, 34.665193700000017 ] } },
{ "type": "Feature", "properties": { "内容": "野木病院　訪問介護事業所【訪問介護】兵庫県明石市魚住町長坂寺字ツエ池1003-1", "url": "https://www.kaigokensaku.mhlw.go.jp/28/index.php?action_kouhyou_detail_004_kani=true&JigyosyoCd=2872004847-00&ServiceCd=110&Type=search", "url2": "http://www.nogi-hospital.or.jp" }, "geometry": { "type": "Point", "coordinates": [ 134.913110800000027, 34.6997314 ] } },
{ "type": "Feature", "properties": { "内容": "恵泉総合ケアセンター　　大久保北事業所【訪問介護】明石市大久保町大窪２８１８（ケアハウス西館２F)", "url": "https://www.kaigokensaku.mhlw.go.jp/28/index.php?action_kouhyou_detail_004_kani=true&JigyosyoCd=2872000035-00&ServiceCd=110&Type=search", "url2": "http://www.akashi-keisen.com" }, "geometry": { "type": "Point", "coordinates": [ 134.947215774374428, 34.71073406320081 ] } },
{ "type": "Feature", "properties": { "内容": "清華苑ホームヘルプステーション【訪問介護】明石市大久保町駅前2丁目12番地の６", "url": "https://www.kaigokensaku.mhlw.go.jp/28/index.php?action_kouhyou_detail_004_kani=true&JigyosyoCd=2872000530-00&ServiceCd=110&Type=search", "url2": "http://www.seikaen.jp/" }, "geometry": { "type": "Point", "coordinates": [ 134.9413022, 34.6863357 ] } },
{ "type": "Feature", "properties": { "内容": "恵泉総合ケアセンター　二見事業所【訪問介護】明石市二見町東二見377-1ロイヤルハセガワⅡ", "url": "https://www.kaigokensaku.mhlw.go.jp/28/index.php?action_kouhyou_detail_004_kani=true&JigyosyoCd=2872001462-00&ServiceCd=110&Type=search", "url2": null }, "geometry": { "type": "Point", "coordinates": [ 134.889695699999947, 34.7027839 ] } },
{ "type": "Feature", "properties": { "内容": "介護ステーション　まゆ【訪問介護】大観町6-5ラポール大観101号", "url": "https://www.kaigokensaku.mhlw.go.jp/28/index.php?action_kouhyou_detail_004_kani=true&JigyosyoCd=2872005505-00&ServiceCd=110&Type=search", "url2": "kaigostationmayu@yahoo.co.jp" }, "geometry": { "type": "Point", "coordinates": [ 134.9831374, 34.6455802 ] } },
{ "type": "Feature", "properties": { "内容": "レインボースマイル【訪問介護】明石市朝霧東町1丁目11番31マンション旭101号", "url": "https://www.kaigokensaku.mhlw.go.jp/28/index.php?action_kouhyou_detail_004_kani=true&JigyosyoCd=2872003187-00&ServiceCd=110&Type=search", "url2": "http://rainbow-rainbow.co.jp/" }, "geometry": { "type": "Point", "coordinates": [ 135.016701173610727, 34.653229431374839 ] } },
{ "type": "Feature", "properties": { "内容": "さんよう明石ヘルパーステーション【訪問介護】太寺大野町2694-1住宅型有料老人ホーム　さんよう明石", "url": "https://www.kaigokensaku.mhlw.go.jp/28/index.php?action_kouhyou_detail_004_kani=true&JigyosyoCd=2872005307-00&ServiceCd=110&Type=search", "url2": "http://akashi.sanyo-kaigo.net/" }, "geometry": { "type": "Point", "coordinates": [ 135.005136599999986, 34.6551666 ] } },
{ "type": "Feature", "properties": { "内容": "神明病院ホームヘルプステーション【訪問介護】兵庫県明石市大久保町大窪3238番地", "url": "https://www.kaigokensaku.mhlw.go.jp/28/index.php?action_kouhyou_detail_004_kani=true&JigyosyoCd=2872000316-00&ServiceCd=110&Type=search", "url2": "http://www.seiyu-kai.org/" }, "geometry": { "type": "Point", "coordinates": [ 134.9474143, 34.6864602 ] } },
{ "type": "Feature", "properties": { "内容": "有限会社　明石ケアサービス【訪問介護】明石市本町1丁目１－２４大日明石本町ビル202号", "url": "https://www.kaigokensaku.mhlw.go.jp/28/index.php?action_kouhyou_detail_004_kani=true&JigyosyoCd=2872000621-00&ServiceCd=110&Type=search", "url2": "http://care-net.biz/28/akashi-care/" }, "geometry": { "type": "Point", "coordinates": [ 134.9923291, 34.6473894 ] } },
{ "type": "Feature", "properties": { "内容": "あっぷる訪問介護事業所明石【訪問介護】兵庫県明石市樽屋町３番地１１号", "url": "https://www.kaigokensaku.mhlw.go.jp/28/index.php?action_kouhyou_detail_004_kani=true&JigyosyoCd=2872002205-00&ServiceCd=110&Type=search", "url2": "http://www.apple-117.jp/" }, "geometry": { "type": "Point", "coordinates": [ 134.987254600000028, 34.6467337 ] } },
{ "type": "Feature", "properties": { "内容": "明石愛老園ホームヘルプステーション【訪問介護】兵庫県明石市魚住町錦が丘２丁目６番地の８", "url": "https://www.kaigokensaku.mhlw.go.jp/28/index.php?action_kouhyou_detail_004_kani=true&JigyosyoCd=2872002064-00&ServiceCd=110&Type=search", "url2": "http://www.airouen.or.jp/" }, "geometry": { "type": "Point", "coordinates": [ 134.912197136106897, 34.694615160920449 ] } },
{ "type": "Feature", "properties": { "内容": "株式会社ティエスプラン　ティエスひまわりケアーサービス【訪問介護】兵庫県明石市中朝霧丘１２－９", "url": "https://www.kaigokensaku.mhlw.go.jp/28/index.php?action_kouhyou_detail_004_kani=true&JigyosyoCd=2872002460-00&ServiceCd=110&Type=search", "url2": "himawarics@tsplan.co.jp" }, "geometry": { "type": "Point", "coordinates": [ 135.014593800000057, 34.651051 ] } },
{ "type": "Feature", "properties": { "内容": "やさしい手和坂訪問介護事業所【訪問介護】和坂１－１５－３８やさしえ西明石", "url": "https://www.kaigokensaku.mhlw.go.jp/28/index.php?action_kouhyou_detail_004_kani=true&JigyosyoCd=2872003484-00&ServiceCd=110&Type=search", "url2": "http://www.yasashiite.com/" }, "geometry": { "type": "Point", "coordinates": [ 134.974813700000027, 34.6624744 ] } },
{ "type": "Feature", "properties": { "内容": "あじさいのもり明石【訪問介護】兵庫県明石市明南町1-14-1AOIビル", "url": "https://www.kaigokensaku.mhlw.go.jp/28/index.php?action_kouhyou_detail_004_kani=true&JigyosyoCd=2872005018-00&ServiceCd=110&Type=search", "url2": "https://www.elderly.jp/base/index.php?id=58" }, "geometry": { "type": "Point", "coordinates": [ 134.968251400000014, 34.6712116 ] } },
{ "type": "Feature", "properties": { "内容": "ヘルパーステーションスイッチオン明石【訪問介護】兵庫県明石市小久保1丁目13-1", "url": "https://www.kaigokensaku.mhlw.go.jp/28/index.php?action_kouhyou_detail_004_kani=true&JigyosyoCd=2872005091-00&ServiceCd=110&Type=search", "url2": "https://switchon-service.co.jp/" }, "geometry": { "type": "Point", "coordinates": [ 134.959895176721204, 34.670312457287679 ] } },
{ "type": "Feature", "properties": { "内容": "ゆあ訪問介護【訪問介護】兵庫県明石市相生町2丁目5-5　小坂ビル1階", "url": "https://www.kaigokensaku.mhlw.go.jp/28/index.php?action_kouhyou_detail_004_kani=true&JigyosyoCd=2872005471-00&ServiceCd=110&Type=search", "url2": "https://www.nimms2020.com/" }, "geometry": { "type": "Point", "coordinates": [ 134.997376712303179, 34.645406554460735 ] } },
{ "type": "Feature", "properties": { "内容": "明石仁十病院ホームヘルプステーション【訪問介護】兵庫県明石市魚住町清水１６２８－１", "url": "https://www.kaigokensaku.mhlw.go.jp/28/index.php?action_kouhyou_detail_004_kani=true&JigyosyoCd=2872000449-00&ServiceCd=110&Type=search", "url2": "http://simizunoie.com/homehelper.html" }, "geometry": { "type": "Point", "coordinates": [ 134.901132735690339, 34.713739954911425 ] } },
{ "type": "Feature", "properties": { "内容": "友愛園　ホームヘルプステーション【訪問介護】明石市大久保町大窪２６０３－２０5", "url": "https://www.kaigokensaku.mhlw.go.jp/28/index.php?action_kouhyou_detail_004_kani=true&JigyosyoCd=2872000860-00&ServiceCd=110&Type=search", "url2": "http://www．yu-ai.or.jp" }, "geometry": { "type": "Point", "coordinates": [ 134.945838364809248, 34.704849943270304 ] } },
{ "type": "Feature", "properties": { "内容": "恵泉きずな訪問介護事業【訪問介護】明石市魚住町西岡370-9", "url": "https://www.kaigokensaku.mhlw.go.jp/28/index.php?action_kouhyou_detail_004_kani=true&JigyosyoCd=2872002452-00&ServiceCd=110&Type=search", "url2": null }, "geometry": { "type": "Point", "coordinates": [ 134.912487305340619, 34.699844926304898 ] } },
{ "type": "Feature", "properties": { "内容": "特定非営利活動法人　宅老所　やじろべえ【訪問介護】大久保町西島３９１－４", "url": "https://www.kaigokensaku.mhlw.go.jp/28/index.php?action_kouhyou_detail_004_kani=true&JigyosyoCd=2872002643-00&ServiceCd=110&Type=search", "url2": null }, "geometry": { "type": "Point", "coordinates": [ 134.914454699999965, 34.6843188 ] } },
{ "type": "Feature", "properties": { "内容": "在宅介護ここふる【訪問介護】兵庫県明石市大久保町西島180番地の２", "url": "https://www.kaigokensaku.mhlw.go.jp/28/index.php?action_kouhyou_detail_004_kani=true&JigyosyoCd=2872004045-00&ServiceCd=110&Type=search", "url2": "http://hp.kaipoke.biz/v5m/index.html" }, "geometry": { "type": "Point", "coordinates": [ 134.919075865778126, 34.682368111110065 ] } },
{ "type": "Feature", "properties": { "内容": "ロジケアあかし【訪問介護】桜町11-8", "url": "https://www.kaigokensaku.mhlw.go.jp/28/index.php?action_kouhyou_detail_004_kani=true&JigyosyoCd=2872005521-00&ServiceCd=110&Type=search", "url2": "http://logicare.co.jp" }, "geometry": { "type": "Point", "coordinates": [ 130.7028645, 32.8008402 ] } },
{ "type": "Feature", "properties": { "内容": "有限会社明石福祉介護サービス【訪問介護】明石市西明石北町3丁目2-17", "url": "https://www.kaigokensaku.mhlw.go.jp/28/index.php?action_kouhyou_detail_004_kani=true&JigyosyoCd=2872000381-00&ServiceCd=110&Type=search", "url2": null }, "geometry": { "type": "Point", "coordinates": [ 134.964908700000024, 34.6699434 ] } },
{ "type": "Feature", "properties": { "内容": "あおぞらヘルパーステーション【訪問介護】兵庫県明石市住吉1丁目７番10号2F", "url": "https://www.kaigokensaku.mhlw.go.jp/28/index.php?action_kouhyou_detail_004_kani=true&JigyosyoCd=2872005950-00&ServiceCd=110&Type=search", "url2": null }, "geometry": { "type": "Point", "coordinates": [ 134.905184, 34.691843 ] } },
{ "type": "Feature", "properties": { "内容": "エイジサポート【訪問介護】明石市林崎町3丁目482", "url": "https://www.kaigokensaku.mhlw.go.jp/28/index.php?action_kouhyou_detail_004_kani=true&JigyosyoCd=2872002593-00&ServiceCd=110&Type=search", "url2": "syouwa.org" }, "geometry": { "type": "Point", "coordinates": [ 134.966842300000053, 34.6504529 ] } },
{ "type": "Feature", "properties": { "内容": "ニチイケアセンター明石【訪問介護】兵庫県明石市太寺4丁目4－30", "url": "https://www.kaigokensaku.mhlw.go.jp/28/index.php?action_kouhyou_detail_004_kani=true&JigyosyoCd=2872000340-00&ServiceCd=110&Type=search", "url2": "http://nichiigakkan.co.jp" }, "geometry": { "type": "Point", "coordinates": [ 134.999584, 34.656875 ] } },
{ "type": "Feature", "properties": { "内容": "わらいば明石【訪問介護】兵庫県明石市魚住町清水2151-1", "url": "https://www.kaigokensaku.mhlw.go.jp/28/index.php?action_kouhyou_detail_004_kani=true&JigyosyoCd=2872005497-00&ServiceCd=110&Type=search", "url2": "https://www.wizecare.net/" }, "geometry": { "type": "Point", "coordinates": [ 134.892914455819721, 34.719442260150451 ] } },
{ "type": "Feature", "properties": { "内容": "うさみみ【訪問介護】兵庫県明石市明南町２丁目１８－１５ハイツ明南２Ｂ", "url": "https://www.kaigokensaku.mhlw.go.jp/28/index.php?action_kouhyou_detail_004_kani=true&JigyosyoCd=2872005331-00&ServiceCd=110&Type=search", "url2": "https://www.wakou-usamimi.com/" }, "geometry": { "type": "Point", "coordinates": [ 134.966714, 34.6722667 ] } },
{ "type": "Feature", "properties": { "内容": "中山クリニック　ヘルパーステーション【訪問介護】兵庫県明石市魚住町金ヶ崎378-8", "url": "https://www.kaigokensaku.mhlw.go.jp/28/index.php?action_kouhyou_detail_004_kani=true&JigyosyoCd=2872004201-00&ServiceCd=110&Type=search", "url2": "www.akashi-n-clinic.com/" }, "geometry": { "type": "Point", "coordinates": [ 134.926138214680464, 34.690380570064001 ] } },
{ "type": "Feature", "properties": { "内容": "合同会社　こあ　サポート【訪問介護】兵庫県西宮市山口町名来1丁目8-23", "url": "https://www.kaigokensaku.mhlw.go.jp/28/index.php?action_kouhyou_detail_004_kani=true&JigyosyoCd=2870904667-00&ServiceCd=110&Type=search", "url2": null }, "geometry": { "type": "Point", "coordinates": [ 135.234985016637665, 34.843795492456515 ] } },
{ "type": "Feature", "properties": { "内容": "ケアステーションはる【訪問介護】兵庫県西宮市若草町1丁目2番３６号西棟", "url": "https://www.kaigokensaku.mhlw.go.jp/28/index.php?action_kouhyou_detail_004_kani=true&JigyosyoCd=2870909096-00&ServiceCd=110&Type=search", "url2": null }, "geometry": { "type": "Point", "coordinates": [ 135.374333900000011, 34.7292887 ] } },
{ "type": "Feature", "properties": { "内容": "総合福祉施設ドレミーナ夙川【訪問介護】城ヶ堀町3-18", "url": "https://www.kaigokensaku.mhlw.go.jp/28/index.php?action_kouhyou_detail_004_kani=true&JigyosyoCd=2870903610-00&ServiceCd=110&Type=search", "url2": "http://www.doremina.jp/about.html" }, "geometry": { "type": "Point", "coordinates": [ 135.339595, 34.742235800000017 ] } },
{ "type": "Feature", "properties": { "内容": "株式会社コスモホームヘルプサービス　西宮事業所【訪問介護】西宮市染殿町7-15メゾン東口１０１", "url": "https://www.kaigokensaku.mhlw.go.jp/28/index.php?action_kouhyou_detail_004_kani=true&JigyosyoCd=2870900277-00&ServiceCd=110&Type=search", "url2": "http://www.kosmo.jp/homehelp/" }, "geometry": { "type": "Point", "coordinates": [ 135.346184599999987, 34.734416 ] } },
{ "type": "Feature", "properties": { "内容": "訪問介護事業所こすもす【訪問介護】兵庫県西宮市浜町15番10号", "url": "https://www.kaigokensaku.mhlw.go.jp/28/index.php?action_kouhyou_detail_004_kani=true&JigyosyoCd=2870900707-00&ServiceCd=110&Type=search", "url2": "www.hc-cosmos.com　　　只今作成中" }, "geometry": { "type": "Point", "coordinates": [ 135.336705622090108, 34.729139686002085 ] } },
{ "type": "Feature", "properties": { "内容": "ケアラボ【訪問介護】兵庫県西宮市生瀬町2丁目2番7号", "url": "https://www.kaigokensaku.mhlw.go.jp/28/index.php?action_kouhyou_detail_004_kani=true&JigyosyoCd=2870903032-00&ServiceCd=110&Type=search", "url2": "https://carelabo7565.wixsite.com/carelabo" }, "geometry": { "type": "Point", "coordinates": [ 135.325055694084199, 34.819013881173426 ] } },
{ "type": "Feature", "properties": { "内容": "ルナ　春風【訪問介護】兵庫県西宮市上之町1-32", "url": "https://www.kaigokensaku.mhlw.go.jp/28/index.php?action_kouhyou_detail_004_kani=true&JigyosyoCd=2870903172-00&ServiceCd=110&Type=search", "url2": null }, "geometry": { "type": "Point", "coordinates": [ 135.36787060000006, 34.7474791 ] } },
{ "type": "Feature", "properties": { "内容": "ヘルパーステーションあんだんて【訪問介護】兵庫県西宮市久保町１４－１", "url": "https://www.kaigokensaku.mhlw.go.jp/28/index.php?action_kouhyou_detail_004_kani=true&JigyosyoCd=2870903842-00&ServiceCd=110&Type=search", "url2": "https://andante-info.co.jp/" }, "geometry": { "type": "Point", "coordinates": [ 135.339458799999989, 34.7262599 ] } },
{ "type": "Feature", "properties": { "内容": "有限会社　サンケア１０１【訪問介護】兵庫県西宮市今津巽町２－１", "url": "https://www.kaigokensaku.mhlw.go.jp/28/index.php?action_kouhyou_detail_004_kani=true&JigyosyoCd=2870905839-00&ServiceCd=110&Type=search", "url2": null }, "geometry": { "type": "Point", "coordinates": [ 135.355767385983313, 34.724878302954934 ] } },
{ "type": "Feature", "properties": { "内容": "ケアサポート　たんと・たんと【訪問介護】兵庫県西宮市上甲子園4丁目11-33", "url": "https://www.kaigokensaku.mhlw.go.jp/28/index.php?action_kouhyou_detail_004_kani=true&JigyosyoCd=2870906050-00&ServiceCd=110&Type=search", "url2": "http://www.tant-tant.jimdofree.com" }, "geometry": { "type": "Point", "coordinates": [ 135.347613899999942, 34.734308 ] } },
{ "type": "Feature", "properties": { "内容": "メディケアサービスⅡ訪問介護事業所【訪問介護】兵庫県西宮市山口町下山口1-7-3クオリティ下山口202", "url": "https://www.kaigokensaku.mhlw.go.jp/28/index.php?action_kouhyou_detail_004_kani=true&JigyosyoCd=2870906100-00&ServiceCd=110&Type=search", "url2": null }, "geometry": { "type": "Point", "coordinates": [ 135.238671833141382, 34.836229119645566 ] } },
{ "type": "Feature", "properties": { "内容": "合同会社ケアステーション絆【訪問介護】兵庫県西宮市山口町上山口2丁目7番6号シンエイビル３F,305号", "url": "https://www.kaigokensaku.mhlw.go.jp/28/index.php?action_kouhyou_detail_004_kani=true&JigyosyoCd=2870906464-00&ServiceCd=110&Type=search", "url2": null }, "geometry": { "type": "Point", "coordinates": [ 135.244970500000022, 34.8289429 ] } },
{ "type": "Feature", "properties": { "内容": "白ゆりケアサービス【訪問介護】兵庫県西宮市広田町12－54カラーパレット1－101号", "url": "https://www.kaigokensaku.mhlw.go.jp/28/index.php?action_kouhyou_detail_004_kani=true&JigyosyoCd=2870906878-00&ServiceCd=110&Type=search", "url2": "https://sirayuri-care.com/" }, "geometry": { "type": "Point", "coordinates": [ 135.347718007185904, 34.75023462308296 ] } },
{ "type": "Feature", "properties": { "内容": "カンナ訪問介護事業所【訪問介護】兵庫県西宮市浜町6-2", "url": "https://www.kaigokensaku.mhlw.go.jp/28/index.php?action_kouhyou_detail_004_kani=true&JigyosyoCd=2870906902-00&ServiceCd=110&Type=search", "url2": null }, "geometry": { "type": "Point", "coordinates": [ 135.3371936, 34.7264602 ] } },
{ "type": "Feature", "properties": { "内容": "合同会社　光介護サービス【訪問介護】兵庫県西宮市上田西町2-36-505", "url": "https://www.kaigokensaku.mhlw.go.jp/28/index.php?action_kouhyou_detail_004_kani=true&JigyosyoCd=2870907033-00&ServiceCd=110&Type=search", "url2": null }, "geometry": { "type": "Point", "coordinates": [ 135.371268399999963, 34.7123877 ] } },
{ "type": "Feature", "properties": { "内容": "ケアステーションすみれ【訪問介護】兵庫県西宮市天道町１４－６甲子園フラット１０１", "url": "https://www.kaigokensaku.mhlw.go.jp/28/index.php?action_kouhyou_detail_004_kani=true&JigyosyoCd=2870907223-00&ServiceCd=110&Type=search", "url2": null }, "geometry": { "type": "Point", "coordinates": [ 135.367962799999987, 34.7409946 ] } },
{ "type": "Feature", "properties": { "内容": "SOMPOケア　夙川香櫨園　訪問介護【訪問介護】兵庫県西宮市堀切町5-5", "url": "https://www.kaigokensaku.mhlw.go.jp/28/index.php?action_kouhyou_detail_004_kani=true&JigyosyoCd=2870907439-00&ServiceCd=110&Type=search", "url2": "https://www.sompocare.com" }, "geometry": { "type": "Point", "coordinates": [ 135.326017035432841, 34.730886092719246 ] } },
{ "type": "Feature", "properties": { "内容": "ヘルパーステーションミライ【訪問介護】兵庫県西宮市津門大塚町１－２８　エクセル幸２F", "url": "https://www.kaigokensaku.mhlw.go.jp/28/index.php?action_kouhyou_detail_004_kani=true&JigyosyoCd=2870907637-00&ServiceCd=110&Type=search", "url2": "http://mirai/company" }, "geometry": { "type": "Point", "coordinates": [ 135.3450101, 34.7417591 ] } },
{ "type": "Feature", "properties": { "内容": "ほんわか訪問介護事業所【訪問介護】兵庫県西宮市室川町9番23号", "url": "https://www.kaigokensaku.mhlw.go.jp/28/index.php?action_kouhyou_detail_004_kani=true&JigyosyoCd=2870907918-00&ServiceCd=110&Type=search", "url2": null }, "geometry": { "type": "Point", "coordinates": [ 135.343125200000031, 34.7448679 ] } },
{ "type": "Feature", "properties": { "内容": "ヘルパーステーションぱる【訪問介護】兵庫県西宮市山口町上山口2-7-6ソリッソ西宮山口204", "url": "https://www.kaigokensaku.mhlw.go.jp/28/index.php?action_kouhyou_detail_004_kani=true&JigyosyoCd=2870907934-00&ServiceCd=110&Type=search", "url2": null }, "geometry": { "type": "Point", "coordinates": [ 135.24495217224424, 34.829037632541983 ] } },
{ "type": "Feature", "properties": { "内容": "やさしい手西宮さくら店【訪問介護】兵庫県西宮市弓場町8-36", "url": "https://www.kaigokensaku.mhlw.go.jp/28/index.php?action_kouhyou_detail_004_kani=true&JigyosyoCd=2870908338-00&ServiceCd=110&Type=search", "url2": "https://yasashiite-n.com/index.html" }, "geometry": { "type": "Point", "coordinates": [ 135.322252200000037, 34.735671 ] } },
{ "type": "Feature", "properties": { "内容": "キュア＆ケアほんまもん【訪問介護】兵庫県西宮市上甲子園4丁目3-4サンピエナ玉谷ビル1階", "url": "https://www.kaigokensaku.mhlw.go.jp/28/index.php?action_kouhyou_detail_004_kani=true&JigyosyoCd=2870908734-00&ServiceCd=110&Type=search", "url2": null }, "geometry": { "type": "Point", "coordinates": [ 135.365007, 34.7347565 ] } },
{ "type": "Feature", "properties": { "内容": "訪問介護　にじのそら【訪問介護】兵庫県西宮市山口町上山口２丁目20-26サンライフ山口　103", "url": "https://www.kaigokensaku.mhlw.go.jp/28/index.php?action_kouhyou_detail_004_kani=true&JigyosyoCd=2870908882-00&ServiceCd=110&Type=search", "url2": null }, "geometry": { "type": "Point", "coordinates": [ 135.2438701, 34.8272374 ] } },
{ "type": "Feature", "properties": { "内容": "訪問介護ステーション日本福祉サービス西宮【訪問介護】兵庫県西宮市上田中町17番24号アメニティ武庫川406号", "url": "https://www.kaigokensaku.mhlw.go.jp/28/index.php?action_kouhyou_detail_004_kani=true&JigyosyoCd=2870909385-00&ServiceCd=110&Type=search", "url2": "https://www.nf-s.co.jp/" }, "geometry": { "type": "Point", "coordinates": [ 135.3723142, 34.7071251 ] } },
{ "type": "Feature", "properties": { "内容": "訪問介護ありがとう西宮支店【訪問介護】兵庫県西宮市津門稲荷町4-5", "url": "https://www.kaigokensaku.mhlw.go.jp/28/index.php?action_kouhyou_detail_004_kani=true&JigyosyoCd=2870909468-00&ServiceCd=110&Type=search", "url2": "http://kaigo-arigato.com" }, "geometry": { "type": "Point", "coordinates": [ 135.350883099999976, 34.7371465 ] } },
{ "type": "Feature", "properties": { "内容": "訪問介護ステーション　ハナミズキ【訪問介護】兵庫県西宮市大社町１１番３１－１１６号", "url": "https://www.kaigokensaku.mhlw.go.jp/28/index.php?action_kouhyou_detail_004_kani=true&JigyosyoCd=2870909377-00&ServiceCd=110&Type=search", "url2": "https://hanamizuki-homecare.com/description/" }, "geometry": { "type": "Point", "coordinates": [ 135.3382485, 34.7537389 ] } },
{ "type": "Feature", "properties": { "内容": "ミドリライフサービス株式会社【訪問介護】兵庫県西宮市津門稲荷町5-13サンシャイン西宮201号", "url": "https://www.kaigokensaku.mhlw.go.jp/28/index.php?action_kouhyou_detail_004_kani=true&JigyosyoCd=2870900897-00&ServiceCd=110&Type=search", "url2": null }, "geometry": { "type": "Point", "coordinates": [ 135.3523233, 34.7368136 ] } },
{ "type": "Feature", "properties": { "内容": "有限会社　たんぽぽ【訪問介護】兵庫県西宮市南越木岩町7-26ファーストリバー304号", "url": "https://www.kaigokensaku.mhlw.go.jp/28/index.php?action_kouhyou_detail_004_kani=true&JigyosyoCd=2870900954-00&ServiceCd=110&Type=search", "url2": "http://tanpopo-kaigo.com/" }, "geometry": { "type": "Point", "coordinates": [ 135.327712499999933, 34.7498421 ] } },
{ "type": "Feature", "properties": { "内容": "ベネッセ介護センター阪神【訪問介護】兵庫県西宮市甲子園四番町8-22", "url": "https://www.kaigokensaku.mhlw.go.jp/28/index.php?action_kouhyou_detail_004_kani=true&JigyosyoCd=2870901259-00&ServiceCd=110&Type=search", "url2": "http://www.benesse-style-care.co.jp" }, "geometry": { "type": "Point", "coordinates": [ 135.368459799999982, 34.7281948 ] } },
{ "type": "Feature", "properties": { "内容": "介護のすばる【訪問介護】兵庫県西宮市北六甲台５丁目１６－１", "url": "https://www.kaigokensaku.mhlw.go.jp/28/index.php?action_kouhyou_detail_004_kani=true&JigyosyoCd=2870901275-00&ServiceCd=110&Type=search", "url2": "http://www.kirakira-subaru.jp/" }, "geometry": { "type": "Point", "coordinates": [ 135.244045599999936, 34.8310954 ] } },
{ "type": "Feature", "properties": { "内容": "有限会社　アイ・アイ【訪問介護】西宮市高須町1丁目1番-213メルカードむこがわ", "url": "https://www.kaigokensaku.mhlw.go.jp/28/index.php?action_kouhyou_detail_004_kani=true&JigyosyoCd=2870901580-00&ServiceCd=110&Type=search", "url2": null }, "geometry": { "type": "Point", "coordinates": [ 135.3706277861221, 34.70512478088046 ] } },
{ "type": "Feature", "properties": { "内容": "あいびーケアセンター【訪問介護】兵庫県西宮市山口町上山口２丁目７－６ソリッソ西宮山口２０２", "url": "https://www.kaigokensaku.mhlw.go.jp/28/index.php?action_kouhyou_detail_004_kani=true&JigyosyoCd=2870901648-00&ServiceCd=110&Type=search", "url2": "http://npoivy.com/" }, "geometry": { "type": "Point", "coordinates": [ 135.244933179298386, 34.828976463557126 ] } },
{ "type": "Feature", "properties": { "内容": "訪問介護ステーション　雅【訪問介護】兵庫県西宮市門前町9-2　103号", "url": "https://www.kaigokensaku.mhlw.go.jp/28/index.php?action_kouhyou_detail_004_kani=true&JigyosyoCd=2870901937-00&ServiceCd=110&Type=search", "url2": null }, "geometry": { "type": "Point", "coordinates": [ 135.363420533273029, 34.757932150219041 ] } },
{ "type": "Feature", "properties": { "内容": "シルバージャパン西宮【訪問介護】兵庫県西宮市津門呉羽町３－４１　今津高架下ＦＩブロック店舗２", "url": "https://www.kaigokensaku.mhlw.go.jp/28/index.php?action_kouhyou_detail_004_kani=true&JigyosyoCd=2870902455-00&ServiceCd=110&Type=search", "url2": "https://www.silver-japan.jp" }, "geometry": { "type": "Point", "coordinates": [ 135.352038499999907, 34.7327444 ] } },
{ "type": "Feature", "properties": { "内容": "エービーシーケアセンター【訪問介護】西宮市生瀬町２丁目８－１４", "url": "https://www.kaigokensaku.mhlw.go.jp/28/index.php?action_kouhyou_detail_004_kani=true&JigyosyoCd=2870902471-00&ServiceCd=110&Type=search", "url2": "http://www.abc-cc.jp/" }, "geometry": { "type": "Point", "coordinates": [ 135.32729759986114, 34.819105701970322 ] } },
{ "type": "Feature", "properties": { "内容": "あいケアセンター【訪問介護】西宮市若草町２丁目１０－１３", "url": "https://www.kaigokensaku.mhlw.go.jp/28/index.php?action_kouhyou_detail_004_kani=true&JigyosyoCd=2870902596-00&ServiceCd=110&Type=search", "url2": "http://lives-ltd.jp" }, "geometry": { "type": "Point", "coordinates": [ 135.375415, 34.7259784 ] } },
{ "type": "Feature", "properties": { "内容": "セントケア　西宮【訪問介護】兵庫県西宮市五月ヶ丘12-8", "url": "https://www.kaigokensaku.mhlw.go.jp/28/index.php?action_kouhyou_detail_004_kani=true&JigyosyoCd=2870903222-00&ServiceCd=110&Type=search", "url2": "http://www.saint-care.com/" }, "geometry": { "type": "Point", "coordinates": [ 135.3383976, 34.7585636 ] } },
{ "type": "Feature", "properties": { "内容": "ライトケア株式会社【訪問介護】兵庫県西宮市甲子園七番町８－３－２１８", "url": "https://www.kaigokensaku.mhlw.go.jp/28/index.php?action_kouhyou_detail_004_kani=true&JigyosyoCd=2870903305-00&ServiceCd=110&Type=search", "url2": null }, "geometry": { "type": "Point", "coordinates": [ 135.36591569999996, 34.721423 ] } },
{ "type": "Feature", "properties": { "内容": "ヘルパーセンター　はくじゅ【訪問介護】西宮市松山町2-27", "url": "https://www.kaigokensaku.mhlw.go.jp/28/index.php?action_kouhyou_detail_004_kani=true&JigyosyoCd=2870903933-00&ServiceCd=110&Type=search", "url2": "https://www.hakuju-kaigo.com/company/" }, "geometry": { "type": "Point", "coordinates": [ 135.37179442550277, 34.745967251341789 ] } },
{ "type": "Feature", "properties": { "内容": "訪問介護ステーションスマイル【訪問介護】甲子園九番町１－１２メゾン甲子園１０２", "url": "https://www.kaigokensaku.mhlw.go.jp/28/index.php?action_kouhyou_detail_004_kani=true&JigyosyoCd=2870904071-00&ServiceCd=110&Type=search", "url2": null }, "geometry": { "type": "Point", "coordinates": [ 135.358416900000066, 34.7281901 ] } },
{ "type": "Feature", "properties": { "内容": "アーク訪問介護事業所【訪問介護】門戸東町4－36", "url": "https://www.kaigokensaku.mhlw.go.jp/28/index.php?action_kouhyou_detail_004_kani=true&JigyosyoCd=2870904832-00&ServiceCd=110&Type=search", "url2": "http://www.ark-homehelp.jp/" }, "geometry": { "type": "Point", "coordinates": [ 135.35853510000004, 34.7603859 ] } },
{ "type": "Feature", "properties": { "内容": "ヘルパーセンター　オモトハウス【訪問介護】甲子園四番町11-4", "url": "https://www.kaigokensaku.mhlw.go.jp/28/index.php?action_kouhyou_detail_004_kani=true&JigyosyoCd=2870905391-00&ServiceCd=110&Type=search", "url2": null }, "geometry": { "type": "Point", "coordinates": [ 135.368018200000051, 34.7279559 ] } },
{ "type": "Feature", "properties": { "内容": "特定非営利活動法人しんぽ【訪問介護】兵庫県西宮市城ケ堀町４番１１-１０３号", "url": "https://www.kaigokensaku.mhlw.go.jp/28/index.php?action_kouhyou_detail_004_kani=true&JigyosyoCd=2870905409-00&ServiceCd=110&Type=search", "url2": "http://keamaneshinpo.info/" }, "geometry": { "type": "Point", "coordinates": [ 135.3407029, 34.7422761 ] } },
{ "type": "Feature", "properties": { "内容": "アクティブライフ夙川【訪問介護】兵庫県西宮市樋之池町１６－４", "url": "https://www.kaigokensaku.mhlw.go.jp/28/index.php?action_kouhyou_detail_004_kani=true&JigyosyoCd=2870905615-00&ServiceCd=110&Type=search", "url2": "http://www.activelife.co.jp/" }, "geometry": { "type": "Point", "coordinates": [ 135.318551860722067, 34.753042416984862 ] } },
{ "type": "Feature", "properties": { "内容": "ＭＹＯケアサービス【訪問介護】兵庫県西宮市南郷町8-4南郷ハイム　101号室", "url": "https://www.kaigokensaku.mhlw.go.jp/28/index.php?action_kouhyou_detail_004_kani=true&JigyosyoCd=2870906506-00&ServiceCd=110&Type=search", "url2": "https://www.camiot-japan.co.jp/" }, "geometry": { "type": "Point", "coordinates": [ 135.331398184116836, 34.745755609843151 ] } },
{ "type": "Feature", "properties": { "内容": "介護サービスいつか堂【訪問介護】兵庫県西宮市段上町７丁目５－２９", "url": "https://www.kaigokensaku.mhlw.go.jp/28/index.php?action_kouhyou_detail_004_kani=true&JigyosyoCd=2870906563-00&ServiceCd=110&Type=search", "url2": null }, "geometry": { "type": "Point", "coordinates": [ 135.370875054481985, 34.769855282526471 ] } },
{ "type": "Feature", "properties": { "内容": "ケアステーションまりも【訪問介護】大屋町12-23ラポール西宮", "url": "https://www.kaigokensaku.mhlw.go.jp/28/index.php?action_kouhyou_detail_004_kani=true&JigyosyoCd=2870906654-00&ServiceCd=110&Type=search", "url2": "http://www.chappu-marimo.co.jp" }, "geometry": { "type": "Point", "coordinates": [ 134.681000526983638, 35.311971350081564 ] } },
{ "type": "Feature", "properties": { "内容": "ヘルパーステーション福【訪問介護】兵庫県西宮市末広町３－１９ワンケイ足立１－B", "url": "https://www.kaigokensaku.mhlw.go.jp/28/index.php?action_kouhyou_detail_004_kani=true&JigyosyoCd=2870906951-00&ServiceCd=110&Type=search", "url2": null }, "geometry": { "type": "Point", "coordinates": [ 135.3363345, 34.7427247 ] } },
{ "type": "Feature", "properties": { "内容": "HANDINHAND【訪問介護】兵庫県西宮市樋之池町2-15-304スクエアー樋之池Ⅰ304号室", "url": "https://www.kaigokensaku.mhlw.go.jp/28/index.php?action_kouhyou_detail_004_kani=true&JigyosyoCd=2870906969-00&ServiceCd=110&Type=search", "url2": null }, "geometry": { "type": "Point", "coordinates": [ 135.322922, 34.75187980000004 ] } },
{ "type": "Feature", "properties": { "内容": "ヘルパーステーションこころ【訪問介護】兵庫県西宮市城ヶ堀町2-19", "url": "https://www.kaigokensaku.mhlw.go.jp/28/index.php?action_kouhyou_detail_004_kani=true&JigyosyoCd=2870906993-00&ServiceCd=110&Type=search", "url2": "http://www.ikokoro.co.jp/" }, "geometry": { "type": "Point", "coordinates": [ 135.339631063754268, 34.741751215993816 ] } },
{ "type": "Feature", "properties": { "内容": "ローズガーデン甲子園　ヘルパーステーション【訪問介護】兵庫県西宮市甲子園九番町10番50号", "url": "https://www.kaigokensaku.mhlw.go.jp/28/index.php?action_kouhyou_detail_004_kani=true&JigyosyoCd=2870907025-00&ServiceCd=110&Type=search", "url2": "http://rg-koshien.toyonaka-fukushikai.com/" }, "geometry": { "type": "Point", "coordinates": [ 135.364304899999979, 34.713468 ] } },
{ "type": "Feature", "properties": { "内容": "みゅーずケアサービス【訪問介護】兵庫県西宮市小松南町1-8-24", "url": "https://www.kaigokensaku.mhlw.go.jp/28/index.php?action_kouhyou_detail_004_kani=true&JigyosyoCd=2870907074-00&ServiceCd=110&Type=search", "url2": "http://muse-care-service.jimdofree.com/" }, "geometry": { "type": "Point", "coordinates": [ 135.3808711, 34.7205866 ] } },
{ "type": "Feature", "properties": { "内容": "けんとケアサービス【訪問介護】与古道町2-21-301", "url": "https://www.kaigokensaku.mhlw.go.jp/28/index.php?action_kouhyou_detail_004_kani=true&JigyosyoCd=2870907579-00&ServiceCd=110&Type=search", "url2": null }, "geometry": { "type": "Point", "coordinates": [ 135.34310572634817, 34.735288582733517 ] } },
{ "type": "Feature", "properties": { "内容": "ケアサポート　るふれ【訪問介護】兵庫県西宮市池田町10-22サンロイヤル西宮202", "url": "https://www.kaigokensaku.mhlw.go.jp/28/index.php?action_kouhyou_detail_004_kani=true&JigyosyoCd=2870907686-00&ServiceCd=110&Type=search", "url2": null }, "geometry": { "type": "Point", "coordinates": [ 135.3463604, 34.7375637 ] } },
{ "type": "Feature", "properties": { "内容": "あくとケア　甲子園【訪問介護】兵庫県西宮市里中町2-9-29メゾンエスポワール203号室", "url": "https://www.kaigokensaku.mhlw.go.jp/28/index.php?action_kouhyou_detail_004_kani=true&JigyosyoCd=2870907694-00&ServiceCd=110&Type=search", "url2": null }, "geometry": { "type": "Point", "coordinates": [ 135.3718431, 34.7198445 ] } },
{ "type": "Feature", "properties": { "内容": "かえでヘルパーステーション【訪問介護】兵庫県西宮市林田町10-22-101", "url": "https://www.kaigokensaku.mhlw.go.jp/28/index.php?action_kouhyou_detail_004_kani=true&JigyosyoCd=2870907827-00&ServiceCd=110&Type=search", "url2": null }, "geometry": { "type": "Point", "coordinates": [ 135.362492, 34.7587461 ] } },
{ "type": "Feature", "properties": { "内容": "おひさまケア【訪問介護】兵庫県西宮市天道町16－4", "url": "https://www.kaigokensaku.mhlw.go.jp/28/index.php?action_kouhyou_detail_004_kani=true&JigyosyoCd=2870907926-00&ServiceCd=110&Type=search", "url2": null }, "geometry": { "type": "Point", "coordinates": [ 135.3688165, 34.7410859 ] } },
{ "type": "Feature", "properties": { "内容": "ケアアマミ西宮【訪問介護】小松南町1-1-5", "url": "https://www.kaigokensaku.mhlw.go.jp/28/index.php?action_kouhyou_detail_004_kani=true&JigyosyoCd=2870907959-00&ServiceCd=110&Type=search", "url2": null }, "geometry": { "type": "Point", "coordinates": [ 135.380540599999989, 34.7214745 ] } },
{ "type": "Feature", "properties": { "内容": "兵庫県西宮市山口町名来２丁目２３番１号【訪問介護】兵庫県西宮市山口町名来２丁目２３番１号", "url": "https://www.kaigokensaku.mhlw.go.jp/28/index.php?action_kouhyou_detail_004_kani=true&JigyosyoCd=2870908841-00&ServiceCd=110&Type=search", "url2": "soramoyou.jp" }, "geometry": { "type": "Point", "coordinates": [ 135.236374899999987, 34.8414625 ] } },
{ "type": "Feature", "properties": { "内容": "合同会社ぷーさん【訪問介護】兵庫県西宮市荒戎町2-24", "url": "https://www.kaigokensaku.mhlw.go.jp/28/index.php?action_kouhyou_detail_004_kani=true&JigyosyoCd=2870909070-00&ServiceCd=110&Type=search", "url2": null }, "geometry": { "type": "Point", "coordinates": [ 135.332717, 34.7328171 ] } },
{ "type": "Feature", "properties": { "内容": "サヤカ訪問介護ステーション【訪問介護】兵庫県西宮市下大市西町1-22ハイツヤマトⅢ101", "url": "https://www.kaigokensaku.mhlw.go.jp/28/index.php?action_kouhyou_detail_004_kani=true&JigyosyoCd=2870909120-00&ServiceCd=110&Type=search", "url2": "https//www.sayaka0801.com" }, "geometry": { "type": "Point", "coordinates": [ 135.358946178504169, 34.758831372053663 ] } },
{ "type": "Feature", "properties": { "内容": "彩訪問介護【訪問介護】兵庫県西宮市津門西口町12-181F", "url": "https://www.kaigokensaku.mhlw.go.jp/28/index.php?action_kouhyou_detail_004_kani=true&JigyosyoCd=2870909153-00&ServiceCd=110&Type=search", "url2": null }, "geometry": { "type": "Point", "coordinates": [ 135.3493502, 34.7342944 ] } },
{ "type": "Feature", "properties": { "内容": "訪問介護ステーション　かえで【訪問介護】兵庫県西宮市段上町６丁目２番４４号", "url": "https://www.kaigokensaku.mhlw.go.jp/28/index.php?action_kouhyou_detail_004_kani=true&JigyosyoCd=2870909310-00&ServiceCd=110&Type=search", "url2": null }, "geometry": { "type": "Point", "coordinates": [ 135.3655578, 34.7729719 ] } },
{ "type": "Feature", "properties": { "内容": "しぇのんケアサービス【訪問介護】兵庫県西宮市天道町１９番12号オリーブⅡ201", "url": "https://www.kaigokensaku.mhlw.go.jp/28/index.php?action_kouhyou_detail_004_kani=true&JigyosyoCd=2870909393-00&ServiceCd=110&Type=search", "url2": "https://www.chainon-care0610.com/" }, "geometry": { "type": "Point", "coordinates": [ 135.3705948, 34.7418277 ] } },
{ "type": "Feature", "properties": { "内容": "訪問介護ステーションきぼうよう【訪問介護】津門川町11-21ルネッサンス43番館405号", "url": "https://www.kaigokensaku.mhlw.go.jp/28/index.php?action_kouhyou_detail_004_kani=true&JigyosyoCd=2870909534-00&ServiceCd=110&Type=search", "url2": null }, "geometry": { "type": "Point", "coordinates": [ 135.349139400000013, 34.7309768 ] } },
{ "type": "Feature", "properties": { "内容": "訪問介護ステーションポプラ西宮【訪問介護】兵庫県西宮市前浜町9-22スミュー香櫨園101", "url": "https://www.kaigokensaku.mhlw.go.jp/28/index.php?action_kouhyou_detail_004_kani=true&JigyosyoCd=2870909559-00&ServiceCd=110&Type=search", "url2": "https://poplar-group.jp/helper/%E8%A8%AA%E5%95%8F%E4%BB%8B%E8%AD%B7%E3%82%B9%E3%83%86%E3%83%BC%E3%82%B7%E3%83%A7%E3%83%B3%E3%83%9D%E3%83%97%E3%83%A9%E8%A5%BF%E5%AE%AE" }, "geometry": { "type": "Point", "coordinates": [ 135.3307441, 34.72713 ] } },
{ "type": "Feature", "properties": { "内容": "ｹｱｽﾃｰｼｮﾝsunny【訪問介護】兵庫県西宮市櫨塚町3-4criceNikkoﾋﾞﾙ４号criceNikkoﾋﾞﾙ401号", "url": "https://www.kaigokensaku.mhlw.go.jp/28/index.php?action_kouhyou_detail_004_kani=true&JigyosyoCd=2870909617-00&ServiceCd=110&Type=search", "url2": "https://sunny-nisinomiya.hp.peraichi.com" }, "geometry": { "type": "Point", "coordinates": [ 135.342880230024718, 34.740788107923514 ] } },
{ "type": "Feature", "properties": { "内容": "ケアセンターSincerity合同会社【訪問介護】兵庫県西宮市東鳴尾町1丁目4番8号", "url": "https://www.kaigokensaku.mhlw.go.jp/28/index.php?action_kouhyou_detail_004_kani=true&JigyosyoCd=2870909724-00&ServiceCd=110&Type=search", "url2": "https://sincerity.group" }, "geometry": { "type": "Point", "coordinates": [ 135.3786491, 34.7137849 ] } },
{ "type": "Feature", "properties": { "内容": "訪問介護つなぐ【訪問介護】兵庫県西宮市屋敷町１５－１７", "url": "https://www.kaigokensaku.mhlw.go.jp/28/index.php?action_kouhyou_detail_004_kani=true&JigyosyoCd=2870909757-00&ServiceCd=110&Type=search", "url2": "https://ktsunagute.jp/" }, "geometry": { "type": "Point", "coordinates": [ 135.3244872, 34.7354114 ] } },
{ "type": "Feature", "properties": { "内容": "ヘルパーステーションスイート西宮【訪問介護】末広町１－２７ロゼノワール夙川1階", "url": "https://www.kaigokensaku.mhlw.go.jp/28/index.php?action_kouhyou_detail_004_kani=true&JigyosyoCd=2870909773-00&ServiceCd=110&Type=search", "url2": "https://sweet-jin.com/" }, "geometry": { "type": "Point", "coordinates": [ 139.6885849, 35.4826065 ] } },
{ "type": "Feature", "properties": { "内容": "つとけあ訪問介護事業所【訪問介護】兵庫県西宮市津門呉羽町１－３０サンマンションアトレ西宮パッセ１０３号室ソーシャルコート今津西", "url": "https://www.kaigokensaku.mhlw.go.jp/28/index.php?action_kouhyou_detail_004_kani=true&JigyosyoCd=2870909823-00&ServiceCd=110&Type=search", "url2": "https://www.social-l.com/facility/sc-imazunishi/" }, "geometry": { "type": "Point", "coordinates": [ 135.352305073641219, 34.731586267050432 ] } },
{ "type": "Feature", "properties": { "内容": "苦楽園訪問介護事業所【訪問介護】兵庫県西宮市石刎町１９番１３号", "url": "https://www.kaigokensaku.mhlw.go.jp/28/index.php?action_kouhyou_detail_004_kani=true&JigyosyoCd=2870900475-00&ServiceCd=110&Type=search", "url2": "http://www.sogoshien.com" }, "geometry": { "type": "Point", "coordinates": [ 135.328467899999964, 34.7536195 ] } },
{ "type": "Feature", "properties": { "内容": "生活協同組合コープこうべ在宅介護サービス西宮【訪問介護】西宮市甲風園1-8-1", "url": "https://www.kaigokensaku.mhlw.go.jp/28/index.php?action_kouhyou_detail_004_kani=true&JigyosyoCd=2870900517-00&ServiceCd=110&Type=search", "url2": "http://www.kobe/coop.or.jp/" }, "geometry": { "type": "Point", "coordinates": [ 135.3555242, 34.7478984 ] } },
{ "type": "Feature", "properties": { "内容": "有限会社　ケアサービス上ヶ原【訪問介護】兵庫県西宮市上ケ原九番町3番5号　　　　　　　　　　　　　　　　　　　　　　　　　　　　　　　　　　　　　　　　　　　　　　　西宮市上ヶ原九番町3番5号", "url": "https://www.kaigokensaku.mhlw.go.jp/28/index.php?action_kouhyou_detail_004_kani=true&JigyosyoCd=2870900525-00&ServiceCd=110&Type=search", "url2": "https://diplomatic-tiger-m7kdpn.mystrikingly.com" }, "geometry": { "type": "Point", "coordinates": [ 135.3413974, 34.7632381 ] } },
{ "type": "Feature", "properties": { "内容": "西宮市甲子園ホームヘルパー派遣センター【訪問介護】西宮市上甲子園５丁目７－２１", "url": "https://www.kaigokensaku.mhlw.go.jp/28/index.php?action_kouhyou_detail_004_kani=true&JigyosyoCd=2870900574-00&ServiceCd=110&Type=search", "url2": "https://www.nishinomiya-fukushi.jp" }, "geometry": { "type": "Point", "coordinates": [ 135.360846199999969, 34.7339388 ] } },
{ "type": "Feature", "properties": { "内容": "西宮市ホームヘルパー派遣センター【訪問介護】兵庫県西宮市林田町7-17", "url": "https://www.kaigokensaku.mhlw.go.jp/28/index.php?action_kouhyou_detail_004_kani=true&JigyosyoCd=2870900632-00&ServiceCd=110&Type=search", "url2": "https://www.nishinomiya-fukushi.jp" }, "geometry": { "type": "Point", "coordinates": [ 135.361026600000059, 34.7574529 ] } },
{ "type": "Feature", "properties": { "内容": "高須ホームヘルパーステーション【訪問介護】兵庫県西宮市高須町1丁目1-2-220メルカードむこがわ", "url": "https://www.kaigokensaku.mhlw.go.jp/28/index.php?action_kouhyou_detail_004_kani=true&JigyosyoCd=2870900756-00&ServiceCd=110&Type=search", "url2": "http://www.akashi-keisen.com/" }, "geometry": { "type": "Point", "coordinates": [ 135.370482099444615, 34.705639767373405 ] } },
{ "type": "Feature", "properties": { "内容": "恵泉西宮浜ホームヘルパーステーション【訪問介護】西宮市西宮浜３丁目７番７号", "url": "https://www.kaigokensaku.mhlw.go.jp/28/index.php?action_kouhyou_detail_004_kani=true&JigyosyoCd=2870900806-00&ServiceCd=110&Type=search", "url2": "http://www.akashi-keisen.com" }, "geometry": { "type": "Point", "coordinates": [ 135.329090599999972, 34.7175034 ] } },
{ "type": "Feature", "properties": { "内容": "マザーケアヘルパーステーション【訪問介護】兵庫県西宮市今津二葉町３－６布亀本社第一ビル", "url": "https://www.kaigokensaku.mhlw.go.jp/28/index.php?action_kouhyou_detail_004_kani=true&JigyosyoCd=2870901085-00&ServiceCd=110&Type=search", "url2": "http://www.nunokame.co.jp" }, "geometry": { "type": "Point", "coordinates": [ 135.351866400000063, 34.7282224 ] } },
{ "type": "Feature", "properties": { "内容": "ふれあい訪問介護ヘルパーステーション【訪問介護】西宮市段上町２丁目２－４１", "url": "https://www.kaigokensaku.mhlw.go.jp/28/index.php?action_kouhyou_detail_004_kani=true&JigyosyoCd=2870901317-00&ServiceCd=110&Type=search", "url2": "https//ibick.co.jp" }, "geometry": { "type": "Point", "coordinates": [ 135.363298, 34.7690187 ] } },
{ "type": "Feature", "properties": { "内容": "ヘルパーステーションまどか【訪問介護】兵庫県西宮市樋之池町20-27", "url": "https://www.kaigokensaku.mhlw.go.jp/28/index.php?action_kouhyou_detail_004_kani=true&JigyosyoCd=2870901416-00&ServiceCd=110&Type=search", "url2": "http//madokakaiwai.okoshi-yasu.net" }, "geometry": { "type": "Point", "coordinates": [ 135.317318800000066, 34.7526306 ] } },
{ "type": "Feature", "properties": { "内容": "有限会社アール・エム　はなまる介護センター【訪問介護】兵庫県西宮市今津曙町12-3", "url": "https://www.kaigokensaku.mhlw.go.jp/28/index.php?action_kouhyou_detail_004_kani=true&JigyosyoCd=2870901739-00&ServiceCd=110&Type=search", "url2": "http://hanamarukaigo.com/" }, "geometry": { "type": "Point", "coordinates": [ 135.357463199999984, 34.7280725 ] } },
{ "type": "Feature", "properties": { "内容": "介護センター　たんとん【訪問介護】兵庫県西宮市甲子園三番町1-25ヒルズ三番町　201号室", "url": "https://www.kaigokensaku.mhlw.go.jp/28/index.php?action_kouhyou_detail_004_kani=true&JigyosyoCd=2870902083-00&ServiceCd=110&Type=search", "url2": null }, "geometry": { "type": "Point", "coordinates": [ 135.369781900000021, 34.7308002 ] } },
{ "type": "Feature", "properties": { "内容": "社会福祉法人　円勝会　シルバーコースト甲子園　ホームヘルプサービス【訪問介護】兵庫県西宮市枝川町17番40号", "url": "https://www.kaigokensaku.mhlw.go.jp/28/index.php?action_kouhyou_detail_004_kani=true&JigyosyoCd=2870902679-00&ServiceCd=110&Type=search", "url2": "http://www.ensyokai.com" }, "geometry": { "type": "Point", "coordinates": [ 135.358685899999955, 34.7110542 ] } },
{ "type": "Feature", "properties": { "内容": "西宮市小松ホームヘルパー派遣センター【訪問介護】西宮市小松北町２丁目８－１", "url": "https://www.kaigokensaku.mhlw.go.jp/28/index.php?action_kouhyou_detail_004_kani=true&JigyosyoCd=2870903073-00&ServiceCd=110&Type=search", "url2": "https://www.nishinomiya-fukushi.jp" }, "geometry": { "type": "Point", "coordinates": [ 135.375845600000048, 34.7245257 ] } },
{ "type": "Feature", "properties": { "内容": "やさしい手西宮店【訪問介護】兵庫県西宮市津門大塚町2-11セレーノ西宮1階", "url": "https://www.kaigokensaku.mhlw.go.jp/28/index.php?action_kouhyou_detail_004_kani=true&JigyosyoCd=2870903511-00&ServiceCd=110&Type=search", "url2": "http://yasashiite-n.com" }, "geometry": { "type": "Point", "coordinates": [ 135.35246196901295, 34.737766253830983 ] } },
{ "type": "Feature", "properties": { "内容": "ケア２１西宮【訪問介護】兵庫県西宮市戸田町5-25イズミビル2F", "url": "https://www.kaigokensaku.mhlw.go.jp/28/index.php?action_kouhyou_detail_004_kani=true&JigyosyoCd=2870904048-00&ServiceCd=110&Type=search", "url2": null }, "geometry": { "type": "Point", "coordinates": [ 135.339948129391445, 34.735425940596663 ] } },
{ "type": "Feature", "properties": { "内容": "㈱　ケアステーション　ぱしおん【訪問介護】下大市西町１２－１７パールハイツ２０２", "url": "https://www.kaigokensaku.mhlw.go.jp/28/index.php?action_kouhyou_detail_004_kani=true&JigyosyoCd=2870904089-00&ServiceCd=110&Type=search", "url2": "https://pasion-care.com/" }, "geometry": { "type": "Point", "coordinates": [ 135.361519099999981, 34.7611559 ] } },
{ "type": "Feature", "properties": { "内容": "グローバルウォーク【訪問介護】兵庫県西宮市甲子園口3丁目23-16-1F", "url": "https://www.kaigokensaku.mhlw.go.jp/28/index.php?action_kouhyou_detail_004_kani=true&JigyosyoCd=2870904097-00&ServiceCd=110&Type=search", "url2": "http://www.global-walk.net/" }, "geometry": { "type": "Point", "coordinates": [ 135.372195499999947, 34.7355193 ] } },
{ "type": "Feature", "properties": { "内容": "ケア・サポート　ほのぼの【訪問介護】川添町７番１０ー２０３号サニークレスト夙川公園　２０３号", "url": "https://www.kaigokensaku.mhlw.go.jp/28/index.php?action_kouhyou_detail_004_kani=true&JigyosyoCd=2870904311-00&ServiceCd=110&Type=search", "url2": null }, "geometry": { "type": "Point", "coordinates": [ 135.331298699999934, 34.7279164 ] } },
{ "type": "Feature", "properties": { "内容": "介護センターつむぎ【訪問介護】西宮市甲子園口５丁目８－１９", "url": "https://www.kaigokensaku.mhlw.go.jp/28/index.php?action_kouhyou_detail_004_kani=true&JigyosyoCd=2870904378-00&ServiceCd=110&Type=search", "url2": "https://kansai.kaigo-tsumugi.com/" }, "geometry": { "type": "Point", "coordinates": [ 135.368359599999962, 34.736772 ] } },
{ "type": "Feature", "properties": { "内容": "西宮渡辺ヘルパーステーション【訪問介護】西宮市室川町11番23号", "url": "https://www.kaigokensaku.mhlw.go.jp/28/index.php?action_kouhyou_detail_004_kani=true&JigyosyoCd=2870904964-00&ServiceCd=110&Type=search", "url2": "http://www.n-watanabe-hosp.jp/" }, "geometry": { "type": "Point", "coordinates": [ 135.342705560049467, 34.744174854586326 ] } },
{ "type": "Feature", "properties": { "内容": "ケア21甲子園口【訪問介護】兵庫県西宮市天道町26-9天道町ハイツ204号室", "url": "https://www.kaigokensaku.mhlw.go.jp/28/index.php?action_kouhyou_detail_004_kani=true&JigyosyoCd=2870906209-00&ServiceCd=110&Type=search", "url2": null }, "geometry": { "type": "Point", "coordinates": [ 135.370175909227328, 34.742187208295718 ] } },
{ "type": "Feature", "properties": { "内容": "支援の会ひまわり介護サービス【訪問介護】兵庫県西宮市今津水波町1-7ドミトリー高木1ｆ", "url": "https://www.kaigokensaku.mhlw.go.jp/28/index.php?action_kouhyou_detail_004_kani=true&JigyosyoCd=2870906431-00&ServiceCd=110&Type=search", "url2": "URL:http://himawari.uh-oh.jp/" }, "geometry": { "type": "Point", "coordinates": [ 135.350922, 34.7299334 ] } },
{ "type": "Feature", "properties": { "内容": "ヘルパーステーションスイートケア【訪問介護】兵庫県西宮市学文殿町2-7-24ロワイヤル学文", "url": "https://www.kaigokensaku.mhlw.go.jp/28/index.php?action_kouhyou_detail_004_kani=true&JigyosyoCd=2870906621-00&ServiceCd=110&Type=search", "url2": null }, "geometry": { "type": "Point", "coordinates": [ 135.3702515, 34.7239035 ] } },
{ "type": "Feature", "properties": { "内容": "ケアコンツェルト【訪問介護】上甲東園5丁目5番12-104号室", "url": "https://www.kaigokensaku.mhlw.go.jp/28/index.php?action_kouhyou_detail_004_kani=true&JigyosyoCd=2870906852-00&ServiceCd=110&Type=search", "url2": null }, "geometry": { "type": "Point", "coordinates": [ 135.351876927017059, 34.765758850098777 ] } },
{ "type": "Feature", "properties": { "内容": "グランダ夙川東ケアステーション【訪問介護】兵庫県西宮市神垣町6番13号", "url": "https://www.kaigokensaku.mhlw.go.jp/28/index.php?action_kouhyou_detail_004_kani=true&JigyosyoCd=2870907157-00&ServiceCd=110&Type=search", "url2": "http://www.benesse-style-care.co.jp/" }, "geometry": { "type": "Point", "coordinates": [ 135.339614399999959, 34.7485647 ] } },
{ "type": "Feature", "properties": { "内容": "訪問介護事業所クローバー【訪問介護】兵庫県西宮市すみれ台1丁目12-10", "url": "https://www.kaigokensaku.mhlw.go.jp/28/index.php?action_kouhyou_detail_004_kani=true&JigyosyoCd=2870907280-00&ServiceCd=110&Type=search", "url2": "http://clover.o.oo.7.jp" }, "geometry": { "type": "Point", "coordinates": [ 135.2441291, 34.8189219 ] } },
{ "type": "Feature", "properties": { "内容": "ヘルパーセンターにじのはな【訪問介護】甲子園春風町5番33号春風マンション1階北3号室", "url": "https://www.kaigokensaku.mhlw.go.jp/28/index.php?action_kouhyou_detail_004_kani=true&JigyosyoCd=2870907512-00&ServiceCd=110&Type=search", "url2": null }, "geometry": { "type": "Point", "coordinates": [ 135.362146199999984, 34.7314084 ] } },
{ "type": "Feature", "properties": { "内容": "訪問介護ステーションそよかぜ【訪問介護】兵庫県西宮市甲子園網引町4番5号清和の郷", "url": "https://www.kaigokensaku.mhlw.go.jp/28/index.php?action_kouhyou_detail_004_kani=true&JigyosyoCd=2870907777-00&ServiceCd=110&Type=search", "url2": null }, "geometry": { "type": "Point", "coordinates": [ 135.356103500000017, 34.722696 ] } },
{ "type": "Feature", "properties": { "内容": "ケアステーションここち【訪問介護】兵庫県西宮市甲子園町28-3グレイス甲子園102号室", "url": "https://www.kaigokensaku.mhlw.go.jp/28/index.php?action_kouhyou_detail_004_kani=true&JigyosyoCd=2870907884-00&ServiceCd=110&Type=search", "url2": null }, "geometry": { "type": "Point", "coordinates": [ 135.357639772864417, 34.719935435663778 ] } },
{ "type": "Feature", "properties": { "内容": "ケアサービスパセム西宮【訪問介護】西宮市段上町６丁目24番43号", "url": "https://www.kaigokensaku.mhlw.go.jp/28/index.php?action_kouhyou_detail_004_kani=true&JigyosyoCd=2870908122-00&ServiceCd=110&Type=search", "url2": "https://pacem.or.jp/" }, "geometry": { "type": "Point", "coordinates": [ 135.369507452778606, 34.773601633083594 ] } },
{ "type": "Feature", "properties": { "内容": "ツクイ西宮武庫川【訪問介護】上田西町2-51ブランアトリエ1階", "url": "https://www.kaigokensaku.mhlw.go.jp/28/index.php?action_kouhyou_detail_004_kani=true&JigyosyoCd=2870908718-00&ServiceCd=110&Type=search", "url2": null }, "geometry": { "type": "Point", "coordinates": [ 135.371154768509626, 34.712838384314189 ] } },
{ "type": "Feature", "properties": { "内容": "ホームケア土屋関西【訪問介護】兵庫県西宮市与古道町３－１１", "url": "https://www.kaigokensaku.mhlw.go.jp/28/index.php?action_kouhyou_detail_004_kani=true&JigyosyoCd=2870908759-00&ServiceCd=110&Type=search", "url2": "https://homecare-tsuchiya.com" }, "geometry": { "type": "Point", "coordinates": [ 135.343019199999986, 34.7350576 ] } },
{ "type": "Feature", "properties": { "内容": "ウールズ西宮ヘルパーステーション【訪問介護】兵庫県西宮市上大市5丁目8-8第二長楽荘101", "url": "https://www.kaigokensaku.mhlw.go.jp/28/index.php?action_kouhyou_detail_004_kani=true&JigyosyoCd=2870909732-00&ServiceCd=110&Type=search", "url2": null }, "geometry": { "type": "Point", "coordinates": [ 135.3714769, 34.7655934 ] } },
{ "type": "Feature", "properties": { "内容": "ニチイケアセンター西宮北口【訪問介護】兵庫県西宮市南昭和町2-39ステラハウス22－1Ｆ", "url": "https://www.kaigokensaku.mhlw.go.jp/28/index.php?action_kouhyou_detail_004_kani=true&JigyosyoCd=2870900483-00&ServiceCd=110&Type=search", "url2": "www.nichiigakkan.co.jp" }, "geometry": { "type": "Point", "coordinates": [ 135.353766, 34.7457736 ] } },
{ "type": "Feature", "properties": { "内容": "ニチイケアセンター甲子園【訪問介護】兵庫県西宮市甲子園口5丁目2-4", "url": "https://www.kaigokensaku.mhlw.go.jp/28/index.php?action_kouhyou_detail_004_kani=true&JigyosyoCd=2870900590-00&ServiceCd=110&Type=search", "url2": "http://www.nichiigakkan.co.jp" }, "geometry": { "type": "Point", "coordinates": [ 135.370109642120156, 34.738734706755366 ] } },
{ "type": "Feature", "properties": { "内容": "にしのみや聖徳園　ホームヘルパーステーション【訪問介護】西宮市段上町６丁目２４番１号", "url": "https://www.kaigokensaku.mhlw.go.jp/28/index.php?action_kouhyou_detail_004_kani=true&JigyosyoCd=2870900723-00&ServiceCd=110&Type=search", "url2": "http://www.shotokuen.or.jp" }, "geometry": { "type": "Point", "coordinates": [ 135.368789600000014, 34.7733319 ] } },
{ "type": "Feature", "properties": { "内容": "ニチイケアセンター西宮【訪問介護】兵庫県西宮市中前田町1-31フォルテ山栄2F", "url": "https://www.kaigokensaku.mhlw.go.jp/28/index.php?action_kouhyou_detail_004_kani=true&JigyosyoCd=2870901093-00&ServiceCd=110&Type=search", "url2": "http://www.nichiigakkan.co.jp" }, "geometry": { "type": "Point", "coordinates": [ 135.342446650292914, 34.741479236251074 ] } },
{ "type": "Feature", "properties": { "内容": "ひだまりステーションCurare【訪問介護】兵庫県西宮市石刎町16-17アリスト北夙川１０４号", "url": "https://www.kaigokensaku.mhlw.go.jp/28/index.php?action_kouhyou_detail_004_kani=true&JigyosyoCd=2870901630-00&ServiceCd=110&Type=search", "url2": null }, "geometry": { "type": "Point", "coordinates": [ 135.328756800000065, 34.7516836 ] } },
{ "type": "Feature", "properties": { "内容": "在宅ケアサービス　ソラスト甲子園口【訪問介護】兵庫県西宮市甲子園口4－7－11ロイヤルハイツ甲子園口102号", "url": "https://www.kaigokensaku.mhlw.go.jp/28/index.php?action_kouhyou_detail_004_kani=true&JigyosyoCd=2870901671-00&ServiceCd=110&Type=search", "url2": "https://solasto-kaigo.com/care/area/solastokoushienguchi.html" }, "geometry": { "type": "Point", "coordinates": [ 135.370843312936387, 34.737441926090284 ] } },
{ "type": "Feature", "properties": { "内容": "有限会社　ファミリーサポート【訪問介護】兵庫県西宮市名塩山荘6-23", "url": "https://www.kaigokensaku.mhlw.go.jp/28/index.php?action_kouhyou_detail_004_kani=true&JigyosyoCd=2870901994-00&ServiceCd=110&Type=search", "url2": null }, "geometry": { "type": "Point", "coordinates": [ 135.290256099999965, 34.827751800000016 ] } },
{ "type": "Feature", "properties": { "内容": "ラポール訪問介護事業所【訪問介護】西宮市石在町１１番１１－102号", "url": "https://www.kaigokensaku.mhlw.go.jp/28/index.php?action_kouhyou_detail_004_kani=true&JigyosyoCd=2870902109-00&ServiceCd=110&Type=search", "url2": null }, "geometry": { "type": "Point", "coordinates": [ 135.3425866, 34.7292555 ] } },
{ "type": "Feature", "properties": { "内容": "ニチイケアセンター甲子園南【訪問介護】兵庫県西宮市鳴尾町４－１２－３１カーサイクマタ102", "url": "https://www.kaigokensaku.mhlw.go.jp/28/index.php?action_kouhyou_detail_004_kani=true&JigyosyoCd=2870902372-00&ServiceCd=110&Type=search", "url2": "http://www.nichiigakkann.co.jp" }, "geometry": { "type": "Point", "coordinates": [ 135.3673202, 34.7162674 ] } },
{ "type": "Feature", "properties": { "内容": "ケアチーム　サフラン【訪問介護】兵庫県西宮市高松町17-2-1F", "url": "https://www.kaigokensaku.mhlw.go.jp/28/index.php?action_kouhyou_detail_004_kani=true&JigyosyoCd=2870902521-00&ServiceCd=110&Type=search", "url2": "http://careteamsaffron.com/" }, "geometry": { "type": "Point", "coordinates": [ 135.360026699999906, 34.745732 ] } },
{ "type": "Feature", "properties": { "内容": "有限会社　介護センターひなた【訪問介護】兵庫県西宮市津門大箇町6-19", "url": "https://www.kaigokensaku.mhlw.go.jp/28/index.php?action_kouhyou_detail_004_kani=true&JigyosyoCd=2870902703-00&ServiceCd=110&Type=search", "url2": "http://www.cc-hinata.sakura.ne.jp/" }, "geometry": { "type": "Point", "coordinates": [ 135.355943923370319, 34.73439196440269 ] } },
{ "type": "Feature", "properties": { "内容": "SOMPOケア甲東園訪問介護【訪問介護】兵庫県西宮市段上町8-8-27", "url": "https://www.kaigokensaku.mhlw.go.jp/28/index.php?action_kouhyou_detail_004_kani=true&JigyosyoCd=2870903818-00&ServiceCd=110&Type=search", "url2": "https://www.sompocare.com/service/home/satsuki/H000318" }, "geometry": { "type": "Point", "coordinates": [ 135.3663464, 34.7662256 ] } },
{ "type": "Feature", "properties": { "内容": "やすらぎ西宮【訪問介護】柳本町1－19－202ハイツヨシダ202", "url": "https://www.kaigokensaku.mhlw.go.jp/28/index.php?action_kouhyou_detail_004_kani=true&JigyosyoCd=2870903925-00&ServiceCd=110&Type=search", "url2": "http://www.new-tomorrow.jp/" }, "geometry": { "type": "Point", "coordinates": [ 135.342191899999989, 34.7478454 ] } },
{ "type": "Feature", "properties": { "内容": "マザーケアヘルパーステーション門戸【訪問介護】兵庫県西宮市下大市西町１-２２ハイツヤマトⅢ１０３号", "url": "https://www.kaigokensaku.mhlw.go.jp/28/index.php?action_kouhyou_detail_004_kani=true&JigyosyoCd=2870904055-00&ServiceCd=110&Type=search", "url2": "150mondohs@nunokame.com" }, "geometry": { "type": "Point", "coordinates": [ 135.359568299999978, 34.759897100000025 ] } },
{ "type": "Feature", "properties": { "内容": "マーサンヘルパーステーション【訪問介護】浜松原町1番28号", "url": "https://www.kaigokensaku.mhlw.go.jp/28/index.php?action_kouhyou_detail_004_kani=true&JigyosyoCd=2870904105-00&ServiceCd=110&Type=search", "url2": "http://marsun.jp" }, "geometry": { "type": "Point", "coordinates": [ 135.345577028280701, 34.728851350807993 ] } },
{ "type": "Feature", "properties": { "内容": "SOMPOケア武庫川訪問介護【訪問介護】西宮市笠屋町１７－３３", "url": "https://www.kaigokensaku.mhlw.go.jp/28/index.php?action_kouhyou_detail_004_kani=true&JigyosyoCd=2870904139-00&ServiceCd=110&Type=search", "url2": "https://www.sompocare.com" }, "geometry": { "type": "Point", "coordinates": [ 135.3751876, 34.7133571 ] } },
{ "type": "Feature", "properties": { "内容": "有限会社オレンジ介護サービス　オレンジ在宅ケア西宮【訪問介護】兵庫県西宮市津田町2-34", "url": "https://www.kaigokensaku.mhlw.go.jp/28/index.php?action_kouhyou_detail_004_kani=true&JigyosyoCd=2870904816-00&ServiceCd=110&Type=search", "url2": null }, "geometry": { "type": "Point", "coordinates": [ 135.345514799999989, 34.7398867 ] } },
{ "type": "Feature", "properties": { "内容": "ウェーブライフ西宮【訪問介護】兵庫県西宮市染殿町6-12西宮ハイム104", "url": "https://www.kaigokensaku.mhlw.go.jp/28/index.php?action_kouhyou_detail_004_kani=true&JigyosyoCd=2870905276-00&ServiceCd=110&Type=search", "url2": "http://www.wave-life.net" }, "geometry": { "type": "Point", "coordinates": [ 135.346244500000012, 34.7346774 ] } },
{ "type": "Feature", "properties": { "内容": "サポートセンターささえる【訪問介護】兵庫県西宮市名塩さくら台１丁目２０番地２", "url": "https://www.kaigokensaku.mhlw.go.jp/28/index.php?action_kouhyou_detail_004_kani=true&JigyosyoCd=2870906118-00&ServiceCd=110&Type=search", "url2": null }, "geometry": { "type": "Point", "coordinates": [ 135.281225899999981, 34.8366757 ] } },
{ "type": "Feature", "properties": { "内容": "ロジケアにしのみや【訪問介護】兵庫県西宮市和上町8-17ノエル西宮駅前1階", "url": "https://www.kaigokensaku.mhlw.go.jp/28/index.php?action_kouhyou_detail_004_kani=true&JigyosyoCd=2870907629-00&ServiceCd=110&Type=search", "url2": "http://logicare.co.jp/" }, "geometry": { "type": "Point", "coordinates": [ 135.336717796302366, 34.737888465290389 ] } },
{ "type": "Feature", "properties": { "内容": "スマートケアサービス【訪問介護】松風町1-3", "url": "https://www.kaigokensaku.mhlw.go.jp/28/index.php?action_kouhyou_detail_004_kani=true&JigyosyoCd=2870907801-00&ServiceCd=110&Type=search", "url2": "http://hp.kaipoke.biz/xnc/116956/base_0001.html" }, "geometry": { "type": "Point", "coordinates": [ 140.73280950000003, 41.76976350000001 ] } },
{ "type": "Feature", "properties": { "内容": "あじさいのもり西宮【訪問介護】兵庫県西宮市甲子園口6丁目11－20　1F", "url": "https://www.kaigokensaku.mhlw.go.jp/28/index.php?action_kouhyou_detail_004_kani=true&JigyosyoCd=2870908171-00&ServiceCd=110&Type=search", "url2": "https://www.elderly.jp/base/index.php?id=56" }, "geometry": { "type": "Point", "coordinates": [ 135.3660993, 34.736345 ] } },
{ "type": "Feature", "properties": { "内容": "シニアスタイル西宮北口ヘルパーステーション【訪問介護】兵庫県西宮市大屋町14-15", "url": "https://www.kaigokensaku.mhlw.go.jp/28/index.php?action_kouhyou_detail_004_kani=true&JigyosyoCd=2870908221-00&ServiceCd=110&Type=search", "url2": "https://senior-style.co.jp/homecare/" }, "geometry": { "type": "Point", "coordinates": [ 135.364677315832438, 34.744162332365569 ] } },
{ "type": "Feature", "properties": { "内容": "ニチイケアセンターこうとうえん【訪問介護】兵庫県西宮市松籟荘5-20グリーンビル204号室", "url": "https://www.kaigokensaku.mhlw.go.jp/28/index.php?action_kouhyou_detail_004_kani=true&JigyosyoCd=2870908312-00&ServiceCd=110&Type=search", "url2": "https://www.nichiigakkan.co.jp" }, "geometry": { "type": "Point", "coordinates": [ 135.3592002, 34.764906 ] } },
{ "type": "Feature", "properties": { "内容": "ニチイケアセンターむこがわ【訪問介護】兵庫県西宮市小松町2丁目6--15小松町ハイツ1階東側", "url": "https://www.kaigokensaku.mhlw.go.jp/28/index.php?action_kouhyou_detail_004_kani=true&JigyosyoCd=2870908320-00&ServiceCd=110&Type=search", "url2": "https://www.nichiigakkan.co.jp/" }, "geometry": { "type": "Point", "coordinates": [ 135.378162, 34.722034 ] } },
{ "type": "Feature", "properties": { "内容": "ホームヘルプ神港園レインボー西宮【訪問介護】兵庫県西宮市久保町7-35神港園レインボー酒蔵通", "url": "https://www.kaigokensaku.mhlw.go.jp/28/index.php?action_kouhyou_detail_004_kani=true&JigyosyoCd=2870908403-00&ServiceCd=110&Type=search", "url2": null }, "geometry": { "type": "Point", "coordinates": [ 135.340229769450417, 34.730481617398524 ] } },
{ "type": "Feature", "properties": { "内容": "ケアセンターあい【訪問介護】兵庫県西宮市下大市東町16番24号英雅堂ビル1階", "url": "https://www.kaigokensaku.mhlw.go.jp/28/index.php?action_kouhyou_detail_004_kani=true&JigyosyoCd=2870908940-00&ServiceCd=110&Type=search", "url2": null }, "geometry": { "type": "Point", "coordinates": [ 135.361849499999977, 34.758847600000038 ] } },
{ "type": "Feature", "properties": { "内容": "訪問介護ステーション鳴尾【訪問介護】兵庫県西宮市鳴尾町１丁目２１番７号マンション宮本５０３号", "url": "https://www.kaigokensaku.mhlw.go.jp/28/index.php?action_kouhyou_detail_004_kani=true&JigyosyoCd=2870909302-00&ServiceCd=110&Type=search", "url2": null }, "geometry": { "type": "Point", "coordinates": [ 135.3734561, 34.7159059 ] } },
{ "type": "Feature", "properties": { "内容": "キャットウォーク【訪問介護】兵庫県西宮市上田西町２－３６ユニテソリステ鳴尾４０５", "url": "https://www.kaigokensaku.mhlw.go.jp/28/index.php?action_kouhyou_detail_004_kani=true&JigyosyoCd=2870909658-00&ServiceCd=110&Type=search", "url2": null }, "geometry": { "type": "Point", "coordinates": [ 135.3712724, 34.7123401 ] } },
{ "type": "Feature", "properties": { "内容": "ライフ・門戸厄神訪問介護事業所【訪問介護】西宮市樋ノ口町２丁目１番２１号２０２号", "url": "https://www.kaigokensaku.mhlw.go.jp/28/index.php?action_kouhyou_detail_004_kani=true&JigyosyoCd=2870909948-00&ServiceCd=110&Type=search", "url2": null }, "geometry": { "type": "Point", "coordinates": [ 135.368294100000043, 34.7607783 ] } },
{ "type": "Feature", "properties": { "内容": "羽衣訪問介護センターいちご【訪問介護】兵庫県西宮市津門稲荷町10-22", "url": "https://www.kaigokensaku.mhlw.go.jp/28/index.php?action_kouhyou_detail_004_kani=true&JigyosyoCd=2870910169-00&ServiceCd=110&Type=search", "url2": "https://baby-leaf.co.jp/" }, "geometry": { "type": "Point", "coordinates": [ 135.352605399999987, 34.7360261 ] } },
{ "type": "Feature", "properties": { "内容": "永田整形外科　介護支援センター【訪問介護】西宮市甲子園九番町3-2", "url": "https://www.kaigokensaku.mhlw.go.jp/28/index.php?action_kouhyou_detail_004_kani=true&JigyosyoCd=2870901036-00&ServiceCd=110&Type=search", "url2": null }, "geometry": { "type": "Point", "coordinates": [ 135.360991835372715, 34.717012882797604 ] } },
{ "type": "Feature", "properties": { "内容": "ヘルパーステーション紫苑【訪問介護】兵庫県西宮市分銅町2番26号アペックスヒルズ西宮1F", "url": "https://www.kaigokensaku.mhlw.go.jp/28/index.php?action_kouhyou_detail_004_kani=true&JigyosyoCd=2870904006-00&ServiceCd=110&Type=search", "url2": "https://ai-homecare.co.jp/company" }, "geometry": { "type": "Point", "coordinates": [ 135.3389733, 34.7421893 ] } },
{ "type": "Feature", "properties": { "内容": "訪問介護れんげ【訪問介護】笠屋町２１－１７", "url": "https://www.kaigokensaku.mhlw.go.jp/28/index.php?action_kouhyou_detail_004_kani=true&JigyosyoCd=2870905292-00&ServiceCd=110&Type=search", "url2": "http://hp.kaipoke.biz/ffh/" }, "geometry": { "type": "Point", "coordinates": [ 135.373923940971451, 34.712864234562552 ] } },
{ "type": "Feature", "properties": { "内容": "ケアサポートぬくもり【訪問介護】兵庫県西宮市上田中町17-24アメニティ武庫川308号", "url": "https://www.kaigokensaku.mhlw.go.jp/28/index.php?action_kouhyou_detail_004_kani=true&JigyosyoCd=2870908254-00&ServiceCd=110&Type=search", "url2": "http://kooshin.co.jp/company/" }, "geometry": { "type": "Point", "coordinates": [ 135.372314100000011, 34.7071293 ] } },
{ "type": "Feature", "properties": { "内容": "特別養護老人ホーム　名塩さくら苑【訪問介護】兵庫県西宮市名塩さくら台２－４４", "url": "https://www.kaigokensaku.mhlw.go.jp/28/index.php?action_kouhyou_detail_004_kani=true&JigyosyoCd=2870900681-00&ServiceCd=110&Type=search", "url2": "http://care-net.biz/28/jininkai/" }, "geometry": { "type": "Point", "coordinates": [ 135.278848299999936, 34.8356785 ] } },
{ "type": "Feature", "properties": { "内容": "グランダ門戸厄神ケアスーション【訪問介護】西宮市林田町10-10", "url": "https://www.kaigokensaku.mhlw.go.jp/28/index.php?action_kouhyou_detail_004_kani=true&JigyosyoCd=2870906191-00&ServiceCd=110&Type=search", "url2": "http://www.benesse-style-care.co.jp" }, "geometry": { "type": "Point", "coordinates": [ 135.362218100000064, 34.7586667 ] } },
{ "type": "Feature", "properties": { "内容": "オアシス西宮ヘルパーステーション【訪問介護】兵庫県西宮市江上町8-21", "url": "https://www.kaigokensaku.mhlw.go.jp/28/index.php?action_kouhyou_detail_004_kani=true&JigyosyoCd=2870907462-00&ServiceCd=110&Type=search", "url2": "https://ja-oasis.com/pages/155/" }, "geometry": { "type": "Point", "coordinates": [ 135.3399824, 34.7411485 ] } },
{ "type": "Feature", "properties": { "内容": "社会福祉法人　関西中央福祉会　有馬ホームヘルプサービス事業　だんけ【訪問介護】兵庫県西宮市山口町上山口2266-27ケアハウス　有馬ホロンの苑　1階事務所", "url": "https://www.kaigokensaku.mhlw.go.jp/28/index.php?action_kouhyou_detail_004_kani=true&JigyosyoCd=2870909138-00&ServiceCd=110&Type=search", "url2": null }, "geometry": { "type": "Point", "coordinates": [ 135.242297900000011, 34.8062993 ] } },
{ "type": "Feature", "properties": { "内容": "グランダ甲子園弐番館ケアステーション【訪問介護】兵庫県西宮市甲子園浜田町3-1", "url": "https://www.kaigokensaku.mhlw.go.jp/28/index.php?action_kouhyou_detail_004_kani=true&JigyosyoCd=2870906415-00&ServiceCd=110&Type=search", "url2": "http://www.benesse-style-care.co.jp" }, "geometry": { "type": "Point", "coordinates": [ 135.359113100000059, 34.7285975 ] } },
{ "type": "Feature", "properties": { "内容": "ドリームステーション【訪問介護】兵庫県西宮市甲東園2丁目７－１６", "url": "https://www.kaigokensaku.mhlw.go.jp/28/index.php?action_kouhyou_detail_004_kani=true&JigyosyoCd=2870907256-00&ServiceCd=110&Type=search", "url2": "dori-musute-syonn" }, "geometry": { "type": "Point", "coordinates": [ 135.36276739999991, 34.7700868 ] } },
{ "type": "Feature", "properties": { "内容": "あしたばケアサポート【訪問介護】兵庫県西宮市山口町下山口5丁目1番11号ＤＡＩＢＵＮＴＥＮＰＯ201号", "url": "https://www.kaigokensaku.mhlw.go.jp/28/index.php?action_kouhyou_detail_004_kani=true&JigyosyoCd=2870905771-00&ServiceCd=110&Type=search", "url2": null }, "geometry": { "type": "Point", "coordinates": [ 135.2413709, 34.8285373 ] } },
{ "type": "Feature", "properties": { "内容": "ケアステーション　やすらぎの森【訪問介護】兵庫県西宮市里中町３丁目１－１２－１０４", "url": "https://www.kaigokensaku.mhlw.go.jp/28/index.php?action_kouhyou_detail_004_kani=true&JigyosyoCd=2870905763-00&ServiceCd=110&Type=search", "url2": null }, "geometry": { "type": "Point", "coordinates": [ 135.37193475686945, 34.722376150308619 ] } },
{ "type": "Feature", "properties": { "内容": "笑來荘【訪問介護】兵庫県西宮市甲子園口２丁目１－２４沙羅館２０４号", "url": "https://www.kaigokensaku.mhlw.go.jp/28/index.php?action_kouhyou_detail_004_kani=true&JigyosyoCd=2870903453-00&ServiceCd=110&Type=search", "url2": "http://www.lihe-smile.jp" }, "geometry": { "type": "Point", "coordinates": [ 135.374373099999957, 34.7368997 ] } },
{ "type": "Feature", "properties": { "内容": "シオン訪問介護事業所【訪問介護】西宮市津門稲荷町5-10フレクサンス北今津403号", "url": "https://www.kaigokensaku.mhlw.go.jp/28/index.php?action_kouhyou_detail_004_kani=true&JigyosyoCd=2870903800-00&ServiceCd=110&Type=search", "url2": null }, "geometry": { "type": "Point", "coordinates": [ 135.352340700000013, 34.7368844 ] } },
{ "type": "Feature", "properties": { "内容": "エレガーノ西宮　訪問介護事業所【訪問介護】兵庫県西宮市津門大塚町11-58エレガーノ西宮", "url": "https://www.kaigokensaku.mhlw.go.jp/28/index.php?action_kouhyou_detail_004_kani=true&JigyosyoCd=2870908593-00&ServiceCd=110&Type=search", "url2": "https://www.s-carelife.co.jp/home/nishinomiya/index.html" }, "geometry": { "type": "Point", "coordinates": [ 135.3572414, 34.7379652 ] } },
{ "type": "Feature", "properties": { "内容": "ラズウエルケア【訪問介護】兵庫県西宮市甲子園口3丁目21-15御代開19　206号", "url": "https://www.kaigokensaku.mhlw.go.jp/28/index.php?action_kouhyou_detail_004_kani=true&JigyosyoCd=2870902414-00&ServiceCd=110&Type=search", "url2": null }, "geometry": { "type": "Point", "coordinates": [ 135.373599399999989, 34.736093 ] } },
{ "type": "Feature", "properties": { "内容": "ゆったりずむ輪【訪問介護】兵庫県西宮市山口町名来1丁目26番5号", "url": "https://www.kaigokensaku.mhlw.go.jp/28/index.php?action_kouhyou_detail_004_kani=true&JigyosyoCd=2870909997-00&ServiceCd=110&Type=search", "url2": null }, "geometry": { "type": "Point", "coordinates": [ 135.235529899999989, 34.8458838 ] } },
{ "type": "Feature", "properties": { "内容": "介護ステーションすずらん株式会社【訪問介護】西宮市高松町7-26コーディアルコート前宏１F", "url": "https://www.kaigokensaku.mhlw.go.jp/28/index.php?action_kouhyou_detail_004_kani=true&JigyosyoCd=2870903248-00&ServiceCd=110&Type=search", "url2": "http//www.suzuran-group.net" }, "geometry": { "type": "Point", "coordinates": [ 135.357188, 34.7430796 ] } },
{ "type": "Feature", "properties": { "内容": "フォーワンズ【訪問介護】兵庫県西宮市今津曙町9-4", "url": "https://www.kaigokensaku.mhlw.go.jp/28/index.php?action_kouhyou_detail_004_kani=true&JigyosyoCd=2870907967-00&ServiceCd=110&Type=search", "url2": "https://bccweb.bai.ne.jp/forones/index.html" }, "geometry": { "type": "Point", "coordinates": [ 135.353598799999986, 34.7244106 ] } },
{ "type": "Feature", "properties": { "内容": "ふうわり介護センター【訪問介護】西宮市伏原町２番８号", "url": "https://www.kaigokensaku.mhlw.go.jp/28/index.php?action_kouhyou_detail_004_kani=true&JigyosyoCd=2870902505-00&ServiceCd=110&Type=search", "url2": null }, "geometry": { "type": "Point", "coordinates": [ 135.358599, 34.7530145 ] } },
{ "type": "Feature", "properties": { "内容": "訪問介護　りんく【訪問介護】兵庫県西宮市今津水波町7番2号", "url": "https://www.kaigokensaku.mhlw.go.jp/28/index.php?action_kouhyou_detail_004_kani=true&JigyosyoCd=2870908981-00&ServiceCd=110&Type=search", "url2": "shinei-link.jp" }, "geometry": { "type": "Point", "coordinates": [ 135.353023909739989, 34.729746704097778 ] } },
{ "type": "Feature", "properties": { "内容": "あおぞら介護サービス【訪問介護】兵庫県西宮市今在家町２丁目１８アーバンスクエア３０１", "url": "https://www.kaigokensaku.mhlw.go.jp/28/index.php?action_kouhyou_detail_004_kani=true&JigyosyoCd=2870903206-00&ServiceCd=110&Type=search", "url2": "http://www.aozora-kaigo.jp/" }, "geometry": { "type": "Point", "coordinates": [ 135.338396987980047, 34.735910177699459 ] } },
{ "type": "Feature", "properties": { "内容": "おりおんケア【訪問介護】津門川町2-12", "url": "https://www.kaigokensaku.mhlw.go.jp/28/index.php?action_kouhyou_detail_004_kani=true&JigyosyoCd=2870904238-00&ServiceCd=110&Type=search", "url2": "https://npopegasus.com/" }, "geometry": { "type": "Point", "coordinates": [ 135.347101875465171, 34.733883375894166 ] } },
{ "type": "Feature", "properties": { "内容": "介護サポートつばさ【訪問介護】兵庫県西宮市今津曙町11-16", "url": "https://www.kaigokensaku.mhlw.go.jp/28/index.php?action_kouhyou_detail_004_kani=true&JigyosyoCd=2870909211-00&ServiceCd=110&Type=search", "url2": "http://allace-llc.com/" }, "geometry": { "type": "Point", "coordinates": [ 135.35755180000001, 34.7285729 ] } },
{ "type": "Feature", "properties": { "内容": "ヘルパーステーション　十人十色　西宮【訪問介護】城ヶ堀町3-17ファインキャッスル城ヶ堀　1階", "url": "https://www.kaigokensaku.mhlw.go.jp/28/index.php?action_kouhyou_detail_004_kani=true&JigyosyoCd=2870909880-00&ServiceCd=110&Type=search", "url2": "https://toiro.care/" }, "geometry": { "type": "Point", "coordinates": [ 135.3394228, 34.742302 ] } },
{ "type": "Feature", "properties": { "内容": "アイダーケア【訪問介護】兵庫県西宮市津門宝津町9-7", "url": "https://www.kaigokensaku.mhlw.go.jp/28/index.php?action_kouhyou_detail_004_kani=true&JigyosyoCd=2870910219-00&ServiceCd=110&Type=search", "url2": null }, "geometry": { "type": "Point", "coordinates": [ 135.3501846, 34.732282 ] } },
{ "type": "Feature", "properties": { "内容": "訪問介護バンビ【訪問介護】兵庫県西宮市甲子園口３丁目15番14号", "url": "https://www.kaigokensaku.mhlw.go.jp/28/index.php?action_kouhyou_detail_004_kani=true&JigyosyoCd=2870909583-00&ServiceCd=110&Type=search", "url2": null }, "geometry": { "type": "Point", "coordinates": [ 135.37381640000001, 34.736765200000029 ] } },
{ "type": "Feature", "properties": { "内容": "訪問介護　一休西宮【訪問介護】兵庫県西宮市獅子ケ口町5-18ルミエール北夙川A棟　202号室Ⅰ", "url": "https://www.kaigokensaku.mhlw.go.jp/28/index.php?action_kouhyou_detail_004_kani=true&JigyosyoCd=2870909500-00&ServiceCd=110&Type=search", "url2": null }, "geometry": { "type": "Point", "coordinates": [ 135.327562817791005, 34.757274292730727 ] } },
{ "type": "Feature", "properties": { "内容": "アドーレホームケア【訪問介護】兵庫県西宮市川東町3番23号101号室", "url": "https://www.kaigokensaku.mhlw.go.jp/28/index.php?action_kouhyou_detail_004_kani=true&JigyosyoCd=2870910581-00&ServiceCd=110&Type=search", "url2": "https://adore-homecare.estadore.jp/" }, "geometry": { "type": "Point", "coordinates": [ 135.331329920338305, 34.732089289143531 ] } },
{ "type": "Feature", "properties": { "内容": "特定非営利活動法人メインストリーム協会【訪問介護】兵庫県西宮市西福町9-3", "url": "https://www.kaigokensaku.mhlw.go.jp/28/index.php?action_kouhyou_detail_004_kani=true&JigyosyoCd=2870909807-00&ServiceCd=110&Type=search", "url2": "https://www.cilmsa.com/" }, "geometry": { "type": "Point", "coordinates": [ 135.3488505, 34.7408092 ] } },
{ "type": "Feature", "properties": { "内容": "虹　訪問介護ステーション【訪問介護】宇原42番地2", "url": "https://www.kaigokensaku.mhlw.go.jp/28/index.php?action_kouhyou_detail_004_kani=true&JigyosyoCd=2871501264-00&ServiceCd=110&Type=search", "url2": null }, "geometry": { "type": "Point", "coordinates": [ 134.8595755, 34.3290368 ] } },
{ "type": "Feature", "properties": { "内容": "ヘルパーステーション　いちごの家・上物部【訪問介護】兵庫県洲本市上物部951番地1", "url": "https://www.kaigokensaku.mhlw.go.jp/28/index.php?action_kouhyou_detail_004_kani=true&JigyosyoCd=2871500936-00&ServiceCd=110&Type=search", "url2": "http://www.ichi-fukushikai.or.jp" }, "geometry": { "type": "Point", "coordinates": [ 134.891495299999974, 34.3338604 ] } },
{ "type": "Feature", "properties": { "内容": "ヘルパーステーションいちごの家・楽園すもと【訪問介護】兵庫県洲本市物部１丁目13-26いちごの家・楽園すもと", "url": "https://www.kaigokensaku.mhlw.go.jp/28/index.php?action_kouhyou_detail_004_kani=true&JigyosyoCd=2871501058-00&ServiceCd=110&Type=search", "url2": null }, "geometry": { "type": "Point", "coordinates": [ 134.883896842852778, 34.336167203418114 ] } },
{ "type": "Feature", "properties": { "内容": "高齢者生協ケアステーションひだまり【訪問介護】洲本市五色町都志253", "url": "https://www.kaigokensaku.mhlw.go.jp/28/index.php?action_kouhyou_detail_004_kani=true&JigyosyoCd=2871500829-00&ServiceCd=110&Type=search", "url2": "http://kourei-h.org" }, "geometry": { "type": "Point", "coordinates": [ 134.785006898286355, 34.414674258074029 ] } },
{ "type": "Feature", "properties": { "内容": "洲本居宅サービス事業所ラガール【訪問介護】兵庫県洲本市中川原町安坂988", "url": "https://www.kaigokensaku.mhlw.go.jp/28/index.php?action_kouhyou_detail_004_kani=true&JigyosyoCd=2871500340-00&ServiceCd=110&Type=search", "url2": "http://www.koudoukai.or.jp/sumoto/" }, "geometry": { "type": "Point", "coordinates": [ 134.855847772491387, 34.366044032449246 ] } },
{ "type": "Feature", "properties": { "内容": "コトブキケアサービス【訪問介護】兵庫県洲本市桑間274-1", "url": "https://www.kaigokensaku.mhlw.go.jp/28/index.php?action_kouhyou_detail_004_kani=true&JigyosyoCd=2871501108-00&ServiceCd=110&Type=search", "url2": null }, "geometry": { "type": "Point", "coordinates": [ 134.872249099999976, 34.3450308 ] } },
{ "type": "Feature", "properties": { "内容": "たちばなホームヘルプサービスセンター【訪問介護】兵庫県洲本市由良１丁目６番７号", "url": "https://www.kaigokensaku.mhlw.go.jp/28/index.php?action_kouhyou_detail_004_kani=true&JigyosyoCd=2871500357-00&ServiceCd=110&Type=search", "url2": "http://www.sumoto-tachibana.or.jp/" }, "geometry": { "type": "Point", "coordinates": [ 134.945105300000023, 34.287322 ] } },
{ "type": "Feature", "properties": { "内容": "有限会社いきいき訪問介護事業所【訪問介護】兵庫県洲本市塩屋1丁目１－１７アルチザンスクエア1階", "url": "https://www.kaigokensaku.mhlw.go.jp/28/index.php?action_kouhyou_detail_004_kani=true&JigyosyoCd=2871500381-00&ServiceCd=110&Type=search", "url2": null }, "geometry": { "type": "Point", "coordinates": [ 134.8942015, 34.3456869 ] } },
{ "type": "Feature", "properties": { "内容": "洲本市訪問介護事業所【訪問介護】兵庫県洲本市山手二丁目２番２６号洲本市総合福祉会館内", "url": "https://www.kaigokensaku.mhlw.go.jp/28/index.php?action_kouhyou_detail_004_kani=true&JigyosyoCd=2871500456-00&ServiceCd=110&Type=search", "url2": "http://www.sumoto-wel.or.jp" }, "geometry": { "type": "Point", "coordinates": [ 134.898272300000031, 34.339537700000015 ] } },
{ "type": "Feature", "properties": { "内容": "訪問介護さくら【訪問介護】兵庫県洲本市五色町鳥飼浦1777番地1", "url": "https://www.kaigokensaku.mhlw.go.jp/28/index.php?action_kouhyou_detail_004_kani=true&JigyosyoCd=2871500589-00&ServiceCd=110&Type=search", "url2": "http://sakura-kaigo.jp" }, "geometry": { "type": "Point", "coordinates": [ 134.7576636, 34.3725566 ] } },
{ "type": "Feature", "properties": { "内容": "ホームケアステーションジャック【訪問介護】兵庫県洲本市中川原町三木田331-1", "url": "https://www.kaigokensaku.mhlw.go.jp/28/index.php?action_kouhyou_detail_004_kani=true&JigyosyoCd=2871501272-00&ServiceCd=110&Type=search", "url2": "https://www.jack0300.co.jp" }, "geometry": { "type": "Point", "coordinates": [ 134.8661338, 34.3599751 ] } },
{ "type": "Feature", "properties": { "内容": "有限会社　アワジケアセンター【訪問介護】洲本市桑間274－1", "url": "https://www.kaigokensaku.mhlw.go.jp/28/index.php?action_kouhyou_detail_004_kani=true&JigyosyoCd=2871500142-00&ServiceCd=110&Type=search", "url2": null }, "geometry": { "type": "Point", "coordinates": [ 134.8724019, 34.3450864 ] } },
{ "type": "Feature", "properties": { "内容": "有限会社　豊生ケアサービス【訪問介護】洲本市本町7丁目4番40号", "url": "https://www.kaigokensaku.mhlw.go.jp/28/index.php?action_kouhyou_detail_004_kani=true&JigyosyoCd=2871500241-00&ServiceCd=110&Type=search", "url2": "http://housei-care.com/" }, "geometry": { "type": "Point", "coordinates": [ 134.891886699999986, 34.3421594 ] } },
{ "type": "Feature", "properties": { "内容": "訪問介護ちゃいむ【訪問介護】兵庫県蘆屋市南宮町7-6-304アビタシオンパート2", "url": "https://www.kaigokensaku.mhlw.go.jp/28/index.php?action_kouhyou_detail_004_kani=true&JigyosyoCd=2871001141-00&ServiceCd=110&Type=search", "url2": "https://r.goope.jp/kaigocyaimu/" }, "geometry": { "type": "Point", "coordinates": [ 135.318640106745931, 34.729393732840634 ] } },
{ "type": "Feature", "properties": { "内容": "なでしこケアセンター【訪問介護】芦屋市南宮町４－１４-101エクセレンス芦屋１０１号", "url": "https://www.kaigokensaku.mhlw.go.jp/28/index.php?action_kouhyou_detail_004_kani=true&JigyosyoCd=2871000879-00&ServiceCd=110&Type=search", "url2": null }, "geometry": { "type": "Point", "coordinates": [ 135.319622695523094, 34.731035185663096 ] } },
{ "type": "Feature", "properties": { "内容": "訪問介護ＢＵＬＬ芦屋【訪問介護】兵庫県芦屋市東芦屋町３－６－１０５", "url": "https://www.kaigokensaku.mhlw.go.jp/28/index.php?action_kouhyou_detail_004_kani=true&JigyosyoCd=2871002024-00&ServiceCd=110&Type=search", "url2": null }, "geometry": { "type": "Point", "coordinates": [ 135.3030895, 34.73759 ] } },
{ "type": "Feature", "properties": { "内容": "あしや福介家【訪問介護】兵庫県芦屋市潮見町7-11", "url": "https://www.kaigokensaku.mhlw.go.jp/28/index.php?action_kouhyou_detail_004_kani=true&JigyosyoCd=2871001976-00&ServiceCd=110&Type=search", "url2": null }, "geometry": { "type": "Point", "coordinates": [ 135.309081099999986, 34.7179375 ] } },
{ "type": "Feature", "properties": { "内容": "ケアーコミュニケーションズ　芦屋【訪問介護】兵庫県芦屋市船戸町３－２４－１ＭＴビル202号", "url": "https://www.kaigokensaku.mhlw.go.jp/28/index.php?action_kouhyou_detail_004_kani=true&JigyosyoCd=2871000242-00&ServiceCd=110&Type=search", "url2": null }, "geometry": { "type": "Point", "coordinates": [ 135.305589298780887, 34.734901137751471 ] } },
{ "type": "Feature", "properties": { "内容": "マストケアセンター芦屋【訪問介護】芦屋市宮塚町1-8芦屋宮塚ハイツ504", "url": "https://www.kaigokensaku.mhlw.go.jp/28/index.php?action_kouhyou_detail_004_kani=true&JigyosyoCd=2871000366-00&ServiceCd=110&Type=search", "url2": "https://mastocare.net/" }, "geometry": { "type": "Point", "coordinates": [ 135.309095800000023, 34.732530700000019 ] } },
{ "type": "Feature", "properties": { "内容": "在宅ケアサービス　ソラスト芦屋【訪問介護】兵庫県芦屋市公光町9-7モントルービル202号", "url": "https://www.kaigokensaku.mhlw.go.jp/28/index.php?action_kouhyou_detail_004_kani=true&JigyosyoCd=2871000572-00&ServiceCd=110&Type=search", "url2": "https://solasto-kaigo.com/care/area/post-15.html" }, "geometry": { "type": "Point", "coordinates": [ 135.304302462496224, 34.728747131298142 ] } },
{ "type": "Feature", "properties": { "内容": "株式会社ともケアセンター【訪問介護】芦屋市大原町12－24－101", "url": "https://www.kaigokensaku.mhlw.go.jp/28/index.php?action_kouhyou_detail_004_kani=true&JigyosyoCd=2871000838-00&ServiceCd=110&Type=search", "url2": "http://hp.kaipoke.biz/zwg/" }, "geometry": { "type": "Point", "coordinates": [ 135.308229437321074, 34.736469537971544 ] } },
{ "type": "Feature", "properties": { "内容": "ライフサポートリアン【訪問介護】兵庫県芦屋市打出町5番22メゾン打出201号", "url": "https://www.kaigokensaku.mhlw.go.jp/28/index.php?action_kouhyou_detail_004_kani=true&JigyosyoCd=2871001570-00&ServiceCd=110&Type=search", "url2": "https://lifesupport-lien.wepage.com" }, "geometry": { "type": "Point", "coordinates": [ 135.317026100000021, 34.7319383 ] } },
{ "type": "Feature", "properties": { "内容": "エルホーム芦屋【訪問介護】兵庫県芦屋市浜町１２番３号", "url": "https://www.kaigokensaku.mhlw.go.jp/28/index.php?action_kouhyou_detail_004_kani=true&JigyosyoCd=2871000218-00&ServiceCd=110&Type=search", "url2": "http://ellehome.jp/" }, "geometry": { "type": "Point", "coordinates": [ 135.31668609999997, 34.725960800000017 ] } },
{ "type": "Feature", "properties": { "内容": "ヘルパーステーションあしや【訪問介護】芦屋市浜風町３１－３", "url": "https://www.kaigokensaku.mhlw.go.jp/28/index.php?action_kouhyou_detail_004_kani=true&JigyosyoCd=2871000887-00&ServiceCd=110&Type=search", "url2": "http://meirinfukushi.or.jp/ashiya/" }, "geometry": { "type": "Point", "coordinates": [ 135.321221799999989, 34.7181227 ] } },
{ "type": "Feature", "properties": { "内容": "円訪問介護事業所【訪問介護】兵庫県芦屋市大東町１０番１５号サニーマート２０３", "url": "https://www.kaigokensaku.mhlw.go.jp/28/index.php?action_kouhyou_detail_004_kani=true&JigyosyoCd=2871001539-00&ServiceCd=110&Type=search", "url2": null }, "geometry": { "type": "Point", "coordinates": [ 135.321360599999906, 34.7291217 ] } },
{ "type": "Feature", "properties": { "内容": "すみれケアサポート【訪問介護】兵庫県芦屋市南宮町2-5ロイヤルメゾン芦屋VI-203", "url": "https://www.kaigokensaku.mhlw.go.jp/28/index.php?action_kouhyou_detail_004_kani=true&JigyosyoCd=2871001711-00&ServiceCd=110&Type=search", "url2": "http://sumirecaresupport.jp/" }, "geometry": { "type": "Point", "coordinates": [ 135.297187600000029, 34.7348032 ] } },
{ "type": "Feature", "properties": { "内容": "桜十字訪問介護ステーション芦屋【訪問介護】松ノ内町7-3メゾン美貴301", "url": "https://www.kaigokensaku.mhlw.go.jp/28/index.php?action_kouhyou_detail_004_kani=true&JigyosyoCd=2871001745-00&ServiceCd=110&Type=search", "url2": "https://www.sakurajyuji.jp/" }, "geometry": { "type": "Point", "coordinates": [ 134.0518926, 34.3463251 ] } },
{ "type": "Feature", "properties": { "内容": "グランダ芦屋ケアステーション【訪問介護】兵庫県芦屋市上宮川町1番14号", "url": "https://www.kaigokensaku.mhlw.go.jp/28/index.php?action_kouhyou_detail_004_kani=true&JigyosyoCd=2871001760-00&ServiceCd=110&Type=search", "url2": "http://www.benesse-style-care.co.jp/" }, "geometry": { "type": "Point", "coordinates": [ 135.3083925, 34.7333272 ] } },
{ "type": "Feature", "properties": { "内容": "芦屋ハートフル訪問介護事業所【訪問介護】兵庫県芦屋市精道町８－２０芦屋市分庁舎３階", "url": "https://www.kaigokensaku.mhlw.go.jp/28/index.php?action_kouhyou_detail_004_kani=true&JigyosyoCd=2871001786-00&ServiceCd=110&Type=search", "url2": "https://ashiya-shakyo.com/" }, "geometry": { "type": "Point", "coordinates": [ 135.30472805211491, 34.726415851894984 ] } },
{ "type": "Feature", "properties": { "内容": "ケア21芦屋【訪問介護】兵庫県芦屋市業平町8-14芦屋川アーバンライフ1階105号室", "url": "https://www.kaigokensaku.mhlw.go.jp/28/index.php?action_kouhyou_detail_004_kani=true&JigyosyoCd=2871002008-00&ServiceCd=110&Type=search", "url2": null }, "geometry": { "type": "Point", "coordinates": [ 135.3034595, 34.7319611 ] } },
{ "type": "Feature", "properties": { "内容": "地域福祉センター「ハーブあしや」【訪問介護】兵庫県芦屋市潮見町31番1号", "url": "https://www.kaigokensaku.mhlw.go.jp/28/index.php?action_kouhyou_detail_004_kani=true&JigyosyoCd=2871000127-00&ServiceCd=110&Type=search", "url2": "http://wwwkirakuen.or.jp" }, "geometry": { "type": "Point", "coordinates": [ 135.306190099999981, 34.7161867 ] } },
{ "type": "Feature", "properties": { "内容": "ニチイケアセンター芦屋【訪問介護】兵庫県芦屋市大原町12-16サンライズ芦屋102", "url": "https://www.kaigokensaku.mhlw.go.jp/28/index.php?action_kouhyou_detail_004_kani=true&JigyosyoCd=2871000135-00&ServiceCd=110&Type=search", "url2": "http//www.nichiigakkan.co.jp" }, "geometry": { "type": "Point", "coordinates": [ 135.3085145, 34.7371487 ] } },
{ "type": "Feature", "properties": { "内容": "あしや聖徳園ホームヘルパーステーション【訪問介護】芦屋市朝日ヶ丘町6番9号", "url": "https://www.kaigokensaku.mhlw.go.jp/28/index.php?action_kouhyou_detail_004_kani=true&JigyosyoCd=2871000143-00&ServiceCd=110&Type=search", "url2": "http://www.shotokuen.or.jp/" }, "geometry": { "type": "Point", "coordinates": [ 135.306548557478095, 34.74353410234616 ] } },
{ "type": "Feature", "properties": { "内容": "訪問介護ステーションレモン【訪問介護】兵庫県芦屋市茶屋之町１２番１４号メインステージ芦屋茶屋之町１０２号室", "url": "https://www.kaigokensaku.mhlw.go.jp/28/index.php?action_kouhyou_detail_004_kani=true&JigyosyoCd=2871000853-00&ServiceCd=110&Type=search", "url2": null }, "geometry": { "type": "Point", "coordinates": [ 135.309168760327083, 34.729852834933595 ] } },
{ "type": "Feature", "properties": { "内容": "ロジケアあしや【訪問介護】兵庫県芦屋市大原町4-10", "url": "https://www.kaigokensaku.mhlw.go.jp/28/index.php?action_kouhyou_detail_004_kani=true&JigyosyoCd=2871000861-00&ServiceCd=110&Type=search", "url2": "http://logicare.co.jp" }, "geometry": { "type": "Point", "coordinates": [ 135.310188134346049, 34.735882407206418 ] } },
{ "type": "Feature", "properties": { "内容": "シティインデックスホスピタリティ芦屋訪問介護事業所【訪問介護】芦屋市海洋町12番3号", "url": "https://www.kaigokensaku.mhlw.go.jp/28/index.php?action_kouhyou_detail_004_kani=true&JigyosyoCd=2871001083-00&ServiceCd=110&Type=search", "url2": null }, "geometry": { "type": "Point", "coordinates": [ 135.321541199999956, 34.713603599999985 ] } },
{ "type": "Feature", "properties": { "内容": "まごころヘルパーステーション【訪問介護】兵庫県芦屋市陽光町４－５８シニアライフパレス潮芦屋", "url": "https://www.kaigokensaku.mhlw.go.jp/28/index.php?action_kouhyou_detail_004_kani=true&JigyosyoCd=2871001273-00&ServiceCd=110&Type=search", "url2": "http://medicare-planning.jp/seniorlifepalace/index.php" }, "geometry": { "type": "Point", "coordinates": [ 135.314816113877896, 34.713719891905441 ] } },
{ "type": "Feature", "properties": { "内容": "ルソナ訪問介護事業所【訪問介護】兵庫県芦屋市宮川町１－１８", "url": "https://www.kaigokensaku.mhlw.go.jp/28/index.php?action_kouhyou_detail_004_kani=true&JigyosyoCd=2871001554-00&ServiceCd=110&Type=search", "url2": "https://rusona.jp" }, "geometry": { "type": "Point", "coordinates": [ 135.310045086924703, 34.729076870382897 ] } },
{ "type": "Feature", "properties": { "内容": "ニチイケアセンターうちでのこづち【訪問介護】打出小槌町4-6打出小槌館101号", "url": "https://www.kaigokensaku.mhlw.go.jp/28/index.php?action_kouhyou_detail_004_kani=true&JigyosyoCd=2871001828-00&ServiceCd=110&Type=search", "url2": "http://www.nichiigakkan.co.jp" }, "geometry": { "type": "Point", "coordinates": [ 135.312834779762511, 34.732217733717043 ] } },
{ "type": "Feature", "properties": { "内容": "介護サービスフォーユー【訪問介護】兵庫県芦屋市打出小槌町8番15号打出小槌ビル1階西", "url": "https://www.kaigokensaku.mhlw.go.jp/28/index.php?action_kouhyou_detail_004_kani=true&JigyosyoCd=2871001869-00&ServiceCd=110&Type=search", "url2": "http://www.kaigo-foryou.co.jp" }, "geometry": { "type": "Point", "coordinates": [ 135.3133071, 34.731512708644146 ] } },
{ "type": "Feature", "properties": { "内容": "ニコニコ介護【訪問介護】兵庫県芦屋市上宮川町５－２", "url": "https://www.kaigokensaku.mhlw.go.jp/28/index.php?action_kouhyou_detail_004_kani=true&JigyosyoCd=2871000291-00&ServiceCd=110&Type=search", "url2": null }, "geometry": { "type": "Point", "coordinates": [ 135.308934, 34.7341379 ] } },
{ "type": "Feature", "properties": { "内容": "芙蓉合同会社【訪問介護】芦屋市朝日ヶ丘町37-24", "url": "https://www.kaigokensaku.mhlw.go.jp/28/index.php?action_kouhyou_detail_004_kani=true&JigyosyoCd=2871000770-00&ServiceCd=110&Type=search", "url2": null }, "geometry": { "type": "Point", "coordinates": [ 135.306103300000018, 34.7485447 ] } },
{ "type": "Feature", "properties": { "内容": "メイプル【訪問介護】芦屋市春日町１7－１2１階", "url": "https://www.kaigokensaku.mhlw.go.jp/28/index.php?action_kouhyou_detail_004_kani=true&JigyosyoCd=2871001133-00&ServiceCd=110&Type=search", "url2": "http://www.comcare.co.jp" }, "geometry": { "type": "Point", "coordinates": [ 135.319420248243887, 34.733031051541118 ] } },
{ "type": "Feature", "properties": { "内容": "訪問介護ステーション　こすもす【訪問介護】兵庫県伊丹市森本６丁目１２３葵荘１０４葵荘１０４", "url": "https://www.kaigokensaku.mhlw.go.jp/28/index.php?action_kouhyou_detail_004_kani=true&JigyosyoCd=2873303347-00&ServiceCd=110&Type=search", "url2": "https://cosmos-houmonkaigo.com" }, "geometry": { "type": "Point", "coordinates": [ 135.432172499999979, 34.7760798 ] } },
{ "type": "Feature", "properties": { "内容": "ケアステーションヒューマン【訪問介護】兵庫県伊丹市北伊丹8-10-6₋637", "url": "https://www.kaigokensaku.mhlw.go.jp/28/index.php?action_kouhyou_detail_004_kani=true&JigyosyoCd=2873303255-00&ServiceCd=110&Type=search", "url2": null }, "geometry": { "type": "Point", "coordinates": [ 135.415343900000011, 34.7992336 ] } },
{ "type": "Feature", "properties": { "内容": "有限会社　きらら【訪問介護】兵庫県伊丹市荒牧南２丁目１７番１２号", "url": "https://www.kaigokensaku.mhlw.go.jp/28/index.php?action_kouhyou_detail_004_kani=true&JigyosyoCd=2873301267-00&ServiceCd=110&Type=search", "url2": null }, "geometry": { "type": "Point", "coordinates": [ 135.3795404, 34.8061394 ] } },
{ "type": "Feature", "properties": { "内容": "介護支援センター　あすなろ【訪問介護】兵庫県伊丹市昆陽6丁目45", "url": "https://www.kaigokensaku.mhlw.go.jp/28/index.php?action_kouhyou_detail_004_kani=true&JigyosyoCd=2873301275-00&ServiceCd=110&Type=search", "url2": null }, "geometry": { "type": "Point", "coordinates": [ 135.397956, 34.7793317 ] } },
{ "type": "Feature", "properties": { "内容": "介護事業所イエローベル【訪問介護】伊丹市南野５丁目８－１", "url": "https://www.kaigokensaku.mhlw.go.jp/28/index.php?action_kouhyou_detail_004_kani=true&JigyosyoCd=2873302588-00&ServiceCd=110&Type=search", "url2": null }, "geometry": { "type": "Point", "coordinates": [ 135.402911300000028, 34.767724800000018 ] } },
{ "type": "Feature", "properties": { "内容": "ヘルパーステーションＩＹＡＳＡＫＡ伊丹【訪問介護】兵庫県伊丹市野間北１－１２－６ボナール有堀　２０３号室", "url": "https://www.kaigokensaku.mhlw.go.jp/28/index.php?action_kouhyou_detail_004_kani=true&JigyosyoCd=2873303180-00&ServiceCd=110&Type=search", "url2": "http://iyasaka.care/" }, "geometry": { "type": "Point", "coordinates": [ 135.394068744505773, 34.771865790727965 ] } },
{ "type": "Feature", "properties": { "内容": "STEP　BY　STEP【訪問介護】兵庫県伊丹市西台５－６－２５パセオ相生１０３号室", "url": "https://www.kaigokensaku.mhlw.go.jp/28/index.php?action_kouhyou_detail_004_kani=true&JigyosyoCd=2873303511-00&ServiceCd=110&Type=search", "url2": null }, "geometry": { "type": "Point", "coordinates": [ 135.4107043, 34.7778213 ] } },
{ "type": "Feature", "properties": { "内容": "ヘルパーステーション　結思【訪問介護】兵庫県伊丹市稲野町１－９４レファインドU　２０６号室", "url": "https://www.kaigokensaku.mhlw.go.jp/28/index.php?action_kouhyou_detail_004_kani=true&JigyosyoCd=2873303685-00&ServiceCd=110&Type=search", "url2": null }, "geometry": { "type": "Point", "coordinates": [ 135.4162732, 34.7645525 ] } },
{ "type": "Feature", "properties": { "内容": "訪問介護本舗つくし【訪問介護】兵庫県伊丹市南本町2-1-14202ラゴ・クラーロ　202", "url": "https://www.kaigokensaku.mhlw.go.jp/28/index.php?action_kouhyou_detail_004_kani=true&JigyosyoCd=2873303826-00&ServiceCd=110&Type=search", "url2": "https://www.houmon-tukushi.com/" }, "geometry": { "type": "Point", "coordinates": [ 135.4183562, 34.7753102 ] } },
{ "type": "Feature", "properties": { "内容": "訪問介護ステーションはーとふる伊丹荒牧【訪問介護】兵庫県伊丹市荒牧南3丁目1-21", "url": "https://www.kaigokensaku.mhlw.go.jp/28/index.php?action_kouhyou_detail_004_kani=true&JigyosyoCd=2873303875-00&ServiceCd=110&Type=search", "url2": "https://royalhome.heartfulcare.com/itami-aramaki/news/" }, "geometry": { "type": "Point", "coordinates": [ 135.3846839, 34.8057996 ] } },
{ "type": "Feature", "properties": { "内容": "誠ケアステーション【訪問介護】兵庫県伊丹市東野1丁目25第一久保マンション203", "url": "https://www.kaigokensaku.mhlw.go.jp/28/index.php?action_kouhyou_detail_004_kani=true&JigyosyoCd=2873303404-00&ServiceCd=110&Type=search", "url2": "http://www.makotocare.com/" }, "geometry": { "type": "Point", "coordinates": [ 135.4036998, 34.8005754 ] } },
{ "type": "Feature", "properties": { "内容": "まほろばライフサポート【訪問介護】兵庫県伊丹市稲野町3丁目30‐16", "url": "https://www.kaigokensaku.mhlw.go.jp/28/index.php?action_kouhyou_detail_004_kani=true&JigyosyoCd=2873304113-00&ServiceCd=110&Type=search", "url2": "https://www.mahorobans.jp/" }, "geometry": { "type": "Point", "coordinates": [ 135.4147165, 34.7635036 ] } },
{ "type": "Feature", "properties": { "内容": "愛ケアセンター【訪問介護】伊丹市寺本５丁目３5", "url": "https://www.kaigokensaku.mhlw.go.jp/28/index.php?action_kouhyou_detail_004_kani=true&JigyosyoCd=2873300566-00&ServiceCd=110&Type=search", "url2": "http://www.aicare-center-itami.com/" }, "geometry": { "type": "Point", "coordinates": [ 135.3870905, 34.7787151 ] } },
{ "type": "Feature", "properties": { "内容": "有限会社　訪問介護事業所　ソフトサポート【訪問介護】伊丹市瑞ヶ丘4丁目51番地６", "url": "https://www.kaigokensaku.mhlw.go.jp/28/index.php?action_kouhyou_detail_004_kani=true&JigyosyoCd=2873300582-00&ServiceCd=110&Type=search", "url2": null }, "geometry": { "type": "Point", "coordinates": [ 135.396422499999971, 34.7948382 ] } },
{ "type": "Feature", "properties": { "内容": "あじさい居宅介護支援センター伊丹【訪問介護】兵庫県伊丹市南野3丁目1番18号", "url": "https://www.kaigokensaku.mhlw.go.jp/28/index.php?action_kouhyou_detail_004_kani=true&JigyosyoCd=2873300616-00&ServiceCd=110&Type=search", "url2": null }, "geometry": { "type": "Point", "coordinates": [ 135.4068691, 34.7685275 ] } },
{ "type": "Feature", "properties": { "内容": "在宅介護サービス　えすぷり【訪問介護】兵庫県伊丹市荒牧南１－１－１", "url": "https://www.kaigokensaku.mhlw.go.jp/28/index.php?action_kouhyou_detail_004_kani=true&JigyosyoCd=2873300764-00&ServiceCd=110&Type=search", "url2": null }, "geometry": { "type": "Point", "coordinates": [ 135.379209899999978, 34.8037952 ] } },
{ "type": "Feature", "properties": { "内容": "在宅複合型施設　ぐろ～りあ【訪問介護】兵庫県伊丹市北園１丁目１９番１在宅複合型施設ぐろ～りあ", "url": "https://www.kaigokensaku.mhlw.go.jp/28/index.php?action_kouhyou_detail_004_kani=true&JigyosyoCd=2873301432-00&ServiceCd=110&Type=search", "url2": "http://helkyo.com" }, "geometry": { "type": "Point", "coordinates": [ 135.416117799999938, 34.792719 ] } },
{ "type": "Feature", "properties": { "内容": "やさしい手伊丹【訪問介護】兵庫県伊丹市森本2-146インペリアル高山", "url": "https://www.kaigokensaku.mhlw.go.jp/28/index.php?action_kouhyou_detail_004_kani=true&JigyosyoCd=2873302083-00&ServiceCd=110&Type=search", "url2": "http://www.kkjc.jp/removal/estate/010yasasiiitami/index.html" }, "geometry": { "type": "Point", "coordinates": [ 135.432722, 34.7823817 ] } },
{ "type": "Feature", "properties": { "内容": "ＳＯＭＰＯケア　伊丹北　訪問介護【訪問介護】兵庫県伊丹市荒牧南2－8－5そんぽの家S伊丹北　1階", "url": "https://www.kaigokensaku.mhlw.go.jp/28/index.php?action_kouhyou_detail_004_kani=true&JigyosyoCd=2873302646-00&ServiceCd=110&Type=search", "url2": "http://www.sompocare.com" }, "geometry": { "type": "Point", "coordinates": [ 135.38220130000002, 34.8055923 ] } },
{ "type": "Feature", "properties": { "内容": "エース稲野介護センター【訪問介護】稲野町２－７３", "url": "https://www.kaigokensaku.mhlw.go.jp/28/index.php?action_kouhyou_detail_004_kani=true&JigyosyoCd=2873303669-00&ServiceCd=110&Type=search", "url2": null }, "geometry": { "type": "Point", "coordinates": [ 135.4139202, 34.7644812 ] } },
{ "type": "Feature", "properties": { "内容": "ぶどうの木【訪問介護】兵庫県伊丹市荒牧三丁目7番28号ヴェール伊丹C212号室", "url": "https://www.kaigokensaku.mhlw.go.jp/28/index.php?action_kouhyou_detail_004_kani=true&JigyosyoCd=2873303719-00&ServiceCd=110&Type=search", "url2": null }, "geometry": { "type": "Point", "coordinates": [ 135.3797103, 34.8108375 ] } },
{ "type": "Feature", "properties": { "内容": "たいよう訪問介護ステーション【訪問介護】兵庫県伊丹市荒牧南1-2-8", "url": "https://www.kaigokensaku.mhlw.go.jp/28/index.php?action_kouhyou_detail_004_kani=true&JigyosyoCd=2873303800-00&ServiceCd=110&Type=search", "url2": null }, "geometry": { "type": "Point", "coordinates": [ 135.378808600000013, 34.8045988 ] } },
{ "type": "Feature", "properties": { "内容": "訪問介護ステーション　ひまわり【訪問介護】兵庫県伊丹市瑞ケ丘１丁目４４番地１－２０１", "url": "https://www.kaigokensaku.mhlw.go.jp/28/index.php?action_kouhyou_detail_004_kani=true&JigyosyoCd=2873304022-00&ServiceCd=110&Type=search", "url2": null }, "geometry": { "type": "Point", "coordinates": [ 135.398365399999989, 34.7931331 ] } },
{ "type": "Feature", "properties": { "内容": "伊丹市訪問介護事業所【訪問介護】伊丹市中野北4丁目2番11号中野ぬくもりの郷", "url": "https://www.kaigokensaku.mhlw.go.jp/28/index.php?action_kouhyou_detail_004_kani=true&JigyosyoCd=2873300335-00&ServiceCd=110&Type=search", "url2": "http://jigyoudan-itami-hyogo.jp/" }, "geometry": { "type": "Point", "coordinates": [ 135.380681387002824, 34.793411159356474 ] } },
{ "type": "Feature", "properties": { "内容": "あそか苑訪問介護事業所【訪問介護】伊丹市瑞穂町6-46", "url": "https://www.kaigokensaku.mhlw.go.jp/28/index.php?action_kouhyou_detail_004_kani=true&JigyosyoCd=2873300426-00&ServiceCd=110&Type=search", "url2": "http://www.asokaen.or.jp" }, "geometry": { "type": "Point", "coordinates": [ 135.402599967828337, 34.791472279237524 ] } },
{ "type": "Feature", "properties": { "内容": "医療法人社団温新会訪問介護事業所コンスウェル【訪問介護】兵庫県伊丹市中野西2-207", "url": "https://www.kaigokensaku.mhlw.go.jp/28/index.php?action_kouhyou_detail_004_kani=true&JigyosyoCd=2873300491-00&ServiceCd=110&Type=search", "url2": "http://www.onsinkai.jp" }, "geometry": { "type": "Point", "coordinates": [ 135.384343199999989, 34.7921106 ] } },
{ "type": "Feature", "properties": { "内容": "ヘルパーステーション川口【訪問介護】兵庫県伊丹市昆陽泉町１丁目１－３", "url": "https://www.kaigokensaku.mhlw.go.jp/28/index.php?action_kouhyou_detail_004_kani=true&JigyosyoCd=2873300871-00&ServiceCd=110&Type=search", "url2": null }, "geometry": { "type": "Point", "coordinates": [ 135.4018997, 34.7744366 ] } },
{ "type": "Feature", "properties": { "内容": "ケアステーション　ゆずりは【訪問介護】兵庫県伊丹市南本町1-2-6", "url": "https://www.kaigokensaku.mhlw.go.jp/28/index.php?action_kouhyou_detail_004_kani=true&JigyosyoCd=2873301010-00&ServiceCd=110&Type=search", "url2": "http://www.yuzuriha.co.jp/" }, "geometry": { "type": "Point", "coordinates": [ 135.418300359524551, 34.776299125284943 ] } },
{ "type": "Feature", "properties": { "内容": "グリーンアルス伊丹　訪問介護事業所【訪問介護】兵庫県　伊丹市西野３丁目２４０番地", "url": "https://www.kaigokensaku.mhlw.go.jp/28/index.php?action_kouhyou_detail_004_kani=true&JigyosyoCd=2873301085-00&ServiceCd=110&Type=search", "url2": "http://www.ryokushinkai.jp/" }, "geometry": { "type": "Point", "coordinates": [ 135.375474599999961, 34.79083 ] } },
{ "type": "Feature", "properties": { "内容": "訪問介護事業所ぶる～む【訪問介護】兵庫県伊丹市南野北1丁目３－４４南野ローズヴィラ１０２", "url": "https://www.kaigokensaku.mhlw.go.jp/28/index.php?action_kouhyou_detail_004_kani=true&JigyosyoCd=2873301176-00&ServiceCd=110&Type=search", "url2": "http://helkyo.sub.jp" }, "geometry": { "type": "Point", "coordinates": [ 135.403866599999986, 34.7716771 ] } },
{ "type": "Feature", "properties": { "内容": "ヘルパーステーション　どんぐり【訪問介護】池尻３丁目２２８番地", "url": "https://www.kaigokensaku.mhlw.go.jp/28/index.php?action_kouhyou_detail_004_kani=true&JigyosyoCd=2873302372-00&ServiceCd=110&Type=search", "url2": null }, "geometry": { "type": "Point", "coordinates": [ 135.383479599999987, 34.7827506 ] } },
{ "type": "Feature", "properties": { "内容": "協同の苑　ケイメゾンときめきホームヘルプ【訪問介護】森本1丁目8-19", "url": "https://www.kaigokensaku.mhlw.go.jp/28/index.php?action_kouhyou_detail_004_kani=true&JigyosyoCd=2873302430-00&ServiceCd=110&Type=search", "url2": "http://www.kyodo-no-sono.or.jp" }, "geometry": { "type": "Point", "coordinates": [ 135.429252799999972, 34.7789376 ] } },
{ "type": "Feature", "properties": { "内容": "ボンセジュール伊丹ケアステーション【訪問介護】兵庫県伊丹市中央1-2-25", "url": "https://www.kaigokensaku.mhlw.go.jp/28/index.php?action_kouhyou_detail_004_kani=true&JigyosyoCd=2873302539-00&ServiceCd=110&Type=search", "url2": "http://www.benesse-style-care.co.jp/" }, "geometry": { "type": "Point", "coordinates": [ 135.413126499999976, 34.7810982 ] } },
{ "type": "Feature", "properties": { "内容": "訪問介護事業所　つどい伊丹【訪問介護】兵庫県伊丹市瑞ケ丘３－２４つどい伊丹", "url": "https://www.kaigokensaku.mhlw.go.jp/28/index.php?action_kouhyou_detail_004_kani=true&JigyosyoCd=2873302778-00&ServiceCd=110&Type=search", "url2": "http://www.seniorcircle.co.jp/" }, "geometry": { "type": "Point", "coordinates": [ 135.397498618944979, 34.793430886608419 ] } },
{ "type": "Feature", "properties": { "内容": "アナザースカイヘルパーステーション【訪問介護】兵庫県伊丹市山田1丁目4-10ビューラーMITA301", "url": "https://www.kaigokensaku.mhlw.go.jp/28/index.php?action_kouhyou_detail_004_kani=true&JigyosyoCd=2873303305-00&ServiceCd=110&Type=search", "url2": null }, "geometry": { "type": "Point", "coordinates": [ 135.390087599999987, 34.7734102 ] } },
{ "type": "Feature", "properties": { "内容": "光ヘルパーステーション【訪問介護】兵庫県伊丹市昆陽南4丁目5番3号レジデンスM108号", "url": "https://www.kaigokensaku.mhlw.go.jp/28/index.php?action_kouhyou_detail_004_kani=true&JigyosyoCd=2873303321-00&ServiceCd=110&Type=search", "url2": null }, "geometry": { "type": "Point", "coordinates": [ 135.393784399999959, 34.7754433 ] } },
{ "type": "Feature", "properties": { "内容": "ケア21伊丹【訪問介護】兵庫県伊丹市宮ノ前3丁目1-3浅岡ビル2F", "url": "https://www.kaigokensaku.mhlw.go.jp/28/index.php?action_kouhyou_detail_004_kani=true&JigyosyoCd=2873303453-00&ServiceCd=110&Type=search", "url2": null }, "geometry": { "type": "Point", "coordinates": [ 135.4136446, 34.7834096 ] } },
{ "type": "Feature", "properties": { "内容": "ヘルパーステーションスイッチオン伊丹【訪問介護】兵庫県伊丹市鴻池6丁目3-2-1", "url": "https://www.kaigokensaku.mhlw.go.jp/28/index.php?action_kouhyou_detail_004_kani=true&JigyosyoCd=2873303792-00&ServiceCd=110&Type=search", "url2": null }, "geometry": { "type": "Point", "coordinates": [ 135.386024, 34.7990007 ] } },
{ "type": "Feature", "properties": { "内容": "へるぱーすてーしょんこはな【訪問介護】兵庫県伊丹市瑞ケ丘１丁目５4番地‐1", "url": "https://www.kaigokensaku.mhlw.go.jp/28/index.php?action_kouhyou_detail_004_kani=true&JigyosyoCd=2873303917-00&ServiceCd=110&Type=search", "url2": null }, "geometry": { "type": "Point", "coordinates": [ 135.3993125, 34.7938118 ] } },
{ "type": "Feature", "properties": { "内容": "アール・サポートセンター【訪問介護】兵庫県伊丹市行基町4丁目55番地", "url": "https://www.kaigokensaku.mhlw.go.jp/28/index.php?action_kouhyou_detail_004_kani=true&JigyosyoCd=2873300145-00&ServiceCd=110&Type=search", "url2": "https://aresupport.jp/" }, "geometry": { "type": "Point", "coordinates": [ 135.408329900000012, 34.7771042 ] } },
{ "type": "Feature", "properties": { "内容": "ハッピー介護センター【訪問介護】伊丹市御願塚８丁目１０番６号", "url": "https://www.kaigokensaku.mhlw.go.jp/28/index.php?action_kouhyou_detail_004_kani=true&JigyosyoCd=2873300525-00&ServiceCd=110&Type=search", "url2": "http://www.happy-corporation.jp" }, "geometry": { "type": "Point", "coordinates": [ 135.409464, 34.7658309 ] } },
{ "type": "Feature", "properties": { "内容": "オアシス千歳ヘルパーステーション【訪問介護】兵庫県伊丹市中央４丁目４番２号", "url": "https://www.kaigokensaku.mhlw.go.jp/28/index.php?action_kouhyou_detail_004_kani=true&JigyosyoCd=2873300772-00&ServiceCd=110&Type=search", "url2": "http://ja-oasis.com/" }, "geometry": { "type": "Point", "coordinates": [ 135.41525244285279, 34.778927895049364 ] } },
{ "type": "Feature", "properties": { "内容": "星優訪問介護ステーション【訪問介護】兵庫県伊丹市桜ヶ丘１丁目３番２３号星優クリニック", "url": "https://www.kaigokensaku.mhlw.go.jp/28/index.php?action_kouhyou_detail_004_kani=true&JigyosyoCd=2873301556-00&ServiceCd=110&Type=search", "url2": "http://seishokai-gr.or.jp/" }, "geometry": { "type": "Point", "coordinates": [ 135.410318500000017, 34.7837395 ] } },
{ "type": "Feature", "properties": { "内容": "介護ステーションはな【訪問介護】兵庫県伊丹市鴻池2丁目12-12ラヴェール伊丹昆陽池B1002", "url": "https://www.kaigokensaku.mhlw.go.jp/28/index.php?action_kouhyou_detail_004_kani=true&JigyosyoCd=2873302836-00&ServiceCd=110&Type=search", "url2": "https://www.hana-6-6.com/" }, "geometry": { "type": "Point", "coordinates": [ 135.3878684, 34.7942244 ] } },
{ "type": "Feature", "properties": { "内容": "ちえの和ヘルパーステーション【訪問介護】兵庫県伊丹市鴻池5-6-6", "url": "https://www.kaigokensaku.mhlw.go.jp/28/index.php?action_kouhyou_detail_004_kani=true&JigyosyoCd=2873303412-00&ServiceCd=110&Type=search", "url2": "http://chienowa-station.com/" }, "geometry": { "type": "Point", "coordinates": [ 135.3887317, 34.8017461 ] } },
{ "type": "Feature", "properties": { "内容": "伊丹ゆうあい訪問介護【訪問介護】伊丹市荒牧6丁目29番7号輪廻館", "url": "https://www.kaigokensaku.mhlw.go.jp/28/index.php?action_kouhyou_detail_004_kani=true&JigyosyoCd=2873303545-00&ServiceCd=110&Type=search", "url2": "http://seisyoukai-gr.or.jp/" }, "geometry": { "type": "Point", "coordinates": [ 135.38805210000001, 34.811326500000014 ] } },
{ "type": "Feature", "properties": { "内容": "CBCメディケアサービス【訪問介護】伊丹市寺本１丁目１３８番地", "url": "https://www.kaigokensaku.mhlw.go.jp/28/index.php?action_kouhyou_detail_004_kani=true&JigyosyoCd=2873303560-00&ServiceCd=110&Type=search", "url2": null }, "geometry": { "type": "Point", "coordinates": [ 135.387633645368936, 34.77516871481356 ] } },
{ "type": "Feature", "properties": { "内容": "ひるけあ【訪問介護】兵庫県伊丹市中野東1-363内山ビル307", "url": "https://www.kaigokensaku.mhlw.go.jp/28/index.php?action_kouhyou_detail_004_kani=true&JigyosyoCd=2873303602-00&ServiceCd=110&Type=search", "url2": "http://hp.kaipoke.biz/ya8/index.html" }, "geometry": { "type": "Point", "coordinates": [ 135.390121314729043, 34.790570680052014 ] } },
{ "type": "Feature", "properties": { "内容": "すとろべりぃ【訪問介護】兵庫県伊丹市荻野西1丁目6－40", "url": "https://www.kaigokensaku.mhlw.go.jp/28/index.php?action_kouhyou_detail_004_kani=true&JigyosyoCd=2873303644-00&ServiceCd=110&Type=search", "url2": null }, "geometry": { "type": "Point", "coordinates": [ 135.392076689984492, 34.80266278136294 ] } },
{ "type": "Feature", "properties": { "内容": "SAIYO訪問サービス【訪問介護】兵庫県伊丹市西台４丁目6-26　2F", "url": "https://www.kaigokensaku.mhlw.go.jp/28/index.php?action_kouhyou_detail_004_kani=true&JigyosyoCd=2873303677-00&ServiceCd=110&Type=search", "url2": "https://saiyo-kaigo.com/" }, "geometry": { "type": "Point", "coordinates": [ 135.411770100000012, 34.7790071 ] } },
{ "type": "Feature", "properties": { "内容": "訪問介護ステーションHIBISU伊丹【訪問介護】兵庫県伊丹市西台2丁目4番17号メゾンコプロス203号室", "url": "https://www.kaigokensaku.mhlw.go.jp/28/index.php?action_kouhyou_detail_004_kani=true&JigyosyoCd=2873303784-00&ServiceCd=110&Type=search", "url2": null }, "geometry": { "type": "Point", "coordinates": [ 135.4110134, 34.7793834 ] } },
{ "type": "Feature", "properties": { "内容": "ヘルパーステーションりぼん【訪問介護】兵庫県伊丹市広畑2丁目46-1ルミエール広畑307号", "url": "https://www.kaigokensaku.mhlw.go.jp/28/index.php?action_kouhyou_detail_004_kani=true&JigyosyoCd=2873303818-00&ServiceCd=110&Type=search", "url2": null }, "geometry": { "type": "Point", "coordinates": [ 135.400895100000014, 34.7856412 ] } },
{ "type": "Feature", "properties": { "内容": "学研ココファン伊丹ヘルパーセンター【訪問介護】兵庫県伊丹市昆陽南4丁目6番6ココファン伊丹", "url": "https://www.kaigokensaku.mhlw.go.jp/28/index.php?action_kouhyou_detail_004_kani=true&JigyosyoCd=2873304030-00&ServiceCd=110&Type=search", "url2": "https://www.cocofump.co.jp/facilities/itami/" }, "geometry": { "type": "Point", "coordinates": [ 135.39393, 34.7763306 ] } },
{ "type": "Feature", "properties": { "内容": "ｹｱｽﾃｰｼｮﾝﾅｵﾋﾞｯｸﾞ伊丹【訪問介護】伊丹市寺本5丁目440番", "url": "https://www.kaigokensaku.mhlw.go.jp/28/index.php?action_kouhyou_detail_004_kani=true&JigyosyoCd=2873303289-00&ServiceCd=110&Type=search", "url2": "http://naobig.com" }, "geometry": { "type": "Point", "coordinates": [ 135.389150241166647, 34.783208893782195 ] } },
{ "type": "Feature", "properties": { "内容": "エヴァ訪問介護ステーション【訪問介護】中野西1-7-5", "url": "https://www.kaigokensaku.mhlw.go.jp/28/index.php?action_kouhyou_detail_004_kani=true&JigyosyoCd=2873302174-00&ServiceCd=110&Type=search", "url2": "https://rahula.co.jp" }, "geometry": { "type": "Point", "coordinates": [ 135.388062933169977, 34.788379517301216 ] } },
{ "type": "Feature", "properties": { "内容": "訪問介護フィットケア【訪問介護】荻野4丁目32", "url": "https://www.kaigokensaku.mhlw.go.jp/28/index.php?action_kouhyou_detail_004_kani=true&JigyosyoCd=2873303842-00&ServiceCd=110&Type=search", "url2": "https://amistad-life.com/" }, "geometry": { "type": "Point", "coordinates": [ 135.3933342, 34.8055297 ] } },
{ "type": "Feature", "properties": { "内容": "有限会社　ケア・サポート・モリ【訪問介護】兵庫県伊丹市南野１丁目４番３０号", "url": "https://www.kaigokensaku.mhlw.go.jp/28/index.php?action_kouhyou_detail_004_kani=true&JigyosyoCd=2873300418-00&ServiceCd=110&Type=search", "url2": "https://www.care-mori.com/" }, "geometry": { "type": "Point", "coordinates": [ 135.408771699999988, 34.7668138 ] } },
{ "type": "Feature", "properties": { "内容": "株式会社　四ツ葉ケア・サポート【訪問介護】兵庫県伊丹市昆陽泉町６丁目９－５８", "url": "https://www.kaigokensaku.mhlw.go.jp/28/index.php?action_kouhyou_detail_004_kani=true&JigyosyoCd=2873302513-00&ServiceCd=110&Type=search", "url2": null }, "geometry": { "type": "Point", "coordinates": [ 135.396761800000036, 34.7762182 ] } },
{ "type": "Feature", "properties": { "内容": "ライフサポートすみれ【訪問介護】兵庫県伊丹市荒牧南３丁目４番１３号", "url": "https://www.kaigokensaku.mhlw.go.jp/28/index.php?action_kouhyou_detail_004_kani=true&JigyosyoCd=2873303313-00&ServiceCd=110&Type=search", "url2": null }, "geometry": { "type": "Point", "coordinates": [ 135.3836258, 34.8069404 ] } },
{ "type": "Feature", "properties": { "内容": "株式会社トータル介護サービスふたば【訪問介護】大鹿5-71", "url": "https://www.kaigokensaku.mhlw.go.jp/28/index.php?action_kouhyou_detail_004_kani=true&JigyosyoCd=2873303909-00&ServiceCd=110&Type=search", "url2": null }, "geometry": { "type": "Point", "coordinates": [ 135.410722, 34.790117 ] } },
{ "type": "Feature", "properties": { "内容": "ケアステーションすずらん【訪問介護】兵庫県尼崎市立花町２丁目１４番19-1", "url": "https://www.kaigokensaku.mhlw.go.jp/28/index.php?action_kouhyou_detail_004_kani=true&JigyosyoCd=2873004440-00&ServiceCd=110&Type=search", "url2": null }, "geometry": { "type": "Point", "coordinates": [ 135.403544900000014, 34.7414992 ] } },
{ "type": "Feature", "properties": { "内容": "かたくりケアサポート【訪問介護】兵庫県伊丹市昆陽8丁目21－1ー2階", "url": "https://www.kaigokensaku.mhlw.go.jp/28/index.php?action_kouhyou_detail_004_kani=true&JigyosyoCd=2873303487-00&ServiceCd=110&Type=search", "url2": "http://www.katakuri.jp/" }, "geometry": { "type": "Point", "coordinates": [ 135.3929966, 34.7775131 ] } },
{ "type": "Feature", "properties": { "内容": "訪問介護事業所つぼみ【訪問介護】兵庫県伊丹市昆陽南４丁目３－５ウイズ昆陽ウエスト１０１", "url": "https://www.kaigokensaku.mhlw.go.jp/28/index.php?action_kouhyou_detail_004_kani=true&JigyosyoCd=2873302109-00&ServiceCd=110&Type=search", "url2": "http://tubomikaigo.com" }, "geometry": { "type": "Point", "coordinates": [ 135.3950194, 34.7759165 ] } },
{ "type": "Feature", "properties": { "内容": "ほほえむ訪問介護ステーション【訪問介護】伊丹市野間5丁目2—16", "url": "https://www.kaigokensaku.mhlw.go.jp/28/index.php?action_kouhyou_detail_004_kani=true&JigyosyoCd=2873303859-00&ServiceCd=110&Type=search", "url2": "http;//rahula.co.jp" }, "geometry": { "type": "Point", "coordinates": [ 135.3931125, 34.7669469 ] } },
{ "type": "Feature", "properties": { "内容": "訪問介護　一休伊丹【訪問介護】北伊丹3丁目126サンビレッジ405号室", "url": "https://www.kaigokensaku.mhlw.go.jp/28/index.php?action_kouhyou_detail_004_kani=true&JigyosyoCd=2873303990-00&ServiceCd=110&Type=search", "url2": null }, "geometry": { "type": "Point", "coordinates": [ 135.417993700000011, 34.7946398 ] } },
{ "type": "Feature", "properties": { "内容": "公益社団法人相生・上郡広域シルバー人材センター【訪問介護】兵庫県相生市山手2丁目１２３番地", "url": "https://www.kaigokensaku.mhlw.go.jp/28/index.php?action_kouhyou_detail_004_kani=true&JigyosyoCd=2874200104-00&ServiceCd=110&Type=search", "url2": "https://webc.sjc.ne.jp/aioikamigori/" }, "geometry": { "type": "Point", "coordinates": [ 134.4802426, 34.8215794 ] } },
{ "type": "Feature", "properties": { "内容": "こすもす倶楽部ヘルパーステーション【訪問介護】兵庫県相生市野瀬1375番地1", "url": "https://www.kaigokensaku.mhlw.go.jp/28/index.php?action_kouhyou_detail_004_kani=true&JigyosyoCd=2874200161-00&ServiceCd=110&Type=search", "url2": "http://www.aioi-cosmos.com/" }, "geometry": { "type": "Point", "coordinates": [ 134.483273798147593, 34.787437810105409 ] } },
{ "type": "Feature", "properties": { "内容": "グリーンハウスヘルパーステーション【訪問介護】兵庫県相生市双葉2丁目19-4ホスピスケア　相生", "url": "https://www.kaigokensaku.mhlw.go.jp/28/index.php?action_kouhyou_detail_004_kani=true&JigyosyoCd=2874200468-00&ServiceCd=110&Type=search", "url2": "greenhelper@outlook.jp" }, "geometry": { "type": "Point", "coordinates": [ 134.479616382803329, 34.816525484937131 ] } },
{ "type": "Feature", "properties": { "内容": "相生市社会福祉協議会介護支援センター【訪問介護】兵庫県相生市旭1丁目6-28相生市立総合福祉会館内", "url": "https://www.kaigokensaku.mhlw.go.jp/28/index.php?action_kouhyou_detail_004_kani=true&JigyosyoCd=2874200039-00&ServiceCd=110&Type=search", "url2": "http://www.shakyo-aioi.jp/" }, "geometry": { "type": "Point", "coordinates": [ 134.468789269185635, 34.803115271366835 ] } },
{ "type": "Feature", "properties": { "内容": "ホームヘルパーステーションほほえみ【訪問介護】兵庫県相生市大石町19-10西本ビル2階202号室", "url": "https://www.kaigokensaku.mhlw.go.jp/28/index.php?action_kouhyou_detail_004_kani=true&JigyosyoCd=2874200484-00&ServiceCd=110&Type=search", "url2": "http://www.happinessmelody.com" }, "geometry": { "type": "Point", "coordinates": [ 134.4754465, 34.815011 ] } },
{ "type": "Feature", "properties": { "内容": "リリーライフヘルパーステーション相生【訪問介護】兵庫県相生市双葉3丁目4番18号", "url": "https://www.kaigokensaku.mhlw.go.jp/28/index.php?action_kouhyou_detail_004_kani=true&JigyosyoCd=2874200187-00&ServiceCd=110&Type=search", "url2": "http://relielife.jp/" }, "geometry": { "type": "Point", "coordinates": [ 134.4820661, 34.8126262 ] } },
{ "type": "Feature", "properties": { "内容": "げんき【訪問介護】兵庫県豊岡市庄107-4", "url": "https://www.kaigokensaku.mhlw.go.jp/28/index.php?action_kouhyou_detail_004_kani=true&JigyosyoCd=2874401918-00&ServiceCd=110&Type=search", "url2": "http://www.genki-kaigo-service.jp/" }, "geometry": { "type": "Point", "coordinates": [ 134.778082399999988, 35.5428512 ] } },
{ "type": "Feature", "properties": { "内容": "訪問介護わかば【訪問介護】兵庫県豊岡市小田井町13-22クレールアベニュービル1階", "url": "https://www.kaigokensaku.mhlw.go.jp/28/index.php?action_kouhyou_detail_004_kani=true&JigyosyoCd=2874401926-00&ServiceCd=110&Type=search", "url2": null }, "geometry": { "type": "Point", "coordinates": [ 134.82408430000001, 35.5485398 ] } },
{ "type": "Feature", "properties": { "内容": "ヘルパーステーションまんてん【訪問介護】京町5番21号", "url": "https://www.kaigokensaku.mhlw.go.jp/28/index.php?action_kouhyou_detail_004_kani=true&JigyosyoCd=2874401835-00&ServiceCd=110&Type=search", "url2": "https://goodlife-sp.com/" }, "geometry": { "type": "Point", "coordinates": [ 134.822901274446025, 35.54118174482926 ] } },
{ "type": "Feature", "properties": { "内容": "ニチイケアセンター豊岡【訪問介護】兵庫県豊岡市正法寺613-1クリア第一ビル1Ｆ", "url": "https://www.kaigokensaku.mhlw.go.jp/28/index.php?action_kouhyou_detail_004_kani=true&JigyosyoCd=2874400092-00&ServiceCd=110&Type=search", "url2": "http://www.nichiigakkan.co.jp" }, "geometry": { "type": "Point", "coordinates": [ 134.812771200000043, 35.5408432 ] } },
{ "type": "Feature", "properties": { "内容": "ことぶき苑訪問介護事業所【訪問介護】兵庫県豊岡市日高町祢布１３０４", "url": "https://www.kaigokensaku.mhlw.go.jp/28/index.php?action_kouhyou_detail_004_kani=true&JigyosyoCd=2874400464-00&ServiceCd=110&Type=search", "url2": "http://www.hwc.or.jp/tajima/" }, "geometry": { "type": "Point", "coordinates": [ 134.765072799999984, 35.4646526 ] } },
{ "type": "Feature", "properties": { "内容": "株式会社　太陽ライフサポート【訪問介護】兵庫県豊岡市中央町4番12号", "url": "https://www.kaigokensaku.mhlw.go.jp/28/index.php?action_kouhyou_detail_004_kani=true&JigyosyoCd=2874401462-00&ServiceCd=110&Type=search", "url2": "http://taiyoulife.co.jp" }, "geometry": { "type": "Point", "coordinates": [ 134.821756400000027, 35.5449671 ] } },
{ "type": "Feature", "properties": { "内容": "訪問介護ステーション　みらい【訪問介護】兵庫県豊岡市下宮2-8", "url": "https://www.kaigokensaku.mhlw.go.jp/28/index.php?action_kouhyou_detail_004_kani=true&JigyosyoCd=2874401819-00&ServiceCd=110&Type=search", "url2": "http://www.tayoulife.co.jp" }, "geometry": { "type": "Point", "coordinates": [ 134.83618869999998, 35.5544817 ] } },
{ "type": "Feature", "properties": { "内容": "ＪＡたじま豊岡介護センター【訪問介護】兵庫県豊岡市土渕133-5", "url": "https://www.kaigokensaku.mhlw.go.jp/28/index.php?action_kouhyou_detail_004_kani=true&JigyosyoCd=2874400050-00&ServiceCd=110&Type=search", "url2": "http://www.ja-tajima.or.jp/" }, "geometry": { "type": "Point", "coordinates": [ 134.820538, 35.501921 ] } },
{ "type": "Feature", "properties": { "内容": "ヘルパーステーション　えがお【訪問介護】兵庫県豊岡市江本396－１サンシティーＥＭＯＴＯ102号", "url": "https://www.kaigokensaku.mhlw.go.jp/28/index.php?action_kouhyou_detail_004_kani=true&JigyosyoCd=2874400365-00&ServiceCd=110&Type=search", "url2": "helper@tajima-coop.com" }, "geometry": { "type": "Point", "coordinates": [ 134.832486099999983, 35.5269355 ] } },
{ "type": "Feature", "properties": { "内容": "こもれび訪問介護事業所【訪問介護】兵庫県豊岡市日高町伊府３７１－１", "url": "https://www.kaigokensaku.mhlw.go.jp/28/index.php?action_kouhyou_detail_004_kani=true&JigyosyoCd=2874401744-00&ServiceCd=110&Type=search", "url2": null }, "geometry": { "type": "Point", "coordinates": [ 134.732026782803331, 35.457601104412177 ] } },
{ "type": "Feature", "properties": { "内容": "豊岡市社会福祉協議会　豊岡ヘルパーステーション【訪問介護】兵庫県豊岡市城南町23番6号", "url": "https://www.kaigokensaku.mhlw.go.jp/28/index.php?action_kouhyou_detail_004_kani=true&JigyosyoCd=2874400506-00&ServiceCd=110&Type=search", "url2": "http://www.toyooka-wel.jp" }, "geometry": { "type": "Point", "coordinates": [ 134.825089038871994, 35.539961309691805 ] } },
{ "type": "Feature", "properties": { "内容": "豊岡市社会福祉協議会竹野ヘルパーステーション【訪問介護】兵庫県豊岡市竹野町須谷１４７８番地竹野健康福祉センター", "url": "https://www.kaigokensaku.mhlw.go.jp/28/index.php?action_kouhyou_detail_004_kani=true&JigyosyoCd=2874400597-00&ServiceCd=110&Type=search", "url2": "http://www.toyooka-wel.jp" }, "geometry": { "type": "Point", "coordinates": [ 134.756857399999944, 35.6400861 ] } },
{ "type": "Feature", "properties": { "内容": "豊岡市社会福祉協議会日高ヘルパーステーション【訪問介護】兵庫県豊岡市日高町祢布891-2日高健康福祉センター内１階", "url": "https://www.kaigokensaku.mhlw.go.jp/28/index.php?action_kouhyou_detail_004_kani=true&JigyosyoCd=2874400662-00&ServiceCd=110&Type=search", "url2": "http://www.toyooka-wel.jp" }, "geometry": { "type": "Point", "coordinates": [ 134.7699695, 35.4698382 ] } },
{ "type": "Feature", "properties": { "内容": "豊岡市社会福祉協議会出石ヘルパーステーション【訪問介護】兵庫県豊岡市出石町福住１３０２出石健康福祉センター内", "url": "https://www.kaigokensaku.mhlw.go.jp/28/index.php?action_kouhyou_detail_004_kani=true&JigyosyoCd=2874400720-00&ServiceCd=110&Type=search", "url2": "http://www.toyooka-wel.jp" }, "geometry": { "type": "Point", "coordinates": [ 134.860568, 35.4660597 ] } },
{ "type": "Feature", "properties": { "内容": "ハピネスヘルパーステーション【訪問介護】兵庫県豊岡市城南町13-13　2F", "url": "https://www.kaigokensaku.mhlw.go.jp/28/index.php?action_kouhyou_detail_004_kani=true&JigyosyoCd=2874401892-00&ServiceCd=110&Type=search", "url2": null }, "geometry": { "type": "Point", "coordinates": [ 134.824887499999988, 35.5363599 ] } },
{ "type": "Feature", "properties": { "内容": "豊岡の風訪問介護事業所ゆめゆめらいふ【訪問介護】兵庫県豊岡市若松町7-25リュミエール豊岡の風", "url": "https://www.kaigokensaku.mhlw.go.jp/28/index.php?action_kouhyou_detail_004_kani=true&JigyosyoCd=2874401587-00&ServiceCd=110&Type=search", "url2": "toyooka-heisei.com" }, "geometry": { "type": "Point", "coordinates": [ 134.814713985319486, 35.549759195865981 ] } },
{ "type": "Feature", "properties": { "内容": "有限会社豊岡ケアサービス【訪問介護】兵庫県豊岡市梶原３５０－５", "url": "https://www.kaigokensaku.mhlw.go.jp/28/index.php?action_kouhyou_detail_004_kani=true&JigyosyoCd=2874400175-00&ServiceCd=110&Type=search", "url2": null }, "geometry": { "type": "Point", "coordinates": [ 134.836625330175593, 35.546588476210445 ] } },
{ "type": "Feature", "properties": { "内容": "介護事業所ふくろう【訪問介護】兵庫県豊岡市福田1296-1", "url": "https://www.kaigokensaku.mhlw.go.jp/28/index.php?action_kouhyou_detail_004_kani=true&JigyosyoCd=2874401439-00&ServiceCd=110&Type=search", "url2": "lifesupport0321.com" }, "geometry": { "type": "Point", "coordinates": [ 134.7981419, 35.5569074 ] } },
{ "type": "Feature", "properties": { "内容": "訪問介護虹の架け橋【訪問介護】兵庫県加古川市加古川町南備後２０６番地", "url": "https://www.kaigokensaku.mhlw.go.jp/28/index.php?action_kouhyou_detail_004_kani=true&JigyosyoCd=2872203704-00&ServiceCd=110&Type=search", "url2": null }, "geometry": { "type": "Point", "coordinates": [ 134.82188240000005, 34.7542283 ] } },
{ "type": "Feature", "properties": { "内容": "ヘルパーステーションひだまりの里【訪問介護】兵庫県加古川市尾上町池田294番地の2ハイツレインボー202号室", "url": "https://www.kaigokensaku.mhlw.go.jp/28/index.php?action_kouhyou_detail_004_kani=true&JigyosyoCd=2872203316-00&ServiceCd=110&Type=search", "url2": "http://hidamari-onoueikeda.info" }, "geometry": { "type": "Point", "coordinates": [ 134.826708756483384, 34.735212347027982 ] } },
{ "type": "Feature", "properties": { "内容": "加古川磯病院ヒューマンケアいそ訪問介護事業所【訪問介護】兵庫県加古川市八幡町下村１３５３加古川磯病院", "url": "https://www.kaigokensaku.mhlw.go.jp/28/index.php?action_kouhyou_detail_004_kani=true&JigyosyoCd=2872200403-00&ServiceCd=110&Type=search", "url2": "https://isohosp.com" }, "geometry": { "type": "Point", "coordinates": [ 134.914384400000017, 34.7907683 ] } },
{ "type": "Feature", "properties": { "内容": "ホームケアー関西【訪問介護】兵庫県加古川市加古川町備後385-4", "url": "https://www.kaigokensaku.mhlw.go.jp/28/index.php?action_kouhyou_detail_004_kani=true&JigyosyoCd=2872200627-00&ServiceCd=110&Type=search", "url2": null }, "geometry": { "type": "Point", "coordinates": [ 134.820870886716449, 34.758712404014915 ] } },
{ "type": "Feature", "properties": { "内容": "エイジサポート【訪問介護】兵庫県加古川市尾上町長田524-8", "url": "https://www.kaigokensaku.mhlw.go.jp/28/index.php?action_kouhyou_detail_004_kani=true&JigyosyoCd=2872200841-00&ServiceCd=110&Type=search", "url2": null }, "geometry": { "type": "Point", "coordinates": [ 134.824773496295165, 34.740239204220337 ] } },
{ "type": "Feature", "properties": { "内容": "やすらぎ【訪問介護】尾上町安田769-1-302加古川シティビル", "url": "https://www.kaigokensaku.mhlw.go.jp/28/index.php?action_kouhyou_detail_004_kani=true&JigyosyoCd=2872202110-00&ServiceCd=110&Type=search", "url2": "http://www.new-tomorrow.jp/" }, "geometry": { "type": "Point", "coordinates": [ 134.834421600000013, 34.7514113 ] } },
{ "type": "Feature", "properties": { "内容": "ニチイケアセンター平岡【訪問介護】兵庫県加古川市平岡町新在家1359-1クリスタルハイツ1F西側クリスタルハイツ　1F西側", "url": "https://www.kaigokensaku.mhlw.go.jp/28/index.php?action_kouhyou_detail_004_kani=true&JigyosyoCd=2872202375-00&ServiceCd=110&Type=search", "url2": "http://www.nichiigakkan.co.jp" }, "geometry": { "type": "Point", "coordinates": [ 134.874891199999979, 34.7452045 ] } },
{ "type": "Feature", "properties": { "内容": "いろり【訪問介護】兵庫県加古川市野口町坂元88-1", "url": "https://www.kaigokensaku.mhlw.go.jp/28/index.php?action_kouhyou_detail_004_kani=true&JigyosyoCd=2872203845-00&ServiceCd=110&Type=search", "url2": null }, "geometry": { "type": "Point", "coordinates": [ 134.845743399999947, 34.7578785 ] } },
{ "type": "Feature", "properties": { "内容": "まごの手【訪問介護】兵庫県加古川市平岡町つつじ野2番21", "url": "https://www.kaigokensaku.mhlw.go.jp/28/index.php?action_kouhyou_detail_004_kani=true&JigyosyoCd=2872204199-00&ServiceCd=110&Type=search", "url2": null }, "geometry": { "type": "Point", "coordinates": [ 134.872593399999971, 34.742115 ] } },
{ "type": "Feature", "properties": { "内容": "ヘルパーステーションゆうき【訪問介護】兵庫県加古川市加古川町美乃利162-1アールサンビル2階", "url": "https://www.kaigokensaku.mhlw.go.jp/28/index.php?action_kouhyou_detail_004_kani=true&JigyosyoCd=2872204363-00&ServiceCd=110&Type=search", "url2": "https://group-kirameki.com" }, "geometry": { "type": "Point", "coordinates": [ 134.8500731, 34.7635609 ] } },
{ "type": "Feature", "properties": { "内容": "株式会社真音【訪問介護】兵庫県加古川市尾上町長田517-90", "url": "https://www.kaigokensaku.mhlw.go.jp/28/index.php?action_kouhyou_detail_004_kani=true&JigyosyoCd=2872204017-00&ServiceCd=110&Type=search", "url2": null }, "geometry": { "type": "Point", "coordinates": [ 134.8259758, 34.7427056 ] } },
{ "type": "Feature", "properties": { "内容": "ケアマスター訪問介護ステーション【訪問介護】兵庫県加古川市尾上町安田605-5", "url": "https://www.kaigokensaku.mhlw.go.jp/28/index.php?action_kouhyou_detail_004_kani=true&JigyosyoCd=2872204694-00&ServiceCd=110&Type=search", "url2": null }, "geometry": { "type": "Point", "coordinates": [ 134.833029, 34.74958 ] } },
{ "type": "Feature", "properties": { "内容": "尾上の郷ヘルパーステーション【訪問介護】兵庫県加古川市尾上町池田830-1", "url": "https://www.kaigokensaku.mhlw.go.jp/28/index.php?action_kouhyou_detail_004_kani=true&JigyosyoCd=2872202102-00&ServiceCd=110&Type=search", "url2": "http//www.onoenosato.org" }, "geometry": { "type": "Point", "coordinates": [ 134.820918600000027, 34.7400295 ] } },
{ "type": "Feature", "properties": { "内容": "ヘルパーステーションあえる【訪問介護】野口町北野１２８９－２", "url": "https://www.kaigokensaku.mhlw.go.jp/28/index.php?action_kouhyou_detail_004_kani=true&JigyosyoCd=2872202516-00&ServiceCd=110&Type=search", "url2": "https://www.a-lc.co.jp" }, "geometry": { "type": "Point", "coordinates": [ 134.874649407668812, 34.759534548997976 ] } },
{ "type": "Feature", "properties": { "内容": "サポートプラス【訪問介護】兵庫県加古川市野口町長砂1330ー19", "url": "https://www.kaigokensaku.mhlw.go.jp/28/index.php?action_kouhyou_detail_004_kani=true&JigyosyoCd=2872203019-00&ServiceCd=110&Type=search", "url2": "http://housesupportplus.com/" }, "geometry": { "type": "Point", "coordinates": [ 134.845605100000057, 34.7438181 ] } },
{ "type": "Feature", "properties": { "内容": "ホームヘルパーステーション　つくし【訪問介護】加古川市平岡町一色東2丁目22番地アーク一色A-6", "url": "https://www.kaigokensaku.mhlw.go.jp/28/index.php?action_kouhyou_detail_004_kani=true&JigyosyoCd=2872201955-00&ServiceCd=110&Type=search", "url2": null }, "geometry": { "type": "Point", "coordinates": [ 134.8559397, 34.7368024 ] } },
{ "type": "Feature", "properties": { "内容": "訪問介護ステーション　四季彩【訪問介護】西神吉町岸３１８番地の７", "url": "https://www.kaigokensaku.mhlw.go.jp/28/index.php?action_kouhyou_detail_004_kani=true&JigyosyoCd=2872202565-00&ServiceCd=110&Type=search", "url2": "http://llc-ajuga.com" }, "geometry": { "type": "Point", "coordinates": [ 134.812138299999987, 34.7925591 ] } },
{ "type": "Feature", "properties": { "内容": "やさしい手加古川尾上訪問介護【訪問介護】尾上町池田１６８１－１", "url": "https://www.kaigokensaku.mhlw.go.jp/28/index.php?action_kouhyou_detail_004_kani=true&JigyosyoCd=2872204561-00&ServiceCd=110&Type=search", "url2": "https://search.yasashiite.com/detail/kyotakukaigo_kakogawa/" }, "geometry": { "type": "Point", "coordinates": [ 134.824813799999987, 34.7352953 ] } },
{ "type": "Feature", "properties": { "内容": "特別養護老人ホーム　こすもす園【訪問介護】兵庫県加古川市神野町神野１３６－８", "url": "https://www.kaigokensaku.mhlw.go.jp/28/index.php?action_kouhyou_detail_004_kani=true&JigyosyoCd=2872200205-00&ServiceCd=110&Type=search", "url2": "http://www.nojiigiku.or.jp" }, "geometry": { "type": "Point", "coordinates": [ 134.886281100000019, 34.7726822 ] } },
{ "type": "Feature", "properties": { "内容": "レオ・ケアステーション加古川南【訪問介護】兵庫県加古川市尾上町今福346-1ぬくもりの家　加古川南", "url": "https://www.kaigokensaku.mhlw.go.jp/28/index.php?action_kouhyou_detail_004_kani=true&JigyosyoCd=2872203324-00&ServiceCd=110&Type=search", "url2": "www.leo-good.com" }, "geometry": { "type": "Point", "coordinates": [ 134.823805546435324, 34.751143668984739 ] } },
{ "type": "Feature", "properties": { "内容": "ケアステーションなないろの花【訪問介護】兵庫県加古川市野口町良野1604サンチビル101", "url": "https://www.kaigokensaku.mhlw.go.jp/28/index.php?action_kouhyou_detail_004_kani=true&JigyosyoCd=2872204355-00&ServiceCd=110&Type=search", "url2": null }, "geometry": { "type": "Point", "coordinates": [ 134.8425269, 34.7582701 ] } },
{ "type": "Feature", "properties": { "内容": "ケアセンターララ【訪問介護】兵庫県加古川市野口町北野1161番10", "url": "https://www.kaigokensaku.mhlw.go.jp/28/index.php?action_kouhyou_detail_004_kani=true&JigyosyoCd=2872204678-00&ServiceCd=110&Type=search", "url2": null }, "geometry": { "type": "Point", "coordinates": [ 134.875185737070751, 34.758984324805063 ] } },
{ "type": "Feature", "properties": { "内容": "ケア21加古川【訪問介護】兵庫県加古川市加古川町溝之口755安本ビル２階南", "url": "https://www.kaigokensaku.mhlw.go.jp/28/index.php?action_kouhyou_detail_004_kani=true&JigyosyoCd=2872204215-00&ServiceCd=110&Type=search", "url2": null }, "geometry": { "type": "Point", "coordinates": [ 134.840448700000024, 34.7655324 ] } },
{ "type": "Feature", "properties": { "内容": "株式会社まごころケアー研究センター【訪問介護】兵庫県加古川市平岡町新在家2丁目２７１－１二番館ビル", "url": "https://www.kaigokensaku.mhlw.go.jp/28/index.php?action_kouhyou_detail_004_kani=true&JigyosyoCd=2872200114-00&ServiceCd=110&Type=search", "url2": "https://cyclo-inc.jp/" }, "geometry": { "type": "Point", "coordinates": [ 134.8681196, 34.7447072 ] } },
{ "type": "Feature", "properties": { "内容": "生活協同組合コープこうべ在宅介護サービス加古川【訪問介護】兵庫県加古川市東神吉町神吉881-1コープ神吉横", "url": "https://www.kaigokensaku.mhlw.go.jp/28/index.php?action_kouhyou_detail_004_kani=true&JigyosyoCd=2872201930-00&ServiceCd=110&Type=search", "url2": "http://www.coop.or.jp/" }, "geometry": { "type": "Point", "coordinates": [ 134.823723200000018, 34.7918971 ] } },
{ "type": "Feature", "properties": { "内容": "それいゆ訪問介護事業所別府【訪問介護】兵庫県加古川市平岡町新在家1456-1", "url": "https://www.kaigokensaku.mhlw.go.jp/28/index.php?action_kouhyou_detail_004_kani=true&JigyosyoCd=2872203589-00&ServiceCd=110&Type=search", "url2": "www.hakuaif.or.jp/facilities/befu_smile.htm" }, "geometry": { "type": "Point", "coordinates": [ 134.871240931009453, 34.746517572598485 ] } },
{ "type": "Feature", "properties": { "内容": "有限会社　うさぎ堂薬品介護支援サービス【訪問介護】兵庫県加古川市加古川町溝之口５０７番地サンライズ加古川１階103", "url": "https://www.kaigokensaku.mhlw.go.jp/28/index.php?action_kouhyou_detail_004_kani=true&JigyosyoCd=2872200940-00&ServiceCd=110&Type=search", "url2": null }, "geometry": { "type": "Point", "coordinates": [ 134.840356146032718, 34.766150079614285 ] } },
{ "type": "Feature", "properties": { "内容": "ヘルパーステーション　ももの樹【訪問介護】兵庫県加古川市加古川町稲屋444-4", "url": "https://www.kaigokensaku.mhlw.go.jp/28/index.php?action_kouhyou_detail_004_kani=true&JigyosyoCd=2872204488-00&ServiceCd=110&Type=search", "url2": null }, "geometry": { "type": "Point", "coordinates": [ 134.812127400000037, 34.7567285 ] } },
{ "type": "Feature", "properties": { "内容": "ケアステーションあんじぇす加古川【訪問介護】兵庫県加古川市別府町新野辺3066アンジェス加古川", "url": "https://www.kaigokensaku.mhlw.go.jp/28/index.php?action_kouhyou_detail_004_kani=true&JigyosyoCd=2872204165-00&ServiceCd=110&Type=search", "url2": "http://www.t-s-i.jp" }, "geometry": { "type": "Point", "coordinates": [ 134.835172884655748, 34.729804682530208 ] } },
{ "type": "Feature", "properties": { "内容": "加古川磯病院　ヒューマンケアいそ　訪問介護事業所【訪問介護】兵庫県加古川市八幡町1353", "url": "https://www.kaigokensaku.mhlw.go.jp/28/index.php?action_kouhyou_detail_004_kani=true&JigyosyoCd=2872204652-00&ServiceCd=110&Type=search", "url2": "https://isohosp.com" }, "geometry": { "type": "Point", "coordinates": [ 134.91226530000003, 34.78643270000002 ] } },
{ "type": "Feature", "properties": { "内容": "訪問介護ルーカス【訪問介護】加古川市別府町新野辺北町２－１８７－１", "url": "https://www.kaigokensaku.mhlw.go.jp/28/index.php?action_kouhyou_detail_004_kani=true&JigyosyoCd=2872200601-00&ServiceCd=110&Type=search", "url2": null }, "geometry": { "type": "Point", "coordinates": [ 134.841775, 34.7340801 ] } },
{ "type": "Feature", "properties": { "内容": "ヘルパーステーション陽まり【訪問介護】兵庫県加古川市東神吉町西井ノ口623-4", "url": "https://www.kaigokensaku.mhlw.go.jp/28/index.php?action_kouhyou_detail_004_kani=true&JigyosyoCd=2872204348-00&ServiceCd=110&Type=search", "url2": null }, "geometry": { "type": "Point", "coordinates": [ 134.8171581, 34.785148 ] } },
{ "type": "Feature", "properties": { "内容": "みどり園【訪問介護】兵庫県加古川市平岡町土山４２３－９", "url": "https://www.kaigokensaku.mhlw.go.jp/28/index.php?action_kouhyou_detail_004_kani=true&JigyosyoCd=2872200049-00&ServiceCd=110&Type=search", "url2": "taishifukusikai.org/midorien/" }, "geometry": { "type": "Point", "coordinates": [ 134.896183800000017, 34.7284594 ] } },
{ "type": "Feature", "properties": { "内容": "鶴林園ホームヘルプサービスセンター【訪問介護】兵庫県加古川市志方町細工所１０８６番地", "url": "https://www.kaigokensaku.mhlw.go.jp/28/index.php?action_kouhyou_detail_004_kani=true&JigyosyoCd=2872200411-00&ServiceCd=110&Type=search", "url2": "https://www.kakurinen.com" }, "geometry": { "type": "Point", "coordinates": [ 134.841593500000045, 34.8403443 ] } },
{ "type": "Feature", "properties": { "内容": "ホームヘルプサービス万亀園【訪問介護】兵庫県加古川市野口町水足１０７-１", "url": "https://www.kaigokensaku.mhlw.go.jp/28/index.php?action_kouhyou_detail_004_kani=true&JigyosyoCd=2872200502-00&ServiceCd=110&Type=search", "url2": "https://www.mankikai.org" }, "geometry": { "type": "Point", "coordinates": [ 134.869716199999971, 34.7623054 ] } },
{ "type": "Feature", "properties": { "内容": "ニチイケアセンターべふ【訪問介護】兵庫県加古川市別府町新野辺北町3丁目56-1", "url": "https://www.kaigokensaku.mhlw.go.jp/28/index.php?action_kouhyou_detail_004_kani=true&JigyosyoCd=2872200783-00&ServiceCd=110&Type=search", "url2": null }, "geometry": { "type": "Point", "coordinates": [ 134.838486399999965, 34.7366493 ] } },
{ "type": "Feature", "properties": { "内容": "ケアサービスみらい【訪問介護】兵庫県加古川市加古川町本町４６５", "url": "https://www.kaigokensaku.mhlw.go.jp/28/index.php?action_kouhyou_detail_004_kani=true&JigyosyoCd=2872202458-00&ServiceCd=110&Type=search", "url2": null }, "geometry": { "type": "Point", "coordinates": [ 134.832327600000013, 34.770457 ] } },
{ "type": "Feature", "properties": { "内容": "ヘルパーステーション　たけのこ【訪問介護】東神吉町砂部133", "url": "https://www.kaigokensaku.mhlw.go.jp/28/index.php?action_kouhyou_detail_004_kani=true&JigyosyoCd=2872203464-00&ServiceCd=110&Type=search", "url2": "http://takehana-kaigo.co.jp/" }, "geometry": { "type": "Point", "coordinates": [ 134.828459100000032, 34.779976 ] } },
{ "type": "Feature", "properties": { "内容": "訪問介護センター　はっぴいあかり【訪問介護】兵庫県　加古川市　山手1丁目19番4号", "url": "https://www.kaigokensaku.mhlw.go.jp/28/index.php?action_kouhyou_detail_004_kani=true&JigyosyoCd=2872200569-00&ServiceCd=110&Type=search", "url2": "http://akari-fukushikai.com" }, "geometry": { "type": "Point", "coordinates": [ 134.8874505, 34.779201 ] } },
{ "type": "Feature", "properties": { "内容": "ヴィラ播磨　ホームヘルパーステーション【訪問介護】兵庫県加古川市志方町成井１００番地", "url": "https://www.kaigokensaku.mhlw.go.jp/28/index.php?action_kouhyou_detail_004_kani=true&JigyosyoCd=2872200650-00&ServiceCd=110&Type=search", "url2": "https://harima.tokuyou.jp" }, "geometry": { "type": "Point", "coordinates": [ 134.803247164418025, 34.816218161839146 ] } },
{ "type": "Feature", "properties": { "内容": "生き活きサポート加古川【訪問介護】兵庫県加古川市東神吉町西井ノ口７６３番地", "url": "https://www.kaigokensaku.mhlw.go.jp/28/index.php?action_kouhyou_detail_004_kani=true&JigyosyoCd=2872202789-00&ServiceCd=110&Type=search", "url2": null }, "geometry": { "type": "Point", "coordinates": [ 134.823800825131201, 34.782965247188883 ] } },
{ "type": "Feature", "properties": { "内容": "樹楽・にじむすび　加古川【訪問介護】兵庫県加古川市加古川町粟津82-2朝日プラザ205", "url": "https://www.kaigokensaku.mhlw.go.jp/28/index.php?action_kouhyou_detail_004_kani=true&JigyosyoCd=2872204082-00&ServiceCd=110&Type=search", "url2": "http://kiraku-nijimusubi.com/shisetsu/kakogawa" }, "geometry": { "type": "Point", "coordinates": [ 134.8353774, 34.7585388 ] } },
{ "type": "Feature", "properties": { "内容": "せいりょう園ホームヘルパーステーション【訪問介護】兵庫県加古川市野口町長砂95-32", "url": "https://www.kaigokensaku.mhlw.go.jp/28/index.php?action_kouhyou_detail_004_kani=true&JigyosyoCd=2872200528-00&ServiceCd=110&Type=search", "url2": "http://seiryoen.or.jp" }, "geometry": { "type": "Point", "coordinates": [ 134.848251900000037, 34.7497454 ] } },
{ "type": "Feature", "properties": { "内容": "あっぷる訪問介護事業所加古川【訪問介護】兵庫県加古川市尾上町旭3丁目50", "url": "https://www.kaigokensaku.mhlw.go.jp/28/index.php?action_kouhyou_detail_004_kani=true&JigyosyoCd=2872200965-00&ServiceCd=110&Type=search", "url2": "http://www.apple-117,jp/" }, "geometry": { "type": "Point", "coordinates": [ 134.818238400000041, 34.7515201 ] } },
{ "type": "Feature", "properties": { "内容": "ホームヘルパーステーション　なのはな加古川【訪問介護】加古川市野口町北野1238-11", "url": "https://www.kaigokensaku.mhlw.go.jp/28/index.php?action_kouhyou_detail_004_kani=true&JigyosyoCd=2872201831-00&ServiceCd=110&Type=search", "url2": null }, "geometry": { "type": "Point", "coordinates": [ 134.87946758385317, 34.759178478799207 ] } },
{ "type": "Feature", "properties": { "内容": "ぬくもりヘルパーステーション【訪問介護】兵庫県加古川市野口町長砂８９７番地の４ぬくもりデイサービス長砂", "url": "https://www.kaigokensaku.mhlw.go.jp/28/index.php?action_kouhyou_detail_004_kani=true&JigyosyoCd=2872203803-00&ServiceCd=110&Type=search", "url2": "https://nukumori.synnefo.shop" }, "geometry": { "type": "Point", "coordinates": [ 134.840027561194603, 34.748578929656162 ] } },
{ "type": "Feature", "properties": { "内容": "花花介護ステーション【訪問介護】兵庫県加古川市加古川町北在家548-8", "url": "https://www.kaigokensaku.mhlw.go.jp/28/index.php?action_kouhyou_detail_004_kani=true&JigyosyoCd=2872201658-00&ServiceCd=110&Type=search", "url2": null }, "geometry": { "type": "Point", "coordinates": [ 134.829893977445977, 34.752288995284424 ] } },
{ "type": "Feature", "properties": { "内容": "ＮＰＯ法人訪問介護ハバナケア【訪問介護】兵庫県加古川市加古川町新在家二丁目274-4　サンロードビル6Ｆ", "url": "https://www.kaigokensaku.mhlw.go.jp/28/index.php?action_kouhyou_detail_004_kani=true&JigyosyoCd=2872201666-00&ServiceCd=110&Type=search", "url2": null }, "geometry": { "type": "Point", "coordinates": [ 134.867572071827681, 34.744795859170416 ] } },
{ "type": "Feature", "properties": { "内容": "ＮＰＯ法人ハート・ケア・ステーション【訪問介護】野口町古大内３０２番地の２ソレアードバーリオ１０３", "url": "https://www.kaigokensaku.mhlw.go.jp/28/index.php?action_kouhyou_detail_004_kani=true&JigyosyoCd=2872202540-00&ServiceCd=110&Type=search", "url2": "https://care-st.jimdofree.com/" }, "geometry": { "type": "Point", "coordinates": [ 134.852155840475461, 34.746363380651658 ] } },
{ "type": "Feature", "properties": { "内容": "加古川さくら園ヘルパーステーション【訪問介護】兵庫県加古川市東神吉町神吉字北山1844－5", "url": "https://www.kaigokensaku.mhlw.go.jp/28/index.php?action_kouhyou_detail_004_kani=true&JigyosyoCd=2872202383-00&ServiceCd=110&Type=search", "url2": "http://www.kakogawa-sakuraen.com/" }, "geometry": { "type": "Point", "coordinates": [ 134.833343104066188, 34.801731822382258 ] } },
{ "type": "Feature", "properties": { "内容": "訪問ステーションなないろ館【訪問介護】加古川市別府町新野辺北町5丁目121-2", "url": "https://www.kaigokensaku.mhlw.go.jp/28/index.php?action_kouhyou_detail_004_kani=true&JigyosyoCd=2872203514-00&ServiceCd=110&Type=search", "url2": null }, "geometry": { "type": "Point", "coordinates": [ 134.8408756, 34.7393366 ] } },
{ "type": "Feature", "properties": { "内容": "ニチイケアセンター加古川【訪問介護】兵庫県加古川市加古川町溝之口700番地平成ビル5F", "url": "https://www.kaigokensaku.mhlw.go.jp/28/index.php?action_kouhyou_detail_004_kani=true&JigyosyoCd=2872200395-00&ServiceCd=110&Type=search", "url2": "http://www.nichiigakkan.co.jp" }, "geometry": { "type": "Point", "coordinates": [ 134.839736915344247, 34.766051731364641 ] } },
{ "type": "Feature", "properties": { "内容": "医心館訪問介護ステーション加古川【訪問介護】兵庫県加古川市加古川町北在家2315番地の1", "url": "https://www.kaigokensaku.mhlw.go.jp/28/index.php?action_kouhyou_detail_004_kani=true&JigyosyoCd=2872204736-00&ServiceCd=110&Type=search", "url2": null }, "geometry": { "type": "Point", "coordinates": [ 134.8356091, 34.7568199 ] } },
{ "type": "Feature", "properties": { "内容": "PetiteJam訪問介護ステーション【訪問介護】野口町良野1762住宅型有料老人ホームPetiteJam（プチジャム）", "url": "https://www.kaigokensaku.mhlw.go.jp/28/index.php?action_kouhyou_detail_004_kani=true&JigyosyoCd=2872204454-00&ServiceCd=110&Type=search", "url2": "https://www.petite-jam.com/" }, "geometry": { "type": "Point", "coordinates": [ 134.839705400000014, 34.7554645 ] } },
{ "type": "Feature", "properties": { "内容": "あるこヘルパーステーション【訪問介護】兵庫県加古川市野口町野口160-6", "url": "https://www.kaigokensaku.mhlw.go.jp/28/index.php?action_kouhyou_detail_004_kani=true&JigyosyoCd=2872203225-00&ServiceCd=110&Type=search", "url2": "https://okrs.co.jp" }, "geometry": { "type": "Point", "coordinates": [ 134.859839974153573, 34.750491325171986 ] } },
{ "type": "Feature", "properties": { "内容": "ヘルパーステーション鈴音【訪問介護】兵庫県赤穂市南野中209-1グレイスNONAKA106", "url": "https://www.kaigokensaku.mhlw.go.jp/28/index.php?action_kouhyou_detail_004_kani=true&JigyosyoCd=2874300581-00&ServiceCd=110&Type=search", "url2": "http://aozorafukushikai.com/" }, "geometry": { "type": "Point", "coordinates": [ 134.4060231, 34.7585283 ] } },
{ "type": "Feature", "properties": { "内容": "赤穂市社会福祉協議会訪問介護事業所【訪問介護】赤穂市中広267番地", "url": "https://www.kaigokensaku.mhlw.go.jp/28/index.php?action_kouhyou_detail_004_kani=true&JigyosyoCd=2874300177-00&ServiceCd=110&Type=search", "url2": "https://ako-shakyo.jp/" }, "geometry": { "type": "Point", "coordinates": [ 134.39794459999996, 34.7511682 ] } },
{ "type": "Feature", "properties": { "内容": "伯鳳会在宅ケアセンター【訪問介護】兵庫県赤穂市加里屋字岩　290-27", "url": "https://www.kaigokensaku.mhlw.go.jp/28/index.php?action_kouhyou_detail_004_kani=true&JigyosyoCd=2874300045-00&ServiceCd=110&Type=search", "url2": "http://www.hakuho.or.jp" }, "geometry": { "type": "Point", "coordinates": [ 134.392954368014557, 34.756962193267675 ] } },
{ "type": "Feature", "properties": { "内容": "みぎわ園ヘルパーステーション【訪問介護】兵庫県西脇市八坂町213-1", "url": "https://www.kaigokensaku.mhlw.go.jp/28/index.php?action_kouhyou_detail_004_kani=true&JigyosyoCd=2871800344-00&ServiceCd=110&Type=search", "url2": "http://www.migiwa.or.jp/" }, "geometry": { "type": "Point", "coordinates": [ 134.945530400000052, 34.9660878 ] } },
{ "type": "Feature", "properties": { "内容": "桜丘ヘルパーステーション【訪問介護】兵庫県西脇市黒田庄町田高313-126", "url": "https://www.kaigokensaku.mhlw.go.jp/28/index.php?action_kouhyou_detail_004_kani=true&JigyosyoCd=2871800310-00&ServiceCd=110&Type=search", "url2": "https://seihoukai-grp.jp/facility_post/sakuragaoka-hst" }, "geometry": { "type": "Point", "coordinates": [ 134.993226981780026, 35.055892321381997 ] } },
{ "type": "Feature", "properties": { "内容": "ナイトウメディックス株式会社　ヘルパーステーションあさひ【訪問介護】兵庫県西脇市西脇1107", "url": "https://www.kaigokensaku.mhlw.go.jp/28/index.php?action_kouhyou_detail_004_kani=true&JigyosyoCd=2871800153-00&ServiceCd=110&Type=search", "url2": "http://naitomedics.co.jp/" }, "geometry": { "type": "Point", "coordinates": [ 134.969808753192581, 34.981768383433021 ] } },
{ "type": "Feature", "properties": { "内容": "西脇市社会福祉協議会ヘルパーステーション【訪問介護】兵庫県西脇市郷瀬町６６６－５社会福祉法人　西脇市社会福祉協議会", "url": "https://www.kaigokensaku.mhlw.go.jp/28/index.php?action_kouhyou_detail_004_kani=true&JigyosyoCd=2871800518-00&ServiceCd=110&Type=search", "url2": "http://www.nishiwaki-wel.or.jp/" }, "geometry": { "type": "Point", "coordinates": [ 134.9704524, 34.9941774 ] } },
{ "type": "Feature", "properties": { "内容": "JAみのり西脇ケアセンター【訪問介護】兵庫県西脇市日野町121", "url": "https://www.kaigokensaku.mhlw.go.jp/28/index.php?action_kouhyou_detail_004_kani=true&JigyosyoCd=2871800237-00&ServiceCd=110&Type=search", "url2": "https://www.ja-minori.jp" }, "geometry": { "type": "Point", "coordinates": [ 134.962086199999931, 35.0098396 ] } },
{ "type": "Feature", "properties": { "内容": "ヘルパーステーションこころの里西脇【訪問介護】兵庫県西脇市下戸田184-1住宅型有料老人ホームこころの里西脇", "url": "https://www.kaigokensaku.mhlw.go.jp/28/index.php?action_kouhyou_detail_004_kani=true&JigyosyoCd=2871800583-00&ServiceCd=110&Type=search", "url2": "http://japan-carelife.com/" }, "geometry": { "type": "Point", "coordinates": [ 134.979302624883957, 34.978262672147494 ] } },
{ "type": "Feature", "properties": { "内容": "ヘルパーステーションらぴす【訪問介護】兵庫県西脇市黒田庄町大門39-1", "url": "https://www.kaigokensaku.mhlw.go.jp/28/index.php?action_kouhyou_detail_004_kani=true&JigyosyoCd=2871800625-00&ServiceCd=110&Type=search", "url2": null }, "geometry": { "type": "Point", "coordinates": [ 134.9916514, 35.0245472 ] } },
{ "type": "Feature", "properties": { "内容": "ケアサポートセンターえがお【訪問介護】兵庫県西脇市野村町249番地の10", "url": "https://www.kaigokensaku.mhlw.go.jp/28/index.php?action_kouhyou_detail_004_kani=true&JigyosyoCd=2871800641-00&ServiceCd=110&Type=search", "url2": "http://hp.kaipoke.biz/2w5/" }, "geometry": { "type": "Point", "coordinates": [ 134.970741800000042, 34.9735931 ] } },
{ "type": "Feature", "properties": { "内容": "ニコニコケアセンター【訪問介護】兵庫県宝塚市鹿塩２丁目１１-２０ウィナーズハウス仁川３０５号", "url": "https://www.kaigokensaku.mhlw.go.jp/28/index.php?action_kouhyou_detail_004_kani=true&JigyosyoCd=2870909013-00&ServiceCd=110&Type=search", "url2": "nikoniko-care.jp" }, "geometry": { "type": "Point", "coordinates": [ 135.357535899999988, 34.7778388 ] } },
{ "type": "Feature", "properties": { "内容": "NPO法人れいんぼう【訪問介護】伊孑志2-8-18", "url": "https://www.kaigokensaku.mhlw.go.jp/28/index.php?action_kouhyou_detail_004_kani=true&JigyosyoCd=2871103996-00&ServiceCd=110&Type=search", "url2": null }, "geometry": { "type": "Point", "coordinates": [ 135.3562785, 34.7999797 ] } },
{ "type": "Feature", "properties": { "内容": "ヘルパーステーション空飛ぶじゅうたん【訪問介護】兵庫県宝塚市旭町２丁目１９－１", "url": "https://www.kaigokensaku.mhlw.go.jp/28/index.php?action_kouhyou_detail_004_kani=true&JigyosyoCd=2871104101-00&ServiceCd=110&Type=search", "url2": null }, "geometry": { "type": "Point", "coordinates": [ 135.357177900000039, 34.809334700000022 ] } },
{ "type": "Feature", "properties": { "内容": "宝塚ちどりヘルパーステーション【訪問介護】宝塚市亀井町10-30", "url": "https://www.kaigokensaku.mhlw.go.jp/28/index.php?action_kouhyou_detail_004_kani=true&JigyosyoCd=2871101495-00&ServiceCd=110&Type=search", "url2": "https://www.chidori.or.jp" }, "geometry": { "type": "Point", "coordinates": [ 135.363411700000029, 34.7930266 ] } },
{ "type": "Feature", "properties": { "内容": "特別養護老人ホーム　宝塚シニアコミュニティ　訪問介護【訪問介護】兵庫県宝塚市大原野字南穴虫1－253特別養護老人ホーム　宝塚シニアコミュニティ", "url": "https://www.kaigokensaku.mhlw.go.jp/28/index.php?action_kouhyou_detail_004_kani=true&JigyosyoCd=2871100133-00&ServiceCd=110&Type=search", "url2": "http://www.yoneda-hospital.com/takaraduka/" }, "geometry": { "type": "Point", "coordinates": [ 135.305594299999939, 34.900857900000034 ] } },
{ "type": "Feature", "properties": { "内容": "アクティブライフ中山倶楽部【訪問介護】宝塚市中山台２－１７－３０", "url": "https://www.kaigokensaku.mhlw.go.jp/28/index.php?action_kouhyou_detail_004_kani=true&JigyosyoCd=2871100307-00&ServiceCd=110&Type=search", "url2": "http://www.activelife.co.jp/zaitaku/nakayama.html." }, "geometry": { "type": "Point", "coordinates": [ 135.370587800000067, 34.8281226 ] } },
{ "type": "Feature", "properties": { "内容": "ケアサポート　リーフ【訪問介護】兵庫県宝塚市伊孑志1-7-15伊都ビル301", "url": "https://www.kaigokensaku.mhlw.go.jp/28/index.php?action_kouhyou_detail_004_kani=true&JigyosyoCd=2871100463-00&ServiceCd=110&Type=search", "url2": "https://care-leaf.com/" }, "geometry": { "type": "Point", "coordinates": [ 135.353855010481283, 34.7980377069943 ] } },
{ "type": "Feature", "properties": { "内容": "ホームヘルプステーション　アスター【訪問介護】宝塚市川面長尾山15番16", "url": "https://www.kaigokensaku.mhlw.go.jp/28/index.php?action_kouhyou_detail_004_kani=true&JigyosyoCd=2871100638-00&ServiceCd=110&Type=search", "url2": "http://www.toujukai.jp/" }, "geometry": { "type": "Point", "coordinates": [ 135.337985099999969, 34.8206758 ] } },
{ "type": "Feature", "properties": { "内容": "シンソエ訪問介護ステーション【訪問介護】兵庫県宝塚市南口二丁目6番21号", "url": "https://www.kaigokensaku.mhlw.go.jp/28/index.php?action_kouhyou_detail_004_kani=true&JigyosyoCd=2871101107-00&ServiceCd=110&Type=search", "url2": "https://shinsoe.com" }, "geometry": { "type": "Point", "coordinates": [ 135.349132852149523, 34.802797487905366 ] } },
{ "type": "Feature", "properties": { "内容": "マーレ・ケアセンター【訪問介護】宝塚市末成町19-44グランデマーレ201", "url": "https://www.kaigokensaku.mhlw.go.jp/28/index.php?action_kouhyou_detail_004_kani=true&JigyosyoCd=2871101164-00&ServiceCd=110&Type=search", "url2": "http://ilmare.jp" }, "geometry": { "type": "Point", "coordinates": [ 135.3608759, 34.7906323 ] } },
{ "type": "Feature", "properties": { "内容": "ケアステーションなな☆てんとう【訪問介護】兵庫県宝塚市山本丸橋3丁目4番6号2階", "url": "https://www.kaigokensaku.mhlw.go.jp/28/index.php?action_kouhyou_detail_004_kani=true&JigyosyoCd=2871101677-00&ServiceCd=110&Type=search", "url2": "https://dream-7.jimdofree.com/" }, "geometry": { "type": "Point", "coordinates": [ 135.391673469766999, 34.812627331070964 ] } },
{ "type": "Feature", "properties": { "内容": "サクラ【訪問介護】兵庫県宝塚市逆瀬川２丁目３－５ー１Fシティーハウス逆瀬川", "url": "https://www.kaigokensaku.mhlw.go.jp/28/index.php?action_kouhyou_detail_004_kani=true&JigyosyoCd=2871102097-00&ServiceCd=110&Type=search", "url2": "https://toratoraryohei.wixsite.com/website" }, "geometry": { "type": "Point", "coordinates": [ 135.350567537727699, 34.796781041382879 ] } },
{ "type": "Feature", "properties": { "内容": "SOMPOケア　宝塚小林　訪問介護【訪問介護】兵庫県宝塚市中野町9-28", "url": "https://www.kaigokensaku.mhlw.go.jp/28/index.php?action_kouhyou_detail_004_kani=true&JigyosyoCd=2871102808-00&ServiceCd=110&Type=search", "url2": "https://www.sompocare.com/service/home/satsuki/H000301" }, "geometry": { "type": "Point", "coordinates": [ 135.356743, 34.7863827 ] } },
{ "type": "Feature", "properties": { "内容": "ケアステーションとくさ【訪問介護】兵庫県宝塚市三笠町7-8", "url": "https://www.kaigokensaku.mhlw.go.jp/28/index.php?action_kouhyou_detail_004_kani=true&JigyosyoCd=2871103095-00&ServiceCd=110&Type=search", "url2": "https://www.yamasaki-cs81.com" }, "geometry": { "type": "Point", "coordinates": [ 135.36961610000003, 34.8130244 ] } },
{ "type": "Feature", "properties": { "内容": "みつばケアステーション【訪問介護】兵庫県宝塚市伊孑志2-6-3サカセイーストビル103", "url": "https://www.kaigokensaku.mhlw.go.jp/28/index.php?action_kouhyou_detail_004_kani=true&JigyosyoCd=2871104051-00&ServiceCd=110&Type=search", "url2": "http://www.mitsuba-care.jp/" }, "geometry": { "type": "Point", "coordinates": [ 135.356264199999941, 34.8008929 ] } },
{ "type": "Feature", "properties": { "内容": "ヘルパーステーション　つ・む・ぐ【訪問介護】兵庫県宝塚市宮の町15-3205号", "url": "https://www.kaigokensaku.mhlw.go.jp/28/index.php?action_kouhyou_detail_004_kani=true&JigyosyoCd=2871104119-00&ServiceCd=110&Type=search", "url2": "http:/www.tsumuguhouse.com/" }, "geometry": { "type": "Point", "coordinates": [ 135.351628299999987, 34.808001 ] } },
{ "type": "Feature", "properties": { "内容": "ことぶきケアセンター【訪問介護】兵庫県宝塚市寿町8-19", "url": "https://www.kaigokensaku.mhlw.go.jp/28/index.php?action_kouhyou_detail_004_kani=true&JigyosyoCd=2871104143-00&ServiceCd=110&Type=search", "url2": "http://www.dworks-inc.jp" }, "geometry": { "type": "Point", "coordinates": [ 135.3658882, 34.8120062 ] } },
{ "type": "Feature", "properties": { "内容": "ケアセンターにっけん宝塚Ⅱ【訪問介護】兵庫県宝塚市安倉南２丁目5-26", "url": "https://www.kaigokensaku.mhlw.go.jp/28/index.php?action_kouhyou_detail_004_kani=true&JigyosyoCd=2871104168-00&ServiceCd=110&Type=search", "url2": "http://www.nikken-m.jp/home/FTakaraduka2/index.php" }, "geometry": { "type": "Point", "coordinates": [ 135.3756696, 34.7965522 ] } },
{ "type": "Feature", "properties": { "内容": "ポラリス訪問介護ステーション宝塚【訪問介護】兵庫県宝塚市旭町3-9-1　ポラリス本社ビル2F", "url": "https://www.kaigokensaku.mhlw.go.jp/28/index.php?action_kouhyou_detail_004_kani=true&JigyosyoCd=2871104358-00&ServiceCd=110&Type=search", "url2": "https://www.polaris.care/office/detail.php?no=MTA3" }, "geometry": { "type": "Point", "coordinates": [ 135.356254048409994, 34.805636509894406 ] } },
{ "type": "Feature", "properties": { "内容": "ヘルパーステーション　ほっこりさん【訪問介護】兵庫県宝塚市今里町24番29号", "url": "https://www.kaigokensaku.mhlw.go.jp/28/index.php?action_kouhyou_detail_004_kani=true&JigyosyoCd=2871104838-00&ServiceCd=110&Type=search", "url2": null }, "geometry": { "type": "Point", "coordinates": [ 135.3712156, 34.8128546 ] } },
{ "type": "Feature", "properties": { "内容": "高齢者生協ケアステーションたからづか【訪問介護】兵庫県宝塚市光明町1-5-104コウメイハイツ104号", "url": "https://www.kaigokensaku.mhlw.go.jp/28/index.php?action_kouhyou_detail_004_kani=true&JigyosyoCd=2871100042-00&ServiceCd=110&Type=search", "url2": "takarazuka-h.2228@kourei-h.org" }, "geometry": { "type": "Point", "coordinates": [ 135.360428700000057, 34.7915044 ] } },
{ "type": "Feature", "properties": { "内容": "ケアステーションポレ・ポレ【訪問介護】兵庫県宝塚市社町1番6号シャルム逆瀬ビル１Ｆ", "url": "https://www.kaigokensaku.mhlw.go.jp/28/index.php?action_kouhyou_detail_004_kani=true&JigyosyoCd=2871100174-00&ServiceCd=110&Type=search", "url2": "https://www.pore2.jp/" }, "geometry": { "type": "Point", "coordinates": [ 135.349105212966947, 34.796441130317497 ] } },
{ "type": "Feature", "properties": { "内容": "ステップこはまヘルパーステーション【訪問介護】兵庫県宝塚市小浜４丁目５番６号ステップハウス宝塚北棟３階", "url": "https://www.kaigokensaku.mhlw.go.jp/28/index.php?action_kouhyou_detail_004_kani=true&JigyosyoCd=2871100216-00&ServiceCd=110&Type=search", "url2": "http://www.takarazuka-fukushi.or.jp/" }, "geometry": { "type": "Point", "coordinates": [ 135.366088900000022, 34.8049558 ] } },
{ "type": "Feature", "properties": { "内容": "聖隷ヘルパーステーション宝塚【訪問介護】宝塚市中州1-9-16聖隷ケアセンター宝塚", "url": "https://www.kaigokensaku.mhlw.go.jp/28/index.php?action_kouhyou_detail_004_kani=true&JigyosyoCd=2871100398-00&ServiceCd=110&Type=search", "url2": null }, "geometry": { "type": "Point", "coordinates": [ 135.350573599999962, 34.8016753 ] } },
{ "type": "Feature", "properties": { "内容": "ヘルパーステーション宝塚あいわ苑【訪問介護】兵庫県宝塚市山本東2丁目8-20Waiwaiコミュニティあいわ", "url": "https://www.kaigokensaku.mhlw.go.jp/28/index.php?action_kouhyou_detail_004_kani=true&JigyosyoCd=2871100489-00&ServiceCd=110&Type=search", "url2": "https://swc-aiwakai.jp/" }, "geometry": { "type": "Point", "coordinates": [ 135.388073647655943, 34.820959757790078 ] } },
{ "type": "Feature", "properties": { "内容": "ケアセンターみのり【訪問介護】兵庫県宝塚市売布2丁目1-11", "url": "https://www.kaigokensaku.mhlw.go.jp/28/index.php?action_kouhyou_detail_004_kani=true&JigyosyoCd=2871100745-00&ServiceCd=110&Type=search", "url2": "http//www.kaigo-minori.jp" }, "geometry": { "type": "Point", "coordinates": [ 135.357956100000024, 34.812238 ] } },
{ "type": "Feature", "properties": { "内容": "有限会社　輝きケアサポート【訪問介護】宝塚市亀井町10番74号", "url": "https://www.kaigokensaku.mhlw.go.jp/28/index.php?action_kouhyou_detail_004_kani=true&JigyosyoCd=2871100901-00&ServiceCd=110&Type=search", "url2": null }, "geometry": { "type": "Point", "coordinates": [ 135.361330016428724, 34.791973138624464 ] } },
{ "type": "Feature", "properties": { "内容": "有限会社いきいき介護支援センター【訪問介護】兵庫県宝塚市仁川北3-7-3", "url": "https://www.kaigokensaku.mhlw.go.jp/28/index.php?action_kouhyou_detail_004_kani=true&JigyosyoCd=2871100927-00&ServiceCd=110&Type=search", "url2": "https://r.goope.jp/ikiiki-kaigo" }, "geometry": { "type": "Point", "coordinates": [ 135.356569174279286, 34.774734135972274 ] } },
{ "type": "Feature", "properties": { "内容": "訪問介護センターやすらぎ【訪問介護】宝塚市中野町1番5号メディカルテラス宝塚301", "url": "https://www.kaigokensaku.mhlw.go.jp/28/index.php?action_kouhyou_detail_004_kani=true&JigyosyoCd=2871100950-00&ServiceCd=110&Type=search", "url2": "https://takarazuka-clinic.jp" }, "geometry": { "type": "Point", "coordinates": [ 135.354295724593442, 34.787292341758821 ] } },
{ "type": "Feature", "properties": { "内容": "宝塚市社会福祉協議会　光明ヘルパーステーション【訪問介護】兵庫県宝塚市小林４丁目７－４７２F", "url": "https://www.kaigokensaku.mhlw.go.jp/28/index.php?action_kouhyou_detail_004_kani=true&JigyosyoCd=2871101362-00&ServiceCd=110&Type=search", "url2": "https://t.shakyo.org/" }, "geometry": { "type": "Point", "coordinates": [ 135.357197245230026, 34.792361801562322 ] } },
{ "type": "Feature", "properties": { "内容": "株式会社　世【訪問介護】兵庫県宝塚市安倉南3-1-14", "url": "https://www.kaigokensaku.mhlw.go.jp/28/index.php?action_kouhyou_detail_004_kani=true&JigyosyoCd=2871102089-00&ServiceCd=110&Type=search", "url2": null }, "geometry": { "type": "Point", "coordinates": [ 135.3776547, 34.7975931 ] } },
{ "type": "Feature", "properties": { "内容": "ケアサポートきらら【訪問介護】兵庫県宝塚市大吹町11-35", "url": "https://www.kaigokensaku.mhlw.go.jp/28/index.php?action_kouhyou_detail_004_kani=true&JigyosyoCd=2871102105-00&ServiceCd=110&Type=search", "url2": "http://www.entrystaff.com/kirara/index.html" }, "geometry": { "type": "Point", "coordinates": [ 135.359817900000081, 34.783526164798275 ] } },
{ "type": "Feature", "properties": { "内容": "マザーケアヘルパーステーション宝塚【訪問介護】兵庫県宝塚市光明町29-3エステート川西202", "url": "https://www.kaigokensaku.mhlw.go.jp/28/index.php?action_kouhyou_detail_004_kani=true&JigyosyoCd=2871102196-00&ServiceCd=110&Type=search", "url2": "http://www.nunokame.co.jp" }, "geometry": { "type": "Point", "coordinates": [ 135.35854560000007, 34.7879909 ] } },
{ "type": "Feature", "properties": { "内容": "エルケア株式会社エルケア宝塚ケアセンター【訪問介護】兵庫県宝塚市長尾町７８番地", "url": "https://www.kaigokensaku.mhlw.go.jp/28/index.php?action_kouhyou_detail_004_kani=true&JigyosyoCd=2871102824-00&ServiceCd=110&Type=search", "url2": "http://l-care.jp" }, "geometry": { "type": "Point", "coordinates": [ 135.380651199999988, 34.8143551 ] } },
{ "type": "Feature", "properties": { "内容": "やさしい手西宮宝塚【訪問介護】兵庫県宝塚市安倉北1-10-3　101フレグランス坂上101号", "url": "https://www.kaigokensaku.mhlw.go.jp/28/index.php?action_kouhyou_detail_004_kani=true&JigyosyoCd=2871103202-00&ServiceCd=110&Type=search", "url2": "http://www.nikken-m.jp/home/YTakaraduka/" }, "geometry": { "type": "Point", "coordinates": [ 135.36709079339289, 34.808696137489257 ] } },
{ "type": "Feature", "properties": { "内容": "晃成会介護ステーション【訪問介護】兵庫県宝塚市光明町１－５", "url": "https://www.kaigokensaku.mhlw.go.jp/28/index.php?action_kouhyou_detail_004_kani=true&JigyosyoCd=2871103335-00&ServiceCd=110&Type=search", "url2": "https://www.kouseikai-clinic.or.jp/" }, "geometry": { "type": "Point", "coordinates": [ 135.360428700000057, 34.7915044 ] } },
{ "type": "Feature", "properties": { "内容": "オアシス宝塚　ヘルパーステーション【訪問介護】兵庫県宝塚市小浜３－１２－２３", "url": "https://www.kaigokensaku.mhlw.go.jp/28/index.php?action_kouhyou_detail_004_kani=true&JigyosyoCd=2871103418-00&ServiceCd=110&Type=search", "url2": "http://ja-oasis.com" }, "geometry": { "type": "Point", "coordinates": [ 135.362151505522547, 34.804845757944683 ] } },
{ "type": "Feature", "properties": { "内容": "訪問介護事業所　ほたるの里【訪問介護】兵庫県　宝塚市　南口1丁目2番19号", "url": "https://www.kaigokensaku.mhlw.go.jp/28/index.php?action_kouhyou_detail_004_kani=true&JigyosyoCd=2871103491-00&ServiceCd=110&Type=search", "url2": null }, "geometry": { "type": "Point", "coordinates": [ 135.345593300000019, 34.8003588 ] } },
{ "type": "Feature", "properties": { "内容": "ケアセンターにっけん宝塚【訪問介護】安倉南2-10-22フォーユー宝塚内", "url": "https://www.kaigokensaku.mhlw.go.jp/28/index.php?action_kouhyou_detail_004_kani=true&JigyosyoCd=2871103798-00&ServiceCd=110&Type=search", "url2": null }, "geometry": { "type": "Point", "coordinates": [ 135.376408800000036, 34.793985700000015 ] } },
{ "type": "Feature", "properties": { "内容": "GTLケアサービス宝塚逆瀬川【訪問介護】兵庫県宝塚市伊孑志１丁目４番５２号", "url": "https://www.kaigokensaku.mhlw.go.jp/28/index.php?action_kouhyou_detail_004_kani=true&JigyosyoCd=2871103871-00&ServiceCd=110&Type=search", "url2": null }, "geometry": { "type": "Point", "coordinates": [ 135.352634599999988, 34.799645 ] } },
{ "type": "Feature", "properties": { "内容": "ヘルパーステーション　クローバー【訪問介護】兵庫県宝塚市山本丸橋1丁目５－３０ソレイユ山本２０６号室", "url": "https://www.kaigokensaku.mhlw.go.jp/28/index.php?action_kouhyou_detail_004_kani=true&JigyosyoCd=2871104135-00&ServiceCd=110&Type=search", "url2": null }, "geometry": { "type": "Point", "coordinates": [ 135.392087, 34.8159945 ] } },
{ "type": "Feature", "properties": { "内容": "ケア２１宝塚【訪問介護】兵庫県宝塚市逆瀬川１－１１－１４後北ビル４階", "url": "https://www.kaigokensaku.mhlw.go.jp/28/index.php?action_kouhyou_detail_004_kani=true&JigyosyoCd=2871104176-00&ServiceCd=110&Type=search", "url2": null }, "geometry": { "type": "Point", "coordinates": [ 135.3529289, 34.7979702 ] } },
{ "type": "Feature", "properties": { "内容": "特定非営利活動法人えくぼ【訪問介護】兵庫県宝塚市米谷1丁目27-2", "url": "https://www.kaigokensaku.mhlw.go.jp/28/index.php?action_kouhyou_detail_004_kani=true&JigyosyoCd=2871104184-00&ServiceCd=110&Type=search", "url2": null }, "geometry": { "type": "Point", "coordinates": [ 135.364858199999986, 34.8100542 ] } },
{ "type": "Feature", "properties": { "内容": "ベストライフ宝塚訪問介護事業所【訪問介護】兵庫県宝塚市谷口町1-14", "url": "https://www.kaigokensaku.mhlw.go.jp/28/index.php?action_kouhyou_detail_004_kani=true&JigyosyoCd=2871104408-00&ServiceCd=110&Type=search", "url2": null }, "geometry": { "type": "Point", "coordinates": [ 135.3541036, 34.7870489 ] } },
{ "type": "Feature", "properties": { "内容": "ニコニコケアセンター【訪問介護】兵庫県宝塚市鹿塩2-11-20WINNERSHOUSENIGAWA305号室", "url": "https://www.kaigokensaku.mhlw.go.jp/28/index.php?action_kouhyou_detail_004_kani=true&JigyosyoCd=2871104721-00&ServiceCd=110&Type=search", "url2": "nikoniko-care.jp" }, "geometry": { "type": "Point", "coordinates": [ 135.357535899999988, 34.7778388 ] } },
{ "type": "Feature", "properties": { "内容": "ハーモニーケアステーション【訪問介護】宝塚市栄町3-1-17グリーンエクセル宝塚101", "url": "https://www.kaigokensaku.mhlw.go.jp/28/index.php?action_kouhyou_detail_004_kani=true&JigyosyoCd=2871100190-00&ServiceCd=110&Type=search", "url2": "http://www.harmony-cs.com" }, "geometry": { "type": "Point", "coordinates": [ 135.3375992, 34.8115408 ] } },
{ "type": "Feature", "properties": { "内容": "ニチイケアセンター宝塚【訪問介護】兵庫県宝塚市栄町２丁目2-1ソリオ宝塚第３ビル６F", "url": "https://www.kaigokensaku.mhlw.go.jp/28/index.php?action_kouhyou_detail_004_kani=true&JigyosyoCd=2871100208-00&ServiceCd=110&Type=search", "url2": "http://www.nichiigakkan.co.jp" }, "geometry": { "type": "Point", "coordinates": [ 135.340237900000034, 34.8100909 ] } },
{ "type": "Feature", "properties": { "内容": "ニチイケアセンター中山【訪問介護】兵庫県宝塚市中筋5－19－4アリビオ中山寺2階", "url": "https://www.kaigokensaku.mhlw.go.jp/28/index.php?action_kouhyou_detail_004_kani=true&JigyosyoCd=2871101297-00&ServiceCd=110&Type=search", "url2": "http://www.nichiigakkan.co.jp" }, "geometry": { "type": "Point", "coordinates": [ 135.374873900000011, 34.8158436 ] } },
{ "type": "Feature", "properties": { "内容": "宝塚医療生協ヘルパーステーションひだまり【訪問介護】兵庫県宝塚市高松町５番１０号ひだまり会館3階", "url": "https://www.kaigokensaku.mhlw.go.jp/28/index.php?action_kouhyou_detail_004_kani=true&JigyosyoCd=2871101420-00&ServiceCd=110&Type=search", "url2": "http://www.takarazuka-mcoop.net" }, "geometry": { "type": "Point", "coordinates": [ 135.367732108449218, 34.790732534105857 ] } },
{ "type": "Feature", "properties": { "内容": "ひまわり【訪問介護】兵庫県宝塚市長尾町17番4号", "url": "https://www.kaigokensaku.mhlw.go.jp/28/index.php?action_kouhyou_detail_004_kani=true&JigyosyoCd=2871101842-00&ServiceCd=110&Type=search", "url2": null }, "geometry": { "type": "Point", "coordinates": [ 135.382112099999972, 34.8150884 ] } },
{ "type": "Feature", "properties": { "内容": "訪問介護ステーションライフイズ【訪問介護】兵庫県宝塚市鹿塩2丁目8-13", "url": "https://www.kaigokensaku.mhlw.go.jp/28/index.php?action_kouhyou_detail_004_kani=true&JigyosyoCd=2871103483-00&ServiceCd=110&Type=search", "url2": "https://www.lifeis-jp.co.jp/" }, "geometry": { "type": "Point", "coordinates": [ 135.357471842327868, 34.778516258902989 ] } },
{ "type": "Feature", "properties": { "内容": "ベストスマイル【訪問介護】宝塚市山本東3-10-1リーガルコート山本駅前103", "url": "https://www.kaigokensaku.mhlw.go.jp/28/index.php?action_kouhyou_detail_004_kani=true&JigyosyoCd=2871103558-00&ServiceCd=110&Type=search", "url2": "https://bestsmile2015.com/" }, "geometry": { "type": "Point", "coordinates": [ 135.391536300000013, 34.8143831 ] } },
{ "type": "Feature", "properties": { "内容": "中山ちどり訪問介護事業所【訪問介護】兵庫県宝塚市中山桜台1丁目7番1号", "url": "https://www.kaigokensaku.mhlw.go.jp/28/index.php?action_kouhyou_detail_004_kani=true&JigyosyoCd=2871103749-00&ServiceCd=110&Type=search", "url2": "http://www.chidori.or.jp" }, "geometry": { "type": "Point", "coordinates": [ 135.3679995, 34.8306689 ] } },
{ "type": "Feature", "properties": { "内容": "ニチイケアセンターさかせがわ【訪問介護】兵庫県宝塚市逆瀬川1丁目13番18号宝祥ビル301号室", "url": "https://www.kaigokensaku.mhlw.go.jp/28/index.php?action_kouhyou_detail_004_kani=true&JigyosyoCd=2871104226-00&ServiceCd=110&Type=search", "url2": "http://www.nichiigakkan.co.jp" }, "geometry": { "type": "Point", "coordinates": [ 135.3529943, 34.7986703 ] } },
{ "type": "Feature", "properties": { "内容": "ニチイケアセンターはなやしき【訪問介護】兵庫県宝塚市雲雀丘2丁目1-3雲雀丘文化会館105号室", "url": "https://www.kaigokensaku.mhlw.go.jp/28/index.php?action_kouhyou_detail_004_kani=true&JigyosyoCd=2871104234-00&ServiceCd=110&Type=search", "url2": "http://www.nichiigakkan.co.jp" }, "geometry": { "type": "Point", "coordinates": [ 135.401354700000013, 34.8266681 ] } },
{ "type": "Feature", "properties": { "内容": "さくら彩ホームケア【訪問介護】兵庫県宝塚市中山寺1丁目13-25メゾンド中山203", "url": "https://www.kaigokensaku.mhlw.go.jp/28/index.php?action_kouhyou_detail_004_kani=true&JigyosyoCd=2871104325-00&ServiceCd=110&Type=search", "url2": "https://ohka-ltd.com" }, "geometry": { "type": "Point", "coordinates": [ 135.3695397, 34.8195802 ] } },
{ "type": "Feature", "properties": { "内容": "ヘルパーステーションあむ【訪問介護】宝塚市安倉北3丁目4番6号", "url": "https://www.kaigokensaku.mhlw.go.jp/28/index.php?action_kouhyou_detail_004_kani=true&JigyosyoCd=2871104390-00&ServiceCd=110&Type=search", "url2": null }, "geometry": { "type": "Point", "coordinates": [ 135.369289495558661, 34.807634715235999 ] } },
{ "type": "Feature", "properties": { "内容": "ツクイ宝塚【訪問介護】小林5丁目13-47サンパレス21　1F東号室", "url": "https://www.kaigokensaku.mhlw.go.jp/28/index.php?action_kouhyou_detail_004_kani=true&JigyosyoCd=2871104473-00&ServiceCd=110&Type=search", "url2": "http://www.tsukui.net" }, "geometry": { "type": "Point", "coordinates": [ 135.356192844689303, 34.792047416238603 ] } },
{ "type": "Feature", "properties": { "内容": "アリア宝塚ケアステーション【訪問介護】兵庫県宝塚市野上２丁目３番４４号", "url": "https://www.kaigokensaku.mhlw.go.jp/28/index.php?action_kouhyou_detail_004_kani=true&JigyosyoCd=2871104572-00&ServiceCd=110&Type=search", "url2": null }, "geometry": { "type": "Point", "coordinates": [ 135.3459368, 34.79582460000001 ] } },
{ "type": "Feature", "properties": { "内容": "ケアセンターりゅうら【訪問介護】中筋山手２丁目２番１６号Ｂ５", "url": "https://www.kaigokensaku.mhlw.go.jp/28/index.php?action_kouhyou_detail_004_kani=true&JigyosyoCd=2871104770-00&ServiceCd=110&Type=search", "url2": null }, "geometry": { "type": "Point", "coordinates": [ 135.369893499999989, 34.8233485 ] } },
{ "type": "Feature", "properties": { "内容": "宝塚ライフケア【訪問介護】兵庫県宝塚市安倉中3-10-1ライフケア宝塚", "url": "https://www.kaigokensaku.mhlw.go.jp/28/index.php?action_kouhyou_detail_004_kani=true&JigyosyoCd=2871102865-00&ServiceCd=110&Type=search", "url2": "http://t-lifecare.co.jp/access" }, "geometry": { "type": "Point", "coordinates": [ 135.373953870088201, 34.802561373426201 ] } },
{ "type": "Feature", "properties": { "内容": "すみれの花株式会社【訪問介護】兵庫県宝塚市川面５丁目１６番３９号", "url": "https://www.kaigokensaku.mhlw.go.jp/28/index.php?action_kouhyou_detail_004_kani=true&JigyosyoCd=2871101982-00&ServiceCd=110&Type=search", "url2": null }, "geometry": { "type": "Point", "coordinates": [ 135.339324599999969, 34.8129503 ] } },
{ "type": "Feature", "properties": { "内容": "ハッピース株式会社【訪問介護】兵庫県宝塚市小浜5丁目13-16", "url": "https://www.kaigokensaku.mhlw.go.jp/28/index.php?action_kouhyou_detail_004_kani=true&JigyosyoCd=2871103046-00&ServiceCd=110&Type=search", "url2": null }, "geometry": { "type": "Point", "coordinates": [ 135.363664, 34.807897 ] } },
{ "type": "Feature", "properties": { "内容": "ヘルパーステーションナッセケアベイス宝塚【訪問介護】兵庫県宝塚市伊孑志1‐8‐45住宅型有料老人ホームナッセケアベイス宝塚", "url": "https://www.kaigokensaku.mhlw.go.jp/28/index.php?action_kouhyou_detail_004_kani=true&JigyosyoCd=2871104747-00&ServiceCd=110&Type=search", "url2": "https://n-carebase.jp" }, "geometry": { "type": "Point", "coordinates": [ 135.3529442, 34.7969779 ] } },
{ "type": "Feature", "properties": { "内容": "ヘルパーステーション　こころん【訪問介護】兵庫県宝塚市南ひばりが丘2-11-15-304", "url": "https://www.kaigokensaku.mhlw.go.jp/28/index.php?action_kouhyou_detail_004_kani=true&JigyosyoCd=2871104085-00&ServiceCd=110&Type=search", "url2": null }, "geometry": { "type": "Point", "coordinates": [ 135.397717146696465, 34.821230213608494 ] } },
{ "type": "Feature", "properties": { "内容": "のびのび【訪問介護】兵庫県宝塚市鹿塩1ｰ2ｰ15仁川コーポB棟209", "url": "https://www.kaigokensaku.mhlw.go.jp/28/index.php?action_kouhyou_detail_004_kani=true&JigyosyoCd=2871104846-00&ServiceCd=110&Type=search", "url2": "polako-nobinobi-care.com" }, "geometry": { "type": "Point", "coordinates": [ 135.35487280000001, 34.7829119 ] } },
{ "type": "Feature", "properties": { "内容": "(有)ライフケア・サービス　こころ【訪問介護】兵庫県宝塚市福井町15番4号", "url": "https://www.kaigokensaku.mhlw.go.jp/28/index.php?action_kouhyou_detail_004_kani=true&JigyosyoCd=2871101511-00&ServiceCd=110&Type=search", "url2": null }, "geometry": { "type": "Point", "coordinates": [ 135.358948199999986, 34.7948595 ] } },
{ "type": "Feature", "properties": { "内容": "株式会社　あたたかハウス　宝塚【訪問介護】兵庫県宝塚市小林１－１－８エルホンテ平塚A棟", "url": "https://www.kaigokensaku.mhlw.go.jp/28/index.php?action_kouhyou_detail_004_kani=true&JigyosyoCd=2871103947-00&ServiceCd=110&Type=search", "url2": "atataka.house.nogami＠gmil.com" }, "geometry": { "type": "Point", "coordinates": [ 135.3522682, 34.7956548 ] } },
{ "type": "Feature", "properties": { "内容": "ハート・ウォーム【訪問介護】伊孑志3-13-6", "url": "https://www.kaigokensaku.mhlw.go.jp/28/index.php?action_kouhyou_detail_004_kani=true&JigyosyoCd=2871102568-00&ServiceCd=110&Type=search", "url2": null }, "geometry": { "type": "Point", "coordinates": [ 135.358131578573619, 34.799023080667268 ] } },
{ "type": "Feature", "properties": { "内容": "医療法人社団　仁恵会　介護老人保健施設　サンビラ三木【訪問介護】兵庫県三木市与呂木字高野越６８３－４", "url": "https://www.kaigokensaku.mhlw.go.jp/28/index.php?action_kouhyou_detail_004_kani=true&JigyosyoCd=2852380019-00&ServiceCd=110&Type=search", "url2": "http://www.jinkeikai-group.or.jp/sunvilla/" }, "geometry": { "type": "Point", "coordinates": [ 135.008636993640152, 34.807577793123606 ] } },
{ "type": "Feature", "properties": { "内容": "ニチイケアセンター志染【訪問介護】兵庫県三木市志染町西自由が丘1丁目254番地ベルゲン山下ビル1Ｆ", "url": "https://www.kaigokensaku.mhlw.go.jp/28/index.php?action_kouhyou_detail_004_kani=true&JigyosyoCd=2872301060-00&ServiceCd=110&Type=search", "url2": "http://www.nichiigakkan.co.jp" }, "geometry": { "type": "Point", "coordinates": [ 135.00962, 34.7843339 ] } },
{ "type": "Feature", "properties": { "内容": "三木すみれ訪問介護ステーション【訪問介護】三木市志染町吉田字一本松谷1241-53", "url": "https://www.kaigokensaku.mhlw.go.jp/28/index.php?action_kouhyou_detail_004_kani=true&JigyosyoCd=2872301490-00&ServiceCd=110&Type=search", "url2": "https://miki-sumire-v.jp" }, "geometry": { "type": "Point", "coordinates": [ 135.0151564, 34.7944051 ] } },
{ "type": "Feature", "properties": { "内容": "訪問介護さくら介護センター【訪問介護】兵庫県三木市志染町東自由が丘１－８２１", "url": "https://www.kaigokensaku.mhlw.go.jp/28/index.php?action_kouhyou_detail_004_kani=true&JigyosyoCd=2872300344-00&ServiceCd=110&Type=search", "url2": null }, "geometry": { "type": "Point", "coordinates": [ 135.0243104, 34.7767708 ] } },
{ "type": "Feature", "properties": { "内容": "ハッピーケアサポート【訪問介護】兵庫県三木市末広1丁目6-55", "url": "https://www.kaigokensaku.mhlw.go.jp/28/index.php?action_kouhyou_detail_004_kani=true&JigyosyoCd=2872301391-00&ServiceCd=110&Type=search", "url2": "http://happycare.hp.gogo.jp" }, "geometry": { "type": "Point", "coordinates": [ 134.984881148479474, 34.801272186910445 ] } },
{ "type": "Feature", "properties": { "内容": "三木市社会福祉協議会　ヘルパーステーション【訪問介護】兵庫県三木市大塚１丁目６番４０号　三木市総合保健福祉センター２階", "url": "https://www.kaigokensaku.mhlw.go.jp/28/index.php?action_kouhyou_detail_004_kani=true&JigyosyoCd=2872300930-00&ServiceCd=110&Type=search", "url2": "http://www.miki.or.jp" }, "geometry": { "type": "Point", "coordinates": [ 134.996210099999985, 34.7952746 ] } },
{ "type": "Feature", "properties": { "内容": "みきやま訪問介護ステーション　ミント【訪問介護】兵庫県三木市大村1074番１５９", "url": "https://www.kaigokensaku.mhlw.go.jp/28/index.php?action_kouhyou_detail_004_kani=true&JigyosyoCd=2872301144-00&ServiceCd=110&Type=search", "url2": "https://rehacare.wakeikai-gr.or.jp/" }, "geometry": { "type": "Point", "coordinates": [ 134.969205862032823, 34.809600416716165 ] } },
{ "type": "Feature", "properties": { "内容": "けあさぽーとスピナッチ【訪問介護】兵庫県三木市吉川町山上267番地の１", "url": "https://www.kaigokensaku.mhlw.go.jp/28/index.php?action_kouhyou_detail_004_kani=true&JigyosyoCd=2872301441-00&ServiceCd=110&Type=search", "url2": null }, "geometry": { "type": "Point", "coordinates": [ 135.0920721, 34.8800756 ] } },
{ "type": "Feature", "properties": { "内容": "あいむ介護サービス【訪問介護】三木市宿原1270番地122", "url": "https://www.kaigokensaku.mhlw.go.jp/28/index.php?action_kouhyou_detail_004_kani=true&JigyosyoCd=2872300757-00&ServiceCd=110&Type=search", "url2": "aimukaigo.com" }, "geometry": { "type": "Point", "coordinates": [ 134.998805354423325, 34.794078048441598 ] } },
{ "type": "Feature", "properties": { "内容": "介護サービスさんふらわぁ【訪問介護】兵庫県三木市宿原11-1シルバーハウスひまわりの里2F", "url": "https://www.kaigokensaku.mhlw.go.jp/28/index.php?action_kouhyou_detail_004_kani=true&JigyosyoCd=2872301185-00&ServiceCd=110&Type=search", "url2": null }, "geometry": { "type": "Point", "coordinates": [ 135.000012769311525, 34.797009521123378 ] } },
{ "type": "Feature", "properties": { "内容": "ポリーライフケアサービス有限会社緑が丘営業所【訪問介護】兵庫県三木市緑が丘町中１丁目8-23", "url": "https://www.kaigokensaku.mhlw.go.jp/28/index.php?action_kouhyou_detail_004_kani=true&JigyosyoCd=2872300310-00&ServiceCd=110&Type=search", "url2": "www.poly-lifecare.com" }, "geometry": { "type": "Point", "coordinates": [ 135.029169549073799, 34.768608566894194 ] } },
{ "type": "Feature", "properties": { "内容": "太陽と月の家【訪問介護】兵庫県三木市志染町広野1-106", "url": "https://www.kaigokensaku.mhlw.go.jp/28/index.php?action_kouhyou_detail_004_kani=true&JigyosyoCd=2872301003-00&ServiceCd=110&Type=search", "url2": null }, "geometry": { "type": "Point", "coordinates": [ 135.009390200000013, 34.7808352 ] } },
{ "type": "Feature", "properties": { "内容": "訪問介護ステーションサンフォレスタ【訪問介護】兵庫県三木市別所町小林681-6", "url": "https://www.kaigokensaku.mhlw.go.jp/28/index.php?action_kouhyou_detail_004_kani=true&JigyosyoCd=2872301466-00&ServiceCd=110&Type=search", "url2": "https://www.hoyukai.or.jp/sunforesta/" }, "geometry": { "type": "Point", "coordinates": [ 135.0018134, 34.7813178 ] } },
{ "type": "Feature", "properties": { "内容": "ケアセンターみき【訪問介護】兵庫県三木市緑が丘町本町1丁目257", "url": "https://www.kaigokensaku.mhlw.go.jp/28/index.php?action_kouhyou_detail_004_kani=true&JigyosyoCd=2872300351-00&ServiceCd=110&Type=search", "url2": null }, "geometry": { "type": "Point", "coordinates": [ 135.026774304893479, 34.766407471187314 ] } },
{ "type": "Feature", "properties": { "内容": "ヘルパーステーションざくろ【訪問介護】志染町広野5丁目29-3", "url": "https://www.kaigokensaku.mhlw.go.jp/28/index.php?action_kouhyou_detail_004_kani=true&JigyosyoCd=2872301458-00&ServiceCd=110&Type=search", "url2": "https://www.npozakuro.org/helper/" }, "geometry": { "type": "Point", "coordinates": [ 135.0146632, 34.7765082 ] } },
{ "type": "Feature", "properties": { "内容": "ハーモニー訪問介護事業所【訪問介護】兵庫県高砂市高砂町朝日町２丁目８-２８", "url": "https://www.kaigokensaku.mhlw.go.jp/28/index.php?action_kouhyou_detail_004_kani=true&JigyosyoCd=2872100249-00&ServiceCd=110&Type=search", "url2": null }, "geometry": { "type": "Point", "coordinates": [ 134.801782, 34.7541721 ] } },
{ "type": "Feature", "properties": { "内容": "ニチイケアセンター宝殿【訪問介護】兵庫県高砂市神爪１丁目11-40ランディック２階南", "url": "https://www.kaigokensaku.mhlw.go.jp/28/index.php?action_kouhyou_detail_004_kani=true&JigyosyoCd=2872101262-00&ServiceCd=110&Type=search", "url2": null }, "geometry": { "type": "Point", "coordinates": [ 134.8108981, 34.7878019 ] } },
{ "type": "Feature", "properties": { "内容": "ちいきのよりどころ【訪問介護】中島3丁目2-18", "url": "https://www.kaigokensaku.mhlw.go.jp/28/index.php?action_kouhyou_detail_004_kani=true&JigyosyoCd=2872101247-00&ServiceCd=110&Type=search", "url2": null }, "geometry": { "type": "Point", "coordinates": [ 139.71511240000001, 35.5261814 ] } },
{ "type": "Feature", "properties": { "内容": "ふぁ～みんヘルパーステーション【訪問介護】兵庫県高砂市阿弥陀町阿弥陀1146番地", "url": "https://www.kaigokensaku.mhlw.go.jp/28/index.php?action_kouhyou_detail_004_kani=true&JigyosyoCd=2872101445-00&ServiceCd=110&Type=search", "url2": null }, "geometry": { "type": "Point", "coordinates": [ 134.780126, 34.7957082 ] } },
{ "type": "Feature", "properties": { "内容": "ヘルパーステーションNicotto【訪問介護】兵庫県高砂市荒井町小松原2-15-8", "url": "https://www.kaigokensaku.mhlw.go.jp/28/index.php?action_kouhyou_detail_004_kani=true&JigyosyoCd=2872101460-00&ServiceCd=110&Type=search", "url2": "https://nicottonicotto.wixsite.com/nicotto" }, "geometry": { "type": "Point", "coordinates": [ 134.8016197, 34.7601066 ] } },
{ "type": "Feature", "properties": { "内容": "ヘルパーステーション克【訪問介護】兵庫県高砂市今市二丁目12番30号", "url": "https://www.kaigokensaku.mhlw.go.jp/28/index.php?action_kouhyou_detail_004_kani=true&JigyosyoCd=2872101403-00&ServiceCd=110&Type=search", "url2": "https://atk-katsu.com/." }, "geometry": { "type": "Point", "coordinates": [ 134.795160399999986, 34.767975 ] } },
{ "type": "Feature", "properties": { "内容": "介護センター　もみの木【訪問介護】兵庫県高砂市米田町米田59-3.ｺｰﾎﾟﾏｽﾔ1-A", "url": "https://www.kaigokensaku.mhlw.go.jp/28/index.php?action_kouhyou_detail_004_kani=true&JigyosyoCd=2872100512-00&ServiceCd=110&Type=search", "url2": null }, "geometry": { "type": "Point", "coordinates": [ 134.811572100000035, 34.7796174 ] } },
{ "type": "Feature", "properties": { "内容": "（株式会社）まごころケアー研究センター高砂【訪問介護】兵庫県高砂市荒井町御旅１丁目２－３９荒井ビル", "url": "https://www.kaigokensaku.mhlw.go.jp/28/index.php?action_kouhyou_detail_004_kani=true&JigyosyoCd=2872100314-00&ServiceCd=110&Type=search", "url2": "http://cyclo-inc.jp" }, "geometry": { "type": "Point", "coordinates": [ 134.79531350000002, 34.7641934 ] } },
{ "type": "Feature", "properties": { "内容": "特別養護老人ホームのじぎくの里　訪問介護【訪問介護】兵庫県高砂市北浜町西浜773-3", "url": "https://www.kaigokensaku.mhlw.go.jp/28/index.php?action_kouhyou_detail_004_kani=true&JigyosyoCd=2872100322-00&ServiceCd=110&Type=search", "url2": "http://www.nojigiku.or.jp/" }, "geometry": { "type": "Point", "coordinates": [ 134.748401800000011, 34.7855176 ] } },
{ "type": "Feature", "properties": { "内容": "ゆうゆうケアセンター【訪問介護】高砂市米田町米田857-4", "url": "https://www.kaigokensaku.mhlw.go.jp/28/index.php?action_kouhyou_detail_004_kani=true&JigyosyoCd=2872100256-00&ServiceCd=110&Type=search", "url2": "houmonnkaigo@uokawa-home.com" }, "geometry": { "type": "Point", "coordinates": [ 134.808791251101496, 34.774515764217966 ] } },
{ "type": "Feature", "properties": { "内容": "生き活きヘルパーステーション【訪問介護】兵庫県高砂市米田町古新308-1", "url": "https://www.kaigokensaku.mhlw.go.jp/28/index.php?action_kouhyou_detail_004_kani=true&JigyosyoCd=2872100918-00&ServiceCd=110&Type=search", "url2": "http://higashitakasago.web.fc2.com/" }, "geometry": { "type": "Point", "coordinates": [ 134.809417100000019, 34.7721319 ] } },
{ "type": "Feature", "properties": { "内容": "ヘルパーステーションミント【訪問介護】兵庫県高砂市米田町島292-3ラベンダーの家", "url": "https://www.kaigokensaku.mhlw.go.jp/28/index.php?action_kouhyou_detail_004_kani=true&JigyosyoCd=2872101296-00&ServiceCd=110&Type=search", "url2": null }, "geometry": { "type": "Point", "coordinates": [ 134.804402019566112, 34.785342941044128 ] } },
{ "type": "Feature", "properties": { "内容": "常寿園ホームヘルプサービスセンター【訪問介護】兵庫県高砂市北浜町牛谷721-1", "url": "https://www.kaigokensaku.mhlw.go.jp/28/index.php?action_kouhyou_detail_004_kani=true&JigyosyoCd=2872100454-00&ServiceCd=110&Type=search", "url2": "http://www.jyoujyuen.com/" }, "geometry": { "type": "Point", "coordinates": [ 134.76066670000003, 34.7934785 ] } },
{ "type": "Feature", "properties": { "内容": "ほのぼの訪問介護ステーション【訪問介護】兵庫県高砂市米田町米田1119-7", "url": "https://www.kaigokensaku.mhlw.go.jp/28/index.php?action_kouhyou_detail_004_kani=true&JigyosyoCd=2872100561-00&ServiceCd=110&Type=search", "url2": null }, "geometry": { "type": "Point", "coordinates": [ 134.8193268, 34.7789121 ] } },
{ "type": "Feature", "properties": { "内容": "けあビジョンホーム高砂訪問介護【訪問介護】兵庫県高砂市曽根町2452-5", "url": "https://www.kaigokensaku.mhlw.go.jp/28/index.php?action_kouhyou_detail_004_kani=true&JigyosyoCd=2872101361-00&ServiceCd=110&Type=search", "url2": "gh-takasago@carevision-home.com" }, "geometry": { "type": "Point", "coordinates": [ 134.7728208, 34.7740997 ] } },
{ "type": "Feature", "properties": { "内容": "ニチイケアセンター高砂中央【訪問介護】兵庫県高砂市荒井町小松原1丁目１９－３０ロイヤルコーポ荒井101号", "url": "https://www.kaigokensaku.mhlw.go.jp/28/index.php?action_kouhyou_detail_004_kani=true&JigyosyoCd=2872100116-00&ServiceCd=110&Type=search", "url2": "http://www.nichiigakkan.co.jp" }, "geometry": { "type": "Point", "coordinates": [ 134.8023382, 34.7584346 ] } },
{ "type": "Feature", "properties": { "内容": "ヘルパーステーションなごみ【訪問介護】兵庫県高砂市荒井町小松原1-11-3", "url": "https://www.kaigokensaku.mhlw.go.jp/28/index.php?action_kouhyou_detail_004_kani=true&JigyosyoCd=2872100736-00&ServiceCd=110&Type=search", "url2": null }, "geometry": { "type": "Point", "coordinates": [ 134.8026093, 34.7585317 ] } },
{ "type": "Feature", "properties": { "内容": "高砂市社会福祉協議会ふれあい訪問介護事業所【訪問介護】高砂市高砂町松波町440番地の35高砂市ユーアイ福祉交流センター内", "url": "https://www.kaigokensaku.mhlw.go.jp/28/index.php?action_kouhyou_detail_004_kani=true&JigyosyoCd=2872100058-00&ServiceCd=110&Type=search", "url2": "http://www.takasago-syakyo.or.jp/" }, "geometry": { "type": "Point", "coordinates": [ 134.796925865020739, 34.752187007201229 ] } },
{ "type": "Feature", "properties": { "内容": "あきホームケア川西【訪問介護】兵庫県川西市中央町13-10", "url": "https://www.kaigokensaku.mhlw.go.jp/28/index.php?action_kouhyou_detail_004_kani=true&JigyosyoCd=2873102665-00&ServiceCd=110&Type=search", "url2": "homecare-aki.jp" }, "geometry": { "type": "Point", "coordinates": [ 135.4166126, 34.8313122 ] } },
{ "type": "Feature", "properties": { "内容": "有限会社たお【訪問介護】兵庫県川西市栄根2-24-7", "url": "https://www.kaigokensaku.mhlw.go.jp/28/index.php?action_kouhyou_detail_004_kani=true&JigyosyoCd=2873100099-00&ServiceCd=110&Type=search", "url2": null }, "geometry": { "type": "Point", "coordinates": [ 135.410467700000027, 34.821602 ] } },
{ "type": "Feature", "properties": { "内容": "株式会社　ラヴィータピエーナ【訪問介護】兵庫県川西市東畦野５丁目１４－８", "url": "https://www.kaigokensaku.mhlw.go.jp/28/index.php?action_kouhyou_detail_004_kani=true&JigyosyoCd=2873102947-00&ServiceCd=110&Type=search", "url2": "https://www.lavitapiena-peace.com" }, "geometry": { "type": "Point", "coordinates": [ 135.406748, 34.886736900000017 ] } },
{ "type": "Feature", "properties": { "内容": "ふぁみりあ訪問介護センター【訪問介護】東多田2-30-32", "url": "https://www.kaigokensaku.mhlw.go.jp/28/index.php?action_kouhyou_detail_004_kani=true&JigyosyoCd=2873102962-00&ServiceCd=110&Type=search", "url2": "https://www.familiar-2022.com/" }, "geometry": { "type": "Point", "coordinates": [ 135.4232752, 34.8598189 ] } },
{ "type": "Feature", "properties": { "内容": "おひさま川西【訪問介護】兵庫県川西市鼓が滝１丁目２−２５OGOビル２０１号", "url": "https://www.kaigokensaku.mhlw.go.jp/28/index.php?action_kouhyou_detail_004_kani=true&JigyosyoCd=2873102905-00&ServiceCd=110&Type=search", "url2": "http://www.ohisama-sun.com" }, "geometry": { "type": "Point", "coordinates": [ 135.417071334358582, 34.853622373513005 ] } },
{ "type": "Feature", "properties": { "内容": "アイヘルパーステーション【訪問介護】兵庫県川西市鼓が滝1丁目2-9", "url": "https://www.kaigokensaku.mhlw.go.jp/28/index.php?action_kouhyou_detail_004_kani=true&JigyosyoCd=2873102582-00&ServiceCd=110&Type=search", "url2": "https://www.ai-sogo-life.co.jp/" }, "geometry": { "type": "Point", "coordinates": [ 135.4171958, 34.8539024 ] } },
{ "type": "Feature", "properties": { "内容": "湯々館ふれあい介護センター【訪問介護】兵庫県川西市西多田字平井田筋5番地", "url": "https://www.kaigokensaku.mhlw.go.jp/28/index.php?action_kouhyou_detail_004_kani=true&JigyosyoCd=2873100552-00&ServiceCd=110&Type=search", "url2": "http://toto-kan.org/" }, "geometry": { "type": "Point", "coordinates": [ 135.399109800000019, 34.8517237 ] } },
{ "type": "Feature", "properties": { "内容": "プレシャスヘルパーステーション【訪問介護】川西市平野３丁目１５－１７", "url": "https://www.kaigokensaku.mhlw.go.jp/28/index.php?action_kouhyou_detail_004_kani=true&JigyosyoCd=2873101006-00&ServiceCd=110&Type=search", "url2": "http://www.nfsk.jp" }, "geometry": { "type": "Point", "coordinates": [ 135.416938100000039, 34.8707718 ] } },
{ "type": "Feature", "properties": { "内容": "訪問介護事業所　フルライフケア川西【訪問介護】久代４丁目５番３号", "url": "https://www.kaigokensaku.mhlw.go.jp/28/index.php?action_kouhyou_detail_004_kani=true&JigyosyoCd=2873101683-00&ServiceCd=110&Type=search", "url2": null }, "geometry": { "type": "Point", "coordinates": [ 135.404279699999961, 34.802030800000018 ] } },
{ "type": "Feature", "properties": { "内容": "あんず訪問介護事業所【訪問介護】兵庫県川西市小花1丁目12-16", "url": "https://www.kaigokensaku.mhlw.go.jp/28/index.php?action_kouhyou_detail_004_kani=true&JigyosyoCd=2873101709-00&ServiceCd=110&Type=search", "url2": "http://www.furea.jp/" }, "geometry": { "type": "Point", "coordinates": [ 135.413817161697011, 34.82495738226357 ] } },
{ "type": "Feature", "properties": { "内容": "ひかり介護【訪問介護】湯山台1-83-10", "url": "https://www.kaigokensaku.mhlw.go.jp/28/index.php?action_kouhyou_detail_004_kani=true&JigyosyoCd=2873101725-00&ServiceCd=110&Type=search", "url2": "https://hikarikaigo.com/" }, "geometry": { "type": "Point", "coordinates": [ 135.40345909468985, 34.848507437228534 ] } },
{ "type": "Feature", "properties": { "内容": "はなまる【訪問介護】兵庫県川西市西多田２-３３-１２", "url": "https://www.kaigokensaku.mhlw.go.jp/28/index.php?action_kouhyou_detail_004_kani=true&JigyosyoCd=2873102202-00&ServiceCd=110&Type=search", "url2": null }, "geometry": { "type": "Point", "coordinates": [ 135.40928370000006, 34.8561484 ] } },
{ "type": "Feature", "properties": { "内容": "エニシエケア川西【訪問介護】加茂2丁目20番27号", "url": "https://www.kaigokensaku.mhlw.go.jp/28/index.php?action_kouhyou_detail_004_kani=true&JigyosyoCd=2873102251-00&ServiceCd=110&Type=search", "url2": null }, "geometry": { "type": "Point", "coordinates": [ 135.404071, 34.8147115 ] } },
{ "type": "Feature", "properties": { "内容": "あなぶきケアサービス川西【訪問介護】兵庫県川西市小花1丁目6-6アルファリビング川西能勢口駅前", "url": "https://www.kaigokensaku.mhlw.go.jp/28/index.php?action_kouhyou_detail_004_kani=true&JigyosyoCd=2873102426-00&ServiceCd=110&Type=search", "url2": "https://www.a-living.jp/hyogo/kawanishi/" }, "geometry": { "type": "Point", "coordinates": [ 135.414652798854831, 34.8267488 ] } },
{ "type": "Feature", "properties": { "内容": "ヘルパーステーション　すまいる【訪問介護】兵庫県川西市見野2丁目36番11号", "url": "https://www.kaigokensaku.mhlw.go.jp/28/index.php?action_kouhyou_detail_004_kani=true&JigyosyoCd=2873102533-00&ServiceCd=110&Type=search", "url2": "https://smilecare2525.com" }, "geometry": { "type": "Point", "coordinates": [ 135.411905299999944, 34.8934871 ] } },
{ "type": "Feature", "properties": { "内容": "ぽじなじケア【訪問介護】兵庫県川西市中央町15-7セントラルハイツ205号", "url": "https://www.kaigokensaku.mhlw.go.jp/28/index.php?action_kouhyou_detail_004_kani=true&JigyosyoCd=2873102939-00&ServiceCd=110&Type=search", "url2": "https://posinudgecare.wordpress.com/" }, "geometry": { "type": "Point", "coordinates": [ 135.4143769, 34.8315558 ] } },
{ "type": "Feature", "properties": { "内容": "多助【訪問介護】兵庫県川西市栄根2-1-18-3ブロイド川西栄根403号", "url": "https://www.kaigokensaku.mhlw.go.jp/28/index.php?action_kouhyou_detail_004_kani=true&JigyosyoCd=2873103168-00&ServiceCd=110&Type=search", "url2": "https://www.hito-tasuke.com/" }, "geometry": { "type": "Point", "coordinates": [ 135.4128173, 34.825722 ] } },
{ "type": "Feature", "properties": { "内容": "プラスワンケアサポート株式会社【訪問介護】兵庫県川西市栄町25番1号アステ川西5階", "url": "https://www.kaigokensaku.mhlw.go.jp/28/index.php?action_kouhyou_detail_004_kani=true&JigyosyoCd=2873100016-00&ServiceCd=110&Type=search", "url2": "http://www.plusone-group.co.jp" }, "geometry": { "type": "Point", "coordinates": [ 135.4129451, 34.8265127 ] } },
{ "type": "Feature", "properties": { "内容": "川西市社会福祉協議会すこやかサービスセンター【訪問介護】兵庫県川西市火打１丁目１２番１６号キセラ川西プラザ福祉棟１階", "url": "https://www.kaigokensaku.mhlw.go.jp/28/index.php?action_kouhyou_detail_004_kani=true&JigyosyoCd=2873100040-00&ServiceCd=110&Type=search", "url2": "http://www.k-shakyo.or.jp" }, "geometry": { "type": "Point", "coordinates": [ 135.418924582462296, 34.833685012564857 ] } },
{ "type": "Feature", "properties": { "内容": "さぎそう園ホームヘルプサービスセンター【訪問介護】兵庫県川西市丸山台３丁目５番地の６", "url": "https://www.kaigokensaku.mhlw.go.jp/28/index.php?action_kouhyou_detail_004_kani=true&JigyosyoCd=2873100180-00&ServiceCd=110&Type=search", "url2": "http://www.seisin.or.jp" }, "geometry": { "type": "Point", "coordinates": [ 135.408205800000019, 34.9154829 ] } },
{ "type": "Feature", "properties": { "内容": "さわやか北摂【訪問介護】川西市水明台1-2-49", "url": "https://www.kaigokensaku.mhlw.go.jp/28/index.php?action_kouhyou_detail_004_kani=true&JigyosyoCd=2873100495-00&ServiceCd=110&Type=search", "url2": "https://sawayakasan-h.jp/" }, "geometry": { "type": "Point", "coordinates": [ 135.401341848271159, 34.874335120237603 ] } },
{ "type": "Feature", "properties": { "内容": "ほっとあんしんケアセンター【訪問介護】兵庫県川西市美園町１番26号", "url": "https://www.kaigokensaku.mhlw.go.jp/28/index.php?action_kouhyou_detail_004_kani=true&JigyosyoCd=2873100685-00&ServiceCd=110&Type=search", "url2": "https://hotanshin.com" }, "geometry": { "type": "Point", "coordinates": [ 135.41840076417563, 34.830980305761614 ] } },
{ "type": "Feature", "properties": { "内容": "アフェクタヘルパーステーション【訪問介護】兵庫県川西市緑台4-7-37", "url": "https://www.kaigokensaku.mhlw.go.jp/28/index.php?action_kouhyou_detail_004_kani=true&JigyosyoCd=2873102368-00&ServiceCd=110&Type=search", "url2": null }, "geometry": { "type": "Point", "coordinates": [ 135.4057477, 34.8684982 ] } },
{ "type": "Feature", "properties": { "内容": "訪問介護ステーションこころけやき坂【訪問介護】兵庫県川西市多田院2-11-10", "url": "https://www.kaigokensaku.mhlw.go.jp/28/index.php?action_kouhyou_detail_004_kani=true&JigyosyoCd=2873102681-00&ServiceCd=110&Type=search", "url2": "www.caremind.co.jp" }, "geometry": { "type": "Point", "coordinates": [ 135.401650911507033, 34.863172334144664 ] } },
{ "type": "Feature", "properties": { "内容": "訪問介護スマイルラボ川西【訪問介護】兵庫県川西市西多田２－２－８三栄ビル３階", "url": "https://www.kaigokensaku.mhlw.go.jp/28/index.php?action_kouhyou_detail_004_kani=true&JigyosyoCd=2873102822-00&ServiceCd=110&Type=search", "url2": "https://www.smilelab-ltd.jp" }, "geometry": { "type": "Point", "coordinates": [ 135.406092199999989, 34.8535912 ] } },
{ "type": "Feature", "properties": { "内容": "訪問介護ステーション胡蝶の舞【訪問介護】兵庫県川西市向陽台1丁目6-39センタービル", "url": "https://www.kaigokensaku.mhlw.go.jp/28/index.php?action_kouhyou_detail_004_kani=true&JigyosyoCd=2873103119-00&ServiceCd=110&Type=search", "url2": null }, "geometry": { "type": "Point", "coordinates": [ 135.4100832, 34.8714745 ] } },
{ "type": "Feature", "properties": { "内容": "ハートヘルパーステーション【訪問介護】兵庫県川西市丸山台1-7-2", "url": "https://www.kaigokensaku.mhlw.go.jp/28/index.php?action_kouhyou_detail_004_kani=true&JigyosyoCd=2873103135-00&ServiceCd=110&Type=search", "url2": "http://medical-heart.jp" }, "geometry": { "type": "Point", "coordinates": [ 135.3973971, 34.9038803 ] } },
{ "type": "Feature", "properties": { "内容": "ニチイケアセンター川西【訪問介護】兵庫県川西市中央町3-2川西北ビル5F", "url": "https://www.kaigokensaku.mhlw.go.jp/28/index.php?action_kouhyou_detail_004_kani=true&JigyosyoCd=2873100149-00&ServiceCd=110&Type=search", "url2": "http:/www.nichiigakkan.co.jp" }, "geometry": { "type": "Point", "coordinates": [ 135.41535870000007, 34.8293597 ] } },
{ "type": "Feature", "properties": { "内容": "カインドひばりケア【訪問介護】川西市花屋敷2-5-16", "url": "https://www.kaigokensaku.mhlw.go.jp/28/index.php?action_kouhyou_detail_004_kani=true&JigyosyoCd=2873101451-00&ServiceCd=110&Type=search", "url2": null }, "geometry": { "type": "Point", "coordinates": [ 135.40543651567225, 34.828315666978931 ] } },
{ "type": "Feature", "properties": { "内容": "医療法人　協和会　協立ヘルパーステーション【訪問介護】兵庫県川西市中央町15番27号", "url": "https://www.kaigokensaku.mhlw.go.jp/28/index.php?action_kouhyou_detail_004_kani=true&JigyosyoCd=2873102509-00&ServiceCd=110&Type=search", "url2": "https://www.kyowakai.com/home_support/home_care/kyoritsu_helper_station/" }, "geometry": { "type": "Point", "coordinates": [ 135.414689299999907, 34.830765100000015 ] } },
{ "type": "Feature", "properties": { "内容": "医療法人　協和会　スミスヘルパーステーション【訪問介護】平野2丁目11番5号", "url": "https://www.kaigokensaku.mhlw.go.jp/28/index.php?action_kouhyou_detail_004_kani=true&JigyosyoCd=2873102517-00&ServiceCd=110&Type=search", "url2": "http://www.kyowakai.com/kaigo/service/n09aui0000000mxj.html" }, "geometry": { "type": "Point", "coordinates": [ 135.415061156258105, 34.866218029651421 ] } },
{ "type": "Feature", "properties": { "内容": "ニチイケアセンターただ桜木【訪問介護】兵庫県川西市多田桜木2丁目10-37来田ビル2F８号室", "url": "https://www.kaigokensaku.mhlw.go.jp/28/index.php?action_kouhyou_detail_004_kani=true&JigyosyoCd=2873102756-00&ServiceCd=110&Type=search", "url2": "http://www.nichiigakkan.co.jp" }, "geometry": { "type": "Point", "coordinates": [ 135.4153733, 34.8609951 ] } },
{ "type": "Feature", "properties": { "内容": "訪問介護ステーションかえで【訪問介護】兵庫県川西市小花2丁目27-18かえでシニアアルヴァンタウン", "url": "https://www.kaigokensaku.mhlw.go.jp/28/index.php?action_kouhyou_detail_004_kani=true&JigyosyoCd=2873102806-00&ServiceCd=110&Type=search", "url2": "www.kaede-j.jp" }, "geometry": { "type": "Point", "coordinates": [ 135.4152159, 34.8222791 ] } },
{ "type": "Feature", "properties": { "内容": "ニチイライフケア畦野訪問介護事業所【訪問介護】兵庫県川西市見野3丁目11-4ハイツシャローム203", "url": "https://www.kaigokensaku.mhlw.go.jp/28/index.php?action_kouhyou_detail_004_kani=true&JigyosyoCd=2873103085-00&ServiceCd=110&Type=search", "url2": "www.nichii-carepalace.co.jp" }, "geometry": { "type": "Point", "coordinates": [ 135.407096308598312, 34.890363499463675 ] } },
{ "type": "Feature", "properties": { "内容": "おたふく訪問介護サービス【訪問介護】川西市小戸2-12-4", "url": "https://www.kaigokensaku.mhlw.go.jp/28/index.php?action_kouhyou_detail_004_kani=true&JigyosyoCd=2873102004-00&ServiceCd=110&Type=search", "url2": null }, "geometry": { "type": "Point", "coordinates": [ 135.419736470413483, 34.827416080067977 ] } },
{ "type": "Feature", "properties": { "内容": "川西市東畦野１丁目９番７-301号【訪問介護】川西市東畦野１丁目９番７畦野ビル301号", "url": "https://www.kaigokensaku.mhlw.go.jp/28/index.php?action_kouhyou_detail_004_kani=true&JigyosyoCd=2873102871-00&ServiceCd=110&Type=search", "url2": null }, "geometry": { "type": "Point", "coordinates": [ 135.4147178, 34.8838581 ] } },
{ "type": "Feature", "properties": { "内容": "訪問介護月うさぎ【訪問介護】兵庫県川西市大和西3丁目8番地の10", "url": "https://www.kaigokensaku.mhlw.go.jp/28/index.php?action_kouhyou_detail_004_kani=true&JigyosyoCd=2873102970-00&ServiceCd=110&Type=search", "url2": "https://ktshin.my.canva.site/tukiusagi" }, "geometry": { "type": "Point", "coordinates": [ 135.4143891, 34.8902986 ] } },
{ "type": "Feature", "properties": { "内容": "ハピネス川西ホームヘルプサービス【訪問介護】兵庫県川西市加茂3-13-26", "url": "https://www.kaigokensaku.mhlw.go.jp/28/index.php?action_kouhyou_detail_004_kani=true&JigyosyoCd=2873100370-00&ServiceCd=110&Type=search", "url2": "http://www.seisin.or.jp" }, "geometry": { "type": "Point", "coordinates": [ 135.402485399999932, 34.8130084 ] } },
{ "type": "Feature", "properties": { "内容": "青空ケアサービス【訪問介護】兵庫県川西市南花屋敷1-11-13", "url": "https://www.kaigokensaku.mhlw.go.jp/28/index.php?action_kouhyou_detail_004_kani=true&JigyosyoCd=2873102798-00&ServiceCd=110&Type=search", "url2": null }, "geometry": { "type": "Point", "coordinates": [ 135.405617385736065, 34.823394272034911 ] } },
{ "type": "Feature", "properties": { "内容": "ケアサポートシリアスプラン【訪問介護】兵庫県川西市萩原1-15-3横田文化20号", "url": "https://www.kaigokensaku.mhlw.go.jp/28/index.php?action_kouhyou_detail_004_kani=true&JigyosyoCd=2873102616-00&ServiceCd=110&Type=search", "url2": null }, "geometry": { "type": "Point", "coordinates": [ 135.413865100000066, 34.8404308 ] } },
{ "type": "Feature", "properties": { "内容": "訪問介護ステーションあいでる【訪問介護】兵庫県川西市下加茂1-5-20", "url": "https://www.kaigokensaku.mhlw.go.jp/28/index.php?action_kouhyou_detail_004_kani=true&JigyosyoCd=2873103283-00&ServiceCd=110&Type=search", "url2": "https://keyakinomoriaidel.wixsite.com/aidel" }, "geometry": { "type": "Point", "coordinates": [ 135.412105193254092, 34.819365598888275 ] } },
{ "type": "Feature", "properties": { "内容": "ウッドヴィレッジ訪問介護ステーション【訪問介護】兵庫県川西市加茂4丁目5-15", "url": "https://www.kaigokensaku.mhlw.go.jp/28/index.php?action_kouhyou_detail_004_kani=true&JigyosyoCd=2873102863-00&ServiceCd=110&Type=search", "url2": "http//kn-clinic.com" }, "geometry": { "type": "Point", "coordinates": [ 135.4055409, 34.8117861 ] } },
{ "type": "Feature", "properties": { "内容": "ふたばの里　ホームヘルプサービス【訪問介護】兵庫県小野市二葉町80番地の123", "url": "https://www.kaigokensaku.mhlw.go.jp/28/index.php?action_kouhyou_detail_004_kani=true&JigyosyoCd=2871900375-00&ServiceCd=110&Type=search", "url2": "https://hinode.or.jp/futabanosato/" }, "geometry": { "type": "Point", "coordinates": [ 134.946528100000023, 34.8395001 ] } },
{ "type": "Feature", "properties": { "内容": "社会福祉法人　小野市社会福祉協議会　ヘルパーステーション【訪問介護】兵庫県小野市王子町８０１番地", "url": "https://www.kaigokensaku.mhlw.go.jp/28/index.php?action_kouhyou_detail_004_kani=true&JigyosyoCd=2871900631-00&ServiceCd=110&Type=search", "url2": "http://www.ono-shakyo.or.jp/" }, "geometry": { "type": "Point", "coordinates": [ 134.930084599999986, 34.8527097 ] } },
{ "type": "Feature", "properties": { "内容": "粟生逢花苑ヘルパーステーション【訪問介護】小野市粟生町字前田３６１０－１", "url": "https://www.kaigokensaku.mhlw.go.jp/28/index.php?action_kouhyou_detail_004_kani=true&JigyosyoCd=2871900235-00&ServiceCd=110&Type=search", "url2": "http://www.aoyama-med.gr.jp/ontokuwelfear/" }, "geometry": { "type": "Point", "coordinates": [ 134.908439707192997, 34.856929012242297 ] } },
{ "type": "Feature", "properties": { "内容": "ＧＴＬケアサービス小野【訪問介護】小野市黒川町126番地1", "url": "https://www.kaigokensaku.mhlw.go.jp/28/index.php?action_kouhyou_detail_004_kani=true&JigyosyoCd=2871900540-00&ServiceCd=110&Type=search", "url2": null }, "geometry": { "type": "Point", "coordinates": [ 134.941136599999965, 34.851298900000074 ] } },
{ "type": "Feature", "properties": { "内容": "サンウエストヘルパーステーション【訪問介護】三田市小野1139-1", "url": "https://www.kaigokensaku.mhlw.go.jp/28/index.php?action_kouhyou_detail_004_kani=true&JigyosyoCd=2871200222-00&ServiceCd=110&Type=search", "url2": "http://www.sunwest-kaigo.jp" }, "geometry": { "type": "Point", "coordinates": [ 135.232121399999983, 34.9522718 ] } },
{ "type": "Feature", "properties": { "内容": "ホームケアpono【訪問介護】兵庫県三田市上井沢189番地8", "url": "https://www.kaigokensaku.mhlw.go.jp/28/index.php?action_kouhyou_detail_004_kani=true&JigyosyoCd=2871201659-00&ServiceCd=110&Type=search", "url2": null }, "geometry": { "type": "Point", "coordinates": [ 135.1946605, 34.9222392 ] } },
{ "type": "Feature", "properties": { "内容": "株式会社　ホスピア　メディカル事業部　ケア39【訪問介護】兵庫県三田市対中町2-17　3Fメモリアルハウス三田　四季の庭", "url": "https://www.kaigokensaku.mhlw.go.jp/28/index.php?action_kouhyou_detail_004_kani=true&JigyosyoCd=2871200271-00&ServiceCd=110&Type=search", "url2": "http://www.hospia-care39.com/company.html" }, "geometry": { "type": "Point", "coordinates": [ 135.2312647, 34.8825805 ] } },
{ "type": "Feature", "properties": { "内容": "神鉄ケアサービスセンター三田【訪問介護】三田市ゆりのき台1丁目102番ウッディタウン中央駅内", "url": "https://www.kaigokensaku.mhlw.go.jp/28/index.php?action_kouhyou_detail_004_kani=true&JigyosyoCd=2871200297-00&ServiceCd=110&Type=search", "url2": "http://www.shintetsu.co.jp" }, "geometry": { "type": "Point", "coordinates": [ 135.18236509999997, 34.9166552 ] } },
{ "type": "Feature", "properties": { "内容": "さわやか介護ステーション【訪問介護】三田市あかしあ台１－１８－１０", "url": "https://www.kaigokensaku.mhlw.go.jp/28/index.php?action_kouhyou_detail_004_kani=true&JigyosyoCd=2871200339-00&ServiceCd=110&Type=search", "url2": "http://sawayaka.fem.jp" }, "geometry": { "type": "Point", "coordinates": [ 135.18649030000006, 34.8971181 ] } },
{ "type": "Feature", "properties": { "内容": "訪問介護ステ－ション　和（なごみ）【訪問介護】兵庫県三田市天神1丁目2番15号", "url": "https://www.kaigokensaku.mhlw.go.jp/28/index.php?action_kouhyou_detail_004_kani=true&JigyosyoCd=2871201394-00&ServiceCd=110&Type=search", "url2": "https://www.mc-shojin.or.jp/" }, "geometry": { "type": "Point", "coordinates": [ 135.222273099999938, 34.8897264 ] } },
{ "type": "Feature", "properties": { "内容": "訪問介護ステーション想【訪問介護】兵庫県三田市友が丘3-21-1", "url": "https://www.kaigokensaku.mhlw.go.jp/28/index.php?action_kouhyou_detail_004_kani=true&JigyosyoCd=2871201527-00&ServiceCd=110&Type=search", "url2": null }, "geometry": { "type": "Point", "coordinates": [ 135.2266548, 34.9068043 ] } },
{ "type": "Feature", "properties": { "内容": "訪問介護ステーションリバティスクエア【訪問介護】兵庫県三田市けやき台4丁目39-2", "url": "https://www.kaigokensaku.mhlw.go.jp/28/index.php?action_kouhyou_detail_004_kani=true&JigyosyoCd=2871201154-00&ServiceCd=110&Type=search", "url2": "https://www.sanday.co.jp/nursing/index.html" }, "geometry": { "type": "Point", "coordinates": [ 135.18811489999996, 34.9092173 ] } },
{ "type": "Feature", "properties": { "内容": "訪問介護ステーション笑楽三田【訪問介護】兵庫県三田市南が丘2丁目14番23号", "url": "https://www.kaigokensaku.mhlw.go.jp/28/index.php?action_kouhyou_detail_004_kani=true&JigyosyoCd=2871201261-00&ServiceCd=110&Type=search", "url2": "http://わらく.com/" }, "geometry": { "type": "Point", "coordinates": [ 135.215212800000018, 34.8786525 ] } },
{ "type": "Feature", "properties": { "内容": "こころ【訪問介護】兵庫県三田市弥生が丘1-4-19", "url": "https://www.kaigokensaku.mhlw.go.jp/28/index.php?action_kouhyou_detail_004_kani=true&JigyosyoCd=2871201303-00&ServiceCd=110&Type=search", "url2": null }, "geometry": { "type": "Point", "coordinates": [ 135.1982472, 34.8825404 ] } },
{ "type": "Feature", "properties": { "内容": "社会福祉法人　三田市社会福祉協議会　中央ホームヘルパーステーション【訪問介護】兵庫県三田市川除675番地三田市総合福祉保健センター内", "url": "https://www.kaigokensaku.mhlw.go.jp/28/index.php?action_kouhyou_detail_004_kani=true&JigyosyoCd=2871200073-00&ServiceCd=110&Type=search", "url2": "https://www.sanda-shakyo.or.jp" }, "geometry": { "type": "Point", "coordinates": [ 135.217609700000025, 34.8927874 ] } },
{ "type": "Feature", "properties": { "内容": "ニチイケアセンター三田【訪問介護】兵庫県三田市中央町9-38ユマニティビル２F", "url": "https://www.kaigokensaku.mhlw.go.jp/28/index.php?action_kouhyou_detail_004_kani=true&JigyosyoCd=2871200131-00&ServiceCd=110&Type=search", "url2": "http://www.nichiigakkan.co.jp" }, "geometry": { "type": "Point", "coordinates": [ 135.22707, 34.8874989 ] } },
{ "type": "Feature", "properties": { "内容": "社会福祉法人三翠会　ホームヘルプステーションさんすい【訪問介護】兵庫県三田市下相野薬師尾1460番地の1", "url": "https://www.kaigokensaku.mhlw.go.jp/28/index.php?action_kouhyou_detail_004_kani=true&JigyosyoCd=2871200214-00&ServiceCd=110&Type=search", "url2": "https://sansui-en.org" }, "geometry": { "type": "Point", "coordinates": [ 135.155889200000047, 34.9461734 ] } },
{ "type": "Feature", "properties": { "内容": "ニチイケアセンターウッディタウン【訪問介護】兵庫県三田市けやき台３－１２－５", "url": "https://www.kaigokensaku.mhlw.go.jp/28/index.php?action_kouhyou_detail_004_kani=true&JigyosyoCd=2871201147-00&ServiceCd=110&Type=search", "url2": "http://www.nichiigakkan.co.jp" }, "geometry": { "type": "Point", "coordinates": [ 135.196394700000042, 34.9085117 ] } },
{ "type": "Feature", "properties": { "内容": "ヘルパーステーションスイッチオン三田【訪問介護】兵庫県三田市南が丘2丁目6-12", "url": "https://www.kaigokensaku.mhlw.go.jp/28/index.php?action_kouhyou_detail_004_kani=true&JigyosyoCd=2871201469-00&ServiceCd=110&Type=search", "url2": "http://switchon-service.co.jp" }, "geometry": { "type": "Point", "coordinates": [ 135.219562700000012, 34.8780027 ] } },
{ "type": "Feature", "properties": { "内容": "ロジケアさんだ【訪問介護】兵庫県三田市高次２‐６‐６", "url": "https://www.kaigokensaku.mhlw.go.jp/28/index.php?action_kouhyou_detail_004_kani=true&JigyosyoCd=2871201576-00&ServiceCd=110&Type=search", "url2": "http://logicare.co.jp/" }, "geometry": { "type": "Point", "coordinates": [ 135.2325947, 34.8903601 ] } },
{ "type": "Feature", "properties": { "内容": "訪問介護センターひなたぼっこ【訪問介護】兵庫県三田市相生町４３－１", "url": "https://www.kaigokensaku.mhlw.go.jp/28/index.php?action_kouhyou_detail_004_kani=true&JigyosyoCd=2871201006-00&ServiceCd=110&Type=search", "url2": "http://www.collabonet.com" }, "geometry": { "type": "Point", "coordinates": [ 135.228757483655045, 34.883119973989103 ] } },
{ "type": "Feature", "properties": { "内容": "オアシス三田　ヘルパーステーション【訪問介護】兵庫県三田市川除　６７７－１三田JA総合センター　２F", "url": "https://www.kaigokensaku.mhlw.go.jp/28/index.php?action_kouhyou_detail_004_kani=true&JigyosyoCd=2871201170-00&ServiceCd=110&Type=search", "url2": "http://www.ja-oasis.com" }, "geometry": { "type": "Point", "coordinates": [ 135.216818099999955, 34.8923874 ] } },
{ "type": "Feature", "properties": { "内容": "第二サルビア荘　訪問介護事業所【訪問介護】兵庫県加西市国正町1931-2", "url": "https://www.kaigokensaku.mhlw.go.jp/28/index.php?action_kouhyou_detail_004_kani=true&JigyosyoCd=2872600198-00&ServiceCd=110&Type=search", "url2": "http://www.enyuukai.jp" }, "geometry": { "type": "Point", "coordinates": [ 134.933443300000022, 34.943487 ] } },
{ "type": "Feature", "properties": { "内容": "弥栄の園訪問介護事業所【訪問介護】兵庫県加西市北条町西高室595-11サ－ビス付き高齢者向け住宅弥栄の園", "url": "https://www.kaigokensaku.mhlw.go.jp/28/index.php?action_kouhyou_detail_004_kani=true&JigyosyoCd=2872600768-00&ServiceCd=110&Type=search", "url2": "http://www.kenjinkai-swc.or.jp" }, "geometry": { "type": "Point", "coordinates": [ 134.838460700000041, 34.9201394 ] } },
{ "type": "Feature", "properties": { "内容": "ヘルパーステーション訪問介護　ニカサ加西店【訪問介護】兵庫県加西市北条町東南101－20番地", "url": "https://www.kaigokensaku.mhlw.go.jp/28/index.php?action_kouhyou_detail_004_kani=true&JigyosyoCd=2872600750-00&ServiceCd=110&Type=search", "url2": "info@longu-pharmacy.jp" }, "geometry": { "type": "Point", "coordinates": [ 134.833131400000013, 34.9258423 ] } },
{ "type": "Feature", "properties": { "内容": "コケコッコースマイル【訪問介護】兵庫県加西市尾崎町字野田10番１", "url": "https://www.kaigokensaku.mhlw.go.jp/28/index.php?action_kouhyou_detail_004_kani=true&JigyosyoCd=2872600784-00&ServiceCd=110&Type=search", "url2": "https://www.yoneda-hospital.com" }, "geometry": { "type": "Point", "coordinates": [ 134.84883, 34.906029 ] } },
{ "type": "Feature", "properties": { "内容": "ファーストケア訪問介護事業所【訪問介護】兵庫県加西市北条町西高室466-3", "url": "https://www.kaigokensaku.mhlw.go.jp/28/index.php?action_kouhyou_detail_004_kani=true&JigyosyoCd=2872600792-00&ServiceCd=110&Type=search", "url2": "firstcare1150.com" }, "geometry": { "type": "Point", "coordinates": [ 134.835932808598329, 34.919090615253474 ] } },
{ "type": "Feature", "properties": { "内容": "ヘルパーステーション　こころ【訪問介護】北条町北条284－32階", "url": "https://www.kaigokensaku.mhlw.go.jp/28/index.php?action_kouhyou_detail_004_kani=true&JigyosyoCd=2872600875-00&ServiceCd=110&Type=search", "url2": null }, "geometry": { "type": "Point", "coordinates": [ 134.826469, 34.9309062 ] } },
{ "type": "Feature", "properties": { "内容": "訪問介護事業所シンシアケア北条【訪問介護】北条町横尾1-21介護支援住宅シンシアホーム北条", "url": "https://www.kaigokensaku.mhlw.go.jp/28/index.php?action_kouhyou_detail_004_kani=true&JigyosyoCd=2872600891-00&ServiceCd=110&Type=search", "url2": "htps://ruria.be5.jp/" }, "geometry": { "type": "Point", "coordinates": [ 134.8391047, 34.9261986 ] } },
{ "type": "Feature", "properties": { "内容": "社会福祉法人加西市社会福祉協議会　ラヴィかさいホームヘルパーステーション【訪問介護】加西市北条町古坂１０７２番地の１４加西市健康福祉会館", "url": "https://www.kaigokensaku.mhlw.go.jp/28/index.php?action_kouhyou_detail_004_kani=true&JigyosyoCd=2872600149-00&ServiceCd=110&Type=search", "url2": "http://www.kasai-sakyo.com/" }, "geometry": { "type": "Point", "coordinates": [ 134.848390900000027, 34.9242091 ] } },
{ "type": "Feature", "properties": { "内容": "福祉ｻｰﾋﾞｽ事業所とんとん【訪問介護】兵庫県篠山市東古佐211-5", "url": "https://www.kaigokensaku.mhlw.go.jp/28/index.php?action_kouhyou_detail_004_kani=true&JigyosyoCd=2871400681-00&ServiceCd=110&Type=search", "url2": null }, "geometry": { "type": "Point", "coordinates": [ 135.188464140417523, 35.073256329230389 ] } },
{ "type": "Feature", "properties": { "内容": "訪問介護ステーション　大地【訪問介護】東吹980-1", "url": "https://www.kaigokensaku.mhlw.go.jp/28/index.php?action_kouhyou_detail_004_kani=true&JigyosyoCd=2871400772-00&ServiceCd=110&Type=search", "url2": "http://www.kiyoukai.com" }, "geometry": { "type": "Point", "coordinates": [ 135.198318906884765, 35.070511866565909 ] } },
{ "type": "Feature", "properties": { "内容": "ほっと介護・さかい【訪問介護】兵庫県篠山市大野281番地", "url": "https://www.kaigokensaku.mhlw.go.jp/28/index.php?action_kouhyou_detail_004_kani=true&JigyosyoCd=2871400335-00&ServiceCd=110&Type=search", "url2": "http://www2.hp-ez.com/hp/sakaikoumuten-0710" }, "geometry": { "type": "Point", "coordinates": [ 135.190422399999989, 35.0872652 ] } },
{ "type": "Feature", "properties": { "内容": "丹波ささやま農業協同組合　ケアステーション【訪問介護】兵庫県篠山市東新町214-6", "url": "https://www.kaigokensaku.mhlw.go.jp/28/index.php?action_kouhyou_detail_004_kani=true&JigyosyoCd=2871400350-00&ServiceCd=110&Type=search", "url2": "http://www.ja-tanbasasayama.or.jp" }, "geometry": { "type": "Point", "coordinates": [ 135.2204312, 35.0757579 ] } },
{ "type": "Feature", "properties": { "内容": "和寿園訪問介護事業所【訪問介護】兵庫県丹波篠山市高屋24番地", "url": "https://www.kaigokensaku.mhlw.go.jp/28/index.php?action_kouhyou_detail_004_kani=true&JigyosyoCd=2871400509-00&ServiceCd=110&Type=search", "url2": "http://wajuen.jp" }, "geometry": { "type": "Point", "coordinates": [ 135.176731862565589, 35.090457073957722 ] } },
{ "type": "Feature", "properties": { "内容": "丹波篠山市社会福祉協議会　訪問介護事業所【訪問介護】兵庫県丹波篠山市網掛301番地丹波篠山市立丹南健康福祉センター", "url": "https://www.kaigokensaku.mhlw.go.jp/28/index.php?action_kouhyou_detail_004_kani=true&JigyosyoCd=2871400160-00&ServiceCd=110&Type=search", "url2": null }, "geometry": { "type": "Point", "coordinates": [ 135.184026300000028, 35.066386399999985 ] } },
{ "type": "Feature", "properties": { "内容": "訪問介護事業所あおやまの郷【訪問介護】兵庫県丹波篠山市東岡屋680篠山コーポB棟306号", "url": "https://www.kaigokensaku.mhlw.go.jp/28/index.php?action_kouhyou_detail_004_kani=true&JigyosyoCd=2871400764-00&ServiceCd=110&Type=search", "url2": null }, "geometry": { "type": "Point", "coordinates": [ 135.2047963, 35.0743769 ] } },
{ "type": "Feature", "properties": { "内容": "かるべの郷ホームヘルパーステーション【訪問介護】兵庫県養父市広谷83番地", "url": "https://www.kaigokensaku.mhlw.go.jp/28/index.php?action_kouhyou_detail_004_kani=true&JigyosyoCd=2874800663-00&ServiceCd=110&Type=search", "url2": "https://www.karubenosato.com/facility_detail/herupa/" }, "geometry": { "type": "Point", "coordinates": [ 134.773759899999959, 35.3809681 ] } },
{ "type": "Feature", "properties": { "内容": "養父市社会福祉協議会訪問介護事業所【訪問介護】兵庫県養父市八鹿町下網場320番地", "url": "https://www.kaigokensaku.mhlw.go.jp/28/index.php?action_kouhyou_detail_004_kani=true&JigyosyoCd=2874800440-00&ServiceCd=110&Type=search", "url2": "http://www.yabu-shakyo.jp" }, "geometry": { "type": "Point", "coordinates": [ 134.775845500000059, 35.4041657 ] } },
{ "type": "Feature", "properties": { "内容": "訪問介護事業所　フォー・ユー【訪問介護】春日町黒井468-1", "url": "https://www.kaigokensaku.mhlw.go.jp/28/index.php?action_kouhyou_detail_004_kani=true&JigyosyoCd=2871301517-00&ServiceCd=110&Type=search", "url2": null }, "geometry": { "type": "Point", "coordinates": [ 135.098943228158902, 35.169858802882594 ] } },
{ "type": "Feature", "properties": { "内容": "ほのぼの介護　市島　訪問介護事業所【訪問介護】兵庫県丹波市市島町下竹田1406-1", "url": "https://www.kaigokensaku.mhlw.go.jp/28/index.php?action_kouhyou_detail_004_kani=true&JigyosyoCd=2871301533-00&ServiceCd=110&Type=search", "url2": null }, "geometry": { "type": "Point", "coordinates": [ 135.149492556205843, 35.253884038806873 ] } },
{ "type": "Feature", "properties": { "内容": "訪問介護はあと【訪問介護】青垣町西芦田957-1", "url": "https://www.kaigokensaku.mhlw.go.jp/28/index.php?action_kouhyou_detail_004_kani=true&JigyosyoCd=2871301939-00&ServiceCd=110&Type=search", "url2": "i-wish-set-your-heart-on-fire.com" }, "geometry": { "type": "Point", "coordinates": [ 135.014061700000013, 35.2356627 ] } },
{ "type": "Feature", "properties": { "内容": "訪問介護ステーション　オリーブ【訪問介護】兵庫県丹波市柏原町母坪４０４番地", "url": "https://www.kaigokensaku.mhlw.go.jp/28/index.php?action_kouhyou_detail_004_kani=true&JigyosyoCd=2871301863-00&ServiceCd=110&Type=search", "url2": null }, "geometry": { "type": "Point", "coordinates": [ 135.04907510000001, 35.1484676 ] } },
{ "type": "Feature", "properties": { "内容": "丹波市社会福祉協議会ホームヘルプセンター【訪問介護】兵庫県丹波市柏原町柏原2715", "url": "https://www.kaigokensaku.mhlw.go.jp/28/index.php?action_kouhyou_detail_004_kani=true&JigyosyoCd=2871300733-00&ServiceCd=110&Type=search", "url2": "http://www.tambawel.jp" }, "geometry": { "type": "Point", "coordinates": [ 135.065455407237209, 35.136901628170122 ] } },
{ "type": "Feature", "properties": { "内容": "山路園ホームヘルパーステーション【訪問介護】兵庫県丹波市山南町野坂181番地1", "url": "https://www.kaigokensaku.mhlw.go.jp/28/index.php?action_kouhyou_detail_004_kani=true&JigyosyoCd=2871300550-00&ServiceCd=110&Type=search", "url2": "hppt://www.yamajien.com" }, "geometry": { "type": "Point", "coordinates": [ 135.000834299999951, 35.0854135 ] } },
{ "type": "Feature", "properties": { "内容": "たんばりん【訪問介護】兵庫県丹波市氷上町成松307-7フラワーハイツＡ-201", "url": "https://www.kaigokensaku.mhlw.go.jp/28/index.php?action_kouhyou_detail_004_kani=true&JigyosyoCd=2871301764-00&ServiceCd=110&Type=search", "url2": null }, "geometry": { "type": "Point", "coordinates": [ 135.030587299999979, 35.1756364 ] } },
{ "type": "Feature", "properties": { "内容": "なの花ケアステーション【訪問介護】兵庫県丹波市柏原町柏原3145-11", "url": "https://www.kaigokensaku.mhlw.go.jp/28/index.php?action_kouhyou_detail_004_kani=true&JigyosyoCd=2871301988-00&ServiceCd=110&Type=search", "url2": null }, "geometry": { "type": "Point", "coordinates": [ 135.0680066, 35.1381725 ] } },
{ "type": "Feature", "properties": { "内容": "ケアステーション　わたぼうし【訪問介護】兵庫県丹波市氷上町香良684ー４", "url": "https://www.kaigokensaku.mhlw.go.jp/28/index.php?action_kouhyou_detail_004_kani=true&JigyosyoCd=2871300980-00&ServiceCd=110&Type=search", "url2": null }, "geometry": { "type": "Point", "coordinates": [ 135.056064755357397, 35.21006653410096 ] } },
{ "type": "Feature", "properties": { "内容": "訪問介護ステーションケアリスタ【訪問介護】兵庫県丹波市柏原町母坪327-1", "url": "https://www.kaigokensaku.mhlw.go.jp/28/index.php?action_kouhyou_detail_004_kani=true&JigyosyoCd=2871301871-00&ServiceCd=110&Type=search", "url2": null }, "geometry": { "type": "Point", "coordinates": [ 135.047289299999989, 35.1501647 ] } },
{ "type": "Feature", "properties": { "内容": "あかとんぼ　ヘルパー派遣部【訪問介護】兵庫県南あわじ市八木大久保６０３－１", "url": "https://www.kaigokensaku.mhlw.go.jp/28/index.php?action_kouhyou_detail_004_kani=true&JigyosyoCd=2871700445-00&ServiceCd=110&Type=search", "url2": "http://www.hosutaa.com" }, "geometry": { "type": "Point", "coordinates": [ 134.794090399999959, 34.2935578 ] } },
{ "type": "Feature", "properties": { "内容": "南あわじ市社会福祉協議会　訪問介護事業所【訪問介護】兵庫県南あわじ市広田広田1064番地", "url": "https://www.kaigokensaku.mhlw.go.jp/28/index.php?action_kouhyou_detail_004_kani=true&JigyosyoCd=2871700536-00&ServiceCd=110&Type=search", "url2": "http://www.minamiawaji-shakyo.or.jp/" }, "geometry": { "type": "Point", "coordinates": [ 134.829194177703812, 34.324951263552862 ] } },
{ "type": "Feature", "properties": { "内容": "エシェルケア訪問介護事業所【訪問介護】福良甲１４３", "url": "https://www.kaigokensaku.mhlw.go.jp/28/index.php?action_kouhyou_detail_004_kani=true&JigyosyoCd=2871700965-00&ServiceCd=110&Type=search", "url2": "http://echelle-care.com/" }, "geometry": { "type": "Point", "coordinates": [ 134.7228455, 34.2546497 ] } },
{ "type": "Feature", "properties": { "内容": "いくの喜楽苑訪問介護事業所【訪問介護】兵庫県朝来市生野町竹原野240番地", "url": "https://www.kaigokensaku.mhlw.go.jp/28/index.php?action_kouhyou_detail_004_kani=true&JigyosyoCd=2874900257-00&ServiceCd=110&Type=search", "url2": "http://www.kirakuen.or.jp" }, "geometry": { "type": "Point", "coordinates": [ 134.818056800000022, 35.1793436 ] } },
{ "type": "Feature", "properties": { "内容": "ヘルパーステーションなごみの郷【訪問介護】兵庫県朝来市和田山町林垣80-2", "url": "https://www.kaigokensaku.mhlw.go.jp/28/index.php?action_kouhyou_detail_004_kani=true&JigyosyoCd=2874900588-00&ServiceCd=110&Type=search", "url2": "http://www.shunyokai.or.jp/" }, "geometry": { "type": "Point", "coordinates": [ 134.839422919771891, 35.35687459871987 ] } },
{ "type": "Feature", "properties": { "内容": "朝来市社会福祉協議会いきいき介護センター【訪問介護】兵庫県朝来市新井73番地1", "url": "https://www.kaigokensaku.mhlw.go.jp/28/index.php?action_kouhyou_detail_004_kani=true&JigyosyoCd=2874900273-00&ServiceCd=110&Type=search", "url2": "http://www.asagoshakyo.jp/" }, "geometry": { "type": "Point", "coordinates": [ 134.795236217327869, 35.243624747099645 ] } },
{ "type": "Feature", "properties": { "内容": "ＪＡたじま南但介護センター【訪問介護】兵庫県朝来市和田山町栄町25-1", "url": "https://www.kaigokensaku.mhlw.go.jp/28/index.php?action_kouhyou_detail_004_kani=true&JigyosyoCd=2874900224-00&ServiceCd=110&Type=search", "url2": "http://www.ja-tajima.or.jp/" }, "geometry": { "type": "Point", "coordinates": [ 134.837628823773343, 35.308024631375943 ] } },
{ "type": "Feature", "properties": { "内容": "ヘルパーステーションほほえみ【訪問介護】兵庫県淡路市志筑1433-3ほほえみの郷", "url": "https://www.kaigokensaku.mhlw.go.jp/28/index.php?action_kouhyou_detail_004_kani=true&JigyosyoCd=2871601114-00&ServiceCd=110&Type=search", "url2": "http://housei-care.com/" }, "geometry": { "type": "Point", "coordinates": [ 134.900072300000033, 34.4368017 ] } },
{ "type": "Feature", "properties": { "内容": "特定非営利活動法人淡路島ファミリーサポートセンターまあるく【訪問介護】兵庫県淡路市志筑新島10-2", "url": "https://www.kaigokensaku.mhlw.go.jp/28/index.php?action_kouhyou_detail_004_kani=true&JigyosyoCd=2871600561-00&ServiceCd=110&Type=search", "url2": "maaruku-awaji.jimdo.com" }, "geometry": { "type": "Point", "coordinates": [ 134.906608037842574, 34.426109617918044 ] } },
{ "type": "Feature", "properties": { "内容": "訪問介護ステーション津名やすらぎの里【訪問介護】兵庫県淡路市大町下65-1津名やすらぎの里", "url": "https://www.kaigokensaku.mhlw.go.jp/28/index.php?action_kouhyou_detail_004_kani=true&JigyosyoCd=2871601106-00&ServiceCd=110&Type=search", "url2": "https://www.nojigiku.or.jp/pages/25/" }, "geometry": { "type": "Point", "coordinates": [ 134.857734100000016, 34.4366925 ] } },
{ "type": "Feature", "properties": { "内容": "ヘルパーステーションスマイルサポート【訪問介護】兵庫県淡路市岩屋2942-37", "url": "https://www.kaigokensaku.mhlw.go.jp/28/index.php?action_kouhyou_detail_004_kani=true&JigyosyoCd=2871601221-00&ServiceCd=110&Type=search", "url2": null }, "geometry": { "type": "Point", "coordinates": [ 135.023600200000033, 34.5799459 ] } },
{ "type": "Feature", "properties": { "内容": "ほのぼのケアセンター　ヘルパー派遣部【訪問介護】兵庫県淡路市志筑新島6-28", "url": "https://www.kaigokensaku.mhlw.go.jp/28/index.php?action_kouhyou_detail_004_kani=true&JigyosyoCd=2871600140-00&ServiceCd=110&Type=search", "url2": "http://www.hosutaa.com/" }, "geometry": { "type": "Point", "coordinates": [ 134.901669800000036, 34.4264445 ] } },
{ "type": "Feature", "properties": { "内容": "へルパーステーションくるま花水木【訪問介護】兵庫県淡路市久留麻235番地", "url": "https://www.kaigokensaku.mhlw.go.jp/28/index.php?action_kouhyou_detail_004_kani=true&JigyosyoCd=2871601171-00&ServiceCd=110&Type=search", "url2": "http://www.kurumahanamizuki.com" }, "geometry": { "type": "Point", "coordinates": [ 134.990599987696896, 34.53202169084993 ] } },
{ "type": "Feature", "properties": { "内容": "ゆうらぎ訪問介護ステーション【訪問介護】淡路市育波字西地５５８番地２", "url": "https://www.kaigokensaku.mhlw.go.jp/28/index.php?action_kouhyou_detail_004_kani=true&JigyosyoCd=2871600835-00&ServiceCd=110&Type=search", "url2": "http://www.chidorikai.com" }, "geometry": { "type": "Point", "coordinates": [ 134.884194586563581, 34.524905440481994 ] } },
{ "type": "Feature", "properties": { "内容": "聖隷ヘルパ－ステ－ション淡路【訪問介護】兵庫県淡路市志筑1424-1", "url": "https://www.kaigokensaku.mhlw.go.jp/28/index.php?action_kouhyou_detail_004_kani=true&JigyosyoCd=2871600223-00&ServiceCd=110&Type=search", "url2": "http://www.seirei.or.jp/hq/" }, "geometry": { "type": "Point", "coordinates": [ 134.898569700000053, 34.4334132 ] } },
{ "type": "Feature", "properties": { "内容": "ナーブケアステーション【訪問介護】兵庫県淡路市志筑新島９－１", "url": "https://www.kaigokensaku.mhlw.go.jp/28/index.php?action_kouhyou_detail_004_kani=true&JigyosyoCd=2871600850-00&ServiceCd=110&Type=search", "url2": null }, "geometry": { "type": "Point", "coordinates": [ 134.90546960000006, 34.4248252 ] } },
{ "type": "Feature", "properties": { "内容": "かおりの丘ホームヘルプサービス【訪問介護】兵庫県淡路市高山甲４３０番３", "url": "https://www.kaigokensaku.mhlw.go.jp/28/index.php?action_kouhyou_detail_004_kani=true&JigyosyoCd=2871601270-00&ServiceCd=110&Type=search", "url2": "http://kaori.tokuyou.jp/" }, "geometry": { "type": "Point", "coordinates": [ 134.8152055, 34.4386137 ] } },
{ "type": "Feature", "properties": { "内容": "ヘルパーステーションエール【訪問介護】兵庫県淡路市塩尾519番地73", "url": "https://www.kaigokensaku.mhlw.go.jp/28/index.php?action_kouhyou_detail_004_kani=true&JigyosyoCd=2871601288-00&ServiceCd=110&Type=search", "url2": "https://www.yell-kaigo.net" }, "geometry": { "type": "Point", "coordinates": [ 134.894146800000016, 34.413648851063755 ] } },
{ "type": "Feature", "properties": { "内容": "宍粟市社協ヘルパーステーションきた【訪問介護】兵庫県宍粟市波賀町安賀232-1宍粟市立総合教育センター内　宍粟市社会福祉協議会　波賀支部", "url": "https://www.kaigokensaku.mhlw.go.jp/28/index.php?action_kouhyou_detail_004_kani=true&JigyosyoCd=2873800813-00&ServiceCd=110&Type=search", "url2": "http//www.shiso-wel.or.jp" }, "geometry": { "type": "Point", "coordinates": [ 134.54416249999997, 35.1548734 ] } },
{ "type": "Feature", "properties": { "内容": "青山ケアセンター山崎【訪問介護】兵庫県宍粟市山崎町中広瀬121-3", "url": "https://www.kaigokensaku.mhlw.go.jp/28/index.php?action_kouhyou_detail_004_kani=true&JigyosyoCd=2873800474-00&ServiceCd=110&Type=search", "url2": "http://www.aoyama-care.jp" }, "geometry": { "type": "Point", "coordinates": [ 134.547376404229738, 35.003523199019057 ] } },
{ "type": "Feature", "properties": { "内容": "ヘルパーステーションきりん館【訪問介護】兵庫県宍粟市山崎町鹿沢152-2", "url": "https://www.kaigokensaku.mhlw.go.jp/28/index.php?action_kouhyou_detail_004_kani=true&JigyosyoCd=2873800409-00&ServiceCd=110&Type=search", "url2": null }, "geometry": { "type": "Point", "coordinates": [ 134.53618670000003, 35.0016062 ] } },
{ "type": "Feature", "properties": { "内容": "まどか園ヘルパーステーション【訪問介護】宍粟市一宮町福知1030-1", "url": "https://www.kaigokensaku.mhlw.go.jp/28/index.php?action_kouhyou_detail_004_kani=true&JigyosyoCd=2873800763-00&ServiceCd=110&Type=search", "url2": "https://www.shoukyu.or.jp/" }, "geometry": { "type": "Point", "coordinates": [ 134.619577400000026, 35.1541201 ] } },
{ "type": "Feature", "properties": { "内容": "訪問介護事業所あすなろ【訪問介護】兵庫県宍粟市山崎町高下304-5", "url": "https://www.kaigokensaku.mhlw.go.jp/28/index.php?action_kouhyou_detail_004_kani=true&JigyosyoCd=2873800847-00&ServiceCd=110&Type=search", "url2": "http://satuki01999.wixsite.com/home" }, "geometry": { "type": "Point", "coordinates": [ 134.507767400000034, 35.0179491 ] } },
{ "type": "Feature", "properties": { "内容": "宍粟市社協　ヘルパーステーション【訪問介護】兵庫県宍粟市山崎町鹿沢65－3宍粟防災センター　1階", "url": "https://www.kaigokensaku.mhlw.go.jp/28/index.php?action_kouhyou_detail_004_kani=true&JigyosyoCd=2873800821-00&ServiceCd=110&Type=search", "url2": null }, "geometry": { "type": "Point", "coordinates": [ 134.580519699999968, 35.0945702 ] } },
{ "type": "Feature", "properties": { "内容": "ＪＡ兵庫西　高齢者生きがい発揮生活支援センター【訪問介護】兵庫県宍粟市山崎町生谷１９１－１", "url": "https://www.kaigokensaku.mhlw.go.jp/28/index.php?action_kouhyou_detail_004_kani=true&JigyosyoCd=2873800441-00&ServiceCd=110&Type=search", "url2": "http://www.ja-hyogonishi.or.jp" }, "geometry": { "type": "Point", "coordinates": [ 134.543363399999947, 35.0147799 ] } },
{ "type": "Feature", "properties": { "内容": "けあビジョンホーム宍粟訪問介護【訪問介護】山崎町野々上１０５－５", "url": "https://www.kaigokensaku.mhlw.go.jp/28/index.php?action_kouhyou_detail_004_kani=true&JigyosyoCd=2873801183-00&ServiceCd=110&Type=search", "url2": "http://www.visualvision.co.jp" }, "geometry": { "type": "Point", "coordinates": [ 134.5706156, 35.039522500000018 ] } },
{ "type": "Feature", "properties": { "内容": "Get訪問介護岡本【訪問介護】岡本1538", "url": "https://www.kaigokensaku.mhlw.go.jp/28/index.php?action_kouhyou_detail_004_kani=true&JigyosyoCd=2872500869-00&ServiceCd=110&Type=search", "url2": "https://www.getounohana.com/" }, "geometry": { "type": "Point", "coordinates": [ 135.049942, 34.894064 ] } },
{ "type": "Feature", "properties": { "内容": "ライヴリフードサポートきよふく【訪問介護】兵庫県加東市社1536-1", "url": "https://www.kaigokensaku.mhlw.go.jp/28/index.php?action_kouhyou_detail_004_kani=true&JigyosyoCd=2872500752-00&ServiceCd=110&Type=search", "url2": "http://www.fukuwalife.jp" }, "geometry": { "type": "Point", "coordinates": [ 134.9672945, 34.9205731 ] } },
{ "type": "Feature", "properties": { "内容": "ＪＡみのり加東ケアセンター【訪問介護】兵庫県加東市沢部613", "url": "https://www.kaigokensaku.mhlw.go.jp/28/index.php?action_kouhyou_detail_004_kani=true&JigyosyoCd=2872500109-00&ServiceCd=110&Type=search", "url2": "https://www.ja-minori.jp" }, "geometry": { "type": "Point", "coordinates": [ 134.954680300000064, 34.8956721 ] } },
{ "type": "Feature", "properties": { "内容": "訪問介護ステーション　だいだい【訪問介護】上滝野　2331番地", "url": "https://www.kaigokensaku.mhlw.go.jp/28/index.php?action_kouhyou_detail_004_kani=true&JigyosyoCd=2872500729-00&ServiceCd=110&Type=search", "url2": null }, "geometry": { "type": "Point", "coordinates": [ 134.95779390000007, 34.9429844 ] } },
{ "type": "Feature", "properties": { "内容": "伽の里ホームヘルプサービス【訪問介護】兵庫県加東市天神608番地", "url": "https://www.kaigokensaku.mhlw.go.jp/28/index.php?action_kouhyou_detail_004_kani=true&JigyosyoCd=2872500224-00&ServiceCd=110&Type=search", "url2": "http://www.hinode-wf.com/fukushi/togi/" }, "geometry": { "type": "Point", "coordinates": [ 135.0616868, 34.9124994 ] } },
{ "type": "Feature", "properties": { "内容": "ほがらかヘルパーステーション【訪問介護】兵庫県たつの市揖保川町神戸北山126-1", "url": "https://www.kaigokensaku.mhlw.go.jp/28/index.php?action_kouhyou_detail_004_kani=true&JigyosyoCd=2873601013-00&ServiceCd=110&Type=search", "url2": "http://muroi-medical.or.jp/" }, "geometry": { "type": "Point", "coordinates": [ 134.52199040000005, 34.8272215 ] } },
{ "type": "Feature", "properties": { "内容": "ホームヘルパーステーション助さん【訪問介護】兵庫県たつの市龍野町堂本260-1", "url": "https://www.kaigokensaku.mhlw.go.jp/28/index.php?action_kouhyou_detail_004_kani=true&JigyosyoCd=2873600163-00&ServiceCd=110&Type=search", "url2": "http://www.kuwanomien.jp/" }, "geometry": { "type": "Point", "coordinates": [ 134.558293163450543, 34.857095591716558 ] } },
{ "type": "Feature", "properties": { "内容": "株式会社のもと本店【訪問介護】たつの市御津町黒崎２６８", "url": "https://www.kaigokensaku.mhlw.go.jp/28/index.php?action_kouhyou_detail_004_kani=true&JigyosyoCd=2874100015-00&ServiceCd=110&Type=search", "url2": "https://nomoto-ayabe.com" }, "geometry": { "type": "Point", "coordinates": [ 134.559844399999946, 34.7795109 ] } },
{ "type": "Feature", "properties": { "内容": "ヘルパーステーション　ひまわり【訪問介護】兵庫県たつの市龍野町富永311-2", "url": "https://www.kaigokensaku.mhlw.go.jp/28/index.php?action_kouhyou_detail_004_kani=true&JigyosyoCd=2873600841-00&ServiceCd=110&Type=search", "url2": null }, "geometry": { "type": "Point", "coordinates": [ 134.548742700000048, 34.8615343 ] } },
{ "type": "Feature", "properties": { "内容": "あっぷる訪問介護事業所龍野【訪問介護】たつの市龍野町富永５０５－１", "url": "https://www.kaigokensaku.mhlw.go.jp/28/index.php?action_kouhyou_detail_004_kani=true&JigyosyoCd=2873600353-00&ServiceCd=110&Type=search", "url2": "http://www.apple-117.jp/" }, "geometry": { "type": "Point", "coordinates": [ 134.549200300000024, 34.855047700000043 ] } },
{ "type": "Feature", "properties": { "内容": "西はりまグリーンホームホームヘルプサービス【訪問介護】兵庫県たつの市誉田町福田７８０－１", "url": "https://www.kaigokensaku.mhlw.go.jp/28/index.php?action_kouhyou_detail_004_kani=true&JigyosyoCd=2873600072-00&ServiceCd=110&Type=search", "url2": "http://www.enshoukai.com/" }, "geometry": { "type": "Point", "coordinates": [ 134.576959799999941, 34.84955 ] } },
{ "type": "Feature", "properties": { "内容": "JA兵庫西揖龍介護支援センター【訪問介護】兵庫県たつの市揖西町竹万97", "url": "https://www.kaigokensaku.mhlw.go.jp/28/index.php?action_kouhyou_detail_004_kani=true&JigyosyoCd=2873600239-00&ServiceCd=110&Type=search", "url2": "http://www.ja-hyogonishi.or.jp" }, "geometry": { "type": "Point", "coordinates": [ 134.511856364665164, 34.850487192135994 ] } },
{ "type": "Feature", "properties": { "内容": "たつの市社会福祉協議会ヘルパーステーション【訪問介護】兵庫県たつの市龍野町富永428番地3ピアさぽーとセンター", "url": "https://www.kaigokensaku.mhlw.go.jp/28/index.php?action_kouhyou_detail_004_kani=true&JigyosyoCd=2873600494-00&ServiceCd=110&Type=search", "url2": "http://tatsunoshi-syakyo.jp" }, "geometry": { "type": "Point", "coordinates": [ 134.550349614680499, 34.85386403632446 ] } },
{ "type": "Feature", "properties": { "内容": "訪問介護ステーションあかとんぼ【訪問介護】兵庫県たつの市龍野町島田20-1", "url": "https://www.kaigokensaku.mhlw.go.jp/28/index.php?action_kouhyou_detail_004_kani=true&JigyosyoCd=2873601104-00&ServiceCd=110&Type=search", "url2": null }, "geometry": { "type": "Point", "coordinates": [ 134.5557657, 34.880105600000014 ] } },
{ "type": "Feature", "properties": { "内容": "訪問介護ステーション時のとびら【訪問介護】御津町中島159", "url": "https://www.kaigokensaku.mhlw.go.jp/28/index.php?action_kouhyou_detail_004_kani=true&JigyosyoCd=2873601278-00&ServiceCd=110&Type=search", "url2": null }, "geometry": { "type": "Point", "coordinates": [ 134.5665683, 34.796416300000018 ] } },
{ "type": "Feature", "properties": { "内容": "ヘルパーステーションオアシス【訪問介護】兵庫県たつの市龍野町島田669番地１", "url": "https://www.kaigokensaku.mhlw.go.jp/28/index.php?action_kouhyou_detail_004_kani=true&JigyosyoCd=2873600254-00&ServiceCd=110&Type=search", "url2": null }, "geometry": { "type": "Point", "coordinates": [ 134.554469400000016, 34.8750049 ] } },
{ "type": "Feature", "properties": { "内容": "ヘルパーステーションかなで【訪問介護】兵庫県たつの市龍野町北龍野２６－１", "url": "https://www.kaigokensaku.mhlw.go.jp/28/index.php?action_kouhyou_detail_004_kani=true&JigyosyoCd=2873601229-00&ServiceCd=110&Type=search", "url2": null }, "geometry": { "type": "Point", "coordinates": [ 134.543130600000012, 34.8747295 ] } },
{ "type": "Feature", "properties": { "内容": "アミーヘルパーステーション【訪問介護】兵庫県たつの市龍野町富永477-1", "url": "https://www.kaigokensaku.mhlw.go.jp/28/index.php?action_kouhyou_detail_004_kani=true&JigyosyoCd=2873600296-00&ServiceCd=110&Type=search", "url2": "https://honobono2006.com/index.html" }, "geometry": { "type": "Point", "coordinates": [ 134.54858440000001, 34.8578687 ] } },
{ "type": "Feature", "properties": { "内容": "リリーライフヘルパーステーションたつの【訪問介護】兵庫県たつの市誉田町片吹８５番地の５", "url": "https://www.kaigokensaku.mhlw.go.jp/28/index.php?action_kouhyou_detail_004_kani=true&JigyosyoCd=2873600304-00&ServiceCd=110&Type=search", "url2": "http://relielife.jp/" }, "geometry": { "type": "Point", "coordinates": [ 134.558416793254082, 34.833137625737166 ] } },
{ "type": "Feature", "properties": { "内容": "天河草子【訪問介護】伏見台1－1－70", "url": "https://www.kaigokensaku.mhlw.go.jp/28/index.php?action_kouhyou_detail_004_kani=true&JigyosyoCd=2873200485-00&ServiceCd=110&Type=search", "url2": "ｈｔｔｐ：//ｅ‐ａｋａｎｅ.ｃｏｍ" }, "geometry": { "type": "Point", "coordinates": [ 135.391974399999981, 34.9084055 ] } },
{ "type": "Feature", "properties": { "内容": "ゆうあいヘルパーステーション【訪問介護】兵庫県川辺郡猪名川町北田原字南山１４番地の２", "url": "https://www.kaigokensaku.mhlw.go.jp/28/index.php?action_kouhyou_detail_004_kani=true&JigyosyoCd=2873200154-00&ServiceCd=110&Type=search", "url2": "http://www.inagawa-shakyo.or.jp/" }, "geometry": { "type": "Point", "coordinates": [ 135.3704209, 34.9109692 ] } },
{ "type": "Feature", "properties": { "内容": "ヘルパーステーション　観月【訪問介護】兵庫県川辺郡猪名川町若葉1-2-6三栄パークタウンビル1階103", "url": "https://www.kaigokensaku.mhlw.go.jp/28/index.php?action_kouhyou_detail_004_kani=true&JigyosyoCd=2873200188-00&ServiceCd=110&Type=search", "url2": null }, "geometry": { "type": "Point", "coordinates": [ 135.366182400000071, 34.9012839 ] } },
{ "type": "Feature", "properties": { "内容": "ケアサービスかがやき【訪問介護】兵庫県川辺郡猪名川町若葉2－41－２グッド・サマリタンホーム", "url": "https://www.kaigokensaku.mhlw.go.jp/28/index.php?action_kouhyou_detail_004_kani=true&JigyosyoCd=2873200311-00&ServiceCd=110&Type=search", "url2": "http://www.gsckagayaki.org/" }, "geometry": { "type": "Point", "coordinates": [ 135.373364122090152, 34.896638707966673 ] } },
{ "type": "Feature", "properties": { "内容": "ゆりの荘訪問介護事業所【訪問介護】兵庫県多可郡多可町八千代区俵田１１１－２７", "url": "https://www.kaigokensaku.mhlw.go.jp/28/index.php?action_kouhyou_detail_004_kani=true&JigyosyoCd=2872700188-00&ServiceCd=110&Type=search", "url2": "http://www.rakuenkai.or.jp" }, "geometry": { "type": "Point", "coordinates": [ 134.891776400000026, 35.0149509 ] } },
{ "type": "Feature", "properties": { "内容": "多可町社会福祉協議会　指定訪問介護事業所【訪問介護】多可郡多可町加美区市原41", "url": "https://www.kaigokensaku.mhlw.go.jp/28/index.php?action_kouhyou_detail_004_kani=true&JigyosyoCd=2872700451-00&ServiceCd=110&Type=search", "url2": "http://www.taka-syakyo.or.jp" }, "geometry": { "type": "Point", "coordinates": [ 134.922545519073026, 35.136649175615531 ] } },
{ "type": "Feature", "properties": { "内容": "スマイルサポートセンター国岡【訪問介護】兵庫県加古郡稲美町国岡2-8-1", "url": "https://www.kaigokensaku.mhlw.go.jp/28/index.php?action_kouhyou_detail_004_kani=true&JigyosyoCd=2872800848-00&ServiceCd=110&Type=search", "url2": "https://hinode.or.jp/" }, "geometry": { "type": "Point", "coordinates": [ 134.912502100000012, 34.7493169 ] } },
{ "type": "Feature", "properties": { "内容": "訪問介護事業所スマイル１７３【訪問介護】兵庫県加古郡稲美町加古５１４１番地", "url": "https://www.kaigokensaku.mhlw.go.jp/28/index.php?action_kouhyou_detail_004_kani=true&JigyosyoCd=2872800129-00&ServiceCd=110&Type=search", "url2": "http://www.bb.banban.jp/inami-shakyo/__" }, "geometry": { "type": "Point", "coordinates": [ 134.9075904, 34.7607835 ] } },
{ "type": "Feature", "properties": { "内容": "ヒューマニティーケアセンター稲美【訪問介護】兵庫県加古郡稲美町国岡907", "url": "https://www.kaigokensaku.mhlw.go.jp/28/index.php?action_kouhyou_detail_004_kani=true&JigyosyoCd=2872800525-00&ServiceCd=110&Type=search", "url2": null }, "geometry": { "type": "Point", "coordinates": [ 134.9101458, 34.7538705 ] } },
{ "type": "Feature", "properties": { "内容": "デイサ－ビスセンタ－ＪＡはなかご【訪問介護】兵庫県加古郡稲美町加古2335番地の3", "url": "https://www.kaigokensaku.mhlw.go.jp/28/index.php?action_kouhyou_detail_004_kani=true&JigyosyoCd=2872800194-00&ServiceCd=110&Type=search", "url2": "https://www.fukuinaho.jp/" }, "geometry": { "type": "Point", "coordinates": [ 134.907426500000042, 34.7631638 ] } },
{ "type": "Feature", "properties": { "内容": "稲美苑　ホームヘルプサービス【訪問介護】兵庫県加古郡稲美町国安字新開1256番地", "url": "https://www.kaigokensaku.mhlw.go.jp/28/index.php?action_kouhyou_detail_004_kani=true&JigyosyoCd=2872800152-00&ServiceCd=110&Type=search", "url2": "https://hinode.or.jp" }, "geometry": { "type": "Point", "coordinates": [ 134.918318106945776, 34.747089952340964 ] } },
{ "type": "Feature", "properties": { "内容": "あえの里老人ホームヘルプサービス【訪問介護】兵庫県加古郡播磨町北古田１丁目17番37号", "url": "https://www.kaigokensaku.mhlw.go.jp/28/index.php?action_kouhyou_detail_004_kani=true&JigyosyoCd=2872800137-00&ServiceCd=110&Type=search", "url2": "http://www.aenosato.jp" }, "geometry": { "type": "Point", "coordinates": [ 134.869417, 34.7264286 ] } },
{ "type": "Feature", "properties": { "内容": "播磨町社会福祉協議会　ホームヘルパーステーション【訪問介護】兵庫県加古郡播磨町南大中１－８－４１播磨町福祉しあわせセンター", "url": "https://www.kaigokensaku.mhlw.go.jp/28/index.php?action_kouhyou_detail_004_kani=true&JigyosyoCd=2872800111-00&ServiceCd=110&Type=search", "url2": "http://www.harima-wel.or.jp/" }, "geometry": { "type": "Point", "coordinates": [ 134.86796430000004, 34.7199071 ] } },
{ "type": "Feature", "properties": { "内容": "訪問介護事業所ひだまり【訪問介護】兵庫県加古郡播磨町古田1-4-59", "url": "https://www.kaigokensaku.mhlw.go.jp/28/index.php?action_kouhyou_detail_004_kani=true&JigyosyoCd=2872800749-00&ServiceCd=110&Type=search", "url2": "http://hidamari-amenity.com/pg4.html" }, "geometry": { "type": "Point", "coordinates": [ 134.866360071827671, 34.724471522755401 ] } },
{ "type": "Feature", "properties": { "内容": "ヘルパーステーション　であいの家【訪問介護】兵庫県加古郡播磨町上野添3丁目2-6", "url": "https://www.kaigokensaku.mhlw.go.jp/28/index.php?action_kouhyou_detail_004_kani=true&JigyosyoCd=2872800442-00&ServiceCd=110&Type=search", "url2": null }, "geometry": { "type": "Point", "coordinates": [ 134.881079799999952, 34.7243179 ] } },
{ "type": "Feature", "properties": { "内容": "ヘルパーステーション歩歩市川【訪問介護】兵庫県神崎郡市川町田中２２７－１", "url": "https://www.kaigokensaku.mhlw.go.jp/28/index.php?action_kouhyou_detail_004_kani=true&JigyosyoCd=2873400747-00&ServiceCd=110&Type=search", "url2": null }, "geometry": { "type": "Point", "coordinates": [ 134.751967, 35.011546 ] } },
{ "type": "Feature", "properties": { "内容": "市川町社会福祉協議会　訪問介護事業所【訪問介護】兵庫県神崎郡市川町甘地３２３－１", "url": "https://www.kaigokensaku.mhlw.go.jp/28/index.php?action_kouhyou_detail_004_kani=true&JigyosyoCd=2873400432-00&ServiceCd=110&Type=search", "url2": "https://www.ichikawa-syakyo.org" }, "geometry": { "type": "Point", "coordinates": [ 134.760825100000034, 34.990726 ] } },
{ "type": "Feature", "properties": { "内容": "訪問介護事業所はあと【訪問介護】兵庫県神崎郡市川町近平370", "url": "https://www.kaigokensaku.mhlw.go.jp/28/index.php?action_kouhyou_detail_004_kani=true&JigyosyoCd=2873401380-00&ServiceCd=110&Type=search", "url2": "https://houmonnkaigohaato.com/" }, "geometry": { "type": "Point", "coordinates": [ 134.7510369, 34.9964204 ] } },
{ "type": "Feature", "properties": { "内容": "有限会社　愛ケア・サービス【訪問介護】兵庫県神崎郡福崎町福田330番地の９", "url": "https://www.kaigokensaku.mhlw.go.jp/28/index.php?action_kouhyou_detail_004_kani=true&JigyosyoCd=2873400580-00&ServiceCd=110&Type=search", "url2": null }, "geometry": { "type": "Point", "coordinates": [ 134.751750022963051, 34.959912811194918 ] } },
{ "type": "Feature", "properties": { "内容": "ＪＡ兵庫西神飾介護センター【訪問介護】兵庫県神崎郡福崎町福崎新１４５－１", "url": "https://www.kaigokensaku.mhlw.go.jp/28/index.php?action_kouhyou_detail_004_kani=true&JigyosyoCd=2873400564-00&ServiceCd=110&Type=search", "url2": "https://www.ja-hyogonishi.or.jp" }, "geometry": { "type": "Point", "coordinates": [ 134.750498900000025, 34.9534905 ] } },
{ "type": "Feature", "properties": { "内容": "福崎町社会福祉協議会ホームヘルプステーション【訪問介護】兵庫県神崎郡福崎町大貫４４６番地", "url": "https://www.kaigokensaku.mhlw.go.jp/28/index.php?action_kouhyou_detail_004_kani=true&JigyosyoCd=2873400325-00&ServiceCd=110&Type=search", "url2": null }, "geometry": { "type": "Point", "coordinates": [ 134.784290300000066, 34.9447558 ] } },
{ "type": "Feature", "properties": { "内容": "有限会社愛の里訪問介護事業所【訪問介護】兵庫県神崎郡福崎町大貫2321-1", "url": "https://www.kaigokensaku.mhlw.go.jp/28/index.php?action_kouhyou_detail_004_kani=true&JigyosyoCd=2873400630-00&ServiceCd=110&Type=search", "url2": null }, "geometry": { "type": "Point", "coordinates": [ 134.783779200000026, 34.9522299 ] } },
{ "type": "Feature", "properties": { "内容": "訪問介護事業所ハピネス【訪問介護】兵庫県福崎町西田原1481-8-3Ｆ", "url": "https://www.kaigokensaku.mhlw.go.jp/28/index.php?action_kouhyou_detail_004_kani=true&JigyosyoCd=2873401265-00&ServiceCd=110&Type=search", "url2": null }, "geometry": { "type": "Point", "coordinates": [ 134.763798899999983, 34.9548473 ] } },
{ "type": "Feature", "properties": { "内容": "ヘルパーステーションふくさき【訪問介護】兵庫県神崎郡福崎町南田原1933-1", "url": "https://www.kaigokensaku.mhlw.go.jp/28/index.php?action_kouhyou_detail_004_kani=true&JigyosyoCd=2873401364-00&ServiceCd=110&Type=search", "url2": "http://kango-fukusaki.jp/" }, "geometry": { "type": "Point", "coordinates": [ 134.7684611, 34.948935 ] } },
{ "type": "Feature", "properties": { "内容": "陽なたぼっこ【訪問介護】兵庫県神崎郡福崎町南田原1155-9", "url": "https://www.kaigokensaku.mhlw.go.jp/28/index.php?action_kouhyou_detail_004_kani=true&JigyosyoCd=2873401257-00&ServiceCd=110&Type=search", "url2": null }, "geometry": { "type": "Point", "coordinates": [ 134.763670100000013, 34.936187 ] } },
{ "type": "Feature", "properties": { "内容": "ひまわり荘　訪問サービス【訪問介護】兵庫県神崎郡福崎町福田118-3", "url": "https://www.kaigokensaku.mhlw.go.jp/28/index.php?action_kouhyou_detail_004_kani=true&JigyosyoCd=2873401240-00&ServiceCd=110&Type=search", "url2": "http://www.himawarisou.or.jp" }, "geometry": { "type": "Point", "coordinates": [ 134.754590300000018, 34.9623307 ] } },
{ "type": "Feature", "properties": { "内容": "ヘルパーステーション星乃光【訪問介護】兵庫県神崎郡神河町福本184番地コーポタテイワ105号室", "url": "https://www.kaigokensaku.mhlw.go.jp/28/index.php?action_kouhyou_detail_004_kani=true&JigyosyoCd=2873401406-00&ServiceCd=110&Type=search", "url2": null }, "geometry": { "type": "Point", "coordinates": [ 134.7719631, 35.0608954 ] } },
{ "type": "Feature", "properties": { "内容": "神河町社会福祉協議会訪問介護事業所【訪問介護】兵庫県神崎郡神河町粟賀町６３０", "url": "https://www.kaigokensaku.mhlw.go.jp/28/index.php?action_kouhyou_detail_004_kani=true&JigyosyoCd=2873400796-00&ServiceCd=110&Type=search", "url2": "www.shakyo.or.jp/hp/index.php?s=1237/" }, "geometry": { "type": "Point", "coordinates": [ 134.7710247, 35.0679963 ] } },
{ "type": "Feature", "properties": { "内容": "訪問介護おはな【訪問介護】兵庫県揖保郡太子町馬場306-8", "url": "https://www.kaigokensaku.mhlw.go.jp/28/index.php?action_kouhyou_detail_004_kani=true&JigyosyoCd=2874010735-00&ServiceCd=110&Type=search", "url2": null }, "geometry": { "type": "Point", "coordinates": [ 134.5711608, 34.8413098 ] } },
{ "type": "Feature", "properties": { "内容": "ヘルパーステーション　クローバー【訪問介護】蓮常寺107-1　A棟202号", "url": "https://www.kaigokensaku.mhlw.go.jp/28/index.php?action_kouhyou_detail_004_kani=true&JigyosyoCd=2874100726-00&ServiceCd=110&Type=search", "url2": null }, "geometry": { "type": "Point", "coordinates": [ 134.575727790798283, 34.825162986524525 ] } },
{ "type": "Feature", "properties": { "内容": "おはな【訪問介護】兵庫県揖保郡太子町馬場306-8", "url": "https://www.kaigokensaku.mhlw.go.jp/28/index.php?action_kouhyou_detail_004_kani=true&JigyosyoCd=2874101153-00&ServiceCd=110&Type=search", "url2": null }, "geometry": { "type": "Point", "coordinates": [ 134.5711608, 34.8413098 ] } },
{ "type": "Feature", "properties": { "内容": "ヘルパーステーション　まごのて【訪問介護】兵庫県揖保郡太子町東南134-12", "url": "https://www.kaigokensaku.mhlw.go.jp/28/index.php?action_kouhyou_detail_004_kani=true&JigyosyoCd=2874100940-00&ServiceCd=110&Type=search", "url2": "https://magonote1.wixsite.com/my-site" }, "geometry": { "type": "Point", "coordinates": [ 134.5826654, 34.8281086 ] } },
{ "type": "Feature", "properties": { "内容": "太子の郷ヘルパーステーション【訪問介護】兵庫県揖保郡太子町太田231番地の1", "url": "https://www.kaigokensaku.mhlw.go.jp/28/index.php?action_kouhyou_detail_004_kani=true&JigyosyoCd=2874100866-00&ServiceCd=110&Type=search", "url2": "http://taishinosato.org/" }, "geometry": { "type": "Point", "coordinates": [ 134.598354200000017, 34.8358394 ] } },
{ "type": "Feature", "properties": { "内容": "ケアサポートなな　訪問介護センター【訪問介護】兵庫県揖保郡太子町立岡89番地1ハピネスハイツ101", "url": "https://www.kaigokensaku.mhlw.go.jp/28/index.php?action_kouhyou_detail_004_kani=true&JigyosyoCd=2874100973-00&ServiceCd=110&Type=search", "url2": null }, "geometry": { "type": "Point", "coordinates": [ 134.580637900000056, 34.8230397 ] } },
{ "type": "Feature", "properties": { "内容": "スマイルサポートセンター太子訪問介護事業所【訪問介護】兵庫県揖保郡太子町矢田部179-1", "url": "https://www.kaigokensaku.mhlw.go.jp/28/index.php?action_kouhyou_detail_004_kani=true&JigyosyoCd=2874100817-00&ServiceCd=110&Type=search", "url2": "https://hinode.or.jp" }, "geometry": { "type": "Point", "coordinates": [ 134.583485619192771, 34.825770048743671 ] } },
{ "type": "Feature", "properties": { "内容": "訪問介護ステーション　つくし【訪問介護】兵庫県揖保郡太子町蓮常寺107-1ローズハイツB102", "url": "https://www.kaigokensaku.mhlw.go.jp/28/index.php?action_kouhyou_detail_004_kani=true&JigyosyoCd=2874101005-00&ServiceCd=110&Type=search", "url2": "weterna.co.jp" }, "geometry": { "type": "Point", "coordinates": [ 134.575672043655459, 34.825304127345291 ] } },
{ "type": "Feature", "properties": { "内容": "パーソナルケア白雫【訪問介護】兵庫県揖保郡太子町立岡274-1", "url": "https://www.kaigokensaku.mhlw.go.jp/28/index.php?action_kouhyou_detail_004_kani=true&JigyosyoCd=2874100924-00&ServiceCd=110&Type=search", "url2": null }, "geometry": { "type": "Point", "coordinates": [ 134.586078899999961, 34.8314304 ] } },
{ "type": "Feature", "properties": { "内容": "アクア太子介護センター【訪問介護】兵庫県揖保郡太子町東保106-1グレースガーデン太子Ⅰ", "url": "https://www.kaigokensaku.mhlw.go.jp/28/index.php?action_kouhyou_detail_004_kani=true&JigyosyoCd=2874100775-00&ServiceCd=110&Type=search", "url2": "http://www.aqua-i.net/taishi.html" }, "geometry": { "type": "Point", "coordinates": [ 134.584306585644981, 34.837563256292071 ] } },
{ "type": "Feature", "properties": { "内容": "愛心高齢者センター訪問介護事業所【訪問介護】兵庫県赤穂郡上郡町山野里２７４９－４８", "url": "https://www.kaigokensaku.mhlw.go.jp/28/index.php?action_kouhyou_detail_004_kani=true&JigyosyoCd=2873900118-00&ServiceCd=110&Type=search", "url2": null }, "geometry": { "type": "Point", "coordinates": [ 134.328605499999981, 34.8514841 ] } },
{ "type": "Feature", "properties": { "内容": "訪問介護事業所こはる【訪問介護】兵庫県赤穂郡上郡町駅前120番地青峰ビル2階202", "url": "https://www.kaigokensaku.mhlw.go.jp/28/index.php?action_kouhyou_detail_004_kani=true&JigyosyoCd=2873900365-00&ServiceCd=110&Type=search", "url2": "https://cocorohareru.jp/" }, "geometry": { "type": "Point", "coordinates": [ 134.3540882, 34.8668306 ] } },
{ "type": "Feature", "properties": { "内容": "株式会社やさしい手【訪問介護】兵庫県赤穂郡上郡町山野里557－13", "url": "https://www.kaigokensaku.mhlw.go.jp/28/index.php?action_kouhyou_detail_004_kani=true&JigyosyoCd=2873900357-00&ServiceCd=110&Type=search", "url2": "https://search.yasashiite.com/detail/yasacie_kamigoriyamanosato/" }, "geometry": { "type": "Point", "coordinates": [ 134.340335628836073, 34.864103799127555 ] } },
{ "type": "Feature", "properties": { "内容": "上郡町社会福祉協議会訪問介護事業所【訪問介護】兵庫県赤穂郡上郡町上郡５００－５", "url": "https://www.kaigokensaku.mhlw.go.jp/28/index.php?action_kouhyou_detail_004_kani=true&JigyosyoCd=2873900068-00&ServiceCd=110&Type=search", "url2": "http://www.kamigoori-wel.or.jp/" }, "geometry": { "type": "Point", "coordinates": [ 134.362574699999982, 34.876113 ] } },
{ "type": "Feature", "properties": { "内容": "共立ヘルパーステーション【訪問介護】兵庫県佐用郡佐用町佐用1111番地", "url": "https://www.kaigokensaku.mhlw.go.jp/28/index.php?action_kouhyou_detail_004_kani=true&JigyosyoCd=2873700427-00&ServiceCd=110&Type=search", "url2": "http://www9.ocn.ne.jp/-kyoritu/" }, "geometry": { "type": "Point", "coordinates": [ 134.352090299999986, 35.0041983 ] } },
{ "type": "Feature", "properties": { "内容": "佐用町社会福祉協議会きらめきケアセンター【訪問介護】兵庫県佐用郡佐用町東徳久１９４６番地南光地域福祉センター", "url": "https://www.kaigokensaku.mhlw.go.jp/28/index.php?action_kouhyou_detail_004_kani=true&JigyosyoCd=2873700336-00&ServiceCd=110&Type=search", "url2": "http://www.sayo‐wel.or.jp/" }, "geometry": { "type": "Point", "coordinates": [ 134.4066699, 34.9988277 ] } },
{ "type": "Feature", "properties": { "内容": "JA兵庫西佐用介護センター【訪問介護】兵庫県佐用郡佐用町円応寺４５０", "url": "https://www.kaigokensaku.mhlw.go.jp/28/index.php?action_kouhyou_detail_004_kani=true&JigyosyoCd=2873700237-00&ServiceCd=110&Type=search", "url2": "http://www.ja-hyogonishi.or.jp" }, "geometry": { "type": "Point", "coordinates": [ 134.35573439999996, 35.0043456 ] } },
{ "type": "Feature", "properties": { "内容": "サンホームみかづき訪問介護事業所【訪問介護】兵庫県佐用郡佐用町志文515番地", "url": "https://www.kaigokensaku.mhlw.go.jp/28/index.php?action_kouhyou_detail_004_kani=true&JigyosyoCd=2873700419-00&ServiceCd=110&Type=search", "url2": "http://info@sunhome-cat.jp" }, "geometry": { "type": "Point", "coordinates": [ 134.435564099999965, 35.0119406 ] } },
{ "type": "Feature", "properties": { "内容": "香美町社会福祉協議会　村岡訪問介護事業所【訪問介護】兵庫県美方郡香美町村岡区村岡305-1香美町村岡老人福祉センター", "url": "https://www.kaigokensaku.mhlw.go.jp/28/index.php?action_kouhyou_detail_004_kani=true&JigyosyoCd=2874700327-00&ServiceCd=110&Type=search", "url2": "https://www.kami-shakyo.org/care/307/" }, "geometry": { "type": "Point", "coordinates": [ 134.5938946, 35.4722051 ] } },
{ "type": "Feature", "properties": { "内容": "香美町社会福祉協議会香住ふれ愛介護センター訪問介護事業所【訪問介護】兵庫県美方郡香美町香住区森31-1", "url": "https://www.kaigokensaku.mhlw.go.jp/28/index.php?action_kouhyou_detail_004_kani=true&JigyosyoCd=2874500347-00&ServiceCd=110&Type=search", "url2": "https://www.kami-shakyo.org/care/307/" }, "geometry": { "type": "Point", "coordinates": [ 134.627233899999965, 35.6261033 ] } },
{ "type": "Feature", "properties": { "内容": "ＪＡたじま浜坂介護センター【訪問介護】兵庫県美方郡新温泉町七釜678-2", "url": "https://www.kaigokensaku.mhlw.go.jp/28/index.php?action_kouhyou_detail_004_kani=true&JigyosyoCd=2874700269-00&ServiceCd=110&Type=search", "url2": "http://www.ja-tajima.or.jp" }, "geometry": { "type": "Point", "coordinates": [ 134.4636157, 35.6187931 ] } },
{ "type": "Feature", "properties": { "内容": "新温泉町社会福祉協議会訪問介護事業所【訪問介護】兵庫県美方郡新温泉町二日市２１６－１", "url": "https://www.kaigokensaku.mhlw.go.jp/28/index.php?action_kouhyou_detail_004_kani=true&JigyosyoCd=2874700376-00&ServiceCd=110&Type=search", "url2": "http://shakyoshinonsen..wixsite.com/shakyo" }, "geometry": { "type": "Point", "coordinates": [ 134.475586600000042, 35.6179186 ] } },
{ "type": "Feature", "properties": { "内容": "ゆむら訪問介護事業所【訪問介護】兵庫県美方郡新温泉町歌長字熊田６００番地", "url": "https://www.kaigokensaku.mhlw.go.jp/28/index.php?action_kouhyou_detail_004_kani=true&JigyosyoCd=2874700590-00&ServiceCd=110&Type=search", "url2": "https://tokuyo-yumura.com/" }, "geometry": { "type": "Point", "coordinates": [ 134.500766, 35.543766 ] } }
]
}
