{
"type": "FeatureCollection",
"name": "geo_28_福祉用具貸与",
"crs": { "type": "name", "properties": { "name": "urn:ogc:def:crs:OGC:1.3:CRS84" } },
"features": [
{ "type": "Feature", "properties": { "内容": "コープこうべリビング甲南　は～とらんど【福祉用具貸与】兵庫県神戸市東灘区甲南町　２－１－２０コープリビング甲南内", "url": "https://www.kaigokensaku.mhlw.go.jp/28/index.php?action_kouhyou_detail_004_kani=true&JigyosyoCd=2870100423-00&ServiceCd=170&Type=search", "url2": "http://www.kobe.coop.or.jp/" }, "geometry": { "type": "Point", "coordinates": [ 135.276209599999987, 34.7222526 ] } },
{ "type": "Feature", "properties": { "内容": "有限会社　クラウド【福祉用具貸与】神戸市東灘区御影中町1-14-10-204御影イシカワビル", "url": "https://www.kaigokensaku.mhlw.go.jp/28/index.php?action_kouhyou_detail_004_kani=true&JigyosyoCd=2870100613-00&ServiceCd=170&Type=search", "url2": null }, "geometry": { "type": "Point", "coordinates": [ 135.256036499999936, 34.7167363 ] } },
{ "type": "Feature", "properties": { "内容": "株式会社　フロンティア神戸営業所【福祉用具貸与】兵庫県神戸市東灘区向洋町中６－９神戸ﾌｧｯｼｮﾝﾏｰﾄ６N－０５神戸ﾌｧｯｼｮﾝﾏｰﾄ６N－０５", "url": "https://www.kaigokensaku.mhlw.go.jp/28/index.php?action_kouhyou_detail_004_kani=true&JigyosyoCd=2870102619-00&ServiceCd=170&Type=search", "url2": "http://www.frontier-ph.com/homecare/" }, "geometry": { "type": "Point", "coordinates": [ 135.268158500000027, 34.68913970000002 ] } },
{ "type": "Feature", "properties": { "内容": "介護ショップひまわり東神戸店【福祉用具貸与】兵庫県神戸市東灘区御影石町1-5-3", "url": "https://www.kaigokensaku.mhlw.go.jp/28/index.php?action_kouhyou_detail_004_kani=true&JigyosyoCd=2870103393-00&ServiceCd=170&Type=search", "url2": "https://www.himawari200207.com/" }, "geometry": { "type": "Point", "coordinates": [ 135.252853862672652, 34.709808785298094 ] } },
{ "type": "Feature", "properties": { "内容": "神戸福祉工務店【福祉用具貸与】青木２－８－１", "url": "https://www.kaigokensaku.mhlw.go.jp/28/index.php?action_kouhyou_detail_004_kani=true&JigyosyoCd=2870102585-00&ServiceCd=170&Type=search", "url2": null }, "geometry": { "type": "Point", "coordinates": [ 135.284051677618891, 34.715214130650686 ] } },
{ "type": "Feature", "properties": { "内容": "福祉用具事業所　メリー【福祉用具貸与】兵庫県神戸市東灘区御影中町1丁目7-27ｷｬｯｽﾙﾊｲﾂ御影102", "url": "https://www.kaigokensaku.mhlw.go.jp/28/index.php?action_kouhyou_detail_004_kani=true&JigyosyoCd=2870102726-00&ServiceCd=170&Type=search", "url2": "http://www.kaio-merry.co.jp" }, "geometry": { "type": "Point", "coordinates": [ 135.2579697, 34.7156059 ] } },
{ "type": "Feature", "properties": { "内容": "ライフライン　メディカルケア【福祉用具貸与】神戸市東灘区住吉南町3-2-23", "url": "https://www.kaigokensaku.mhlw.go.jp/28/index.php?action_kouhyou_detail_004_kani=true&JigyosyoCd=2870102833-00&ServiceCd=170&Type=search", "url2": "https://www.:lifeline.ne.jp" }, "geometry": { "type": "Point", "coordinates": [ 135.263852521664859, 34.711623027565651 ] } },
{ "type": "Feature", "properties": { "内容": "ひより【福祉用具貸与】神戸市東灘区住吉宮町6-8-11", "url": "https://www.kaigokensaku.mhlw.go.jp/28/index.php?action_kouhyou_detail_004_kani=true&JigyosyoCd=2870103310-00&ServiceCd=170&Type=search", "url2": null }, "geometry": { "type": "Point", "coordinates": [ 135.2600434, 34.7164725 ] } },
{ "type": "Feature", "properties": { "内容": "介護ショップきらり【福祉用具貸与】兵庫県神戸市東灘区本山南町7丁目4番18号104号室", "url": "https://www.kaigokensaku.mhlw.go.jp/28/index.php?action_kouhyou_detail_004_kani=true&JigyosyoCd=2870103583-00&ServiceCd=170&Type=search", "url2": "https://twitter.com/kirari_kaigo" }, "geometry": { "type": "Point", "coordinates": [ 135.2848826, 34.7247724 ] } },
{ "type": "Feature", "properties": { "内容": "株式会社森川貫一商店【福祉用具貸与】住吉南町4丁目1番7号", "url": "https://www.kaigokensaku.mhlw.go.jp/28/index.php?action_kouhyou_detail_004_kani=true&JigyosyoCd=2870104094-00&ServiceCd=170&Type=search", "url2": "https://www.morikan-kobe.com/" }, "geometry": { "type": "Point", "coordinates": [ 135.2606989, 34.7079083 ] } },
{ "type": "Feature", "properties": { "内容": "株式会社トーカイ　東灘営業所【福祉用具貸与】兵庫県神戸市東灘区北青木２－１－２", "url": "https://www.kaigokensaku.mhlw.go.jp/28/index.php?action_kouhyou_detail_004_kani=true&JigyosyoCd=2870101918-00&ServiceCd=170&Type=search", "url2": "http://www.tokai-corp.com/" }, "geometry": { "type": "Point", "coordinates": [ 135.277820799999972, 34.7125064 ] } },
{ "type": "Feature", "properties": { "内容": "近鉄スマイルライフ　神戸支店【福祉用具貸与】兵庫県神戸市東灘区住吉宮町1-21-16ＣＯＭ20　Ｂ室", "url": "https://www.kaigokensaku.mhlw.go.jp/28/index.php?action_kouhyou_detail_004_kani=true&JigyosyoCd=2870102817-00&ServiceCd=170&Type=search", "url2": "https://www.k-smile.com" }, "geometry": { "type": "Point", "coordinates": [ 135.262580500000013, 34.7132895 ] } },
{ "type": "Feature", "properties": { "内容": "介護ショップ灘【福祉用具貸与】兵庫県神戸市灘区新在家南町２丁目３－１１", "url": "https://www.kaigokensaku.mhlw.go.jp/28/index.php?action_kouhyou_detail_004_kani=true&JigyosyoCd=2870200900-00&ServiceCd=170&Type=search", "url2": null }, "geometry": { "type": "Point", "coordinates": [ 135.238520900611633, 34.707207883549543 ] } },
{ "type": "Feature", "properties": { "内容": "福祉用具スリール【福祉用具貸与】神戸市灘区備後町5丁目3-1ウェルブ六甲道1番街　309号", "url": "https://www.kaigokensaku.mhlw.go.jp/28/index.php?action_kouhyou_detail_004_kani=true&JigyosyoCd=2870201767-00&ServiceCd=170&Type=search", "url2": null }, "geometry": { "type": "Point", "coordinates": [ 135.237891568066431, 34.713453460172161 ] } },
{ "type": "Feature", "properties": { "内容": "ダスキンヘルスレント神戸東ステーション【福祉用具貸与】兵庫県神戸市灘区徳井町4丁目2-18徳井ハイツ1階", "url": "https://www.kaigokensaku.mhlw.go.jp/28/index.php?action_kouhyou_detail_004_kani=true&JigyosyoCd=2870202252-00&ServiceCd=170&Type=search", "url2": "http://healthrent.duskin.jp/" }, "geometry": { "type": "Point", "coordinates": [ 135.245028361376967, 34.714916390629575 ] } },
{ "type": "Feature", "properties": { "内容": "株式会社神戸レンタル　神戸支店【福祉用具貸与】船寺通5丁目3番8号藤中ビル", "url": "https://www.kaigokensaku.mhlw.go.jp/28/index.php?action_kouhyou_detail_004_kani=true&JigyosyoCd=2870202518-00&ServiceCd=170&Type=search", "url2": "http://www.kobe-rental.net" }, "geometry": { "type": "Point", "coordinates": [ 135.224201183840449, 34.706314910977483 ] } },
{ "type": "Feature", "properties": { "内容": "福祉用具ほほえみ【福祉用具貸与】兵庫県神戸市灘区備後町5丁目3-1ウェルブ六甲道1番館306号", "url": "https://www.kaigokensaku.mhlw.go.jp/28/index.php?action_kouhyou_detail_004_kani=true&JigyosyoCd=2870202955-00&ServiceCd=170&Type=search", "url2": null }, "geometry": { "type": "Point", "coordinates": [ 135.237878200000011, 34.7137698 ] } },
{ "type": "Feature", "properties": { "内容": "れんたる本舗【福祉用具貸与】兵庫県神戸市灘区船寺通１丁目７番１７号ハイツ・まや　２０２号室", "url": "https://www.kaigokensaku.mhlw.go.jp/28/index.php?action_kouhyou_detail_004_kani=true&JigyosyoCd=2870203060-00&ServiceCd=170&Type=search", "url2": "https://kuronekocareservic.wixsite.com/mysite" }, "geometry": { "type": "Point", "coordinates": [ 135.230003635468506, 34.708514690404407 ] } },
{ "type": "Feature", "properties": { "内容": "ケアサポート西本　六甲営業所【福祉用具貸与】兵庫県神戸市灘区深田町４丁目１番地１ウェルブ六甲道２番街２階", "url": "https://www.kaigokensaku.mhlw.go.jp/28/index.php?action_kouhyou_detail_004_kani=true&JigyosyoCd=2870203276-00&ServiceCd=170&Type=search", "url2": "http://www.nishimoto-kobe.com/" }, "geometry": { "type": "Point", "coordinates": [ 135.2392219, 34.714032 ] } },
{ "type": "Feature", "properties": { "内容": "株式会社ゴトウ・アズ・プランニング甲南営業所【福祉用具貸与】兵庫県神戸市灘区弓木町5丁目１番167号", "url": "https://www.kaigokensaku.mhlw.go.jp/28/index.php?action_kouhyou_detail_004_kani=true&JigyosyoCd=2870203243-00&ServiceCd=170&Type=search", "url2": "https://www.goto-az.co.jp" }, "geometry": { "type": "Point", "coordinates": [ 135.242789499999986, 34.7176762 ] } },
{ "type": "Feature", "properties": { "内容": "ハーゼケア【福祉用具貸与】兵庫県神戸市灘区船寺通1丁目3-9", "url": "https://www.kaigokensaku.mhlw.go.jp/28/index.php?action_kouhyou_detail_004_kani=true&JigyosyoCd=2870203268-00&ServiceCd=170&Type=search", "url2": null }, "geometry": { "type": "Point", "coordinates": [ 135.230303797085668, 34.707283868985066 ] } },
{ "type": "Feature", "properties": { "内容": "楽舗【福祉用具貸与】兵庫県神戸市灘区水道筋4-3-3メディア・ルナ", "url": "https://www.kaigokensaku.mhlw.go.jp/28/index.php?action_kouhyou_detail_004_kani=true&JigyosyoCd=2870203003-00&ServiceCd=170&Type=search", "url2": null }, "geometry": { "type": "Point", "coordinates": [ 135.2228432, 34.712483099999965 ] } },
{ "type": "Feature", "properties": { "内容": "株式会社神戸メディケア【福祉用具貸与】兵庫県神戸市兵庫区七宮町1丁目4番21号", "url": "https://www.kaigokensaku.mhlw.go.jp/28/index.php?action_kouhyou_detail_004_kani=true&JigyosyoCd=2870503501-00&ServiceCd=170&Type=search", "url2": "https://taisya.net/" }, "geometry": { "type": "Point", "coordinates": [ 135.1774447, 34.6716937 ] } },
{ "type": "Feature", "properties": { "内容": "株式会社ライフケア神戸支店【福祉用具貸与】神戸市兵庫区三川口町1-1-35", "url": "https://www.kaigokensaku.mhlw.go.jp/28/index.php?action_kouhyou_detail_004_kani=true&JigyosyoCd=2870502503-00&ServiceCd=170&Type=search", "url2": "http://lifecare-ok.co.jp/" }, "geometry": { "type": "Point", "coordinates": [ 135.1723551, 34.6708875 ] } },
{ "type": "Feature", "properties": { "内容": "株式会社高城　タカジョウメディカル事業本部【福祉用具貸与】神戸市兵庫区東山町2丁目4番2号", "url": "https://www.kaigokensaku.mhlw.go.jp/28/index.php?action_kouhyou_detail_004_kani=true&JigyosyoCd=2870500127-00&ServiceCd=170&Type=search", "url2": "http://www.takajyo.biz" }, "geometry": { "type": "Point", "coordinates": [ 135.163483300000053, 34.6818445 ] } },
{ "type": "Feature", "properties": { "内容": "すいーとぴーひょうご【福祉用具貸与】神戸市兵庫区湊町1丁目3-6ライオンズマンション神戸湊町公園203号", "url": "https://www.kaigokensaku.mhlw.go.jp/28/index.php?action_kouhyou_detail_004_kani=true&JigyosyoCd=2870501935-00&ServiceCd=170&Type=search", "url2": null }, "geometry": { "type": "Point", "coordinates": [ 135.173866, 34.6744927 ] } },
{ "type": "Feature", "properties": { "内容": "スミリンケアライフ株式会社　介護ショップてとて【福祉用具貸与】兵庫県神戸市兵庫区荒田町１－１２－１５湊川サンクレバー1階", "url": "https://www.kaigokensaku.mhlw.go.jp/28/index.php?action_kouhyou_detail_004_kani=true&JigyosyoCd=2870502404-00&ServiceCd=170&Type=search", "url2": "http://www.s-carelife.co.jp" }, "geometry": { "type": "Point", "coordinates": [ 135.167841299999964, 34.681353 ] } },
{ "type": "Feature", "properties": { "内容": "フランスベッド株式会社　メディカル神戸営業所【福祉用具貸与】兵庫県神戸市兵庫区七宮町1-3-10", "url": "https://www.kaigokensaku.mhlw.go.jp/28/index.php?action_kouhyou_detail_004_kani=true&JigyosyoCd=2870502602-00&ServiceCd=170&Type=search", "url2": "http://www.francebed.co.jp" }, "geometry": { "type": "Point", "coordinates": [ 135.177788100000043, 34.671582 ] } },
{ "type": "Feature", "properties": { "内容": "福ぶくろ【福祉用具貸与】兵庫県神戸市兵庫区吉田町2-35-6エクセルスカイ御崎公園４０３号室", "url": "https://www.kaigokensaku.mhlw.go.jp/28/index.php?action_kouhyou_detail_004_kani=true&JigyosyoCd=2870503246-00&ServiceCd=170&Type=search", "url2": null }, "geometry": { "type": "Point", "coordinates": [ 135.168415719287282, 34.654683915823114 ] } },
{ "type": "Feature", "properties": { "内容": "アースサポート神戸【福祉用具貸与】兵庫県神戸市兵庫区荒田町1丁目10番5号", "url": "https://www.kaigokensaku.mhlw.go.jp/28/index.php?action_kouhyou_detail_004_kani=true&JigyosyoCd=2870503824-00&ServiceCd=170&Type=search", "url2": "http://www.earthsupport.co.jp" }, "geometry": { "type": "Point", "coordinates": [ 135.1683442, 34.6805977 ] } },
{ "type": "Feature", "properties": { "内容": "株式会社　ヤマシタ　神戸営業所【福祉用具貸与】兵庫県神戸市兵庫区中道通4－1－10", "url": "https://www.kaigokensaku.mhlw.go.jp/28/index.php?action_kouhyou_detail_004_kani=true&JigyosyoCd=2870502990-00&ServiceCd=170&Type=search", "url2": "https://www.yco.co.jp/" }, "geometry": { "type": "Point", "coordinates": [ 135.16440570370483, 34.674408959762403 ] } },
{ "type": "Feature", "properties": { "内容": "福祉用具サービスぐっどけあ【福祉用具貸与】兵庫県神戸市兵庫区菊水町8丁目2-1", "url": "https://www.kaigokensaku.mhlw.go.jp/28/index.php?action_kouhyou_detail_004_kani=true&JigyosyoCd=2870503220-00&ServiceCd=170&Type=search", "url2": "http://goodcare.co.jp/" }, "geometry": { "type": "Point", "coordinates": [ 135.158103100000062, 34.6834804 ] } },
{ "type": "Feature", "properties": { "内容": "ヒゴケン福祉用具事業所【福祉用具貸与】兵庫県神戸市兵庫区塚本通7丁目1₋14OEビルディング402", "url": "https://www.kaigokensaku.mhlw.go.jp/28/index.php?action_kouhyou_detail_004_kani=true&JigyosyoCd=2870503873-00&ServiceCd=170&Type=search", "url2": "http://hm-labo.jp/" }, "geometry": { "type": "Point", "coordinates": [ 135.163069157672084, 34.66950728060371 ] } },
{ "type": "Feature", "properties": { "内容": "高齢者生協こうべ【福祉用具貸与】神戸市兵庫区下三条町8-20", "url": "https://www.kaigokensaku.mhlw.go.jp/28/index.php?action_kouhyou_detail_004_kani=true&JigyosyoCd=2870501026-00&ServiceCd=170&Type=search", "url2": "http://www.kourei-h.org/" }, "geometry": { "type": "Point", "coordinates": [ 135.1674246, 34.6899549 ] } },
{ "type": "Feature", "properties": { "内容": "福祉用具のキラキラ【福祉用具貸与】兵庫県神戸市兵庫区湊町３丁目１ー７マルヨシビル３階", "url": "https://www.kaigokensaku.mhlw.go.jp/28/index.php?action_kouhyou_detail_004_kani=true&JigyosyoCd=2870503972-00&ServiceCd=170&Type=search", "url2": "kirakira-h.com" }, "geometry": { "type": "Point", "coordinates": [ 135.172212699999989, 34.6761839 ] } },
{ "type": "Feature", "properties": { "内容": "ニッシンケアサービス【福祉用具貸与】神戸市兵庫区塚本通１丁目２－２", "url": "https://www.kaigokensaku.mhlw.go.jp/28/index.php?action_kouhyou_detail_004_kani=true&JigyosyoCd=2870504285-00&ServiceCd=170&Type=search", "url2": "https://nisshin-care.co.jp/" }, "geometry": { "type": "Point", "coordinates": [ 135.1689063, 34.6740086 ] } },
{ "type": "Feature", "properties": { "内容": "パナソニックエイジフリーショップ神戸【福祉用具貸与】兵庫県神戸市兵庫区島上町１丁目４－１１柏木ビル２階", "url": "https://www.kaigokensaku.mhlw.go.jp/28/index.php?action_kouhyou_detail_004_kani=true&JigyosyoCd=2870501356-00&ServiceCd=170&Type=search", "url2": "https://sumai.panasonic.jp/agefree/map/detail.php?id=219" }, "geometry": { "type": "Point", "coordinates": [ 135.176264899999978, 34.6692507 ] } },
{ "type": "Feature", "properties": { "内容": "メゾンデール福祉用具サービス【福祉用具貸与】神戸市長田区腕塚町６丁目１－１６－１０１－１アスタくにづか2番館北棟1階", "url": "https://www.kaigokensaku.mhlw.go.jp/28/index.php?action_kouhyou_detail_004_kani=true&JigyosyoCd=2870600893-00&ServiceCd=170&Type=search", "url2": "maison-deair.com" }, "geometry": { "type": "Point", "coordinates": [ 135.145197037959292, 34.653965621827304 ] } },
{ "type": "Feature", "properties": { "内容": "株式会社　あいぷらす【福祉用具貸与】神戸市長田区海運町２丁目1番地2号", "url": "https://www.kaigokensaku.mhlw.go.jp/28/index.php?action_kouhyou_detail_004_kani=true&JigyosyoCd=2870602428-00&ServiceCd=170&Type=search", "url2": null }, "geometry": { "type": "Point", "coordinates": [ 135.1382221, 34.652366500000014 ] } },
{ "type": "Feature", "properties": { "内容": "介護しょっぷ　愛の園【福祉用具貸与】兵庫県神戸市長田区大塚町５丁目１番７号", "url": "https://www.kaigokensaku.mhlw.go.jp/28/index.php?action_kouhyou_detail_004_kani=true&JigyosyoCd=2870602618-00&ServiceCd=170&Type=search", "url2": "http://ainosono.net" }, "geometry": { "type": "Point", "coordinates": [ 135.147206428836057, 34.673180252988757 ] } },
{ "type": "Feature", "properties": { "内容": "ひかるケアサービス長田【福祉用具貸与】兵庫県長田区北町1-39-1Flat長田北町1Ｆ", "url": "https://www.kaigokensaku.mhlw.go.jp/28/index.php?action_kouhyou_detail_004_kani=true&JigyosyoCd=2870603343-00&ServiceCd=170&Type=search", "url2": "http://hikaru-care.com/" }, "geometry": { "type": "Point", "coordinates": [ 135.152256099999988, 34.6671352 ] } },
{ "type": "Feature", "properties": { "内容": "介護ショップきょうどう【福祉用具貸与】腕塚町2丁目1-15クリエイト第1ビル　1階", "url": "https://www.kaigokensaku.mhlw.go.jp/28/index.php?action_kouhyou_detail_004_kani=true&JigyosyoCd=2870603806-00&ServiceCd=170&Type=search", "url2": "https://kobe-iryo.jp/index.html" }, "geometry": { "type": "Point", "coordinates": [ 135.149016518385309, 34.656013310013975 ] } },
{ "type": "Feature", "properties": { "内容": "おせっかいリビング【福祉用具貸与】兵庫県神戸市長田区東尻池町5丁目4-2", "url": "https://www.kaigokensaku.mhlw.go.jp/28/index.php?action_kouhyou_detail_004_kani=true&JigyosyoCd=2870603863-00&ServiceCd=170&Type=search", "url2": null }, "geometry": { "type": "Point", "coordinates": [ 135.1567786, 34.6571754 ] } },
{ "type": "Feature", "properties": { "内容": "ケアリンク【福祉用具貸与】兵庫県神戸市長田区房王寺町3-10-12", "url": "https://www.kaigokensaku.mhlw.go.jp/28/index.php?action_kouhyou_detail_004_kani=true&JigyosyoCd=2870603566-00&ServiceCd=170&Type=search", "url2": "http://hp.kaipoke.biz/d6k/index.html" }, "geometry": { "type": "Point", "coordinates": [ 135.1513053, 34.677624 ] } },
{ "type": "Feature", "properties": { "内容": "株式会社　セリオ　神戸福祉用具貸与事業所【福祉用具貸与】兵庫県神戸市長田区一番町5丁目8-2", "url": "https://www.kaigokensaku.mhlw.go.jp/28/index.php?action_kouhyou_detail_004_kani=true&JigyosyoCd=2870601206-00&ServiceCd=170&Type=search", "url2": "https://serio888.net/" }, "geometry": { "type": "Point", "coordinates": [ 135.154132499999946, 34.6661627 ] } },
{ "type": "Feature", "properties": { "内容": "フィジオデザイン【福祉用具貸与】二葉町6-7-1-105アスタくにづか6番館", "url": "https://www.kaigokensaku.mhlw.go.jp/28/index.php?action_kouhyou_detail_004_kani=true&JigyosyoCd=2870603335-00&ServiceCd=170&Type=search", "url2": "https://plast-project.jp/" }, "geometry": { "type": "Point", "coordinates": [ 135.147400849737551, 34.652690284409843 ] } },
{ "type": "Feature", "properties": { "内容": "ライフワン神戸【福祉用具貸与】平和台町2-4-13-101", "url": "https://www.kaigokensaku.mhlw.go.jp/28/index.php?action_kouhyou_detail_004_kani=true&JigyosyoCd=2870603731-00&ServiceCd=170&Type=search", "url2": "https://www.life-one.jp/" }, "geometry": { "type": "Point", "coordinates": [ 135.133611, 34.6667009 ] } },
{ "type": "Feature", "properties": { "内容": "アイビーメディカル株式会社　福祉用具貸与・販売事業所【福祉用具貸与】兵庫県神戸市長田区御蔵通5-205-3長田すみれビル", "url": "https://www.kaigokensaku.mhlw.go.jp/28/index.php?action_kouhyou_detail_004_kani=true&JigyosyoCd=2870602899-00&ServiceCd=170&Type=search", "url2": "http://www.ivy-medical-care-support.jp/" }, "geometry": { "type": "Point", "coordinates": [ 135.153831399999945, 34.664757 ] } },
{ "type": "Feature", "properties": { "内容": "介護しょっぷ神港園【福祉用具貸与】神戸市須磨区白川台１丁目３4－1", "url": "https://www.kaigokensaku.mhlw.go.jp/28/index.php?action_kouhyou_detail_004_kani=true&JigyosyoCd=2870703499-00&ServiceCd=170&Type=search", "url2": "https://www.shinkouen.or.jp/shisetsu/shirakawa.html" }, "geometry": { "type": "Point", "coordinates": [ 135.0955672, 34.6898719 ] } },
{ "type": "Feature", "properties": { "内容": "株式会社たんぽぽ【福祉用具貸与】弥栄台4丁目1番4", "url": "https://www.kaigokensaku.mhlw.go.jp/28/index.php?action_kouhyou_detail_004_kani=true&JigyosyoCd=2870703200-00&ServiceCd=170&Type=search", "url2": "https://kktanpopo.com/" }, "geometry": { "type": "Point", "coordinates": [ 135.067993699999988, 34.6897927 ] } },
{ "type": "Feature", "properties": { "内容": "介護ステーション　たすけあい【福祉用具貸与】北落合2丁目7-3", "url": "https://www.kaigokensaku.mhlw.go.jp/28/index.php?action_kouhyou_detail_004_kani=true&JigyosyoCd=2870703069-00&ServiceCd=170&Type=search", "url2": null }, "geometry": { "type": "Point", "coordinates": [ 135.093826019311791, 34.685629088299038 ] } },
{ "type": "Feature", "properties": { "内容": "介護ショップひまわり須磨店【福祉用具貸与】兵庫県神戸市須磨区弥栄台3-1-1", "url": "https://www.kaigokensaku.mhlw.go.jp/28/index.php?action_kouhyou_detail_004_kani=true&JigyosyoCd=2870703598-00&ServiceCd=170&Type=search", "url2": "https://www.himawari200207.com/" }, "geometry": { "type": "Point", "coordinates": [ 135.0775878, 34.6852344 ] } },
{ "type": "Feature", "properties": { "内容": "介護ショップ　はるか【福祉用具貸与】神戸市須磨区大池町2丁目1-28-102", "url": "https://www.kaigokensaku.mhlw.go.jp/28/index.php?action_kouhyou_detail_004_kani=true&JigyosyoCd=2870702194-00&ServiceCd=170&Type=search", "url2": null }, "geometry": { "type": "Point", "coordinates": [ 135.139075709896872, 34.656828679607273 ] } },
{ "type": "Feature", "properties": { "内容": "マリーゴールドケアサービス【福祉用具貸与】兵庫県神戸市垂水区高丸４丁目8-21", "url": "https://www.kaigokensaku.mhlw.go.jp/28/index.php?action_kouhyou_detail_004_kani=true&JigyosyoCd=2870802937-00&ServiceCd=170&Type=search", "url2": "http://geppi.xsrv.jp" }, "geometry": { "type": "Point", "coordinates": [ 135.059957755074919, 34.641284720116403 ] } },
{ "type": "Feature", "properties": { "内容": "家具の福屋Fitz小束山店【福祉用具貸与】兵庫県神戸市垂水区小束山本町１－１－１", "url": "https://www.kaigokensaku.mhlw.go.jp/28/index.php?action_kouhyou_detail_004_kani=true&JigyosyoCd=2870802895-00&ServiceCd=170&Type=search", "url2": "http://www.kagunofukuya.com/" }, "geometry": { "type": "Point", "coordinates": [ 135.058467200000024, 34.6627634 ] } },
{ "type": "Feature", "properties": { "内容": "リビング　ながおか【福祉用具貸与】兵庫県神戸市垂水区舞子坂3丁目1-5", "url": "https://www.kaigokensaku.mhlw.go.jp/28/index.php?action_kouhyou_detail_004_kani=true&JigyosyoCd=2870802903-00&ServiceCd=170&Type=search", "url2": "http://WWW.nagaoka-kagu.jp/" }, "geometry": { "type": "Point", "coordinates": [ 135.031695200000058, 34.6459466 ] } },
{ "type": "Feature", "properties": { "内容": "株式会社髙城　タカジョウメディカル垂水営業所【福祉用具貸与】神戸市垂水区坂上１丁目１番２３号第ニ山陽マンション１０２号", "url": "https://www.kaigokensaku.mhlw.go.jp/28/index.php?action_kouhyou_detail_004_kani=true&JigyosyoCd=2870800105-00&ServiceCd=170&Type=search", "url2": "http://www.takajyo.biz" }, "geometry": { "type": "Point", "coordinates": [ 135.059310689965827, 34.629806110713183 ] } },
{ "type": "Feature", "properties": { "内容": "テツコの部屋指定福祉用具貸与事業所【福祉用具貸与】兵庫県神戸市垂水区下畑町小坂71", "url": "https://www.kaigokensaku.mhlw.go.jp/28/index.php?action_kouhyou_detail_004_kani=true&JigyosyoCd=2870800329-00&ServiceCd=170&Type=search", "url2": "http://www.tetsukonoheya.co.jp/" }, "geometry": { "type": "Point", "coordinates": [ 135.084649781753598, 34.650888945908321 ] } },
{ "type": "Feature", "properties": { "内容": "ダスキンヘルスレント舞子ステーション【福祉用具貸与】神戸市垂水区本多聞1-6-6", "url": "https://www.kaigokensaku.mhlw.go.jp/28/index.php?action_kouhyou_detail_004_kani=true&JigyosyoCd=2870800741-00&ServiceCd=170&Type=search", "url2": null }, "geometry": { "type": "Point", "coordinates": [ 135.03873909999993, 34.6528599 ] } },
{ "type": "Feature", "properties": { "内容": "ケアサポート西本　垂水営業所【福祉用具貸与】神戸市垂水区福田３丁目４番１４号", "url": "https://www.kaigokensaku.mhlw.go.jp/28/index.php?action_kouhyou_detail_004_kani=true&JigyosyoCd=2870802135-00&ServiceCd=170&Type=search", "url2": "http://www.nishimoto-kobe.com" }, "geometry": { "type": "Point", "coordinates": [ 135.065667833729549, 34.644044933479918 ] } },
{ "type": "Feature", "properties": { "内容": "株式会社　リライフ【福祉用具貸与】兵庫県神戸市垂水区大町1丁目1-11", "url": "https://www.kaigokensaku.mhlw.go.jp/28/index.php?action_kouhyou_detail_004_kani=true&JigyosyoCd=2870803232-00&ServiceCd=170&Type=search", "url2": "www.care-relife.com" }, "geometry": { "type": "Point", "coordinates": [ 135.062206, 34.6367502 ] } },
{ "type": "Feature", "properties": { "内容": "株式会社　リエゾン【福祉用具貸与】兵庫県神戸市垂水区星が丘1丁目1-31", "url": "https://www.kaigokensaku.mhlw.go.jp/28/index.php?action_kouhyou_detail_004_kani=true&JigyosyoCd=2870803661-00&ServiceCd=170&Type=search", "url2": "http://www.liaisonkobe.co.jp/" }, "geometry": { "type": "Point", "coordinates": [ 135.047179899999946, 34.6377967 ] } },
{ "type": "Feature", "properties": { "内容": "イングレンタルサービス【福祉用具貸与】兵庫県神戸市垂水区神陵台3-2-1-12", "url": "https://www.kaigokensaku.mhlw.go.jp/28/index.php?action_kouhyou_detail_004_kani=true&JigyosyoCd=2870804487-00&ServiceCd=170&Type=search", "url2": "https:/one-step-ing.com/" }, "geometry": { "type": "Point", "coordinates": [ 135.0349689, 34.661155 ] } },
{ "type": "Feature", "properties": { "内容": "八千代ケアサポート株式会社　神戸店【福祉用具貸与】兵庫県神戸市垂水区舞子台2丁目5-38ガーデンスクエア舞子　1F", "url": "https://www.kaigokensaku.mhlw.go.jp/28/index.php?action_kouhyou_detail_004_kani=true&JigyosyoCd=2870804743-00&ServiceCd=170&Type=search", "url2": "http:/www.yachiyo-c-s.co.jp" }, "geometry": { "type": "Point", "coordinates": [ 135.0343804, 34.634751 ] } },
{ "type": "Feature", "properties": { "内容": "有限会社　スマイル住介【福祉用具貸与】藤原台南町5丁目4番17号", "url": "https://www.kaigokensaku.mhlw.go.jp/28/index.php?action_kouhyou_detail_004_kani=true&JigyosyoCd=2875001600-00&ServiceCd=170&Type=search", "url2": null }, "geometry": { "type": "Point", "coordinates": [ 135.203335966270544, 34.813191587153163 ] } },
{ "type": "Feature", "properties": { "内容": "株式会社　IMG【福祉用具貸与】兵庫県神戸市北区鈴蘭台西町三丁目11番1号", "url": "https://www.kaigokensaku.mhlw.go.jp/28/index.php?action_kouhyou_detail_004_kani=true&JigyosyoCd=2875002970-00&ServiceCd=170&Type=search", "url2": null }, "geometry": { "type": "Point", "coordinates": [ 135.139428899999984, 34.7297721 ] } },
{ "type": "Feature", "properties": { "内容": "株式会社セイコー【福祉用具貸与】兵庫県神戸市北区花山東町3-32", "url": "https://www.kaigokensaku.mhlw.go.jp/28/index.php?action_kouhyou_detail_004_kani=true&JigyosyoCd=2875004125-00&ServiceCd=170&Type=search", "url2": null }, "geometry": { "type": "Point", "coordinates": [ 135.187243599999988, 34.7662584 ] } },
{ "type": "Feature", "properties": { "内容": "株式会社キャディ【福祉用具貸与】兵庫県神戸市北区大池見山台14-195", "url": "https://www.kaigokensaku.mhlw.go.jp/28/index.php?action_kouhyou_detail_004_kani=true&JigyosyoCd=2875004158-00&ServiceCd=170&Type=search", "url2": "http://caddy-4.jp" }, "geometry": { "type": "Point", "coordinates": [ 135.1917355, 34.7741185 ] } },
{ "type": "Feature", "properties": { "内容": "ダスキンヘルスレント神戸北ステーション【福祉用具貸与】兵庫県神戸市北区有野町唐櫃4302-4", "url": "https://www.kaigokensaku.mhlw.go.jp/28/index.php?action_kouhyou_detail_004_kani=true&JigyosyoCd=2875004257-00&ServiceCd=170&Type=search", "url2": "https://healthrent.duskin.jp" }, "geometry": { "type": "Point", "coordinates": [ 135.2002084, 34.7823906 ] } },
{ "type": "Feature", "properties": { "内容": "株式会社エイチ・ジー【福祉用具貸与】神戸市北区山田町下谷上字門口9番4", "url": "https://www.kaigokensaku.mhlw.go.jp/28/index.php?action_kouhyou_detail_004_kani=true&JigyosyoCd=2875000842-00&ServiceCd=170&Type=search", "url2": "http://hg-corp.jp/" }, "geometry": { "type": "Point", "coordinates": [ 135.155485699999986, 34.7499729 ] } },
{ "type": "Feature", "properties": { "内容": "株式会社Life　Step【福祉用具貸与】鈴蘭台南町5-7-18-1F", "url": "https://www.kaigokensaku.mhlw.go.jp/28/index.php?action_kouhyou_detail_004_kani=true&JigyosyoCd=2875002525-00&ServiceCd=170&Type=search", "url2": "lifestep.biz" }, "geometry": { "type": "Point", "coordinates": [ 135.140965020667892, 34.722985884314426 ] } },
{ "type": "Feature", "properties": { "内容": "まごの手サービス【福祉用具貸与】北五葉１丁目２－１５栄規ビル１０５", "url": "https://www.kaigokensaku.mhlw.go.jp/28/index.php?action_kouhyou_detail_004_kani=true&JigyosyoCd=2875002830-00&ServiceCd=170&Type=search", "url2": null }, "geometry": { "type": "Point", "coordinates": [ 135.136307, 34.7265474 ] } },
{ "type": "Feature", "properties": { "内容": "株式会社ハッピーエイジ福祉用具レンタル・販売事業部【福祉用具貸与】神戸市北区大脇台２番３４号大脇ハウス１Ｆ", "url": "https://www.kaigokensaku.mhlw.go.jp/28/index.php?action_kouhyou_detail_004_kani=true&JigyosyoCd=2875001345-00&ServiceCd=170&Type=search", "url2": "https://happyage.co.jp" }, "geometry": { "type": "Point", "coordinates": [ 135.160566074343933, 34.737373924996923 ] } },
{ "type": "Feature", "properties": { "内容": "福祉用具笑楽【福祉用具貸与】西大池２丁目4-1", "url": "https://www.kaigokensaku.mhlw.go.jp/28/index.php?action_kouhyou_detail_004_kani=true&JigyosyoCd=2875004398-00&ServiceCd=170&Type=search", "url2": "http://わらく.com" }, "geometry": { "type": "Point", "coordinates": [ 135.194863199999986, 34.7734463 ] } },
{ "type": "Feature", "properties": { "内容": "有限会社三宮電器【福祉用具貸与】兵庫県神戸市中央区布引町２－１－１５", "url": "https://www.kaigokensaku.mhlw.go.jp/28/index.php?action_kouhyou_detail_004_kani=true&JigyosyoCd=2875100832-00&ServiceCd=170&Type=search", "url2": null }, "geometry": { "type": "Point", "coordinates": [ 135.19425050000001, 34.6997635 ] } },
{ "type": "Feature", "properties": { "内容": "福祉用具　笑楽【福祉用具貸与】兵庫県神戸市中央区御幸通二丁目1番6号", "url": "https://www.kaigokensaku.mhlw.go.jp/28/index.php?action_kouhyou_detail_004_kani=true&JigyosyoCd=2875103265-00&ServiceCd=170&Type=search", "url2": "http://わらく.com" }, "geometry": { "type": "Point", "coordinates": [ 135.201771600000029, 34.6944688 ] } },
{ "type": "Feature", "properties": { "内容": "(株)ポート・リハビリサービス営業本部指定福祉用具貸与事業所【福祉用具貸与】兵庫県神戸市中央区中山手通3-4-6エイコー山手プラザ3F", "url": "https://www.kaigokensaku.mhlw.go.jp/28/index.php?action_kouhyou_detail_004_kani=true&JigyosyoCd=2875100477-00&ServiceCd=170&Type=search", "url2": "https://www.port-rs.co.jp" }, "geometry": { "type": "Point", "coordinates": [ 135.186840854106123, 34.693302830404846 ] } },
{ "type": "Feature", "properties": { "内容": "株式会社なごみ神戸店【福祉用具貸与】神戸市中央区港島中町5-1-1", "url": "https://www.kaigokensaku.mhlw.go.jp/28/index.php?action_kouhyou_detail_004_kani=true&JigyosyoCd=2875101939-00&ServiceCd=170&Type=search", "url2": "nagomicare.co.jp" }, "geometry": { "type": "Point", "coordinates": [ 135.208116300000029, 34.6615749 ] } },
{ "type": "Feature", "properties": { "内容": "セントケア　りまいん神戸【福祉用具貸与】兵庫県神戸市中央区多聞通2-4-4ブックローン神戸ビル東館２F", "url": "https://www.kaigokensaku.mhlw.go.jp/28/index.php?action_kouhyou_detail_004_kani=true&JigyosyoCd=2875104412-00&ServiceCd=170&Type=search", "url2": "https://www.saint-care.com/center/4663/" }, "geometry": { "type": "Point", "coordinates": [ 135.1770697, 34.6813456 ] } },
{ "type": "Feature", "properties": { "内容": "あっぷる　神戸【福祉用具貸与】神戸市中央区栄町通7丁目１－４", "url": "https://www.kaigokensaku.mhlw.go.jp/28/index.php?action_kouhyou_detail_004_kani=true&JigyosyoCd=2875100766-00&ServiceCd=170&Type=search", "url2": "https://www.applekaigo.com" }, "geometry": { "type": "Point", "coordinates": [ 135.181684799999971, 34.6817893 ] } },
{ "type": "Feature", "properties": { "内容": "ミヤノ健康ショップモイヤン神戸店【福祉用具貸与】神戸市中央区楠町５－４－８", "url": "https://www.kaigokensaku.mhlw.go.jp/28/index.php?action_kouhyou_detail_004_kani=true&JigyosyoCd=2875100097-00&ServiceCd=170&Type=search", "url2": "https://www.miyano.co.jp/" }, "geometry": { "type": "Point", "coordinates": [ 135.17284380000001, 34.6823974 ] } },
{ "type": "Feature", "properties": { "内容": "山陽ケアセンター神戸福祉用具貸与事業所【福祉用具貸与】兵庫県神戸市中央区神若通4丁目2番22号　1階山陽ケアセンター神戸", "url": "https://www.kaigokensaku.mhlw.go.jp/28/index.php?action_kouhyou_detail_004_kani=true&JigyosyoCd=2875103018-00&ServiceCd=170&Type=search", "url2": "http://sanyo-medical.com" }, "geometry": { "type": "Point", "coordinates": [ 135.202513956518146, 34.70366019549742 ] } },
{ "type": "Feature", "properties": { "内容": "セカンドライフ　神戸支店【福祉用具貸与】兵庫県神戸市中央区国香通5丁目2-30　1F", "url": "https://www.kaigokensaku.mhlw.go.jp/28/index.php?action_kouhyou_detail_004_kani=true&JigyosyoCd=2875104669-00&ServiceCd=170&Type=search", "url2": "https://secondlife-care.com/" }, "geometry": { "type": "Point", "coordinates": [ 135.202041946032722, 34.702379422386819 ] } },
{ "type": "Feature", "properties": { "内容": "株式会社　ハートワンこうべ【福祉用具貸与】神戸市西区宮下3丁目7-12", "url": "https://www.kaigokensaku.mhlw.go.jp/28/index.php?action_kouhyou_detail_004_kani=true&JigyosyoCd=2875202711-00&ServiceCd=170&Type=search", "url2": null }, "geometry": { "type": "Point", "coordinates": [ 134.9799458, 34.6919011 ] } },
{ "type": "Feature", "properties": { "内容": "株式会社アーサ【福祉用具貸与】兵庫県神戸市西区伊川谷町有瀬624-1", "url": "https://www.kaigokensaku.mhlw.go.jp/28/index.php?action_kouhyou_detail_004_kani=true&JigyosyoCd=2875200475-00&ServiceCd=170&Type=search", "url2": "http://wwwa-sa.co.jp/" }, "geometry": { "type": "Point", "coordinates": [ 135.024515100000031, 34.6613473 ] } },
{ "type": "Feature", "properties": { "内容": "株式会社三笑堂神戸支店【福祉用具貸与】神戸市西区北別府4丁目2101-1", "url": "https://www.kaigokensaku.mhlw.go.jp/28/index.php?action_kouhyou_detail_004_kani=true&JigyosyoCd=2875201440-00&ServiceCd=170&Type=search", "url2": "http://www.sanshodoh.co.jp" }, "geometry": { "type": "Point", "coordinates": [ 135.008330399999977, 34.6704378 ] } },
{ "type": "Feature", "properties": { "内容": "株式会社トーカイ　神戸営業所【福祉用具貸与】兵庫県神戸市西区大津和３丁目１番１号", "url": "https://www.kaigokensaku.mhlw.go.jp/28/index.php?action_kouhyou_detail_004_kani=true&JigyosyoCd=2875201903-00&ServiceCd=170&Type=search", "url2": "http://www.tokai-corp.com/" }, "geometry": { "type": "Point", "coordinates": [ 135.02692049999996, 34.6667912 ] } },
{ "type": "Feature", "properties": { "内容": "株式会社　ゴトウ・アズ・プランニング　神戸西店【福祉用具貸与】兵庫県神戸市西区玉津町高津橋124-1", "url": "https://www.kaigokensaku.mhlw.go.jp/28/index.php?action_kouhyou_detail_004_kani=true&JigyosyoCd=2875202265-00&ServiceCd=170&Type=search", "url2": "http://www.goto-az.co.jp" }, "geometry": { "type": "Point", "coordinates": [ 134.991515299999946, 34.6660187 ] } },
{ "type": "Feature", "properties": { "内容": "プロエイド　リハ・リハ【福祉用具貸与】神戸市西区前開南町2丁目13-14", "url": "https://www.kaigokensaku.mhlw.go.jp/28/index.php?action_kouhyou_detail_004_kani=true&JigyosyoCd=2875203248-00&ServiceCd=170&Type=search", "url2": "https://www.reha-reha.jp/office/welfare_equipment/pro.html" }, "geometry": { "type": "Point", "coordinates": [ 135.0444989, 34.6871117 ] } },
{ "type": "Feature", "properties": { "内容": "福祉用具アイらく【福祉用具貸与】玉津町水谷201番地2カルディアビル３階カルディアビル３階", "url": "https://www.kaigokensaku.mhlw.go.jp/28/index.php?action_kouhyou_detail_004_kani=true&JigyosyoCd=2875205250-00&ServiceCd=170&Type=search", "url2": null }, "geometry": { "type": "Point", "coordinates": [ 134.994211843515359, 34.680304180064518 ] } },
{ "type": "Feature", "properties": { "内容": "ダスキンヘルスレント神戸西ステーション【福祉用具貸与】神戸市西区伊川谷町有瀬１２９０－４", "url": "https://www.kaigokensaku.mhlw.go.jp/28/index.php?action_kouhyou_detail_004_kani=true&JigyosyoCd=2875201010-00&ServiceCd=170&Type=search", "url2": "http://healthrent.duskin.jp" }, "geometry": { "type": "Point", "coordinates": [ 135.0162823, 34.6629134 ] } },
{ "type": "Feature", "properties": { "内容": "介護ショップひまわり西神戸店【福祉用具貸与】兵庫県神戸市西区森友4丁目104-2", "url": "https://www.kaigokensaku.mhlw.go.jp/28/index.php?action_kouhyou_detail_004_kani=true&JigyosyoCd=2875201093-00&ServiceCd=170&Type=search", "url2": "https://www.himawari200207.com/" }, "geometry": { "type": "Point", "coordinates": [ 135.086935483003543, 34.699321870606433 ] } },
{ "type": "Feature", "properties": { "内容": "介護ショップもも【福祉用具貸与】兵庫県神戸市西区王塚台７丁目１０３番地", "url": "https://www.kaigokensaku.mhlw.go.jp/28/index.php?action_kouhyou_detail_004_kani=true&JigyosyoCd=2875205201-00&ServiceCd=170&Type=search", "url2": null }, "geometry": { "type": "Point", "coordinates": [ 134.980859500941847, 34.672770641415504 ] } },
{ "type": "Feature", "properties": { "内容": "セカンドライフ　西神戸支店【福祉用具貸与】持子2丁目124", "url": "https://www.kaigokensaku.mhlw.go.jp/28/index.php?action_kouhyou_detail_004_kani=true&JigyosyoCd=2875205284-00&ServiceCd=170&Type=search", "url2": "https://secondlife-care.com/" }, "geometry": { "type": "Point", "coordinates": [ 134.981670900000012, 34.6690246 ] } },
{ "type": "Feature", "properties": { "内容": "株式会社やさしい手　住環境事業部神戸営業所【福祉用具貸与】兵庫県神戸市西区大津和3-6-4シャルマンディアントス101", "url": "https://www.kaigokensaku.mhlw.go.jp/28/index.php?action_kouhyou_detail_004_kani=true&JigyosyoCd=2875204998-00&ServiceCd=170&Type=search", "url2": "https://www.yasashiite.com/" }, "geometry": { "type": "Point", "coordinates": [ 135.0260974, 34.6684059 ] } },
{ "type": "Feature", "properties": { "内容": "介護しょっぷ神港園【福祉用具貸与】神出町東1188-70", "url": "https://www.kaigokensaku.mhlw.go.jp/28/index.php?action_kouhyou_detail_004_kani=true&JigyosyoCd=2875205623-00&ServiceCd=170&Type=search", "url2": "https://www.shinkouen.or.jp/" }, "geometry": { "type": "Point", "coordinates": [ 135.014853, 34.758764 ] } },
{ "type": "Feature", "properties": { "内容": "スマイル・ケア【福祉用具貸与】兵庫県姫路市飾西５０番地１０", "url": "https://www.kaigokensaku.mhlw.go.jp/28/index.php?action_kouhyou_detail_004_kani=true&JigyosyoCd=2874003359-00&ServiceCd=170&Type=search", "url2": null }, "geometry": { "type": "Point", "coordinates": [ 134.635644700000057, 34.8640903 ] } },
{ "type": "Feature", "properties": { "内容": "花まるいち【福祉用具貸与】兵庫県姫路市手柄2-117", "url": "https://www.kaigokensaku.mhlw.go.jp/28/index.php?action_kouhyou_detail_004_kani=true&JigyosyoCd=2874003755-00&ServiceCd=170&Type=search", "url2": null }, "geometry": { "type": "Point", "coordinates": [ 134.676495400000022, 34.8133131 ] } },
{ "type": "Feature", "properties": { "内容": "ケアショップおんとく【福祉用具貸与】兵庫県姫路市的形町的形1768-25prendre的形102", "url": "https://www.kaigokensaku.mhlw.go.jp/28/index.php?action_kouhyou_detail_004_kani=true&JigyosyoCd=2874008531-00&ServiceCd=170&Type=search", "url2": "https://www.ontoku.or.jp/facilities/care-shop-ontoku/" }, "geometry": { "type": "Point", "coordinates": [ 134.741602766270461, 34.778368269287043 ] } },
{ "type": "Feature", "properties": { "内容": "福祉用具のいずみ【福祉用具貸与】兵庫県姫路市網干区垣内東町154", "url": "https://www.kaigokensaku.mhlw.go.jp/28/index.php?action_kouhyou_detail_004_kani=true&JigyosyoCd=2874009604-00&ServiceCd=170&Type=search", "url2": "www.care-asahi.com" }, "geometry": { "type": "Point", "coordinates": [ 134.5896908, 34.7906847 ] } },
{ "type": "Feature", "properties": { "内容": "有限会社和高住宅【福祉用具貸与】姫路市東辻井1丁目13－40", "url": "https://www.kaigokensaku.mhlw.go.jp/28/index.php?action_kouhyou_detail_004_kani=true&JigyosyoCd=2874002401-00&ServiceCd=170&Type=search", "url2": "0" }, "geometry": { "type": "Point", "coordinates": [ 134.674219599999986, 34.8469648 ] } },
{ "type": "Feature", "properties": { "内容": "あっぷるレンタル事業所【福祉用具貸与】姫路市神屋町6丁目71", "url": "https://www.kaigokensaku.mhlw.go.jp/28/index.php?action_kouhyou_detail_004_kani=true&JigyosyoCd=2874000066-00&ServiceCd=170&Type=search", "url2": "http://www.apple-117.jp/" }, "geometry": { "type": "Point", "coordinates": [ 134.698676, 34.8274033 ] } },
{ "type": "Feature", "properties": { "内容": "株式会社　ゴトウ・アズ・プランニング　姫路南店【福祉用具貸与】兵庫県姫路市飾磨区野田町187番地", "url": "https://www.kaigokensaku.mhlw.go.jp/28/index.php?action_kouhyou_detail_004_kani=true&JigyosyoCd=2874000652-00&ServiceCd=170&Type=search", "url2": "http://www.goto-az.co.jp/" }, "geometry": { "type": "Point", "coordinates": [ 134.683941900000036, 34.813552 ] } },
{ "type": "Feature", "properties": { "内容": "株式会社セリオ　姫路営業所【福祉用具貸与】兵庫県姫路市八家1277番地6インタービレッジ八家駅前104", "url": "https://www.kaigokensaku.mhlw.go.jp/28/index.php?action_kouhyou_detail_004_kani=true&JigyosyoCd=2874008630-00&ServiceCd=170&Type=search", "url2": "http://www.serio888.net" }, "geometry": { "type": "Point", "coordinates": [ 134.722277500000018, 34.783533 ] } },
{ "type": "Feature", "properties": { "内容": "株式会社ヤマシタ姫路営業所【福祉用具貸与】兵庫県姫路市飾磨区清水三丁目31番地", "url": "https://www.kaigokensaku.mhlw.go.jp/28/index.php?action_kouhyou_detail_004_kani=true&JigyosyoCd=2874000710-00&ServiceCd=170&Type=search", "url2": "http://www.yco.co.jp/" }, "geometry": { "type": "Point", "coordinates": [ 134.678815313646908, 34.801331582175443 ] } },
{ "type": "Feature", "properties": { "内容": "株式会社　ライフケア姫路支店【福祉用具貸与】兵庫県姫路市飾磨区構3-490-1", "url": "https://www.kaigokensaku.mhlw.go.jp/28/index.php?action_kouhyou_detail_004_kani=true&JigyosyoCd=2874007442-00&ServiceCd=170&Type=search", "url2": "https://lifecare-ok.co.jp/" }, "geometry": { "type": "Point", "coordinates": [ 134.667028714120903, 34.80845825444446 ] } },
{ "type": "Feature", "properties": { "内容": "播磨メディカル株式会社【福祉用具貸与】兵庫県姫路市飾磨区思案橋96番地", "url": "https://www.kaigokensaku.mhlw.go.jp/28/index.php?action_kouhyou_detail_004_kani=true&JigyosyoCd=2874002526-00&ServiceCd=170&Type=search", "url2": "http://www.i-sanso.jp/" }, "geometry": { "type": "Point", "coordinates": [ 134.6593696, 34.7949151 ] } },
{ "type": "Feature", "properties": { "内容": "株式会社セイフティサービス【福祉用具貸与】兵庫県姫路市白浜町宇佐崎北１丁目１３番地", "url": "https://www.kaigokensaku.mhlw.go.jp/28/index.php?action_kouhyou_detail_004_kani=true&JigyosyoCd=2874000082-00&ServiceCd=170&Type=search", "url2": "http://www.safetys-inc.com" }, "geometry": { "type": "Point", "coordinates": [ 134.720838400000048, 34.7853109 ] } },
{ "type": "Feature", "properties": { "内容": "介護ショップひまわり姫路店【福祉用具貸与】兵庫県姫路市花田町上原田55-1", "url": "https://www.kaigokensaku.mhlw.go.jp/28/index.php?action_kouhyou_detail_004_kani=true&JigyosyoCd=2874001858-00&ServiceCd=170&Type=search", "url2": "https://www.himawari200207.com/" }, "geometry": { "type": "Point", "coordinates": [ 134.730369199999984, 34.8344377 ] } },
{ "type": "Feature", "properties": { "内容": "パナソニックエイジフリー介護チェーン灘【福祉用具貸与】姫路市木場十八反町２７", "url": "https://www.kaigokensaku.mhlw.go.jp/28/index.php?action_kouhyou_detail_004_kani=true&JigyosyoCd=2874002203-00&ServiceCd=170&Type=search", "url2": "http://mikisangyo-grp.co.jp/side/age-free-index.htm" }, "geometry": { "type": "Point", "coordinates": [ 134.722140761376977, 34.779236526855229 ] } },
{ "type": "Feature", "properties": { "内容": "福祉用具　あずみ【福祉用具貸与】三左衛門堀西の町44", "url": "https://www.kaigokensaku.mhlw.go.jp/28/index.php?action_kouhyou_detail_004_kani=true&JigyosyoCd=2874003698-00&ServiceCd=170&Type=search", "url2": null }, "geometry": { "type": "Point", "coordinates": [ 134.6872787, 34.8173537 ] } },
{ "type": "Feature", "properties": { "内容": "ダスキンヘルスレント姫路ステーション【福祉用具貸与】兵庫県姫路市飾磨区亀山130-1", "url": "https://www.kaigokensaku.mhlw.go.jp/28/index.php?action_kouhyou_detail_004_kani=true&JigyosyoCd=2874009984-00&ServiceCd=170&Type=search", "url2": "https://healthrent.duskin.jp/" }, "geometry": { "type": "Point", "coordinates": [ 134.6796611, 34.8105034 ] } },
{ "type": "Feature", "properties": { "内容": "株式会社ケアショップニシキ姫路【福祉用具貸与】兵庫県姫路市飾磨区英賀宮町2丁目122-1", "url": "https://www.kaigokensaku.mhlw.go.jp/28/index.php?action_kouhyou_detail_004_kani=true&JigyosyoCd=2874004415-00&ServiceCd=170&Type=search", "url2": "nishiki-cc.com" }, "geometry": { "type": "Point", "coordinates": [ 134.637974299999968, 34.805247800000018 ] } },
{ "type": "Feature", "properties": { "内容": "株式会社　トーカイ　姫路支店【福祉用具貸与】兵庫県姫路市飾磨区中野田2-69", "url": "https://www.kaigokensaku.mhlw.go.jp/28/index.php?action_kouhyou_detail_004_kani=true&JigyosyoCd=2874006311-00&ServiceCd=170&Type=search", "url2": "www.tokai-corp.com/" }, "geometry": { "type": "Point", "coordinates": [ 134.681540776093897, 34.805603110630393 ] } },
{ "type": "Feature", "properties": { "内容": "介護ショップマーガレット【福祉用具貸与】兵庫県姫路市南条1丁目126番地", "url": "https://www.kaigokensaku.mhlw.go.jp/28/index.php?action_kouhyou_detail_004_kani=true&JigyosyoCd=2874010099-00&ServiceCd=170&Type=search", "url2": null }, "geometry": { "type": "Point", "coordinates": [ 134.688843, 34.8109521 ] } },
{ "type": "Feature", "properties": { "内容": "株式会社　前後前　福祉住宅相談室【福祉用具貸与】兵庫県姫路市南条１丁目１２６番地", "url": "https://www.kaigokensaku.mhlw.go.jp/28/index.php?action_kouhyou_detail_004_kani=true&JigyosyoCd=2874001056-00&ServiceCd=170&Type=search", "url2": "http://www.zengozen.co.jp" }, "geometry": { "type": "Point", "coordinates": [ 134.688858200000027, 34.8109523 ] } },
{ "type": "Feature", "properties": { "内容": "姫路医療生協　福祉用具レンタル共立【福祉用具貸与】姫路市市川橋通2丁目36番地", "url": "https://www.kaigokensaku.mhlw.go.jp/28/index.php?action_kouhyou_detail_004_kani=true&JigyosyoCd=2874005438-00&ServiceCd=170&Type=search", "url2": "rental2@himeji-mcoop.or.jp" }, "geometry": { "type": "Point", "coordinates": [ 134.707079663803398, 34.829419591054119 ] } },
{ "type": "Feature", "properties": { "内容": "姫路医療生活協同組合　福祉用具レンタルあぼし【福祉用具貸与】姫路市網干区垣内本町553-20", "url": "https://www.kaigokensaku.mhlw.go.jp/28/index.php?action_kouhyou_detail_004_kani=true&JigyosyoCd=2874010834-00&ServiceCd=170&Type=search", "url2": "http://www.himeji-mcoop.or.jp" }, "geometry": { "type": "Point", "coordinates": [ 134.5874253, 34.7923517 ] } },
{ "type": "Feature", "properties": { "内容": "福祉用具０９０９【福祉用具貸与】兵庫県姫路市町田１３３番地１", "url": "https://www.kaigokensaku.mhlw.go.jp/28/index.php?action_kouhyou_detail_004_kani=true&JigyosyoCd=2874008994-00&ServiceCd=170&Type=search", "url2": "https://wakuwaku.com/" }, "geometry": { "type": "Point", "coordinates": [ 134.641705300000012, 34.8643736 ] } },
{ "type": "Feature", "properties": { "内容": "福祉用具プランナー癒々【福祉用具貸与】兵庫県姫路市飯田491-13", "url": "https://www.kaigokensaku.mhlw.go.jp/28/index.php?action_kouhyou_detail_004_kani=true&JigyosyoCd=2874007350-00&ServiceCd=170&Type=search", "url2": "http://imone.jp/fukushi/index.html" }, "geometry": { "type": "Point", "coordinates": [ 134.6708877, 34.8153788 ] } },
{ "type": "Feature", "properties": { "内容": "ケアショップおんとく【福祉用具貸与】姫路市的形町的形1768-25プランドール的形102プランドール的形102", "url": "https://www.kaigokensaku.mhlw.go.jp/28/index.php?action_kouhyou_detail_004_kani=true&JigyosyoCd=2874011154-00&ServiceCd=170&Type=search", "url2": "https://www.ontoku.or.jp/" }, "geometry": { "type": "Point", "coordinates": [ 134.7415248, 34.7783825 ] } },
{ "type": "Feature", "properties": { "内容": "有限会社　ドゥ・ベスト【福祉用具貸与】兵庫県姫路市網干区浜田７９－３", "url": "https://www.kaigokensaku.mhlw.go.jp/28/index.php?action_kouhyou_detail_004_kani=true&JigyosyoCd=2874001742-00&ServiceCd=170&Type=search", "url2": null }, "geometry": { "type": "Point", "coordinates": [ 134.578345500000069, 34.782199499999983 ] } },
{ "type": "Feature", "properties": { "内容": "姫路市社会福祉協議会　福祉の店【福祉用具貸与】兵庫県姫路市栗山町１５１－２　栗山別館４階", "url": "https://www.kaigokensaku.mhlw.go.jp/28/index.php?action_kouhyou_detail_004_kani=true&JigyosyoCd=2874000793-00&ServiceCd=170&Type=search", "url2": "http://www.himeji-wel.or.jp" }, "geometry": { "type": "Point", "coordinates": [ 134.683048099999951, 34.8168243 ] } },
{ "type": "Feature", "properties": { "内容": "ヨウグキング姫路【福祉用具貸与】姫路市下手野4丁目13-55", "url": "https://www.kaigokensaku.mhlw.go.jp/28/index.php?action_kouhyou_detail_004_kani=true&JigyosyoCd=2874008507-00&ServiceCd=170&Type=search", "url2": "www.act1.jp" }, "geometry": { "type": "Point", "coordinates": [ 134.64894670000001, 34.8514419 ] } },
{ "type": "Feature", "properties": { "内容": "あゆみ愛福祉用具【福祉用具貸与】姫路市網干区浜田104-2", "url": "https://www.kaigokensaku.mhlw.go.jp/28/index.php?action_kouhyou_detail_004_kani=true&JigyosyoCd=2874011006-00&ServiceCd=170&Type=search", "url2": "https://ayumiai.net" }, "geometry": { "type": "Point", "coordinates": [ 134.578176585319511, 34.783220864844559 ] } },
{ "type": "Feature", "properties": { "内容": "株式会社　宮田製綿所【福祉用具貸与】兵庫県姫路市花田町小川８３８－１", "url": "https://www.kaigokensaku.mhlw.go.jp/28/index.php?action_kouhyou_detail_004_kani=true&JigyosyoCd=2874000801-00&ServiceCd=170&Type=search", "url2": "http://www.kasifuton.co.jp" }, "geometry": { "type": "Point", "coordinates": [ 134.721936699999986, 34.8384111 ] } },
{ "type": "Feature", "properties": { "内容": "えがお【福祉用具貸与】兵庫県姫路市網干区津市場６１７番地", "url": "https://www.kaigokensaku.mhlw.go.jp/28/index.php?action_kouhyou_detail_004_kani=true&JigyosyoCd=2874005420-00&ServiceCd=170&Type=search", "url2": null }, "geometry": { "type": "Point", "coordinates": [ 134.582227800000027, 34.7939846 ] } },
{ "type": "Feature", "properties": { "内容": "パナソニックエイジフリーショップ姫路【福祉用具貸与】兵庫県姫路市青山５丁目１０番１９号", "url": "https://www.kaigokensaku.mhlw.go.jp/28/index.php?action_kouhyou_detail_004_kani=true&JigyosyoCd=2874002740-00&ServiceCd=170&Type=search", "url2": "http://techno-aids.com/" }, "geometry": { "type": "Point", "coordinates": [ 134.636434099999974, 34.8453148 ] } },
{ "type": "Feature", "properties": { "内容": "サンフラワー【福祉用具貸与】兵庫県尼崎市武庫之荘１－１２－１６", "url": "https://www.kaigokensaku.mhlw.go.jp/28/index.php?action_kouhyou_detail_004_kani=true&JigyosyoCd=2873008250-00&ServiceCd=170&Type=search", "url2": "http://www.sunflowerke.jp" }, "geometry": { "type": "Point", "coordinates": [ 135.39194523252354, 34.753393892523846 ] } },
{ "type": "Feature", "properties": { "内容": "おたすけサポートパル【福祉用具貸与】兵庫県尼崎市南武庫之荘7－17－4", "url": "https://www.kaigokensaku.mhlw.go.jp/28/index.php?action_kouhyou_detail_004_kani=true&JigyosyoCd=2873011882-00&ServiceCd=170&Type=search", "url2": null }, "geometry": { "type": "Point", "coordinates": [ 135.3860194, 34.7453545 ] } },
{ "type": "Feature", "properties": { "内容": "ケアサポート西本　阪神営業所【福祉用具貸与】尼崎市尾浜町２－１４－１８", "url": "https://www.kaigokensaku.mhlw.go.jp/28/index.php?action_kouhyou_detail_004_kani=true&JigyosyoCd=2873012740-00&ServiceCd=170&Type=search", "url2": "http://www.nishimoto-kobe.com" }, "geometry": { "type": "Point", "coordinates": [ 135.4164423, 34.7367128 ] } },
{ "type": "Feature", "properties": { "内容": "株式会社ぼっちゃん堂【福祉用具貸与】尼崎市水堂町4丁目15番11号", "url": "https://www.kaigokensaku.mhlw.go.jp/28/index.php?action_kouhyou_detail_004_kani=true&JigyosyoCd=2873000851-00&ServiceCd=170&Type=search", "url2": "https://botchando.koyama-grp.com/" }, "geometry": { "type": "Point", "coordinates": [ 135.386476577815387, 34.744647271499097 ] } },
{ "type": "Feature", "properties": { "内容": "株式会社　ビー・ピー・アンド・ピー【福祉用具貸与】兵庫県尼崎市立花町4丁目3-23", "url": "https://www.kaigokensaku.mhlw.go.jp/28/index.php?action_kouhyou_detail_004_kani=true&JigyosyoCd=2873002493-00&ServiceCd=170&Type=search", "url2": "http://bppyawara.web.fc2.com/" }, "geometry": { "type": "Point", "coordinates": [ 135.398259899999971, 34.7397109 ] } },
{ "type": "Feature", "properties": { "内容": "株式会社ゴトウ・アズ・プランニング　尼崎店【福祉用具貸与】兵庫県尼崎市常松2丁目2番31号", "url": "https://www.kaigokensaku.mhlw.go.jp/28/index.php?action_kouhyou_detail_004_kani=true&JigyosyoCd=2873002840-00&ServiceCd=170&Type=search", "url2": "http://www.goto-az.co.jp" }, "geometry": { "type": "Point", "coordinates": [ 135.379872163463801, 34.767805009673886 ] } },
{ "type": "Feature", "properties": { "内容": "介護ショップひまわり阪神店【福祉用具貸与】兵庫県尼崎市武庫之荘8丁目6番25号", "url": "https://www.kaigokensaku.mhlw.go.jp/28/index.php?action_kouhyou_detail_004_kani=true&JigyosyoCd=2873006619-00&ServiceCd=170&Type=search", "url2": "http://www.himawari200207.com/" }, "geometry": { "type": "Point", "coordinates": [ 135.388663, 34.7648389 ] } },
{ "type": "Feature", "properties": { "内容": "福祉用具ﾚﾝﾀﾙｻｰﾋﾞｽさぽーと【福祉用具貸与】兵庫県尼崎市水堂町1-10-37特別養護老人ホーム立花あまの里内", "url": "https://www.kaigokensaku.mhlw.go.jp/28/index.php?action_kouhyou_detail_004_kani=true&JigyosyoCd=2873010892-00&ServiceCd=170&Type=search", "url2": "http://www.shafuku-nijinokai.or.jp/" }, "geometry": { "type": "Point", "coordinates": [ 135.395935099999946, 34.742471600000037 ] } },
{ "type": "Feature", "properties": { "内容": "ケアアマミサポート【福祉用具貸与】兵庫県尼崎市武庫川町2-20-1", "url": "https://www.kaigokensaku.mhlw.go.jp/28/index.php?action_kouhyou_detail_004_kani=true&JigyosyoCd=2873012013-00&ServiceCd=170&Type=search", "url2": null }, "geometry": { "type": "Point", "coordinates": [ 135.386563891014532, 34.716921963199731 ] } },
{ "type": "Feature", "properties": { "内容": "ケアセンターAmi【福祉用具貸与】崇徳院３丁目５６番地", "url": "https://www.kaigokensaku.mhlw.go.jp/28/index.php?action_kouhyou_detail_004_kani=true&JigyosyoCd=2873012674-00&ServiceCd=170&Type=search", "url2": null }, "geometry": { "type": "Point", "coordinates": [ 135.3972642, 34.7224255 ] } },
{ "type": "Feature", "properties": { "内容": "(有）ハミング【福祉用具貸与】兵庫県尼崎市菜切山町4番地１", "url": "https://www.kaigokensaku.mhlw.go.jp/28/index.php?action_kouhyou_detail_004_kani=true&JigyosyoCd=2873012724-00&ServiceCd=170&Type=search", "url2": "http://www.humming-aloha.co.jp" }, "geometry": { "type": "Point", "coordinates": [ 135.396876600000013, 34.724108800000018 ] } },
{ "type": "Feature", "properties": { "内容": "(株)ポート・リハビリサービス尼崎店福祉用具貸与事業所【福祉用具貸与】兵庫県尼崎市南塚口町6-2-23けんみんclub2F", "url": "https://www.kaigokensaku.mhlw.go.jp/28/index.php?action_kouhyou_detail_004_kani=true&JigyosyoCd=2873000463-00&ServiceCd=170&Type=search", "url2": "https://www.port-rs.co.jp" }, "geometry": { "type": "Point", "coordinates": [ 135.414003549073755, 34.747809630038738 ] } },
{ "type": "Feature", "properties": { "内容": "有限会社　ケアベスト【福祉用具貸与】尼崎市武庫之荘6-26-7", "url": "https://www.kaigokensaku.mhlw.go.jp/28/index.php?action_kouhyou_detail_004_kani=true&JigyosyoCd=2873000653-00&ServiceCd=170&Type=search", "url2": "https://carebest.jimdofree.com/" }, "geometry": { "type": "Point", "coordinates": [ 135.385655, 34.7621141 ] } },
{ "type": "Feature", "properties": { "内容": "株式会社タカプラ【福祉用具貸与】兵庫県尼崎市南塚口町4丁目1-30サウンドグレースパートⅢ1F", "url": "https://www.kaigokensaku.mhlw.go.jp/28/index.php?action_kouhyou_detail_004_kani=true&JigyosyoCd=2873001172-00&ServiceCd=170&Type=search", "url2": "http://www.takaplanning.co.jp" }, "geometry": { "type": "Point", "coordinates": [ 135.4192071, 34.7466412 ] } },
{ "type": "Feature", "properties": { "内容": "ひとがしゅプラス【福祉用具貸与】尼崎市塚口町3-32-4レーベンス壱番館103", "url": "https://www.kaigokensaku.mhlw.go.jp/28/index.php?action_kouhyou_detail_004_kani=true&JigyosyoCd=2873004069-00&ServiceCd=170&Type=search", "url2": "http://www.hito-ga-shu.com" }, "geometry": { "type": "Point", "coordinates": [ 135.408315499999986, 34.755321 ] } },
{ "type": "Feature", "properties": { "内容": "ヨウグキング【福祉用具貸与】昭和南通３－２６第一松本ビル２Ｆ", "url": "https://www.kaigokensaku.mhlw.go.jp/28/index.php?action_kouhyou_detail_004_kani=true&JigyosyoCd=2873009001-00&ServiceCd=170&Type=search", "url2": "http://yoguking.act1.jp/" }, "geometry": { "type": "Point", "coordinates": [ 135.418066400000043, 34.719779899999978 ] } },
{ "type": "Feature", "properties": { "内容": "株式会社　みやこ福祉用具【福祉用具貸与】兵庫県尼崎市七松町2丁目15番7号", "url": "https://www.kaigokensaku.mhlw.go.jp/28/index.php?action_kouhyou_detail_004_kani=true&JigyosyoCd=2873009647-00&ServiceCd=170&Type=search", "url2": null }, "geometry": { "type": "Point", "coordinates": [ 135.401358108953929, 34.736065499063884 ] } },
{ "type": "Feature", "properties": { "内容": "株式会社神戸レンタル尼崎支店【福祉用具貸与】兵庫県尼崎市東難波町2丁目9-22", "url": "https://www.kaigokensaku.mhlw.go.jp/28/index.php?action_kouhyou_detail_004_kani=true&JigyosyoCd=2873012096-00&ServiceCd=170&Type=search", "url2": "http://kobe-rental.net/" }, "geometry": { "type": "Point", "coordinates": [ 135.409656899999987, 34.7293521 ] } },
{ "type": "Feature", "properties": { "内容": "ダスキンヘルスレント尼崎ステーション【福祉用具貸与】兵庫県尼崎市東難波5-17-11　グラドアーレミゼ101.102", "url": "https://www.kaigokensaku.mhlw.go.jp/28/index.php?action_kouhyou_detail_004_kani=true&JigyosyoCd=2873012757-00&ServiceCd=170&Type=search", "url2": "https://healthrent.duskin.jp/station/hyogo/amagasaki.html" }, "geometry": { "type": "Point", "coordinates": [ 135.4159065, 34.7218472 ] } },
{ "type": "Feature", "properties": { "内容": "あっぷる尼崎【福祉用具貸与】尼崎市神田北通4丁目49-1㈱平安阪神支社ビル１階", "url": "https://www.kaigokensaku.mhlw.go.jp/28/index.php?action_kouhyou_detail_004_kani=true&JigyosyoCd=2873000521-00&ServiceCd=170&Type=search", "url2": "https://www.applekaigo.com" }, "geometry": { "type": "Point", "coordinates": [ 135.411414400000012, 34.7212657 ] } },
{ "type": "Feature", "properties": { "内容": "芦風荘福祉用具レンタル事業所【福祉用具貸与】兵庫県尼崎市西長洲町１丁目３番１号", "url": "https://www.kaigokensaku.mhlw.go.jp/28/index.php?action_kouhyou_detail_004_kani=true&JigyosyoCd=2873003756-00&ServiceCd=170&Type=search", "url2": "http://www.heiseikai.or.jp" }, "geometry": { "type": "Point", "coordinates": [ 135.424347631908716, 34.728533626917098 ] } },
{ "type": "Feature", "properties": { "内容": "有限会社　ヤマサキケアネット【福祉用具貸与】尼崎市武庫元町1-21-14ヤマサキケアネット本社ビル", "url": "https://www.kaigokensaku.mhlw.go.jp/28/index.php?action_kouhyou_detail_004_kani=true&JigyosyoCd=2873003822-00&ServiceCd=170&Type=search", "url2": "http://yamasaki-care.net/" }, "geometry": { "type": "Point", "coordinates": [ 135.384472052531464, 34.757775533410857 ] } },
{ "type": "Feature", "properties": { "内容": "福祉ジョイント・エース福祉用具貸与事業所【福祉用具貸与】兵庫県尼崎市東園田町9丁目15-2", "url": "https://www.kaigokensaku.mhlw.go.jp/28/index.php?action_kouhyou_detail_004_kani=true&JigyosyoCd=2873007344-00&ServiceCd=170&Type=search", "url2": null }, "geometry": { "type": "Point", "coordinates": [ 135.447449600000027, 34.7510688 ] } },
{ "type": "Feature", "properties": { "内容": "ライフプランニング【福祉用具貸与】兵庫県尼崎市杭瀬南新町1-6-18", "url": "https://www.kaigokensaku.mhlw.go.jp/28/index.php?action_kouhyou_detail_004_kani=true&JigyosyoCd=2873008425-00&ServiceCd=170&Type=search", "url2": null }, "geometry": { "type": "Point", "coordinates": [ 135.43827310000006, 34.7172667 ] } },
{ "type": "Feature", "properties": { "内容": "アルスタックウェルフェアサービス【福祉用具貸与】兵庫県尼崎市西難波町2-25-14", "url": "https://www.kaigokensaku.mhlw.go.jp/28/index.php?action_kouhyou_detail_004_kani=true&JigyosyoCd=2873009050-00&ServiceCd=170&Type=search", "url2": "http://arusutak.com/" }, "geometry": { "type": "Point", "coordinates": [ 135.404504, 34.7266817 ] } },
{ "type": "Feature", "properties": { "内容": "株式会社　ヤマシタ　尼崎営業所【福祉用具貸与】兵庫県尼崎市稲葉元町3丁目15-11", "url": "https://www.kaigokensaku.mhlw.go.jp/28/index.php?action_kouhyou_detail_004_kani=true&JigyosyoCd=2873011254-00&ServiceCd=170&Type=search", "url2": "http://www.yco.co.jp/" }, "geometry": { "type": "Point", "coordinates": [ 135.38895279999997, 34.7342417 ] } },
{ "type": "Feature", "properties": { "内容": "フランスベッド株式会社　メディカル尼崎営業所【福祉用具貸与】東大物町1-3-31", "url": "https://www.kaigokensaku.mhlw.go.jp/28/index.php?action_kouhyou_detail_004_kani=true&JigyosyoCd=2873012898-00&ServiceCd=170&Type=search", "url2": "https://www.francebed.co.jp" }, "geometry": { "type": "Point", "coordinates": [ 135.4268045, 34.7170521 ] } },
{ "type": "Feature", "properties": { "内容": "なないろ【福祉用具貸与】兵庫県尼崎市南塚口町6丁目4-1バザーリ塚口1F", "url": "https://www.kaigokensaku.mhlw.go.jp/28/index.php?action_kouhyou_detail_004_kani=true&JigyosyoCd=2873014258-00&ServiceCd=170&Type=search", "url2": null }, "geometry": { "type": "Point", "coordinates": [ 135.4056209, 34.7359548 ] } },
{ "type": "Feature", "properties": { "内容": "西長洲荘福祉用具レンタル事業所【福祉用具貸与】西長洲町３丁目３－２０特別養護老人ホーム西長洲荘内", "url": "https://www.kaigokensaku.mhlw.go.jp/28/index.php?action_kouhyou_detail_004_kani=true&JigyosyoCd=2873014373-00&ServiceCd=170&Type=search", "url2": "http://www.heiseikai.or.jp" }, "geometry": { "type": "Point", "coordinates": [ 135.417561299999988, 34.7260684 ] } },
{ "type": "Feature", "properties": { "内容": "有限会社　ナチュラルケア【福祉用具貸与】兵庫県尼崎市立花町4丁目14-28", "url": "https://www.kaigokensaku.mhlw.go.jp/28/index.php?action_kouhyou_detail_004_kani=true&JigyosyoCd=2873001123-00&ServiceCd=170&Type=search", "url2": "http://natural-care.net" }, "geometry": { "type": "Point", "coordinates": [ 135.398259899999971, 34.7397109 ] } },
{ "type": "Feature", "properties": { "内容": "株式会社トーカイ　尼崎営業所【福祉用具貸与】猪名寺１－２２－２０", "url": "https://www.kaigokensaku.mhlw.go.jp/28/index.php?action_kouhyou_detail_004_kani=true&JigyosyoCd=2873008003-00&ServiceCd=170&Type=search", "url2": "http://www.tokai-corp.com/" }, "geometry": { "type": "Point", "coordinates": [ 135.425046722090173, 34.766475513556998 ] } },
{ "type": "Feature", "properties": { "内容": "株式会社　ハート　ポート【福祉用具貸与】兵庫県明石市大久保町大窪１５１３－１", "url": "https://www.kaigokensaku.mhlw.go.jp/28/index.php?action_kouhyou_detail_004_kani=true&JigyosyoCd=2872000639-00&ServiceCd=170&Type=search", "url2": "http://heart-port.net/" }, "geometry": { "type": "Point", "coordinates": [ 134.941793800000028, 34.6915296 ] } },
{ "type": "Feature", "properties": { "内容": "パナソニックエイジフリーショップ明石【福祉用具貸与】兵庫県明石市二見町西二見89-7兵庫二見プラザ106-B", "url": "https://www.kaigokensaku.mhlw.go.jp/28/index.php?action_kouhyou_detail_004_kani=true&JigyosyoCd=2872004334-00&ServiceCd=170&Type=search", "url2": "https://sumai.panasonic.jp/agefree/map/detail.php?id=253" }, "geometry": { "type": "Point", "coordinates": [ 134.889272199999965, 34.7117716 ] } },
{ "type": "Feature", "properties": { "内容": "株式会社セレクト　兵庫支店【福祉用具貸与】明石市西新町２丁目１２－２４", "url": "https://www.kaigokensaku.mhlw.go.jp/28/index.php?action_kouhyou_detail_004_kani=true&JigyosyoCd=2872003252-00&ServiceCd=170&Type=search", "url2": "http://www.select-shinsengumi.co.jp/" }, "geometry": { "type": "Point", "coordinates": [ 134.980574536153796, 34.651999375037569 ] } },
{ "type": "Feature", "properties": { "内容": "フランスベッド株式会社メディカル兵庫営業所【福祉用具貸与】兵庫県明石市鍛治屋町4-30北條ビル1階", "url": "https://www.kaigokensaku.mhlw.go.jp/28/index.php?action_kouhyou_detail_004_kani=true&JigyosyoCd=2872003229-00&ServiceCd=170&Type=search", "url2": "http://www.francebed.co.jp/" }, "geometry": { "type": "Point", "coordinates": [ 134.994333553967294, 34.645705858333514 ] } },
{ "type": "Feature", "properties": { "内容": "セカンドライフ【福祉用具貸与】明石市魚住町住吉1丁目11-16", "url": "https://www.kaigokensaku.mhlw.go.jp/28/index.php?action_kouhyou_detail_004_kani=true&JigyosyoCd=2872002544-00&ServiceCd=170&Type=search", "url2": "http://secondlife-care.com" }, "geometry": { "type": "Point", "coordinates": [ 134.903536300000042, 34.691784700000021 ] } },
{ "type": "Feature", "properties": { "内容": "SASAERUNE【福祉用具貸与】兵庫県明石市大久保町西島215-4", "url": "https://www.kaigokensaku.mhlw.go.jp/28/index.php?action_kouhyou_detail_004_kani=true&JigyosyoCd=2872005190-00&ServiceCd=170&Type=search", "url2": null }, "geometry": { "type": "Point", "coordinates": [ 134.9112714, 34.6975017 ] } },
{ "type": "Feature", "properties": { "内容": "アルク福祉用具【福祉用具貸与】兵庫県明石市二見町西二見１８番地の７５", "url": "https://www.kaigokensaku.mhlw.go.jp/28/index.php?action_kouhyou_detail_004_kani=true&JigyosyoCd=2872004904-00&ServiceCd=170&Type=search", "url2": "https://www.aruku.website/" }, "geometry": { "type": "Point", "coordinates": [ 134.88980289999995, 34.714194300000017 ] } },
{ "type": "Feature", "properties": { "内容": "ケアサポート西本　明石営業所【福祉用具貸与】兵庫県明石市西新町1丁目22-4", "url": "https://www.kaigokensaku.mhlw.go.jp/28/index.php?action_kouhyou_detail_004_kani=true&JigyosyoCd=2872005927-00&ServiceCd=170&Type=search", "url2": "https://www.nishimoto-kobe.com/" }, "geometry": { "type": "Point", "coordinates": [ 134.982401, 34.6520432 ] } },
{ "type": "Feature", "properties": { "内容": "兵庫リハビリ株式会社【福祉用具貸与】西宮市与古道町６番１７号", "url": "https://www.kaigokensaku.mhlw.go.jp/28/index.php?action_kouhyou_detail_004_kani=true&JigyosyoCd=2870900616-00&ServiceCd=170&Type=search", "url2": "http://wondertree.family/" }, "geometry": { "type": "Point", "coordinates": [ 135.3417422, 34.7343356 ] } },
{ "type": "Feature", "properties": { "内容": "あんしん生活福祉用具貸与事業所【福祉用具貸与】兵庫県西宮市甲子園浦風町1-23-1F", "url": "https://www.kaigokensaku.mhlw.go.jp/28/index.php?action_kouhyou_detail_004_kani=true&JigyosyoCd=2870907397-00&ServiceCd=170&Type=search", "url2": "https://sprout-co.jp/" }, "geometry": { "type": "Point", "coordinates": [ 135.358571100000034, 34.7277726 ] } },
{ "type": "Feature", "properties": { "内容": "モノステーション十人十色【福祉用具貸与】西宮市城ヶ堀町3-17ファインキャッスル城ヶ堀", "url": "https://www.kaigokensaku.mhlw.go.jp/28/index.php?action_kouhyou_detail_004_kani=true&JigyosyoCd=2870907991-00&ServiceCd=170&Type=search", "url2": "https://toiro.care/" }, "geometry": { "type": "Point", "coordinates": [ 135.3394228, 34.742302 ] } },
{ "type": "Feature", "properties": { "内容": "マザーケア福祉用具レンタルサービス【福祉用具貸与】兵庫県西宮市今津二葉町３番６号布亀本社第一ビル3階", "url": "https://www.kaigokensaku.mhlw.go.jp/28/index.php?action_kouhyou_detail_004_kani=true&JigyosyoCd=2870901481-00&ServiceCd=170&Type=search", "url2": "http://www.nunokame.co.jp" }, "geometry": { "type": "Point", "coordinates": [ 135.35113309999997, 34.7288112 ] } },
{ "type": "Feature", "properties": { "内容": "有限会社　アイ・アイ【福祉用具貸与】西宮市高須町1丁目1－2－213メルカードむこがわ", "url": "https://www.kaigokensaku.mhlw.go.jp/28/index.php?action_kouhyou_detail_004_kani=true&JigyosyoCd=2870901580-00&ServiceCd=170&Type=search", "url2": "aifukusi@amber.plala.or.jp" }, "geometry": { "type": "Point", "coordinates": [ 135.370999200000028, 34.7056715 ] } },
{ "type": "Feature", "properties": { "内容": "エービーシーケアセンター【福祉用具貸与】西宮市生瀬町2-8-14", "url": "https://www.kaigokensaku.mhlw.go.jp/28/index.php?action_kouhyou_detail_004_kani=true&JigyosyoCd=2870902471-00&ServiceCd=170&Type=search", "url2": "http://www.abc-cc.jp/" }, "geometry": { "type": "Point", "coordinates": [ 135.328172, 34.8193259 ] } },
{ "type": "Feature", "properties": { "内容": "有限会社　トリニティ【福祉用具貸与】西宮市津門大箇町2-23平山ビル2階平山ビル2階", "url": "https://www.kaigokensaku.mhlw.go.jp/28/index.php?action_kouhyou_detail_004_kani=true&JigyosyoCd=2870902893-00&ServiceCd=170&Type=search", "url2": "http://trinity-web.net" }, "geometry": { "type": "Point", "coordinates": [ 135.354020514921757, 34.73554751195455 ] } },
{ "type": "Feature", "properties": { "内容": "神戸レンタル【福祉用具貸与】西宮市高木東町１１番３８号", "url": "https://www.kaigokensaku.mhlw.go.jp/28/index.php?action_kouhyou_detail_004_kani=true&JigyosyoCd=2870903859-00&ServiceCd=170&Type=search", "url2": "https://kobe-rental.net/" }, "geometry": { "type": "Point", "coordinates": [ 135.364243, 34.7503982 ] } },
{ "type": "Feature", "properties": { "内容": "株式会社　リブズ【福祉用具貸与】西宮市若草町2丁目１０－１３", "url": "https://www.kaigokensaku.mhlw.go.jp/28/index.php?action_kouhyou_detail_004_kani=true&JigyosyoCd=2870904154-00&ServiceCd=170&Type=search", "url2": "http://www.lives-ltd.jp" }, "geometry": { "type": "Point", "coordinates": [ 135.375415, 34.7259784 ] } },
{ "type": "Feature", "properties": { "内容": "ライフサポート光【福祉用具貸与】兵庫県西宮市里中町2丁目2番9号エミネント多田1F", "url": "https://www.kaigokensaku.mhlw.go.jp/28/index.php?action_kouhyou_detail_004_kani=true&JigyosyoCd=2870904972-00&ServiceCd=170&Type=search", "url2": null }, "geometry": { "type": "Point", "coordinates": [ 135.373564912268449, 34.721762863345717 ] } },
{ "type": "Feature", "properties": { "内容": "アウルサポート【福祉用具貸与】兵庫県西宮市甲子園浦風町6番20号", "url": "https://www.kaigokensaku.mhlw.go.jp/28/index.php?action_kouhyou_detail_004_kani=true&JigyosyoCd=2870906548-00&ServiceCd=170&Type=search", "url2": "https://www.funacli.or.jp/fukurou-day/guide/fukuroudayowlsupport/" }, "geometry": { "type": "Point", "coordinates": [ 135.363046299999951, 34.7259338 ] } },
{ "type": "Feature", "properties": { "内容": "羽衣福祉用具センター【福祉用具貸与】津門稲荷町10-22", "url": "https://www.kaigokensaku.mhlw.go.jp/28/index.php?action_kouhyou_detail_004_kani=true&JigyosyoCd=2870908791-00&ServiceCd=170&Type=search", "url2": "https://baby-leaf.co.jp/?page_id=1249" }, "geometry": { "type": "Point", "coordinates": [ 135.352605399999987, 34.7360261 ] } },
{ "type": "Feature", "properties": { "内容": "株式会社ランクル【福祉用具貸与】兵庫県西宮市中須佐町2-25", "url": "https://www.kaigokensaku.mhlw.go.jp/28/index.php?action_kouhyou_detail_004_kani=true&JigyosyoCd=2870909518-00&ServiceCd=170&Type=search", "url2": null }, "geometry": { "type": "Point", "coordinates": [ 135.3461461, 34.7418795 ] } },
{ "type": "Feature", "properties": { "内容": "まりもレンタルサービス【福祉用具貸与】大屋町12-23ラポール西宮", "url": "https://www.kaigokensaku.mhlw.go.jp/28/index.php?action_kouhyou_detail_004_kani=true&JigyosyoCd=2870909781-00&ServiceCd=170&Type=search", "url2": "http://office-soumu.jp/" }, "geometry": { "type": "Point", "coordinates": [ 135.365214400000013, 34.7440276 ] } },
{ "type": "Feature", "properties": { "内容": "モノステーション十人十色【福祉用具貸与】兵庫県西宮市城ヶ堀町3-17ファインキャッスル城ヶ堀１階", "url": "https://www.kaigokensaku.mhlw.go.jp/28/index.php?action_kouhyou_detail_004_kani=true&JigyosyoCd=2870909872-00&ServiceCd=170&Type=search", "url2": "https://toiro.care/" }, "geometry": { "type": "Point", "coordinates": [ 135.3394228, 34.742302 ] } },
{ "type": "Feature", "properties": { "内容": "西宮市社会福祉事業団　すこやか福祉用具サポートセンター【福祉用具貸与】兵庫県西宮市林田町７－１７", "url": "https://www.kaigokensaku.mhlw.go.jp/28/index.php?action_kouhyou_detail_004_kani=true&JigyosyoCd=2870900848-00&ServiceCd=170&Type=search", "url2": "https://www.nishinomiya-fukushi.jp/" }, "geometry": { "type": "Point", "coordinates": [ 135.361026600000088, 34.7574529 ] } },
{ "type": "Feature", "properties": { "内容": "有限会社アール・エム　はなまる介護センター【福祉用具貸与】兵庫県西宮市今津曙町12-3", "url": "https://www.kaigokensaku.mhlw.go.jp/28/index.php?action_kouhyou_detail_004_kani=true&JigyosyoCd=2870901739-00&ServiceCd=170&Type=search", "url2": "http://hanamarukaigo.com/" }, "geometry": { "type": "Point", "coordinates": [ 135.357463199999984, 34.7280725 ] } },
{ "type": "Feature", "properties": { "内容": "ラポール福祉用具貸与事業所【福祉用具貸与】西宮市石在町１１番１１－１０２号", "url": "https://www.kaigokensaku.mhlw.go.jp/28/index.php?action_kouhyou_detail_004_kani=true&JigyosyoCd=2870902117-00&ServiceCd=170&Type=search", "url2": null }, "geometry": { "type": "Point", "coordinates": [ 135.3425866, 34.7292555 ] } },
{ "type": "Feature", "properties": { "内容": "ダスキンヘルスレント西宮ステーション【福祉用具貸与】兵庫県西宮市上大市4丁目8-9", "url": "https://www.kaigokensaku.mhlw.go.jp/28/index.php?action_kouhyou_detail_004_kani=true&JigyosyoCd=2870905011-00&ServiceCd=170&Type=search", "url2": "https://healthrent.duskin.jp/index.html?link=log" }, "geometry": { "type": "Point", "coordinates": [ 135.365557800000033, 34.7631625 ] } },
{ "type": "Feature", "properties": { "内容": "西宮市社会福祉事業団　小松福祉用具サポートセンター【福祉用具貸与】兵庫県西宮市小松北町2-8-1第２１ヒグチビル", "url": "https://www.kaigokensaku.mhlw.go.jp/28/index.php?action_kouhyou_detail_004_kani=true&JigyosyoCd=2870905193-00&ServiceCd=170&Type=search", "url2": "https://www.nishinomiya-fukushi.jp/" }, "geometry": { "type": "Point", "coordinates": [ 135.375773400000099, 34.7242341 ] } },
{ "type": "Feature", "properties": { "内容": "福祉用具こころ【福祉用具貸与】兵庫県西宮市城ヶ堀町2-19", "url": "https://www.kaigokensaku.mhlw.go.jp/28/index.php?action_kouhyou_detail_004_kani=true&JigyosyoCd=2870907207-00&ServiceCd=170&Type=search", "url2": "http://www.ikokoro.co.jp/" }, "geometry": { "type": "Point", "coordinates": [ 135.339668614680477, 34.741685094499978 ] } },
{ "type": "Feature", "properties": { "内容": "オレンジ・ウェル【福祉用具貸与】兵庫県西宮市池田町10-15-301号山崎ビル", "url": "https://www.kaigokensaku.mhlw.go.jp/28/index.php?action_kouhyou_detail_004_kani=true&JigyosyoCd=2870908965-00&ServiceCd=170&Type=search", "url2": "orange-well.jp/" }, "geometry": { "type": "Point", "coordinates": [ 135.3462763, 34.7371971 ] } },
{ "type": "Feature", "properties": { "内容": "セカンドライフ　阪神支店【福祉用具貸与】兵庫県西宮市門戸荘2-18ウエルズ21門戸104号", "url": "https://www.kaigokensaku.mhlw.go.jp/28/index.php?action_kouhyou_detail_004_kani=true&JigyosyoCd=2870909054-00&ServiceCd=170&Type=search", "url2": "https://secondlife-care.com/" }, "geometry": { "type": "Point", "coordinates": [ 135.356001230546951, 34.754562318630207 ] } },
{ "type": "Feature", "properties": { "内容": "株式会社みやこ福祉用具　西宮店【福祉用具貸与】兵庫県西宮市甲子園口4-12-5", "url": "https://www.kaigokensaku.mhlw.go.jp/28/index.php?action_kouhyou_detail_004_kani=true&JigyosyoCd=2870909294-00&ServiceCd=170&Type=search", "url2": null }, "geometry": { "type": "Point", "coordinates": [ 135.36956, 34.7365145 ] } },
{ "type": "Feature", "properties": { "内容": "たいが【福祉用具貸与】甲子園口3丁目26-9-101", "url": "https://www.kaigokensaku.mhlw.go.jp/28/index.php?action_kouhyou_detail_004_kani=true&JigyosyoCd=2870909542-00&ServiceCd=170&Type=search", "url2": null }, "geometry": { "type": "Point", "coordinates": [ 135.3731238, 34.7347297 ] } },
{ "type": "Feature", "properties": { "内容": "パナソニックエイジフリーショップ西宮夙川【福祉用具貸与】兵庫県西宮市宮西町10-6", "url": "https://www.kaigokensaku.mhlw.go.jp/28/index.php?action_kouhyou_detail_004_kani=true&JigyosyoCd=2870909922-00&ServiceCd=170&Type=search", "url2": "http://panasonic.co.jp/paf/" }, "geometry": { "type": "Point", "coordinates": [ 135.331351, 34.7365193 ] } },
{ "type": "Feature", "properties": { "内容": "永田整形外科　介護支援センター【福祉用具貸与】兵庫県西宮市甲子園九番町3‐2", "url": "https://www.kaigokensaku.mhlw.go.jp/28/index.php?action_kouhyou_detail_004_kani=true&JigyosyoCd=2870901036-00&ServiceCd=170&Type=search", "url2": "https://nagata-seikeigeka.com" }, "geometry": { "type": "Point", "coordinates": [ 135.361039799999986, 34.7170073 ] } },
{ "type": "Feature", "properties": { "内容": "フランスベッド株式会社　メディカル西宮営業所【福祉用具貸与】兵庫県西宮市西宮浜1-41", "url": "https://www.kaigokensaku.mhlw.go.jp/28/index.php?action_kouhyou_detail_004_kani=true&JigyosyoCd=2870903909-00&ServiceCd=170&Type=search", "url2": "http://www.francebed.co.jp" }, "geometry": { "type": "Point", "coordinates": [ 135.337945499999933, 34.7164313 ] } },
{ "type": "Feature", "properties": { "内容": "アビリティーズ・ケアネット株式会社阪神営業所【福祉用具貸与】兵庫県西宮市津門大箇町4-10安田ビルⅡ号館１階", "url": "https://www.kaigokensaku.mhlw.go.jp/28/index.php?action_kouhyou_detail_004_kani=true&JigyosyoCd=2870907595-00&ServiceCd=170&Type=search", "url2": "https://www.abilities.jp" }, "geometry": { "type": "Point", "coordinates": [ 135.356179699999984, 34.736322 ] } },
{ "type": "Feature", "properties": { "内容": "PID介護サービス【福祉用具貸与】兵庫県西宮市薬師町2-50", "url": "https://www.kaigokensaku.mhlw.go.jp/28/index.php?action_kouhyou_detail_004_kani=true&JigyosyoCd=2870909344-00&ServiceCd=170&Type=search", "url2": "https://project-id.jp/" }, "geometry": { "type": "Point", "coordinates": [ 135.3631253, 34.7527732 ] } },
{ "type": "Feature", "properties": { "内容": "ケアサポートジョイサービス【福祉用具貸与】兵庫県西宮市今津曙町11-16", "url": "https://www.kaigokensaku.mhlw.go.jp/28/index.php?action_kouhyou_detail_004_kani=true&JigyosyoCd=2870909112-00&ServiceCd=170&Type=search", "url2": null }, "geometry": { "type": "Point", "coordinates": [ 135.35755180000001, 34.7285729 ] } },
{ "type": "Feature", "properties": { "内容": "ジャック福祉用具ステーション【福祉用具貸与】下内膳202-3", "url": "https://www.kaigokensaku.mhlw.go.jp/28/index.php?action_kouhyou_detail_004_kani=true&JigyosyoCd=2871501298-00&ServiceCd=170&Type=search", "url2": null }, "geometry": { "type": "Point", "coordinates": [ 134.863233011514552, 34.350432363016324 ] } },
{ "type": "Feature", "properties": { "内容": "株式会社　戸田薬局【福祉用具貸与】兵庫県洲本市物部１丁目７番１１号", "url": "https://www.kaigokensaku.mhlw.go.jp/28/index.php?action_kouhyou_detail_004_kani=true&JigyosyoCd=2841500081-00&ServiceCd=170&Type=search", "url2": null }, "geometry": { "type": "Point", "coordinates": [ 134.887142600000061, 34.3409983 ] } },
{ "type": "Feature", "properties": { "内容": "前山医療器株式会社【福祉用具貸与】兵庫県洲本市下加茂2丁目2-55", "url": "https://www.kaigokensaku.mhlw.go.jp/28/index.php?action_kouhyou_detail_004_kani=true&JigyosyoCd=2871500167-00&ServiceCd=170&Type=search", "url2": "https://www.maeyama-iryouki.jp/company.html" }, "geometry": { "type": "Point", "coordinates": [ 134.8749741, 34.3465011 ] } },
{ "type": "Feature", "properties": { "内容": "株式会社ゴトウ・アズ・プランニング　甲南営業所【福祉用具貸与】兵庫県芦屋市打出小槌町4-6打出小槌館芦屋102", "url": "https://www.kaigokensaku.mhlw.go.jp/28/index.php?action_kouhyou_detail_004_kani=true&JigyosyoCd=2871001646-00&ServiceCd=170&Type=search", "url2": "https://www.goto-az.co.jp/" }, "geometry": { "type": "Point", "coordinates": [ 135.312859099999969, 34.7321944 ] } },
{ "type": "Feature", "properties": { "内容": "ロジケアあしや【福祉用具貸与】兵庫県芦屋市大原町4番10号", "url": "https://www.kaigokensaku.mhlw.go.jp/28/index.php?action_kouhyou_detail_004_kani=true&JigyosyoCd=2871001885-00&ServiceCd=170&Type=search", "url2": "http://logicare.co.jp" }, "geometry": { "type": "Point", "coordinates": [ 135.3101485, 34.7358531 ] } },
{ "type": "Feature", "properties": { "内容": "株式会社Core-S　ライフサポート事業部【福祉用具貸与】兵庫県伊丹市鴻池5-9-37", "url": "https://www.kaigokensaku.mhlw.go.jp/28/index.php?action_kouhyou_detail_004_kani=true&JigyosyoCd=2873302638-00&ServiceCd=170&Type=search", "url2": "http://www.smg-core-s.jp/" }, "geometry": { "type": "Point", "coordinates": [ 135.38897309999993, 34.8002681 ] } },
{ "type": "Feature", "properties": { "内容": "川村義肢株式会社　兵庫営業所【福祉用具貸与】兵庫県伊丹市森本２－２６８－２", "url": "https://www.kaigokensaku.mhlw.go.jp/28/index.php?action_kouhyou_detail_004_kani=true&JigyosyoCd=2873300137-00&ServiceCd=170&Type=search", "url2": "http://www.kawamura-gishi.co.jp" }, "geometry": { "type": "Point", "coordinates": [ 135.430824900000061, 34.7803958 ] } },
{ "type": "Feature", "properties": { "内容": "株式会社　ゆずりは【福祉用具貸与】兵庫県伊丹市岩屋1丁目8-43", "url": "https://www.kaigokensaku.mhlw.go.jp/28/index.php?action_kouhyou_detail_004_kani=true&JigyosyoCd=2873300244-00&ServiceCd=170&Type=search", "url2": "https://itami-yuzuriha.com/" }, "geometry": { "type": "Point", "coordinates": [ 135.442991127610185, 34.776164744075857 ] } },
{ "type": "Feature", "properties": { "内容": "あじさい居宅介護支援センター伊丹【福祉用具貸与】兵庫県伊丹市南野3丁目1番18号", "url": "https://www.kaigokensaku.mhlw.go.jp/28/index.php?action_kouhyou_detail_004_kani=true&JigyosyoCd=2873300616-00&ServiceCd=170&Type=search", "url2": null }, "geometry": { "type": "Point", "coordinates": [ 135.4068691, 34.7685275 ] } },
{ "type": "Feature", "properties": { "内容": "株式会社セリオ　伊丹営業所【福祉用具貸与】兵庫県伊丹市千僧2-21", "url": "https://www.kaigokensaku.mhlw.go.jp/28/index.php?action_kouhyou_detail_004_kani=true&JigyosyoCd=2873302455-00&ServiceCd=170&Type=search", "url2": "http://www.serio888.net/" }, "geometry": { "type": "Point", "coordinates": [ 135.403816399999982, 34.7865003 ] } },
{ "type": "Feature", "properties": { "内容": "介護ショップありがとう【福祉用具貸与】伊丹市南野北3-6-15", "url": "https://www.kaigokensaku.mhlw.go.jp/28/index.php?action_kouhyou_detail_004_kani=true&JigyosyoCd=2873303693-00&ServiceCd=170&Type=search", "url2": null }, "geometry": { "type": "Point", "coordinates": [ 135.401002799999986, 34.76963 ] } },
{ "type": "Feature", "properties": { "内容": "星優クリニック　福祉用具貸与事業所【福祉用具貸与】兵庫県伊丹市桜ヶ丘1丁目3-23", "url": "https://www.kaigokensaku.mhlw.go.jp/28/index.php?action_kouhyou_detail_004_kani=true&JigyosyoCd=2813302375-00&ServiceCd=170&Type=search", "url2": "https://seishokai-gr.or.jp" }, "geometry": { "type": "Point", "coordinates": [ 135.410318500000017, 34.7837395 ] } },
{ "type": "Feature", "properties": { "内容": "有限会社フォローシップ【福祉用具貸与】伊丹市中野北1-6-4-107ウイング中野", "url": "https://www.kaigokensaku.mhlw.go.jp/28/index.php?action_kouhyou_detail_004_kani=true&JigyosyoCd=2873301291-00&ServiceCd=170&Type=search", "url2": null }, "geometry": { "type": "Point", "coordinates": [ 135.382246, 34.7956379 ] } },
{ "type": "Feature", "properties": { "内容": "介護ショップヘルシーライフ兵庫支店【福祉用具貸与】兵庫県伊丹市荻野6-40ハイツ荻野Ⅱ", "url": "https://www.kaigokensaku.mhlw.go.jp/28/index.php?action_kouhyou_detail_004_kani=true&JigyosyoCd=2873303362-00&ServiceCd=170&Type=search", "url2": "http://www.go-kenko.jp/" }, "geometry": { "type": "Point", "coordinates": [ 135.39074191043332, 34.808558930182478 ] } },
{ "type": "Feature", "properties": { "内容": "介護支援　あい【福祉用具貸与】相生市那波大浜町7-3", "url": "https://www.kaigokensaku.mhlw.go.jp/28/index.php?action_kouhyou_detail_004_kani=true&JigyosyoCd=2874200179-00&ServiceCd=170&Type=search", "url2": null }, "geometry": { "type": "Point", "coordinates": [ 134.469409425270129, 34.811749918154405 ] } },
{ "type": "Feature", "properties": { "内容": "リーステップ【福祉用具貸与】兵庫県相生市赤坂1-13-11", "url": "https://www.kaigokensaku.mhlw.go.jp/28/index.php?action_kouhyou_detail_004_kani=true&JigyosyoCd=2874200518-00&ServiceCd=170&Type=search", "url2": null }, "geometry": { "type": "Point", "coordinates": [ 134.4845823, 34.815456 ] } },
{ "type": "Feature", "properties": { "内容": "株式会社たんぽぽ　豊岡店【福祉用具貸与】日高町土居160-3", "url": "https://www.kaigokensaku.mhlw.go.jp/28/index.php?action_kouhyou_detail_004_kani=true&JigyosyoCd=2874401215-00&ServiceCd=170&Type=search", "url2": "http://www.kktanpopo.com" }, "geometry": { "type": "Point", "coordinates": [ 134.783985086695594, 35.482393494117851 ] } },
{ "type": "Feature", "properties": { "内容": "株式会社ケアネット但馬支店【福祉用具貸与】兵庫県豊岡市寿町8番26号", "url": "https://www.kaigokensaku.mhlw.go.jp/28/index.php?action_kouhyou_detail_004_kani=true&JigyosyoCd=2874600055-00&ServiceCd=170&Type=search", "url2": "http://www.carenet-y.co.jp/" }, "geometry": { "type": "Point", "coordinates": [ 134.817311220775991, 35.546770776547469 ] } },
{ "type": "Feature", "properties": { "内容": "介護SHOPベンりー【福祉用具貸与】兵庫県豊岡市昭和町1番17号", "url": "https://www.kaigokensaku.mhlw.go.jp/28/index.php?action_kouhyou_detail_004_kani=true&JigyosyoCd=2874400126-00&ServiceCd=170&Type=search", "url2": "https://miraieskip.com/" }, "geometry": { "type": "Point", "coordinates": [ 134.820301, 35.5334653 ] } },
{ "type": "Feature", "properties": { "内容": "コヤマリビング貸与事業所【福祉用具貸与】兵庫県豊岡市日高町浅倉983", "url": "https://www.kaigokensaku.mhlw.go.jp/28/index.php?action_kouhyou_detail_004_kani=true&JigyosyoCd=2874400977-00&ServiceCd=170&Type=search", "url2": null }, "geometry": { "type": "Point", "coordinates": [ 134.773158599999988, 35.4536541 ] } },
{ "type": "Feature", "properties": { "内容": "マリヤ医科興業株式会社【福祉用具貸与】兵庫県豊岡市寿町１０－１０", "url": "https://www.kaigokensaku.mhlw.go.jp/28/index.php?action_kouhyou_detail_004_kani=true&JigyosyoCd=2874400167-00&ServiceCd=170&Type=search", "url2": "http://www.mariya-web.jp" }, "geometry": { "type": "Point", "coordinates": [ 134.815670800000021, 35.5471556 ] } },
{ "type": "Feature", "properties": { "内容": "株式会社エイトMAN豊岡営業所【福祉用具貸与】兵庫県豊岡市上陰225-1", "url": "https://www.kaigokensaku.mhlw.go.jp/28/index.php?action_kouhyou_detail_004_kani=true&JigyosyoCd=2874401645-00&ServiceCd=170&Type=search", "url2": "eightman.info" }, "geometry": { "type": "Point", "coordinates": [ 134.807893378487677, 35.548060088080391 ] } },
{ "type": "Feature", "properties": { "内容": "株式会社　ゴトウ･アズ･プランニング加古川営業所【福祉用具貸与】加古川市加古川町大野１０５－１", "url": "https://www.kaigokensaku.mhlw.go.jp/28/index.php?action_kouhyou_detail_004_kani=true&JigyosyoCd=2872202672-00&ServiceCd=170&Type=search", "url2": "http://www.goto-az.co.jp" }, "geometry": { "type": "Point", "coordinates": [ 134.859404677446094, 34.782098502955336 ] } },
{ "type": "Feature", "properties": { "内容": "株式会社セルフ【福祉用具貸与】兵庫県加古川市別府町新野辺2086", "url": "https://www.kaigokensaku.mhlw.go.jp/28/index.php?action_kouhyou_detail_004_kani=true&JigyosyoCd=2872201302-00&ServiceCd=170&Type=search", "url2": "https://doleme.net" }, "geometry": { "type": "Point", "coordinates": [ 134.83982519999995, 34.7341996 ] } },
{ "type": "Feature", "properties": { "内容": "あっぷるレンタル事業所加古川【福祉用具貸与】加古川市尾上町旭３丁目50", "url": "https://www.kaigokensaku.mhlw.go.jp/28/index.php?action_kouhyou_detail_004_kani=true&JigyosyoCd=2872202359-00&ServiceCd=170&Type=search", "url2": "http://www.apple-117.jp/" }, "geometry": { "type": "Point", "coordinates": [ 134.818238400000041, 34.7515201 ] } },
{ "type": "Feature", "properties": { "内容": "エイジサポート【福祉用具貸与】兵庫県加古川市尾上町長田524-8", "url": "https://www.kaigokensaku.mhlw.go.jp/28/index.php?action_kouhyou_detail_004_kani=true&JigyosyoCd=2872200841-00&ServiceCd=170&Type=search", "url2": null }, "geometry": { "type": "Point", "coordinates": [ 134.824789073727402, 34.740250284432271 ] } },
{ "type": "Feature", "properties": { "内容": "あさみ生活応援隊【福祉用具貸与】兵庫県加古川市加古川町粟津661番地の6", "url": "https://www.kaigokensaku.mhlw.go.jp/28/index.php?action_kouhyou_detail_004_kani=true&JigyosyoCd=2872202979-00&ServiceCd=170&Type=search", "url2": null }, "geometry": { "type": "Point", "coordinates": [ 134.831485864931693, 34.759096898678081 ] } },
{ "type": "Feature", "properties": { "内容": "介護相談室あえる【福祉用具貸与】加古川市野口町北野１２８９－２", "url": "https://www.kaigokensaku.mhlw.go.jp/28/index.php?action_kouhyou_detail_004_kani=true&JigyosyoCd=2872203092-00&ServiceCd=170&Type=search", "url2": "http://www.a-lc.co.jp" }, "geometry": { "type": "Point", "coordinates": [ 134.874642572879679, 34.759527055861014 ] } },
{ "type": "Feature", "properties": { "内容": "Jam福祉用具ステーション【福祉用具貸与】兵庫県加古川市野口町良野414-1", "url": "https://www.kaigokensaku.mhlw.go.jp/28/index.php?action_kouhyou_detail_004_kani=true&JigyosyoCd=2872204595-00&ServiceCd=170&Type=search", "url2": null }, "geometry": { "type": "Point", "coordinates": [ 134.8411013, 34.7550256 ] } },
{ "type": "Feature", "properties": { "内容": "関西医療株式会社　福祉用具貸与事業所【福祉用具貸与】加古川市加古川町備後３９４", "url": "https://www.kaigokensaku.mhlw.go.jp/28/index.php?action_kouhyou_detail_004_kani=true&JigyosyoCd=2872200353-00&ServiceCd=170&Type=search", "url2": "http://www.kansai-i.co.jp/" }, "geometry": { "type": "Point", "coordinates": [ 134.819527099999959, 34.7576723 ] } },
{ "type": "Feature", "properties": { "内容": "ダスキンヘルスレント東加古川ステーション【福祉用具貸与】兵庫県加古川市野口町野口６８－１", "url": "https://www.kaigokensaku.mhlw.go.jp/28/index.php?action_kouhyou_detail_004_kani=true&JigyosyoCd=2872200957-00&ServiceCd=170&Type=search", "url2": "http://healthrent.duskin.jp/" }, "geometry": { "type": "Point", "coordinates": [ 134.853420385949676, 34.753025095722258 ] } },
{ "type": "Feature", "properties": { "内容": "株式会社メディカルケア【福祉用具貸与】兵庫県加古川市加古川町稲屋126", "url": "https://www.kaigokensaku.mhlw.go.jp/28/index.php?action_kouhyou_detail_004_kani=true&JigyosyoCd=2872203647-00&ServiceCd=170&Type=search", "url2": "http://.medical-c.jp" }, "geometry": { "type": "Point", "coordinates": [ 134.819838200000049, 34.7593583 ] } },
{ "type": "Feature", "properties": { "内容": "FIND【福祉用具貸与】兵庫県加古川市野口町良野686-15", "url": "https://www.kaigokensaku.mhlw.go.jp/28/index.php?action_kouhyou_detail_004_kani=true&JigyosyoCd=2872204207-00&ServiceCd=170&Type=search", "url2": "https://www.fukushiyougu.net/" }, "geometry": { "type": "Point", "coordinates": [ 134.8474907, 34.7551569 ] } },
{ "type": "Feature", "properties": { "内容": "株式会社アスエール　ヘルシーガーデン【福祉用具貸与】兵庫県赤穂市尾崎3161-13ロマーナK内", "url": "https://www.kaigokensaku.mhlw.go.jp/28/index.php?action_kouhyou_detail_004_kani=true&JigyosyoCd=2874300490-00&ServiceCd=170&Type=search", "url2": "asyell＠deam.ocn.ne.jp" }, "geometry": { "type": "Point", "coordinates": [ 134.405972, 34.7414498 ] } },
{ "type": "Feature", "properties": { "内容": "テクノエイドセンターあすなろ【福祉用具貸与】細野町780", "url": "https://www.kaigokensaku.mhlw.go.jp/28/index.php?action_kouhyou_detail_004_kani=true&JigyosyoCd=2874300672-00&ServiceCd=170&Type=search", "url2": "yume-reha.co.jp" }, "geometry": { "type": "Point", "coordinates": [ 134.403293100000013, 34.7562878 ] } },
{ "type": "Feature", "properties": { "内容": "有限会社　和高住宅【福祉用具貸与】兵庫県赤穂市中浜町11-23", "url": "https://www.kaigokensaku.mhlw.go.jp/28/index.php?action_kouhyou_detail_004_kani=true&JigyosyoCd=2874300664-00&ServiceCd=170&Type=search", "url2": null }, "geometry": { "type": "Point", "coordinates": [ 134.399249392013417, 34.743657194003035 ] } },
{ "type": "Feature", "properties": { "内容": "有限会社　セントラル・メディカル・サービス【福祉用具貸与】兵庫県赤穂市加里屋字新町９８－１６", "url": "https://www.kaigokensaku.mhlw.go.jp/28/index.php?action_kouhyou_detail_004_kani=true&JigyosyoCd=2874300300-00&ServiceCd=170&Type=search", "url2": "http://www.hakuho.or.jp/ako/cms/" }, "geometry": { "type": "Point", "coordinates": [ 134.386551935096008, 34.756151248649275 ] } },
{ "type": "Feature", "properties": { "内容": "介護ショップ赤とんぼ【福祉用具貸与】兵庫県西脇市西脇1239-2", "url": "https://www.kaigokensaku.mhlw.go.jp/28/index.php?action_kouhyou_detail_004_kani=true&JigyosyoCd=2871800062-00&ServiceCd=170&Type=search", "url2": "https://www.kaigoshop-akatonbo.com/" }, "geometry": { "type": "Point", "coordinates": [ 134.973991299999966, 34.9807676 ] } },
{ "type": "Feature", "properties": { "内容": "スマイルサプライ【福祉用具貸与】宝塚市川面３丁目２３番５号", "url": "https://www.kaigokensaku.mhlw.go.jp/28/index.php?action_kouhyou_detail_004_kani=true&JigyosyoCd=2871101347-00&ServiceCd=170&Type=search", "url2": null }, "geometry": { "type": "Point", "coordinates": [ 135.3429099, 34.8109992 ] } },
{ "type": "Feature", "properties": { "内容": "デザインワークス【福祉用具貸与】兵庫県宝塚市寿町8-19", "url": "https://www.kaigokensaku.mhlw.go.jp/28/index.php?action_kouhyou_detail_004_kani=true&JigyosyoCd=2871101818-00&ServiceCd=170&Type=search", "url2": "www.dworks-inc.jp" }, "geometry": { "type": "Point", "coordinates": [ 135.365879050926196, 34.81204795217576 ] } },
{ "type": "Feature", "properties": { "内容": "マーレアシスト【福祉用具貸与】兵庫県宝塚市末成町19-44グランデマーレ201", "url": "https://www.kaigokensaku.mhlw.go.jp/28/index.php?action_kouhyou_detail_004_kani=true&JigyosyoCd=2871102147-00&ServiceCd=170&Type=search", "url2": "http://ilmare.jp/" }, "geometry": { "type": "Point", "coordinates": [ 135.361508901327511, 34.789755603205371 ] } },
{ "type": "Feature", "properties": { "内容": "宝塚育成事業所【福祉用具貸与】兵庫県宝塚市安倉西4丁目1番7号", "url": "https://www.kaigokensaku.mhlw.go.jp/28/index.php?action_kouhyou_detail_004_kani=true&JigyosyoCd=2871102691-00&ServiceCd=170&Type=search", "url2": "http://t-ikuseikai.or.jp/ikusei" }, "geometry": { "type": "Point", "coordinates": [ 135.372644199999968, 34.793924 ] } },
{ "type": "Feature", "properties": { "内容": "福祉用具テークケア【福祉用具貸与】兵庫県宝塚市売布2丁目11-1ピピアめふ2-109", "url": "https://www.kaigokensaku.mhlw.go.jp/28/index.php?action_kouhyou_detail_004_kani=true&JigyosyoCd=2871103640-00&ServiceCd=170&Type=search", "url2": "http://hp.kaipoke.biz/741/" }, "geometry": { "type": "Point", "coordinates": [ 135.361675099999957, 34.8149239 ] } },
{ "type": "Feature", "properties": { "内容": "ライフワン宝塚【福祉用具貸与】兵庫県宝塚市旭町3-1-8-103パレフルール宝塚103", "url": "https://www.kaigokensaku.mhlw.go.jp/28/index.php?action_kouhyou_detail_004_kani=true&JigyosyoCd=2871104481-00&ServiceCd=170&Type=search", "url2": "https://www.life-one.jp/" }, "geometry": { "type": "Point", "coordinates": [ 135.3594448, 34.8051957 ] } },
{ "type": "Feature", "properties": { "内容": "介護ショップひまわり宝塚店【福祉用具貸与】兵庫県宝塚市美幸町10-51　栄レース株式会社内", "url": "https://www.kaigokensaku.mhlw.go.jp/28/index.php?action_kouhyou_detail_004_kani=true&JigyosyoCd=2871104598-00&ServiceCd=170&Type=search", "url2": "https://www.himawari200207.com/" }, "geometry": { "type": "Point", "coordinates": [ 135.3886813, 34.764847200000034 ] } },
{ "type": "Feature", "properties": { "内容": "介護ショップメルシィ【福祉用具貸与】兵庫県宝塚市野上2丁目2-32アネックス逆瀬川102号", "url": "https://www.kaigokensaku.mhlw.go.jp/28/index.php?action_kouhyou_detail_004_kani=true&JigyosyoCd=2871104630-00&ServiceCd=170&Type=search", "url2": null }, "geometry": { "type": "Point", "coordinates": [ 135.3453313, 34.7941411 ] } },
{ "type": "Feature", "properties": { "内容": "株式会社　川　南【福祉用具貸与】宝塚市川面２丁目1-31", "url": "https://www.kaigokensaku.mhlw.go.jp/28/index.php?action_kouhyou_detail_004_kani=true&JigyosyoCd=2871101321-00&ServiceCd=170&Type=search", "url2": null }, "geometry": { "type": "Point", "coordinates": [ 135.349173400000041, 34.8130517 ] } },
{ "type": "Feature", "properties": { "内容": "ケアサポートきらら【福祉用具貸与】大吹町11-35", "url": "https://www.kaigokensaku.mhlw.go.jp/28/index.php?action_kouhyou_detail_004_kani=true&JigyosyoCd=2871102105-00&ServiceCd=170&Type=search", "url2": "http://hp.kaipoke.biz/vcy/" }, "geometry": { "type": "Point", "coordinates": [ 135.3597873, 34.7835193 ] } },
{ "type": "Feature", "properties": { "内容": "株式会社神戸レンタル　宝塚支店【福祉用具貸与】兵庫県宝塚市安倉南1丁目9番32号", "url": "https://www.kaigokensaku.mhlw.go.jp/28/index.php?action_kouhyou_detail_004_kani=true&JigyosyoCd=2871104499-00&ServiceCd=170&Type=search", "url2": "http://kobe-rental.net/" }, "geometry": { "type": "Point", "coordinates": [ 135.374278800000013, 34.7976444 ] } },
{ "type": "Feature", "properties": { "内容": "ダスキンヘルスレント宝塚ステーション【福祉用具貸与】兵庫県宝塚市中筋8丁目２１番３８号", "url": "https://www.kaigokensaku.mhlw.go.jp/28/index.php?action_kouhyou_detail_004_kani=true&JigyosyoCd=2871103228-00&ServiceCd=170&Type=search", "url2": "https://healthrent.duskin.jp/station/hyogo/takarazuka.html" }, "geometry": { "type": "Point", "coordinates": [ 135.37474030304827, 34.811967067511283 ] } },
{ "type": "Feature", "properties": { "内容": "ベストスマイルサポート【福祉用具貸与】山本東３丁目10-1　　リーガルコート山本駅前103号室", "url": "https://www.kaigokensaku.mhlw.go.jp/28/index.php?action_kouhyou_detail_004_kani=true&JigyosyoCd=2871104648-00&ServiceCd=170&Type=search", "url2": "https://bestsmile2015.com/" }, "geometry": { "type": "Point", "coordinates": [ 135.389527500000014, 34.8210097 ] } },
{ "type": "Feature", "properties": { "内容": "聖隷コミュニティケアセンター宝塚店【福祉用具貸与】宝塚市逆瀬川2-2-8", "url": "https://www.kaigokensaku.mhlw.go.jp/28/index.php?action_kouhyou_detail_004_kani=true&JigyosyoCd=2871100588-00&ServiceCd=170&Type=search", "url2": null }, "geometry": { "type": "Point", "coordinates": [ 135.350568100000032, 34.7970953 ] } },
{ "type": "Feature", "properties": { "内容": "株式会社Win・Win【福祉用具貸与】志染町東自由が丘1丁目600番地", "url": "https://www.kaigokensaku.mhlw.go.jp/28/index.php?action_kouhyou_detail_004_kani=true&JigyosyoCd=2872300955-00&ServiceCd=170&Type=search", "url2": "http://www.winwincoltd.com/" }, "geometry": { "type": "Point", "coordinates": [ 135.0227547, 34.7776446 ] } },
{ "type": "Feature", "properties": { "内容": "かいごshopたいこばん【福祉用具貸与】兵庫県三木市緑が丘町西1丁目６番１９号TOASTMIKI1階", "url": "https://www.kaigokensaku.mhlw.go.jp/28/index.php?action_kouhyou_detail_004_kani=true&JigyosyoCd=2872301433-00&ServiceCd=170&Type=search", "url2": "https://miki-taikoban.jimdoweb.com/%E7%A6%8F%E7%A5%89%E7%94%A8%E5%85%B7%E3%83%AC%E3%83%B3%E3%82%BF%E3%83%AB-%E8%B2%A9%E5%A3%B2/" }, "geometry": { "type": "Point", "coordinates": [ 135.0270741, 34.7732059 ] } },
{ "type": "Feature", "properties": { "内容": "パナソニックエイジフリーショップ川西【福祉用具貸与】兵庫県川西市小戸２丁目2番22号", "url": "https://www.kaigokensaku.mhlw.go.jp/28/index.php?action_kouhyou_detail_004_kani=true&JigyosyoCd=2873101204-00&ServiceCd=170&Type=search", "url2": "http://www.sanei-cs.com" }, "geometry": { "type": "Point", "coordinates": [ 135.418219599999929, 34.8272155 ] } },
{ "type": "Feature", "properties": { "内容": "あんずラボ【福祉用具貸与】小花1-12-16", "url": "https://www.kaigokensaku.mhlw.go.jp/28/index.php?action_kouhyou_detail_004_kani=true&JigyosyoCd=2873101832-00&ServiceCd=170&Type=search", "url2": "http://www.furea.jp/" }, "geometry": { "type": "Point", "coordinates": [ 135.413743413491829, 34.824771657300559 ] } },
{ "type": "Feature", "properties": { "内容": "福祉用具屋　健太【福祉用具貸与】萩原台西1-236", "url": "https://www.kaigokensaku.mhlw.go.jp/28/index.php?action_kouhyou_detail_004_kani=true&JigyosyoCd=2873102400-00&ServiceCd=170&Type=search", "url2": null }, "geometry": { "type": "Point", "coordinates": [ 135.408167400000025, 34.8428248 ] } },
{ "type": "Feature", "properties": { "内容": "介護ショップ　ケアマインド【福祉用具貸与】兵庫県川西市けやき坂2-62-22", "url": "https://www.kaigokensaku.mhlw.go.jp/28/index.php?action_kouhyou_detail_004_kani=true&JigyosyoCd=2873102707-00&ServiceCd=170&Type=search", "url2": "www.caremind.co.jp" }, "geometry": { "type": "Point", "coordinates": [ 135.3817496, 34.8600238 ] } },
{ "type": "Feature", "properties": { "内容": "株式会社　ココレ【福祉用具貸与】兵庫県川西市東畦野3丁目15番12号", "url": "https://www.kaigokensaku.mhlw.go.jp/28/index.php?action_kouhyou_detail_004_kani=true&JigyosyoCd=2873103077-00&ServiceCd=170&Type=search", "url2": null }, "geometry": { "type": "Point", "coordinates": [ 135.4100512, 34.8863398 ] } },
{ "type": "Feature", "properties": { "内容": "有限会社　ハートフルケア【福祉用具貸与】兵庫県川西市出在家町3-3", "url": "https://www.kaigokensaku.mhlw.go.jp/28/index.php?action_kouhyou_detail_004_kani=true&JigyosyoCd=2873100230-00&ServiceCd=170&Type=search", "url2": "http://www.heartfulcare.com" }, "geometry": { "type": "Point", "coordinates": [ 135.421686245507772, 34.836913550995355 ] } },
{ "type": "Feature", "properties": { "内容": "バリアフリーショップ　もみじ【福祉用具貸与】兵庫県川西市笹部１－３－２１", "url": "https://www.kaigokensaku.mhlw.go.jp/28/index.php?action_kouhyou_detail_004_kani=true&JigyosyoCd=2873100966-00&ServiceCd=170&Type=search", "url2": "http://www.e-momiji.co.jp" }, "geometry": { "type": "Point", "coordinates": [ 135.40719480000007, 34.8945843 ] } },
{ "type": "Feature", "properties": { "内容": "シニアハウスプラン【福祉用具貸与】兵庫県小野市新部町1539番地2株式会社シニアハウスプラン", "url": "https://www.kaigokensaku.mhlw.go.jp/28/index.php?action_kouhyou_detail_004_kani=true&JigyosyoCd=2871900706-00&ServiceCd=170&Type=search", "url2": "http://senior-house.co.jp/" }, "geometry": { "type": "Point", "coordinates": [ 134.9229077, 34.8794873 ] } },
{ "type": "Feature", "properties": { "内容": "福祉体験館【福祉用具貸与】兵庫県小野市河合中町４９－６", "url": "https://www.kaigokensaku.mhlw.go.jp/28/index.php?action_kouhyou_detail_004_kani=true&JigyosyoCd=2871900185-00&ServiceCd=170&Type=search", "url2": "http://www.citymarket.co.jp" }, "geometry": { "type": "Point", "coordinates": [ 134.931732199999942, 34.8904697 ] } },
{ "type": "Feature", "properties": { "内容": "八千代ケアサポート株式会社三田店【福祉用具貸与】兵庫県三田市南が丘1丁目21-8", "url": "https://www.kaigokensaku.mhlw.go.jp/28/index.php?action_kouhyou_detail_004_kani=true&JigyosyoCd=2871200834-00&ServiceCd=170&Type=search", "url2": "http://www.yachiyo-c-s.co.jp" }, "geometry": { "type": "Point", "coordinates": [ 135.221161830488626, 34.879604309268771 ] } },
{ "type": "Feature", "properties": { "内容": "西川株式会社/ネーブルハウス三田事業所【福祉用具貸与】兵庫県三田市三田町54-5-105", "url": "https://www.kaigokensaku.mhlw.go.jp/28/index.php?action_kouhyou_detail_004_kani=true&JigyosyoCd=2871201444-00&ServiceCd=170&Type=search", "url2": "https://nablehouse.co.jp/" }, "geometry": { "type": "Point", "coordinates": [ 135.222692200000012, 34.8828991 ] } },
{ "type": "Feature", "properties": { "内容": "介援隊　三田店【福祉用具貸与】三田市高次1丁目11-5フレイヴァーパーク1", "url": "https://www.kaigokensaku.mhlw.go.jp/28/index.php?action_kouhyou_detail_004_kani=true&JigyosyoCd=2871200420-00&ServiceCd=170&Type=search", "url2": null }, "geometry": { "type": "Point", "coordinates": [ 135.233034099999941, 34.8889052 ] } },
{ "type": "Feature", "properties": { "内容": "イン・ザ・ルーム三田店【福祉用具貸与】兵庫県三田市天神1丁目2-12", "url": "https://www.kaigokensaku.mhlw.go.jp/28/index.php?action_kouhyou_detail_004_kani=true&JigyosyoCd=2871201675-00&ServiceCd=170&Type=search", "url2": "https://www.k-intheroom.com/about/rental.html" }, "geometry": { "type": "Point", "coordinates": [ 135.2225901, 34.8892872 ] } },
{ "type": "Feature", "properties": { "内容": "合資会社こすもすファミリー【福祉用具貸与】兵庫県三田市三輪3丁目6-11", "url": "https://www.kaigokensaku.mhlw.go.jp/28/index.php?action_kouhyou_detail_004_kani=true&JigyosyoCd=2871200347-00&ServiceCd=170&Type=search", "url2": null }, "geometry": { "type": "Point", "coordinates": [ 135.2269329, 34.89396450000001 ] } },
{ "type": "Feature", "properties": { "内容": "ジョイあおやま有限会社【福祉用具貸与】北条町古坂5丁目13番地夢ポケット加西", "url": "https://www.kaigokensaku.mhlw.go.jp/28/index.php?action_kouhyou_detail_004_kani=true&JigyosyoCd=2872600651-00&ServiceCd=170&Type=search", "url2": null }, "geometry": { "type": "Point", "coordinates": [ 134.85002140000006, 34.9243092 ] } },
{ "type": "Feature", "properties": { "内容": "オレンジ【福祉用具貸与】兵庫県加西市吉野町137番地の２", "url": "https://www.kaigokensaku.mhlw.go.jp/28/index.php?action_kouhyou_detail_004_kani=true&JigyosyoCd=2872600305-00&ServiceCd=170&Type=search", "url2": "http://total-orange.com/" }, "geometry": { "type": "Point", "coordinates": [ 134.8136409, 34.9214586 ] } },
{ "type": "Feature", "properties": { "内容": "有限会社　ウェルビー【福祉用具貸与】兵庫県加西市鎮岩町482-1", "url": "https://www.kaigokensaku.mhlw.go.jp/28/index.php?action_kouhyou_detail_004_kani=true&JigyosyoCd=2872600479-00&ServiceCd=170&Type=search", "url2": null }, "geometry": { "type": "Point", "coordinates": [ 134.833884, 34.9067664 ] } },
{ "type": "Feature", "properties": { "内容": "株式会社酒井工務店【福祉用具貸与】篠山市大野２８１", "url": "https://www.kaigokensaku.mhlw.go.jp/28/index.php?action_kouhyou_detail_004_kani=true&JigyosyoCd=2871400285-00&ServiceCd=170&Type=search", "url2": "http://www2.hp-ez.com/hp/sakaikoumuten-0710" }, "geometry": { "type": "Point", "coordinates": [ 135.190422399999989, 35.0872652 ] } },
{ "type": "Feature", "properties": { "内容": "株式会社　吹【福祉用具貸与】兵庫県丹波篠山市杉33-7", "url": "https://www.kaigokensaku.mhlw.go.jp/28/index.php?action_kouhyou_detail_004_kani=true&JigyosyoCd=2871400293-00&ServiceCd=170&Type=search", "url2": null }, "geometry": { "type": "Point", "coordinates": [ 135.183057, 35.059878600000019 ] } },
{ "type": "Feature", "properties": { "内容": "有限会社　日昇堂ホームケア【福祉用具貸与】兵庫県丹波篠山市乾新町26番地", "url": "https://www.kaigokensaku.mhlw.go.jp/28/index.php?action_kouhyou_detail_004_kani=true&JigyosyoCd=2871400186-00&ServiceCd=170&Type=search", "url2": "http://www.nissyoudou-homecare.com/index.html" }, "geometry": { "type": "Point", "coordinates": [ 135.211865200000034, 35.0775411 ] } },
{ "type": "Feature", "properties": { "内容": "真愛介護サービス【福祉用具貸与】兵庫県養父市上野１０６０", "url": "https://www.kaigokensaku.mhlw.go.jp/28/index.php?action_kouhyou_detail_004_kani=true&JigyosyoCd=2874800614-00&ServiceCd=170&Type=search", "url2": "https://www.sinai-kaigo.com/" }, "geometry": { "type": "Point", "coordinates": [ 134.785345099999972, 35.3787906 ] } },
{ "type": "Feature", "properties": { "内容": "八千代ケアサポート株式会社【福祉用具貸与】兵庫県丹波市柏原町柏原1393-2", "url": "https://www.kaigokensaku.mhlw.go.jp/28/index.php?action_kouhyou_detail_004_kani=true&JigyosyoCd=2871300337-00&ServiceCd=170&Type=search", "url2": "http://www.yachiyo-c-s.co.jp" }, "geometry": { "type": "Point", "coordinates": [ 135.074110300000029, 35.131686 ] } },
{ "type": "Feature", "properties": { "内容": "株式会社石坪　柏原営業所【福祉用具貸与】兵庫県丹波市柏原町小南字出口４７－１", "url": "https://www.kaigokensaku.mhlw.go.jp/28/index.php?action_kouhyou_detail_004_kani=true&JigyosyoCd=2871300279-00&ServiceCd=170&Type=search", "url2": "http://www.ishitsubo.co.jp/" }, "geometry": { "type": "Point", "coordinates": [ 135.071638300000018, 35.1271281 ] } },
{ "type": "Feature", "properties": { "内容": "コスモライフ北兵庫【福祉用具貸与】兵庫県丹波市柏原町南多田４７２－１", "url": "https://www.kaigokensaku.mhlw.go.jp/28/index.php?action_kouhyou_detail_004_kani=true&JigyosyoCd=2871301103-00&ServiceCd=170&Type=search", "url2": "http://cosmo-cosmolife.com" }, "geometry": { "type": "Point", "coordinates": [ 135.062586706745947, 35.141098479700965 ] } },
{ "type": "Feature", "properties": { "内容": "有限会社登日商店【福祉用具貸与】兵庫県南あわじ市市福永361-5", "url": "https://www.kaigokensaku.mhlw.go.jp/28/index.php?action_kouhyou_detail_004_kani=true&JigyosyoCd=2871700726-00&ServiceCd=170&Type=search", "url2": "http://tobitansu.web.fc2.com/index.html" }, "geometry": { "type": "Point", "coordinates": [ 134.769176099999981, 34.2899467 ] } },
{ "type": "Feature", "properties": { "内容": "株式会社　ソフトライフ【福祉用具貸与】兵庫県南あわじ市市円行寺150　三原ショッピングプラザ", "url": "https://www.kaigokensaku.mhlw.go.jp/28/index.php?action_kouhyou_detail_004_kani=true&JigyosyoCd=2871700320-00&ServiceCd=170&Type=search", "url2": "http://softlife.web.fc2.com/" }, "geometry": { "type": "Point", "coordinates": [ 134.778866900000025, 34.2895691 ] } },
{ "type": "Feature", "properties": { "内容": "ケアサービスアサヒ【福祉用具貸与】兵庫県南あわじ市広田広田373番3", "url": "https://www.kaigokensaku.mhlw.go.jp/28/index.php?action_kouhyou_detail_004_kani=true&JigyosyoCd=2871701039-00&ServiceCd=170&Type=search", "url2": "http://www.asahi-cs.jp" }, "geometry": { "type": "Point", "coordinates": [ 134.831102900000019, 34.3234468 ] } },
{ "type": "Feature", "properties": { "内容": "ケアネットあわじ有限会社【福祉用具貸与】兵庫県南あわじ市市福永363番地1", "url": "https://www.kaigokensaku.mhlw.go.jp/28/index.php?action_kouhyou_detail_004_kani=true&JigyosyoCd=2871700684-00&ServiceCd=170&Type=search", "url2": "http://www.m-awaji.jp/~carenet/" }, "geometry": { "type": "Point", "coordinates": [ 134.7690761, 34.2894329 ] } },
{ "type": "Feature", "properties": { "内容": "ダスキンヘルスレント北兵庫ステーション【福祉用具貸与】兵庫県朝来市和田山町枚田909-3", "url": "https://www.kaigokensaku.mhlw.go.jp/28/index.php?action_kouhyou_detail_004_kani=true&JigyosyoCd=2874900612-00&ServiceCd=170&Type=search", "url2": "http://healthrent.duskin.jp/" }, "geometry": { "type": "Point", "coordinates": [ 134.8558779, 35.3288862 ] } },
{ "type": "Feature", "properties": { "内容": "株式会社エイトＭＡＮ【福祉用具貸与】兵庫県朝来市和田山町法興寺387-1", "url": "https://www.kaigokensaku.mhlw.go.jp/28/index.php?action_kouhyou_detail_004_kani=true&JigyosyoCd=2874900349-00&ServiceCd=170&Type=search", "url2": "eightman.info" }, "geometry": { "type": "Point", "coordinates": [ 134.863366199999973, 35.3205148 ] } },
{ "type": "Feature", "properties": { "内容": "医療法人社団　曽山医院【福祉用具貸与】兵庫県淡路市志筑1391番地9", "url": "https://www.kaigokensaku.mhlw.go.jp/28/index.php?action_kouhyou_detail_004_kani=true&JigyosyoCd=2811600937-00&ServiceCd=170&Type=search", "url2": "http://www.soyama-clinic.com/" }, "geometry": { "type": "Point", "coordinates": [ 134.89573919999998, 34.4379599 ] } },
{ "type": "Feature", "properties": { "内容": "有限会社ポッポドイ・ケアハウス【福祉用具貸与】兵庫県淡路市久留麻2048-15", "url": "https://www.kaigokensaku.mhlw.go.jp/28/index.php?action_kouhyou_detail_004_kani=true&JigyosyoCd=2871600231-00&ServiceCd=170&Type=search", "url2": "http://poppodoi.com/" }, "geometry": { "type": "Point", "coordinates": [ 134.989651200000026, 34.5244488 ] } },
{ "type": "Feature", "properties": { "内容": "淡路市社会福祉協議会福祉用具レンタル事業所【福祉用具貸与】兵庫県淡路市浅野南２-40", "url": "https://www.kaigokensaku.mhlw.go.jp/28/index.php?action_kouhyou_detail_004_kani=true&JigyosyoCd=2871600694-00&ServiceCd=170&Type=search", "url2": "http://www.awaji-csw.or.jp/home" }, "geometry": { "type": "Point", "coordinates": [ 134.913705545946186, 34.53225189626103 ] } },
{ "type": "Feature", "properties": { "内容": "Ｓｋｉｐセゴウ【福祉用具貸与】兵庫県淡路市久留麻１８２０－１２", "url": "https://www.kaigokensaku.mhlw.go.jp/28/index.php?action_kouhyou_detail_004_kani=true&JigyosyoCd=2871601148-00&ServiceCd=170&Type=search", "url2": "hp.kaipoke.biz/22b/8998/index.0005.html" }, "geometry": { "type": "Point", "coordinates": [ 134.987557, 34.5202187 ] } },
{ "type": "Feature", "properties": { "内容": "株式会社トーカイ淡路営業所【福祉用具貸与】兵庫県淡路市志筑新島10番地7", "url": "https://www.kaigokensaku.mhlw.go.jp/28/index.php?action_kouhyou_detail_004_kani=true&JigyosyoCd=2871601049-00&ServiceCd=170&Type=search", "url2": "http://www.tokai-corp.com/" }, "geometry": { "type": "Point", "coordinates": [ 134.90429180000001, 34.4265278 ] } },
{ "type": "Feature", "properties": { "内容": "福祉用具レンタルセンターきりん館【福祉用具貸与】兵庫県宍粟市山崎町鹿沢152-2", "url": "https://www.kaigokensaku.mhlw.go.jp/28/index.php?action_kouhyou_detail_004_kani=true&JigyosyoCd=2873800425-00&ServiceCd=170&Type=search", "url2": null }, "geometry": { "type": "Point", "coordinates": [ 134.5362967, 35.0015816 ] } },
{ "type": "Feature", "properties": { "内容": "つーるとはーと【福祉用具貸与】兵庫県宍粟市山崎町山崎200番6", "url": "https://www.kaigokensaku.mhlw.go.jp/28/index.php?action_kouhyou_detail_004_kani=true&JigyosyoCd=2873800755-00&ServiceCd=170&Type=search", "url2": null }, "geometry": { "type": "Point", "coordinates": [ 134.542836, 35.0046947 ] } },
{ "type": "Feature", "properties": { "内容": "ももふく【福祉用具貸与】兵庫県加東市下滝野１２８５－２３", "url": "https://www.kaigokensaku.mhlw.go.jp/28/index.php?action_kouhyou_detail_004_kani=true&JigyosyoCd=2872500851-00&ServiceCd=170&Type=search", "url2": null }, "geometry": { "type": "Point", "coordinates": [ 134.9504498, 34.9428826 ] } },
{ "type": "Feature", "properties": { "内容": "介護ショップまつおか　加東支店【福祉用具貸与】兵庫県加東市社1183-2マイフラット社102号", "url": "https://www.kaigokensaku.mhlw.go.jp/28/index.php?action_kouhyou_detail_004_kani=true&JigyosyoCd=2872500919-00&ServiceCd=170&Type=search", "url2": null }, "geometry": { "type": "Point", "coordinates": [ 134.9620598, 34.9158815 ] } },
{ "type": "Feature", "properties": { "内容": "ウェルフェアツールきっと【福祉用具貸与】兵庫県たつの市御津町黒崎字東綾部１８４２番地１３", "url": "https://www.kaigokensaku.mhlw.go.jp/28/index.php?action_kouhyou_detail_004_kani=true&JigyosyoCd=2873601138-00&ServiceCd=170&Type=search", "url2": "https://www.mirai.monster/" }, "geometry": { "type": "Point", "coordinates": [ 134.557255199999986, 34.775009 ] } },
{ "type": "Feature", "properties": { "内容": "ゆい・まぁる株式会社【福祉用具貸与】兵庫県たつの市龍野町堂本368-1", "url": "https://www.kaigokensaku.mhlw.go.jp/28/index.php?action_kouhyou_detail_004_kani=true&JigyosyoCd=2873600965-00&ServiceCd=170&Type=search", "url2": "https://yui-maru.jp/company/" }, "geometry": { "type": "Point", "coordinates": [ 134.552382946757433, 34.852271317762899 ] } },
{ "type": "Feature", "properties": { "内容": "株式会社　ゴトウ・アズ・プランニングたつの営業所【福祉用具貸与】たつの市龍野町日山91-4", "url": "https://www.kaigokensaku.mhlw.go.jp/28/index.php?action_kouhyou_detail_004_kani=true&JigyosyoCd=2873600775-00&ServiceCd=170&Type=search", "url2": "http://www.goto-az.co.jp" }, "geometry": { "type": "Point", "coordinates": [ 134.535013700000036, 34.8594511 ] } },
{ "type": "Feature", "properties": { "内容": "あっぷるレンタル事業所龍野【福祉用具貸与】たつの市龍野町富永505番地1", "url": "https://www.kaigokensaku.mhlw.go.jp/28/index.php?action_kouhyou_detail_004_kani=true&JigyosyoCd=2873600916-00&ServiceCd=170&Type=search", "url2": "http://www.apple-117.jp/" }, "geometry": { "type": "Point", "coordinates": [ 134.549176100000068, 34.8550936 ] } },
{ "type": "Feature", "properties": { "内容": "ライフワン　たつの【福祉用具貸与】兵庫県たつの市誉田町広山171-3", "url": "https://www.kaigokensaku.mhlw.go.jp/28/index.php?action_kouhyou_detail_004_kani=true&JigyosyoCd=2873601211-00&ServiceCd=170&Type=search", "url2": "https://www.life-one.jp/" }, "geometry": { "type": "Point", "coordinates": [ 134.562082, 34.8499576 ] } },
{ "type": "Feature", "properties": { "内容": "ひまわり【福祉用具貸与】兵庫県川辺郡猪名川町柏梨田字ハザマ188-11", "url": "https://www.kaigokensaku.mhlw.go.jp/28/index.php?action_kouhyou_detail_004_kani=true&JigyosyoCd=2873200469-00&ServiceCd=170&Type=search", "url2": "loop-himawari.jp" }, "geometry": { "type": "Point", "coordinates": [ 135.375509, 34.8970514 ] } },
{ "type": "Feature", "properties": { "内容": "サンライズ福祉用具サービス【福祉用具貸与】兵庫県加古郡稲美町六分一1362-83", "url": "https://www.kaigokensaku.mhlw.go.jp/28/index.php?action_kouhyou_detail_004_kani=true&JigyosyoCd=2872800798-00&ServiceCd=170&Type=search", "url2": null }, "geometry": { "type": "Point", "coordinates": [ 134.924109645368958, 34.731103860666714 ] } },
{ "type": "Feature", "properties": { "内容": "ドリームケア【福祉用具貸与】兵庫県加古郡稲美町六分一1178-244六分一事務所1階", "url": "https://www.kaigokensaku.mhlw.go.jp/28/index.php?action_kouhyou_detail_004_kani=true&JigyosyoCd=2872800855-00&ServiceCd=170&Type=search", "url2": "https://www.dream-care.life/" }, "geometry": { "type": "Point", "coordinates": [ 134.9018453, 34.7284543 ] } },
{ "type": "Feature", "properties": { "内容": "株式会社　アミューズ24【福祉用具貸与】兵庫県神崎郡市川町甘地196", "url": "https://www.kaigokensaku.mhlw.go.jp/28/index.php?action_kouhyou_detail_004_kani=true&JigyosyoCd=2873400333-00&ServiceCd=170&Type=search", "url2": "https://amuse24.net" }, "geometry": { "type": "Point", "coordinates": [ 134.758859985319532, 34.992352005315446 ] } },
{ "type": "Feature", "properties": { "内容": "有限会社　松岡医療器【福祉用具貸与】兵庫県神崎郡福崎町西田原219-1", "url": "https://www.kaigokensaku.mhlw.go.jp/28/index.php?action_kouhyou_detail_004_kani=true&JigyosyoCd=2873400408-00&ServiceCd=170&Type=search", "url2": "matuoka@air.ocn.ne.jp" }, "geometry": { "type": "Point", "coordinates": [ 134.760442400000017, 34.9581595 ] } },
{ "type": "Feature", "properties": { "内容": "介護ショップ蓮【福祉用具貸与】兵庫県神崎郡神河町中村41-8", "url": "https://www.kaigokensaku.mhlw.go.jp/28/index.php?action_kouhyou_detail_004_kani=true&JigyosyoCd=2873401323-00&ServiceCd=170&Type=search", "url2": "http://rentunagu.starfree.jp/index.html" }, "geometry": { "type": "Point", "coordinates": [ 134.776778400000012, 35.0715903 ] } },
{ "type": "Feature", "properties": { "内容": "株式会社うしまる福祉用具サービス事業部【福祉用具貸与】兵庫県揖保郡太子町東南355", "url": "https://www.kaigokensaku.mhlw.go.jp/28/index.php?action_kouhyou_detail_004_kani=true&JigyosyoCd=2874100908-00&ServiceCd=170&Type=search", "url2": "http://www.ushimaru-k.co.jp" }, "geometry": { "type": "Point", "coordinates": [ 134.586337, 34.8328345 ] } },
{ "type": "Feature", "properties": { "内容": "とうじ【福祉用具貸与】兵庫県揖保郡太子町鵤1324-23", "url": "https://www.kaigokensaku.mhlw.go.jp/28/index.php?action_kouhyou_detail_004_kani=true&JigyosyoCd=2874100932-00&ServiceCd=170&Type=search", "url2": "http://hp.kaipoke.biz/t44/index.html" }, "geometry": { "type": "Point", "coordinates": [ 134.578483332160772, 34.834513300000381 ] } },
{ "type": "Feature", "properties": { "内容": "オレンジ上郡【福祉用具貸与】兵庫県赤穂郡上郡町竹万2303", "url": "https://www.kaigokensaku.mhlw.go.jp/28/index.php?action_kouhyou_detail_004_kani=true&JigyosyoCd=2873900134-00&ServiceCd=170&Type=search", "url2": "http://total-orange.com/" }, "geometry": { "type": "Point", "coordinates": [ 134.3565284, 34.8633196 ] } }
]
}
