{
"type": "FeatureCollection",
"name": "geo_28_認知症対応型共同生活介護",
"crs": { "type": "name", "properties": { "name": "urn:ogc:def:crs:OGC:1.3:CRS84" } },
"features": [
{ "type": "Feature", "properties": { "内容": "フレール魚崎中町【認知症対応型共同生活介護】神戸市東灘区魚崎中町4丁目10番50号", "url": "https://www.kaigokensaku.mhlw.go.jp/28/index.php?action_kouhyou_detail_004_kani=true&JigyosyoCd=2870100472-00&ServiceCd=320&Type=search", "url2": "https://sunlifeuozaki.jp/" }, "geometry": { "type": "Point", "coordinates": [ 135.2702242, 34.7152533 ] } },
{ "type": "Feature", "properties": { "内容": "アネシス魚崎【認知症対応型共同生活介護】魚崎南町5丁目13-6", "url": "https://www.kaigokensaku.mhlw.go.jp/28/index.php?action_kouhyou_detail_004_kani=true&JigyosyoCd=2870101041-00&ServiceCd=320&Type=search", "url2": "http://i-souseikai.jp" }, "geometry": { "type": "Point", "coordinates": [ 135.269402200000059, 34.7103177 ] } },
{ "type": "Feature", "properties": { "内容": "グループホーム　うみのほし魚崎【認知症対応型共同生活介護】兵庫県神戸市東灘区魚崎南町８丁目１０番１０号", "url": "https://www.kaigokensaku.mhlw.go.jp/28/index.php?action_kouhyou_detail_004_kani=true&JigyosyoCd=2870101298-00&ServiceCd=320&Type=search", "url2": "http://www.kobe-kaiseikai.com" }, "geometry": { "type": "Point", "coordinates": [ 135.271440799999937, 34.7126952 ] } },
{ "type": "Feature", "properties": { "内容": "グループホーム御影【認知症対応型共同生活介護】神戸市東灘区御影石町１－２－１８", "url": "https://www.kaigokensaku.mhlw.go.jp/28/index.php?action_kouhyou_detail_004_kani=true&JigyosyoCd=2870101413-00&ServiceCd=320&Type=search", "url2": "http://www.long-stage.com" }, "geometry": { "type": "Point", "coordinates": [ 135.251989800000047, 34.7090733 ] } },
{ "type": "Feature", "properties": { "内容": "グループホームアルテ石屋川【認知症対応型共同生活介護】御影塚町１－１０－１３", "url": "https://www.kaigokensaku.mhlw.go.jp/28/index.php?action_kouhyou_detail_004_kani=true&JigyosyoCd=2890100114-00&ServiceCd=320&Type=search", "url2": "http://i-souseikai.jp/" }, "geometry": { "type": "Point", "coordinates": [ 135.250939799999969, 34.7102759 ] } },
{ "type": "Feature", "properties": { "内容": "アネシスもとやま【認知症対応型共同生活介護】神戸市東灘区本山南町６丁目3-5", "url": "https://www.kaigokensaku.mhlw.go.jp/28/index.php?action_kouhyou_detail_004_kani=true&JigyosyoCd=2890100247-00&ServiceCd=320&Type=search", "url2": "http://www.i-souseikai.jp/" }, "geometry": { "type": "Point", "coordinates": [ 135.28623360000006, 34.7248414 ] } },
{ "type": "Feature", "properties": { "内容": "協同の苑　六甲アイランドグループホーム【認知症対応型共同生活介護】向洋町中3丁目2-2２F", "url": "https://www.kaigokensaku.mhlw.go.jp/28/index.php?action_kouhyou_detail_004_kani=true&JigyosyoCd=2890100304-00&ServiceCd=320&Type=search", "url2": "http://www.kyodo-no-sono.or.jp" }, "geometry": { "type": "Point", "coordinates": [ 135.2712745, 34.6874476 ] } },
{ "type": "Feature", "properties": { "内容": "グループホーム愛　魚崎北町【認知症対応型共同生活介護】兵庫県神戸市東灘区魚崎北町2丁目3番4号", "url": "https://www.kaigokensaku.mhlw.go.jp/28/index.php?action_kouhyou_detail_004_kani=true&JigyosyoCd=2890100353-00&ServiceCd=320&Type=search", "url2": "http://goodplanning.co.jp" }, "geometry": { "type": "Point", "coordinates": [ 135.273954900000035, 34.7162954 ] } },
{ "type": "Feature", "properties": { "内容": "グループホームサンライフさくら魚崎北町【認知症対応型共同生活介護】兵庫県神戸市東灘区魚崎北町7丁目9番20号", "url": "https://www.kaigokensaku.mhlw.go.jp/28/index.php?action_kouhyou_detail_004_kani=true&JigyosyoCd=2890100379-00&ServiceCd=320&Type=search", "url2": "https://sakuracare-s.jp/" }, "geometry": { "type": "Point", "coordinates": [ 135.270646622633762, 34.718618264745437 ] } },
{ "type": "Feature", "properties": { "内容": "グループホーム紫陽花【認知症対応型共同生活介護】住", "url": "https://www.kaigokensaku.mhlw.go.jp/28/index.php?action_kouhyou_detail_004_kani=true&JigyosyoCd=2890100429-00&ServiceCd=320&Type=search", "url2": "https://mikage-club.com/" }, "geometry": { "type": "Point", "coordinates": [ 134.4798357, 34.8190735 ] } },
{ "type": "Feature", "properties": { "内容": "グループホームもりきた【認知症対応型共同生活介護】森北町6丁目1番1号高齢者ケアセンター甲南", "url": "https://www.kaigokensaku.mhlw.go.jp/28/index.php?action_kouhyou_detail_004_kani=true&JigyosyoCd=2890100478-00&ServiceCd=320&Type=search", "url2": "http://www.kobe-fukuseikai.com" }, "geometry": { "type": "Point", "coordinates": [ 135.2887081, 34.7359001 ] } },
{ "type": "Feature", "properties": { "内容": "グループホームまんてん六甲の丘【認知症対応型共同生活介護】兵庫県神戸市灘区篠原伯母野山町３丁目１４－２", "url": "https://www.kaigokensaku.mhlw.go.jp/28/index.php?action_kouhyou_detail_004_kani=true&JigyosyoCd=2890200187-00&ServiceCd=320&Type=search", "url2": "http://sankei-kai.or.jp" }, "geometry": { "type": "Point", "coordinates": [ 135.226639799999987, 34.7315644 ] } },
{ "type": "Feature", "properties": { "内容": "グループホームオリンピア灘【認知症対応型共同生活介護】兵庫県神戸市灘区灘北通3丁目1-15", "url": "https://www.kaigokensaku.mhlw.go.jp/28/index.php?action_kouhyou_detail_004_kani=true&JigyosyoCd=2870200629-00&ServiceCd=320&Type=search", "url2": "http://www.olympia.or.jp" }, "geometry": { "type": "Point", "coordinates": [ 135.22651350000001, 34.7099843 ] } },
{ "type": "Feature", "properties": { "内容": "ゆうとぴ庵神戸・石屋川【認知症対応型共同生活介護】神戸市灘区記田町1丁目3番7号", "url": "https://www.kaigokensaku.mhlw.go.jp/28/index.php?action_kouhyou_detail_004_kani=true&JigyosyoCd=2870200694-00&ServiceCd=320&Type=search", "url2": "https://www.lsj-yutopian.com/" }, "geometry": { "type": "Point", "coordinates": [ 135.2486232, 34.7143171 ] } },
{ "type": "Feature", "properties": { "内容": "グループホームケアウイング六甲【認知症対応型共同生活介護】神戸市灘区大和丁４町目５番２５号", "url": "https://www.kaigokensaku.mhlw.go.jp/28/index.php?action_kouhyou_detail_004_kani=true&JigyosyoCd=2870200850-00&ServiceCd=320&Type=search", "url2": "http//www.kobe-kaigo.co.jp" }, "geometry": { "type": "Point", "coordinates": [ 135.244126100000017, 34.7177223 ] } },
{ "type": "Feature", "properties": { "内容": "グループホームひまわりの家【認知症対応型共同生活介護】神戸市灘区都通３－２－５ひまわりの家", "url": "https://www.kaigokensaku.mhlw.go.jp/28/index.php?action_kouhyou_detail_004_kani=true&JigyosyoCd=2870201197-00&ServiceCd=320&Type=search", "url2": "welfare-himawari-51@dolphin.ocn.ne.jp" }, "geometry": { "type": "Point", "coordinates": [ 135.226305300000035, 34.7054904 ] } },
{ "type": "Feature", "properties": { "内容": "グループホーム　ケアウイング　弓の木【認知症対応型共同生活介護】弓木町２丁目２番１９号", "url": "https://www.kaigokensaku.mhlw.go.jp/28/index.php?action_kouhyou_detail_004_kani=true&JigyosyoCd=2890200021-00&ServiceCd=320&Type=search", "url2": "http://www.kobe-kaigo.co.jp" }, "geometry": { "type": "Point", "coordinates": [ 135.2459371, 34.7190082 ] } },
{ "type": "Feature", "properties": { "内容": "グループホームオリンピア篠原【認知症対応型共同生活介護】兵庫県神戸市灘区篠原本町３丁目２－４", "url": "https://www.kaigokensaku.mhlw.go.jp/28/index.php?action_kouhyou_detail_004_kani=true&JigyosyoCd=2890200096-00&ServiceCd=320&Type=search", "url2": "htt://www.olympia.or.jp/" }, "geometry": { "type": "Point", "coordinates": [ 135.227777, 34.7205191 ] } },
{ "type": "Feature", "properties": { "内容": "こころあい王子公園【認知症対応型共同生活介護】兵庫県神戸市灘区高尾通３丁目１－９", "url": "https://www.kaigokensaku.mhlw.go.jp/28/index.php?action_kouhyou_detail_004_kani=true&JigyosyoCd=2890200229-00&ServiceCd=320&Type=search", "url2": "gh-field.com" }, "geometry": { "type": "Point", "coordinates": [ 135.2186477, 34.7204759 ] } },
{ "type": "Feature", "properties": { "内容": "グループホーム　グリーンウェル六甲【認知症対応型共同生活介護】神戸市灘区篠原中町３丁目6-6-5", "url": "https://www.kaigokensaku.mhlw.go.jp/28/index.php?action_kouhyou_detail_004_kani=true&JigyosyoCd=2890200278-00&ServiceCd=320&Type=search", "url2": "https://www.yuko-kai.net/" }, "geometry": { "type": "Point", "coordinates": [ 135.229090500000012, 34.7199023 ] } },
{ "type": "Feature", "properties": { "内容": "グループホームまんてんなだ上野【認知症対応型共同生活介護】上野通1-2-5", "url": "https://www.kaigokensaku.mhlw.go.jp/28/index.php?action_kouhyou_detail_004_kani=true&JigyosyoCd=2890200120-00&ServiceCd=320&Type=search", "url2": "https://www.sankei-kai.jp/" }, "geometry": { "type": "Point", "coordinates": [ 135.2144022, 34.7153179 ] } },
{ "type": "Feature", "properties": { "内容": "グループホーム　オリンピア兵庫【認知症対応型共同生活介護】神戸市兵庫区小松通５丁目１番１４号", "url": "https://www.kaigokensaku.mhlw.go.jp/28/index.php?action_kouhyou_detail_004_kani=true&JigyosyoCd=2870501224-00&ServiceCd=320&Type=search", "url2": "http://www.olympia.or.jp/" }, "geometry": { "type": "Point", "coordinates": [ 135.173291400000039, 34.6541638 ] } },
{ "type": "Feature", "properties": { "内容": "まんてん堂グループホームひょうご湊【認知症対応型共同生活介護】兵庫県神戸市兵庫区荒田町３丁目８２番２号", "url": "https://www.kaigokensaku.mhlw.go.jp/28/index.php?action_kouhyou_detail_004_kani=true&JigyosyoCd=2890500057-00&ServiceCd=320&Type=search", "url2": "http://www.manten.org/service/facility01.html#anchor01" }, "geometry": { "type": "Point", "coordinates": [ 135.166133100000025, 34.6871913 ] } },
{ "type": "Feature", "properties": { "内容": "グループホームたのしい家大倉山【認知症対応型共同生活介護】兵庫県神戸市兵庫区下祇園町32-21", "url": "https://www.kaigokensaku.mhlw.go.jp/28/index.php?action_kouhyou_detail_004_kani=true&JigyosyoCd=2890500073-00&ServiceCd=320&Type=search", "url2": null }, "geometry": { "type": "Point", "coordinates": [ 135.168457100000012, 34.6893747 ] } },
{ "type": "Feature", "properties": { "内容": "グループホームたのしい家湊川【認知症対応型共同生活介護】兵庫県神戸市兵庫区湊川町９－１２－７", "url": "https://www.kaigokensaku.mhlw.go.jp/28/index.php?action_kouhyou_detail_004_kani=true&JigyosyoCd=2890500099-00&ServiceCd=320&Type=search", "url2": null }, "geometry": { "type": "Point", "coordinates": [ 135.157414300000028, 34.6815972 ] } },
{ "type": "Feature", "properties": { "内容": "グループホーム愛　上沢【認知症対応型共同生活介護】神戸市兵庫区下沢通８－２－２０", "url": "https://www.kaigokensaku.mhlw.go.jp/28/index.php?action_kouhyou_detail_004_kani=true&JigyosyoCd=2890500115-00&ServiceCd=320&Type=search", "url2": "ai-kamisawa@aihome2012.com" }, "geometry": { "type": "Point", "coordinates": [ 135.158900797091547, 34.672564703658075 ] } },
{ "type": "Feature", "properties": { "内容": "憩いの家　オレンジ【認知症対応型共同生活介護】神戸市兵庫区湊山町１２番３号", "url": "https://www.kaigokensaku.mhlw.go.jp/28/index.php?action_kouhyou_detail_004_kani=true&JigyosyoCd=2890500123-00&ServiceCd=320&Type=search", "url2": null }, "geometry": { "type": "Point", "coordinates": [ 135.164569300000039, 34.6907937 ] } },
{ "type": "Feature", "properties": { "内容": "グループホーム　モーツァルトいのり【認知症対応型共同生活介護】兵庫県神戸市兵庫区松原通２丁目１番１７-１号", "url": "https://www.kaigokensaku.mhlw.go.jp/28/index.php?action_kouhyou_detail_004_kani=true&JigyosyoCd=2890500156-00&ServiceCd=320&Type=search", "url2": "kobe-mozart.jp" }, "geometry": { "type": "Point", "coordinates": [ 135.168209549073822, 34.664225326622805 ] } },
{ "type": "Feature", "properties": { "内容": "まんてん堂グループホームひょうご須佐野【認知症対応型共同生活介護】兵庫県神戸市兵庫区明和通２丁目１番２７号", "url": "https://www.kaigokensaku.mhlw.go.jp/28/index.php?action_kouhyou_detail_004_kani=true&JigyosyoCd=2890500164-00&ServiceCd=320&Type=search", "url2": "http://www.manten.org/service/facility01.html#anchor01" }, "geometry": { "type": "Point", "coordinates": [ 135.164944600000013, 34.6613548 ] } },
{ "type": "Feature", "properties": { "内容": "グループホームきらら神戸兵庫町【認知症対応型共同生活介護】兵庫町2-2-18グループホームきらら神戸兵庫町", "url": "https://www.kaigokensaku.mhlw.go.jp/28/index.php?action_kouhyou_detail_004_kani=true&JigyosyoCd=2890500222-00&ServiceCd=320&Type=search", "url2": "https://www.starts-care.jp" }, "geometry": { "type": "Point", "coordinates": [ 135.1724534, 34.671828 ] } },
{ "type": "Feature", "properties": { "内容": "ゆうとぴ庵西神戸【認知症対応型共同生活介護】神戸市長田区長尾町2丁目13番14号", "url": "https://www.kaigokensaku.mhlw.go.jp/28/index.php?action_kouhyou_detail_004_kani=true&JigyosyoCd=2870600265-00&ServiceCd=320&Type=search", "url2": "https://www.lsj-yutopian.com/" }, "geometry": { "type": "Point", "coordinates": [ 135.133688600000028, 34.6691788 ] } },
{ "type": "Feature", "properties": { "内容": "グループホーム　いろり【認知症対応型共同生活介護】神戸市長田区御屋敷通6-2-26KYT御屋敷", "url": "https://www.kaigokensaku.mhlw.go.jp/28/index.php?action_kouhyou_detail_004_kani=true&JigyosyoCd=2870600786-00&ServiceCd=320&Type=search", "url2": null }, "geometry": { "type": "Point", "coordinates": [ 135.139710599999944, 34.6583604 ] } },
{ "type": "Feature", "properties": { "内容": "ニチイケアセンター神戸西代【認知症対応型共同生活介護】兵庫県神戸市長田区西代通4-7-1", "url": "https://www.kaigokensaku.mhlw.go.jp/28/index.php?action_kouhyou_detail_004_kani=true&JigyosyoCd=2890600063-00&ServiceCd=320&Type=search", "url2": "http://www.nichiigakkan.co.jp/" }, "geometry": { "type": "Point", "coordinates": [ 135.138635935581988, 34.659985200000015 ] } },
{ "type": "Feature", "properties": { "内容": "グループホーム　更紗【認知症対応型共同生活介護】兵庫県神戸市長田区野田町9丁目4―13", "url": "https://www.kaigokensaku.mhlw.go.jp/28/index.php?action_kouhyou_detail_004_kani=true&JigyosyoCd=2890600089-00&ServiceCd=320&Type=search", "url2": "http://konshinkai.or.jp/sarasa/" }, "geometry": { "type": "Point", "coordinates": [ 135.143441199999984, 34.647803 ] } },
{ "type": "Feature", "properties": { "内容": "グループホームいこいの丘【認知症対応型共同生活介護】神戸市長田区大日丘町1丁目13番8-1号", "url": "https://www.kaigokensaku.mhlw.go.jp/28/index.php?action_kouhyou_detail_004_kani=true&JigyosyoCd=2890600162-00&ServiceCd=320&Type=search", "url2": "https://www.seishunkai.jp/sunnyhill/" }, "geometry": { "type": "Point", "coordinates": [ 135.1371213, 34.688974 ] } },
{ "type": "Feature", "properties": { "内容": "まんてん堂グループホームながた池田【認知症対応型共同生活介護】兵庫県神戸市長田区上池田５丁目４番１６号", "url": "https://www.kaigokensaku.mhlw.go.jp/28/index.php?action_kouhyou_detail_004_kani=true&JigyosyoCd=2890600196-00&ServiceCd=320&Type=search", "url2": "http://www.manten.org/service/facility01.html#anchor01" }, "geometry": { "type": "Point", "coordinates": [ 135.141343499999948, 34.671873 ] } },
{ "type": "Feature", "properties": { "内容": "グループホームこころあい林山【認知症対応型共同生活介護】兵庫県神戸市長田区林山町17-1", "url": "https://www.kaigokensaku.mhlw.go.jp/28/index.php?action_kouhyou_detail_004_kani=true&JigyosyoCd=2890600220-00&ServiceCd=320&Type=search", "url2": "http://www.gh-field.com/" }, "geometry": { "type": "Point", "coordinates": [ 135.1434829, 34.6782521 ] } },
{ "type": "Feature", "properties": { "内容": "フェニックス長田グループホーム【認知症対応型共同生活介護】林山町4-22", "url": "https://www.kaigokensaku.mhlw.go.jp/28/index.php?action_kouhyou_detail_004_kani=true&JigyosyoCd=2890600253-00&ServiceCd=320&Type=search", "url2": "http://www.ikkoukai.jp/" }, "geometry": { "type": "Point", "coordinates": [ 135.1421058, 34.6790525 ] } },
{ "type": "Feature", "properties": { "内容": "グループホーム白檀【認知症対応型共同生活介護】兵庫県神戸市長田区房王寺町6丁目2番13号長田みどり苑", "url": "https://www.kaigokensaku.mhlw.go.jp/28/index.php?action_kouhyou_detail_004_kani=true&JigyosyoCd=2890600311-00&ServiceCd=320&Type=search", "url2": "http://www.sendankai.or.jp/" }, "geometry": { "type": "Point", "coordinates": [ 135.150162685319515, 34.683029685574077 ] } },
{ "type": "Feature", "properties": { "内容": "グリーンウェル花山【認知症対応型共同生活介護】神戸市長田区花山町１丁目５－５", "url": "https://www.kaigokensaku.mhlw.go.jp/28/index.php?action_kouhyou_detail_004_kani=true&JigyosyoCd=2870600430-00&ServiceCd=320&Type=search", "url2": "http://www.bestwell.co.jp" }, "geometry": { "type": "Point", "coordinates": [ 135.1367186, 34.6856188 ] } },
{ "type": "Feature", "properties": { "内容": "グループホーム紅葉（もみじ）【認知症対応型共同生活介護】兵庫県神戸市長田区長田天神町２丁目３－２７", "url": "https://www.kaigokensaku.mhlw.go.jp/28/index.php?action_kouhyou_detail_004_kani=true&JigyosyoCd=2870600778-00&ServiceCd=320&Type=search", "url2": "http://universallife-momiji.com/" }, "geometry": { "type": "Point", "coordinates": [ 135.1490483, 34.6815999 ] } },
{ "type": "Feature", "properties": { "内容": "医療法人凰林会長田さくらホーム【認知症対応型共同生活介護】神戸市長田区御蔵通５丁目205-3", "url": "https://www.kaigokensaku.mhlw.go.jp/28/index.php?action_kouhyou_detail_004_kani=true&JigyosyoCd=2870601115-00&ServiceCd=320&Type=search", "url2": null }, "geometry": { "type": "Point", "coordinates": [ 135.15385040000001, 34.6647501 ] } },
{ "type": "Feature", "properties": { "内容": "グループホームハナ【認知症対応型共同生活介護】兵庫県神戸市長田区西尻池町２丁目４－２８", "url": "https://www.kaigokensaku.mhlw.go.jp/28/index.php?action_kouhyou_detail_004_kani=true&JigyosyoCd=2890600105-00&ServiceCd=320&Type=search", "url2": "http://www.social-b.net/kfc" }, "geometry": { "type": "Point", "coordinates": [ 135.150573500000064, 34.6587631 ] } },
{ "type": "Feature", "properties": { "内容": "グループホームスリール長田【認知症対応型共同生活介護】兵庫県神戸市長田区腕塚町1丁目1番2号", "url": "https://www.kaigokensaku.mhlw.go.jp/28/index.php?action_kouhyou_detail_004_kani=true&JigyosyoCd=2890600188-00&ServiceCd=320&Type=search", "url2": "http://hina-corp.com/" }, "geometry": { "type": "Point", "coordinates": [ 135.150915620901515, 34.656789906830369 ] } },
{ "type": "Feature", "properties": { "内容": "グループホーム　ソラストひばりが丘【認知症対応型共同生活介護】兵庫県神戸市長田区雲雀ヶ丘1-2-5ソラストひばりが丘　201～209　301～309", "url": "https://www.kaigokensaku.mhlw.go.jp/28/index.php?action_kouhyou_detail_004_kani=true&JigyosyoCd=2890600204-00&ServiceCd=320&Type=search", "url2": "https://solasto-kaigo.com/care/area/solastohibarigaoka.html" }, "geometry": { "type": "Point", "coordinates": [ 135.134195309786946, 34.690869800164158 ] } },
{ "type": "Feature", "properties": { "内容": "グループホーム希望の家【認知症対応型共同生活介護】神戸市須磨区妙法寺字藪中１２４２", "url": "https://www.kaigokensaku.mhlw.go.jp/28/index.php?action_kouhyou_detail_004_kani=true&JigyosyoCd=2870701147-00&ServiceCd=320&Type=search", "url2": "http://www.hayashiyama.jp/" }, "geometry": { "type": "Point", "coordinates": [ 135.129716499999972, 34.6815691 ] } },
{ "type": "Feature", "properties": { "内容": "フレール離宮西町【認知症対応型共同生活介護】兵庫県神戸市須磨区離宮西町２丁目２番５号", "url": "https://www.kaigokensaku.mhlw.go.jp/28/index.php?action_kouhyou_detail_004_kani=true&JigyosyoCd=2870700420-00&ServiceCd=320&Type=search", "url2": "http://www.rikyu-s.jp" }, "geometry": { "type": "Point", "coordinates": [ 135.116143500000021, 34.6521886 ] } },
{ "type": "Feature", "properties": { "内容": "グループホーム　ひまわり【認知症対応型共同生活介護】行幸町4-4-8", "url": "https://www.kaigokensaku.mhlw.go.jp/28/index.php?action_kouhyou_detail_004_kani=true&JigyosyoCd=2870700610-00&ServiceCd=320&Type=search", "url2": "https://welfarekobe.wixsite.com/mysite/blank" }, "geometry": { "type": "Point", "coordinates": [ 135.119469986508193, 34.647783935542677 ] } },
{ "type": "Feature", "properties": { "内容": "グループホーム　たんぽぽ【認知症対応型共同生活介護】多井畑南町4-1", "url": "https://www.kaigokensaku.mhlw.go.jp/28/index.php?action_kouhyou_detail_004_kani=true&JigyosyoCd=2870700800-00&ServiceCd=320&Type=search", "url2": "https://welfarekobe.wixsite.com/mysite/blank-9" }, "geometry": { "type": "Point", "coordinates": [ 135.096124410142494, 34.65880274676551 ] } },
{ "type": "Feature", "properties": { "内容": "ウッドランド神戸須磨【認知症対応型共同生活介護】神戸市須磨区大田町7丁目6-2", "url": "https://www.kaigokensaku.mhlw.go.jp/28/index.php?action_kouhyou_detail_004_kani=true&JigyosyoCd=2870700818-00&ServiceCd=320&Type=search", "url2": null }, "geometry": { "type": "Point", "coordinates": [ 135.132174511435323, 34.655329603975595 ] } },
{ "type": "Feature", "properties": { "内容": "グループホームキャンディタフト月見山【認知症対応型共同生活介護】神戸市須磨区稲葉町3丁目２番２３号", "url": "https://www.kaigokensaku.mhlw.go.jp/28/index.php?action_kouhyou_detail_004_kani=true&JigyosyoCd=2870700990-00&ServiceCd=320&Type=search", "url2": "https://candytuft-tsukimiyama.com/" }, "geometry": { "type": "Point", "coordinates": [ 135.126862100000039, 34.6495723 ] } },
{ "type": "Feature", "properties": { "内容": "妙法寺すみれホーム【認知症対応型共同生活介護】兵庫県神戸市須磨区妙法寺字萬上畑７４２－２", "url": "https://www.kaigokensaku.mhlw.go.jp/28/index.php?action_kouhyou_detail_004_kani=true&JigyosyoCd=2870701113-00&ServiceCd=320&Type=search", "url2": "http://www.sumire.or.jp/" }, "geometry": { "type": "Point", "coordinates": [ 135.122797900000023, 34.6705648 ] } },
{ "type": "Feature", "properties": { "内容": "グループホーム花ちとせ【認知症対応型共同生活介護】兵庫県神戸市須磨区千歳町4丁目3番30号", "url": "https://www.kaigokensaku.mhlw.go.jp/28/index.php?action_kouhyou_detail_004_kani=true&JigyosyoCd=2890700053-00&ServiceCd=320&Type=search", "url2": "http://www.hanachitose.com" }, "geometry": { "type": "Point", "coordinates": [ 135.137269802377347, 34.655216095866415 ] } },
{ "type": "Feature", "properties": { "内容": "まんてん堂グループホームすま飛松【認知症対応型共同生活介護】兵庫県神戸市須磨区板宿町２丁目５番２３号", "url": "https://www.kaigokensaku.mhlw.go.jp/28/index.php?action_kouhyou_detail_004_kani=true&JigyosyoCd=2890700061-00&ServiceCd=320&Type=search", "url2": "http://www.manten.org/service/facility01.html#anchor01" }, "geometry": { "type": "Point", "coordinates": [ 135.129417, 34.6627405 ] } },
{ "type": "Feature", "properties": { "内容": "グループホーム　たかくらの夢【認知症対応型共同生活介護】高倉台4-2-7", "url": "https://www.kaigokensaku.mhlw.go.jp/28/index.php?action_kouhyou_detail_004_kani=true&JigyosyoCd=2890700129-00&ServiceCd=320&Type=search", "url2": "http://www.takakuranoyume.com" }, "geometry": { "type": "Point", "coordinates": [ 135.52908960000002, 34.4937077 ] } },
{ "type": "Feature", "properties": { "内容": "グループホームコスモス【認知症対応型共同生活介護】須磨浦通6-6-29", "url": "https://www.kaigokensaku.mhlw.go.jp/28/index.php?action_kouhyou_detail_004_kani=true&JigyosyoCd=2890700152-00&ServiceCd=320&Type=search", "url2": "https://welfarekobe.wixsite.com/mysite/blank-1" }, "geometry": { "type": "Point", "coordinates": [ 135.106753, 34.6416007 ] } },
{ "type": "Feature", "properties": { "内容": "グループホーム　だいこく【認知症対応型共同生活介護】神戸市須磨区大黒町1-1-1-101", "url": "https://www.kaigokensaku.mhlw.go.jp/28/index.php?action_kouhyou_detail_004_kani=true&JigyosyoCd=2890700160-00&ServiceCd=320&Type=search", "url2": null }, "geometry": { "type": "Point", "coordinates": [ 135.136397, 34.6606463 ] } },
{ "type": "Feature", "properties": { "内容": "グループホームわたぼうし【認知症対応型共同生活介護】妙法寺字藪中1242", "url": "https://www.kaigokensaku.mhlw.go.jp/28/index.php?action_kouhyou_detail_004_kani=true&JigyosyoCd=2890700343-00&ServiceCd=320&Type=search", "url2": null }, "geometry": { "type": "Point", "coordinates": [ 135.1300728, 34.6811905 ] } },
{ "type": "Feature", "properties": { "内容": "グループホーム　そよかぜ【認知症対応型共同生活介護】兵庫県神戸市須磨区北落合２丁目１－３１", "url": "https://www.kaigokensaku.mhlw.go.jp/28/index.php?action_kouhyou_detail_004_kani=true&JigyosyoCd=2890700046-00&ServiceCd=320&Type=search", "url2": "http://www.ksmedical.co.jp/" }, "geometry": { "type": "Point", "coordinates": [ 135.094939299999965, 34.6847099 ] } },
{ "type": "Feature", "properties": { "内容": "神戸須磨ケアセンターそよ風【認知症対応型共同生活介護】兵庫県神戸市須磨区高倉台６丁目14-22", "url": "https://www.kaigokensaku.mhlw.go.jp/28/index.php?action_kouhyou_detail_004_kani=true&JigyosyoCd=2890700277-00&ServiceCd=320&Type=search", "url2": "https://www.unimat-rc.co.jp/shisetsu/result.html?zip=%E5%85%B5%E5%BA%AB%E7%9C%8C&type=1" }, "geometry": { "type": "Point", "coordinates": [ 135.102026851589926, 34.660569469857791 ] } },
{ "type": "Feature", "properties": { "内容": "モンファミーユ白川台【認知症対応型共同生活介護】兵庫県神戸市須磨区白川台3丁目38－2モンファミーユ白川台", "url": "https://www.kaigokensaku.mhlw.go.jp/28/index.php?action_kouhyou_detail_004_kani=true&JigyosyoCd=2890700327-00&ServiceCd=320&Type=search", "url2": "http://seihoukai.com" }, "geometry": { "type": "Point", "coordinates": [ 135.100029423942573, 34.688252983405803 ] } },
{ "type": "Feature", "properties": { "内容": "ツクイ神戸名谷グループホーム【認知症対応型共同生活介護】兵庫県神戸市垂水区名谷町字猿倉242番1", "url": "https://www.kaigokensaku.mhlw.go.jp/28/index.php?action_kouhyou_detail_004_kani=true&JigyosyoCd=2890800739-00&ServiceCd=320&Type=search", "url2": "https://www.tsukui.net/group/2815/" }, "geometry": { "type": "Point", "coordinates": [ 135.0590894, 34.6512471 ] } },
{ "type": "Feature", "properties": { "内容": "グループホーム桃山台【認知症対応型共同生活介護】桃山台5丁目1144番地", "url": "https://www.kaigokensaku.mhlw.go.jp/28/index.php?action_kouhyou_detail_004_kani=true&JigyosyoCd=2870800436-00&ServiceCd=320&Type=search", "url2": "htto://www.momoyamadaihome.jp/" }, "geometry": { "type": "Point", "coordinates": [ 135.085282300000017, 34.6567016 ] } },
{ "type": "Feature", "properties": { "内容": "グループホーム　あさがお【認知症対応型共同生活介護】塩屋町5-13-23", "url": "https://www.kaigokensaku.mhlw.go.jp/28/index.php?action_kouhyou_detail_004_kani=true&JigyosyoCd=2870800683-00&ServiceCd=320&Type=search", "url2": "https://welfarekobe.wixsite.com/mysite/blank-8" }, "geometry": { "type": "Point", "coordinates": [ 135.079519629199126, 34.634005104360355 ] } },
{ "type": "Feature", "properties": { "内容": "グループホーム　リーベストラウム【認知症対応型共同生活介護】神戸市垂水区本多聞２－３４－４", "url": "https://www.kaigokensaku.mhlw.go.jp/28/index.php?action_kouhyou_detail_004_kani=true&JigyosyoCd=2870800824-00&ServiceCd=320&Type=search", "url2": null }, "geometry": { "type": "Point", "coordinates": [ 135.047060500000043, 34.6603787 ] } },
{ "type": "Feature", "properties": { "内容": "グループホーム舞子【認知症対応型共同生活介護】舞子坂３丁目１４－２１", "url": "https://www.kaigokensaku.mhlw.go.jp/28/index.php?action_kouhyou_detail_004_kani=true&JigyosyoCd=2870800899-00&ServiceCd=320&Type=search", "url2": null }, "geometry": { "type": "Point", "coordinates": [ 135.032042400000023, 34.6466937 ] } },
{ "type": "Feature", "properties": { "内容": "グループホームわたつみの里【認知症対応型共同生活介護】神戸市垂水区陸ノ町９９４－１", "url": "https://www.kaigokensaku.mhlw.go.jp/28/index.php?action_kouhyou_detail_004_kani=true&JigyosyoCd=2870800907-00&ServiceCd=320&Type=search", "url2": null }, "geometry": { "type": "Point", "coordinates": [ 135.05452450000007, 34.6325182 ] } },
{ "type": "Feature", "properties": { "内容": "グループホームＣＨＩＡＫＩほおずき神戸垂水【認知症対応型共同生活介護】神戸市垂水区霞ヶ丘１－３－１３", "url": "https://www.kaigokensaku.mhlw.go.jp/28/index.php?action_kouhyou_detail_004_kani=true&JigyosyoCd=2870800956-00&ServiceCd=320&Type=search", "url2": "http://www.chiaki-hozuki.co.jp" }, "geometry": { "type": "Point", "coordinates": [ 135.046713899999986, 34.6324208 ] } },
{ "type": "Feature", "properties": { "内容": "グループホーム　ハッピージョイ【認知症対応型共同生活介護】神戸市垂水区桃山台７丁目５番１０号", "url": "https://www.kaigokensaku.mhlw.go.jp/28/index.php?action_kouhyou_detail_004_kani=true&JigyosyoCd=2870800964-00&ServiceCd=320&Type=search", "url2": null }, "geometry": { "type": "Point", "coordinates": [ 135.079366640475456, 34.661916274123406 ] } },
{ "type": "Feature", "properties": { "内容": "たるみグループホーム【認知症対応型共同生活介護】神戸市垂水区平磯４丁目５－１３", "url": "https://www.kaigokensaku.mhlw.go.jp/28/index.php?action_kouhyou_detail_004_kani=true&JigyosyoCd=2870801236-00&ServiceCd=320&Type=search", "url2": "http://meishinkai-tarumi.jp/" }, "geometry": { "type": "Point", "coordinates": [ 135.054957800000011, 34.6285158 ] } },
{ "type": "Feature", "properties": { "内容": "舞子台　グループホーム【認知症対応型共同生活介護】神戸市垂水区舞子台7-3-6", "url": "https://www.kaigokensaku.mhlw.go.jp/28/index.php?action_kouhyou_detail_004_kani=true&JigyosyoCd=2870801285-00&ServiceCd=320&Type=search", "url2": "https://www.kouseikai-gr.jp/facilities/maikodai-group-home/" }, "geometry": { "type": "Point", "coordinates": [ 135.038094900000033, 34.6400753 ] } },
{ "type": "Feature", "properties": { "内容": "認知症高齢者グループホームＭボヌール【認知症対応型共同生活介護】兵庫県神戸市垂水区名谷町字平ノ垣内８７１－１", "url": "https://www.kaigokensaku.mhlw.go.jp/28/index.php?action_kouhyou_detail_004_kani=true&JigyosyoCd=2890800168-00&ServiceCd=320&Type=search", "url2": "http://m-bonh.jp" }, "geometry": { "type": "Point", "coordinates": [ 135.070006, 34.6526354 ] } },
{ "type": "Feature", "properties": { "内容": "まんてん堂グループホームたるみ神陵台【認知症対応型共同生活介護】兵庫県神戸市垂水区南多聞台３丁目２番２号", "url": "https://www.kaigokensaku.mhlw.go.jp/28/index.php?action_kouhyou_detail_004_kani=true&JigyosyoCd=2890800184-00&ServiceCd=320&Type=search", "url2": "http://www.manten.org/service/facility01.html#anchor01" }, "geometry": { "type": "Point", "coordinates": [ 135.034683800000039, 34.6532014 ] } },
{ "type": "Feature", "properties": { "内容": "まんてん堂グループホームたるみ中道【認知症対応型共同生活介護】兵庫県神戸市垂水区中道６丁目１番８号", "url": "https://www.kaigokensaku.mhlw.go.jp/28/index.php?action_kouhyou_detail_004_kani=true&JigyosyoCd=2890800226-00&ServiceCd=320&Type=search", "url2": "http://www.manten.org/service/facility01.html#anchor01" }, "geometry": { "type": "Point", "coordinates": [ 135.0618905, 34.6339237 ] } },
{ "type": "Feature", "properties": { "内容": "まんてん堂グループホームたるみ塩屋【認知症対応型共同生活介護】兵庫県神戸市垂水区塩屋町1-6-31", "url": "https://www.kaigokensaku.mhlw.go.jp/28/index.php?action_kouhyou_detail_004_kani=true&JigyosyoCd=2890800325-00&ServiceCd=320&Type=search", "url2": "http://www.manten.org/service/facility01.html#anchor01" }, "geometry": { "type": "Point", "coordinates": [ 135.077003200000036, 34.6316406 ] } },
{ "type": "Feature", "properties": { "内容": "グループホームたのしい家西舞子【認知症対応型共同生活介護】兵庫県神戸市垂水区西舞子7-30-16", "url": "https://www.kaigokensaku.mhlw.go.jp/28/index.php?action_kouhyou_detail_004_kani=true&JigyosyoCd=2890800333-00&ServiceCd=320&Type=search", "url2": null }, "geometry": { "type": "Point", "coordinates": [ 135.0279372, 34.6460715 ] } },
{ "type": "Feature", "properties": { "内容": "ニチイケアセンター神戸霞ヶ丘【認知症対応型共同生活介護】兵庫県神戸市垂水区歌敷山1丁目1-46", "url": "https://www.kaigokensaku.mhlw.go.jp/28/index.php?action_kouhyou_detail_004_kani=true&JigyosyoCd=2890800358-00&ServiceCd=320&Type=search", "url2": "hstQ59@nichigakkan.co.jp" }, "geometry": { "type": "Point", "coordinates": [ 135.042627337048344, 34.63437633592946 ] } },
{ "type": "Feature", "properties": { "内容": "グループホームあったか家族【認知症対応型共同生活介護】兵庫県神戸市垂水区舞子坂3丁目16-10", "url": "https://www.kaigokensaku.mhlw.go.jp/28/index.php?action_kouhyou_detail_004_kani=true&JigyosyoCd=2890800382-00&ServiceCd=320&Type=search", "url2": "https://hitomarukai.or.jp/attaka/" }, "geometry": { "type": "Point", "coordinates": [ 135.031520199999932, 34.6475297 ] } },
{ "type": "Feature", "properties": { "内容": "フェニックス塩屋北町グループホーム【認知症対応型共同生活介護】塩屋北町2-24-18", "url": "https://www.kaigokensaku.mhlw.go.jp/28/index.php?action_kouhyou_detail_004_kani=true&JigyosyoCd=2890800390-00&ServiceCd=320&Type=search", "url2": "www.ikkoukai.jp/" }, "geometry": { "type": "Point", "coordinates": [ 135.085574100000031, 34.6490608 ] } },
{ "type": "Feature", "properties": { "内容": "グループホームチューリップ【認知症対応型共同生活介護】舞子台2-9-13", "url": "https://www.kaigokensaku.mhlw.go.jp/28/index.php?action_kouhyou_detail_004_kani=true&JigyosyoCd=2890800432-00&ServiceCd=320&Type=search", "url2": "https://welfarekobe.wixsite.com/mysite/blank-2" }, "geometry": { "type": "Point", "coordinates": [ 135.032589700000017, 34.6358478 ] } },
{ "type": "Feature", "properties": { "内容": "グループホームまんてんたるみ東【認知症対応型共同生活介護】神戸市垂水区美山台2-8-2", "url": "https://www.kaigokensaku.mhlw.go.jp/28/index.php?action_kouhyou_detail_004_kani=true&JigyosyoCd=2890800507-00&ServiceCd=320&Type=search", "url2": "http://www.sankei-kai.or.jp/manten-tarumi/" }, "geometry": { "type": "Point", "coordinates": [ 135.069179, 34.6411542 ] } },
{ "type": "Feature", "properties": { "内容": "ココ・ラクシア垂水【認知症対応型共同生活介護】神戸市垂水区千鳥が丘3丁目10番50号ココ・ラクシア垂水", "url": "https://www.kaigokensaku.mhlw.go.jp/28/index.php?action_kouhyou_detail_004_kani=true&JigyosyoCd=2890800564-00&ServiceCd=320&Type=search", "url2": null }, "geometry": { "type": "Point", "coordinates": [ 135.0592394, 34.643363600000015 ] } },
{ "type": "Feature", "properties": { "内容": "くつろぎの家エルフ・本多聞【認知症対応型共同生活介護】兵庫県神戸市垂水区本多聞1丁目13", "url": "https://www.kaigokensaku.mhlw.go.jp/28/index.php?action_kouhyou_detail_004_kani=true&JigyosyoCd=2890800648-00&ServiceCd=320&Type=search", "url2": null }, "geometry": { "type": "Point", "coordinates": [ 135.04023380000001, 34.6541106 ] } },
{ "type": "Feature", "properties": { "内容": "グループホームふるさと桜【認知症対応型共同生活介護】塩屋町6丁目38-15", "url": "https://www.kaigokensaku.mhlw.go.jp/28/index.php?action_kouhyou_detail_004_kani=true&JigyosyoCd=2890800267-00&ServiceCd=320&Type=search", "url2": "http://www.tokuyo-furusato.or.jp/" }, "geometry": { "type": "Point", "coordinates": [ 135.073708900000042, 34.6364484 ] } },
{ "type": "Feature", "properties": { "内容": "グループホーム希の丘【認知症対応型共同生活介護】兵庫県神戸市垂水区小束台868-1129", "url": "https://www.kaigokensaku.mhlw.go.jp/28/index.php?action_kouhyou_detail_004_kani=true&JigyosyoCd=2890800341-00&ServiceCd=320&Type=search", "url2": "http://midori-hp.or.jp/group-home-rare-hill/" }, "geometry": { "type": "Point", "coordinates": [ 135.052038399999986, 34.673795200000022 ] } },
{ "type": "Feature", "properties": { "内容": "名谷すみれホーム【認知症対応型共同生活介護】名谷町字高曽２２９８－１", "url": "https://www.kaigokensaku.mhlw.go.jp/28/index.php?action_kouhyou_detail_004_kani=true&JigyosyoCd=2870801186-00&ServiceCd=320&Type=search", "url2": null }, "geometry": { "type": "Point", "coordinates": [ 135.07702990000007, 34.6686585 ] } },
{ "type": "Feature", "properties": { "内容": "くつろぎの家エルフ・神陵台【認知症対応型共同生活介護】兵庫家神戸市垂水区西脇1丁目4-9-1くつろぎの家エルフ・神陵台", "url": "https://www.kaigokensaku.mhlw.go.jp/28/index.php?action_kouhyou_detail_004_kani=true&JigyosyoCd=2890800655-00&ServiceCd=320&Type=search", "url2": "http://www.elfkaigo.co.jp/tsurumi/" }, "geometry": { "type": "Point", "coordinates": [ 135.0375057, 34.6545056 ] } },
{ "type": "Feature", "properties": { "内容": "グループホーム　ハートフル多聞台【認知症対応型共同生活介護】兵庫県神戸市垂水区多聞台4丁目12番9号", "url": "https://www.kaigokensaku.mhlw.go.jp/28/index.php?action_kouhyou_detail_004_kani=true&JigyosyoCd=2890800770-00&ServiceCd=320&Type=search", "url2": null }, "geometry": { "type": "Point", "coordinates": [ 135.0438196, 34.6616626 ] } },
{ "type": "Feature", "properties": { "内容": "グループホームたのしい家垂水【認知症対応型共同生活介護】兵庫県神戸市垂水区大町2丁目2-6", "url": "https://www.kaigokensaku.mhlw.go.jp/28/index.php?action_kouhyou_detail_004_kani=true&JigyosyoCd=2890800424-00&ServiceCd=320&Type=search", "url2": null }, "geometry": { "type": "Point", "coordinates": [ 135.0603457, 34.6366432 ] } },
{ "type": "Feature", "properties": { "内容": "大池サンホーム・グループホーム大池【認知症対応型共同生活介護】兵庫県神戸市北区山田町上谷上字ヤンゲン３番地", "url": "https://www.kaigokensaku.mhlw.go.jp/28/index.php?action_kouhyou_detail_004_kani=true&JigyosyoCd=2875000776-00&ServiceCd=320&Type=search", "url2": "http://www.ooikesunhome.com/" }, "geometry": { "type": "Point", "coordinates": [ 135.193768099999943, 34.776864299999986 ] } },
{ "type": "Feature", "properties": { "内容": "グループホーム　ももの花【認知症対応型共同生活介護】神戸市北区有野中町3丁目9番9号", "url": "https://www.kaigokensaku.mhlw.go.jp/28/index.php?action_kouhyou_detail_004_kani=true&JigyosyoCd=2875000792-00&ServiceCd=320&Type=search", "url2": "http://www.keishuukai.com/momo/" }, "geometry": { "type": "Point", "coordinates": [ 135.22760859999994, 34.8308811 ] } },
{ "type": "Feature", "properties": { "内容": "グループホーム　さくらの家【認知症対応型共同生活介護】兵庫県神戸市北区八多町中1367番地", "url": "https://www.kaigokensaku.mhlw.go.jp/28/index.php?action_kouhyou_detail_004_kani=true&JigyosyoCd=2875001204-00&ServiceCd=320&Type=search", "url2": null }, "geometry": { "type": "Point", "coordinates": [ 135.216118300000062, 34.8483906 ] } },
{ "type": "Feature", "properties": { "内容": "カルム箕谷【認知症対応型共同生活介護】神戸市北区山田町下谷上字かんじゃ７番３号", "url": "https://www.kaigokensaku.mhlw.go.jp/28/index.php?action_kouhyou_detail_004_kani=true&JigyosyoCd=2875001501-00&ServiceCd=320&Type=search", "url2": "http://www.jyowakai.or.jp/nagomi/" }, "geometry": { "type": "Point", "coordinates": [ 135.153799700000036, 34.761927 ] } },
{ "type": "Feature", "properties": { "内容": "モンファミーユ北六甲【認知症対応型共同生活介護】谷上南町29番3号", "url": "https://www.kaigokensaku.mhlw.go.jp/28/index.php?action_kouhyou_detail_004_kani=true&JigyosyoCd=2895000012-00&ServiceCd=320&Type=search", "url2": "https://seihoukai-grp.jp/facility_post/kitarokko" }, "geometry": { "type": "Point", "coordinates": [ 135.174625699999979, 34.7619048 ] } },
{ "type": "Feature", "properties": { "内容": "医療法人社団六心会　グループホームこころ【認知症対応型共同生活介護】神戸市北区道場町日下部字林ヶ鼻1853番地", "url": "https://www.kaigokensaku.mhlw.go.jp/28/index.php?action_kouhyou_detail_004_kani=true&JigyosyoCd=2895000111-00&ServiceCd=320&Type=search", "url2": "http://kanoko-hp.jp/" }, "geometry": { "type": "Point", "coordinates": [ 135.223676325621426, 34.854502709714446 ] } },
{ "type": "Feature", "properties": { "内容": "ニチイケアセンター神戸松宮台【認知症対応型共同生活介護】兵庫県神戸市北区松宮台2丁目1-3", "url": "https://www.kaigokensaku.mhlw.go.jp/28/index.php?action_kouhyou_detail_004_kani=true&JigyosyoCd=2895000145-00&ServiceCd=320&Type=search", "url2": "http://ｗｗｗ．ｎｉｃｈｉｉｇａｋｋａｎ．ｃｏ．ｊｐ" }, "geometry": { "type": "Point", "coordinates": [ 135.14587819999997, 34.7341495 ] } },
{ "type": "Feature", "properties": { "内容": "グループホームあかね雲大池山荘【認知症対応型共同生活介護】兵庫県神戸市北区西大池1丁目32-1", "url": "https://www.kaigokensaku.mhlw.go.jp/28/index.php?action_kouhyou_detail_004_kani=true&JigyosyoCd=2895000293-00&ServiceCd=320&Type=search", "url2": null }, "geometry": { "type": "Point", "coordinates": [ 135.198578699999985, 34.7789003 ] } },
{ "type": "Feature", "properties": { "内容": "一般社団法人大空【認知症対応型共同生活介護】鈴蘭台西町1丁目16－15", "url": "https://www.kaigokensaku.mhlw.go.jp/28/index.php?action_kouhyou_detail_004_kani=true&JigyosyoCd=2895000327-00&ServiceCd=320&Type=search", "url2": null }, "geometry": { "type": "Point", "coordinates": [ 135.142609200000038, 34.7265754 ] } },
{ "type": "Feature", "properties": { "内容": "認知症高齢者グループホーム丘の風【認知症対応型共同生活介護】兵庫県神戸市北区西大池2丁目26－1", "url": "https://www.kaigokensaku.mhlw.go.jp/28/index.php?action_kouhyou_detail_004_kani=true&JigyosyoCd=2895000350-00&ServiceCd=320&Type=search", "url2": null }, "geometry": { "type": "Point", "coordinates": [ 135.194892491401674, 34.77199353620739 ] } },
{ "type": "Feature", "properties": { "内容": "夢うさぎ鈴蘭台【認知症対応型共同生活介護】神戸市北区鈴蘭台西町１丁目１６ー３", "url": "https://www.kaigokensaku.mhlw.go.jp/28/index.php?action_kouhyou_detail_004_kani=true&JigyosyoCd=2895000376-00&ServiceCd=320&Type=search", "url2": "http//www.koudai-care.co.jp/" }, "geometry": { "type": "Point", "coordinates": [ 135.143061799999941, 34.7262016 ] } },
{ "type": "Feature", "properties": { "内容": "有馬温泉郷グループホームくらく園【認知症対応型共同生活介護】神戸市北区有馬町字中ノ畑204番有馬温泉郷グループホームくらく園", "url": "https://www.kaigokensaku.mhlw.go.jp/28/index.php?action_kouhyou_detail_004_kani=true&JigyosyoCd=2895000038-00&ServiceCd=320&Type=search", "url2": "nfsk.jp" }, "geometry": { "type": "Point", "coordinates": [ 135.247556798811274, 34.801000049986136 ] } },
{ "type": "Feature", "properties": { "内容": "グループホームめぐみの丘III【認知症対応型共同生活介護】君影町6-7-14", "url": "https://www.kaigokensaku.mhlw.go.jp/28/index.php?action_kouhyou_detail_004_kani=true&JigyosyoCd=2875000917-00&ServiceCd=320&Type=search", "url2": "http//www3.ocn.ne.jp/~glory/" }, "geometry": { "type": "Point", "coordinates": [ 135.139337399999931, 34.7186568 ] } },
{ "type": "Feature", "properties": { "内容": "グループホームめぐみの丘5【認知症対応型共同生活介護】兵庫県神戸市北区山田町小部字法殿ノ下16－16", "url": "https://www.kaigokensaku.mhlw.go.jp/28/index.php?action_kouhyou_detail_004_kani=true&JigyosyoCd=2895000269-00&ServiceCd=320&Type=search", "url2": null }, "geometry": { "type": "Point", "coordinates": [ 135.159110330688463, 34.731107659145685 ] } },
{ "type": "Feature", "properties": { "内容": "グループホームまごころ【認知症対応型共同生活介護】有野町唐櫃24-5", "url": "https://www.kaigokensaku.mhlw.go.jp/28/index.php?action_kouhyou_detail_004_kani=true&JigyosyoCd=2895000335-00&ServiceCd=320&Type=search", "url2": "https://www.ikeikai.or.jp/magokoro/" }, "geometry": { "type": "Point", "coordinates": [ 135.221434768300696, 34.798651422144395 ] } },
{ "type": "Feature", "properties": { "内容": "グループホーム愛　鈴蘭台【認知症対応型共同生活介護】兵庫県神戸市北区鈴蘭台東町４丁目5-34グループホーム愛　鈴蘭台", "url": "https://www.kaigokensaku.mhlw.go.jp/28/index.php?action_kouhyou_detail_004_kani=true&JigyosyoCd=2895000467-00&ServiceCd=320&Type=search", "url2": "https：//ai-home.goodplanning.co.jp" }, "geometry": { "type": "Point", "coordinates": [ 135.1478295, 34.7239523 ] } },
{ "type": "Feature", "properties": { "内容": "医療法人敬愛会ポートピアシルバーホーム【認知症対応型共同生活介護】兵庫県神戸市中央区港島中町五丁目2番地3", "url": "https://www.kaigokensaku.mhlw.go.jp/28/index.php?action_kouhyou_detail_004_kani=true&JigyosyoCd=2875101566-00&ServiceCd=320&Type=search", "url2": "http://www.keiai-kai.jp" }, "geometry": { "type": "Point", "coordinates": [ 135.209327300000041, 34.6632831 ] } },
{ "type": "Feature", "properties": { "内容": "グループホーム　あかね雲【認知症対応型共同生活介護】兵庫県神戸市中央区旭通2丁目9番5号", "url": "https://www.kaigokensaku.mhlw.go.jp/28/index.php?action_kouhyou_detail_004_kani=true&JigyosyoCd=2895100028-00&ServiceCd=320&Type=search", "url2": "http://akane-gumo.com" }, "geometry": { "type": "Point", "coordinates": [ 135.199405100000035, 34.6975489 ] } },
{ "type": "Feature", "properties": { "内容": "一般社団法人みそのホーム【認知症対応型共同生活介護】兵庫県神戸市中央区籠池通1-3-14", "url": "https://www.kaigokensaku.mhlw.go.jp/28/index.php?action_kouhyou_detail_004_kani=true&JigyosyoCd=2895100200-00&ServiceCd=320&Type=search", "url2": "misonohome.com" }, "geometry": { "type": "Point", "coordinates": [ 135.2104095, 34.7126495 ] } },
{ "type": "Feature", "properties": { "内容": "グループホーム　はたつか【認知症対応型共同生活介護】旗塚通6-2-6", "url": "https://www.kaigokensaku.mhlw.go.jp/28/index.php?action_kouhyou_detail_004_kani=true&JigyosyoCd=2895100036-00&ServiceCd=320&Type=search", "url2": null }, "geometry": { "type": "Point", "coordinates": [ 135.19944380000004, 34.7030428 ] } },
{ "type": "Feature", "properties": { "内容": "アクティブライフ神戸【認知症対応型共同生活介護】兵庫県神戸市中央区籠池通２丁目２－１０", "url": "https://www.kaigokensaku.mhlw.go.jp/28/index.php?action_kouhyou_detail_004_kani=true&JigyosyoCd=2875100873-00&ServiceCd=320&Type=search", "url2": "http://activelife.co.jp" }, "geometry": { "type": "Point", "coordinates": [ 135.209581599999979, 34.7114671 ] } },
{ "type": "Feature", "properties": { "内容": "グループホーム陽だまり【認知症対応型共同生活介護】兵庫県神戸市西区押部谷町福住628－190", "url": "https://www.kaigokensaku.mhlw.go.jp/28/index.php?action_kouhyou_detail_004_kani=true&JigyosyoCd=2875201143-00&ServiceCd=320&Type=search", "url2": "http://www.g-hidamari.jp" }, "geometry": { "type": "Point", "coordinates": [ 135.040099679262426, 34.75769860031113 ] } },
{ "type": "Feature", "properties": { "内容": "フェニックス月が丘ケアセンター【認知症対応型共同生活介護】兵庫県神戸市西区月が丘1丁目632番地14", "url": "https://www.kaigokensaku.mhlw.go.jp/28/index.php?action_kouhyou_detail_004_kani=true&JigyosyoCd=2895200190-00&ServiceCd=320&Type=search", "url2": "http://www.kobe-wako.jp/" }, "geometry": { "type": "Point", "coordinates": [ 135.050063899999941, 34.7562346 ] } },
{ "type": "Feature", "properties": { "内容": "グループホーム「ウッドランド」【認知症対応型共同生活介護】神戸市西区中野１丁目１－１", "url": "https://www.kaigokensaku.mhlw.go.jp/28/index.php?action_kouhyou_detail_004_kani=true&JigyosyoCd=2875201150-00&ServiceCd=320&Type=search", "url2": null }, "geometry": { "type": "Point", "coordinates": [ 134.975269684413206, 34.675929845280841 ] } },
{ "type": "Feature", "properties": { "内容": "グループホーム　レラティブ別府【認知症対応型共同生活介護】神戸市西区北別府５丁目31－4", "url": "https://www.kaigokensaku.mhlw.go.jp/28/index.php?action_kouhyou_detail_004_kani=true&JigyosyoCd=2875201192-00&ServiceCd=320&Type=search", "url2": "https://relative.co.jp/" }, "geometry": { "type": "Point", "coordinates": [ 135.012039491015685, 34.67663712063792 ] } },
{ "type": "Feature", "properties": { "内容": "グループホームふれあい神戸西【認知症対応型共同生活介護】神戸市西区水谷1丁目11-24", "url": "https://www.kaigokensaku.mhlw.go.jp/28/index.php?action_kouhyou_detail_004_kani=true&JigyosyoCd=2875201200-00&ServiceCd=320&Type=search", "url2": "https://www.heartcaregroup.co.jp" }, "geometry": { "type": "Point", "coordinates": [ 135.00211754047541, 34.67987311846499 ] } },
{ "type": "Feature", "properties": { "内容": "グループホーム　ありあけ【認知症対応型共同生活介護】兵庫県神戸市西区水谷１丁目１１番２１号グループホームありあけ", "url": "https://www.kaigokensaku.mhlw.go.jp/28/index.php?action_kouhyou_detail_004_kani=true&JigyosyoCd=2875201259-00&ServiceCd=320&Type=search", "url2": "https://akebono-ariake.amebaownd.com/" }, "geometry": { "type": "Point", "coordinates": [ 135.001825199999985, 34.6796618 ] } },
{ "type": "Feature", "properties": { "内容": "白水すみれホーム【認知症対応型共同生活介護】神戸市西区和井取１３－８", "url": "https://www.kaigokensaku.mhlw.go.jp/28/index.php?action_kouhyou_detail_004_kani=true&JigyosyoCd=2875201275-00&ServiceCd=320&Type=search", "url2": "http://www.sumire.or.jp/shiramizu/index.html" }, "geometry": { "type": "Point", "coordinates": [ 135.001894799999945, 34.6756317 ] } },
{ "type": "Feature", "properties": { "内容": "西神中央グループホーム【認知症対応型共同生活介護】神戸市西区竹の台六丁目４番地の２", "url": "https://www.kaigokensaku.mhlw.go.jp/28/index.php?action_kouhyou_detail_004_kani=true&JigyosyoCd=2875201317-00&ServiceCd=320&Type=search", "url2": null }, "geometry": { "type": "Point", "coordinates": [ 135.015292300000027, 34.7189301 ] } },
{ "type": "Feature", "properties": { "内容": "グループホーム　さくら【認知症対応型共同生活介護】前開南町2-13-6", "url": "https://www.kaigokensaku.mhlw.go.jp/28/index.php?action_kouhyou_detail_004_kani=true&JigyosyoCd=2875201499-00&ServiceCd=320&Type=search", "url2": "https://welfarekobe.wixsite.com/mysite/blank-10" }, "geometry": { "type": "Point", "coordinates": [ 135.044693266270428, 34.686842275003009 ] } },
{ "type": "Feature", "properties": { "内容": "グループホームＣＨＩＡＫＩほおずき神戸伊川谷【認知症対応型共同生活介護】神戸市西区伊川谷町有瀬２８２", "url": "https://www.kaigokensaku.mhlw.go.jp/28/index.php?action_kouhyou_detail_004_kani=true&JigyosyoCd=2875201507-00&ServiceCd=320&Type=search", "url2": "http://www.chiaki-hozuki.co.jp" }, "geometry": { "type": "Point", "coordinates": [ 135.035275299999967, 34.6683801 ] } },
{ "type": "Feature", "properties": { "内容": "医療法人八十嶋病院　グループホーム花の風【認知症対応型共同生活介護】伊川谷町有瀬556-1", "url": "https://www.kaigokensaku.mhlw.go.jp/28/index.php?action_kouhyou_detail_004_kani=true&JigyosyoCd=2875201705-00&ServiceCd=320&Type=search", "url2": null }, "geometry": { "type": "Point", "coordinates": [ 135.02465959999995, 34.6656107 ] } },
{ "type": "Feature", "properties": { "内容": "グループホームつつじの丘【認知症対応型共同生活介護】神戸市西区岩岡町岩岡654-284", "url": "https://www.kaigokensaku.mhlw.go.jp/28/index.php?action_kouhyou_detail_004_kani=true&JigyosyoCd=2875201861-00&ServiceCd=320&Type=search", "url2": "https://teneikai.com" }, "geometry": { "type": "Point", "coordinates": [ 134.94785150000007, 34.7146467 ] } },
{ "type": "Feature", "properties": { "内容": "グループホームCHIAKIほおずき神戸玉津【認知症対応型共同生活介護】神戸市西区二ツ屋2-15-6", "url": "https://www.kaigokensaku.mhlw.go.jp/28/index.php?action_kouhyou_detail_004_kani=true&JigyosyoCd=2895200083-00&ServiceCd=320&Type=search", "url2": "http://www.chiaki-hozuki.co.jp/" }, "geometry": { "type": "Point", "coordinates": [ 134.989592100655386, 34.682235541941822 ] } },
{ "type": "Feature", "properties": { "内容": "エルダービレッジグループホーム【認知症対応型共同生活介護】兵庫県神戸市西区櫨谷町福谷８８２番", "url": "https://www.kaigokensaku.mhlw.go.jp/28/index.php?action_kouhyou_detail_004_kani=true&JigyosyoCd=2895200117-00&ServiceCd=320&Type=search", "url2": "https://www.asunaro-grp.jp/dementia-index/" }, "geometry": { "type": "Point", "coordinates": [ 135.033042526458757, 34.728174186898102 ] } },
{ "type": "Feature", "properties": { "内容": "よしだ内科診療所グループホーム【認知症対応型共同生活介護】兵庫県神戸市西区春日台3丁目3－12", "url": "https://www.kaigokensaku.mhlw.go.jp/28/index.php?action_kouhyou_detail_004_kani=true&JigyosyoCd=2895200166-00&ServiceCd=320&Type=search", "url2": "http://www.yoshidanaika.com/original13.html" }, "geometry": { "type": "Point", "coordinates": [ 134.997099358860709, 34.707337835699363 ] } },
{ "type": "Feature", "properties": { "内容": "グループホームたのしい家伊川谷有瀬【認知症対応型共同生活介護】兵庫県神戸市西区伊川谷町有瀬860番地の1", "url": "https://www.kaigokensaku.mhlw.go.jp/28/index.php?action_kouhyou_detail_004_kani=true&JigyosyoCd=2895200240-00&ServiceCd=320&Type=search", "url2": null }, "geometry": { "type": "Point", "coordinates": [ 135.0194749, 34.6591218 ] } },
{ "type": "Feature", "properties": { "内容": "グループホーム　ハートケア水谷【認知症対応型共同生活介護】神戸市西区水谷2丁目4-17", "url": "https://www.kaigokensaku.mhlw.go.jp/28/index.php?action_kouhyou_detail_004_kani=true&JigyosyoCd=2895200257-00&ServiceCd=320&Type=search", "url2": "https://www.heartcaregroup.co.jp" }, "geometry": { "type": "Point", "coordinates": [ 134.996117726485636, 34.677613076211266 ] } },
{ "type": "Feature", "properties": { "内容": "グループホーム　ソラスト神戸白水【認知症対応型共同生活介護】兵庫県神戸市西区和井取3-12", "url": "https://www.kaigokensaku.mhlw.go.jp/28/index.php?action_kouhyou_detail_004_kani=true&JigyosyoCd=2895200281-00&ServiceCd=320&Type=search", "url2": "https://solasto-kaigo.com/care/area/solastokobeshiramizu.html" }, "geometry": { "type": "Point", "coordinates": [ 135.000482, 34.673570500000018 ] } },
{ "type": "Feature", "properties": { "内容": "幼老の郷グループホームおっこう山【認知症対応型共同生活介護】兵庫県神戸市西区神出町五百蔵字大東142番地453", "url": "https://www.kaigokensaku.mhlw.go.jp/28/index.php?action_kouhyou_detail_004_kani=true&JigyosyoCd=2895200406-00&ServiceCd=320&Type=search", "url2": "https://okkouyama-fukushikai.or.jp/gh-okkouyama/" }, "geometry": { "type": "Point", "coordinates": [ 135.021564754631044, 34.761284059103403 ] } },
{ "type": "Feature", "properties": { "内容": "グループホーム　ハートケア有瀬【認知症対応型共同生活介護】伊川谷町有瀬1595", "url": "https://www.kaigokensaku.mhlw.go.jp/28/index.php?action_kouhyou_detail_004_kani=true&JigyosyoCd=2895200430-00&ServiceCd=320&Type=search", "url2": "https://www.heartcaregroup.co.jp" }, "geometry": { "type": "Point", "coordinates": [ 135.009962239881105, 34.663374836827664 ] } },
{ "type": "Feature", "properties": { "内容": "モンファミーユ伊川谷【認知症対応型共同生活介護】兵庫県神戸市西区伊川谷町有瀬230-17", "url": "https://www.kaigokensaku.mhlw.go.jp/28/index.php?action_kouhyou_detail_004_kani=true&JigyosyoCd=2895200471-00&ServiceCd=320&Type=search", "url2": "http://seihoukai.com" }, "geometry": { "type": "Point", "coordinates": [ 135.030312400000014, 34.6612434 ] } },
{ "type": "Feature", "properties": { "内容": "グループホームたのしい家伊川谷潤和【認知症対応型共同生活介護】兵庫県神戸市西区伊川谷町潤和874-2", "url": "https://www.kaigokensaku.mhlw.go.jp/28/index.php?action_kouhyou_detail_004_kani=true&JigyosyoCd=2895200497-00&ServiceCd=320&Type=search", "url2": null }, "geometry": { "type": "Point", "coordinates": [ 134.994479399999989, 34.6655036 ] } },
{ "type": "Feature", "properties": { "内容": "グループホーム華【認知症対応型共同生活介護】兵庫県神戸市西区玉津町高津橋520-1グループホーム華", "url": "https://www.kaigokensaku.mhlw.go.jp/28/index.php?action_kouhyou_detail_004_kani=true&JigyosyoCd=2895200505-00&ServiceCd=320&Type=search", "url2": null }, "geometry": { "type": "Point", "coordinates": [ 134.997272032392544, 34.677030475323207 ] } },
{ "type": "Feature", "properties": { "内容": "スマイルぜんかいグループホーム【認知症対応型共同生活介護】前開南町2丁目14-4スマイルぜんかい", "url": "https://www.kaigokensaku.mhlw.go.jp/28/index.php?action_kouhyou_detail_004_kani=true&JigyosyoCd=2895200265-00&ServiceCd=320&Type=search", "url2": "http：//www.s-zenkai.com" }, "geometry": { "type": "Point", "coordinates": [ 135.044190097622732, 34.686467771511609 ] } },
{ "type": "Feature", "properties": { "内容": "グループホーム　めぐみの丘【認知症対応型共同生活介護】神戸市西区押部谷町福住602-5", "url": "https://www.kaigokensaku.mhlw.go.jp/28/index.php?action_kouhyou_detail_004_kani=true&JigyosyoCd=2875200541-00&ServiceCd=320&Type=search", "url2": "gloria@cocoa.ocn.ne.jp" }, "geometry": { "type": "Point", "coordinates": [ 135.038942600000041, 34.7576676 ] } },
{ "type": "Feature", "properties": { "内容": "グループホーム　パートナー伊川谷【認知症対応型共同生活介護】神戸市西区池上2丁目33-1", "url": "https://www.kaigokensaku.mhlw.go.jp/28/index.php?action_kouhyou_detail_004_kani=true&JigyosyoCd=2875201101-00&ServiceCd=320&Type=search", "url2": "http:www.gh-partner.co.jp/" }, "geometry": { "type": "Point", "coordinates": [ 135.025111412287231, 34.673806292813609 ] } },
{ "type": "Feature", "properties": { "内容": "グループホームめぐみの丘レガシィ福住629－206【認知症対応型共同生活介護】兵庫県神戸市西区押部谷町福住字北山628―206", "url": "https://www.kaigokensaku.mhlw.go.jp/28/index.php?action_kouhyou_detail_004_kani=true&JigyosyoCd=2895200315-00&ServiceCd=320&Type=search", "url2": null }, "geometry": { "type": "Point", "coordinates": [ 135.043200890424686, 34.757173759481923 ] } },
{ "type": "Feature", "properties": { "内容": "グループホームめぐみの丘プリウス【認知症対応型共同生活介護】押部谷町福住602－9", "url": "https://www.kaigokensaku.mhlw.go.jp/28/index.php?action_kouhyou_detail_004_kani=true&JigyosyoCd=2895200588-00&ServiceCd=320&Type=search", "url2": "https://www.gloria-prius.com/" }, "geometry": { "type": "Point", "coordinates": [ 135.038891373927328, 34.757936096539765 ] } },
{ "type": "Feature", "properties": { "内容": "そんぽの家ＧＨ神戸伊川谷【認知症対応型共同生活介護】兵庫県神戸市西区伊川谷町有瀬838-23", "url": "https://www.kaigokensaku.mhlw.go.jp/28/index.php?action_kouhyou_detail_004_kani=true&JigyosyoCd=2875200921-00&ServiceCd=320&Type=search", "url2": "https://www.sompocare.com/" }, "geometry": { "type": "Point", "coordinates": [ 135.0209604010156, 34.659335632197809 ] } },
{ "type": "Feature", "properties": { "内容": "グループホーム　けやきの家【認知症対応型共同生活介護】伊川谷町潤和1355-8", "url": "https://www.kaigokensaku.mhlw.go.jp/28/index.php?action_kouhyou_detail_004_kani=true&JigyosyoCd=2875201119-00&ServiceCd=320&Type=search", "url2": null }, "geometry": { "type": "Point", "coordinates": [ 135.005836199999976, 34.6587611 ] } },
{ "type": "Feature", "properties": { "内容": "グループホーム　千手荘【認知症対応型共同生活介護】姫路市夢前町宮置819番地", "url": "https://www.kaigokensaku.mhlw.go.jp/28/index.php?action_kouhyou_detail_004_kani=true&JigyosyoCd=2873500165-00&ServiceCd=320&Type=search", "url2": null }, "geometry": { "type": "Point", "coordinates": [ 134.674651199999971, 34.9167374 ] } },
{ "type": "Feature", "properties": { "内容": "株式会社ニチイ学館　ニチイケアセンター英賀保【認知症対応型共同生活介護】飾磨区英賀清水町１丁目３８番", "url": "https://www.kaigokensaku.mhlw.go.jp/28/index.php?action_kouhyou_detail_004_kani=true&JigyosyoCd=2894000518-00&ServiceCd=320&Type=search", "url2": "：http：//ｗｗｗ．ｎｉｃｈｉｉｇａｋｋａｎ．ｃｏ．ｊｐ" }, "geometry": { "type": "Point", "coordinates": [ 134.645162199999959, 34.8093106 ] } },
{ "type": "Feature", "properties": { "内容": "グループホームサンライフ西庄【認知症対応型共同生活介護】姫路市西庄甲87番1", "url": "https://www.kaigokensaku.mhlw.go.jp/28/index.php?action_kouhyou_detail_004_kani=true&JigyosyoCd=2894000906-00&ServiceCd=320&Type=search", "url2": "https://sasayurikai.or.jp/" }, "geometry": { "type": "Point", "coordinates": [ 134.671322, 34.829836600000043 ] } },
{ "type": "Feature", "properties": { "内容": "社会福祉法人　姫路社会福祉事業協会　グループホームつむぎ【認知症対応型共同生活介護】兵庫県姫路市林田町林谷585番地1", "url": "https://www.kaigokensaku.mhlw.go.jp/28/index.php?action_kouhyou_detail_004_kani=true&JigyosyoCd=2894000724-00&ServiceCd=320&Type=search", "url2": "care@skyblue.ocn.ne.jp" }, "geometry": { "type": "Point", "coordinates": [ 134.58379560000003, 34.9032745 ] } },
{ "type": "Feature", "properties": { "内容": "グループホーム群れ咲き【認知症対応型共同生活介護】兵庫県姫路市四郷町東阿保1201番地1", "url": "https://www.kaigokensaku.mhlw.go.jp/28/index.php?action_kouhyou_detail_004_kani=true&JigyosyoCd=2894000773-00&ServiceCd=320&Type=search", "url2": "http://www.syousikai.jp" }, "geometry": { "type": "Point", "coordinates": [ 134.702173300000027, 34.8103219 ] } },
{ "type": "Feature", "properties": { "内容": "グループホームサザンツリー【認知症対応型共同生活介護】兵庫県姫路市飾西３３０番地", "url": "https://www.kaigokensaku.mhlw.go.jp/28/index.php?action_kouhyou_detail_004_kani=true&JigyosyoCd=2894000088-00&ServiceCd=320&Type=search", "url2": "https://www.southern-tree.jp/" }, "geometry": { "type": "Point", "coordinates": [ 134.641088699999955, 34.8627072 ] } },
{ "type": "Feature", "properties": { "内容": "グループホームネバーランド【認知症対応型共同生活介護】兵庫県姫路布船津町5271-20", "url": "https://www.kaigokensaku.mhlw.go.jp/28/index.php?action_kouhyou_detail_004_kani=true&JigyosyoCd=2894000534-00&ServiceCd=320&Type=search", "url2": "https://www.neverland.or.jp/" }, "geometry": { "type": "Point", "coordinates": [ 134.7641562, 34.9099835 ] } },
{ "type": "Feature", "properties": { "内容": "みのりグループホーム城陽【認知症対応型共同生活介護】兵庫県姫路市北条梅原町50番地プレゼンスビル１階", "url": "https://www.kaigokensaku.mhlw.go.jp/28/index.php?action_kouhyou_detail_004_kani=true&JigyosyoCd=2894000484-00&ServiceCd=320&Type=search", "url2": null }, "geometry": { "type": "Point", "coordinates": [ 134.696746100000041, 34.8131549 ] } },
{ "type": "Feature", "properties": { "内容": "グループホームなごみ【認知症対応型共同生活介護】兵庫県姫路市飾磨区今在家2丁目27番地", "url": "https://www.kaigokensaku.mhlw.go.jp/28/index.php?action_kouhyou_detail_004_kani=true&JigyosyoCd=2894001292-00&ServiceCd=320&Type=search", "url2": "https://kaigo-nagomi.p-kit.com/" }, "geometry": { "type": "Point", "coordinates": [ 134.655578273016317, 34.800673828023406 ] } },
{ "type": "Feature", "properties": { "内容": "グループホームあじさい【認知症対応型共同生活介護】兵庫県姫路市安富町植木野379-1", "url": "https://www.kaigokensaku.mhlw.go.jp/28/index.php?action_kouhyou_detail_004_kani=true&JigyosyoCd=2894001060-00&ServiceCd=320&Type=search", "url2": "htp://ajisai.or.jp" }, "geometry": { "type": "Point", "coordinates": [ 134.5882776, 34.9658218 ] } },
{ "type": "Feature", "properties": { "内容": "グループホームほたるの里【認知症対応型共同生活介護】姫路市安富町栃原620", "url": "https://www.kaigokensaku.mhlw.go.jp/28/index.php?action_kouhyou_detail_004_kani=true&JigyosyoCd=2894001086-00&ServiceCd=320&Type=search", "url2": "http://www.ajisai.or.jp/ajisai-gh-hotaru-01.html" }, "geometry": { "type": "Point", "coordinates": [ 134.6231138, 35.032662799999983 ] } },
{ "type": "Feature", "properties": { "内容": "グループホーム　アルモニー早瀬町【認知症対応型共同生活介護】兵庫県姫路市広畑区早瀬町２丁目４番1", "url": "https://www.kaigokensaku.mhlw.go.jp/28/index.php?action_kouhyou_detail_004_kani=true&JigyosyoCd=2894000385-00&ServiceCd=320&Type=search", "url2": "http://sachi-himeji.com" }, "geometry": { "type": "Point", "coordinates": [ 134.624944599999935, 34.806602 ] } },
{ "type": "Feature", "properties": { "内容": "あっぷるグループホーム姫路【認知症対応型共同生活介護】姫路市神屋町５丁目４８", "url": "https://www.kaigokensaku.mhlw.go.jp/28/index.php?action_kouhyou_detail_004_kani=true&JigyosyoCd=2894000278-00&ServiceCd=320&Type=search", "url2": "http://www.apple-117.jp/" }, "geometry": { "type": "Point", "coordinates": [ 134.701708899999971, 34.8298225 ] } },
{ "type": "Feature", "properties": { "内容": "姫路医療生協グループホームめが【認知症対応型共同生活介護】兵庫県姫路市飾磨区妻鹿278番地", "url": "https://www.kaigokensaku.mhlw.go.jp/28/index.php?action_kouhyou_detail_004_kani=true&JigyosyoCd=2894000393-00&ServiceCd=320&Type=search", "url2": "gh-mega＠himeji-mcoop.or.jp" }, "geometry": { "type": "Point", "coordinates": [ 134.696335399999953, 34.7952097 ] } },
{ "type": "Feature", "properties": { "内容": "グループホーム　ひだまり【認知症対応型共同生活介護】兵庫県姫路市白浜町甲４０２番地", "url": "https://www.kaigokensaku.mhlw.go.jp/28/index.php?action_kouhyou_detail_004_kani=true&JigyosyoCd=2874002229-00&ServiceCd=320&Type=search", "url2": "hidamari-g.co.jp/" }, "geometry": { "type": "Point", "coordinates": [ 134.70579280000004, 34.7823335 ] } },
{ "type": "Feature", "properties": { "内容": "グループホームCHIAKIほおずき姫路香寺【認知症対応型共同生活介護】香寺町中仁野２６８－１", "url": "https://www.kaigokensaku.mhlw.go.jp/28/index.php?action_kouhyou_detail_004_kani=true&JigyosyoCd=2873400853-00&ServiceCd=320&Type=search", "url2": "http://www.chiaki-hozuki.co.jp" }, "geometry": { "type": "Point", "coordinates": [ 134.738794399999961, 34.9086056 ] } },
{ "type": "Feature", "properties": { "内容": "グループホームＣＨＩＡＫＩほおずき姫路阿成【認知症対応型共同生活介護】飾磨区阿成鹿古４０７", "url": "https://www.kaigokensaku.mhlw.go.jp/28/index.php?action_kouhyou_detail_004_kani=true&JigyosyoCd=2874001783-00&ServiceCd=320&Type=search", "url2": "http://www.chiaki-hozuki.co.jp" }, "geometry": { "type": "Point", "coordinates": [ 134.686844699999938, 34.8033476 ] } },
{ "type": "Feature", "properties": { "内容": "グループホームCHIAKIほおずき姫路高岡【認知症対応型共同生活介護】山吹１－３－２５", "url": "https://www.kaigokensaku.mhlw.go.jp/28/index.php?action_kouhyou_detail_004_kani=true&JigyosyoCd=2874002278-00&ServiceCd=320&Type=search", "url2": "http://www.chiaki-hozuki.co.jp" }, "geometry": { "type": "Point", "coordinates": [ 134.6642647, 34.8543222 ] } },
{ "type": "Feature", "properties": { "内容": "グループホーム志深の苑【認知症対応型共同生活介護】兵庫県姫路市御国野町深志野1430番地", "url": "https://www.kaigokensaku.mhlw.go.jp/28/index.php?action_kouhyou_detail_004_kani=true&JigyosyoCd=2874001411-00&ServiceCd=320&Type=search", "url2": "http://sankoushi.or.jp/" }, "geometry": { "type": "Point", "coordinates": [ 134.752717399999938, 34.832648 ] } },
{ "type": "Feature", "properties": { "内容": "あっぷるグループホーム広畑【認知症対応型共同生活介護】兵庫県姫路市広畑区鶴町１丁目４１番地4", "url": "https://www.kaigokensaku.mhlw.go.jp/28/index.php?action_kouhyou_detail_004_kani=true&JigyosyoCd=2894000419-00&ServiceCd=320&Type=search", "url2": "http://www.apple-117.jp" }, "geometry": { "type": "Point", "coordinates": [ 134.63054618399201, 34.79434120529011 ] } },
{ "type": "Feature", "properties": { "内容": "グループホーム　ライフビラ姫路【認知症対応型共同生活介護】兵庫県姫路市飯田三丁目50番地1", "url": "https://www.kaigokensaku.mhlw.go.jp/28/index.php?action_kouhyou_detail_004_kani=true&JigyosyoCd=2894000559-00&ServiceCd=320&Type=search", "url2": "http://www.life-villa-himeji.jp/" }, "geometry": { "type": "Point", "coordinates": [ 134.673329, 34.8132659 ] } },
{ "type": "Feature", "properties": { "内容": "姫路・勝原ホーム認知症対応型共同生活介護【認知症対応型共同生活介護】勝原区下太田573", "url": "https://www.kaigokensaku.mhlw.go.jp/28/index.php?action_kouhyou_detail_004_kani=true&JigyosyoCd=2874001403-00&ServiceCd=320&Type=search", "url2": "www.katuhara.or.jp" }, "geometry": { "type": "Point", "coordinates": [ 134.595211599999971, 34.821712 ] } },
{ "type": "Feature", "properties": { "内容": "グループホーム花みずき【認知症対応型共同生活介護】兵庫県姫路市豊富町豊富915-2", "url": "https://www.kaigokensaku.mhlw.go.jp/28/index.php?action_kouhyou_detail_004_kani=true&JigyosyoCd=2874001619-00&ServiceCd=320&Type=search", "url2": "http://izumi-kokoro.com" }, "geometry": { "type": "Point", "coordinates": [ 134.750701899999967, 34.8938156 ] } },
{ "type": "Feature", "properties": { "内容": "あゆみ愛グループホーム【認知症対応型共同生活介護】姫路市網干区浜田95-1", "url": "https://www.kaigokensaku.mhlw.go.jp/28/index.php?action_kouhyou_detail_004_kani=true&JigyosyoCd=2894000286-00&ServiceCd=320&Type=search", "url2": "https://ayumiai.net/index" }, "geometry": { "type": "Point", "coordinates": [ 134.578634599999987, 34.779822 ] } },
{ "type": "Feature", "properties": { "内容": "グループホームさくら伊伝居【認知症対応型共同生活介護】兵庫県姫路市伊伝居450番地の７", "url": "https://www.kaigokensaku.mhlw.go.jp/28/index.php?action_kouhyou_detail_004_kani=true&JigyosyoCd=2894000757-00&ServiceCd=320&Type=search", "url2": "https://sakuracare-s.jp/grouphome_sakura_idei/" }, "geometry": { "type": "Point", "coordinates": [ 134.703530300000011, 34.8507149 ] } },
{ "type": "Feature", "properties": { "内容": "グループホームサンホーム青山【認知症対応型共同生活介護】兵庫県姫路市青山西2-17-11", "url": "https://www.kaigokensaku.mhlw.go.jp/28/index.php?action_kouhyou_detail_004_kani=true&JigyosyoCd=2894000823-00&ServiceCd=320&Type=search", "url2": null }, "geometry": { "type": "Point", "coordinates": [ 134.630135700000011, 34.8436185 ] } },
{ "type": "Feature", "properties": { "内容": "グループホームつくし朝日【認知症対応型共同生活介護】兵庫県姫路市網干区和久107番地5", "url": "https://www.kaigokensaku.mhlw.go.jp/28/index.php?action_kouhyou_detail_004_kani=true&JigyosyoCd=2894001268-00&ServiceCd=320&Type=search", "url2": "http://weterna.co.jp" }, "geometry": { "type": "Point", "coordinates": [ 134.584720516255146, 34.810637196263805 ] } },
{ "type": "Feature", "properties": { "内容": "グループホームつくし網干【認知症対応型共同生活介護】兵庫県姫路市余部区下余部262-2", "url": "https://www.kaigokensaku.mhlw.go.jp/28/index.php?action_kouhyou_detail_004_kani=true&JigyosyoCd=2894000831-00&ServiceCd=320&Type=search", "url2": "http://weterna.co.jp/" }, "geometry": { "type": "Point", "coordinates": [ 134.578103300000066, 34.7974666 ] } },
{ "type": "Feature", "properties": { "内容": "あっぷるグループホームあぼし【認知症対応型共同生活介護】兵庫県姫路市網干区垣内南町2038番地", "url": "https://www.kaigokensaku.mhlw.go.jp/28/index.php?action_kouhyou_detail_004_kani=true&JigyosyoCd=2894001383-00&ServiceCd=320&Type=search", "url2": "https://www.apple-117.jp" }, "geometry": { "type": "Point", "coordinates": [ 134.587168776860011, 34.788841233011375 ] } },
{ "type": "Feature", "properties": { "内容": "姫路ケアセンターそよ風【認知症対応型共同生活介護】姫路市神田町4丁目15番地", "url": "https://www.kaigokensaku.mhlw.go.jp/28/index.php?action_kouhyou_detail_004_kani=true&JigyosyoCd=2874003805-00&ServiceCd=320&Type=search", "url2": "http://www.sykz.co.jp/" }, "geometry": { "type": "Point", "coordinates": [ 134.6777697, 34.8314026 ] } },
{ "type": "Feature", "properties": { "内容": "グループホームソラストそよか姫路【認知症対応型共同生活介護】兵庫県姫路市大津区勘兵衛町１丁目26番", "url": "https://www.kaigokensaku.mhlw.go.jp/28/index.php?action_kouhyou_detail_004_kani=true&JigyosyoCd=2894001243-00&ServiceCd=320&Type=search", "url2": "http://www.solasto.co.jp" }, "geometry": { "type": "Point", "coordinates": [ 134.615804800000035, 34.790793 ] } },
{ "type": "Feature", "properties": { "内容": "グループホームいやさか【認知症対応型共同生活介護】兵庫県姫路市木場1429-127", "url": "https://www.kaigokensaku.mhlw.go.jp/28/index.php?action_kouhyou_detail_004_kani=true&JigyosyoCd=2894000641-00&ServiceCd=320&Type=search", "url2": "https://iyasakaen.jp/" }, "geometry": { "type": "Point", "coordinates": [ 134.726199900000012, 34.7774632 ] } },
{ "type": "Feature", "properties": { "内容": "グル-プホ-ム　みろくの里【認知症対応型共同生活介護】兵庫県姫路市花田町加納原田145-7", "url": "https://www.kaigokensaku.mhlw.go.jp/28/index.php?action_kouhyou_detail_004_kani=true&JigyosyoCd=2874001080-00&ServiceCd=320&Type=search", "url2": "http://www.honkakuji-gr.com" }, "geometry": { "type": "Point", "coordinates": [ 134.723731300000054, 34.8295814 ] } },
{ "type": "Feature", "properties": { "内容": "愛の家グループホーム姫路下手野【認知症対応型共同生活介護】姫路市下手野４丁目７番１２号", "url": "https://www.kaigokensaku.mhlw.go.jp/28/index.php?action_kouhyou_detail_004_kani=true&JigyosyoCd=2894001151-00&ServiceCd=320&Type=search", "url2": "https://mcs-ainoie.com/search/hyogo/himejishi/gh278/" }, "geometry": { "type": "Point", "coordinates": [ 134.6496955, 34.8505288 ] } },
{ "type": "Feature", "properties": { "内容": "グループホームさくら野里【認知症対応型共同生活介護】兵庫県　姫路市　野里４３４－１", "url": "https://www.kaigokensaku.mhlw.go.jp/28/index.php?action_kouhyou_detail_004_kani=true&JigyosyoCd=2874001817-00&ServiceCd=320&Type=search", "url2": "sakuranozato@aroma.ocn.ne.jp" }, "geometry": { "type": "Point", "coordinates": [ 134.707660600000054, 34.840416 ] } },
{ "type": "Feature", "properties": { "内容": "グループホームうさぎ【認知症対応型共同生活介護】東山５７７", "url": "https://www.kaigokensaku.mhlw.go.jp/28/index.php?action_kouhyou_detail_004_kani=true&JigyosyoCd=2894000468-00&ServiceCd=320&Type=search", "url2": "http;//www.taishukai.jp" }, "geometry": { "type": "Point", "coordinates": [ 134.725368500000059, 34.7859749 ] } },
{ "type": "Feature", "properties": { "内容": "けあビジョンホーム姫路夢前【認知症対応型共同生活介護】兵庫県姫路市夢前町前之庄1032-1", "url": "https://www.kaigokensaku.mhlw.go.jp/28/index.php?action_kouhyou_detail_004_kani=true&JigyosyoCd=2894000955-00&ServiceCd=320&Type=search", "url2": null }, "geometry": { "type": "Point", "coordinates": [ 134.691516295198085, 34.963889461933434 ] } },
{ "type": "Feature", "properties": { "内容": "グループホームひだまりの郷大島五番館【認知症対応型共同生活介護】兵庫県尼崎市道意町４丁目33-2", "url": "https://www.kaigokensaku.mhlw.go.jp/28/index.php?action_kouhyou_detail_004_kani=true&JigyosyoCd=2893001186-00&ServiceCd=320&Type=search", "url2": null }, "geometry": { "type": "Point", "coordinates": [ 135.394719900000013, 34.7169924 ] } },
{ "type": "Feature", "properties": { "内容": "医療法人社団輝正会　グループホームはたなか【認知症対応型共同生活介護】尼崎市大庄西町１丁目１０－１５", "url": "https://www.kaigokensaku.mhlw.go.jp/28/index.php?action_kouhyou_detail_004_kani=true&JigyosyoCd=2893000154-00&ServiceCd=320&Type=search", "url2": "http://www.hatanakaseikei.com" }, "geometry": { "type": "Point", "coordinates": [ 135.3880117, 34.7181986 ] } },
{ "type": "Feature", "properties": { "内容": "グループホームサンプラザやすらぎ【認知症対応型共同生活介護】兵庫県尼崎市蓬川町３３１－４サンプラザやすらぎ", "url": "https://www.kaigokensaku.mhlw.go.jp/28/index.php?action_kouhyou_detail_004_kani=true&JigyosyoCd=2873002014-00&ServiceCd=320&Type=search", "url2": null }, "geometry": { "type": "Point", "coordinates": [ 135.399404799999957, 34.7189683 ] } },
{ "type": "Feature", "properties": { "内容": "グループホーム「春日の家」【認知症対応型共同生活介護】尼崎市田能5－10－25春日苑　北館", "url": "https://www.kaigokensaku.mhlw.go.jp/28/index.php?action_kouhyou_detail_004_kani=true&JigyosyoCd=2873003061-00&ServiceCd=320&Type=search", "url2": null }, "geometry": { "type": "Point", "coordinates": [ 135.4298751, 34.7683666 ] } },
{ "type": "Feature", "properties": { "内容": "丸尾グループホーム「なごみ苑」【認知症対応型共同生活介護】水堂町３丁目１６－８", "url": "https://www.kaigokensaku.mhlw.go.jp/28/index.php?action_kouhyou_detail_004_kani=true&JigyosyoCd=2873003079-00&ServiceCd=320&Type=search", "url2": "http://nagomien.co.jp" }, "geometry": { "type": "Point", "coordinates": [ 135.393218700000034, 34.7436603 ] } },
{ "type": "Feature", "properties": { "内容": "グループホームここから尼崎小田【認知症対応型共同生活介護】西川2丁目37-3", "url": "https://www.kaigokensaku.mhlw.go.jp/28/index.php?action_kouhyou_detail_004_kani=true&JigyosyoCd=2893000147-00&ServiceCd=320&Type=search", "url2": "www.cocokaragp.com/amagasakioda/" }, "geometry": { "type": "Point", "coordinates": [ 135.441767, 34.7361064 ] } },
{ "type": "Feature", "properties": { "内容": "グループホームこころあい武庫之荘【認知症対応型共同生活介護】南武庫之荘８丁目１７番２８号", "url": "https://www.kaigokensaku.mhlw.go.jp/28/index.php?action_kouhyou_detail_004_kani=true&JigyosyoCd=2893000162-00&ServiceCd=320&Type=search", "url2": "http://www.g-field.co.jp" }, "geometry": { "type": "Point", "coordinates": [ 135.383972200000017, 34.7466766 ] } },
{ "type": "Feature", "properties": { "内容": "尼崎ケアセンターそよ風【認知症対応型共同生活介護】兵庫県尼崎市食満7-17-1", "url": "https://www.kaigokensaku.mhlw.go.jp/28/index.php?action_kouhyou_detail_004_kani=true&JigyosyoCd=2893000196-00&ServiceCd=320&Type=search", "url2": "http://www.unimat-rc..co.jp/" }, "geometry": { "type": "Point", "coordinates": [ 135.436444837434351, 34.757085980088256 ] } },
{ "type": "Feature", "properties": { "内容": "愛の家グループホーム尼崎武庫之荘【認知症対応型共同生活介護】兵庫県尼崎市武庫之荘東２丁目１９－３９", "url": "https://www.kaigokensaku.mhlw.go.jp/28/index.php?action_kouhyou_detail_004_kani=true&JigyosyoCd=2893000212-00&ServiceCd=320&Type=search", "url2": "https://mcs-ainoie.com/search/hyogo/amagasakishi/gh110/" }, "geometry": { "type": "Point", "coordinates": [ 135.397762199999988, 34.755276 ] } },
{ "type": "Feature", "properties": { "内容": "愛の家グループホーム尼崎尾浜町【認知症対応型共同生活介護】兵庫県尼崎市尾浜町3丁目25-1", "url": "https://www.kaigokensaku.mhlw.go.jp/28/index.php?action_kouhyou_detail_004_kani=true&JigyosyoCd=2893000329-00&ServiceCd=320&Type=search", "url2": "http://www.mcsg.co.jp" }, "geometry": { "type": "Point", "coordinates": [ 135.420790600000032, 34.7371395 ] } },
{ "type": "Feature", "properties": { "内容": "グループホームたのしい家園田【認知症対応型共同生活介護】兵庫県尼崎市東園田町九丁目15-7", "url": "https://www.kaigokensaku.mhlw.go.jp/28/index.php?action_kouhyou_detail_004_kani=true&JigyosyoCd=2893000352-00&ServiceCd=320&Type=search", "url2": null }, "geometry": { "type": "Point", "coordinates": [ 135.447086, 34.7512166 ] } },
{ "type": "Feature", "properties": { "内容": "グループホーム　たのしい家金楽寺【認知症対応型共同生活介護】兵庫県尼崎市金楽寺町二丁目6-4", "url": "https://www.kaigokensaku.mhlw.go.jp/28/index.php?action_kouhyou_detail_004_kani=true&JigyosyoCd=2893000436-00&ServiceCd=320&Type=search", "url2": null }, "geometry": { "type": "Point", "coordinates": [ 135.4279483, 34.7257422 ] } },
{ "type": "Feature", "properties": { "内容": "グループホームたのしい家出屋敷【認知症対応型共同生活介護】兵庫県尼崎市宮内町二丁目123-1", "url": "https://www.kaigokensaku.mhlw.go.jp/28/index.php?action_kouhyou_detail_004_kani=true&JigyosyoCd=2893000527-00&ServiceCd=320&Type=search", "url2": null }, "geometry": { "type": "Point", "coordinates": [ 135.403965, 34.7197462 ] } },
{ "type": "Feature", "properties": { "内容": "グループホームたのしい家武庫之荘【認知症対応型共同生活介護】兵庫県尼崎市武庫之荘5-13番12-2", "url": "https://www.kaigokensaku.mhlw.go.jp/28/index.php?action_kouhyou_detail_004_kani=true&JigyosyoCd=2893001004-00&ServiceCd=320&Type=search", "url2": null }, "geometry": { "type": "Point", "coordinates": [ 135.38648869325408, 34.758302037118881 ] } },
{ "type": "Feature", "properties": { "内容": "ライブラリ塚口Ⅰ【認知症対応型共同生活介護】兵庫県尼崎市南塚口町8丁目3-15", "url": "https://www.kaigokensaku.mhlw.go.jp/28/index.php?action_kouhyou_detail_004_kani=true&JigyosyoCd=2893001541-00&ServiceCd=320&Type=search", "url2": "https://care.living-platform.com/facility/96" }, "geometry": { "type": "Point", "coordinates": [ 135.4107828, 34.7517491 ] } },
{ "type": "Feature", "properties": { "内容": "ニチイケアセンター尼崎稲葉荘【認知症対応型共同生活介護】兵庫県尼崎市稲葉荘4-5-10", "url": "https://www.kaigokensaku.mhlw.go.jp/28/index.php?action_kouhyou_detail_004_kani=true&JigyosyoCd=2893000246-00&ServiceCd=320&Type=search", "url2": "http://www.nichiigakkan.co.jp" }, "geometry": { "type": "Point", "coordinates": [ 135.385464, 34.7382441 ] } },
{ "type": "Feature", "properties": { "内容": "グループホームほのぼの【認知症対応型共同生活介護】兵庫県尼崎市神田南通２丁目５０番", "url": "https://www.kaigokensaku.mhlw.go.jp/28/index.php?action_kouhyou_detail_004_kani=true&JigyosyoCd=2893000261-00&ServiceCd=320&Type=search", "url2": "http://honobono-gr．com/" }, "geometry": { "type": "Point", "coordinates": [ 135.40946740000004, 34.7207463 ] } },
{ "type": "Feature", "properties": { "内容": "尼崎市建家町68番地【認知症対応型共同生活介護】兵庫県尼崎市建家町68番地", "url": "https://www.kaigokensaku.mhlw.go.jp/28/index.php?action_kouhyou_detail_004_kani=true&JigyosyoCd=2893000444-00&ServiceCd=320&Type=search", "url2": "http：//honobono-gr.com/" }, "geometry": { "type": "Point", "coordinates": [ 135.410670100000061, 34.7197381 ] } },
{ "type": "Feature", "properties": { "内容": "グループホームあじさい【認知症対応型共同生活介護】武庫町1-29-18", "url": "https://www.kaigokensaku.mhlw.go.jp/28/index.php?action_kouhyou_detail_004_kani=true&JigyosyoCd=2893000873-00&ServiceCd=320&Type=search", "url2": null }, "geometry": { "type": "Point", "coordinates": [ 135.385519906745941, 34.752264041298687 ] } },
{ "type": "Feature", "properties": { "内容": "グループホームいなの家【認知症対応型共同生活介護】尼崎市食満2丁目２２番1号", "url": "https://www.kaigokensaku.mhlw.go.jp/28/index.php?action_kouhyou_detail_004_kani=true&JigyosyoCd=2873001487-00&ServiceCd=320&Type=search", "url2": "http://www.kirakuen.or.jp" }, "geometry": { "type": "Point", "coordinates": [ 135.430946453967294, 34.76315070603809 ] } },
{ "type": "Feature", "properties": { "内容": "次屋の郷　いな穂【認知症対応型共同生活介護】尼崎市次屋４丁目３－９", "url": "https://www.kaigokensaku.mhlw.go.jp/28/index.php?action_kouhyou_detail_004_kani=true&JigyosyoCd=2893000253-00&ServiceCd=320&Type=search", "url2": "http//www.kaigo-minori.jp" }, "geometry": { "type": "Point", "coordinates": [ 135.4427892, 34.7376507 ] } },
{ "type": "Feature", "properties": { "内容": "いなばの夢うさぎ【認知症対応型共同生活介護】兵庫県尼崎市稲葉元町2－14－1", "url": "https://www.kaigokensaku.mhlw.go.jp/28/index.php?action_kouhyou_detail_004_kani=true&JigyosyoCd=2893000295-00&ServiceCd=320&Type=search", "url2": "https://www.koudai-care.co.jp/" }, "geometry": { "type": "Point", "coordinates": [ 135.3881083, 34.7376913 ] } },
{ "type": "Feature", "properties": { "内容": "尼崎グループホームラガール【認知症対応型共同生活介護】兵庫県尼崎市大庄西町4-4-1", "url": "https://www.kaigokensaku.mhlw.go.jp/28/index.php?action_kouhyou_detail_004_kani=true&JigyosyoCd=2893001285-00&ServiceCd=320&Type=search", "url2": "http://ama-la.koudoukai.or.jp/" }, "geometry": { "type": "Point", "coordinates": [ 135.3896317, 34.7180599 ] } },
{ "type": "Feature", "properties": { "内容": "グループホームきらら尼崎武庫之荘【認知症対応型共同生活介護】兵庫県尼崎市武庫之荘本町3-12-23", "url": "https://www.kaigokensaku.mhlw.go.jp/28/index.php?action_kouhyou_detail_004_kani=true&JigyosyoCd=2893000816-00&ServiceCd=320&Type=search", "url2": "https://www.starts-care.jp/kirara_amagasakimukonoso/" }, "geometry": { "type": "Point", "coordinates": [ 135.398550099999966, 34.7607556 ] } },
{ "type": "Feature", "properties": { "内容": "愛・グループホーム尼崎武庫之荘【認知症対応型共同生活介護】武庫之荘本町3-18-19", "url": "https://www.kaigokensaku.mhlw.go.jp/28/index.php?action_kouhyou_detail_004_kani=true&JigyosyoCd=2893000535-00&ServiceCd=320&Type=search", "url2": "https://i-sogofukushi.com/" }, "geometry": { "type": "Point", "coordinates": [ 135.396492800000033, 34.7603505 ] } },
{ "type": "Feature", "properties": { "内容": "グループホームきらら尼崎園田【認知症対応型共同生活介護】瓦宮２－１０－４１", "url": "https://www.kaigokensaku.mhlw.go.jp/28/index.php?action_kouhyou_detail_004_kani=true&JigyosyoCd=2893000691-00&ServiceCd=320&Type=search", "url2": "https://www.starts-care.jp/" }, "geometry": { "type": "Point", "coordinates": [ 135.4392143, 34.7522877 ] } },
{ "type": "Feature", "properties": { "内容": "セントケアホーム尼崎【認知症対応型共同生活介護】兵庫県尼崎市杭瀬寺島1-4-48", "url": "https://www.kaigokensaku.mhlw.go.jp/28/index.php?action_kouhyou_detail_004_kani=true&JigyosyoCd=2893000089-00&ServiceCd=320&Type=search", "url2": "http://saint-care.com" }, "geometry": { "type": "Point", "coordinates": [ 135.443958400000014, 34.7200158 ] } },
{ "type": "Feature", "properties": { "内容": "清華苑　ポートピア【認知症対応型共同生活介護】明石市大久保町大窪５４４－１", "url": "https://www.kaigokensaku.mhlw.go.jp/28/index.php?action_kouhyou_detail_004_kani=true&JigyosyoCd=2892000171-00&ServiceCd=320&Type=search", "url2": "http://www.seikaen.jp" }, "geometry": { "type": "Point", "coordinates": [ 134.9418882, 34.6824861 ] } },
{ "type": "Feature", "properties": { "内容": "カサブランカグループホーム魚住【認知症対応型共同生活介護】明石市魚住町中尾221-1", "url": "https://www.kaigokensaku.mhlw.go.jp/28/index.php?action_kouhyou_detail_004_kani=true&JigyosyoCd=2892000155-00&ServiceCd=320&Type=search", "url2": "http://www.kaigo-casablanca.co.jp" }, "geometry": { "type": "Point", "coordinates": [ 134.904680800000051, 34.6844269 ] } },
{ "type": "Feature", "properties": { "内容": "まんてん堂グループホームあかし衣川【認知症対応型共同生活介護】兵庫県明石市田町２丁目１番１７号", "url": "https://www.kaigokensaku.mhlw.go.jp/28/index.php?action_kouhyou_detail_004_kani=true&JigyosyoCd=2892000189-00&ServiceCd=320&Type=search", "url2": "http://www.manten.org/service/facility01.html" }, "geometry": { "type": "Point", "coordinates": [ 134.978019200000062, 34.6469004 ] } },
{ "type": "Feature", "properties": { "内容": "グループホームハートケア明石【認知症対応型共同生活介護】明石市上ノ丸2丁目6-31", "url": "https://www.kaigokensaku.mhlw.go.jp/28/index.php?action_kouhyou_detail_004_kani=true&JigyosyoCd=2892000064-00&ServiceCd=320&Type=search", "url2": "https://www.heartcaregroup.co.jp" }, "geometry": { "type": "Point", "coordinates": [ 134.995728800000052, 34.6533335 ] } },
{ "type": "Feature", "properties": { "内容": "グループホームふれあい明石【認知症対応型共同生活介護】明石市松江75-2", "url": "https://www.kaigokensaku.mhlw.go.jp/28/index.php?action_kouhyou_detail_004_kani=true&JigyosyoCd=2892000080-00&ServiceCd=320&Type=search", "url2": "https://www.heartcaregroup.co.jp" }, "geometry": { "type": "Point", "coordinates": [ 134.960534400000029, 34.6510585 ] } },
{ "type": "Feature", "properties": { "内容": "まんてん堂グループホームあかし魚住東【認知症対応型共同生活介護】兵庫県明石市魚住町錦が丘3丁目4番地１３", "url": "https://www.kaigokensaku.mhlw.go.jp/28/index.php?action_kouhyou_detail_004_kani=true&JigyosyoCd=2892000239-00&ServiceCd=320&Type=search", "url2": "http://www.manten.org/service/facility01.html" }, "geometry": { "type": "Point", "coordinates": [ 134.909949500000039, 34.6949429 ] } },
{ "type": "Feature", "properties": { "内容": "まんてん堂グループホームあかし野々池【認知症対応型共同生活介護】兵庫県明石市小久保１丁目９番地の７", "url": "https://www.kaigokensaku.mhlw.go.jp/28/index.php?action_kouhyou_detail_004_kani=true&JigyosyoCd=2892000262-00&ServiceCd=320&Type=search", "url2": "http://www.manten.org/mantendou_categoy/mantendou_01_04" }, "geometry": { "type": "Point", "coordinates": [ 134.960750599999983, 34.6699045 ] } },
{ "type": "Feature", "properties": { "内容": "グループホームハートアルファ明石【認知症対応型共同生活介護】松江92番地", "url": "https://www.kaigokensaku.mhlw.go.jp/28/index.php?action_kouhyou_detail_004_kani=true&JigyosyoCd=2892000478-00&ServiceCd=320&Type=search", "url2": "https://www.heartcaregroup.co.jp" }, "geometry": { "type": "Point", "coordinates": [ 134.9596798, 34.6518483 ] } },
{ "type": "Feature", "properties": { "内容": "有限会社　前田ファミリーホーム【認知症対応型共同生活介護】兵庫県明石市大久保町森田132－5", "url": "https://www.kaigokensaku.mhlw.go.jp/28/index.php?action_kouhyou_detail_004_kani=true&JigyosyoCd=2892000551-00&ServiceCd=320&Type=search", "url2": null }, "geometry": { "type": "Point", "coordinates": [ 134.952087500000061, 34.675556 ] } },
{ "type": "Feature", "properties": { "内容": "カサブランカグループホーム八木【認知症対応型共同生活介護】明石市大久保町八木６４２－６", "url": "https://www.kaigokensaku.mhlw.go.jp/28/index.php?action_kouhyou_detail_004_kani=true&JigyosyoCd=2892000072-00&ServiceCd=320&Type=search", "url2": "http://kaigo-casablanca.co.jp/" }, "geometry": { "type": "Point", "coordinates": [ 134.927039599999944, 34.6761281 ] } },
{ "type": "Feature", "properties": { "内容": "グループホームＣＨＩＡＫＩほおずき明石西【認知症対応型共同生活介護】二見町東二見５７４－８", "url": "https://www.kaigokensaku.mhlw.go.jp/28/index.php?action_kouhyou_detail_004_kani=true&JigyosyoCd=2892000122-00&ServiceCd=320&Type=search", "url2": "http://www.chiaki-hozuki.co.jp" }, "geometry": { "type": "Point", "coordinates": [ 134.89189829999998, 34.7067225 ] } },
{ "type": "Feature", "properties": { "内容": "グループホーム　朝霧【認知症対応型共同生活介護】兵庫県明石市朝霧北町3777番地の87", "url": "https://www.kaigokensaku.mhlw.go.jp/28/index.php?action_kouhyou_detail_004_kani=true&JigyosyoCd=2892000205-00&ServiceCd=320&Type=search", "url2": "https://www.kindly-asagiri.jp/" }, "geometry": { "type": "Point", "coordinates": [ 135.020955042327842, 34.656383237944475 ] } },
{ "type": "Feature", "properties": { "内容": "グループホーム　ブリランテ明石【認知症対応型共同生活介護】北王子町13-41", "url": "https://www.kaigokensaku.mhlw.go.jp/28/index.php?action_kouhyou_detail_004_kani=true&JigyosyoCd=2892000247-00&ServiceCd=320&Type=search", "url2": "http://www.wga.or.jp/" }, "geometry": { "type": "Point", "coordinates": [ 134.983598867597948, 34.657780369344259 ] } },
{ "type": "Feature", "properties": { "内容": "明石グループホームラガール【認知症対応型共同生活介護】兵庫県明石市林崎３丁目553番地の7", "url": "https://www.kaigokensaku.mhlw.go.jp/28/index.php?action_kouhyou_detail_004_kani=true&JigyosyoCd=2892000734-00&ServiceCd=320&Type=search", "url2": "http://www.koudoukai.or.jp/akashi/" }, "geometry": { "type": "Point", "coordinates": [ 134.9625127, 34.6503087 ] } },
{ "type": "Feature", "properties": { "内容": "恵泉グループホーム【認知症対応型共同生活介護】兵庫県明石市大久保町大窪2813", "url": "https://www.kaigokensaku.mhlw.go.jp/28/index.php?action_kouhyou_detail_004_kani=true&JigyosyoCd=2872000779-00&ServiceCd=320&Type=search", "url2": "http://www.akashi-keisen.com/" }, "geometry": { "type": "Point", "coordinates": [ 134.946841543516513, 34.71147390813973 ] } },
{ "type": "Feature", "properties": { "内容": "ライフ明海　グループホーム【認知症対応型共同生活介護】兵庫県明石市藤江205-3", "url": "https://www.kaigokensaku.mhlw.go.jp/28/index.php?action_kouhyou_detail_004_kani=true&JigyosyoCd=2872000845-00&ServiceCd=320&Type=search", "url2": "http://www.meikai.or.jp" }, "geometry": { "type": "Point", "coordinates": [ 134.951054200000044, 34.6651297 ] } },
{ "type": "Feature", "properties": { "内容": "グループホームベルガーデン【認知症対応型共同生活介護】兵庫県明石市魚住町住吉４丁目6-14", "url": "https://www.kaigokensaku.mhlw.go.jp/28/index.php?action_kouhyou_detail_004_kani=true&JigyosyoCd=2892000908-00&ServiceCd=320&Type=search", "url2": "https://seirin-group.com" }, "geometry": { "type": "Point", "coordinates": [ 134.8959906, 34.6948034 ] } },
{ "type": "Feature", "properties": { "内容": "カサブランカグループホーム江井島【認知症対応型共同生活介護】明石市大久保町江井島209-1", "url": "https://www.kaigokensaku.mhlw.go.jp/28/index.php?action_kouhyou_detail_004_kani=true&JigyosyoCd=2892000353-00&ServiceCd=320&Type=search", "url2": "http://www.kaigo-casablanca.co.jp/" }, "geometry": { "type": "Point", "coordinates": [ 134.92009859999996, 34.6759002 ] } },
{ "type": "Feature", "properties": { "内容": "グループホーム　ブーフーウー【認知症対応型共同生活介護】兵庫県明石市二見町西二見１６０６番地グループホーム　ブーフーウー", "url": "https://www.kaigokensaku.mhlw.go.jp/28/index.php?action_kouhyou_detail_004_kani=true&JigyosyoCd=2872001595-00&ServiceCd=320&Type=search", "url2": "http://www.p-moon.or.jp" }, "geometry": { "type": "Point", "coordinates": [ 134.880127099999982, 34.7094694 ] } },
{ "type": "Feature", "properties": { "内容": "グループホームふれあい大久保南【認知症対応型共同生活介護】兵庫県明石市大久保町大久保町905-1", "url": "https://www.kaigokensaku.mhlw.go.jp/28/index.php?action_kouhyou_detail_004_kani=true&JigyosyoCd=2892000809-00&ServiceCd=320&Type=search", "url2": "https://www.heartcaregroup.co.jp/" }, "geometry": { "type": "Point", "coordinates": [ 134.945212622333457, 34.675574436649434 ] } },
{ "type": "Feature", "properties": { "内容": "千歳大久保【認知症対応型共同生活介護】兵庫県明石市大久保町八木654－3", "url": "https://www.kaigokensaku.mhlw.go.jp/28/index.php?action_kouhyou_detail_004_kani=true&JigyosyoCd=2892000890-00&ServiceCd=320&Type=search", "url2": "http://chitoseーkai.com" }, "geometry": { "type": "Point", "coordinates": [ 134.928345400000012, 34.6764644 ] } },
{ "type": "Feature", "properties": { "内容": "グループホーム　清華苑【認知症対応型共同生活介護】明石市大久保町江井島1648-5", "url": "https://www.kaigokensaku.mhlw.go.jp/28/index.php?action_kouhyou_detail_004_kani=true&JigyosyoCd=2872001710-00&ServiceCd=320&Type=search", "url2": "http://www.seikaen.jp" }, "geometry": { "type": "Point", "coordinates": [ 134.9295866, 34.6830219 ] } },
{ "type": "Feature", "properties": { "内容": "愛の家グループホーム明石大久保町茜【認知症対応型共同生活介護】大久保町茜3丁目11-1", "url": "https://www.kaigokensaku.mhlw.go.jp/28/index.php?action_kouhyou_detail_004_kani=true&JigyosyoCd=2892000528-00&ServiceCd=320&Type=search", "url2": "https://mcs-ainoie.com/search/hyogo/akashishi/gh272/" }, "geometry": { "type": "Point", "coordinates": [ 134.9357927, 34.6937231 ] } },
{ "type": "Feature", "properties": { "内容": "グループホーム　フレーゲ甲子園【認知症対応型共同生活介護】兵庫県西宮市鳴尾町２丁目２５番２２号", "url": "https://www.kaigokensaku.mhlw.go.jp/28/index.php?action_kouhyou_detail_004_kani=true&JigyosyoCd=2870901879-00&ServiceCd=320&Type=search", "url2": null }, "geometry": { "type": "Point", "coordinates": [ 135.3703367, 34.7139594 ] } },
{ "type": "Feature", "properties": { "内容": "萌花甲子園【認知症対応型共同生活介護】兵庫県西宮市甲子園六番町１４番２５号", "url": "https://www.kaigokensaku.mhlw.go.jp/28/index.php?action_kouhyou_detail_004_kani=true&JigyosyoCd=2890900224-00&ServiceCd=320&Type=search", "url2": null }, "geometry": { "type": "Point", "coordinates": [ 135.364087899999959, 34.7247561 ] } },
{ "type": "Feature", "properties": { "内容": "オリヴィエ東山【認知症対応型共同生活介護】兵庫県西宮市東山台1丁目5番地", "url": "https://www.kaigokensaku.mhlw.go.jp/28/index.php?action_kouhyou_detail_004_kani=true&JigyosyoCd=2890900406-00&ServiceCd=320&Type=search", "url2": "https://www.olivier.com.mx" }, "geometry": { "type": "Point", "coordinates": [ 135.312991099999977, 34.8284602 ] } },
{ "type": "Feature", "properties": { "内容": "グループホーム　ふるさとの家【認知症対応型共同生活介護】山口町船坂1825番-3", "url": "https://www.kaigokensaku.mhlw.go.jp/28/index.php?action_kouhyou_detail_004_kani=true&JigyosyoCd=2890900828-00&ServiceCd=320&Type=search", "url2": "https://furusato.rouken.jp/" }, "geometry": { "type": "Point", "coordinates": [ 135.287427900000012, 34.8027535 ] } },
{ "type": "Feature", "properties": { "内容": "グループホームノーマライ心の花西宮門前【認知症対応型共同生活介護】兵庫県西宮市門前町１１番２４号", "url": "https://www.kaigokensaku.mhlw.go.jp/28/index.php?action_kouhyou_detail_004_kani=true&JigyosyoCd=2870901135-00&ServiceCd=320&Type=search", "url2": "https://www.jcanvas.jp/" }, "geometry": { "type": "Point", "coordinates": [ 135.365387300000066, 34.7570586 ] } },
{ "type": "Feature", "properties": { "内容": "エコ西宮【認知症対応型共同生活介護】薬師町５－５０", "url": "https://www.kaigokensaku.mhlw.go.jp/28/index.php?action_kouhyou_detail_004_kani=true&JigyosyoCd=2870901473-00&ServiceCd=320&Type=search", "url2": null }, "geometry": { "type": "Point", "coordinates": [ 135.363890199999986, 34.7546616 ] } },
{ "type": "Feature", "properties": { "内容": "甲陽園すみれホーム【認知症対応型共同生活介護】神原１５－６５", "url": "https://www.kaigokensaku.mhlw.go.jp/28/index.php?action_kouhyou_detail_004_kani=true&JigyosyoCd=2870902091-00&ServiceCd=320&Type=search", "url2": "koyoen-sumire0301@sunny.ocn.ne.jp" }, "geometry": { "type": "Point", "coordinates": [ 135.335783900000024, 34.7597246 ] } },
{ "type": "Feature", "properties": { "内容": "グループホーム　アネシス西宮【認知症対応型共同生活介護】西宮市柳本町8-7", "url": "https://www.kaigokensaku.mhlw.go.jp/28/index.php?action_kouhyou_detail_004_kani=true&JigyosyoCd=2870902174-00&ServiceCd=320&Type=search", "url2": "http://www.i-souseikai.jp/" }, "geometry": { "type": "Point", "coordinates": [ 135.343619600000011, 34.7478676 ] } },
{ "type": "Feature", "properties": { "内容": "グループホームみどりの風【認知症対応型共同生活介護】西宮市大畑町２番１３号みどりの風", "url": "https://www.kaigokensaku.mhlw.go.jp/28/index.php?action_kouhyou_detail_004_kani=true&JigyosyoCd=2870902273-00&ServiceCd=320&Type=search", "url2": "http://midorinokaze.info/index.html" }, "geometry": { "type": "Point", "coordinates": [ 135.350978615344246, 34.747992216498375 ] } },
{ "type": "Feature", "properties": { "内容": "グループホーム　ソラスト西宮【認知症対応型共同生活介護】兵庫県西宮市本町2番13号", "url": "https://www.kaigokensaku.mhlw.go.jp/28/index.php?action_kouhyou_detail_004_kani=true&JigyosyoCd=2890900315-00&ServiceCd=320&Type=search", "url2": "https://solasto-kaigo.com/care/area/solastonishinomiya.html" }, "geometry": { "type": "Point", "coordinates": [ 135.342747599999939, 34.734163500000015 ] } },
{ "type": "Feature", "properties": { "内容": "神港園レインボー西宮【認知症対応型共同生活介護】兵庫県西宮市上田西町3-28", "url": "https://www.kaigokensaku.mhlw.go.jp/28/index.php?action_kouhyou_detail_004_kani=true&JigyosyoCd=2890900463-00&ServiceCd=320&Type=search", "url2": "https://www.shinkouen.or.jp/shisetsu/rainbow_nishinomiya.html" }, "geometry": { "type": "Point", "coordinates": [ 135.3705267, 34.7109169 ] } },
{ "type": "Feature", "properties": { "内容": "グループホーム西宮【認知症対応型共同生活介護】薬師町５－５０", "url": "https://www.kaigokensaku.mhlw.go.jp/28/index.php?action_kouhyou_detail_004_kani=true&JigyosyoCd=2890900554-00&ServiceCd=320&Type=search", "url2": "http://www.heartco.jp" }, "geometry": { "type": "Point", "coordinates": [ 135.3635265, 34.7545322 ] } },
{ "type": "Feature", "properties": { "内容": "グループホーム　リビングウィル西宮【認知症対応型共同生活介護】兵庫県西宮市櫨塚町5-46", "url": "https://www.kaigokensaku.mhlw.go.jp/28/index.php?action_kouhyou_detail_004_kani=true&JigyosyoCd=2890900653-00&ServiceCd=320&Type=search", "url2": null }, "geometry": { "type": "Point", "coordinates": [ 135.343669799999986, 34.7393454 ] } },
{ "type": "Feature", "properties": { "内容": "metoo西宮umi【認知症対応型共同生活介護】大森町10－21", "url": "https://www.kaigokensaku.mhlw.go.jp/28/index.php?action_kouhyou_detail_004_kani=true&JigyosyoCd=2890900802-00&ServiceCd=320&Type=search", "url2": "nomane.jp" }, "geometry": { "type": "Point", "coordinates": [ 135.367342, 34.749898 ] } },
{ "type": "Feature", "properties": { "内容": "サンサンケア門前【認知症対応型共同生活介護】兵庫県西宮市門前町10番32号", "url": "https://www.kaigokensaku.mhlw.go.jp/28/index.php?action_kouhyou_detail_004_kani=true&JigyosyoCd=2870901572-00&ServiceCd=320&Type=search", "url2": "https://www.global-walk.net/sansancaremonzen/" }, "geometry": { "type": "Point", "coordinates": [ 135.3645957, 34.7579835 ] } },
{ "type": "Feature", "properties": { "内容": "グループホーム西宮わたなべ【認知症対応型共同生活介護】兵庫県西宮市室川町11番18号", "url": "https://www.kaigokensaku.mhlw.go.jp/28/index.php?action_kouhyou_detail_004_kani=true&JigyosyoCd=2870901861-00&ServiceCd=320&Type=search", "url2": "http://n-watanabe-hosp.jp/" }, "geometry": { "type": "Point", "coordinates": [ 135.344419466270438, 34.744273084073974 ] } },
{ "type": "Feature", "properties": { "内容": "アクティブライフ夙川【認知症対応型共同生活介護】西宮市樋之池町１６－４", "url": "https://www.kaigokensaku.mhlw.go.jp/28/index.php?action_kouhyou_detail_004_kani=true&JigyosyoCd=2870900145-00&ServiceCd=320&Type=search", "url2": "www.activelife.co.jp/" }, "geometry": { "type": "Point", "coordinates": [ 135.318493564418077, 34.753088222479569 ] } },
{ "type": "Feature", "properties": { "内容": "グループホームあんだんて西宮五月ヶ丘【認知症対応型共同生活介護】西宮市五月ヶ丘12-9", "url": "https://www.kaigokensaku.mhlw.go.jp/28/index.php?action_kouhyou_detail_004_kani=true&JigyosyoCd=2870902406-00&ServiceCd=320&Type=search", "url2": null }, "geometry": { "type": "Point", "coordinates": [ 135.338410399999987, 34.7587565 ] } },
{ "type": "Feature", "properties": { "内容": "ほほえみの郷　シェア甲子園【認知症対応型共同生活介護】兵庫県西宮市甲子園浜田町４－９", "url": "https://www.kaigokensaku.mhlw.go.jp/28/index.php?action_kouhyou_detail_004_kani=true&JigyosyoCd=2890900083-00&ServiceCd=320&Type=search", "url2": null }, "geometry": { "type": "Point", "coordinates": [ 135.360257499999989, 34.7284114 ] } },
{ "type": "Feature", "properties": { "内容": "グループホーム　メヌエット【認知症対応型共同生活介護】西宮市浜脇町4-33", "url": "https://www.kaigokensaku.mhlw.go.jp/28/index.php?action_kouhyou_detail_004_kani=true&JigyosyoCd=2890900109-00&ServiceCd=320&Type=search", "url2": "http://www.kensei-fukushikai-minuet.jp/east/" }, "geometry": { "type": "Point", "coordinates": [ 135.338109199999963, 34.7316968 ] } },
{ "type": "Feature", "properties": { "内容": "西宮わたなべグループホームてまりの家【認知症対応型共同生活介護】兵庫県西宮市前浜町4番3号ハートケア西宮わたなべ福祉の郷", "url": "https://www.kaigokensaku.mhlw.go.jp/28/index.php?action_kouhyou_detail_004_kani=true&JigyosyoCd=2890900190-00&ServiceCd=320&Type=search", "url2": "http://www.n-watanabe-hosp.jp/heartcare/service/temari/about/" }, "geometry": { "type": "Point", "coordinates": [ 135.333279100000027, 34.727577600000025 ] } },
{ "type": "Feature", "properties": { "内容": "グループホームアクア西宮山口【認知症対応型共同生活介護】兵庫県西宮市山口町下山口5丁目2-16", "url": "https://www.kaigokensaku.mhlw.go.jp/28/index.php?action_kouhyou_detail_004_kani=true&JigyosyoCd=2890900562-00&ServiceCd=320&Type=search", "url2": "https://aquanishinomiya.amebaownd.com/" }, "geometry": { "type": "Point", "coordinates": [ 135.241737707409698, 34.829625106808564 ] } },
{ "type": "Feature", "properties": { "内容": "metoo西宮yama【認知症対応型共同生活介護】大森町10‐20", "url": "https://www.kaigokensaku.mhlw.go.jp/28/index.php?action_kouhyou_detail_004_kani=true&JigyosyoCd=2890900786-00&ServiceCd=320&Type=search", "url2": "https://www.arataka.co.jp/" }, "geometry": { "type": "Point", "coordinates": [ 135.367342, 34.749898 ] } },
{ "type": "Feature", "properties": { "内容": "エクセレント夙川東【認知症対応型共同生活介護】兵庫県西宮市中前田町2-3", "url": "https://www.kaigokensaku.mhlw.go.jp/28/index.php?action_kouhyou_detail_004_kani=true&JigyosyoCd=2890900893-00&ServiceCd=320&Type=search", "url2": "https://www.excare.co.jp/facility/03/syukugawa/" }, "geometry": { "type": "Point", "coordinates": [ 135.341836642922203, 34.742826566089633 ] } },
{ "type": "Feature", "properties": { "内容": "グループホームアリス甲子園【認知症対応型共同生活介護】兵庫県西宮市枝川町8-68", "url": "https://www.kaigokensaku.mhlw.go.jp/28/index.php?action_kouhyou_detail_004_kani=true&JigyosyoCd=2890900166-00&ServiceCd=320&Type=search", "url2": "http://www.toyonakafamily.jp/Koshien/" }, "geometry": { "type": "Point", "coordinates": [ 135.364471699999967, 34.7082323 ] } },
{ "type": "Feature", "properties": { "内容": "グループホーム　フローラ【認知症対応型共同生活介護】洲本市鮎屋字久シ原６３６番地", "url": "https://www.kaigokensaku.mhlw.go.jp/28/index.php?action_kouhyou_detail_004_kani=true&JigyosyoCd=2871500514-00&ServiceCd=320&Type=search", "url2": "www.mima-gh.jp/tanhou/flora.html" }, "geometry": { "type": "Point", "coordinates": [ 134.839786, 34.3144148 ] } },
{ "type": "Feature", "properties": { "内容": "洲本中川原グループホームラガール【認知症対応型共同生活介護】中川原町安坂988番地洲本ケアセンターラガール", "url": "https://www.kaigokensaku.mhlw.go.jp/28/index.php?action_kouhyou_detail_004_kani=true&JigyosyoCd=2891500163-00&ServiceCd=320&Type=search", "url2": "hpp://www.koudoukai.or.jp/sumoto/" }, "geometry": { "type": "Point", "coordinates": [ 134.865899399999989, 34.3569851 ] } },
{ "type": "Feature", "properties": { "内容": "グループホーム　いちごの家・加茂【認知症対応型共同生活介護】兵庫県洲本市桑間字松ケ本４９２", "url": "https://www.kaigokensaku.mhlw.go.jp/28/index.php?action_kouhyou_detail_004_kani=true&JigyosyoCd=2871500332-00&ServiceCd=320&Type=search", "url2": "http://www.awaji-itsuki.jp/" }, "geometry": { "type": "Point", "coordinates": [ 134.876548800000023, 34.3435033 ] } },
{ "type": "Feature", "properties": { "内容": "医療法人いちえ会　グループホーム　いちごの家・上物部【認知症対応型共同生活介護】兵庫県洲本市上物部９５１番地１", "url": "https://www.kaigokensaku.mhlw.go.jp/28/index.php?action_kouhyou_detail_004_kani=true&JigyosyoCd=2891500122-00&ServiceCd=320&Type=search", "url2": "http://www.ichie-fukushikai.or.jp/group/iryou/grouphome/" }, "geometry": { "type": "Point", "coordinates": [ 134.891495299999974, 34.3338604 ] } },
{ "type": "Feature", "properties": { "内容": "グループホーム　ひろいしの里【認知症対応型共同生活介護】兵庫県洲本市五色町広石上１１３", "url": "https://www.kaigokensaku.mhlw.go.jp/28/index.php?action_kouhyou_detail_004_kani=true&JigyosyoCd=2891500064-00&ServiceCd=320&Type=search", "url2": "http://www.hwc.or.jp/sumoto/index.html" }, "geometry": { "type": "Point", "coordinates": [ 134.800121399999966, 34.3786484 ] } },
{ "type": "Feature", "properties": { "内容": "グループホームLes芦屋【認知症対応型共同生活介護】兵庫県芦屋市川西町14-1", "url": "https://www.kaigokensaku.mhlw.go.jp/28/index.php?action_kouhyou_detail_004_kani=true&JigyosyoCd=2891000099-00&ServiceCd=320&Type=search", "url2": "http://www.chikusakai.jp/" }, "geometry": { "type": "Point", "coordinates": [ 135.304127099999988, 34.726954 ] } },
{ "type": "Feature", "properties": { "内容": "芦屋ケアセンターそよ風【認知症対応型共同生活介護】芦屋市松浜町13-18", "url": "https://www.kaigokensaku.mhlw.go.jp/28/index.php?action_kouhyou_detail_004_kani=true&JigyosyoCd=2871000473-00&ServiceCd=320&Type=search", "url2": "http://www.unimat-rc.co.jp/" }, "geometry": { "type": "Point", "coordinates": [ 135.307345400000031, 34.7211168 ] } },
{ "type": "Feature", "properties": { "内容": "metoo芦屋【認知症対応型共同生活介護】芦屋市打出町６番４号", "url": "https://www.kaigokensaku.mhlw.go.jp/28/index.php?action_kouhyou_detail_004_kani=true&JigyosyoCd=2891000057-00&ServiceCd=320&Type=search", "url2": "http://www.nomane.jp" }, "geometry": { "type": "Point", "coordinates": [ 135.321446700000024, 34.7326241 ] } },
{ "type": "Feature", "properties": { "内容": "アクティブライフ芦屋【認知症対応型共同生活介護】芦屋市岩園町１１－１５", "url": "https://www.kaigokensaku.mhlw.go.jp/28/index.php?action_kouhyou_detail_004_kani=true&JigyosyoCd=2871000457-00&ServiceCd=320&Type=search", "url2": "https//www.activelife.co.jp/" }, "geometry": { "type": "Point", "coordinates": [ 135.313533399999983, 34.7428232 ] } },
{ "type": "Feature", "properties": { "内容": "シニアライフコート潮芦屋　きぼう【認知症対応型共同生活介護】陽光町4-55", "url": "https://www.kaigokensaku.mhlw.go.jp/28/index.php?action_kouhyou_detail_004_kani=true&JigyosyoCd=2891000040-00&ServiceCd=320&Type=search", "url2": "http://medicare-planning.jp/seniorlifecourt/pc/index.php" }, "geometry": { "type": "Point", "coordinates": [ 135.3151669, 34.7137925 ] } },
{ "type": "Feature", "properties": { "内容": "グループホーム陽光苑【認知症対応型共同生活介護】兵庫県芦屋市陽光町3-75", "url": "https://www.kaigokensaku.mhlw.go.jp/28/index.php?action_kouhyou_detail_004_kani=true&JigyosyoCd=2891000065-00&ServiceCd=320&Type=search", "url2": "http://www.well-seikokai.jp" }, "geometry": { "type": "Point", "coordinates": [ 135.3128441, 34.7129277 ] } },
{ "type": "Feature", "properties": { "内容": "株式会社　　フィールド【認知症対応型共同生活介護】兵庫県芦屋市岩園町29-14こころあい芦屋", "url": "https://www.kaigokensaku.mhlw.go.jp/28/index.php?action_kouhyou_detail_004_kani=true&JigyosyoCd=2891000032-00&ServiceCd=320&Type=search", "url2": "ｈｔｔｐ//www.gh-field.ocm" }, "geometry": { "type": "Point", "coordinates": [ 135.3135499, 34.7470366 ] } },
{ "type": "Feature", "properties": { "内容": "グループホームみさき南野【認知症対応型共同生活介護】兵庫県伊丹市南野北1-12-11", "url": "https://www.kaigokensaku.mhlw.go.jp/28/index.php?action_kouhyou_detail_004_kani=true&JigyosyoCd=2893300109-00&ServiceCd=320&Type=search", "url2": "http://ｗｗｗ.ｍｉｓａｋｉ-ｋａｉｇｏ.ｃｏ.ｊｐ/" }, "geometry": { "type": "Point", "coordinates": [ 135.406444100000044, 34.7689802 ] } },
{ "type": "Feature", "properties": { "内容": "グループホーム　たのしい家伊丹堀池【認知症対応型共同生活介護】兵庫県伊丹市堀池二丁目5-10", "url": "https://www.kaigokensaku.mhlw.go.jp/28/index.php?action_kouhyou_detail_004_kani=true&JigyosyoCd=2893300315-00&ServiceCd=320&Type=search", "url2": null }, "geometry": { "type": "Point", "coordinates": [ 135.3968573, 34.7726681 ] } },
{ "type": "Feature", "properties": { "内容": "グループホーム令寿【認知症対応型共同生活介護】瑞穂町1-21", "url": "https://www.kaigokensaku.mhlw.go.jp/28/index.php?action_kouhyou_detail_004_kani=true&JigyosyoCd=2893300448-00&ServiceCd=320&Type=search", "url2": "http://senju-reiju.com/" }, "geometry": { "type": "Point", "coordinates": [ 130.4762958, 33.5337588 ] } },
{ "type": "Feature", "properties": { "内容": "グループホーム菩提樹の家【認知症対応型共同生活介護】兵庫県伊丹市中野西1丁目7-3", "url": "https://www.kaigokensaku.mhlw.go.jp/28/index.php?action_kouhyou_detail_004_kani=true&JigyosyoCd=2873300368-00&ServiceCd=320&Type=search", "url2": "https://www.asokaen.or.jp" }, "geometry": { "type": "Point", "coordinates": [ 135.388957770000587, 34.789401298366151 ] } },
{ "type": "Feature", "properties": { "内容": "グループホーム　ケアホーム伊丹【認知症対応型共同生活介護】伊丹市大野1-3-2", "url": "https://www.kaigokensaku.mhlw.go.jp/28/index.php?action_kouhyou_detail_004_kani=true&JigyosyoCd=2873300517-00&ServiceCd=320&Type=search", "url2": "http://carevilla.com/itami/" }, "geometry": { "type": "Point", "coordinates": [ 135.401058, 34.8046759 ] } },
{ "type": "Feature", "properties": { "内容": "グループホーム　千寿【認知症対応型共同生活介護】伊丹市千僧５－１３９", "url": "https://www.kaigokensaku.mhlw.go.jp/28/index.php?action_kouhyou_detail_004_kani=true&JigyosyoCd=2893300091-00&ServiceCd=320&Type=search", "url2": "https://www.senju-reiju.com/" }, "geometry": { "type": "Point", "coordinates": [ 135.404288599999973, 34.7830619 ] } },
{ "type": "Feature", "properties": { "内容": "ニチイケアセンターいたみ【認知症対応型共同生活介護】兵庫県伊丹市大野3丁目134番地", "url": "https://www.kaigokensaku.mhlw.go.jp/28/index.php?action_kouhyou_detail_004_kani=true&JigyosyoCd=2893300174-00&ServiceCd=320&Type=search", "url2": "www.nichiigakkan.co.jp" }, "geometry": { "type": "Point", "coordinates": [ 135.39598060000003, 34.8056814 ] } },
{ "type": "Feature", "properties": { "内容": "グループホームそら森本【認知症対応型共同生活介護】兵庫県伊丹市森本8‐66‐1", "url": "https://www.kaigokensaku.mhlw.go.jp/28/index.php?action_kouhyou_detail_004_kani=true&JigyosyoCd=2893300190-00&ServiceCd=320&Type=search", "url2": "http://www.caremind.co.jp" }, "geometry": { "type": "Point", "coordinates": [ 135.439670233482389, 34.777929316954875 ] } },
{ "type": "Feature", "properties": { "内容": "グループホームそら荒牧【認知症対応型共同生活介護】兵庫県伊丹市荒牧4-4-2グループホームそら荒牧", "url": "https://www.kaigokensaku.mhlw.go.jp/28/index.php?action_kouhyou_detail_004_kani=true&JigyosyoCd=2893300554-00&ServiceCd=320&Type=search", "url2": "https://www.caremind.co.jp/" }, "geometry": { "type": "Point", "coordinates": [ 135.381210188885518, 34.811605729891731 ] } },
{ "type": "Feature", "properties": { "内容": "ウェルフェアー伊丹　グループホーム【認知症対応型共同生活介護】伊丹市野間北５丁目7番20号", "url": "https://www.kaigokensaku.mhlw.go.jp/28/index.php?action_kouhyou_detail_004_kani=true&JigyosyoCd=2873300939-00&ServiceCd=320&Type=search", "url2": "http://www.wel-fare.co.jp/" }, "geometry": { "type": "Point", "coordinates": [ 135.3915098, 34.7681525 ] } },
{ "type": "Feature", "properties": { "内容": "ジェイエイ兵庫六甲福祉会　オアシス伊丹池尻グループホーム【認知症対応型共同生活介護】兵庫県伊丹市池尻６丁目１８６－１", "url": "https://www.kaigokensaku.mhlw.go.jp/28/index.php?action_kouhyou_detail_004_kani=true&JigyosyoCd=2893300224-00&ServiceCd=320&Type=search", "url2": "http://ja-oasis.com/" }, "geometry": { "type": "Point", "coordinates": [ 135.37862169999994, 34.7826449 ] } },
{ "type": "Feature", "properties": { "内容": "グループホーム　こころあい伊丹【認知症対応型共同生活介護】兵庫県伊丹市御願塚8丁目７－１０", "url": "https://www.kaigokensaku.mhlw.go.jp/28/index.php?action_kouhyou_detail_004_kani=true&JigyosyoCd=2893300117-00&ServiceCd=320&Type=search", "url2": "http://www.gh-field.com" }, "geometry": { "type": "Point", "coordinates": [ 135.410865899999976, 34.7661388 ] } },
{ "type": "Feature", "properties": { "内容": "グループホーム　みどり【認知症対応型共同生活介護】兵庫県相生市若狭野町雨内800-146", "url": "https://www.kaigokensaku.mhlw.go.jp/28/index.php?action_kouhyou_detail_004_kani=true&JigyosyoCd=2874200195-00&ServiceCd=320&Type=search", "url2": null }, "geometry": { "type": "Point", "coordinates": [ 134.419550837365023, 34.826517212600145 ] } },
{ "type": "Feature", "properties": { "内容": "グループホームこすもす倶楽部【認知症対応型共同生活介護】兵庫県相生市野瀬１３５６番地", "url": "https://www.kaigokensaku.mhlw.go.jp/28/index.php?action_kouhyou_detail_004_kani=true&JigyosyoCd=2874200252-00&ServiceCd=320&Type=search", "url2": "http://ja.cosmos2000.com/" }, "geometry": { "type": "Point", "coordinates": [ 134.483115600000019, 34.7881056 ] } },
{ "type": "Feature", "properties": { "内容": "グループホーム天馬【認知症対応型共同生活介護】兵庫県相生市旭３丁目２番１８号", "url": "https://www.kaigokensaku.mhlw.go.jp/28/index.php?action_kouhyou_detail_004_kani=true&JigyosyoCd=2894200027-00&ServiceCd=320&Type=search", "url2": "http://www11.ocn.ne.jp/~handahp/" }, "geometry": { "type": "Point", "coordinates": [ 134.470308560782627, 34.804389222874981 ] } },
{ "type": "Feature", "properties": { "内容": "グループホームこすもす倶楽部なばの【認知症対応型共同生活介護】兵庫県相生市那波野1丁目14番15号", "url": "https://www.kaigokensaku.mhlw.go.jp/28/index.php?action_kouhyou_detail_004_kani=true&JigyosyoCd=2894200076-00&ServiceCd=320&Type=search", "url2": "http://www.aioi-cosmos.com/" }, "geometry": { "type": "Point", "coordinates": [ 134.4934637, 34.8141973 ] } },
{ "type": "Feature", "properties": { "内容": "グループホームたんぽぽ那波の家【認知症対応型共同生活介護】兵庫県相生市那波大浜町24-23", "url": "https://www.kaigokensaku.mhlw.go.jp/28/index.php?action_kouhyou_detail_004_kani=true&JigyosyoCd=2894200084-00&ServiceCd=320&Type=search", "url2": null }, "geometry": { "type": "Point", "coordinates": [ 134.466433100000017, 34.8087055 ] } },
{ "type": "Feature", "properties": { "内容": "社会福祉法人みどり福祉会　認知症高齢者グループホームグリーン【認知症対応型共同生活介護】若狭野町入野５５４－１", "url": "https://www.kaigokensaku.mhlw.go.jp/28/index.php?action_kouhyou_detail_004_kani=true&JigyosyoCd=2874200237-00&ServiceCd=320&Type=search", "url2": "http://www.midori-fukushi.com/" }, "geometry": { "type": "Point", "coordinates": [ 134.444321, 34.8255924 ] } },
{ "type": "Feature", "properties": { "内容": "グループホームきのさき【認知症対応型共同生活介護】兵庫県豊岡市城崎町戸島714", "url": "https://www.kaigokensaku.mhlw.go.jp/28/index.php?action_kouhyou_detail_004_kani=true&JigyosyoCd=2874400480-00&ServiceCd=320&Type=search", "url2": null }, "geometry": { "type": "Point", "coordinates": [ 134.818250499999976, 35.6187673 ] } },
{ "type": "Feature", "properties": { "内容": "ニチイケアセンター豊岡の森【認知症対応型共同生活介護】兵庫県豊岡市九日市上町10番地", "url": "https://www.kaigokensaku.mhlw.go.jp/28/index.php?action_kouhyou_detail_004_kani=true&JigyosyoCd=2894400122-00&ServiceCd=320&Type=search", "url2": null }, "geometry": { "type": "Point", "coordinates": [ 134.817290500000013, 35.5247827 ] } },
{ "type": "Feature", "properties": { "内容": "グループホーム日高愛の園【認知症対応型共同生活介護】兵庫県豊岡市日高町栗山661", "url": "https://www.kaigokensaku.mhlw.go.jp/28/index.php?action_kouhyou_detail_004_kani=true&JigyosyoCd=2874400431-00&ServiceCd=320&Type=search", "url2": "http://www.izushi-ainosono.com" }, "geometry": { "type": "Point", "coordinates": [ 134.722137100000026, 35.4547646 ] } },
{ "type": "Feature", "properties": { "内容": "グループホーム　出石愛の園【認知症対応型共同生活介護】兵庫県豊岡市出石町福住1320", "url": "https://www.kaigokensaku.mhlw.go.jp/28/index.php?action_kouhyou_detail_004_kani=true&JigyosyoCd=2874600154-00&ServiceCd=320&Type=search", "url2": "https://www.izushi-ainosono.com" }, "geometry": { "type": "Point", "coordinates": [ 134.858709699999963, 35.4670623 ] } },
{ "type": "Feature", "properties": { "内容": "グループホームとよおかの里【認知症対応型共同生活介護】兵庫県豊岡市香住１２７２", "url": "https://www.kaigokensaku.mhlw.go.jp/28/index.php?action_kouhyou_detail_004_kani=true&JigyosyoCd=2874400308-00&ServiceCd=320&Type=search", "url2": "http://www.shotokukai-th.or.jp/" }, "geometry": { "type": "Point", "coordinates": [ 134.8590034, 35.5199561 ] } },
{ "type": "Feature", "properties": { "内容": "認知症高齢者グループホーム　楓の杜【認知症対応型共同生活介護】兵庫県豊岡市竹野町林600番地", "url": "https://www.kaigokensaku.mhlw.go.jp/28/index.php?action_kouhyou_detail_004_kani=true&JigyosyoCd=2894400056-00&ServiceCd=320&Type=search", "url2": "http://toyooka-saika.or.jp/" }, "geometry": { "type": "Point", "coordinates": [ 134.748297731352324, 35.598684285653363 ] } },
{ "type": "Feature", "properties": { "内容": "認知症高齢者グループホームアネシス【認知症対応型共同生活介護】出石町安良239-1", "url": "https://www.kaigokensaku.mhlw.go.jp/28/index.php?action_kouhyou_detail_004_kani=true&JigyosyoCd=2874400274-00&ServiceCd=320&Type=search", "url2": "http://www.shikavalley.jp/" }, "geometry": { "type": "Point", "coordinates": [ 134.852690611917069, 35.500531148642274 ] } },
{ "type": "Feature", "properties": { "内容": "認知症高齢者対応型共同生活介護　くりあん【認知症対応型共同生活介護】出石町安良239-1", "url": "https://www.kaigokensaku.mhlw.go.jp/28/index.php?action_kouhyou_detail_004_kani=true&JigyosyoCd=2874400498-00&ServiceCd=320&Type=search", "url2": "http://www.shikavalley.jp/" }, "geometry": { "type": "Point", "coordinates": [ 134.852677002567589, 35.500617502394164 ] } },
{ "type": "Feature", "properties": { "内容": "にしがき豊岡グループホーム【認知症対応型共同生活介護】兵庫県豊岡市若松町８－３３", "url": "https://www.kaigokensaku.mhlw.go.jp/28/index.php?action_kouhyou_detail_004_kani=true&JigyosyoCd=2894400106-00&ServiceCd=320&Type=search", "url2": "http://yumeyumelife.jp/" }, "geometry": { "type": "Point", "coordinates": [ 134.813623799999959, 35.5495026 ] } },
{ "type": "Feature", "properties": { "内容": "グループホーム　楽々むら【認知症対応型共同生活介護】兵庫県豊岡市城崎町楽々浦字深浦４１９－６", "url": "https://www.kaigokensaku.mhlw.go.jp/28/index.php?action_kouhyou_detail_004_kani=true&JigyosyoCd=2894400130-00&ServiceCd=320&Type=search", "url2": "www.amanoho.com" }, "geometry": { "type": "Point", "coordinates": [ 134.820155900000032, 35.6203616 ] } },
{ "type": "Feature", "properties": { "内容": "グループホームこころ【認知症対応型共同生活介護】豊岡市但東町中山679-1", "url": "https://www.kaigokensaku.mhlw.go.jp/28/index.php?action_kouhyou_detail_004_kani=true&JigyosyoCd=2874600188-00&ServiceCd=320&Type=search", "url2": "http://www.souseikai.jp/" }, "geometry": { "type": "Point", "coordinates": [ 134.995553200000018, 35.4943612 ] } },
{ "type": "Feature", "properties": { "内容": "グループホーム　ぴあ出石【認知症対応型共同生活介護】出石町福住317", "url": "https://www.kaigokensaku.mhlw.go.jp/28/index.php?action_kouhyou_detail_004_kani=true&JigyosyoCd=2894400155-00&ServiceCd=320&Type=search", "url2": "peerizushi@coral.plala.or.jp" }, "geometry": { "type": "Point", "coordinates": [ 134.864390299999968, 35.4593466 ] } },
{ "type": "Feature", "properties": { "内容": "グループホーム暖家【認知症対応型共同生活介護】城崎町今津７８７－１", "url": "https://www.kaigokensaku.mhlw.go.jp/28/index.php?action_kouhyou_detail_004_kani=true&JigyosyoCd=2894400064-00&ServiceCd=320&Type=search", "url2": "jimib-m86481@if-n.ne.jp" }, "geometry": { "type": "Point", "coordinates": [ 134.806657200000018, 35.6167617 ] } },
{ "type": "Feature", "properties": { "内容": "社会医療法人社団　順心会　グループホーム　しらぎくの家【認知症対応型共同生活介護】兵庫県加古川市野口町坂井字西ノ大町58-1", "url": "https://www.kaigokensaku.mhlw.go.jp/28/index.php?action_kouhyou_detail_004_kani=true&JigyosyoCd=2872201138-00&ServiceCd=320&Type=search", "url2": "http://www.junshin.or.jp" }, "geometry": { "type": "Point", "coordinates": [ 134.846494257394397, 34.738444351395167 ] } },
{ "type": "Feature", "properties": { "内容": "ニッケてとて加古川弐番館【認知症対応型共同生活介護】兵庫県加古川市加古川町本町239-1", "url": "https://www.kaigokensaku.mhlw.go.jp/28/index.php?action_kouhyou_detail_004_kani=true&JigyosyoCd=2892200706-00&ServiceCd=320&Type=search", "url2": "http://nikkecare.com/" }, "geometry": { "type": "Point", "coordinates": [ 134.82949833995059, 34.770311835548902 ] } },
{ "type": "Feature", "properties": { "内容": "あっぷるグループホーム加古川【認知症対応型共同生活介護】兵庫県加古川市尾上町養田160-1", "url": "https://www.kaigokensaku.mhlw.go.jp/28/index.php?action_kouhyou_detail_004_kani=true&JigyosyoCd=2892200672-00&ServiceCd=320&Type=search", "url2": "http://www.apple-117.jp/" }, "geometry": { "type": "Point", "coordinates": [ 134.8181863, 34.7523696 ] } },
{ "type": "Feature", "properties": { "内容": "医療法人社団　順心会　グループホーム　すずらんの家【認知症対応型共同生活介護】兵庫県加古川市神野町石守　１６５１－１０", "url": "https://www.kaigokensaku.mhlw.go.jp/28/index.php?action_kouhyou_detail_004_kani=true&JigyosyoCd=2892200151-00&ServiceCd=320&Type=search", "url2": "suzuran@junshin.or.jp" }, "geometry": { "type": "Point", "coordinates": [ 134.883411900000027, 34.7713545 ] } },
{ "type": "Feature", "properties": { "内容": "グループホームＣＨＩＡＫＩほおずき加古川【認知症対応型共同生活介護】加古川市加古川町稲屋８９０－４", "url": "https://www.kaigokensaku.mhlw.go.jp/28/index.php?action_kouhyou_detail_004_kani=true&JigyosyoCd=2872201039-00&ServiceCd=320&Type=search", "url2": "http://www.chiaki-hozuki.co.jp" }, "geometry": { "type": "Point", "coordinates": [ 134.815733099999989, 34.7623163 ] } },
{ "type": "Feature", "properties": { "内容": "グループホームくに林【認知症対応型共同生活介護】平荘町養老366-3", "url": "https://www.kaigokensaku.mhlw.go.jp/28/index.php?action_kouhyou_detail_004_kani=true&JigyosyoCd=2892200441-00&ServiceCd=320&Type=search", "url2": "http://www.bestwell.co.jp" }, "geometry": { "type": "Point", "coordinates": [ 134.865706331928408, 34.799838395364311 ] } },
{ "type": "Feature", "properties": { "内容": "せいりょう園グループホーム【認知症対応型共同生活介護】兵庫県加古川市野口町長砂90-1", "url": "https://www.kaigokensaku.mhlw.go.jp/28/index.php?action_kouhyou_detail_004_kani=true&JigyosyoCd=2872200619-00&ServiceCd=320&Type=search", "url2": "http://www.seiryoen.or.jp" }, "geometry": { "type": "Point", "coordinates": [ 134.849296200000026, 34.7496426 ] } },
{ "type": "Feature", "properties": { "内容": "ニッケてとて加古川【認知症対応型共同生活介護】兵庫県加古川市加古川町本町239-1", "url": "https://www.kaigokensaku.mhlw.go.jp/28/index.php?action_kouhyou_detail_004_kani=true&JigyosyoCd=2892200284-00&ServiceCd=320&Type=search", "url2": "http://nikkecare.com" }, "geometry": { "type": "Point", "coordinates": [ 134.8289565, 34.7698186 ] } },
{ "type": "Feature", "properties": { "内容": "グループホームにしむら【認知症対応型共同生活介護】兵庫県加古川市野口町水足1857", "url": "https://www.kaigokensaku.mhlw.go.jp/28/index.php?action_kouhyou_detail_004_kani=true&JigyosyoCd=2872201120-00&ServiceCd=320&Type=search", "url2": "http//:www.nishimura-clinc.jp/" }, "geometry": { "type": "Point", "coordinates": [ 134.8722464, 34.7657801 ] } },
{ "type": "Feature", "properties": { "内容": "グループホームはなたば【認知症対応型共同生活介護】兵庫県加古川市平岡町高畑１－１", "url": "https://www.kaigokensaku.mhlw.go.jp/28/index.php?action_kouhyou_detail_004_kani=true&JigyosyoCd=2872201468-00&ServiceCd=320&Type=search", "url2": "http://www.gurannharima.com/" }, "geometry": { "type": "Point", "coordinates": [ 134.879099399999973, 34.7304395 ] } },
{ "type": "Feature", "properties": { "内容": "せいりょう園グループホームまどか【認知症対応型共同生活介護】兵庫県加古川市野口町長砂1076", "url": "https://www.kaigokensaku.mhlw.go.jp/28/index.php?action_kouhyou_detail_004_kani=true&JigyosyoCd=2872200809-00&ServiceCd=320&Type=search", "url2": "www.seiryoen.or.jp" }, "geometry": { "type": "Point", "coordinates": [ 134.842666399999985, 34.7444792 ] } },
{ "type": "Feature", "properties": { "内容": "グループホームまんてん加古川【認知症対応型共同生活介護】西神吉町大国116-1", "url": "https://www.kaigokensaku.mhlw.go.jp/28/index.php?action_kouhyou_detail_004_kani=true&JigyosyoCd=2892200524-00&ServiceCd=320&Type=search", "url2": "http://www.manten.org/02_sankeikai/" }, "geometry": { "type": "Point", "coordinates": [ 134.816622200000012, 34.795565 ] } },
{ "type": "Feature", "properties": { "内容": "グループホーム　松ぼっくり【認知症対応型共同生活介護】兵庫県加古川市平岡町一色85-5", "url": "https://www.kaigokensaku.mhlw.go.jp/28/index.php?action_kouhyou_detail_004_kani=true&JigyosyoCd=2892200755-00&ServiceCd=320&Type=search", "url2": "https://shofukai.jp" }, "geometry": { "type": "Point", "coordinates": [ 134.852849099999986, 34.734000200000011 ] } },
{ "type": "Feature", "properties": { "内容": "グループホームしのべ【認知症対応型共同生活介護】兵庫県加古川市別府町新野辺2528", "url": "https://www.kaigokensaku.mhlw.go.jp/28/index.php?action_kouhyou_detail_004_kani=true&JigyosyoCd=2892200367-00&ServiceCd=320&Type=search", "url2": "https://hinode.or.jp//establishment/shinobenosato/" }, "geometry": { "type": "Point", "coordinates": [ 134.83963, 34.7293932 ] } },
{ "type": "Feature", "properties": { "内容": "みどり園【認知症対応型共同生活介護】兵庫県加古川市平岡町土山423-9みどり園", "url": "https://www.kaigokensaku.mhlw.go.jp/28/index.php?action_kouhyou_detail_004_kani=true&JigyosyoCd=2892200771-00&ServiceCd=320&Type=search", "url2": "https://www.taishifukushikai.org" }, "geometry": { "type": "Point", "coordinates": [ 134.896231, 34.7284607 ] } },
{ "type": "Feature", "properties": { "内容": "けあビジョンホーム加古川【認知症対応型共同生活介護】兵庫県加古川市志方町志方町1061-5", "url": "https://www.kaigokensaku.mhlw.go.jp/28/index.php?action_kouhyou_detail_004_kani=true&JigyosyoCd=2892200565-00&ServiceCd=320&Type=search", "url2": null }, "geometry": { "type": "Point", "coordinates": [ 134.821627004797477, 34.818859739359567 ] } },
{ "type": "Feature", "properties": { "内容": "けあビジョンホーム加古川南【認知症対応型共同生活介護】兵庫県加古川市志方町志方町1074-4", "url": "https://www.kaigokensaku.mhlw.go.jp/28/index.php?action_kouhyou_detail_004_kani=true&JigyosyoCd=2892200748-00&ServiceCd=320&Type=search", "url2": null }, "geometry": { "type": "Point", "coordinates": [ 134.821239291849082, 34.818113459778608 ] } },
{ "type": "Feature", "properties": { "内容": "けあビジョンホーム加古川西【認知症対応型共同生活介護】兵庫県加古川市志方町志方町1087-2", "url": "https://www.kaigokensaku.mhlw.go.jp/28/index.php?action_kouhyou_detail_004_kani=true&JigyosyoCd=2892200805-00&ServiceCd=320&Type=search", "url2": null }, "geometry": { "type": "Point", "coordinates": [ 134.82095188471925, 34.818132180183682 ] } },
{ "type": "Feature", "properties": { "内容": "愛の家グループホーム加古川尾上【認知症対応型共同生活介護】兵庫県加古川市尾上町池田1743", "url": "https://www.kaigokensaku.mhlw.go.jp/28/index.php?action_kouhyou_detail_004_kani=true&JigyosyoCd=2892200136-00&ServiceCd=320&Type=search", "url2": "gh-128@mcsg.co.jp" }, "geometry": { "type": "Point", "coordinates": [ 134.8251932, 34.7325677 ] } },
{ "type": "Feature", "properties": { "内容": "グループホームすまいる【認知症対応型共同生活介護】兵庫県赤穂市鷏和95-35", "url": "https://www.kaigokensaku.mhlw.go.jp/28/index.php?action_kouhyou_detail_004_kani=true&JigyosyoCd=2874300367-00&ServiceCd=320&Type=search", "url2": "http://www.misuzufukushikai.jp" }, "geometry": { "type": "Point", "coordinates": [ 134.355841505587904, 34.754099925370426 ] } },
{ "type": "Feature", "properties": { "内容": "グループホーム坂越の家【認知症対応型共同生活介護】兵庫県赤穂市坂越1737-1", "url": "https://www.kaigokensaku.mhlw.go.jp/28/index.php?action_kouhyou_detail_004_kani=true&JigyosyoCd=2894300033-00&ServiceCd=320&Type=search", "url2": "http://www.hakuho.or.jp" }, "geometry": { "type": "Point", "coordinates": [ 134.424560400000018, 34.767471 ] } },
{ "type": "Feature", "properties": { "内容": "グループホームゆうゆう【認知症対応型共同生活介護】兵庫県西脇市西脇518-2", "url": "https://www.kaigokensaku.mhlw.go.jp/28/index.php?action_kouhyou_detail_004_kani=true&JigyosyoCd=2891800050-00&ServiceCd=320&Type=search", "url2": "http://www.seihoukai.com/" }, "geometry": { "type": "Point", "coordinates": [ 134.975560399999949, 34.9870365 ] } },
{ "type": "Feature", "properties": { "内容": "グループホームときの郷【認知症対応型共同生活介護】兵庫県西脇市西脇２７３番地", "url": "https://www.kaigokensaku.mhlw.go.jp/28/index.php?action_kouhyou_detail_004_kani=true&JigyosyoCd=2871800245-00&ServiceCd=320&Type=search", "url2": null }, "geometry": { "type": "Point", "coordinates": [ 134.972188599999981, 34.9856532 ] } },
{ "type": "Feature", "properties": { "内容": "グループホームさくらんぼ【認知症対応型共同生活介護】兵庫県西脇市黒田庄町黒田1601-30", "url": "https://www.kaigokensaku.mhlw.go.jp/28/index.php?action_kouhyou_detail_004_kani=true&JigyosyoCd=2872700360-00&ServiceCd=320&Type=search", "url2": null }, "geometry": { "type": "Point", "coordinates": [ 134.995093699999984, 35.0539356 ] } },
{ "type": "Feature", "properties": { "内容": "グループホーム宝塚清光苑【認知症対応型共同生活介護】兵庫県宝塚市仁川団地4-15", "url": "https://www.kaigokensaku.mhlw.go.jp/28/index.php?action_kouhyou_detail_004_kani=true&JigyosyoCd=2891100154-00&ServiceCd=320&Type=search", "url2": null }, "geometry": { "type": "Point", "coordinates": [ 135.350524700000051, 34.7814211 ] } },
{ "type": "Feature", "properties": { "内容": "グループホーム宝塚ちどり【認知症対応型共同生活介護】亀井町１０番３０号", "url": "https://www.kaigokensaku.mhlw.go.jp/28/index.php?action_kouhyou_detail_004_kani=true&JigyosyoCd=2871101537-00&ServiceCd=320&Type=search", "url2": "https//www.chidori.or.jp" }, "geometry": { "type": "Point", "coordinates": [ 135.363411700000029, 34.7930266 ] } },
{ "type": "Feature", "properties": { "内容": "グループホーム　アンジェリカ【認知症対応型共同生活介護】月見山2-2-39", "url": "https://www.kaigokensaku.mhlw.go.jp/28/index.php?action_kouhyou_detail_004_kani=true&JigyosyoCd=2891100063-00&ServiceCd=320&Type=search", "url2": "http://i-souseikai.jp" }, "geometry": { "type": "Point", "coordinates": [ 135.335582700000032, 34.8109186 ] } },
{ "type": "Feature", "properties": { "内容": "グループホームたのしい家中山寺【認知症対応型共同生活介護】兵庫県宝塚市今里町1番15号たのしい家中山寺", "url": "https://www.kaigokensaku.mhlw.go.jp/28/index.php?action_kouhyou_detail_004_kani=true&JigyosyoCd=2891100071-00&ServiceCd=320&Type=search", "url2": "tanosiiie-nakayamadera@care21.co.jp" }, "geometry": { "type": "Point", "coordinates": [ 135.3695854, 34.8159962 ] } },
{ "type": "Feature", "properties": { "内容": "グループホームたのしい家仁川【認知症対応型共同生活介護】兵庫県宝塚市鹿塩二丁目13-19", "url": "https://www.kaigokensaku.mhlw.go.jp/28/index.php?action_kouhyou_detail_004_kani=true&JigyosyoCd=2891100089-00&ServiceCd=320&Type=search", "url2": null }, "geometry": { "type": "Point", "coordinates": [ 135.356823795089156, 34.777514692264262 ] } },
{ "type": "Feature", "properties": { "内容": "はーとふるセゾン宝塚【認知症対応型共同生活介護】兵庫県宝塚市中筋５丁目１７－１７はーとふるセゾン宝塚", "url": "https://www.kaigokensaku.mhlw.go.jp/28/index.php?action_kouhyou_detail_004_kani=true&JigyosyoCd=2871100984-00&ServiceCd=320&Type=search", "url2": "http://heartfulsaison.com/takarazuka" }, "geometry": { "type": "Point", "coordinates": [ 135.376121, 34.8150604 ] } },
{ "type": "Feature", "properties": { "内容": "グループホーム　ケアホーム宝塚【認知症対応型共同生活介護】兵庫県宝塚市亀井町10-51", "url": "https://www.kaigokensaku.mhlw.go.jp/28/index.php?action_kouhyou_detail_004_kani=true&JigyosyoCd=2871101388-00&ServiceCd=320&Type=search", "url2": "http://www.carevilla.com" }, "geometry": { "type": "Point", "coordinates": [ 135.363053400000013, 34.7924877 ] } },
{ "type": "Feature", "properties": { "内容": "グループホーム　はる仁川【認知症対応型共同生活介護】宝塚市仁川北３－７－３", "url": "https://www.kaigokensaku.mhlw.go.jp/28/index.php?action_kouhyou_detail_004_kani=true&JigyosyoCd=2871101586-00&ServiceCd=320&Type=search", "url2": "https://r.goope.jp/ikiiki-kaigo" }, "geometry": { "type": "Point", "coordinates": [ 135.356615599999941, 34.7746091 ] } },
{ "type": "Feature", "properties": { "内容": "グループホーム　はる逆瀬川【認知症対応型共同生活介護】宝塚市伊子志3丁目15-52", "url": "https://www.kaigokensaku.mhlw.go.jp/28/index.php?action_kouhyou_detail_004_kani=true&JigyosyoCd=2891100055-00&ServiceCd=320&Type=search", "url2": "https://r.goope.jp/ikiiki-kaigo/" }, "geometry": { "type": "Point", "coordinates": [ 135.356416200000012, 34.7965007 ] } },
{ "type": "Feature", "properties": { "内容": "グループホーム宝塚あいわ苑【認知症対応型共同生活介護】山本西２丁目６番１１号あいわ結愛ガーデン", "url": "https://www.kaigokensaku.mhlw.go.jp/28/index.php?action_kouhyou_detail_004_kani=true&JigyosyoCd=2891100204-00&ServiceCd=320&Type=search", "url2": "https://swc-aiwakai.jp/service/" }, "geometry": { "type": "Point", "coordinates": [ 135.381036399999971, 34.8194132 ] } },
{ "type": "Feature", "properties": { "内容": "SOMPOケア株式会社　そんぽの家GH宝塚山本【認知症対応型共同生活介護】兵庫県宝塚市山本丸橋1丁目16-3", "url": "https://www.kaigokensaku.mhlw.go.jp/28/index.php?action_kouhyou_detail_004_kani=true&JigyosyoCd=2871100604-00&ServiceCd=320&Type=search", "url2": "https://www.sompocare.com/" }, "geometry": { "type": "Point", "coordinates": [ 135.390444699999989, 34.8139776 ] } },
{ "type": "Feature", "properties": { "内容": "グループホーム「かわも」【認知症対応型共同生活介護】宝塚市川面3著目24番9号", "url": "https://www.kaigokensaku.mhlw.go.jp/28/index.php?action_kouhyou_detail_004_kani=true&JigyosyoCd=2871101180-00&ServiceCd=320&Type=search", "url2": "http://www.soreiyu.net/" }, "geometry": { "type": "Point", "coordinates": [ 135.343293200000062, 34.811188 ] } },
{ "type": "Feature", "properties": { "内容": "グループホーム中山ちどり【認知症対応型共同生活介護】宝塚市中山桜台1丁目7番1号", "url": "https://www.kaigokensaku.mhlw.go.jp/28/index.php?action_kouhyou_detail_004_kani=true&JigyosyoCd=2891100113-00&ServiceCd=320&Type=search", "url2": "http://www.chidori.or.jp" }, "geometry": { "type": "Point", "coordinates": [ 135.3680213, 34.8307 ] } },
{ "type": "Feature", "properties": { "内容": "metoo宝塚【認知症対応型共同生活介護】兵庫県宝塚市福井町32-33", "url": "https://www.kaigokensaku.mhlw.go.jp/28/index.php?action_kouhyou_detail_004_kani=true&JigyosyoCd=2891100345-00&ServiceCd=320&Type=search", "url2": "http://www.arataka.co.jp/" }, "geometry": { "type": "Point", "coordinates": [ 135.3589859, 34.7919727 ] } },
{ "type": "Feature", "properties": { "内容": "グループホーム　ゆうわの家【認知症対応型共同生活介護】兵庫県三木市与呂木683-397", "url": "https://www.kaigokensaku.mhlw.go.jp/28/index.php?action_kouhyou_detail_004_kani=true&JigyosyoCd=2872300658-00&ServiceCd=320&Type=search", "url2": "http://yuwa-fukushikai.or.jp/" }, "geometry": { "type": "Point", "coordinates": [ 135.009195640475468, 34.807779197671593 ] } },
{ "type": "Feature", "properties": { "内容": "グループホーム　みずき【認知症対応型共同生活介護】兵庫県三木市加佐58番地の1", "url": "https://www.kaigokensaku.mhlw.go.jp/28/index.php?action_kouhyou_detail_004_kani=true&JigyosyoCd=2892300118-00&ServiceCd=320&Type=search", "url2": "mizuki-nh.com" }, "geometry": { "type": "Point", "coordinates": [ 134.983846793254088, 34.803008624137256 ] } },
{ "type": "Feature", "properties": { "内容": "グループホーム　あけぼの【認知症対応型共同生活介護】三木市芝町4-20グループホームあけぼの", "url": "https://www.kaigokensaku.mhlw.go.jp/28/index.php?action_kouhyou_detail_004_kani=true&JigyosyoCd=2872300450-00&ServiceCd=320&Type=search", "url2": "https://akebono-ariake.amebaownd.com/" }, "geometry": { "type": "Point", "coordinates": [ 134.992310500000031, 34.8028795 ] } },
{ "type": "Feature", "properties": { "内容": "グループホーム　りんどうの里【認知症対応型共同生活介護】兵庫県三木市志染町四合谷字伊賀ノ垣３４１番地", "url": "https://www.kaigokensaku.mhlw.go.jp/28/index.php?action_kouhyou_detail_004_kani=true&JigyosyoCd=2892300050-00&ServiceCd=320&Type=search", "url2": "http://rindounosato.or.jp/" }, "geometry": { "type": "Point", "coordinates": [ 135.02433259999998, 34.7812509 ] } },
{ "type": "Feature", "properties": { "内容": "グループホームゆたかの郷【認知症対応型共同生活介護】宿原1263-86", "url": "https://www.kaigokensaku.mhlw.go.jp/28/index.php?action_kouhyou_detail_004_kani=true&JigyosyoCd=2872300419-00&ServiceCd=320&Type=search", "url2": null }, "geometry": { "type": "Point", "coordinates": [ 135.003265, 34.7872309 ] } },
{ "type": "Feature", "properties": { "内容": "株式会社やすらぎ【認知症対応型共同生活介護】兵庫県三木市吉川町有安303", "url": "https://www.kaigokensaku.mhlw.go.jp/28/index.php?action_kouhyou_detail_004_kani=true&JigyosyoCd=2892300043-00&ServiceCd=320&Type=search", "url2": "https://www.matsukaze-g-home.com/" }, "geometry": { "type": "Point", "coordinates": [ 135.0987432, 34.885535 ] } },
{ "type": "Feature", "properties": { "内容": "ヒューマンライフケア高砂グループホーム【認知症対応型共同生活介護】高砂町浜田町1丁目7番18号ヒューマンライフケア高砂グループホーム", "url": "https://www.kaigokensaku.mhlw.go.jp/28/index.php?action_kouhyou_detail_004_kani=true&JigyosyoCd=2892100062-00&ServiceCd=320&Type=search", "url2": "https://human-lifecare.jp/" }, "geometry": { "type": "Point", "coordinates": [ 134.80024774047547, 34.753137312565968 ] } },
{ "type": "Feature", "properties": { "内容": "グループホーム生き活き【認知症対応型共同生活介護】兵庫県高砂市米田町古新308－1", "url": "https://www.kaigokensaku.mhlw.go.jp/28/index.php?action_kouhyou_detail_004_kani=true&JigyosyoCd=2892100047-00&ServiceCd=320&Type=search", "url2": "http://higashitakasago.web.fc2.com/" }, "geometry": { "type": "Point", "coordinates": [ 134.809373916007985, 34.772149746638824 ] } },
{ "type": "Feature", "properties": { "内容": "グループホームＣＨＩＡＫＩほおずき高砂【認知症対応型共同生活介護】高砂市米田町米田２５６－３", "url": "https://www.kaigokensaku.mhlw.go.jp/28/index.php?action_kouhyou_detail_004_kani=true&JigyosyoCd=2872100363-00&ServiceCd=320&Type=search", "url2": "http://www.chiaki-hozuki.co.jp" }, "geometry": { "type": "Point", "coordinates": [ 134.8086558, 34.7794034 ] } },
{ "type": "Feature", "properties": { "内容": "特別養護老人ホームのじぎくの里　グループホーム【認知症対応型共同生活介護】兵庫県高砂市北浜町西浜773-3", "url": "https://www.kaigokensaku.mhlw.go.jp/28/index.php?action_kouhyou_detail_004_kani=true&JigyosyoCd=2872100322-00&ServiceCd=320&Type=search", "url2": "http://www.nojigiku.or.jp" }, "geometry": { "type": "Point", "coordinates": [ 134.748401800000011, 34.7855176 ] } },
{ "type": "Feature", "properties": { "内容": "グループホーム　鹿島の郷【認知症対応型共同生活介護】兵庫県高砂市阿弥陀町南池94-1", "url": "https://www.kaigokensaku.mhlw.go.jp/28/index.php?action_kouhyou_detail_004_kani=true&JigyosyoCd=2872100397-00&ServiceCd=320&Type=search", "url2": "https://ftk1998.or.jp/" }, "geometry": { "type": "Point", "coordinates": [ 134.782055600000035, 34.7886823 ] } },
{ "type": "Feature", "properties": { "内容": "けあビジョンホーム高砂【認知症対応型共同生活介護】兵庫県高砂市曽根町2452-5", "url": "https://www.kaigokensaku.mhlw.go.jp/28/index.php?action_kouhyou_detail_004_kani=true&JigyosyoCd=2892100104-00&ServiceCd=320&Type=search", "url2": null }, "geometry": { "type": "Point", "coordinates": [ 134.772815799999989, 34.7740972 ] } },
{ "type": "Feature", "properties": { "内容": "兵庫県高砂市伊保1-2-16【認知症対応型共同生活介護】兵庫県高砂市伊保1-2-16愛の家グループホーム高砂伊保", "url": "https://www.kaigokensaku.mhlw.go.jp/28/index.php?action_kouhyou_detail_004_kani=true&JigyosyoCd=2892100096-00&ServiceCd=320&Type=search", "url2": "https://mcs-ainoie.com/search/hyogo/takasagoshi/gh255/" }, "geometry": { "type": "Point", "coordinates": [ 134.786655259524537, 34.771305530550919 ] } },
{ "type": "Feature", "properties": { "内容": "ハートケア川西【認知症対応型共同生活介護】川西市多田院2丁目16-1", "url": "https://www.kaigokensaku.mhlw.go.jp/28/index.php?action_kouhyou_detail_004_kani=true&JigyosyoCd=2873100651-00&ServiceCd=320&Type=search", "url2": "sakaguchi@nfsk.jp" }, "geometry": { "type": "Point", "coordinates": [ 135.402139900000066, 34.8630281 ] } },
{ "type": "Feature", "properties": { "内容": "医療法人高寿会　グループホーム高寿【認知症対応型共同生活介護】兵庫県川西市久代3丁目19-1", "url": "https://www.kaigokensaku.mhlw.go.jp/28/index.php?action_kouhyou_detail_004_kani=true&JigyosyoCd=2873100545-00&ServiceCd=320&Type=search", "url2": null }, "geometry": { "type": "Point", "coordinates": [ 135.407449, 34.8065091 ] } },
{ "type": "Feature", "properties": { "内容": "グループホームひかり川西【認知症対応型共同生活介護】兵庫県川西市萩原３丁目１番２９号", "url": "https://www.kaigokensaku.mhlw.go.jp/28/index.php?action_kouhyou_detail_004_kani=true&JigyosyoCd=2893100053-00&ServiceCd=320&Type=search", "url2": "http://www.gh-hikari.co.jp/kawanishi/index.html" }, "geometry": { "type": "Point", "coordinates": [ 135.417027599999983, 34.8441137 ] } },
{ "type": "Feature", "properties": { "内容": "まんてん堂グループホームかわにし緑台【認知症対応型共同生活介護】兵庫県川西市緑台７丁目３番４３号", "url": "https://www.kaigokensaku.mhlw.go.jp/28/index.php?action_kouhyou_detail_004_kani=true&JigyosyoCd=2893100061-00&ServiceCd=320&Type=search", "url2": "http://www.manten.org/service/facility01.html#anchor03" }, "geometry": { "type": "Point", "coordinates": [ 135.400209600000039, 34.86515570000001 ] } },
{ "type": "Feature", "properties": { "内容": "愛の家グループホーム川西見野【認知症対応型共同生活介護】兵庫県川西市見野2-14-1", "url": "https://www.kaigokensaku.mhlw.go.jp/28/index.php?action_kouhyou_detail_004_kani=true&JigyosyoCd=2893100095-00&ServiceCd=320&Type=search", "url2": "http://mcs-ainoie.com/gh226.html" }, "geometry": { "type": "Point", "coordinates": [ 135.410368874799389, 34.891704106505365 ] } },
{ "type": "Feature", "properties": { "内容": "グループホームこころ川西【認知症対応型共同生活介護】兵庫県川西市大和西５丁目２４番地２", "url": "https://www.kaigokensaku.mhlw.go.jp/28/index.php?action_kouhyou_detail_004_kani=true&JigyosyoCd=2893100046-00&ServiceCd=320&Type=search", "url2": "http://www.caremind.co.jp/" }, "geometry": { "type": "Point", "coordinates": [ 135.414713300000017, 34.8930538 ] } },
{ "type": "Feature", "properties": { "内容": "グループホーム清和苑【認知症対応型共同生活介護】兵庫県川西市清和台東２丁目４－３２西館1階部分　１-51～1-59、１-71～1-79", "url": "https://www.kaigokensaku.mhlw.go.jp/28/index.php?action_kouhyou_detail_004_kani=true&JigyosyoCd=2873100594-00&ServiceCd=320&Type=search", "url2": "http://www.ufo-group.jp" }, "geometry": { "type": "Point", "coordinates": [ 135.392024399999968, 34.8758576 ] } },
{ "type": "Feature", "properties": { "内容": "愛の家グループホーム川西東多田【認知症対応型共同生活介護】兵庫県川西市東多田1丁目17番13号", "url": "https://www.kaigokensaku.mhlw.go.jp/28/index.php?action_kouhyou_detail_004_kani=true&JigyosyoCd=2893100087-00&ServiceCd=320&Type=search", "url2": "http://www.mcsg.co.jp/" }, "geometry": { "type": "Point", "coordinates": [ 135.419131422753935, 34.859407602556715 ] } },
{ "type": "Feature", "properties": { "内容": "川西ケアセンターそよ風【認知症対応型共同生活介護】兵庫県川西市出在家町22-7", "url": "https://www.kaigokensaku.mhlw.go.jp/28/index.php?action_kouhyou_detail_004_kani=true&JigyosyoCd=2873100560-00&ServiceCd=320&Type=search", "url2": "https://www.sykz.co.jp/" }, "geometry": { "type": "Point", "coordinates": [ 135.42153, 34.8416947 ] } },
{ "type": "Feature", "properties": { "内容": "グループホームまんてんおの南【認知症対応型共同生活介護】小野市市場町1080-1", "url": "https://www.kaigokensaku.mhlw.go.jp/28/index.php?action_kouhyou_detail_004_kani=true&JigyosyoCd=2891900124-00&ServiceCd=320&Type=search", "url2": "https://www.sankei-kai.jp/" }, "geometry": { "type": "Point", "coordinates": [ 134.9425176, 34.8323433 ] } },
{ "type": "Feature", "properties": { "内容": "グループホームこもれび【認知症対応型共同生活介護】兵庫県小野市久保木町1561-24", "url": "https://www.kaigokensaku.mhlw.go.jp/28/index.php?action_kouhyou_detail_004_kani=true&JigyosyoCd=2891900033-00&ServiceCd=320&Type=search", "url2": "www.nukumori-komorebi.com" }, "geometry": { "type": "Point", "coordinates": [ 134.95659610000007, 34.8746663 ] } },
{ "type": "Feature", "properties": { "内容": "グループホームくつろぎの杜【認知症対応型共同生活介護】市場町926-462", "url": "https://www.kaigokensaku.mhlw.go.jp/28/index.php?action_kouhyou_detail_004_kani=true&JigyosyoCd=2891900116-00&ServiceCd=320&Type=search", "url2": "http://www.yasuragi-swc.or.jp" }, "geometry": { "type": "Point", "coordinates": [ 134.9523912, 34.8310739 ] } },
{ "type": "Feature", "properties": { "内容": "グループホーム　ふたば【認知症対応型共同生活介護】小野市二葉町80番の１２３", "url": "https://www.kaigokensaku.mhlw.go.jp/28/index.php?action_kouhyou_detail_004_kani=true&JigyosyoCd=2871900334-00&ServiceCd=320&Type=search", "url2": "https://hinode.or.jp/establishment/futabanosato/futabanosato_futaba/" }, "geometry": { "type": "Point", "coordinates": [ 134.946528100000023, 34.8395001 ] } },
{ "type": "Feature", "properties": { "内容": "グループホーム　銀荘【認知症対応型共同生活介護】兵庫県小野市葉多町２５７番地の１", "url": "https://www.kaigokensaku.mhlw.go.jp/28/index.php?action_kouhyou_detail_004_kani=true&JigyosyoCd=2871900177-00&ServiceCd=320&Type=search", "url2": "https://silverland.or.jp" }, "geometry": { "type": "Point", "coordinates": [ 134.921310299999959, 34.8521263 ] } },
{ "type": "Feature", "properties": { "内容": "グループホーム三輪【認知症対応型共同生活介護】三輪２丁目１３番１６号", "url": "https://www.kaigokensaku.mhlw.go.jp/28/index.php?action_kouhyou_detail_004_kani=true&JigyosyoCd=2871200438-00&ServiceCd=320&Type=search", "url2": "https://grouphome⁻miwa.com/" }, "geometry": { "type": "Point", "coordinates": [ 135.222034200000053, 34.8949426 ] } },
{ "type": "Feature", "properties": { "内容": "三田温泉シルバーホーム【認知症対応型共同生活介護】兵庫県三田市東山897-1", "url": "https://www.kaigokensaku.mhlw.go.jp/28/index.php?action_kouhyou_detail_004_kani=true&JigyosyoCd=2871200370-00&ServiceCd=320&Type=search", "url2": "http://www.keiai-kai.jp/" }, "geometry": { "type": "Point", "coordinates": [ 135.191522099999929, 34.9411978 ] } },
{ "type": "Feature", "properties": { "内容": "認知症対応型共同生活介護事業所　グループホーム井沢の郷【認知症対応型共同生活介護】三田市下井沢145番地1", "url": "https://www.kaigokensaku.mhlw.go.jp/28/index.php?action_kouhyou_detail_004_kani=true&JigyosyoCd=2891200079-00&ServiceCd=320&Type=search", "url2": "https://kiyoukai.com/" }, "geometry": { "type": "Point", "coordinates": [ 135.192741500000011, 34.9193795 ] } },
{ "type": "Feature", "properties": { "内容": "認知症対応型共同生活介護事業所　グループホームつきの樹【認知症対応型共同生活介護】兵庫県三田市けやき台3丁目75番3号", "url": "https://www.kaigokensaku.mhlw.go.jp/28/index.php?action_kouhyou_detail_004_kani=true&JigyosyoCd=2891200103-00&ServiceCd=320&Type=search", "url2": "https://kiyoukai.com/kaigo/" }, "geometry": { "type": "Point", "coordinates": [ 135.197424, 34.9127188 ] } },
{ "type": "Feature", "properties": { "内容": "グループホーム薬師のさと【認知症対応型共同生活介護】兵庫県三田市下相野薬師尾１４６０番地の１", "url": "https://www.kaigokensaku.mhlw.go.jp/28/index.php?action_kouhyou_detail_004_kani=true&JigyosyoCd=2871200503-00&ServiceCd=320&Type=search", "url2": "http://sansui-en.org" }, "geometry": { "type": "Point", "coordinates": [ 135.155889200000047, 34.9461734 ] } },
{ "type": "Feature", "properties": { "内容": "ユピテル三田【認知症対応型共同生活介護】兵庫県三田市中町７－３４", "url": "https://www.kaigokensaku.mhlw.go.jp/28/index.php?action_kouhyou_detail_004_kani=true&JigyosyoCd=2871200396-00&ServiceCd=320&Type=search", "url2": null }, "geometry": { "type": "Point", "coordinates": [ 135.228870391881628, 34.885848890503645 ] } },
{ "type": "Feature", "properties": { "内容": "グループホームひだまりの家【認知症対応型共同生活介護】兵庫県三田市三輪2丁目1番10号グループホームひだまりの家", "url": "https://www.kaigokensaku.mhlw.go.jp/28/index.php?action_kouhyou_detail_004_kani=true&JigyosyoCd=2891200053-00&ServiceCd=320&Type=search", "url2": "http://www.loz-koei.com" }, "geometry": { "type": "Point", "coordinates": [ 135.224772479584203, 34.889186850674903 ] } },
{ "type": "Feature", "properties": { "内容": "グループホームしらゆりの家【認知症対応型共同生活介護】兵庫県加西市北条町東高室字四ッ池１２３１－１", "url": "https://www.kaigokensaku.mhlw.go.jp/28/index.php?action_kouhyou_detail_004_kani=true&JigyosyoCd=2872600354-00&ServiceCd=320&Type=search", "url2": null }, "geometry": { "type": "Point", "coordinates": [ 134.839505599999939, 34.9143128 ] } },
{ "type": "Feature", "properties": { "内容": "グループホーム　なごやか【認知症対応型共同生活介護】兵庫県加西市下宮木町576番地", "url": "https://www.kaigokensaku.mhlw.go.jp/28/index.php?action_kouhyou_detail_004_kani=true&JigyosyoCd=2872600404-00&ServiceCd=320&Type=search", "url2": "http://shinshu-kai.or.jp/" }, "geometry": { "type": "Point", "coordinates": [ 134.877794577909867, 34.890039097461859 ] } },
{ "type": "Feature", "properties": { "内容": "加西の里認知症老人生活介護事業所【認知症対応型共同生活介護】加西市段下町848-14", "url": "https://www.kaigokensaku.mhlw.go.jp/28/index.php?action_kouhyou_detail_004_kani=true&JigyosyoCd=2872600248-00&ServiceCd=320&Type=search", "url2": null }, "geometry": { "type": "Point", "coordinates": [ 134.844069200000035, 34.9077499 ] } },
{ "type": "Feature", "properties": { "内容": "グループホーム銀の鈴【認知症対応型共同生活介護】畑町2289-60", "url": "https://www.kaigokensaku.mhlw.go.jp/28/index.php?action_kouhyou_detail_004_kani=true&JigyosyoCd=2872600255-00&ServiceCd=320&Type=search", "url2": "https://www.kasai-ginnosuzu.com/" }, "geometry": { "type": "Point", "coordinates": [ 134.8023382, 34.9529133 ] } },
{ "type": "Feature", "properties": { "内容": "第二グループホーム銀の鈴【認知症対応型共同生活介護】兵庫県加西市畑町46-1", "url": "https://www.kaigokensaku.mhlw.go.jp/28/index.php?action_kouhyou_detail_004_kani=true&JigyosyoCd=2892600103-00&ServiceCd=320&Type=search", "url2": "https://www.ginnosuzu-kasai.com/" }, "geometry": { "type": "Point", "coordinates": [ 134.810564300000038, 34.9478618 ] } },
{ "type": "Feature", "properties": { "内容": "グループホーム　ゆとりの家【認知症対応型共同生活介護】兵庫県丹波篠山市住吉台５６番地３", "url": "https://www.kaigokensaku.mhlw.go.jp/28/index.php?action_kouhyou_detail_004_kani=true&JigyosyoCd=2871400442-00&ServiceCd=320&Type=search", "url2": "http:www.yutori.or.jp" }, "geometry": { "type": "Point", "coordinates": [ 135.165928, 35.066933 ] } },
{ "type": "Feature", "properties": { "内容": "グループホームしゃくなげ【認知症対応型共同生活介護】兵庫県丹波篠山市川北１１７４-1", "url": "https://www.kaigokensaku.mhlw.go.jp/28/index.php?action_kouhyou_detail_004_kani=true&JigyosyoCd=2871400426-00&ServiceCd=320&Type=search", "url2": "mpkx93582@leto.eonet.ne.jp" }, "geometry": { "type": "Point", "coordinates": [ 135.1825179, 35.078726899999985 ] } },
{ "type": "Feature", "properties": { "内容": "認知症対応型共同生活介護　グループホーム篠山【認知症対応型共同生活介護】兵庫県丹波篠山市西新町１１５－２", "url": "https://www.kaigokensaku.mhlw.go.jp/28/index.php?action_kouhyou_detail_004_kani=true&JigyosyoCd=2891400075-00&ServiceCd=320&Type=search", "url2": "http://www.kiyoukai.com" }, "geometry": { "type": "Point", "coordinates": [ 135.214298500000041, 35.0733303 ] } },
{ "type": "Feature", "properties": { "内容": "認知症対応型共同生活介護　グループホーム篠山東【認知症対応型共同生活介護】兵庫県丹波篠山市小田中172-1", "url": "https://www.kaigokensaku.mhlw.go.jp/28/index.php?action_kouhyou_detail_004_kani=true&JigyosyoCd=2891400083-00&ServiceCd=320&Type=search", "url2": "http://www.kiyoukai.com" }, "geometry": { "type": "Point", "coordinates": [ 135.31747, 35.1020128 ] } },
{ "type": "Feature", "properties": { "内容": "認知症対応型共同生活介護　グループホーム今田【認知症対応型共同生活介護】丹波篠山市今田町今田新田１９－１", "url": "https://www.kaigokensaku.mhlw.go.jp/28/index.php?action_kouhyou_detail_004_kani=true&JigyosyoCd=2891400091-00&ServiceCd=320&Type=search", "url2": "http://www.kiyoukai.com" }, "geometry": { "type": "Point", "coordinates": [ 135.106486600000039, 35.0022509 ] } },
{ "type": "Feature", "properties": { "内容": "認知症対応型共同生活介護　グループホーム幸の郷【認知症対応型共同生活介護】兵庫県丹波篠山市本郷108-2", "url": "https://www.kaigokensaku.mhlw.go.jp/28/index.php?action_kouhyou_detail_004_kani=true&JigyosyoCd=2891400117-00&ServiceCd=320&Type=search", "url2": "https://kiyoukai.com/" }, "geometry": { "type": "Point", "coordinates": [ 135.262714599999981, 35.1585003 ] } },
{ "type": "Feature", "properties": { "内容": "認知症対応型共同生活介護　福の郷【認知症対応型共同生活介護】兵庫県丹波篠山市井ノ上167-1", "url": "https://www.kaigokensaku.mhlw.go.jp/28/index.php?action_kouhyou_detail_004_kani=true&JigyosyoCd=2891400125-00&ServiceCd=320&Type=search", "url2": "http://www.kiyoukai.com" }, "geometry": { "type": "Point", "coordinates": [ 135.294703300000037, 35.0737666 ] } },
{ "type": "Feature", "properties": { "内容": "グループホームのぞみ【認知症対応型共同生活介護】兵庫県丹波篠山市乾新町63番地1", "url": "https://www.kaigokensaku.mhlw.go.jp/28/index.php?action_kouhyou_detail_004_kani=true&JigyosyoCd=2891400109-00&ServiceCd=320&Type=search", "url2": "http://www.yutori.or.jp/" }, "geometry": { "type": "Point", "coordinates": [ 135.210443199999986, 35.076374500000014 ] } },
{ "type": "Feature", "properties": { "内容": "グループホーム　すみよし【認知症対応型共同生活介護】兵庫県丹波篠山市住吉台105", "url": "https://www.kaigokensaku.mhlw.go.jp/28/index.php?action_kouhyou_detail_004_kani=true&JigyosyoCd=2891400158-00&ServiceCd=320&Type=search", "url2": "http://www.yutori.or.jp" }, "geometry": { "type": "Point", "coordinates": [ 135.165089411263722, 35.066453516921811 ] } },
{ "type": "Feature", "properties": { "内容": "かるべの郷認知症対応型共同生活介護事業所【認知症対応型共同生活介護】兵庫県養父市十二所906番1", "url": "https://www.kaigokensaku.mhlw.go.jp/28/index.php?action_kouhyou_detail_004_kani=true&JigyosyoCd=2894800073-00&ServiceCd=320&Type=search", "url2": "http://www.karubenosato.com" }, "geometry": { "type": "Point", "coordinates": [ 134.7615836, 35.3719887 ] } },
{ "type": "Feature", "properties": { "内容": "グループホームはちぶせの里　せきのみや【認知症対応型共同生活介護】兵庫県養父市尾崎1319", "url": "https://www.kaigokensaku.mhlw.go.jp/28/index.php?action_kouhyou_detail_004_kani=true&JigyosyoCd=2894800032-00&ServiceCd=320&Type=search", "url2": "http//hachibusenosato.jimdo.com" }, "geometry": { "type": "Point", "coordinates": [ 134.653311199999962, 35.3798718 ] } },
{ "type": "Feature", "properties": { "内容": "グループホームはちぶせの里やぶ【認知症対応型共同生活介護】兵庫県養父市十二所819", "url": "https://www.kaigokensaku.mhlw.go.jp/28/index.php?action_kouhyou_detail_004_kani=true&JigyosyoCd=2894800040-00&ServiceCd=320&Type=search", "url2": "https://hachibusenosato.com" }, "geometry": { "type": "Point", "coordinates": [ 134.767754800000034, 35.3794321 ] } },
{ "type": "Feature", "properties": { "内容": "グループホーム青垣もみじ苑【認知症対応型共同生活介護】兵庫県丹波市青垣町西芦田字井ノ口1024-5", "url": "https://www.kaigokensaku.mhlw.go.jp/28/index.php?action_kouhyou_detail_004_kani=true&JigyosyoCd=2891300069-00&ServiceCd=320&Type=search", "url2": null }, "geometry": { "type": "Point", "coordinates": [ 135.014796199999978, 35.2335515 ] } },
{ "type": "Feature", "properties": { "内容": "グループホーム　のさか【認知症対応型共同生活介護】兵庫県丹波市山南町野坂209", "url": "https://www.kaigokensaku.mhlw.go.jp/28/index.php?action_kouhyou_detail_004_kani=true&JigyosyoCd=2871300535-00&ServiceCd=320&Type=search", "url2": null }, "geometry": { "type": "Point", "coordinates": [ 134.998901199999978, 35.0854468 ] } },
{ "type": "Feature", "properties": { "内容": "医療法人敬愛会認知症対応型共同生活介護ひかみシルバーホーム【認知症対応型共同生活介護】兵庫県丹波市氷上町絹山1", "url": "https://www.kaigokensaku.mhlw.go.jp/28/index.php?action_kouhyou_detail_004_kani=true&JigyosyoCd=2871300451-00&ServiceCd=320&Type=search", "url2": "http://www.otsuka-hp.or.jp/" }, "geometry": { "type": "Point", "coordinates": [ 135.047417189827001, 35.197487379032538 ] } },
{ "type": "Feature", "properties": { "内容": "グループホーム村いちばんの元気者【認知症対応型共同生活介護】兵庫県丹波市上竹田字焦谷2322-1", "url": "https://www.kaigokensaku.mhlw.go.jp/28/index.php?action_kouhyou_detail_004_kani=true&JigyosyoCd=2891300044-00&ServiceCd=320&Type=search", "url2": "http://www.hwc.or.jp/tanju/" }, "geometry": { "type": "Point", "coordinates": [ 135.0358536, 35.1771001 ] } },
{ "type": "Feature", "properties": { "内容": "グループホームあゆみの郷【認知症対応型共同生活介護】兵庫県丹波市春日町野村1350－1", "url": "https://www.kaigokensaku.mhlw.go.jp/28/index.php?action_kouhyou_detail_004_kani=true&JigyosyoCd=2891300168-00&ServiceCd=320&Type=search", "url2": "http://www.kiyoukai.com" }, "geometry": { "type": "Point", "coordinates": [ 135.10646470000006, 35.1670967 ] } },
{ "type": "Feature", "properties": { "内容": "メディケア柏原【認知症対応型共同生活介護】兵庫県丹波市柏原町柏原１４３６－１", "url": "https://www.kaigokensaku.mhlw.go.jp/28/index.php?action_kouhyou_detail_004_kani=true&JigyosyoCd=2891300028-00&ServiceCd=320&Type=search", "url2": "http://www.seihoukai.com/" }, "geometry": { "type": "Point", "coordinates": [ 135.073757500000056, 35.1324554 ] } },
{ "type": "Feature", "properties": { "内容": "グループホームフローラせいだん【認知症対応型共同生活介護】兵庫県南あわじ市津井1804番地2", "url": "https://www.kaigokensaku.mhlw.go.jp/28/index.php?action_kouhyou_detail_004_kani=true&JigyosyoCd=2891700128-00&ServiceCd=320&Type=search", "url2": "www.mima-gr.jp/index.html" }, "geometry": { "type": "Point", "coordinates": [ 134.6905051, 34.3212449 ] } },
{ "type": "Feature", "properties": { "内容": "グループホームおのころ【認知症対応型共同生活介護】兵庫県南あわじ市八木寺内１１４０－６", "url": "https://www.kaigokensaku.mhlw.go.jp/28/index.php?action_kouhyou_detail_004_kani=true&JigyosyoCd=2871700676-00&ServiceCd=320&Type=search", "url2": "http://www16.ocn.ne.jp/~yagi/" }, "geometry": { "type": "Point", "coordinates": [ 134.788291, 34.2910051 ] } },
{ "type": "Feature", "properties": { "内容": "グループホーム　あかとんぼ【認知症対応型共同生活介護】兵庫県南あわじ市八木大久保603-1", "url": "https://www.kaigokensaku.mhlw.go.jp/28/index.php?action_kouhyou_detail_004_kani=true&JigyosyoCd=2871700429-00&ServiceCd=320&Type=search", "url2": "http://www.hosutaa.com" }, "geometry": { "type": "Point", "coordinates": [ 134.794090399999959, 34.2935578 ] } },
{ "type": "Feature", "properties": { "内容": "グループホームふれあい【認知症対応型共同生活介護】兵庫県南あわじ市広田広田127", "url": "https://www.kaigokensaku.mhlw.go.jp/28/index.php?action_kouhyou_detail_004_kani=true&JigyosyoCd=2871700460-00&ServiceCd=320&Type=search", "url2": null }, "geometry": { "type": "Point", "coordinates": [ 134.829794799999945, 34.31995 ] } },
{ "type": "Feature", "properties": { "内容": "高齢者グループホームわらしべ【認知症対応型共同生活介護】兵庫県朝来市和田山町竹田1957番地1", "url": "https://www.kaigokensaku.mhlw.go.jp/28/index.php?action_kouhyou_detail_004_kani=true&JigyosyoCd=2874900265-00&ServiceCd=320&Type=search", "url2": "https://www.kobeseirei.or.jp/" }, "geometry": { "type": "Point", "coordinates": [ 134.8418648, 35.2930841 ] } },
{ "type": "Feature", "properties": { "内容": "グループホーム竹原野【認知症対応型共同生活介護】兵庫県朝来市生野町竹原野222", "url": "https://www.kaigokensaku.mhlw.go.jp/28/index.php?action_kouhyou_detail_004_kani=true&JigyosyoCd=2874900315-00&ServiceCd=320&Type=search", "url2": "http://www.kirakuen.or,jp" }, "geometry": { "type": "Point", "coordinates": [ 134.817384599999968, 35.1807018 ] } },
{ "type": "Feature", "properties": { "内容": "グループホーム　たけだ遊友館【認知症対応型共同生活介護】朝来市和田山町竹田２０６３番地３", "url": "https://www.kaigokensaku.mhlw.go.jp/28/index.php?action_kouhyou_detail_004_kani=true&JigyosyoCd=2894900089-00&ServiceCd=320&Type=search", "url2": "http://www.hwc.or.jp/rithuunnosato/" }, "geometry": { "type": "Point", "coordinates": [ 134.841571899999963, 35.2924069 ] } },
{ "type": "Feature", "properties": { "内容": "社会福祉法人たんなん【認知症対応型共同生活介護】兵庫県朝来市山東町柿坪3001-9", "url": "https://www.kaigokensaku.mhlw.go.jp/28/index.php?action_kouhyou_detail_004_kani=true&JigyosyoCd=2894900055-00&ServiceCd=320&Type=search", "url2": null }, "geometry": { "type": "Point", "coordinates": [ 134.884895199999988, 35.3019288 ] } },
{ "type": "Feature", "properties": { "内容": "グループホーム緑風の郷　木の香【認知症対応型共同生活介護】兵庫県朝来市山東町一品４２４", "url": "https://www.kaigokensaku.mhlw.go.jp/28/index.php?action_kouhyou_detail_004_kani=true&JigyosyoCd=2894900105-00&ServiceCd=320&Type=search", "url2": "http://www.aso.or.jp/" }, "geometry": { "type": "Point", "coordinates": [ 134.909409800000049, 35.3069183 ] } },
{ "type": "Feature", "properties": { "内容": "グループホームしおさい【認知症対応型共同生活介護】兵庫県淡路市郡家字居屋敷３７４－１", "url": "https://www.kaigokensaku.mhlw.go.jp/28/index.php?action_kouhyou_detail_004_kani=true&JigyosyoCd=2871600603-00&ServiceCd=320&Type=search", "url2": "http://www.chidorikai.or.jp" }, "geometry": { "type": "Point", "coordinates": [ 134.845237, 34.4735304 ] } },
{ "type": "Feature", "properties": { "内容": "医療法人社団　淡路平成会　ｸﾞﾙｰﾌﾟﾎｰﾑ北淡【認知症対応型共同生活介護】兵庫県淡路市小倉154番地", "url": "https://www.kaigokensaku.mhlw.go.jp/28/index.php?action_kouhyou_detail_004_kani=true&JigyosyoCd=2891700110-00&ServiceCd=320&Type=search", "url2": "http://www.hokudan.grouph.jp" }, "geometry": { "type": "Point", "coordinates": [ 134.937488499999972, 34.548251300000011 ] } },
{ "type": "Feature", "properties": { "内容": "グループホーム　くるま花水木【認知症対応型共同生活介護】兵庫県淡路市久留麻236番地", "url": "https://www.kaigokensaku.mhlw.go.jp/28/index.php?action_kouhyou_detail_004_kani=true&JigyosyoCd=2891600039-00&ServiceCd=320&Type=search", "url2": "http://kurumahanamizuki.com/" }, "geometry": { "type": "Point", "coordinates": [ 134.990598099999943, 34.5319534 ] } },
{ "type": "Feature", "properties": { "内容": "オリーブの家【認知症対応型共同生活介護】淡路市大町畑638-4", "url": "https://www.kaigokensaku.mhlw.go.jp/28/index.php?action_kouhyou_detail_004_kani=true&JigyosyoCd=2871600512-00&ServiceCd=320&Type=search", "url2": "https://www.junshin.or.jp/group.html" }, "geometry": { "type": "Point", "coordinates": [ 134.862568620237738, 34.427383847289086 ] } },
{ "type": "Feature", "properties": { "内容": "グループホームにこにこ【認知症対応型共同生活介護】兵庫県淡路市岩屋2942-35グループホームにこにこ", "url": "https://www.kaigokensaku.mhlw.go.jp/28/index.php?action_kouhyou_detail_004_kani=true&JigyosyoCd=2891600112-00&ServiceCd=320&Type=search", "url2": "http://ss2525.com/" }, "geometry": { "type": "Point", "coordinates": [ 135.023900607409672, 34.579769231272834 ] } },
{ "type": "Feature", "properties": { "内容": "グループホームまどか園【認知症対応型共同生活介護】兵庫県宍粟市一宮町福知1029", "url": "https://www.kaigokensaku.mhlw.go.jp/28/index.php?action_kouhyou_detail_004_kani=true&JigyosyoCd=2893800017-00&ServiceCd=320&Type=search", "url2": "http://www.shoukyu.com" }, "geometry": { "type": "Point", "coordinates": [ 134.6489614, 35.1510962 ] } },
{ "type": "Feature", "properties": { "内容": "グループホームやまなか【認知症対応型共同生活介護】兵庫県宍粟市山崎町山崎5番地", "url": "https://www.kaigokensaku.mhlw.go.jp/28/index.php?action_kouhyou_detail_004_kani=true&JigyosyoCd=2893800025-00&ServiceCd=320&Type=search", "url2": "http://www.yamanaka-iin.jp/ghome.html" }, "geometry": { "type": "Point", "coordinates": [ 134.536413978504271, 35.006193646264563 ] } },
{ "type": "Feature", "properties": { "内容": "グループホームささゆり【認知症対応型共同生活介護】波賀町上野788", "url": "https://www.kaigokensaku.mhlw.go.jp/28/index.php?action_kouhyou_detail_004_kani=true&JigyosyoCd=2893800058-00&ServiceCd=320&Type=search", "url2": "http://www.mutsumien.jp/sasayuri/index.html" }, "geometry": { "type": "Point", "coordinates": [ 134.5456059, 35.1660525 ] } },
{ "type": "Feature", "properties": { "内容": "けあビジョンホーム宍粟【認知症対応型共同生活介護】兵庫県宍粟市山崎町野々上105-5", "url": "https://www.kaigokensaku.mhlw.go.jp/28/index.php?action_kouhyou_detail_004_kani=true&JigyosyoCd=2893800074-00&ServiceCd=320&Type=search", "url2": null }, "geometry": { "type": "Point", "coordinates": [ 134.5706156, 35.0395225 ] } },
{ "type": "Feature", "properties": { "内容": "グループホームたきの苑【認知症対応型共同生活介護】兵庫県加東市下滝野５０８番１", "url": "https://www.kaigokensaku.mhlw.go.jp/28/index.php?action_kouhyou_detail_004_kani=true&JigyosyoCd=2872500455-00&ServiceCd=320&Type=search", "url2": "http://www.furoide-takino.or.jp/" }, "geometry": { "type": "Point", "coordinates": [ 134.953652799999986, 34.9371793 ] } },
{ "type": "Feature", "properties": { "内容": "社すみれホーム【認知症対応型共同生活介護】兵庫県加東市藤田字東山944-27", "url": "https://www.kaigokensaku.mhlw.go.jp/28/index.php?action_kouhyou_detail_004_kani=true&JigyosyoCd=2892500030-00&ServiceCd=320&Type=search", "url2": "http://yashiro-sumire.com/" }, "geometry": { "type": "Point", "coordinates": [ 135.000144045105003, 34.90990389074247 ] } },
{ "type": "Feature", "properties": { "内容": "愛の家グループホームとうじょう【認知症対応型共同生活介護】南山３丁目２３番地２７", "url": "https://www.kaigokensaku.mhlw.go.jp/28/index.php?action_kouhyou_detail_004_kani=true&JigyosyoCd=2892500022-00&ServiceCd=320&Type=search", "url2": "http://www.mcsg.co.jp" }, "geometry": { "type": "Point", "coordinates": [ 135.066514877909867, 34.892169499774191 ] } },
{ "type": "Feature", "properties": { "内容": "グループホームゆずりは【認知症対応型共同生活介護】兵庫県たつの市揖西新宮29番地6", "url": "https://www.kaigokensaku.mhlw.go.jp/28/index.php?action_kouhyou_detail_004_kani=true&JigyosyoCd=2873600346-00&ServiceCd=320&Type=search", "url2": null }, "geometry": { "type": "Point", "coordinates": [ 134.4889469, 34.8619975 ] } },
{ "type": "Feature", "properties": { "内容": "グループホームCHIAKIほおずき揖保川【認知症対応型共同生活介護】たつの市揖保川町正條1134番", "url": "https://www.kaigokensaku.mhlw.go.jp/28/index.php?action_kouhyou_detail_004_kani=true&JigyosyoCd=2893600094-00&ServiceCd=320&Type=search", "url2": "http://www.chiaki-hozuki.co.jp/" }, "geometry": { "type": "Point", "coordinates": [ 134.527620599999977, 34.8215113 ] } },
{ "type": "Feature", "properties": { "内容": "グループホームCHIAKIほおずき揖保川東館【認知症対応型共同生活介護】兵庫県たつの市揖保川町正條1128番1", "url": "https://www.kaigokensaku.mhlw.go.jp/28/index.php?action_kouhyou_detail_004_kani=true&JigyosyoCd=2893600201-00&ServiceCd=320&Type=search", "url2": "http://www.chiaki-hozuki.co.jp" }, "geometry": { "type": "Point", "coordinates": [ 134.529289699999907, 34.825272 ] } },
{ "type": "Feature", "properties": { "内容": "西はりまグループホーム昌仙庵【認知症対応型共同生活介護】兵庫県たつの市誉田町福田780-40西はりまグループホーム昌仙庵", "url": "https://www.kaigokensaku.mhlw.go.jp/28/index.php?action_kouhyou_detail_004_kani=true&JigyosyoCd=2873600411-00&ServiceCd=320&Type=search", "url2": null }, "geometry": { "type": "Point", "coordinates": [ 134.57740960000001, 34.8490822 ] } },
{ "type": "Feature", "properties": { "内容": "グループホームさくら御津【認知症対応型共同生活介護】御津町釜屋489-1", "url": "https://www.kaigokensaku.mhlw.go.jp/28/index.php?action_kouhyou_detail_004_kani=true&JigyosyoCd=2893600102-00&ServiceCd=320&Type=search", "url2": "http://sakuracare-s.jp/" }, "geometry": { "type": "Point", "coordinates": [ 134.55876, 34.7851653 ] } },
{ "type": "Feature", "properties": { "内容": "あっぷるグループホームたつの【認知症対応型共同生活介護】兵庫県たつの市龍野町富永418-1", "url": "https://www.kaigokensaku.mhlw.go.jp/28/index.php?action_kouhyou_detail_004_kani=true&JigyosyoCd=2893600284-00&ServiceCd=320&Type=search", "url2": "http://www/apple-117.jp/" }, "geometry": { "type": "Point", "coordinates": [ 134.551171900000014, 34.8550381 ] } },
{ "type": "Feature", "properties": { "内容": "グループホーム　さくら新宮【認知症対応型共同生活介護】たつの市新宮町觜崎286-1101号室～111号室　201号室～211号室", "url": "https://www.kaigokensaku.mhlw.go.jp/28/index.php?action_kouhyou_detail_004_kani=true&JigyosyoCd=2873600510-00&ServiceCd=320&Type=search", "url2": null }, "geometry": { "type": "Point", "coordinates": [ 134.550758, 34.8953446 ] } },
{ "type": "Feature", "properties": { "内容": "あっぷるグループホームみつ【認知症対応型共同生活介護】兵庫県たつの市御津町釜屋313-3", "url": "https://www.kaigokensaku.mhlw.go.jp/28/index.php?action_kouhyou_detail_004_kani=true&JigyosyoCd=2893600193-00&ServiceCd=320&Type=search", "url2": "http://www/apple-117.jp/" }, "geometry": { "type": "Point", "coordinates": [ 134.556402899999966, 34.7812691 ] } },
{ "type": "Feature", "properties": { "内容": "グループホーム布施の郷【認知症対応型共同生活介護】兵庫県たつの市揖西町竹原1283", "url": "https://www.kaigokensaku.mhlw.go.jp/28/index.php?action_kouhyou_detail_004_kani=true&JigyosyoCd=2893600300-00&ServiceCd=320&Type=search", "url2": null }, "geometry": { "type": "Point", "coordinates": [ 134.4894994, 34.8396475 ] } },
{ "type": "Feature", "properties": { "内容": "グループホームせいふう北田原【認知症対応型共同生活介護】兵庫県川辺郡猪名川町北田原字内田230番地", "url": "https://www.kaigokensaku.mhlw.go.jp/28/index.php?action_kouhyou_detail_004_kani=true&JigyosyoCd=2893200028-00&ServiceCd=320&Type=search", "url2": "https://www.seifu-kitatahara-gh.jp/" }, "geometry": { "type": "Point", "coordinates": [ 135.365097855155881, 34.913135952256361 ] } },
{ "type": "Feature", "properties": { "内容": "グループホーム　こぶしの里【認知症対応型共同生活介護】兵庫県多可郡多可町八千代区俵田111-60", "url": "https://www.kaigokensaku.mhlw.go.jp/28/index.php?action_kouhyou_detail_004_kani=true&JigyosyoCd=2872700311-00&ServiceCd=320&Type=search", "url2": "http://www.rakuenkai.or.jp" }, "geometry": { "type": "Point", "coordinates": [ 134.893023500000027, 35.015287 ] } },
{ "type": "Feature", "properties": { "内容": "グループホームやすらぎの郷【認知症対応型共同生活介護】兵庫県多可郡多可町加美区市原４０－１", "url": "https://www.kaigokensaku.mhlw.go.jp/28/index.php?action_kouhyou_detail_004_kani=true&JigyosyoCd=2872700493-00&ServiceCd=320&Type=search", "url2": "http://www.taka-syakyo.or.jp" }, "geometry": { "type": "Point", "coordinates": [ 134.922317300000032, 35.1371315 ] } },
{ "type": "Feature", "properties": { "内容": "グループホームこはるの郷【認知症対応型共同生活介護】兵庫県多可郡多可町加美区大袋194-1", "url": "https://www.kaigokensaku.mhlw.go.jp/28/index.php?action_kouhyou_detail_004_kani=true&JigyosyoCd=2892700093-00&ServiceCd=320&Type=search", "url2": "http://nakanosato.okoshi-yasu.com/" }, "geometry": { "type": "Point", "coordinates": [ 134.92402337738497, 35.13614872600472 ] } },
{ "type": "Feature", "properties": { "内容": "社会福祉法人　那珂の郷　グリーンヴィラ那珂【認知症対応型共同生活介護】兵庫県　多可郡　多可町　中区　牧野　字国木谷166-9-1", "url": "https://www.kaigokensaku.mhlw.go.jp/28/index.php?action_kouhyou_detail_004_kani=true&JigyosyoCd=2872700444-00&ServiceCd=320&Type=search", "url2": "http://nakanosato.com" }, "geometry": { "type": "Point", "coordinates": [ 134.932823699999972, 35.0763381 ] } },
{ "type": "Feature", "properties": { "内容": "グループホーム　ほのぼの園【認知症対応型共同生活介護】兵庫県多可郡多可町中区中村町377-1", "url": "https://www.kaigokensaku.mhlw.go.jp/28/index.php?action_kouhyou_detail_004_kani=true&JigyosyoCd=2892700101-00&ServiceCd=320&Type=search", "url2": "http://www.rakuenkai.or.jp" }, "geometry": { "type": "Point", "coordinates": [ 134.9241678, 35.0501752 ] } },
{ "type": "Feature", "properties": { "内容": "グループホームりんりんの里【認知症対応型共同生活介護】兵庫県多可郡多可町中区鍛冶屋763番地3", "url": "https://www.kaigokensaku.mhlw.go.jp/28/index.php?action_kouhyou_detail_004_kani=true&JigyosyoCd=2872700436-00&ServiceCd=320&Type=search", "url2": "https://siawase-sou/com" }, "geometry": { "type": "Point", "coordinates": [ 134.9312459, 35.0702102 ] } },
{ "type": "Feature", "properties": { "内容": "グループホーム琴音【認知症対応型共同生活介護】兵庫県加古郡稲美町国安１２５６番地", "url": "https://www.kaigokensaku.mhlw.go.jp/28/index.php?action_kouhyou_detail_004_kani=true&JigyosyoCd=2872800301-00&ServiceCd=320&Type=search", "url2": "https://hinode.or.jp/about/hinodefukushikai/" }, "geometry": { "type": "Point", "coordinates": [ 134.909348799999947, 34.7409276 ] } },
{ "type": "Feature", "properties": { "内容": "グループホーム国岡【認知症対応型共同生活介護】兵庫県稲美町国岡1丁目117番地", "url": "https://www.kaigokensaku.mhlw.go.jp/28/index.php?action_kouhyou_detail_004_kani=true&JigyosyoCd=2892800091-00&ServiceCd=320&Type=search", "url2": "http://www.hinode-wf.com" }, "geometry": { "type": "Point", "coordinates": [ 134.914242, 34.7483877 ] } },
{ "type": "Feature", "properties": { "内容": "グループホームＣＨＩＡＫＩほおずき播磨【認知症対応型共同生活介護】加古郡播磨町東野添２丁目１８番６号", "url": "https://www.kaigokensaku.mhlw.go.jp/28/index.php?action_kouhyou_detail_004_kani=true&JigyosyoCd=2872800293-00&ServiceCd=320&Type=search", "url2": "http://www.chiaki-hozuki.co.jp" }, "geometry": { "type": "Point", "coordinates": [ 134.881388099999981, 34.7147022 ] } },
{ "type": "Feature", "properties": { "内容": "あっぷるグループホーム播磨【認知症対応型共同生活介護】兵庫県加古郡播磨町野添４０１－３", "url": "https://www.kaigokensaku.mhlw.go.jp/28/index.php?action_kouhyou_detail_004_kani=true&JigyosyoCd=2892800042-00&ServiceCd=320&Type=search", "url2": "http://www.apple-117.jp/" }, "geometry": { "type": "Point", "coordinates": [ 134.875049799999942, 34.7154854 ] } },
{ "type": "Feature", "properties": { "内容": "グループホームひまわり荘【認知症対応型共同生活介護】兵庫県神崎郡市川町下牛尾2537-1", "url": "https://www.kaigokensaku.mhlw.go.jp/28/index.php?action_kouhyou_detail_004_kani=true&JigyosyoCd=2873400598-00&ServiceCd=320&Type=search", "url2": "http://www.himawarisou.or.jp" }, "geometry": { "type": "Point", "coordinates": [ 134.812475599999971, 35.0044692 ] } },
{ "type": "Feature", "properties": { "内容": "グループホーム　サルビア【認知症対応型共同生活介護】兵庫県神崎郡福崎町大貫580", "url": "https://www.kaigokensaku.mhlw.go.jp/28/index.php?action_kouhyou_detail_004_kani=true&JigyosyoCd=2873400739-00&ServiceCd=320&Type=search", "url2": "http://www.enyuukai.jp/" }, "geometry": { "type": "Point", "coordinates": [ 134.7855624, 34.944636400000014 ] } },
{ "type": "Feature", "properties": { "内容": "グループホームCHIAKIほおずき福崎【認知症対応型共同生活介護】南田原７５７－１", "url": "https://www.kaigokensaku.mhlw.go.jp/28/index.php?action_kouhyou_detail_004_kani=true&JigyosyoCd=2873400663-00&ServiceCd=320&Type=search", "url2": "http://www.chiaki-hozuki.co.jp" }, "geometry": { "type": "Point", "coordinates": [ 134.757223299999964, 34.9422971 ] } },
{ "type": "Feature", "properties": { "内容": "グループホームひまわり荘　福崎の家【認知症対応型共同生活介護】兵庫県神崎郡福崎町福田118-3", "url": "https://www.kaigokensaku.mhlw.go.jp/28/index.php?action_kouhyou_detail_004_kani=true&JigyosyoCd=2873400713-00&ServiceCd=320&Type=search", "url2": "info@himawarisou.or.jp" }, "geometry": { "type": "Point", "coordinates": [ 134.754264, 34.962497336212714 ] } },
{ "type": "Feature", "properties": { "内容": "アキタケメディカル「さくら」グループホーム【認知症対応型共同生活介護】兵庫県神崎郡神河町吉冨１５９７－１", "url": "https://www.kaigokensaku.mhlw.go.jp/28/index.php?action_kouhyou_detail_004_kani=true&JigyosyoCd=2873400614-00&ServiceCd=320&Type=search", "url2": null }, "geometry": { "type": "Point", "coordinates": [ 134.7771434, 35.0732792 ] } },
{ "type": "Feature", "properties": { "内容": "グループホームゆうゆう【認知症対応型共同生活介護】兵庫県神崎郡神河町福本字中茶屋山1241-3", "url": "https://www.kaigokensaku.mhlw.go.jp/28/index.php?action_kouhyou_detail_004_kani=true&JigyosyoCd=2873400762-00&ServiceCd=320&Type=search", "url2": "http://yuuyuu.houjyu-kai.or.jp/" }, "geometry": { "type": "Point", "coordinates": [ 134.771063799999979, 35.058386 ] } },
{ "type": "Feature", "properties": { "内容": "グループホームソラストももか太子【認知症対応型共同生活介護】兵庫県揖保郡太子町下阿曽15-1", "url": "https://www.kaigokensaku.mhlw.go.jp/28/index.php?action_kouhyou_detail_004_kani=true&JigyosyoCd=2894100060-00&ServiceCd=320&Type=search", "url2": null }, "geometry": { "type": "Point", "coordinates": [ 134.570321012614897, 34.83144426254276 ] } },
{ "type": "Feature", "properties": { "内容": "グループホーム　太子の郷【認知症対応型共同生活介護】兵庫県揖保郡太子町太田231番地の1", "url": "https://www.kaigokensaku.mhlw.go.jp/28/index.php?action_kouhyou_detail_004_kani=true&JigyosyoCd=2894100037-00&ServiceCd=320&Type=search", "url2": "http://taishinosato.org/" }, "geometry": { "type": "Point", "coordinates": [ 134.598354200000017, 34.8358394 ] } },
{ "type": "Feature", "properties": { "内容": "グループホームまほろばの里【認知症対応型共同生活介護】兵庫県揖保郡太子町塚森125-1", "url": "https://www.kaigokensaku.mhlw.go.jp/28/index.php?action_kouhyou_detail_004_kani=true&JigyosyoCd=2874100502-00&ServiceCd=320&Type=search", "url2": "http://mahorobanosato.jp/" }, "geometry": { "type": "Point", "coordinates": [ 134.570428099999987, 34.8141135 ] } },
{ "type": "Feature", "properties": { "内容": "グループホーム清音【認知症対応型共同生活介護】赤穂郡上郡町與井４２－１", "url": "https://www.kaigokensaku.mhlw.go.jp/28/index.php?action_kouhyou_detail_004_kani=true&JigyosyoCd=2893900015-00&ServiceCd=320&Type=search", "url2": "http://hohrainosato.com/" }, "geometry": { "type": "Point", "coordinates": [ 134.368402400000036, 34.8622284 ] } },
{ "type": "Feature", "properties": { "内容": "サンホームみかづきグループホーム【認知症対応型共同生活介護】佐用郡佐用町志文515番地", "url": "https://www.kaigokensaku.mhlw.go.jp/28/index.php?action_kouhyou_detail_004_kani=true&JigyosyoCd=2893700050-00&ServiceCd=320&Type=search", "url2": "http://www.sunhome-cat.jp" }, "geometry": { "type": "Point", "coordinates": [ 134.435564099999965, 35.0119406 ] } },
{ "type": "Feature", "properties": { "内容": "グループホームしいの木荘【認知症対応型共同生活介護】兵庫県美方郡香美町香住区森61番地1", "url": "https://www.kaigokensaku.mhlw.go.jp/28/index.php?action_kouhyou_detail_004_kani=true&JigyosyoCd=2894700026-00&ServiceCd=320&Type=search", "url2": "https://www.kami-koujyukai.jp" }, "geometry": { "type": "Point", "coordinates": [ 134.6279088, 35.6260311 ] } },
{ "type": "Feature", "properties": { "内容": "香美町社会福祉協議会香住ふれ愛介護センター認知症対応型共同生活援助事業所「かがやき」【認知症対応型共同生活介護】兵庫県美方郡香美町香住区無南垣96", "url": "https://www.kaigokensaku.mhlw.go.jp/28/index.php?action_kouhyou_detail_004_kani=true&JigyosyoCd=2874500370-00&ServiceCd=320&Type=search", "url2": "https://www.kami-shakyo.org/care/305/" }, "geometry": { "type": "Point", "coordinates": [ 134.6836227, 35.6529315 ] } },
{ "type": "Feature", "properties": { "内容": "グループホーム家族の家【認知症対応型共同生活介護】兵庫県美方郡香美町香住区山手191家族の家", "url": "https://www.kaigokensaku.mhlw.go.jp/28/index.php?action_kouhyou_detail_004_kani=true&JigyosyoCd=2894700034-00&ServiceCd=320&Type=search", "url2": null }, "geometry": { "type": "Point", "coordinates": [ 134.632527500000037, 35.6474147 ] } },
{ "type": "Feature", "properties": { "内容": "グループホーム　むらおかの空【認知症対応型共同生活介護】兵庫県美方郡香美町村岡区川会13番地1", "url": "https://www.kaigokensaku.mhlw.go.jp/28/index.php?action_kouhyou_detail_004_kani=true&JigyosyoCd=2874700285-00&ServiceCd=320&Type=search", "url2": "http://www.eonet.ne.jp/~kobusien/" }, "geometry": { "type": "Point", "coordinates": [ 134.573213900000042, 35.5000043 ] } },
{ "type": "Feature", "properties": { "内容": "いやしの館ゆむら【認知症対応型共同生活介護】兵庫県美方郡新温泉町歌長字熊田600番地", "url": "https://www.kaigokensaku.mhlw.go.jp/28/index.php?action_kouhyou_detail_004_kani=true&JigyosyoCd=2874700434-00&ServiceCd=320&Type=search", "url2": "https://tokuyo-yumura.com/" }, "geometry": { "type": "Point", "coordinates": [ 134.501548899999989, 35.546263 ] } },
{ "type": "Feature", "properties": { "内容": "いやしの館ゆむら　２号館【認知症対応型共同生活介護】兵庫県美方郡新温泉町歌長字熊田５９２－１番地", "url": "https://www.kaigokensaku.mhlw.go.jp/28/index.php?action_kouhyou_detail_004_kani=true&JigyosyoCd=2894700059-00&ServiceCd=320&Type=search", "url2": "https://tokuyo-yumura.com/" }, "geometry": { "type": "Point", "coordinates": [ 134.500546200000031, 35.5469546 ] } },
{ "type": "Feature", "properties": { "内容": "グループホーム　ありがとう【認知症対応型共同生活介護】七釜329-1", "url": "https://www.kaigokensaku.mhlw.go.jp/28/index.php?action_kouhyou_detail_004_kani=true&JigyosyoCd=2894700018-00&ServiceCd=320&Type=search", "url2": "arigatou1@nike.eonet.ne.jp" }, "geometry": { "type": "Point", "coordinates": [ 134.475161800000024, 35.6100334 ] } }
]
}
