{
"type": "FeatureCollection",
"name": "geo_28_通所リハビリテーション",
"crs": { "type": "name", "properties": { "name": "urn:ogc:def:crs:OGC:1.3:CRS84" } },
"features": [
{ "type": "Feature", "properties": { "内容": "医療法人社団　御影ごきげんクリニック【通所リハビリテーション】神戸市東灘区御影郡家2丁目16-10", "url": "https://www.kaigokensaku.mhlw.go.jp/28/index.php?action_kouhyou_detail_004_kani=true&JigyosyoCd=2810106795-00&ServiceCd=160&Type=search", "url2": "http://www.mk-gokigen.com/" }, "geometry": { "type": "Point", "coordinates": [ 135.253703099999967, 34.724340900000023 ] } },
{ "type": "Feature", "properties": { "内容": "医療法人明倫会　老人保健施設あずさ【通所リハビリテーション】兵庫県神戸市東灘区青木3丁目1－48", "url": "https://www.kaigokensaku.mhlw.go.jp/28/index.php?action_kouhyou_detail_004_kani=true&JigyosyoCd=2850180015-00&ServiceCd=160&Type=search", "url2": "http://meirinkai.or.jp/azusa/  " }, "geometry": { "type": "Point", "coordinates": [ 135.283024805203809, 34.714550482347761 ] } },
{ "type": "Feature", "properties": { "内容": "介護老人保健施設すばる魚崎の郷【通所リハビリテーション】神戸市東灘区魚崎西町２丁目3－19", "url": "https://www.kaigokensaku.mhlw.go.jp/28/index.php?action_kouhyou_detail_004_kani=true&JigyosyoCd=2850180049-00&ServiceCd=160&Type=search", "url2": "http://www.uozakinosato.jp" }, "geometry": { "type": "Point", "coordinates": [ 135.266188599999964, 34.7101454 ] } },
{ "type": "Feature", "properties": { "内容": "介護老人保健施設アネシス御影【通所リハビリテーション】神戸市東灘区御影石町1丁目1-32", "url": "https://www.kaigokensaku.mhlw.go.jp/28/index.php?action_kouhyou_detail_004_kani=true&JigyosyoCd=2850180056-00&ServiceCd=160&Type=search", "url2": "http://www.kouyukai.jp/" }, "geometry": { "type": "Point", "coordinates": [ 135.253666320901516, 34.70939783245521 ] } },
{ "type": "Feature", "properties": { "内容": "医療法人明倫会　宮地病院【通所リハビリテーション】兵庫県神戸市東灘区本山中町4丁目1番8号", "url": "https://www.kaigokensaku.mhlw.go.jp/28/index.php?action_kouhyou_detail_004_kani=true&JigyosyoCd=2810102703-00&ServiceCd=160&Type=search", "url2": "http://meirinkai.or.jp/miyaji/section/depts/rehabilitation/rha_studio" }, "geometry": { "type": "Point", "coordinates": [ 135.281045100000028, 34.7250052 ] } },
{ "type": "Feature", "properties": { "内容": "仁科整形外科　デイケア【通所リハビリテーション】神戸市東灘区北青木2-6-7", "url": "https://www.kaigokensaku.mhlw.go.jp/28/index.php?action_kouhyou_detail_004_kani=true&JigyosyoCd=2810104766-00&ServiceCd=160&Type=search", "url2": "http://www.keijin-kai.com/nishina_orthopaedic/service23.html" }, "geometry": { "type": "Point", "coordinates": [ 135.282840561971312, 34.719100130224049 ] } },
{ "type": "Feature", "properties": { "内容": "東神戸病院【通所リハビリテーション】神戸市東灘区住吉本町１丁目24番13号", "url": "https://www.kaigokensaku.mhlw.go.jp/28/index.php?action_kouhyou_detail_004_kani=true&JigyosyoCd=2810102554-00&ServiceCd=160&Type=search", "url2": "http://www.k-kyowakai.or.jp/eastkobehp" }, "geometry": { "type": "Point", "coordinates": [ 135.260261, 34.7223051 ] } },
{ "type": "Feature", "properties": { "内容": "かみむら整形外科クリニック【通所リハビリテーション】兵庫県神戸市東灘区田中町1丁目11-20KOMATSU　GREENBLD.3F", "url": "https://www.kaigokensaku.mhlw.go.jp/28/index.php?action_kouhyou_detail_004_kani=true&JigyosyoCd=2810106241-00&ServiceCd=160&Type=search", "url2": "http://www.kamimura-clinic-kobe.com/" }, "geometry": { "type": "Point", "coordinates": [ 135.2769955, 34.7260217 ] } },
{ "type": "Feature", "properties": { "内容": "吉野脳神経外科クリニック【通所リハビリテーション】森南町1-6-2Ｆ甲南山手ビル　１Ｆ　４Ｆ", "url": "https://www.kaigokensaku.mhlw.go.jp/28/index.php?action_kouhyou_detail_004_kani=true&JigyosyoCd=2810106340-00&ServiceCd=160&Type=search", "url2": "https://yoshino-reha.com" }, "geometry": { "type": "Point", "coordinates": [ 135.293927199999985, 34.7290356 ] } },
{ "type": "Feature", "properties": { "内容": "アトレーユうおざき【通所リハビリテーション】兵庫県神戸市東灘区魚崎南町3-7-18", "url": "https://www.kaigokensaku.mhlw.go.jp/28/index.php?action_kouhyou_detail_004_kani=true&JigyosyoCd=2850180023-00&ServiceCd=160&Type=search", "url2": "http://atoreiyu.sakura.ne.jp/" }, "geometry": { "type": "Point", "coordinates": [ 135.275837700000011, 34.7104733 ] } },
{ "type": "Feature", "properties": { "内容": "甲南介護老人保健施設【通所リハビリテーション】神戸市東灘区向洋町中３丁目２番５", "url": "https://www.kaigokensaku.mhlw.go.jp/28/index.php?action_kouhyou_detail_004_kani=true&JigyosyoCd=2850180031-00&ServiceCd=160&Type=search", "url2": "https://kohnan.or.jp/kohnan_hoken/" }, "geometry": { "type": "Point", "coordinates": [ 135.271509224081484, 34.68688266117082 ] } },
{ "type": "Feature", "properties": { "内容": "やなぎ整形外科クリニック【通所リハビリテーション】兵庫県神戸市東灘区魚崎南町５－１３－１", "url": "https://www.kaigokensaku.mhlw.go.jp/28/index.php?action_kouhyou_detail_004_kani=true&JigyosyoCd=2810105573-00&ServiceCd=160&Type=search", "url2": "http://www.yanagi.asia/" }, "geometry": { "type": "Point", "coordinates": [ 135.2697474, 34.710359500000038 ] } },
{ "type": "Feature", "properties": { "内容": "医療法人愛和会　金沢病院【通所リハビリテーション】兵庫県神戸市灘区神ノ木通4-2-15", "url": "https://www.kaigokensaku.mhlw.go.jp/28/index.php?action_kouhyou_detail_004_kani=true&JigyosyoCd=2810201406-00&ServiceCd=160&Type=search", "url2": "http://www.kanazawa-hp.jp/" }, "geometry": { "type": "Point", "coordinates": [ 135.229054899999937, 34.7140449 ] } },
{ "type": "Feature", "properties": { "内容": "介護老人保健施設　ケアホーム　すばる【通所リハビリテーション】神戸市灘区大和町1-2-1", "url": "https://www.kaigokensaku.mhlw.go.jp/28/index.php?action_kouhyou_detail_004_kani=true&JigyosyoCd=2850280013-00&ServiceCd=160&Type=search", "url2": "http://www.carehome-subaru.jp/" }, "geometry": { "type": "Point", "coordinates": [ 135.247773100000018, 34.7177195 ] } },
{ "type": "Feature", "properties": { "内容": "介護老人保健施設　神戸日の出苑【通所リハビリテーション】神戸市灘区大石南町2-1-1", "url": "https://www.kaigokensaku.mhlw.go.jp/28/index.php?action_kouhyou_detail_004_kani=true&JigyosyoCd=2850280021-00&ServiceCd=160&Type=search", "url2": "http://www.shizutanikai.com" }, "geometry": { "type": "Point", "coordinates": [ 135.232110599999942, 34.7027824 ] } },
{ "type": "Feature", "properties": { "内容": "カネディアンヒル　デイケアセンター【通所リハビリテーション】兵庫県神戸市灘区長峰台２丁目３-１", "url": "https://www.kaigokensaku.mhlw.go.jp/28/index.php?action_kouhyou_detail_004_kani=true&JigyosyoCd=2850280039-00&ServiceCd=160&Type=search", "url2": "http://www.souseikai.jp/" }, "geometry": { "type": "Point", "coordinates": [ 135.222121600000037, 34.7260213 ] } },
{ "type": "Feature", "properties": { "内容": "介護老人保健施設すばる六甲【通所リハビリテーション】兵庫県神戸市灘区鶴甲１丁目３番１０号", "url": "https://www.kaigokensaku.mhlw.go.jp/28/index.php?action_kouhyou_detail_004_kani=true&JigyosyoCd=2850280047-00&ServiceCd=160&Type=search", "url2": "http://www.subaru-rokko.com" }, "geometry": { "type": "Point", "coordinates": [ 135.238895500000012, 34.7319678 ] } },
{ "type": "Feature", "properties": { "内容": "医療法人社団　中林整形外科クリニック【通所リハビリテーション】神戸市灘区水道筋4丁目３−１４", "url": "https://www.kaigokensaku.mhlw.go.jp/28/index.php?action_kouhyou_detail_004_kani=true&JigyosyoCd=2810205035-00&ServiceCd=160&Type=search", "url2": "https://www.nakabayashi-seikei.jp" }, "geometry": { "type": "Point", "coordinates": [ 135.222722403041075, 34.712845063907174 ] } },
{ "type": "Feature", "properties": { "内容": "田所病院【通所リハビリテーション】兵庫県神戸市灘区船寺通1-2-1", "url": "https://www.kaigokensaku.mhlw.go.jp/28/index.php?action_kouhyou_detail_004_kani=true&JigyosyoCd=2810205274-00&ServiceCd=160&Type=search", "url2": "http://tadokorohp.or.jp" }, "geometry": { "type": "Point", "coordinates": [ 135.230435599999964, 34.7069902 ] } },
{ "type": "Feature", "properties": { "内容": "ろっこう医療生活協同組合つどい【通所リハビリテーション】神戸市灘区水道筋６－６－３", "url": "https://www.kaigokensaku.mhlw.go.jp/28/index.php?action_kouhyou_detail_004_kani=true&JigyosyoCd=2870201122-00&ServiceCd=160&Type=search", "url2": null }, "geometry": { "type": "Point", "coordinates": [ 135.220055600000023, 34.7111785 ] } },
{ "type": "Feature", "properties": { "内容": "医療法人社団　顕鐘会神戸百年記念病院【通所リハビリテーション】兵庫県神戸市兵庫区御崎町1丁目9番1号", "url": "https://www.kaigokensaku.mhlw.go.jp/28/index.php?action_kouhyou_detail_004_kani=true&JigyosyoCd=2810506762-00&ServiceCd=160&Type=search", "url2": "www.kobe-century-mh.or.jp" }, "geometry": { "type": "Point", "coordinates": [ 135.168672199999946, 34.6588134 ] } },
{ "type": "Feature", "properties": { "内容": "おかだ整形外科クリニック【通所リハビリテーション】兵庫県神戸市兵庫区荒田町4-1-16", "url": "https://www.kaigokensaku.mhlw.go.jp/28/index.php?action_kouhyou_detail_004_kani=true&JigyosyoCd=2810506960-00&ServiceCd=160&Type=search", "url2": "http://www.okada-seikei.jp/" }, "geometry": { "type": "Point", "coordinates": [ 135.166199091401637, 34.683422723298897 ] } },
{ "type": "Feature", "properties": { "内容": "介護老人保健施設　アネシス兵庫【通所リハビリテーション】兵庫県神戸市兵庫区吉田町1-8-21", "url": "https://www.kaigokensaku.mhlw.go.jp/28/index.php?action_kouhyou_detail_004_kani=true&JigyosyoCd=2850580032-00&ServiceCd=160&Type=search", "url2": "http://i-souseikai.jp" }, "geometry": { "type": "Point", "coordinates": [ 135.1704277, 34.6534221 ] } },
{ "type": "Feature", "properties": { "内容": "介護老人保健施設　ドリームヒルズ滝山【通所リハビリテーション】神戸市兵庫区滝山町７－２", "url": "https://www.kaigokensaku.mhlw.go.jp/28/index.php?action_kouhyou_detail_004_kani=true&JigyosyoCd=2850580040-00&ServiceCd=160&Type=search", "url2": "https://taiyukai.jp/dreamhills/daycare/" }, "geometry": { "type": "Point", "coordinates": [ 135.152236899999906, 34.6839608 ] } },
{ "type": "Feature", "properties": { "内容": "介護老人保健施設　兵庫みどり苑【通所リハビリテーション】神戸市兵庫区大開通２丁目２番１号", "url": "https://www.kaigokensaku.mhlw.go.jp/28/index.php?action_kouhyou_detail_004_kani=true&JigyosyoCd=2850580024-00&ServiceCd=160&Type=search", "url2": "http://www.sendankai.or.jp" }, "geometry": { "type": "Point", "coordinates": [ 135.169077499999958, 34.6750481 ] } },
{ "type": "Feature", "properties": { "内容": "医療法人社団三進会　家富整形外科・循環器科【通所リハビリテーション】兵庫県神戸市兵庫区塚本通７丁目１－２０", "url": "https://www.kaigokensaku.mhlw.go.jp/28/index.php?action_kouhyou_detail_004_kani=true&JigyosyoCd=2810505491-00&ServiceCd=160&Type=search", "url2": "https://www.ietomi.com/" }, "geometry": { "type": "Point", "coordinates": [ 135.163209788360632, 34.669296611960299 ] } },
{ "type": "Feature", "properties": { "内容": "介護老人保健施設鵠芭【通所リハビリテーション】兵庫県神戸市兵庫区湊川町6丁目4‐12介護老人保健施設鵠芭", "url": "https://www.kaigokensaku.mhlw.go.jp/28/index.php?action_kouhyou_detail_004_kani=true&JigyosyoCd=2850580081-00&ServiceCd=160&Type=search", "url2": "https://konshinkai.or.jp/tazuha/" }, "geometry": { "type": "Point", "coordinates": [ 135.1603409, 34.6828828 ] } },
{ "type": "Feature", "properties": { "内容": "神戸協同病院【通所リハビリテーション】神戸市長田区久保町2丁目4-7", "url": "https://www.kaigokensaku.mhlw.go.jp/28/index.php?action_kouhyou_detail_004_kani=true&JigyosyoCd=2810603643-00&ServiceCd=160&Type=search", "url2": "http.//www.kobe-iseikyo.or.jp" }, "geometry": { "type": "Point", "coordinates": [ 135.1496598, 34.6555912 ] } },
{ "type": "Feature", "properties": { "内容": "野瀬まごころ診療所　通所リハビリテーション【通所リハビリテーション】兵庫県神戸市長田区久保町3丁目9-7、久保町3丁目9-1", "url": "https://www.kaigokensaku.mhlw.go.jp/28/index.php?action_kouhyou_detail_004_kani=true&JigyosyoCd=2810606406-00&ServiceCd=160&Type=search", "url2": "http://juzenkai.group.or.jp" }, "geometry": { "type": "Point", "coordinates": [ 135.1488508, 34.6545966 ] } },
{ "type": "Feature", "properties": { "内容": "介護老人保健施設　神戸長者町白寿苑【通所リハビリテーション】神戸市長田区長者町１９－１", "url": "https://www.kaigokensaku.mhlw.go.jp/28/index.php?action_kouhyou_detail_004_kani=true&JigyosyoCd=2850680030-00&ServiceCd=160&Type=search", "url2": "http://www.nojigiku.or.jp" }, "geometry": { "type": "Point", "coordinates": [ 135.132135699999907, 34.6814108 ] } },
{ "type": "Feature", "properties": { "内容": "フェニックス長田キュアセンター【通所リハビリテーション】神戸市長田区林山町4番22", "url": "https://www.kaigokensaku.mhlw.go.jp/28/index.php?action_kouhyou_detail_004_kani=true&JigyosyoCd=2850680055-00&ServiceCd=160&Type=search", "url2": "http://www.ikkoukai.jp/" }, "geometry": { "type": "Point", "coordinates": [ 135.142290499999945, 34.6787501 ] } },
{ "type": "Feature", "properties": { "内容": "介護老人保健施設　ヴィラ光陽【通所リハビリテーション】兵庫県神戸市長田区大日丘町２丁目７番地", "url": "https://www.kaigokensaku.mhlw.go.jp/28/index.php?action_kouhyou_detail_004_kani=true&JigyosyoCd=2850680071-00&ServiceCd=160&Type=search", "url2": "https://koyo.rouken.jp/" }, "geometry": { "type": "Point", "coordinates": [ 135.1368803, 34.6900555 ] } },
{ "type": "Feature", "properties": { "内容": "介護老人保健施設サニーヒル【通所リハビリテーション】神戸市長田区大日丘町３丁目２番１号", "url": "https://www.kaigokensaku.mhlw.go.jp/28/index.php?action_kouhyou_detail_004_kani=true&JigyosyoCd=2850680014-00&ServiceCd=160&Type=search", "url2": "https://www.seishunkai.jp/" }, "geometry": { "type": "Point", "coordinates": [ 135.135690899999986, 34.6881518 ] } },
{ "type": "Feature", "properties": { "内容": "介護医療院よしだ【通所リハビリテーション】東尻池町1丁目10-23", "url": "https://www.kaigokensaku.mhlw.go.jp/28/index.php?action_kouhyou_detail_004_kani=true&JigyosyoCd=28B0600019-00&ServiceCd=160&Type=search", "url2": "https://www.yoshida-hp.or.jp/" }, "geometry": { "type": "Point", "coordinates": [ 135.1560256, 34.6622731 ] } },
{ "type": "Feature", "properties": { "内容": "長谷川医院【通所リハビリテーション】兵庫県神戸市須磨区月見山本町1丁目5番34号", "url": "https://www.kaigokensaku.mhlw.go.jp/28/index.php?action_kouhyou_detail_004_kani=true&JigyosyoCd=2810702676-00&ServiceCd=160&Type=search", "url2": "https://hasegawa-daycare.jimdo.com" }, "geometry": { "type": "Point", "coordinates": [ 135.123320700000022, 34.6491529 ] } },
{ "type": "Feature", "properties": { "内容": "介護老人保健施設　いきいきの郷【通所リハビリテーション】神戸市須磨区友が丘７丁目１－２５", "url": "https://www.kaigokensaku.mhlw.go.jp/28/index.php?action_kouhyou_detail_004_kani=true&JigyosyoCd=2850780012-00&ServiceCd=160&Type=search", "url2": "http://www.jikeikai-group.or.jp/ikiiki/" }, "geometry": { "type": "Point", "coordinates": [ 135.10102489999997, 34.6703003 ] } },
{ "type": "Feature", "properties": { "内容": "介護老人保健施設　すま松の郷【通所リハビリテーション】神戸市須磨区妙法寺字樫原２－１", "url": "https://www.kaigokensaku.mhlw.go.jp/28/index.php?action_kouhyou_detail_004_kani=true&JigyosyoCd=2850780053-00&ServiceCd=160&Type=search", "url2": "https://shouzenkai.or.jp" }, "geometry": { "type": "Point", "coordinates": [ 135.1230812, 34.6711397 ] } },
{ "type": "Feature", "properties": { "内容": "介護老人保健施設オラージュ須磨【通所リハビリテーション】若草町3-622-11", "url": "https://www.kaigokensaku.mhlw.go.jp/28/index.php?action_kouhyou_detail_004_kani=true&JigyosyoCd=2850780061-00&ServiceCd=160&Type=search", "url2": "http://i-souseikai.jp/" }, "geometry": { "type": "Point", "coordinates": [ 135.115503600000011, 34.6920899 ] } },
{ "type": "Feature", "properties": { "内容": "医療法人社団ヒロメディカル　小野クリニック【通所リハビリテーション】兵庫県神戸市須磨区須磨寺町２丁目７－５メディック須磨寺　１階", "url": "https://www.kaigokensaku.mhlw.go.jp/28/index.php?action_kouhyou_detail_004_kani=true&JigyosyoCd=2810704243-00&ServiceCd=160&Type=search", "url2": "http://www.ono-clinic.com" }, "geometry": { "type": "Point", "coordinates": [ 135.114396599999964, 34.6482501 ] } },
{ "type": "Feature", "properties": { "内容": "グリーンリーフ高倉【通所リハビリテーション】神戸市須磨区高倉町１丁目6-24", "url": "https://www.kaigokensaku.mhlw.go.jp/28/index.php?action_kouhyou_detail_004_kani=true&JigyosyoCd=2850780046-00&ServiceCd=160&Type=search", "url2": "https://www.greenleaf-takakura.com/" }, "geometry": { "type": "Point", "coordinates": [ 135.10809990000007, 34.6472196 ] } },
{ "type": "Feature", "properties": { "内容": "介護老人保健施設　すみれ苑　デイケアセンター【通所リハビリテーション】神戸市須磨区東白川台２丁目１２－１", "url": "https://www.kaigokensaku.mhlw.go.jp/28/index.php?action_kouhyou_detail_004_kani=true&JigyosyoCd=2850780038-00&ServiceCd=160&Type=search", "url2": "http://www.sumire.or.jp/sumire-en/" }, "geometry": { "type": "Point", "coordinates": [ 135.104652, 34.6922065 ] } },
{ "type": "Feature", "properties": { "内容": "池垣　クリニック【通所リハビリテーション】兵庫県神戸市垂水区天ノ下町１１－７", "url": "https://www.kaigokensaku.mhlw.go.jp/28/index.php?action_kouhyou_detail_004_kani=true&JigyosyoCd=2810804258-00&ServiceCd=160&Type=search", "url2": "http://www.reference.co.jp/maeda/" }, "geometry": { "type": "Point", "coordinates": [ 135.051241399999981, 34.6312433 ] } },
{ "type": "Feature", "properties": { "内容": "医療法人社団菫会　名谷病院【通所リハビリテーション】兵庫県神戸市垂水区名谷町字梨原2350-2", "url": "https://www.kaigokensaku.mhlw.go.jp/28/index.php?action_kouhyou_detail_004_kani=true&JigyosyoCd=2810804308-00&ServiceCd=160&Type=search", "url2": "http://www.myodani.com" }, "geometry": { "type": "Point", "coordinates": [ 135.074513499999966, 34.6670476 ] } },
{ "type": "Feature", "properties": { "内容": "医療法人社団　阿部医院　希望の丘クリニック　希望の丘通所リハビリセンター【通所リハビリテーション】神陵台7-4-13", "url": "https://www.kaigokensaku.mhlw.go.jp/28/index.php?action_kouhyou_detail_004_kani=true&JigyosyoCd=2810805487-00&ServiceCd=160&Type=search", "url2": "http://www.kibounooka.org" }, "geometry": { "type": "Point", "coordinates": [ 135.036131943260784, 34.661836144162123 ] } },
{ "type": "Feature", "properties": { "内容": "社会医療法人社団順心会　順心神戸病院【通所リハビリテーション】兵庫県神戸市垂水区小束台868番地", "url": "https://www.kaigokensaku.mhlw.go.jp/28/index.php?action_kouhyou_detail_004_kani=true&JigyosyoCd=2810805792-00&ServiceCd=160&Type=search", "url2": "https://www.junshin.or.jp/kobe.html" }, "geometry": { "type": "Point", "coordinates": [ 135.053330858752417, 34.6733935588151 ] } },
{ "type": "Feature", "properties": { "内容": "老人保健施設　マイン・レーベン【通所リハビリテーション】神戸市垂水区清水が丘２丁目５番１号", "url": "https://www.kaigokensaku.mhlw.go.jp/28/index.php?action_kouhyou_detail_004_kani=true&JigyosyoCd=2850880028-00&ServiceCd=160&Type=search", "url2": "http:/www.mein-leben.jp/" }, "geometry": { "type": "Point", "coordinates": [ 135.040477900000042, 34.6503408 ] } },
{ "type": "Feature", "properties": { "内容": "老人保健施設　舞子台【通所リハビリテーション】神戸市垂水区舞子台7-2-1", "url": "https://www.kaigokensaku.mhlw.go.jp/28/index.php?action_kouhyou_detail_004_kani=true&JigyosyoCd=2850880036-00&ServiceCd=160&Type=search", "url2": "http://www32.ocn.ne.jp/~maikodai/rouken.htm" }, "geometry": { "type": "Point", "coordinates": [ 135.0414002, 34.6399198 ] } },
{ "type": "Feature", "properties": { "内容": "介護老人保健施設　名谷すみれ苑【通所リハビリテーション】神戸市垂水区名谷町字梨原２３５０－１", "url": "https://www.kaigokensaku.mhlw.go.jp/28/index.php?action_kouhyou_detail_004_kani=true&JigyosyoCd=2850880044-00&ServiceCd=160&Type=search", "url2": "http://myodani-sumire.jp/" }, "geometry": { "type": "Point", "coordinates": [ 135.074513499999966, 34.6670476 ] } },
{ "type": "Feature", "properties": { "内容": "介護老人保健施設　フローラルヴィラ垂水【通所リハビリテーション】兵庫県神戸市垂水区下畑町西砂山301-1", "url": "https://www.kaigokensaku.mhlw.go.jp/28/index.php?action_kouhyou_detail_004_kani=true&JigyosyoCd=2850880051-00&ServiceCd=160&Type=search", "url2": "https://seihoukai-grp.jp" }, "geometry": { "type": "Point", "coordinates": [ 135.093509600000061, 34.6470556 ] } },
{ "type": "Feature", "properties": { "内容": "フェニックス垂水キュアセンター【通所リハビリテーション】神戸市垂水区塩屋北町2-24-16", "url": "https://www.kaigokensaku.mhlw.go.jp/28/index.php?action_kouhyou_detail_004_kani=true&JigyosyoCd=2850880069-00&ServiceCd=160&Type=search", "url2": "http://www.ikkoukai.jp/" }, "geometry": { "type": "Point", "coordinates": [ 135.086682399999972, 34.6487664 ] } },
{ "type": "Feature", "properties": { "内容": "介護老人保健施設　四季の郷【通所リハビリテーション】垂水区南多聞台2-9-3", "url": "https://www.kaigokensaku.mhlw.go.jp/28/index.php?action_kouhyou_detail_004_kani=true&JigyosyoCd=2850880077-00&ServiceCd=160&Type=search", "url2": "https://www.kisshokai.or.jp/facilities2/index.html" }, "geometry": { "type": "Point", "coordinates": [ 135.035014400000023, 34.6544568 ] } },
{ "type": "Feature", "properties": { "内容": "介護法人保健施設　垂水すみれ苑　デイケアセンター【通所リハビリテーション】神戸市垂水区名谷町字猿倉241-5", "url": "https://www.kaigokensaku.mhlw.go.jp/28/index.php?action_kouhyou_detail_004_kani=true&JigyosyoCd=2850880085-00&ServiceCd=160&Type=search", "url2": "http//www.sumire.or.jp" }, "geometry": { "type": "Point", "coordinates": [ 135.063601100000028, 34.6493302 ] } },
{ "type": "Feature", "properties": { "内容": "介護老人保健施設　みどりの丘【通所リハビリテーション】小束台868番地1130", "url": "https://www.kaigokensaku.mhlw.go.jp/28/index.php?action_kouhyou_detail_004_kani=true&JigyosyoCd=2850880093-00&ServiceCd=160&Type=search", "url2": "http://www.rouken-midori.jp" }, "geometry": { "type": "Point", "coordinates": [ 135.052515200000016, 34.6742299 ] } },
{ "type": "Feature", "properties": { "内容": "介護老人保健施設　フローラルヴィラ桃山台【通所リハビリテーション】兵庫県神戸市垂水区桃山台5丁目1117-1", "url": "https://www.kaigokensaku.mhlw.go.jp/28/index.php?action_kouhyou_detail_004_kani=true&JigyosyoCd=2850880135-00&ServiceCd=160&Type=search", "url2": "https://seihoukai-grp.jp" }, "geometry": { "type": "Point", "coordinates": [ 135.0857397, 34.657429 ] } },
{ "type": "Feature", "properties": { "内容": "星島整形外科・リハビリテーション【通所リハビリテーション】兵庫県神戸市垂水区天ノ下町５番３号", "url": "https://www.kaigokensaku.mhlw.go.jp/28/index.php?action_kouhyou_detail_004_kani=true&JigyosyoCd=2810806089-00&ServiceCd=160&Type=search", "url2": "https://www.kobe-med.net/seikei/" }, "geometry": { "type": "Point", "coordinates": [ 135.051753, 34.6305966 ] } },
{ "type": "Feature", "properties": { "内容": "井尻整形外科【通所リハビリテーション】兵庫県神戸市垂水日向１丁目4-1レバンテ垂水１番館２階", "url": "https://www.kaigokensaku.mhlw.go.jp/28/index.php?action_kouhyou_detail_004_kani=true&JigyosyoCd=2810804076-00&ServiceCd=160&Type=search", "url2": null }, "geometry": { "type": "Point", "coordinates": [ 135.055768199999989, 34.6305805 ] } },
{ "type": "Feature", "properties": { "内容": "社会医療法人社団　桃山台せいほうクリニック【通所リハビリテーション】兵庫県神戸市垂水区桃山台5丁目1116-16", "url": "https://www.kaigokensaku.mhlw.go.jp/28/index.php?action_kouhyou_detail_004_kani=true&JigyosyoCd=2810805966-00&ServiceCd=160&Type=search", "url2": "http//www.seihoukai.com" }, "geometry": { "type": "Point", "coordinates": [ 135.0862794, 34.6576292 ] } },
{ "type": "Feature", "properties": { "内容": "入江医院【通所リハビリテーション】兵庫県神戸市北区緑町２丁目３－２４福田が辻ビル３Ｆ", "url": "https://www.kaigokensaku.mhlw.go.jp/28/index.php?action_kouhyou_detail_004_kani=true&JigyosyoCd=2815001421-00&ServiceCd=160&Type=search", "url2": "http://www.irie-cons.org" }, "geometry": { "type": "Point", "coordinates": [ 135.149761099999978, 34.7482925 ] } },
{ "type": "Feature", "properties": { "内容": "石野整形外科【通所リハビリテーション】兵庫県　　神戸市　　北区　南五葉2丁目1-29第2吉田ビル", "url": "https://www.kaigokensaku.mhlw.go.jp/28/index.php?action_kouhyou_detail_004_kani=true&JigyosyoCd=2815001876-00&ServiceCd=160&Type=search", "url2": null }, "geometry": { "type": "Point", "coordinates": [ 135.133007200000065, 34.7257529 ] } },
{ "type": "Feature", "properties": { "内容": "松田病院　通所リハビリテーション【通所リハビリテーション】兵庫県神戸市北区松が枝町3丁目１番74号", "url": "https://www.kaigokensaku.mhlw.go.jp/28/index.php?action_kouhyou_detail_004_kani=true&JigyosyoCd=2815002221-00&ServiceCd=160&Type=search", "url2": "http://www.jyowakai.or.jp/" }, "geometry": { "type": "Point", "coordinates": [ 135.154412900000011, 34.7583522 ] } },
{ "type": "Feature", "properties": { "内容": "真星病院通所リハビリテーション【通所リハビリテーション】兵庫県神戸市北区山田町上谷上字上谷上古々谷12-3", "url": "https://www.kaigokensaku.mhlw.go.jp/28/index.php?action_kouhyou_detail_004_kani=true&JigyosyoCd=2815002965-00&ServiceCd=160&Type=search", "url2": "https://www.mahoshi.com/" }, "geometry": { "type": "Point", "coordinates": [ 135.189749054582478, 34.770964021739765 ] } },
{ "type": "Feature", "properties": { "内容": "吉野医院【通所リハビリテーション】鈴蘭台東町1丁目9-1", "url": "https://www.kaigokensaku.mhlw.go.jp/28/index.php?action_kouhyou_detail_004_kani=true&JigyosyoCd=2815003278-00&ServiceCd=160&Type=search", "url2": "https://.yoshinoiin.com/." }, "geometry": { "type": "Point", "coordinates": [ 135.146717299999978, 34.7226315 ] } },
{ "type": "Feature", "properties": { "内容": "恒生かのこ病院【通所リハビリテーション】兵庫県神戸市北区鹿の子台北町8-11-1", "url": "https://www.kaigokensaku.mhlw.go.jp/28/index.php?action_kouhyou_detail_004_kani=true&JigyosyoCd=2815003724-00&ServiceCd=160&Type=search", "url2": "http://kanoko-hp.jp/" }, "geometry": { "type": "Point", "coordinates": [ 135.2189405, 34.8570738 ] } },
{ "type": "Feature", "properties": { "内容": "神戸中央病院附属介護老人保健施設【通所リハビリテーション】兵庫県神戸市北区惣山町2-1-9", "url": "https://www.kaigokensaku.mhlw.go.jp/28/index.php?action_kouhyou_detail_004_kani=true&JigyosyoCd=2855080012-00&ServiceCd=160&Type=search", "url2": "http://kobe.jcho.go.jp" }, "geometry": { "type": "Point", "coordinates": [ 135.154308, 34.7371244 ] } },
{ "type": "Feature", "properties": { "内容": "社会医療法人　寿栄会　介護老人保健施設　青い空の郷【通所リハビリテーション】兵庫県神戸市北区長尾町上津４６６３番地の３", "url": "https://www.kaigokensaku.mhlw.go.jp/28/index.php?action_kouhyou_detail_004_kani=true&JigyosyoCd=2855080020-00&ServiceCd=160&Type=search", "url2": "http://www.aoisoranosato.com/" }, "geometry": { "type": "Point", "coordinates": [ 135.1667473, 34.8890205 ] } },
{ "type": "Feature", "properties": { "内容": "老人保健施設　桃源の郷【通所リハビリテーション】神戸市北区有野中町４丁目１８番２１号", "url": "https://www.kaigokensaku.mhlw.go.jp/28/index.php?action_kouhyou_detail_004_kani=true&JigyosyoCd=2855080046-00&ServiceCd=160&Type=search", "url2": "http://www.keishuukai.com/" }, "geometry": { "type": "Point", "coordinates": [ 135.226256, 34.8343778 ] } },
{ "type": "Feature", "properties": { "内容": "介護老人保健施設シルバーステイあじさい【通所リハビリテーション】兵庫県神戸市北区緑町8丁目12番1号", "url": "https://www.kaigokensaku.mhlw.go.jp/28/index.php?action_kouhyou_detail_004_kani=true&JigyosyoCd=2855080061-00&ServiceCd=160&Type=search", "url2": "http://www.hokuto-hp.or.jp" }, "geometry": { "type": "Point", "coordinates": [ 135.155313500000034, 34.7513478 ] } },
{ "type": "Feature", "properties": { "内容": "介護老人保健施設　リハ・神戸【通所リハビリテーション】神戸市北区しあわせの村1-19", "url": "https://www.kaigokensaku.mhlw.go.jp/28/index.php?action_kouhyou_detail_004_kani=true&JigyosyoCd=2855080079-00&ServiceCd=160&Type=search", "url2": "http://kzc.jp/r-kobe" }, "geometry": { "type": "Point", "coordinates": [ 135.11495808518066, 34.70542265938478 ] } },
{ "type": "Feature", "properties": { "内容": "介護老人保健施設うらら【通所リハビリテーション】神戸市北区淡河町淡河５７４", "url": "https://www.kaigokensaku.mhlw.go.jp/28/index.php?action_kouhyou_detail_004_kani=true&JigyosyoCd=2855080095-00&ServiceCd=160&Type=search", "url2": "http://www.roken-urara.jp" }, "geometry": { "type": "Point", "coordinates": [ 135.100106200000027, 34.8124566 ] } },
{ "type": "Feature", "properties": { "内容": "介護老人保健施設　あすなろ旭【通所リハビリテーション】神戸市北区西大池１丁目３１番２８号", "url": "https://www.kaigokensaku.mhlw.go.jp/28/index.php?action_kouhyou_detail_004_kani=true&JigyosyoCd=2855080103-00&ServiceCd=160&Type=search", "url2": "http://www.asunaro-asahi.com/" }, "geometry": { "type": "Point", "coordinates": [ 135.1981538, 34.7785281 ] } },
{ "type": "Feature", "properties": { "内容": "デイケア　ありまの湯【通所リハビリテーション】神戸市北区有馬町1819の2", "url": "https://www.kaigokensaku.mhlw.go.jp/28/index.php?action_kouhyou_detail_004_kani=true&JigyosyoCd=2875001402-00&ServiceCd=160&Type=search", "url2": "http://www10.ocn.ne.jp/~aohs/" }, "geometry": { "type": "Point", "coordinates": [ 135.258595886322041, 34.798487666737458 ] } },
{ "type": "Feature", "properties": { "内容": "鈴蘭台リハビリ・ステーション　ステップ【通所リハビリテーション】兵庫県神戸市北区鈴蘭台東町1丁目9-1", "url": "https://www.kaigokensaku.mhlw.go.jp/28/index.php?action_kouhyou_detail_004_kani=true&JigyosyoCd=2875002731-00&ServiceCd=160&Type=search", "url2": "http://yoshino-reha.com" }, "geometry": { "type": "Point", "coordinates": [ 135.146717299999978, 34.7226315 ] } },
{ "type": "Feature", "properties": { "内容": "医療法人社団甲北会　甲北病院【通所リハビリテーション】有野中町1丁目18番36号", "url": "https://www.kaigokensaku.mhlw.go.jp/28/index.php?action_kouhyou_detail_004_kani=true&JigyosyoCd=2815003245-00&ServiceCd=160&Type=search", "url2": "www.kouhoku-hospiatal.com" }, "geometry": { "type": "Point", "coordinates": [ 135.2240416, 34.8234399 ] } },
{ "type": "Feature", "properties": { "内容": "介護老人保健施設　向陽りんどう苑【通所リハビリテーション】兵庫県神戸市北区有野町有野１４８４－１", "url": "https://www.kaigokensaku.mhlw.go.jp/28/index.php?action_kouhyou_detail_004_kani=true&JigyosyoCd=2855080038-00&ServiceCd=160&Type=search", "url2": "http://www.rindouen.or.jp/" }, "geometry": { "type": "Point", "coordinates": [ 135.2243201, 34.8161133 ] } },
{ "type": "Feature", "properties": { "内容": "介護老人保健施設カトレア六甲【通所リハビリテーション】唐櫃台4丁目39番1", "url": "https://www.kaigokensaku.mhlw.go.jp/28/index.php?action_kouhyou_detail_004_kani=true&JigyosyoCd=2855080129-00&ServiceCd=160&Type=search", "url2": "https://www.imwg.or.jp/" }, "geometry": { "type": "Point", "coordinates": [ 135.2103454, 34.7867623 ] } },
{ "type": "Feature", "properties": { "内容": "めぐみクリニック【通所リハビリテーション】港島中町3-1-2", "url": "https://www.kaigokensaku.mhlw.go.jp/28/index.php?action_kouhyou_detail_004_kani=true&JigyosyoCd=2815105404-00&ServiceCd=160&Type=search", "url2": "http://megumiclinic.com" }, "geometry": { "type": "Point", "coordinates": [ 135.210149991401664, 34.670373710424677 ] } },
{ "type": "Feature", "properties": { "内容": "ろっこう医療生活協同組合東雲診療所【通所リハビリテーション】神戸市中央区東雲通1-4-24", "url": "https://www.kaigokensaku.mhlw.go.jp/28/index.php?action_kouhyou_detail_004_kani=true&JigyosyoCd=2815105552-00&ServiceCd=160&Type=search", "url2": "http:///www.shinonome-cl.jp/" }, "geometry": { "type": "Point", "coordinates": [ 135.206918200000018, 34.7024569 ] } },
{ "type": "Feature", "properties": { "内容": "神戸マリナーズ厚生会病院　通所リハビリテーション【通所リハビリテーション】兵庫県神戸市中央区中山手通7-3-18", "url": "https://www.kaigokensaku.mhlw.go.jp/28/index.php?action_kouhyou_detail_004_kani=true&JigyosyoCd=2815107251-00&ServiceCd=160&Type=search", "url2": "http://www.kobe-mariners.or.jp/" }, "geometry": { "type": "Point", "coordinates": [ 135.177087799999981, 34.6898911 ] } },
{ "type": "Feature", "properties": { "内容": "医療法人敬愛会　介護老人保健施設　神戸ポートピアステイ【通所リハビリテーション】兵庫県神戸市中央区港島中町五丁目2番地3", "url": "https://www.kaigokensaku.mhlw.go.jp/28/index.php?action_kouhyou_detail_004_kani=true&JigyosyoCd=2855180036-00&ServiceCd=160&Type=search", "url2": "http://www.keiai-kai.jp" }, "geometry": { "type": "Point", "coordinates": [ 135.209327300000041, 34.6632831 ] } },
{ "type": "Feature", "properties": { "内容": "介護老人保健施設　いつでも夢を【通所リハビリテーション】神戸市中央区下山手通7丁目17-1", "url": "https://www.kaigokensaku.mhlw.go.jp/28/index.php?action_kouhyou_detail_004_kani=true&JigyosyoCd=2855180051-00&ServiceCd=160&Type=search", "url2": "http://itsuyume.jp" }, "geometry": { "type": "Point", "coordinates": [ 135.176312899999971, 34.6873025 ] } },
{ "type": "Feature", "properties": { "内容": "介護老人保健施設　プリエール【通所リハビリテーション】神戸市中央区籠池通5丁目１－２", "url": "https://www.kaigokensaku.mhlw.go.jp/28/index.php?action_kouhyou_detail_004_kani=true&JigyosyoCd=2855180069-00&ServiceCd=160&Type=search", "url2": "http://priere.ojikai.or.jp/" }, "geometry": { "type": "Point", "coordinates": [ 135.206257, 34.7099977 ] } },
{ "type": "Feature", "properties": { "内容": "ポート愛ランド。老健デイケア【通所リハビリテーション】兵庫県神戸市中央区港島中町4-6", "url": "https://www.kaigokensaku.mhlw.go.jp/28/index.php?action_kouhyou_detail_004_kani=true&JigyosyoCd=2855180077-00&ServiceCd=160&Type=search", "url2": "http://kobe-seikoukai-port-island-rouken.jp/" }, "geometry": { "type": "Point", "coordinates": [ 135.209157799999957, 34.6684882 ] } },
{ "type": "Feature", "properties": { "内容": "介護老人保健施設サニーピア【通所リハビリテーション】神戸市中央区波止場町3番12号", "url": "https://www.kaigokensaku.mhlw.go.jp/28/index.php?action_kouhyou_detail_004_kani=true&JigyosyoCd=2855180010-00&ServiceCd=160&Type=search", "url2": "http://www.sunny-pier.or.jp/" }, "geometry": { "type": "Point", "coordinates": [ 135.188922887388571, 34.684978692057953 ] } },
{ "type": "Feature", "properties": { "内容": "やまだ整形外科クリニック【通所リハビリテーション】割塚通7丁目2-1コンフォート春日野２階", "url": "https://www.kaigokensaku.mhlw.go.jp/28/index.php?action_kouhyou_detail_004_kani=true&JigyosyoCd=2815108069-00&ServiceCd=160&Type=search", "url2": "http://yamada-ortho.net/" }, "geometry": { "type": "Point", "coordinates": [ 135.207112599999959, 34.7042929 ] } },
{ "type": "Feature", "properties": { "内容": "高橋クリニック【通所リハビリテーション】兵庫県神戸市中央区下山手通9－1－5大倉山イーストビル3階", "url": "https://www.kaigokensaku.mhlw.go.jp/28/index.php?action_kouhyou_detail_004_kani=true&JigyosyoCd=2815106790-00&ServiceCd=160&Type=search", "url2": "http://takahashiseikei.web.fc2.com/" }, "geometry": { "type": "Point", "coordinates": [ 135.177417166201053, 34.685092207142674 ] } },
{ "type": "Feature", "properties": { "内容": "きたがわクリニック【通所リハビリテーション】兵庫県神戸市西区井吹台東町1-1-1西神南センタービル3階", "url": "https://www.kaigokensaku.mhlw.go.jp/28/index.php?action_kouhyou_detail_004_kani=true&JigyosyoCd=2815201740-00&ServiceCd=160&Type=search", "url2": null }, "geometry": { "type": "Point", "coordinates": [ 135.031752, 34.6998861 ] } },
{ "type": "Feature", "properties": { "内容": "医療法人社団　よしだ内科診療所【通所リハビリテーション】兵庫県神戸市西区春日台３丁目3－20", "url": "https://www.kaigokensaku.mhlw.go.jp/28/index.php?action_kouhyou_detail_004_kani=true&JigyosyoCd=2815202912-00&ServiceCd=160&Type=search", "url2": "https://www.yoshidanaika.com" }, "geometry": { "type": "Point", "coordinates": [ 134.996561, 34.7076059 ] } },
{ "type": "Feature", "properties": { "内容": "医療法人社団　石原内科・リハビリテーション科【通所リハビリテーション】神戸市西区白水3丁目１−６", "url": "https://www.kaigokensaku.mhlw.go.jp/28/index.php?action_kouhyou_detail_004_kani=true&JigyosyoCd=2815203282-00&ServiceCd=160&Type=search", "url2": "http://doctor-ishihara.com" }, "geometry": { "type": "Point", "coordinates": [ 135.004708599999958, 34.6683713 ] } },
{ "type": "Feature", "properties": { "内容": "いりょうほうじんしゃだんさいとうせいけいげかつうしょりはびりてーしょん【通所リハビリテーション】桜ヶ丘中町４−９−７", "url": "https://www.kaigokensaku.mhlw.go.jp/28/index.php?action_kouhyou_detail_004_kani=true&JigyosyoCd=2815203746-00&ServiceCd=160&Type=search", "url2": null }, "geometry": { "type": "Point", "coordinates": [ 135.0613482, 34.7432471 ] } },
{ "type": "Feature", "properties": { "内容": "さかえ病院【通所リハビリテーション】兵庫県神戸市西区押部谷町栄191-1さかえ病院内", "url": "https://www.kaigokensaku.mhlw.go.jp/28/index.php?action_kouhyou_detail_004_kani=true&JigyosyoCd=2815203886-00&ServiceCd=160&Type=search", "url2": "https://kyowa-rehacare.wakeikai-gr.or.jp/" }, "geometry": { "type": "Point", "coordinates": [ 135.055262500000026, 34.7552112 ] } },
{ "type": "Feature", "properties": { "内容": "老人保健施設　安田記念　緑風苑【通所リハビリテーション】兵庫県　神戸市　西区　北山台　３丁目１番１号", "url": "https://www.kaigokensaku.mhlw.go.jp/28/index.php?action_kouhyou_detail_004_kani=true&JigyosyoCd=2855280018-00&ServiceCd=160&Type=search", "url2": "http://hironokougen.jp/" }, "geometry": { "type": "Point", "coordinates": [ 135.036527520901473, 34.764375349526141 ] } },
{ "type": "Feature", "properties": { "内容": "介護老人保健施設ハーベスピア　通所リハビリテーション【通所リハビリテーション】神戸市西区伊川谷町有瀬字屋敷前１４３２-１", "url": "https://www.kaigokensaku.mhlw.go.jp/28/index.php?action_kouhyou_detail_004_kani=true&JigyosyoCd=2855280026-00&ServiceCd=160&Type=search", "url2": "http//ha-besupia.com/" }, "geometry": { "type": "Point", "coordinates": [ 135.030698, 34.6613864 ] } },
{ "type": "Feature", "properties": { "内容": "つねみ医院通所リハビリテーション【通所リハビリテーション】兵庫県神戸市西区秋葉台2丁目1-222", "url": "https://www.kaigokensaku.mhlw.go.jp/28/index.php?action_kouhyou_detail_004_kani=true&JigyosyoCd=2815200841-00&ServiceCd=160&Type=search", "url2": "https://tsunemi-clinic.com" }, "geometry": { "type": "Point", "coordinates": [ 135.067356600000011, 34.7485099 ] } },
{ "type": "Feature", "properties": { "内容": "西神すみれデイケアサービス【通所リハビリテーション】神戸市西区糀台５丁目５番２ー１－１０１ナチュラリー西神中央", "url": "https://www.kaigokensaku.mhlw.go.jp/28/index.php?action_kouhyou_detail_004_kani=true&JigyosyoCd=2875202323-00&ServiceCd=160&Type=search", "url2": "http//www.sumire.or.jp/" }, "geometry": { "type": "Point", "coordinates": [ 135.0178393, 34.7208549 ] } },
{ "type": "Feature", "properties": { "内容": "介護老人保健施設　風と緑【通所リハビリテーション】兵庫県神戸市西区伊川谷町有瀬３１７‐２", "url": "https://www.kaigokensaku.mhlw.go.jp/28/index.php?action_kouhyou_detail_004_kani=true&JigyosyoCd=2855280067-00&ServiceCd=160&Type=search", "url2": "http://www.yasosima.com/" }, "geometry": { "type": "Point", "coordinates": [ 135.03226159999997, 34.6689605 ] } },
{ "type": "Feature", "properties": { "内容": "医療法人社団あつい整形外科・リウマチ科【通所リハビリテーション】神戸市西区押部谷町栄328", "url": "https://www.kaigokensaku.mhlw.go.jp/28/index.php?action_kouhyou_detail_004_kani=true&JigyosyoCd=2815202599-00&ServiceCd=160&Type=search", "url2": null }, "geometry": { "type": "Point", "coordinates": [ 135.058645399999989, 34.7542739 ] } },
{ "type": "Feature", "properties": { "内容": "老人保健施設ひらの【通所リハビリテーション】神戸市西区平野町大畑6番1", "url": "https://www.kaigokensaku.mhlw.go.jp/28/index.php?action_kouhyou_detail_004_kani=true&JigyosyoCd=2855280059-00&ServiceCd=160&Type=search", "url2": "http://www.seijinkai.or.jp" }, "geometry": { "type": "Point", "coordinates": [ 134.994191799999953, 34.715694 ] } },
{ "type": "Feature", "properties": { "内容": "介護老人保健施設　フェニックス西神戸キュアセンター【通所リハビリテーション】神戸市西区岩岡町岩岡654-7フェニックス西神戸キュアセンター", "url": "https://www.kaigokensaku.mhlw.go.jp/28/index.php?action_kouhyou_detail_004_kani=true&JigyosyoCd=2855280075-00&ServiceCd=160&Type=search", "url2": "http://www.ikkoukai.jp/" }, "geometry": { "type": "Point", "coordinates": [ 134.9478848, 34.7153689 ] } },
{ "type": "Feature", "properties": { "内容": "田中整形外科通所リハビリテーション【通所リハビリテーション】玉津町高津橋字岡394-1", "url": "https://www.kaigokensaku.mhlw.go.jp/28/index.php?action_kouhyou_detail_004_kani=true&JigyosyoCd=2815201781-00&ServiceCd=160&Type=search", "url2": "https://tanaka-seikei.com/" }, "geometry": { "type": "Point", "coordinates": [ 134.993552603174692, 34.673754412045838 ] } },
{ "type": "Feature", "properties": { "内容": "ゆうこう内科クリニック　デイケアセンター【通所リハビリテーション】神戸市西区水谷2丁目20-3", "url": "https://www.kaigokensaku.mhlw.go.jp/28/index.php?action_kouhyou_detail_004_kani=true&JigyosyoCd=2815202326-00&ServiceCd=160&Type=search", "url2": "http://yuko-kai.com/" }, "geometry": { "type": "Point", "coordinates": [ 134.9963646, 34.6790952 ] } },
{ "type": "Feature", "properties": { "内容": "介護老人保健施設　エルダービレッジ【通所リハビリテーション】兵庫県神戸市西区櫨谷町福谷8822番", "url": "https://www.kaigokensaku.mhlw.go.jp/28/index.php?action_kouhyou_detail_004_kani=true&JigyosyoCd=2855280083-00&ServiceCd=160&Type=search", "url2": "https://www.asunaro-grp.jp/home-index" }, "geometry": { "type": "Point", "coordinates": [ 135.032549, 34.727631899999984 ] } },
{ "type": "Feature", "properties": { "内容": "金田病院デイケア【通所リハビリテーション】夢前町前之庄２９３４－１", "url": "https://www.kaigokensaku.mhlw.go.jp/28/index.php?action_kouhyou_detail_004_kani=true&JigyosyoCd=2813500630-00&ServiceCd=160&Type=search", "url2": "www.yumesaki-kai.jp" }, "geometry": { "type": "Point", "coordinates": [ 134.6825163, 34.970915 ] } },
{ "type": "Feature", "properties": { "内容": "医療法人社団　阿保クリニック【通所リハビリテーション】兵庫県姫路市東駅前町75-1", "url": "https://www.kaigokensaku.mhlw.go.jp/28/index.php?action_kouhyou_detail_004_kani=true&JigyosyoCd=2814009680-00&ServiceCd=160&Type=search", "url2": "https://abo-clinic.jp" }, "geometry": { "type": "Point", "coordinates": [ 134.693959, 34.828778 ] } },
{ "type": "Feature", "properties": { "内容": "医療法人五葉会城南病院【通所リハビリテーション】兵庫県姫路市本町231番地", "url": "https://www.kaigokensaku.mhlw.go.jp/28/index.php?action_kouhyou_detail_004_kani=true&JigyosyoCd=2814022311-00&ServiceCd=160&Type=search", "url2": "http://www.itsuhakai.or.jp/jonan" }, "geometry": { "type": "Point", "coordinates": [ 134.690990699999986, 34.8328763 ] } },
{ "type": "Feature", "properties": { "内容": "栗原整形外科【通所リハビリテーション】兵庫県姫路市別所町別所１６８４－５", "url": "https://www.kaigokensaku.mhlw.go.jp/28/index.php?action_kouhyou_detail_004_kani=true&JigyosyoCd=2814009805-00&ServiceCd=160&Type=search", "url2": "http://kurisei.com/" }, "geometry": { "type": "Point", "coordinates": [ 134.756772500000011, 34.8040357 ] } },
{ "type": "Feature", "properties": { "内容": "医療法人真和会　介護老人保健施設エスコート船場【通所リハビリテーション】姫路市東雲町四丁目1番地20", "url": "https://www.kaigokensaku.mhlw.go.jp/28/index.php?action_kouhyou_detail_004_kani=true&JigyosyoCd=2854080070-00&ServiceCd=160&Type=search", "url2": null }, "geometry": { "type": "Point", "coordinates": [ 134.679475, 34.833594 ] } },
{ "type": "Feature", "properties": { "内容": "宇野津整形外科医院　通所リハビリテーション【通所リハビリテーション】兵庫県姫路市青山西１丁目１１番１３号宇野津整形外科医院", "url": "https://www.kaigokensaku.mhlw.go.jp/28/index.php?action_kouhyou_detail_004_kani=true&JigyosyoCd=2814020984-00&ServiceCd=160&Type=search", "url2": "https://unotsuseikei.com/" }, "geometry": { "type": "Point", "coordinates": [ 134.6308072, 34.8450593 ] } },
{ "type": "Feature", "properties": { "内容": "柴田整形外科クリニック【通所リハビリテーション】兵庫県姫路市飾磨区今在家1046-30柴田整形外科クリニック", "url": "https://www.kaigokensaku.mhlw.go.jp/28/index.php?action_kouhyou_detail_004_kani=true&JigyosyoCd=2814007940-00&ServiceCd=160&Type=search", "url2": "https://itp.ne.jp/info/286936340400000899/" }, "geometry": { "type": "Point", "coordinates": [ 134.651834099999974, 34.7995673 ] } },
{ "type": "Feature", "properties": { "内容": "大室整形デイケアセンター【通所リハビリテーション】兵庫県姫路市中地３７１", "url": "https://www.kaigokensaku.mhlw.go.jp/28/index.php?action_kouhyou_detail_004_kani=true&JigyosyoCd=2814020489-00&ServiceCd=160&Type=search", "url2": "https://www.omuroseikei.com/contents/day-care" }, "geometry": { "type": "Point", "coordinates": [ 134.6702089, 34.8206282 ] } },
{ "type": "Feature", "properties": { "内容": "安富診療所【通所リハビリテーション】姫路市安富町安志1135-1", "url": "https://www.kaigokensaku.mhlw.go.jp/28/index.php?action_kouhyou_detail_004_kani=true&JigyosyoCd=2814020604-00&ServiceCd=160&Type=search", "url2": "http://yasutomi.jp/" }, "geometry": { "type": "Point", "coordinates": [ 134.594740699999988, 34.9864564 ] } },
{ "type": "Feature", "properties": { "内容": "医療法人財団清良会書写病院【通所リハビリテーション】兵庫県姫路市書写台２丁目２８", "url": "https://www.kaigokensaku.mhlw.go.jp/28/index.php?action_kouhyou_detail_004_kani=true&JigyosyoCd=2814005555-00&ServiceCd=160&Type=search", "url2": "http://www.mmjp.or.jp/shosha-hp" }, "geometry": { "type": "Point", "coordinates": [ 134.648446199999967, 34.8693203 ] } },
{ "type": "Feature", "properties": { "内容": "花北整形外科クリニック【通所リハビリテーション】兵庫県姫路市増位新町1丁目24番地ミラキタシティ花北105", "url": "https://www.kaigokensaku.mhlw.go.jp/28/index.php?action_kouhyou_detail_004_kani=true&JigyosyoCd=2814021925-00&ServiceCd=160&Type=search", "url2": "https;//www.hanakita-seikei.com" }, "geometry": { "type": "Point", "coordinates": [ 134.7078728, 34.8564341 ] } },
{ "type": "Feature", "properties": { "内容": "医療法人社団　綱島会　厚生病院【通所リハビリテーション】姫路市御立４丁目１番２５号", "url": "https://www.kaigokensaku.mhlw.go.jp/28/index.php?action_kouhyou_detail_004_kani=true&JigyosyoCd=2814008187-00&ServiceCd=160&Type=search", "url2": "http://www.kousei-hp.jp/" }, "geometry": { "type": "Point", "coordinates": [ 134.660053699999906, 34.8616574 ] } },
{ "type": "Feature", "properties": { "内容": "介護老人保健施設　夢前白寿苑【通所リハビリテーション】兵庫県姫路市夢前町塚本77-9", "url": "https://www.kaigokensaku.mhlw.go.jp/28/index.php?action_kouhyou_detail_004_kani=true&JigyosyoCd=2853580013-00&ServiceCd=160&Type=search", "url2": null }, "geometry": { "type": "Point", "coordinates": [ 134.6401146, 34.9362061 ] } },
{ "type": "Feature", "properties": { "内容": "ヘルスコープあぼし診療所　通所リハビリテーションあぼし【通所リハビリテーション】兵庫県姫路市網干区和久2-2", "url": "https://www.kaigokensaku.mhlw.go.jp/28/index.php?action_kouhyou_detail_004_kani=true&JigyosyoCd=2814008468-00&ServiceCd=160&Type=search", "url2": "ｈｔｔｐ：//himeji-mcoop.or.jp" }, "geometry": { "type": "Point", "coordinates": [ 134.584740799999963, 34.808972 ] } },
{ "type": "Feature", "properties": { "内容": "中谷病院　通所リハビリテーション　悠楽舎【通所リハビリテーション】兵庫県姫路市飾磨区細江2501番地", "url": "https://www.kaigokensaku.mhlw.go.jp/28/index.php?action_kouhyou_detail_004_kani=true&JigyosyoCd=2814009615-00&ServiceCd=160&Type=search", "url2": "http://www.kenyu-kai.com/" }, "geometry": { "type": "Point", "coordinates": [ 134.670502774651823, 34.800002992768626 ] } },
{ "type": "Feature", "properties": { "内容": "介護老人保健施設　愛和ケアホーム【通所リハビリテーション】姫路市飯田3丁目95－1", "url": "https://www.kaigokensaku.mhlw.go.jp/28/index.php?action_kouhyou_detail_004_kani=true&JigyosyoCd=2854080021-00&ServiceCd=160&Type=search", "url2": "http://www.aiwahp.or.jp" }, "geometry": { "type": "Point", "coordinates": [ 134.675451, 34.813102 ] } },
{ "type": "Feature", "properties": { "内容": "介護老人保健施設マリア・ヴィラ【通所リハビリテーション】兵庫県姫路市仁豊野650番地", "url": "https://www.kaigokensaku.mhlw.go.jp/28/index.php?action_kouhyou_detail_004_kani=true&JigyosyoCd=2854080047-00&ServiceCd=160&Type=search", "url2": "http://www.himemaria.or.jp" }, "geometry": { "type": "Point", "coordinates": [ 134.732203626983591, 34.878699782726329 ] } },
{ "type": "Feature", "properties": { "内容": "医療法人社団普門会　姫路田中病院通所リハビリテーションセンター【通所リハビリテーション】兵庫県　姫路市書写７１７番地", "url": "https://www.kaigokensaku.mhlw.go.jp/28/index.php?action_kouhyou_detail_004_kani=true&JigyosyoCd=2874003284-00&ServiceCd=160&Type=search", "url2": null }, "geometry": { "type": "Point", "coordinates": [ 134.657498, 34.8731865 ] } },
{ "type": "Feature", "properties": { "内容": "医療法人公仁会　姫路中央病院【通所リハビリテーション】兵庫県姫路市飾磨区三宅２丁目３６番地", "url": "https://www.kaigokensaku.mhlw.go.jp/28/index.php?action_kouhyou_detail_004_kani=true&JigyosyoCd=2814004012-00&ServiceCd=160&Type=search", "url2": "www.hc-hosp.or.jp" }, "geometry": { "type": "Point", "coordinates": [ 134.682232, 34.8089364 ] } },
{ "type": "Feature", "properties": { "内容": "姫路医療生活協同組合共立病院【通所リハビリテーション】兵庫県姫路市市川台3丁目12番地", "url": "https://www.kaigokensaku.mhlw.go.jp/28/index.php?action_kouhyou_detail_004_kani=true&JigyosyoCd=2814005795-00&ServiceCd=160&Type=search", "url2": "https://himeji-mcoop.or.jp/" }, "geometry": { "type": "Point", "coordinates": [ 134.7159792, 34.8345752 ] } },
{ "type": "Feature", "properties": { "内容": "医療法人仁寿会　老人保健施設カノープス姫路【通所リハビリテーション】兵庫県姫路市別所町別所960-1", "url": "https://www.kaigokensaku.mhlw.go.jp/28/index.php?action_kouhyou_detail_004_kani=true&JigyosyoCd=2854080054-00&ServiceCd=160&Type=search", "url2": "http://www.canopushimeji.jp/" }, "geometry": { "type": "Point", "coordinates": [ 134.75025949999997, 34.799594100000022 ] } },
{ "type": "Feature", "properties": { "内容": "社会医療法人恵風会　老人保健施設　老人ケアセンター緑ヶ丘【通所リハビリテーション】兵庫県姫路市西今宿5丁目3番8号", "url": "https://www.kaigokensaku.mhlw.go.jp/28/index.php?action_kouhyou_detail_004_kani=true&JigyosyoCd=2854080039-00&ServiceCd=160&Type=search", "url2": "http://www.keifukai.or.jp" }, "geometry": { "type": "Point", "coordinates": [ 134.660984699999972, 34.8450121 ] } },
{ "type": "Feature", "properties": { "内容": "介護老人保健施設　しおさきヴィラ【通所リハビリテーション】姫路市大塩町汐咲1-25", "url": "https://www.kaigokensaku.mhlw.go.jp/28/index.php?action_kouhyou_detail_004_kani=true&JigyosyoCd=2854080088-00&ServiceCd=160&Type=search", "url2": "http://www.inohos.com" }, "geometry": { "type": "Point", "coordinates": [ 134.755884499999979, 34.778888 ] } },
{ "type": "Feature", "properties": { "内容": "通所リハビリテーションデイケア杏の里Ⅵ・Ⅶ【通所リハビリテーション】姫路市広畑区東新町1-29", "url": "https://www.kaigokensaku.mhlw.go.jp/28/index.php?action_kouhyou_detail_004_kani=true&JigyosyoCd=2874002658-00&ServiceCd=160&Type=search", "url2": "http://www.1484naika.jp/" }, "geometry": { "type": "Point", "coordinates": [ 134.631691499999988, 34.7991752 ] } },
{ "type": "Feature", "properties": { "内容": "通所リハビリテーション絆【通所リハビリテーション】兵庫県姫路市香寺町中屋135-1", "url": "https://www.kaigokensaku.mhlw.go.jp/28/index.php?action_kouhyou_detail_004_kani=true&JigyosyoCd=2874006378-00&ServiceCd=160&Type=search", "url2": null }, "geometry": { "type": "Point", "coordinates": [ 134.7359391, 34.9077501 ] } },
{ "type": "Feature", "properties": { "内容": "医療法人社団光風会長久病院【通所リハビリテーション】兵庫県姫路市広畑区小松町２丁目６６番地1", "url": "https://www.kaigokensaku.mhlw.go.jp/28/index.php?action_kouhyou_detail_004_kani=true&JigyosyoCd=2814021313-00&ServiceCd=160&Type=search", "url2": "https://www.cyokyuhp.com/" }, "geometry": { "type": "Point", "coordinates": [ 134.625083600000039, 34.80240520000001 ] } },
{ "type": "Feature", "properties": { "内容": "老人保健施設ハピネス五葉【通所リハビリテーション】兵庫県姫路市本町１６５番地", "url": "https://www.kaigokensaku.mhlw.go.jp/28/index.php?action_kouhyou_detail_004_kani=true&JigyosyoCd=2854080096-00&ServiceCd=160&Type=search", "url2": "https//www.itsuhakai.or.jp" }, "geometry": { "type": "Point", "coordinates": [ 134.689613, 34.8326747 ] } },
{ "type": "Feature", "properties": { "内容": "リコルスクリニック【通所リハビリテーション】駅前町27－1", "url": "https://www.kaigokensaku.mhlw.go.jp/28/index.php?action_kouhyou_detail_004_kani=true&JigyosyoCd=2814021750-00&ServiceCd=160&Type=search", "url2": null }, "geometry": { "type": "Point", "coordinates": [ 134.695286900000013, 34.8267965 ] } },
{ "type": "Feature", "properties": { "内容": "入江病院通所リハビリテーション【通所リハビリテーション】兵庫県姫路市飾磨区英賀春日町2-15", "url": "https://www.kaigokensaku.mhlw.go.jp/28/index.php?action_kouhyou_detail_004_kani=true&JigyosyoCd=2814005563-00&ServiceCd=160&Type=search", "url2": "https://irie.or.jp/medical_care/daycare" }, "geometry": { "type": "Point", "coordinates": [ 134.643523400000049, 34.8102549 ] } },
{ "type": "Feature", "properties": { "内容": "石橋内科広畑センチュリー病院【通所リハビリテーション】兵庫県姫路市広畑区正門通4丁目2-1", "url": "https://www.kaigokensaku.mhlw.go.jp/28/index.php?action_kouhyou_detail_004_kani=true&JigyosyoCd=2814008740-00&ServiceCd=160&Type=search", "url2": "http://www.1484naika.jp/" }, "geometry": { "type": "Point", "coordinates": [ 134.62932, 34.7976432 ] } },
{ "type": "Feature", "properties": { "内容": "光が丘老人保健施設【通所リハビリテーション】姫路市御国野町国分寺２６７", "url": "https://www.kaigokensaku.mhlw.go.jp/28/index.php?action_kouhyou_detail_004_kani=true&JigyosyoCd=2854080013-00&ServiceCd=160&Type=search", "url2": "http://www.hikari-gaoka.jp/" }, "geometry": { "type": "Point", "coordinates": [ 134.7323222, 34.825057 ] } },
{ "type": "Feature", "properties": { "内容": "医療法人　松浦会　姫路第一病院【通所リハビリテーション】兵庫県姫路市御国野町国分寺143", "url": "https://www.kaigokensaku.mhlw.go.jp/28/index.php?action_kouhyou_detail_004_kani=true&JigyosyoCd=2814004269-00&ServiceCd=160&Type=search", "url2": "http://www.himeji-daiichi.or.jp/" }, "geometry": { "type": "Point", "coordinates": [ 134.73148070000002, 34.821949 ] } },
{ "type": "Feature", "properties": { "内容": "三栄会広畑病院　通所リハビリテーション【通所リハビリテーション】兵庫県姫路市広畑区夢前町3丁目1番地1社会医療法人　三栄会　三栄会広畑病院　2階", "url": "https://www.kaigokensaku.mhlw.go.jp/28/index.php?action_kouhyou_detail_004_kani=true&JigyosyoCd=2814022535-00&ServiceCd=160&Type=search", "url2": "https://hirohata-hp.jp/features/day-rehabilitation.html" }, "geometry": { "type": "Point", "coordinates": [ 134.639922899999988, 34.797928 ] } },
{ "type": "Feature", "properties": { "内容": "介護老人保健施設　ゆめさき【通所リハビリテーション】姫路市広畑区西夢前台6丁目56番1", "url": "https://www.kaigokensaku.mhlw.go.jp/28/index.php?action_kouhyou_detail_004_kani=true&JigyosyoCd=2854080062-00&ServiceCd=160&Type=search", "url2": "http://www.yumesaki.gr.jp/" }, "geometry": { "type": "Point", "coordinates": [ 134.635982199999944, 34.8178872 ] } },
{ "type": "Feature", "properties": { "内容": "通所リハビリテーションデイケア杏の里III・IV【通所リハビリテーション】兵庫県姫路市広畑区正門通４－２－１", "url": "https://www.kaigokensaku.mhlw.go.jp/28/index.php?action_kouhyou_detail_004_kani=true&JigyosyoCd=2874002641-00&ServiceCd=160&Type=search", "url2": "http://www.1484naika.jp/" }, "geometry": { "type": "Point", "coordinates": [ 134.629283399999963, 34.7976558 ] } },
{ "type": "Feature", "properties": { "内容": "日並内科外科医院通所リハビリ【通所リハビリテーション】兵庫県姫路市香寺町犬飼502", "url": "https://www.kaigokensaku.mhlw.go.jp/28/index.php?action_kouhyou_detail_004_kani=true&JigyosyoCd=2813400724-00&ServiceCd=160&Type=search", "url2": "http://hinami-naikageka.or.jp" }, "geometry": { "type": "Point", "coordinates": [ 134.7344043, 34.9001973 ] } },
{ "type": "Feature", "properties": { "内容": "医療法人仁寿会　石川病院【通所リハビリテーション】兵庫県姫路市別所町別所2丁目150", "url": "https://www.kaigokensaku.mhlw.go.jp/28/index.php?action_kouhyou_detail_004_kani=true&JigyosyoCd=2814004921-00&ServiceCd=160&Type=search", "url2": "http://www.ishikawa-hp.or.jp/" }, "geometry": { "type": "Point", "coordinates": [ 134.7529257, 34.8068351 ] } },
{ "type": "Feature", "properties": { "内容": "医療法人旭会園田病院【通所リハビリテーション】兵庫県尼崎市東園田町2-48-7", "url": "https://www.kaigokensaku.mhlw.go.jp/28/index.php?action_kouhyou_detail_004_kani=true&JigyosyoCd=2813003106-00&ServiceCd=160&Type=search", "url2": "https://www.sonodamedic.or.jp/medic/" }, "geometry": { "type": "Point", "coordinates": [ 135.448473400000012, 34.7579036 ] } },
{ "type": "Feature", "properties": { "内容": "医療法人社団永伸会吉良整形外科医院【通所リハビリテーション】兵庫県尼崎市杭瀬北新町1-10-2", "url": "https://www.kaigokensaku.mhlw.go.jp/28/index.php?action_kouhyou_detail_004_kani=true&JigyosyoCd=2813020613-00&ServiceCd=160&Type=search", "url2": "kira-seikei.com" }, "geometry": { "type": "Point", "coordinates": [ 135.4350957, 34.7209624 ] } },
{ "type": "Feature", "properties": { "内容": "医療法人朗源会　おおくま病院【通所リハビリテーション】兵庫県尼崎市昭和通2丁目12番8号", "url": "https://www.kaigokensaku.mhlw.go.jp/28/index.php?action_kouhyou_detail_004_kani=true&JigyosyoCd=2813008857-00&ServiceCd=160&Type=search", "url2": "https://ookuma-hp.jp/" }, "geometry": { "type": "Point", "coordinates": [ 135.423066419986213, 34.720053321707603 ] } },
{ "type": "Feature", "properties": { "内容": "介護老人保健施設　武庫之荘【通所リハビリテーション】尼崎市南武庫之荘２－１０－３０", "url": "https://www.kaigokensaku.mhlw.go.jp/28/index.php?action_kouhyou_detail_004_kani=true&JigyosyoCd=2853080105-00&ServiceCd=160&Type=search", "url2": null }, "geometry": { "type": "Point", "coordinates": [ 135.396829199999956, 34.7508486 ] } },
{ "type": "Feature", "properties": { "内容": "医療法人　郁芳会　青木診療所【通所リハビリテーション】兵庫県尼崎市大庄北4丁目12番10号", "url": "https://www.kaigokensaku.mhlw.go.jp/28/index.php?action_kouhyou_detail_004_kani=true&JigyosyoCd=2813002405-00&ServiceCd=160&Type=search", "url2": "http://www.aoki.or.jp/index.html" }, "geometry": { "type": "Point", "coordinates": [ 135.389690113491866, 34.72988458180172 ] } },
{ "type": "Feature", "properties": { "内容": "阪神医療生活協同組合第一診療所【通所リハビリテーション】尼崎市常光寺１－２７－２１", "url": "https://www.kaigokensaku.mhlw.go.jp/28/index.php?action_kouhyou_detail_004_kani=true&JigyosyoCd=2813006430-00&ServiceCd=160&Type=search", "url2": "http://www.hansiniseikyo.or.jp" }, "geometry": { "type": "Point", "coordinates": [ 135.43810069999995, 34.7264685 ] } },
{ "type": "Feature", "properties": { "内容": "本田診療所【通所リハビリテーション】兵庫県尼崎市大庄西町２丁目２９番１５号", "url": "https://www.kaigokensaku.mhlw.go.jp/28/index.php?action_kouhyou_detail_004_kani=true&JigyosyoCd=2813020480-00&ServiceCd=160&Type=search", "url2": "https://amagasaki-hewcoop.jp/clinic/honden/" }, "geometry": { "type": "Point", "coordinates": [ 135.386675500000024, 34.7238176 ] } },
{ "type": "Feature", "properties": { "内容": "野村医院　通所リハビリテーション【通所リハビリテーション】兵庫県尼崎市大物町1丁目9-25", "url": "https://www.kaigokensaku.mhlw.go.jp/28/index.php?action_kouhyou_detail_004_kani=true&JigyosyoCd=2813023153-00&ServiceCd=160&Type=search", "url2": "http://www.shuwakai-nomura.or.jp/" }, "geometry": { "type": "Point", "coordinates": [ 135.4252174, 34.714499 ] } },
{ "type": "Feature", "properties": { "内容": "医療法人社団亀井整形外科医院【通所リハビリテーション】塚口町6丁目43-1", "url": "https://www.kaigokensaku.mhlw.go.jp/28/index.php?action_kouhyou_detail_004_kani=true&JigyosyoCd=2813024102-00&ServiceCd=160&Type=search", "url2": "http://www.kamei-seikei.com/" }, "geometry": { "type": "Point", "coordinates": [ 135.407727600000044, 34.7599756 ] } },
{ "type": "Feature", "properties": { "内容": "西川整形外科リハビリクリニック【通所リハビリテーション】兵庫県尼崎市武庫之荘本町1丁目1-4", "url": "https://www.kaigokensaku.mhlw.go.jp/28/index.php?action_kouhyou_detail_004_kani=true&JigyosyoCd=2813026347-00&ServiceCd=160&Type=search", "url2": "http://www.nishikawa-seikei.com" }, "geometry": { "type": "Point", "coordinates": [ 135.394151500000021, 34.7565758 ] } },
{ "type": "Feature", "properties": { "内容": "医療法人社団はらクリニック【通所リハビリテーション】南竹谷町2-37サンライフ若草1階", "url": "https://www.kaigokensaku.mhlw.go.jp/28/index.php?action_kouhyou_detail_004_kani=true&JigyosyoCd=2813028012-00&ServiceCd=160&Type=search", "url2": "https://hara-med.com/" }, "geometry": { "type": "Point", "coordinates": [ 135.4041813, 34.7175614 ] } },
{ "type": "Feature", "properties": { "内容": "医療法人尼崎厚生会　立花介護老人保健施設【通所リハビリテーション】兵庫県尼崎市立花町４丁目４番２３号", "url": "https://www.kaigokensaku.mhlw.go.jp/28/index.php?action_kouhyou_detail_004_kani=true&JigyosyoCd=2853080014-00&ServiceCd=160&Type=search", "url2": "http://www.tachibanarouken.or.jp" }, "geometry": { "type": "Point", "coordinates": [ 135.398343199999971, 34.740599638741365 ] } },
{ "type": "Feature", "properties": { "内容": "デイケアセンターサンプラザ平成【通所リハビリテーション】兵庫県尼崎市大庄西町４-３-９", "url": "https://www.kaigokensaku.mhlw.go.jp/28/index.php?action_kouhyou_detail_004_kani=true&JigyosyoCd=2853080022-00&ServiceCd=160&Type=search", "url2": "https://ask-sunshine.jp/" }, "geometry": { "type": "Point", "coordinates": [ 135.390894800000069, 34.7174988 ] } },
{ "type": "Feature", "properties": { "内容": "医療法人社団深江医院【通所リハビリテーション】尼崎市七松町1-10-20", "url": "https://www.kaigokensaku.mhlw.go.jp/28/index.php?action_kouhyou_detail_004_kani=true&JigyosyoCd=2813009137-00&ServiceCd=160&Type=search", "url2": "fukae-clinic.com" }, "geometry": { "type": "Point", "coordinates": [ 135.4021602, 34.7357433 ] } },
{ "type": "Feature", "properties": { "内容": "桂クリニック【通所リハビリテーション】兵庫県尼崎市西難波町5-6-22", "url": "https://www.kaigokensaku.mhlw.go.jp/28/index.php?action_kouhyou_detail_004_kani=true&JigyosyoCd=2813022155-00&ServiceCd=160&Type=search", "url2": "http://www.seisyu-kai.com/index.html" }, "geometry": { "type": "Point", "coordinates": [ 135.406289900000047, 34.7266345 ] } },
{ "type": "Feature", "properties": { "内容": "東尼崎診療所【通所リハビリテーション】兵庫県尼崎市杭瀬北新町1-12-8", "url": "https://www.kaigokensaku.mhlw.go.jp/28/index.php?action_kouhyou_detail_004_kani=true&JigyosyoCd=2813023658-00&ServiceCd=160&Type=search", "url2": "http://amagasaki.coop/clinic/medical/clinic06" }, "geometry": { "type": "Point", "coordinates": [ 135.440574, 34.7225361 ] } },
{ "type": "Feature", "properties": { "内容": "医療法人社団武部整形外科リハビリテーション【通所リハビリテーション】兵庫県尼崎市浜田町５丁目２８", "url": "https://www.kaigokensaku.mhlw.go.jp/28/index.php?action_kouhyou_detail_004_kani=true&JigyosyoCd=2813025968-00&ServiceCd=160&Type=search", "url2": "http://www.takebe-seikeigeka.com" }, "geometry": { "type": "Point", "coordinates": [ 135.400665500000059, 34.7262538 ] } },
{ "type": "Feature", "properties": { "内容": "はくほう会セントラル病院【通所リハビリテーション】兵庫県尼崎市東園田町4丁目23番1号", "url": "https://www.kaigokensaku.mhlw.go.jp/28/index.php?action_kouhyou_detail_004_kani=true&JigyosyoCd=2813026263-00&ServiceCd=160&Type=search", "url2": "http://www.amahakuho.jp" }, "geometry": { "type": "Point", "coordinates": [ 135.447313, 34.756152 ] } },
{ "type": "Feature", "properties": { "内容": "でんの整形外科【通所リハビリテーション】兵庫県尼崎市南武庫之荘4丁目4-7", "url": "https://www.kaigokensaku.mhlw.go.jp/28/index.php?action_kouhyou_detail_004_kani=true&JigyosyoCd=2813026636-00&ServiceCd=160&Type=search", "url2": "https://dencl.net/" }, "geometry": { "type": "Point", "coordinates": [ 135.390785599999987, 34.7450767 ] } },
{ "type": "Feature", "properties": { "内容": "医療法人　公徳会　かいと整形外科リハビリクリニック【通所リハビリテーション】兵庫県尼崎市長洲西通１－４－１５", "url": "https://www.kaigokensaku.mhlw.go.jp/28/index.php?action_kouhyou_detail_004_kani=true&JigyosyoCd=2813027741-00&ServiceCd=160&Type=search", "url2": "https://kaitody.com" }, "geometry": { "type": "Point", "coordinates": [ 135.429566599999987, 34.7306841 ] } },
{ "type": "Feature", "properties": { "内容": "老人保健施設友の家【通所リハビリテーション】兵庫尼崎市東本町2-51", "url": "https://www.kaigokensaku.mhlw.go.jp/28/index.php?action_kouhyou_detail_004_kani=true&JigyosyoCd=2853080055-00&ServiceCd=160&Type=search", "url2": "http://tomonoie.web.fc2.com" }, "geometry": { "type": "Point", "coordinates": [ 135.4252659, 34.7122975 ] } },
{ "type": "Feature", "properties": { "内容": "介護老人保健施設なにわローランド【通所リハビリテーション】兵庫県尼崎市東難波町１丁目３番１０号", "url": "https://www.kaigokensaku.mhlw.go.jp/28/index.php?action_kouhyou_detail_004_kani=true&JigyosyoCd=2853080097-00&ServiceCd=160&Type=search", "url2": "http://www.chuoukai.or.jp/" }, "geometry": { "type": "Point", "coordinates": [ 135.413869299999988, 34.7322592 ] } },
{ "type": "Feature", "properties": { "内容": "フローリス介護老人保健施設【通所リハビリテーション】兵庫県尼崎市西難波町6丁目11番6号", "url": "https://www.kaigokensaku.mhlw.go.jp/28/index.php?action_kouhyou_detail_004_kani=true&JigyosyoCd=2853080121-00&ServiceCd=160&Type=search", "url2": "http://www.floris-care.jp" }, "geometry": { "type": "Point", "coordinates": [ 135.407920099999956, 34.7297149 ] } },
{ "type": "Feature", "properties": { "内容": "畠中整形外科・リハビリテーション科【通所リハビリテーション】兵庫県尼崎市大庄西町1丁目10番15号", "url": "https://www.kaigokensaku.mhlw.go.jp/28/index.php?action_kouhyou_detail_004_kani=true&JigyosyoCd=2813024854-00&ServiceCd=160&Type=search", "url2": "http://kiseikai.flips.jp" }, "geometry": { "type": "Point", "coordinates": [ 135.3880117, 34.7181986 ] } },
{ "type": "Feature", "properties": { "内容": "アマルネス・クリニック【通所リハビリテーション】西長洲2丁目35-1", "url": "https://www.kaigokensaku.mhlw.go.jp/28/index.php?action_kouhyou_detail_004_kani=true&JigyosyoCd=2813025703-00&ServiceCd=160&Type=search", "url2": "http://www.e-akane.com/" }, "geometry": { "type": "Point", "coordinates": [ 135.419924400000014, 34.7231991 ] } },
{ "type": "Feature", "properties": { "内容": "医療法人桜会　ゆたかクリニック【通所リハビリテーション】兵庫県尼崎市立花町1-5-15立花ホワイトビル", "url": "https://www.kaigokensaku.mhlw.go.jp/28/index.php?action_kouhyou_detail_004_kani=true&JigyosyoCd=2813026206-00&ServiceCd=160&Type=search", "url2": "https://yutaka-clinic.net/" }, "geometry": { "type": "Point", "coordinates": [ 135.397604, 34.7379405 ] } },
{ "type": "Feature", "properties": { "内容": "尼崎だいもつ病院　通所リハビリテーション【通所リハビリテーション】兵庫県尼崎市東大物町1-1-1", "url": "https://www.kaigokensaku.mhlw.go.jp/28/index.php?action_kouhyou_detail_004_kani=true&JigyosyoCd=2813026537-00&ServiceCd=160&Type=search", "url2": "http://amagasakidaimotsu.aijinkai.or.jp/" }, "geometry": { "type": "Point", "coordinates": [ 135.427935, 34.7175415 ] } },
{ "type": "Feature", "properties": { "内容": "つじもと整形外科リウマチ・リハビリテーション【通所リハビリテーション】兵庫県尼崎市長洲本通3-1-1", "url": "https://www.kaigokensaku.mhlw.go.jp/28/index.php?action_kouhyou_detail_004_kani=true&JigyosyoCd=2813026610-00&ServiceCd=160&Type=search", "url2": "http://www.torr.jp" }, "geometry": { "type": "Point", "coordinates": [ 135.428752, 34.7242026 ] } },
{ "type": "Feature", "properties": { "内容": "医療法人社団　兼誠会　つかぐち病院【通所リハビリテーション】兵庫県尼崎市南塚口町6丁目8番地1号", "url": "https://www.kaigokensaku.mhlw.go.jp/28/index.php?action_kouhyou_detail_004_kani=true&JigyosyoCd=2813027071-00&ServiceCd=160&Type=search", "url2": "https://www.kensei-kai-tsukaguchi.jp/" }, "geometry": { "type": "Point", "coordinates": [ 135.41518347126177, 34.746737476505814 ] } },
{ "type": "Feature", "properties": { "内容": "介護老人保健施設ローランド【通所リハビリテーション】兵庫県尼崎市潮江2丁目1番10号", "url": "https://www.kaigokensaku.mhlw.go.jp/28/index.php?action_kouhyou_detail_004_kani=true&JigyosyoCd=2853080030-00&ServiceCd=160&Type=search", "url2": "http://www.chuoukai.or.jp/roland/" }, "geometry": { "type": "Point", "coordinates": [ 135.42934, 34.736823 ] } },
{ "type": "Feature", "properties": { "内容": "介護老人保健施設　南野の郷　通所リハビリテーション【通所リハビリテーション】尼崎市富松町３丁目３３－２２", "url": "https://www.kaigokensaku.mhlw.go.jp/28/index.php?action_kouhyou_detail_004_kani=true&JigyosyoCd=2853080048-00&ServiceCd=160&Type=search", "url2": null }, "geometry": { "type": "Point", "coordinates": [ 135.402036599999974, 34.7603033 ] } },
{ "type": "Feature", "properties": { "内容": "尼崎医療生協　介護老人保健施設ひだまりの里【通所リハビリテーション】兵庫県尼崎市南武庫之荘１１－１２－１あおぞら会館", "url": "https://www.kaigokensaku.mhlw.go.jp/28/index.php?action_kouhyou_detail_004_kani=true&JigyosyoCd=2853080139-00&ServiceCd=160&Type=search", "url2": "http://www.amagasaki.coop/" }, "geometry": { "type": "Point", "coordinates": [ 135.385977899999943, 34.7398328 ] } },
{ "type": "Feature", "properties": { "内容": "介護老人保健施設はくほう【通所リハビリテーション】若王寺3丁目13番20号", "url": "https://www.kaigokensaku.mhlw.go.jp/28/index.php?action_kouhyou_detail_004_kani=true&JigyosyoCd=2853080162-00&ServiceCd=160&Type=search", "url2": "https://www.hakuhou.or.jp/" }, "geometry": { "type": "Point", "coordinates": [ 135.44118180000001, 34.7465506 ] } },
{ "type": "Feature", "properties": { "内容": "木戸整形デイケアサービス【通所リハビリテーション】兵庫県尼崎市武庫之荘西2-53-12", "url": "https://www.kaigokensaku.mhlw.go.jp/28/index.php?action_kouhyou_detail_004_kani=true&JigyosyoCd=2813026743-00&ServiceCd=160&Type=search", "url2": "http://www.kidoseikei.com/" }, "geometry": { "type": "Point", "coordinates": [ 135.3863553, 34.7510179 ] } },
{ "type": "Feature", "properties": { "内容": "阪神医生協診療所【通所リハビリテーション】兵庫県尼崎市長洲本通1-16-17", "url": "https://www.kaigokensaku.mhlw.go.jp/28/index.php?action_kouhyou_detail_004_kani=true&JigyosyoCd=2813008287-00&ServiceCd=160&Type=search", "url2": "https://hansiniseikyo.or.jp/" }, "geometry": { "type": "Point", "coordinates": [ 135.430000468095614, 34.727722014070238 ] } },
{ "type": "Feature", "properties": { "内容": "明石仁十病院　通所リハビリテーション　おあしす【通所リハビリテーション】兵庫県明石市魚住町清水１８７１－３", "url": "https://www.kaigokensaku.mhlw.go.jp/28/index.php?action_kouhyou_detail_004_kani=true&JigyosyoCd=2812001317-00&ServiceCd=160&Type=search", "url2": "https://ninjyu-hp.or.jp/" }, "geometry": { "type": "Point", "coordinates": [ 134.904319200000032, 34.7157022 ] } },
{ "type": "Feature", "properties": { "内容": "阪田整形外科リハビリクリニック【通所リハビリテーション】兵庫県明石市西新町１－２１－１３", "url": "https://www.kaigokensaku.mhlw.go.jp/28/index.php?action_kouhyou_detail_004_kani=true&JigyosyoCd=2812006084-00&ServiceCd=160&Type=search", "url2": "http://www.sakataseikei.com/" }, "geometry": { "type": "Point", "coordinates": [ 134.98239670000001, 34.6525278 ] } },
{ "type": "Feature", "properties": { "内容": "兵庫県明石市明南町1-4-8【通所リハビリテーション】明南町1-4-8", "url": "https://www.kaigokensaku.mhlw.go.jp/28/index.php?action_kouhyou_detail_004_kani=true&JigyosyoCd=2812007697-00&ServiceCd=160&Type=search", "url2": "https://tomo-clinic.co.jp/" }, "geometry": { "type": "Point", "coordinates": [ 134.968621500000012, 34.6703994 ] } },
{ "type": "Feature", "properties": { "内容": "介護老人保健施設恵泉【通所リハビリテーション】明石市大久保町大窪3101-1", "url": "https://www.kaigokensaku.mhlw.go.jp/28/index.php?action_kouhyou_detail_004_kani=true&JigyosyoCd=2852080015-00&ServiceCd=160&Type=search", "url2": "http://www.akashi-keisen.com" }, "geometry": { "type": "Point", "coordinates": [ 134.947268200000053, 34.709825 ] } },
{ "type": "Feature", "properties": { "内容": "北　整形外科【通所リハビリテーション】兵庫県明石市朝霧南町1丁目165-5朝霧KMビル3階", "url": "https://www.kaigokensaku.mhlw.go.jp/28/index.php?action_kouhyou_detail_004_kani=true&JigyosyoCd=2812004808-00&ServiceCd=160&Type=search", "url2": "http://www1.ocn.ne.jp/~kkita/" }, "geometry": { "type": "Point", "coordinates": [ 135.017842259138462, 34.644744634359306 ] } },
{ "type": "Feature", "properties": { "内容": "いしもと整形外科デイケアセンター空と太陽【通所リハビリテーション】兵庫県明石市大久保町大窪540-18", "url": "https://www.kaigokensaku.mhlw.go.jp/28/index.php?action_kouhyou_detail_004_kani=true&JigyosyoCd=2812007405-00&ServiceCd=160&Type=search", "url2": "https://ishimoto-seikei.com/" }, "geometry": { "type": "Point", "coordinates": [ 134.942390966864735, 34.682056250764646 ] } },
{ "type": "Feature", "properties": { "内容": "医療法人社団医仁会　ふくやま・すこやかクリニック通所リハビリテーション【通所リハビリテーション】兵庫県明石市野々上3-15-19", "url": "https://www.kaigokensaku.mhlw.go.jp/28/index.php?action_kouhyou_detail_004_kani=true&JigyosyoCd=2812007173-00&ServiceCd=160&Type=search", "url2": "http://www.fukuyama-hp.jp/" }, "geometry": { "type": "Point", "coordinates": [ 134.965991210541688, 34.668773127517049 ] } },
{ "type": "Feature", "properties": { "内容": "あさひ病院【通所リハビリテーション】兵庫県明石市林崎町２丁目１番３１号", "url": "https://www.kaigokensaku.mhlw.go.jp/28/index.php?action_kouhyou_detail_004_kani=true&JigyosyoCd=2812006035-00&ServiceCd=160&Type=search", "url2": "https://www.asahihp-akashi.or.jp/" }, "geometry": { "type": "Point", "coordinates": [ 134.967645, 34.6509446 ] } },
{ "type": "Feature", "properties": { "内容": "医療法人社団仁恵会　石井病院通所リハビリテーションじんけい（デイケアセンターじんけい）【通所リハビリテーション】兵庫県明石市天文町１丁目５－１１デイケアセンター（ビル）", "url": "https://www.kaigokensaku.mhlw.go.jp/28/index.php?action_kouhyou_detail_004_kani=true&JigyosyoCd=2872001991-00&ServiceCd=160&Type=search", "url2": "http://www.jinkeikai-group.or.jp/ishii/daycare/index.html" }, "geometry": { "type": "Point", "coordinates": [ 134.999825699999974, 34.647148 ] } },
{ "type": "Feature", "properties": { "内容": "みんなのクリニック明石【通所リハビリテーション】魚住町清水1628－1", "url": "https://www.kaigokensaku.mhlw.go.jp/28/index.php?action_kouhyou_detail_004_kani=true&JigyosyoCd=2812007686-00&ServiceCd=160&Type=search", "url2": "http://simizunoie.com/rakuen.html" }, "geometry": { "type": "Point", "coordinates": [ 134.9013201, 34.7136233 ] } },
{ "type": "Feature", "properties": { "内容": "野木病院【通所リハビリテーション】明石市魚住町長坂寺1003-1", "url": "https://www.kaigokensaku.mhlw.go.jp/28/index.php?action_kouhyou_detail_004_kani=true&JigyosyoCd=2812004709-00&ServiceCd=160&Type=search", "url2": "http://www.nogi-hospitsl.or.jp" }, "geometry": { "type": "Point", "coordinates": [ 134.913050109787036, 34.699680086259399 ] } },
{ "type": "Feature", "properties": { "内容": "介護老人保健施設　ライフ明海【通所リハビリテーション】兵庫県明石市藤江　201", "url": "https://www.kaigokensaku.mhlw.go.jp/28/index.php?action_kouhyou_detail_004_kani=true&JigyosyoCd=2852080031-00&ServiceCd=160&Type=search", "url2": "http://www.meikai.or.jp" }, "geometry": { "type": "Point", "coordinates": [ 134.95367090000002, 34.6560915 ] } },
{ "type": "Feature", "properties": { "内容": "医療法人社団せいゆう会神明病院通所リハビリテーション【通所リハビリテーション】兵庫県明石市大久保町大窪２５２５番地の１", "url": "https://www.kaigokensaku.mhlw.go.jp/28/index.php?action_kouhyou_detail_004_kani=true&JigyosyoCd=2812003248-00&ServiceCd=160&Type=search", "url2": "http://www.seiyuu@abelia.ocn.ne.jp" }, "geometry": { "type": "Point", "coordinates": [ 134.950554099999977, 34.6950932 ] } },
{ "type": "Feature", "properties": { "内容": "中山クリニック　通所リハビリテーション【通所リハビリテーション】兵庫県明石市魚住町金ヶ崎370", "url": "https://www.kaigokensaku.mhlw.go.jp/28/index.php?action_kouhyou_detail_004_kani=true&JigyosyoCd=2812003677-00&ServiceCd=160&Type=search", "url2": "https://www.akashi-n-clinic.com/" }, "geometry": { "type": "Point", "coordinates": [ 134.925874822090123, 34.690997110726208 ] } },
{ "type": "Feature", "properties": { "内容": "やす整形外科クリニック【通所リハビリテーション】兵庫県明石市和坂12-16", "url": "https://www.kaigokensaku.mhlw.go.jp/28/index.php?action_kouhyou_detail_004_kani=true&JigyosyoCd=2812007306-00&ServiceCd=160&Type=search", "url2": "https://yasu-clinic.com" }, "geometry": { "type": "Point", "coordinates": [ 134.9626647, 34.6660518 ] } },
{ "type": "Feature", "properties": { "内容": "医療法人社団医仁会　ふくやま病院【通所リハビリテーション】兵庫県明石市硯町2丁目5-55", "url": "https://www.kaigokensaku.mhlw.go.jp/28/index.php?action_kouhyou_detail_004_kani=true&JigyosyoCd=2812007165-00&ServiceCd=160&Type=search", "url2": "http://www.fukuyama-hp.jp" }, "geometry": { "type": "Point", "coordinates": [ 134.97955, 34.6497913 ] } },
{ "type": "Feature", "properties": { "内容": "老人保健施設　あさぎりむつみ荘【通所リハビリテーション】明石市朝霧台１１２０－４", "url": "https://www.kaigokensaku.mhlw.go.jp/28/index.php?action_kouhyou_detail_004_kani=true&JigyosyoCd=2852080049-00&ServiceCd=160&Type=search", "url2": "http://www.nagomikai.or.jp/" }, "geometry": { "type": "Point", "coordinates": [ 135.017651800000067, 34.655109 ] } },
{ "type": "Feature", "properties": { "内容": "介護老人保健施設　希望【通所リハビリテーション】明石市魚住町清水2744-30", "url": "https://www.kaigokensaku.mhlw.go.jp/28/index.php?action_kouhyou_detail_004_kani=true&JigyosyoCd=2852080064-00&ServiceCd=160&Type=search", "url2": "http://www.athp.jp/kibou.html" }, "geometry": { "type": "Point", "coordinates": [ 134.905888399999981, 34.7222988 ] } },
{ "type": "Feature", "properties": { "内容": "デイケアサービス　清華苑すいすい【通所リハビリテーション】明石市大久保町大窪３１０７－５", "url": "https://www.kaigokensaku.mhlw.go.jp/28/index.php?action_kouhyou_detail_004_kani=true&JigyosyoCd=2852080072-00&ServiceCd=160&Type=search", "url2": "http://www.seikaen.jp" }, "geometry": { "type": "Point", "coordinates": [ 134.947162700000035, 34.7081557 ] } },
{ "type": "Feature", "properties": { "内容": "医療法人　久仁会　明石同仁病院【通所リハビリテーション】兵庫県明石市魚住町清水２１８３", "url": "https://www.kaigokensaku.mhlw.go.jp/28/index.php?action_kouhyou_detail_004_kani=true&JigyosyoCd=2812002828-00&ServiceCd=160&Type=search", "url2": "http://www.akashidoujin.jp" }, "geometry": { "type": "Point", "coordinates": [ 134.891620500000045, 34.7205601 ] } },
{ "type": "Feature", "properties": { "内容": "明石リハビリテーション病院【通所リハビリテーション】兵庫県明石市二見町西二見685-3", "url": "https://www.kaigokensaku.mhlw.go.jp/28/index.php?action_kouhyou_detail_004_kani=true&JigyosyoCd=2812006563-00&ServiceCd=160&Type=search", "url2": "https://akashihakuho.com" }, "geometry": { "type": "Point", "coordinates": [ 134.8807091, 34.7029254 ] } },
{ "type": "Feature", "properties": { "内容": "医療法人社団来朋会　朋クリニック【通所リハビリテーション】兵庫県明石明南町1-4-8", "url": "https://www.kaigokensaku.mhlw.go.jp/28/index.php?action_kouhyou_detail_004_kani=true&JigyosyoCd=2812007967-00&ServiceCd=160&Type=search", "url2": "https://tomo-clinic.co.jp" }, "geometry": { "type": "Point", "coordinates": [ 134.968621500000012, 34.6703994 ] } },
{ "type": "Feature", "properties": { "内容": "医療法人　久仁会　老人保健施設　エスポアール遙【通所リハビリテーション】兵庫県明石市魚住町清水２１８３", "url": "https://www.kaigokensaku.mhlw.go.jp/28/index.php?action_kouhyou_detail_004_kani=true&JigyosyoCd=2852080056-00&ServiceCd=160&Type=search", "url2": "http://www.akashidoujin.jp" }, "geometry": { "type": "Point", "coordinates": [ 134.891620500000045, 34.7205601 ] } },
{ "type": "Feature", "properties": { "内容": "林医院通所リハビリテーションセンター【通所リハビリテーション】兵庫県西宮市甲子園口3-9-23", "url": "https://www.kaigokensaku.mhlw.go.jp/28/index.php?action_kouhyou_detail_004_kani=true&JigyosyoCd=2810923827-00&ServiceCd=160&Type=search", "url2": "www.hayashi-med.com" }, "geometry": { "type": "Point", "coordinates": [ 135.374356799999987, 34.7376004 ] } },
{ "type": "Feature", "properties": { "内容": "医療法人社団　高田上谷病院　通所リハビリテーション【通所リハビリテーション】兵庫県西宮市山口町上山口4丁目26-14", "url": "https://www.kaigokensaku.mhlw.go.jp/28/index.php?action_kouhyou_detail_004_kani=true&JigyosyoCd=2810908489-00&ServiceCd=160&Type=search", "url2": "http://www.takatakamitani-hp.jp/" }, "geometry": { "type": "Point", "coordinates": [ 135.2465504, 34.8247372 ] } },
{ "type": "Feature", "properties": { "内容": "西宮渡辺病院【通所リハビリテーション】兵庫県西宮市室川町10-22", "url": "https://www.kaigokensaku.mhlw.go.jp/28/index.php?action_kouhyou_detail_004_kani=true&JigyosyoCd=2810906491-00&ServiceCd=160&Type=search", "url2": "www.n-watanabe-hosp.jp" }, "geometry": { "type": "Point", "coordinates": [ 135.3431359, 34.7443657 ] } },
{ "type": "Feature", "properties": { "内容": "医療法人社団　西宮回生病院【通所リハビリテーション】兵庫県西宮市大浜町1番4号", "url": "https://www.kaigokensaku.mhlw.go.jp/28/index.php?action_kouhyou_detail_004_kani=true&JigyosyoCd=2810909396-00&ServiceCd=160&Type=search", "url2": "http://www.kaiseihp.jp/" }, "geometry": { "type": "Point", "coordinates": [ 135.327974, 34.7257776 ] } },
{ "type": "Feature", "properties": { "内容": "石山整形外科デイケアセンター【通所リハビリテーション】兵庫県西宮市両度町6-22ベルシャイン103号", "url": "https://www.kaigokensaku.mhlw.go.jp/28/index.php?action_kouhyou_detail_004_kani=true&JigyosyoCd=2810922423-00&ServiceCd=160&Type=search", "url2": "http://www.ishiyama-seikei.com/daycare.html" }, "geometry": { "type": "Point", "coordinates": [ 135.354413199999954, 34.7426212 ] } },
{ "type": "Feature", "properties": { "内容": "医療法人社団高遼会　整形外科たかひろクリニック　リハビリテーションセンター【通所リハビリテーション】瓦林町20番10号", "url": "https://www.kaigokensaku.mhlw.go.jp/28/index.php?action_kouhyou_detail_004_kani=true&JigyosyoCd=2810923686-00&ServiceCd=160&Type=search", "url2": "http://www.takahiro-clinic.com/rehacenter.html" }, "geometry": { "type": "Point", "coordinates": [ 135.369302926052541, 34.745686782835243 ] } },
{ "type": "Feature", "properties": { "内容": "西宮渡辺心臓脳・血管センター【通所リハビリテーション】池田町3番25号西宮渡辺心臓脳・血管センター", "url": "https://www.kaigokensaku.mhlw.go.jp/28/index.php?action_kouhyou_detail_004_kani=true&JigyosyoCd=2810921870-00&ServiceCd=160&Type=search", "url2": "http://www.n-watanabe-hosp.jp/koumeikai/kenkou/" }, "geometry": { "type": "Point", "coordinates": [ 135.344655699999947, 34.7376021 ] } },
{ "type": "Feature", "properties": { "内容": "医療法人敬愛会　西宮敬愛会病院【通所リハビリテーション】西宮市深津町7-5", "url": "https://www.kaigokensaku.mhlw.go.jp/28/index.php?action_kouhyou_detail_004_kani=true&JigyosyoCd=2810923157-00&ServiceCd=160&Type=search", "url2": "http://www.nishi-keiai.or.jp/" }, "geometry": { "type": "Point", "coordinates": [ 135.358971200000042, 34.7414659 ] } },
{ "type": "Feature", "properties": { "内容": "西宮渡辺脳卒中・心臓リハビリテーション病院　通所リハビリテーション【通所リハビリテーション】西宮市前浜町4－3", "url": "https://www.kaigokensaku.mhlw.go.jp/28/index.php?action_kouhyou_detail_004_kani=true&JigyosyoCd=2810924767-00&ServiceCd=160&Type=search", "url2": "www.n-watanabe-hosp.jp/koumeikai/heartcare" }, "geometry": { "type": "Point", "coordinates": [ 135.333351, 34.727603 ] } },
{ "type": "Feature", "properties": { "内容": "介護老人保健施設　　陽喜な家【通所リハビリテーション】西宮市上ヶ原十番町1番85号", "url": "https://www.kaigokensaku.mhlw.go.jp/28/index.php?action_kouhyou_detail_004_kani=true&JigyosyoCd=2850980042-00&ServiceCd=160&Type=search", "url2": "http://www.uegahara.net" }, "geometry": { "type": "Point", "coordinates": [ 135.339789200000041, 34.7599135 ] } },
{ "type": "Feature", "properties": { "内容": "医療法人　協和会　介護老人保健施設ウエルハウス西宮【通所リハビリテーション】兵庫県西宮市西宮浜4丁目１５-1", "url": "https://www.kaigokensaku.mhlw.go.jp/28/index.php?action_kouhyou_detail_004_kani=true&JigyosyoCd=2850980067-00&ServiceCd=160&Type=search", "url2": "https://www.kyowakai.com/wh_nishinomiya/" }, "geometry": { "type": "Point", "coordinates": [ 135.331118300000071, 34.712076 ] } },
{ "type": "Feature", "properties": { "内容": "介護老人保健施設　清和香櫨園【通所リハビリテーション】西宮市弓場町１－１５", "url": "https://www.kaigokensaku.mhlw.go.jp/28/index.php?action_kouhyou_detail_004_kani=true&JigyosyoCd=2850980083-00&ServiceCd=160&Type=search", "url2": "http://www.saso.or.jp/kouroen/" }, "geometry": { "type": "Point", "coordinates": [ 135.32421039999997, 34.733771299999944 ] } },
{ "type": "Feature", "properties": { "内容": "西宮協立デイケアセンター　ほほえみ【通所リハビリテーション】兵庫県西宮市津門呉羽町10-13", "url": "https://www.kaigokensaku.mhlw.go.jp/28/index.php?action_kouhyou_detail_004_kani=true&JigyosyoCd=2870903164-00&ServiceCd=160&Type=search", "url2": "https://www.nk-hospital.or.jp/hohoemi" }, "geometry": { "type": "Point", "coordinates": [ 135.356929799999989, 34.7323445 ] } },
{ "type": "Feature", "properties": { "内容": "西宮協立デイケアセンター第2ほほえみ【通所リハビリテーション】兵庫県西宮市津門呉羽町9-10有料老人ホームやすらぎ　1階", "url": "https://www.kaigokensaku.mhlw.go.jp/28/index.php?action_kouhyou_detail_004_kani=true&JigyosyoCd=2870904584-00&ServiceCd=160&Type=search", "url2": "htts://www.nk-hospital.or.jp/hohoemi" }, "geometry": { "type": "Point", "coordinates": [ 135.356454900000017, 34.7317334 ] } },
{ "type": "Feature", "properties": { "内容": "北摂中央病院【通所リハビリテーション】兵庫県西宮市塩瀬町生瀬1281番地の5", "url": "https://www.kaigokensaku.mhlw.go.jp/28/index.php?action_kouhyou_detail_004_kani=true&JigyosyoCd=2810906616-00&ServiceCd=160&Type=search", "url2": "http://www.ryokusuikai.or.jp" }, "geometry": { "type": "Point", "coordinates": [ 135.329885699999977, 34.8218201 ] } },
{ "type": "Feature", "properties": { "内容": "西宮市立介護老人保健施設　すこやかケア西宮【通所リハビリテーション】兵庫県西宮市林田町7-17", "url": "https://www.kaigokensaku.mhlw.go.jp/28/index.php?action_kouhyou_detail_004_kani=true&JigyosyoCd=2850980034-00&ServiceCd=160&Type=search", "url2": "https://www.nishinomiya-fukushi.jp/" }, "geometry": { "type": "Point", "coordinates": [ 135.361026600000059, 34.7574529 ] } },
{ "type": "Feature", "properties": { "内容": "医療法人　永田整形外科　デイケア【通所リハビリテーション】西宮市甲子園九番町２－２５アネックス１・２階", "url": "https://www.kaigokensaku.mhlw.go.jp/28/index.php?action_kouhyou_detail_004_kani=true&JigyosyoCd=2810909826-00&ServiceCd=160&Type=search", "url2": "http://www.nagataseikeigeka.com/" }, "geometry": { "type": "Point", "coordinates": [ 135.359611360435423, 34.71827406850749 ] } },
{ "type": "Feature", "properties": { "内容": "医療法人社団　清田診療所デイケアセンター【通所リハビリテーション】兵庫県西宮市段上町２丁目1-28", "url": "https://www.kaigokensaku.mhlw.go.jp/28/index.php?action_kouhyou_detail_004_kani=true&JigyosyoCd=2810923801-00&ServiceCd=160&Type=search", "url2": "http://kiyota-mc.com/" }, "geometry": { "type": "Point", "coordinates": [ 135.363651299999987, 34.7684017 ] } },
{ "type": "Feature", "properties": { "内容": "天野整形外科通所リハビリテーション【通所リハビリテーション】西宮市門戸荘12番23号", "url": "https://www.kaigokensaku.mhlw.go.jp/28/index.php?action_kouhyou_detail_004_kani=true&JigyosyoCd=2870903586-00&ServiceCd=160&Type=search", "url2": "http://www.amano-seikei.com/" }, "geometry": { "type": "Point", "coordinates": [ 135.357093500000019, 34.756528 ] } },
{ "type": "Feature", "properties": { "内容": "医療法人社団ゆたか会たかたクリニック【通所リハビリテーション】兵庫県洲本市五色町鮎原西1-1", "url": "https://www.kaigokensaku.mhlw.go.jp/28/index.php?action_kouhyou_detail_004_kani=true&JigyosyoCd=2811501432-00&ServiceCd=160&Type=search", "url2": "https://takata-clinic.com/" }, "geometry": { "type": "Point", "coordinates": [ 134.8141386, 34.3983312 ] } },
{ "type": "Feature", "properties": { "内容": "介護老人保健施設　せんけい苑【通所リハビリテーション】兵庫県洲本市桑間字太田495-1", "url": "https://www.kaigokensaku.mhlw.go.jp/28/index.php?action_kouhyou_detail_004_kani=true&JigyosyoCd=2851580023-00&ServiceCd=160&Type=search", "url2": "https://senkeien.jp/" }, "geometry": { "type": "Point", "coordinates": [ 134.865806600000042, 34.345524900000015 ] } },
{ "type": "Feature", "properties": { "内容": "岡田整形外科【通所リハビリテーション】兵庫県洲本市上物部１−２−６", "url": "https://www.kaigokensaku.mhlw.go.jp/28/index.php?action_kouhyou_detail_004_kani=true&JigyosyoCd=2811501184-00&ServiceCd=160&Type=search", "url2": null }, "geometry": { "type": "Point", "coordinates": [ 134.8892174, 34.3344084 ] } },
{ "type": "Feature", "properties": { "内容": "洲本市国民健康保険五色診療所【通所リハビリテーション】兵庫県洲本市五色町都志大日707番地", "url": "https://www.kaigokensaku.mhlw.go.jp/28/index.php?action_kouhyou_detail_004_kani=true&JigyosyoCd=2811501218-00&ServiceCd=160&Type=search", "url2": null }, "geometry": { "type": "Point", "coordinates": [ 134.788748784516883, 34.404730160632944 ] } },
{ "type": "Feature", "properties": { "内容": "芦屋セントマリアクリニック【通所リハビリテーション】大原町5-20芦屋セントマリアクリニック　B1F", "url": "https://www.kaigokensaku.mhlw.go.jp/28/index.php?action_kouhyou_detail_004_kani=true&JigyosyoCd=2811003991-00&ServiceCd=160&Type=search", "url2": "http://ashiya-cl-maria.jp/" }, "geometry": { "type": "Point", "coordinates": [ 139.2942368, 36.3419792 ] } },
{ "type": "Feature", "properties": { "内容": "医療法人昭圭会介護老人保健施設さくらの園【通所リハビリテーション】芦屋市陽光町３番２１号", "url": "https://www.kaigokensaku.mhlw.go.jp/28/index.php?action_kouhyou_detail_004_kani=true&JigyosyoCd=2851080016-00&ServiceCd=160&Type=search", "url2": "www.s-ashiyahama-hp.or.jp" }, "geometry": { "type": "Point", "coordinates": [ 135.31406979999997, 34.7128676 ] } },
{ "type": "Feature", "properties": { "内容": "介護老人保健施設　愛しや【通所リハビリテーション】芦屋市浜風町３１－３", "url": "https://www.kaigokensaku.mhlw.go.jp/28/index.php?action_kouhyou_detail_004_kani=true&JigyosyoCd=2851080040-00&ServiceCd=160&Type=search", "url2": "http://meirinfukushi.or.jp/ashiya/" }, "geometry": { "type": "Point", "coordinates": [ 135.321221799999989, 34.7181227 ] } },
{ "type": "Feature", "properties": { "内容": "医療法人縁和会芦屋セントマリア病院【通所リハビリテーション】兵庫県芦屋市朝日ヶ丘町８番22号", "url": "https://www.kaigokensaku.mhlw.go.jp/28/index.php?action_kouhyou_detail_004_kani=true&JigyosyoCd=2811004163-00&ServiceCd=160&Type=search", "url2": "https://www.ashiya-hp-maria.jp/" }, "geometry": { "type": "Point", "coordinates": [ 135.3047795, 34.7462908 ] } },
{ "type": "Feature", "properties": { "内容": "医療法人社団いしかわ整形外科【通所リハビリテーション】兵庫県伊丹市山田2-3-23", "url": "https://www.kaigokensaku.mhlw.go.jp/28/index.php?action_kouhyou_detail_004_kani=true&JigyosyoCd=2813305014-00&ServiceCd=160&Type=search", "url2": null }, "geometry": { "type": "Point", "coordinates": [ 135.392589, 34.771661 ] } },
{ "type": "Feature", "properties": { "内容": "大橋クリニック通所リハビリテーション【通所リハビリテーション】西野3-208-2デイケアセンター　グリーンフェアネス", "url": "https://www.kaigokensaku.mhlw.go.jp/28/index.php?action_kouhyou_detail_004_kani=true&JigyosyoCd=2813303589-00&ServiceCd=160&Type=search", "url2": "www.ryokushinkai.jp" }, "geometry": { "type": "Point", "coordinates": [ 135.376012087664776, 34.789457706264798 ] } },
{ "type": "Feature", "properties": { "内容": "ラヴィータホームクリニック　デイケアセンター　イル　ソーレ【通所リハビリテーション】兵庫県　伊丹市　昆陽東　1-7-23", "url": "https://www.kaigokensaku.mhlw.go.jp/28/index.php?action_kouhyou_detail_004_kani=true&JigyosyoCd=2813304876-00&ServiceCd=160&Type=search", "url2": "http://lavita-hc.jp" }, "geometry": { "type": "Point", "coordinates": [ 135.403889199999981, 34.7798139 ] } },
{ "type": "Feature", "properties": { "内容": "太田外科診療所【通所リハビリテーション】兵庫県伊丹市南本町4丁目２－１０", "url": "https://www.kaigokensaku.mhlw.go.jp/28/index.php?action_kouhyou_detail_004_kani=true&JigyosyoCd=2813302557-00&ServiceCd=160&Type=search", "url2": null }, "geometry": { "type": "Point", "coordinates": [ 135.418689800000038, 34.7728797 ] } },
{ "type": "Feature", "properties": { "内容": "常岡病院　通所リハビリテーション【通所リハビリテーション】兵庫県伊丹市行基町2丁目5番地", "url": "https://www.kaigokensaku.mhlw.go.jp/28/index.php?action_kouhyou_detail_004_kani=true&JigyosyoCd=2813302920-00&ServiceCd=160&Type=search", "url2": "http://tsuneoka-h.or.jp" }, "geometry": { "type": "Point", "coordinates": [ 135.40999910000005, 34.7790596 ] } },
{ "type": "Feature", "properties": { "内容": "かねこ脳神経外科リハビリクリニック【通所リハビリテーション】兵庫県伊丹市山田5-3-3スギ薬局2F", "url": "https://www.kaigokensaku.mhlw.go.jp/28/index.php?action_kouhyou_detail_004_kani=true&JigyosyoCd=2813305527-00&ServiceCd=160&Type=search", "url2": "kaneko-nsr.com" }, "geometry": { "type": "Point", "coordinates": [ 135.3844297, 34.7722649 ] } },
{ "type": "Feature", "properties": { "内容": "介護老人保健施設　グリーンアルス伊丹【通所リハビリテーション】伊丹市西野３丁目２４０番地", "url": "https://www.kaigokensaku.mhlw.go.jp/28/index.php?action_kouhyou_detail_004_kani=true&JigyosyoCd=2853380059-00&ServiceCd=160&Type=search", "url2": "http://www.ryokusinkai.jp" }, "geometry": { "type": "Point", "coordinates": [ 135.375474599999961, 34.79083 ] } },
{ "type": "Feature", "properties": { "内容": "介護医療院　ケアヴィラ伊丹【通所リハビリテーション】兵庫県伊丹市大野1丁目3-2", "url": "https://www.kaigokensaku.mhlw.go.jp/28/index.php?action_kouhyou_detail_004_kani=true&JigyosyoCd=28B3300013-00&ServiceCd=160&Type=search", "url2": "https://carevilla.com/itami/index.html" }, "geometry": { "type": "Point", "coordinates": [ 135.40120490000001, 34.8044443 ] } },
{ "type": "Feature", "properties": { "内容": "医療法人社団星晶会星優クリニック【通所リハビリテーション】兵庫県伊丹市桜ケ丘1丁目3-23", "url": "https://www.kaigokensaku.mhlw.go.jp/28/index.php?action_kouhyou_detail_004_kani=true&JigyosyoCd=2813302375-00&ServiceCd=160&Type=search", "url2": "http://seishokai-gr.or.jp/" }, "geometry": { "type": "Point", "coordinates": [ 135.410318500000017, 34.7837395 ] } },
{ "type": "Feature", "properties": { "内容": "医療法人社団星晶会　あおい病院【通所リハビリテーション】兵庫県伊丹市荒牧6丁14番2号", "url": "https://www.kaigokensaku.mhlw.go.jp/28/index.php?action_kouhyou_detail_004_kani=true&JigyosyoCd=2813304066-00&ServiceCd=160&Type=search", "url2": "http://seishokai-gr.or.jp" }, "geometry": { "type": "Point", "coordinates": [ 135.387922800000069, 34.8117362 ] } },
{ "type": "Feature", "properties": { "内容": "愛正すまいるクリニック【通所リハビリテーション】兵庫県伊丹市中野北3丁目8番14号愛正透析クリニック", "url": "https://www.kaigokensaku.mhlw.go.jp/28/index.php?action_kouhyou_detail_004_kani=true&JigyosyoCd=2813304603-00&ServiceCd=160&Type=search", "url2": "https://seishokai-gr.or.jp/" }, "geometry": { "type": "Point", "coordinates": [ 135.3819363, 34.7921575 ] } },
{ "type": "Feature", "properties": { "内容": "医療法人社団　星晶会　ここしあ診療所【通所リハビリテーション】伊丹市安堂寺町4丁目44番地22号", "url": "https://www.kaigokensaku.mhlw.go.jp/28/index.php?action_kouhyou_detail_004_kani=true&JigyosyoCd=2813305469-00&ServiceCd=160&Type=search", "url2": "https://seishokai-gr.or.jp" }, "geometry": { "type": "Point", "coordinates": [ 135.40779520000001, 34.7621203 ] } },
{ "type": "Feature", "properties": { "内容": "医療法人社団　星晶会　介護老人保健施設　伊丹ゆうあい【通所リハビリテーション】兵庫県伊丹市荒牧6丁目16－2", "url": "https://www.kaigokensaku.mhlw.go.jp/28/index.php?action_kouhyou_detail_004_kani=true&JigyosyoCd=2853380042-00&ServiceCd=160&Type=search", "url2": "http://seishokai-gr.or.jp/" }, "geometry": { "type": "Point", "coordinates": [ 135.387653399999977, 34.8123583 ] } },
{ "type": "Feature", "properties": { "内容": "老人保健施設　ハイマート【通所リハビリテーション】相生市若狭野町若狭野235-24", "url": "https://www.kaigokensaku.mhlw.go.jp/28/index.php?action_kouhyou_detail_004_kani=true&JigyosyoCd=2854280027-00&ServiceCd=160&Type=search", "url2": "hai10122@ninus.ocn.ne.jp" }, "geometry": { "type": "Point", "coordinates": [ 134.417601800000057, 34.8258751 ] } },
{ "type": "Feature", "properties": { "内容": "老人保健施設アルテハイムやまて【通所リハビリテーション】兵庫県相生市山手2丁目221番地", "url": "https://www.kaigokensaku.mhlw.go.jp/28/index.php?action_kouhyou_detail_004_kani=true&JigyosyoCd=2854280019-00&ServiceCd=160&Type=search", "url2": "https://hakuyukai-med.or.jp" }, "geometry": { "type": "Point", "coordinates": [ 134.4820952, 34.8218433 ] } },
{ "type": "Feature", "properties": { "内容": "ノア整形外科クリニック【通所リハビリテーション】兵庫県相生市那波西本町1-14", "url": "https://www.kaigokensaku.mhlw.go.jp/28/index.php?action_kouhyou_detail_004_kani=true&JigyosyoCd=2814200859-00&ServiceCd=160&Type=search", "url2": "http://www.noahclinic.jp" }, "geometry": { "type": "Point", "coordinates": [ 134.4651292, 34.8091303 ] } },
{ "type": "Feature", "properties": { "内容": "きょうせいけいげかいいん【通所リハビリテーション】兵庫県相生市向陽台2-28", "url": "https://www.kaigokensaku.mhlw.go.jp/28/index.php?action_kouhyou_detail_004_kani=true&JigyosyoCd=2814200677-00&ServiceCd=160&Type=search", "url2": "kyoseikei7000@gmail.com" }, "geometry": { "type": "Point", "coordinates": [ 134.4852821, 34.813364 ] } },
{ "type": "Feature", "properties": { "内容": "医療法人社団　天馬会　半田中央病院【通所リハビリテーション】兵庫県相生市旭３丁目２番１８号", "url": "https://www.kaigokensaku.mhlw.go.jp/28/index.php?action_kouhyou_detail_004_kani=true&JigyosyoCd=2814200776-00&ServiceCd=160&Type=search", "url2": "http://www11.ocn.ne.jp/~handahp/" }, "geometry": { "type": "Point", "coordinates": [ 134.470016200000032, 34.8047394 ] } },
{ "type": "Feature", "properties": { "内容": "介護老人保健施設　出石愛の園【通所リハビリテーション】兵庫県豊岡市出石町福住１３１３", "url": "https://www.kaigokensaku.mhlw.go.jp/28/index.php?action_kouhyou_detail_004_kani=true&JigyosyoCd=2854680010-00&ServiceCd=160&Type=search", "url2": "http://www.izushi-ainosono.com" }, "geometry": { "type": "Point", "coordinates": [ 134.859093, 35.46769 ] } },
{ "type": "Feature", "properties": { "内容": "医療法人敬愛会介護老人保健施設豊岡シルバーステイ【通所リハビリテーション】兵庫県豊岡市戸牧1132-2", "url": "https://www.kaigokensaku.mhlw.go.jp/28/index.php?action_kouhyou_detail_004_kani=true&JigyosyoCd=2854480015-00&ServiceCd=160&Type=search", "url2": "http://www.keiai-kai.jp/" }, "geometry": { "type": "Point", "coordinates": [ 134.805047400000035, 35.5278849 ] } },
{ "type": "Feature", "properties": { "内容": "いりょうほうじんしゃだん　えいとくかい　かこがわいそびょういん【通所リハビリテーション】兵庫県加古川市八幡町下村1353", "url": "https://www.kaigokensaku.mhlw.go.jp/28/index.php?action_kouhyou_detail_004_kani=true&JigyosyoCd=2812204713-00&ServiceCd=160&Type=search", "url2": "http//www.isohosp.com" }, "geometry": { "type": "Point", "coordinates": [ 134.914541799999967, 34.79084090000002 ] } },
{ "type": "Feature", "properties": { "内容": "社会医療法人社団　順心会　介護老人保健施設　加古川白寿苑【通所リハビリテーション】兵庫県加古川市野口町坂井字西ノ大町58-1", "url": "https://www.kaigokensaku.mhlw.go.jp/28/index.php?action_kouhyou_detail_004_kani=true&JigyosyoCd=2852280045-00&ServiceCd=160&Type=search", "url2": "http://www.junshin.or.jp" }, "geometry": { "type": "Point", "coordinates": [ 134.846333324853504, 34.738409085194078 ] } },
{ "type": "Feature", "properties": { "内容": "山﨑記念クリニック【通所リハビリテーション】兵庫県加古川市上荘町井ノ口390-2", "url": "https://www.kaigokensaku.mhlw.go.jp/28/index.php?action_kouhyou_detail_004_kani=true&JigyosyoCd=2812202956-00&ServiceCd=160&Type=search", "url2": null }, "geometry": { "type": "Point", "coordinates": [ 134.9119892, 34.8023517 ] } },
{ "type": "Feature", "properties": { "内容": "多木クリニック【通所リハビリテーション】兵庫県加古川市別府町西脇２丁目４８", "url": "https://www.kaigokensaku.mhlw.go.jp/28/index.php?action_kouhyou_detail_004_kani=true&JigyosyoCd=2812203111-00&ServiceCd=160&Type=search", "url2": "https://takiclinic.com/" }, "geometry": { "type": "Point", "coordinates": [ 134.849171599999977, 34.7248118 ] } },
{ "type": "Feature", "properties": { "内容": "順心かんの希【通所リハビリテーション】加古川市神野町石守1632", "url": "https://www.kaigokensaku.mhlw.go.jp/28/index.php?action_kouhyou_detail_004_kani=true&JigyosyoCd=2812202261-00&ServiceCd=160&Type=search", "url2": "http://www.junshin.or.jp" }, "geometry": { "type": "Point", "coordinates": [ 134.884870099999944, 34.7727738 ] } },
{ "type": "Feature", "properties": { "内容": "介護老人保健施設　ハイムゾンネ宝寿苑【通所リハビリテーション】兵庫県加古川市東神吉町神吉７０８－１", "url": "https://www.kaigokensaku.mhlw.go.jp/28/index.php?action_kouhyou_detail_004_kani=true&JigyosyoCd=2852280029-00&ServiceCd=160&Type=search", "url2": "https://kyoritsukai.or.jp/houju/index.html" }, "geometry": { "type": "Point", "coordinates": [ 134.820220799999987, 34.7892501 ] } },
{ "type": "Feature", "properties": { "内容": "宮島整形外科クリニック通所リハビリテーション【通所リハビリテーション】兵庫県加古川市別府町別府916-6", "url": "https://www.kaigokensaku.mhlw.go.jp/28/index.php?action_kouhyou_detail_004_kani=true&JigyosyoCd=2812203798-00&ServiceCd=160&Type=search", "url2": "https://miyajimaseikei.com" }, "geometry": { "type": "Point", "coordinates": [ 134.8521202, 34.7336822 ] } },
{ "type": "Feature", "properties": { "内容": "松本病院　スマートライフさくら【通所リハビリテーション】加古川町粟津232-1", "url": "https://www.kaigokensaku.mhlw.go.jp/28/index.php?action_kouhyou_detail_004_kani=true&JigyosyoCd=2812202246-00&ServiceCd=160&Type=search", "url2": "http://www.matsumoto-sakura.jp" }, "geometry": { "type": "Point", "coordinates": [ 134.837428338623084, 34.763716238140503 ] } },
{ "type": "Feature", "properties": { "内容": "老人保健施設　緑寿苑【通所リハビリテーション】加古川市平岡町新在家１１９７－３", "url": "https://www.kaigokensaku.mhlw.go.jp/28/index.php?action_kouhyou_detail_004_kani=true&JigyosyoCd=2852280037-00&ServiceCd=160&Type=search", "url2": "http://www.tatsumakai.jp" }, "geometry": { "type": "Point", "coordinates": [ 134.870005399999968, 34.7509955 ] } },
{ "type": "Feature", "properties": { "内容": "順心かんの寿【通所リハビリテーション】兵庫県加古川市神野町神野186-10総合在宅ケアセンターかんの", "url": "https://www.kaigokensaku.mhlw.go.jp/28/index.php?action_kouhyou_detail_004_kani=true&JigyosyoCd=2872204264-00&ServiceCd=160&Type=search", "url2": "http://junshin.or.jp" }, "geometry": { "type": "Point", "coordinates": [ 134.884292499999987, 34.773975 ] } },
{ "type": "Feature", "properties": { "内容": "共立会病院【通所リハビリテーション】兵庫県加古川市米田町平津596番地", "url": "https://www.kaigokensaku.mhlw.go.jp/28/index.php?action_kouhyou_detail_004_kani=true&JigyosyoCd=2812200596-00&ServiceCd=160&Type=search", "url2": "https://www.kyoritsukai.or.jp" }, "geometry": { "type": "Point", "coordinates": [ 134.816223050262494, 34.781481128293805 ] } },
{ "type": "Feature", "properties": { "内容": "赤穂中央病院通所リハビリテーション【通所リハビリテーション】兵庫県赤穂市惣門町52-6", "url": "https://www.kaigokensaku.mhlw.go.jp/28/index.php?action_kouhyou_detail_004_kani=true&JigyosyoCd=2814300618-00&ServiceCd=160&Type=search", "url2": "http://www.hakuho.or.jp/ako/" }, "geometry": { "type": "Point", "coordinates": [ 134.3854637, 34.7560202 ] } },
{ "type": "Feature", "properties": { "内容": "介護老人保健施設　伯鳳会プラザ【通所リハビリテーション】兵庫県赤穂市片浜町232", "url": "https://www.kaigokensaku.mhlw.go.jp/28/index.php?action_kouhyou_detail_004_kani=true&JigyosyoCd=2854380017-00&ServiceCd=160&Type=search", "url2": "www//hakuho.ｊｐ" }, "geometry": { "type": "Point", "coordinates": [ 134.374677099999985, 34.7547087 ] } },
{ "type": "Feature", "properties": { "内容": "医療法人社団　きっかわ整形外科【通所リハビリテーション】兵庫県赤穂市尾崎3154－65", "url": "https://www.kaigokensaku.mhlw.go.jp/28/index.php?action_kouhyou_detail_004_kani=true&JigyosyoCd=2814301236-00&ServiceCd=160&Type=search", "url2": "http://kikkawa-seikei.jp/" }, "geometry": { "type": "Point", "coordinates": [ 134.40376950000001, 34.7412897 ] } },
{ "type": "Feature", "properties": { "内容": "赤穂市立介護老人保健施設【通所リハビリテーション】兵庫県赤穂市中広１０９２番地", "url": "https://www.kaigokensaku.mhlw.go.jp/28/index.php?action_kouhyou_detail_004_kani=true&JigyosyoCd=2854380025-00&ServiceCd=160&Type=search", "url2": "http://www.amh.ako.hyogo.jp/" }, "geometry": { "type": "Point", "coordinates": [ 134.3897207, 34.7427214 ] } },
{ "type": "Feature", "properties": { "内容": "社会医療法人社団正峰会　生野医院【通所リハビリテーション】兵庫県西脇市野村町1257-1", "url": "https://www.kaigokensaku.mhlw.go.jp/28/index.php?action_kouhyou_detail_004_kani=true&JigyosyoCd=2811800990-00&ServiceCd=160&Type=search", "url2": "http://www.seihoukai.com" }, "geometry": { "type": "Point", "coordinates": [ 134.963148100000012, 34.9719514 ] } },
{ "type": "Feature", "properties": { "内容": "上田医院【通所リハビリテーション】兵庫県西脇市野村町８６５－５", "url": "https://www.kaigokensaku.mhlw.go.jp/28/index.php?action_kouhyou_detail_004_kani=true&JigyosyoCd=2811800842-00&ServiceCd=160&Type=search", "url2": "https://www.uedaiin.biz/" }, "geometry": { "type": "Point", "coordinates": [ 134.969203200000038, 34.9706683 ] } },
{ "type": "Feature", "properties": { "内容": "はたざわ医院通所リハビリテーション【通所リハビリテーション】兵庫県西脇市日野町158番地", "url": "https://www.kaigokensaku.mhlw.go.jp/28/index.php?action_kouhyou_detail_004_kani=true&JigyosyoCd=2811800669-00&ServiceCd=160&Type=search", "url2": "http://myclinic.ne.jp/hatazawa/pc/doctor.html" }, "geometry": { "type": "Point", "coordinates": [ 134.96245840000006, 35.0071759 ] } },
{ "type": "Feature", "properties": { "内容": "医療法人社団信和会　三木医院【通所リハビリテーション】兵庫県西脇市大木町288-1", "url": "https://www.kaigokensaku.mhlw.go.jp/28/index.php?action_kouhyou_detail_004_kani=true&JigyosyoCd=2811800792-00&ServiceCd=160&Type=search", "url2": "http://www.miki-hosp.or.jp/" }, "geometry": { "type": "Point", "coordinates": [ 134.953469473610625, 35.021180438767338 ] } },
{ "type": "Feature", "properties": { "内容": "西脇市立老人保健施設しばざくら荘【通所リハビリテーション】西脇市上戸田194-1", "url": "https://www.kaigokensaku.mhlw.go.jp/28/index.php?action_kouhyou_detail_004_kani=true&JigyosyoCd=2851880027-00&ServiceCd=160&Type=search", "url2": "URL.http://www.city.nishiwaki.lg.jp/" }, "geometry": { "type": "Point", "coordinates": [ 134.98540950000006, 34.9883617 ] } },
{ "type": "Feature", "properties": { "内容": "医療法人社団　双愛整形外科【通所リハビリテーション】兵庫県宝塚市末広町2－8", "url": "https://www.kaigokensaku.mhlw.go.jp/28/index.php?action_kouhyou_detail_004_kani=true&JigyosyoCd=2811104674-00&ServiceCd=160&Type=search", "url2": "http://www.soaiseikei.com/" }, "geometry": { "type": "Point", "coordinates": [ 135.354498299999932, 34.8022252 ] } },
{ "type": "Feature", "properties": { "内容": "児玉診療所デイケア「あけぼの」【通所リハビリテーション】宝塚市川面３丁目24番９号", "url": "https://www.kaigokensaku.mhlw.go.jp/28/index.php?action_kouhyou_detail_004_kani=true&JigyosyoCd=2871101248-00&ServiceCd=160&Type=search", "url2": "http://www.soreiyu.net/" }, "geometry": { "type": "Point", "coordinates": [ 135.343293200000062, 34.811188 ] } },
{ "type": "Feature", "properties": { "内容": "やまもと整形リハビリクリニック　宝塚リハビリテーションプラザ【通所リハビリテーション】兵庫県宝塚市山本東3丁目14番6号", "url": "https://www.kaigokensaku.mhlw.go.jp/28/index.php?action_kouhyou_detail_004_kani=true&JigyosyoCd=2811102728-00&ServiceCd=160&Type=search", "url2": "https://daikikai.com/" }, "geometry": { "type": "Point", "coordinates": [ 135.3897388, 34.8197257 ] } },
{ "type": "Feature", "properties": { "内容": "医療法人尚和会　宝塚リハビリテーション病院【通所リハビリテーション】兵庫県宝塚市鶴の荘22番2号", "url": "https://www.kaigokensaku.mhlw.go.jp/28/index.php?action_kouhyou_detail_004_kani=true&JigyosyoCd=2811104211-00&ServiceCd=160&Type=search", "url2": "http://www.takara-reha.com" }, "geometry": { "type": "Point", "coordinates": [ 135.3603403, 34.809173 ] } },
{ "type": "Feature", "properties": { "内容": "晃成会クリニック通所リハビリテーション【通所リハビリテーション】兵庫県宝塚市光明町1－5", "url": "https://www.kaigokensaku.mhlw.go.jp/28/index.php?action_kouhyou_detail_004_kani=true&JigyosyoCd=2811104773-00&ServiceCd=160&Type=search", "url2": "http://www.kouseikai-clinic.or.jp/" }, "geometry": { "type": "Point", "coordinates": [ 135.360462301188562, 34.79162207949112 ] } },
{ "type": "Feature", "properties": { "内容": "介護老人保健施設　エスペランサ【通所リハビリテーション】宝塚市山本丸橋2-22-1", "url": "https://www.kaigokensaku.mhlw.go.jp/28/index.php?action_kouhyou_detail_004_kani=true&JigyosyoCd=2851180022-00&ServiceCd=160&Type=search", "url2": "http://www.esperanza.or.jp" }, "geometry": { "type": "Point", "coordinates": [ 135.394761, 34.813386 ] } },
{ "type": "Feature", "properties": { "内容": "介護老人保健施設　西谷憩いの家【通所リハビリテーション】兵庫県宝塚市大原野字波坂２番地７", "url": "https://www.kaigokensaku.mhlw.go.jp/28/index.php?action_kouhyou_detail_004_kani=true&JigyosyoCd=2851180030-00&ServiceCd=160&Type=search", "url2": "https://www.nisitanikai.jp" }, "geometry": { "type": "Point", "coordinates": [ 135.299208799999974, 34.9092934 ] } },
{ "type": "Feature", "properties": { "内容": "介護老人保健施設ステップハウス宝塚【通所リハビリテーション】兵庫県宝塚市小浜４丁目５番６号", "url": "https://www.kaigokensaku.mhlw.go.jp/28/index.php?action_kouhyou_detail_004_kani=true&JigyosyoCd=2851180055-00&ServiceCd=160&Type=search", "url2": "www.takarazuka-fukushi.or.jp/" }, "geometry": { "type": "Point", "coordinates": [ 135.366088900000022, 34.8049558 ] } },
{ "type": "Feature", "properties": { "内容": "宝塚医療生活協同組合良元診療所【通所リハビリテーション】宝塚市大成町１０－４５", "url": "https://www.kaigokensaku.mhlw.go.jp/28/index.php?action_kouhyou_detail_004_kani=true&JigyosyoCd=2811101290-00&ServiceCd=160&Type=search", "url2": "http://www.takarazuka-mcoop.net/ryogen" }, "geometry": { "type": "Point", "coordinates": [ 135.356212599999907, 34.7829637 ] } },
{ "type": "Feature", "properties": { "内容": "介護老人保健施設ケアヴィラ宝塚【通所リハビリテーション】兵庫県宝塚市亀井町10-51", "url": "https://www.kaigokensaku.mhlw.go.jp/28/index.php?action_kouhyou_detail_004_kani=true&JigyosyoCd=2851180048-00&ServiceCd=160&Type=search", "url2": "http://www.carevilla.com/takarazuka/" }, "geometry": { "type": "Point", "coordinates": [ 135.363053400000013, 34.7924877 ] } },
{ "type": "Feature", "properties": { "内容": "通所リハビリテーションたんぽぽ【通所リハビリテーション】兵庫県三木市志染町広野５丁目２７５", "url": "https://www.kaigokensaku.mhlw.go.jp/28/index.php?action_kouhyou_detail_004_kani=true&JigyosyoCd=2872300690-00&ServiceCd=160&Type=search", "url2": "http://www.tokiwa-hospitl.or.jp" }, "geometry": { "type": "Point", "coordinates": [ 135.021396699999968, 34.77241 ] } },
{ "type": "Feature", "properties": { "内容": "服部病院【通所リハビリテーション】兵庫県三木市大塚218-3", "url": "https://www.kaigokensaku.mhlw.go.jp/28/index.php?action_kouhyou_detail_004_kani=true&JigyosyoCd=2812301493-00&ServiceCd=160&Type=search", "url2": "http://www.hattori-hospital.com/" }, "geometry": { "type": "Point", "coordinates": [ 134.999868099999958, 34.7991742 ] } },
{ "type": "Feature", "properties": { "内容": "デイケアみきやま【通所リハビリテーション】兵庫県三木市大塚１－５－８９", "url": "https://www.kaigokensaku.mhlw.go.jp/28/index.php?action_kouhyou_detail_004_kani=true&JigyosyoCd=2872300724-00&ServiceCd=160&Type=search", "url2": "http://www.mikiyama-hp.jp/" }, "geometry": { "type": "Point", "coordinates": [ 134.993582599999968, 34.7954024 ] } },
{ "type": "Feature", "properties": { "内容": "介護老人保健施設　サンスマイル三木【通所リハビリテーション】兵庫県三木市志染町吉田1213-1", "url": "https://www.kaigokensaku.mhlw.go.jp/28/index.php?action_kouhyou_detail_004_kani=true&JigyosyoCd=2852380035-00&ServiceCd=160&Type=search", "url2": "http://www.hoyukai.or.jp/sunsmile/" }, "geometry": { "type": "Point", "coordinates": [ 135.01329469999996, 34.7904334 ] } },
{ "type": "Feature", "properties": { "内容": "介護老人保健施設セントクリストファーズホーム【通所リハビリテーション】兵庫県三木市志染町細目字橋ヶ谷２８－２６", "url": "https://www.kaigokensaku.mhlw.go.jp/28/index.php?action_kouhyou_detail_004_kani=true&JigyosyoCd=2852380027-00&ServiceCd=160&Type=search", "url2": "http://www.nogi-hospital.or.jp/" }, "geometry": { "type": "Point", "coordinates": [ 135.019723575085408, 34.786947754446359 ] } },
{ "type": "Feature", "properties": { "内容": "医療法人社団　仁恵会　介護老人保健施設　サンビラ三木【通所リハビリテーション】兵庫県三木市与呂木字高野越６８３－４", "url": "https://www.kaigokensaku.mhlw.go.jp/28/index.php?action_kouhyou_detail_004_kani=true&JigyosyoCd=2852380019-00&ServiceCd=160&Type=search", "url2": "http://www.jinkeikai-group.or.jp/sunvilla/" }, "geometry": { "type": "Point", "coordinates": [ 135.008717459910599, 34.807621838938374 ] } },
{ "type": "Feature", "properties": { "内容": "医療法人社団　敬命会　吉川病院【通所リハビリテーション】兵庫県三木市吉川町稲田１番地の２", "url": "https://www.kaigokensaku.mhlw.go.jp/28/index.php?action_kouhyou_detail_004_kani=true&JigyosyoCd=2812301576-00&ServiceCd=160&Type=search", "url2": "yokawa-hospital.com" }, "geometry": { "type": "Point", "coordinates": [ 135.123558799999955, 34.8872436 ] } },
{ "type": "Feature", "properties": { "内容": "けい整形外科クリニック【通所リハビリテーション】兵庫県高砂市北浜町西浜1208-75", "url": "https://www.kaigokensaku.mhlw.go.jp/28/index.php?action_kouhyou_detail_004_kani=true&JigyosyoCd=2812101430-00&ServiceCd=160&Type=search", "url2": "https://n-ortho.jp/" }, "geometry": { "type": "Point", "coordinates": [ 134.7512786, 34.7811315 ] } },
{ "type": "Feature", "properties": { "内容": "よねだ通所リハビリテーション【通所リハビリテーション】兵庫県高砂市阿弥陀町北池３５", "url": "https://www.kaigokensaku.mhlw.go.jp/28/index.php?action_kouhyou_detail_004_kani=true&JigyosyoCd=2812101869-00&ServiceCd=160&Type=search", "url2": "yoneda-seikei.com" }, "geometry": { "type": "Point", "coordinates": [ 134.79084552513126, 34.792450849145247 ] } },
{ "type": "Feature", "properties": { "内容": "大森整形外科医院(おおもりＤＡＹリハビリ）【通所リハビリテーション】兵庫県高砂市曽根町447-1", "url": "https://www.kaigokensaku.mhlw.go.jp/28/index.php?action_kouhyou_detail_004_kani=true&JigyosyoCd=2812101091-00&ServiceCd=160&Type=search", "url2": "http://www.omori-seikeigeka.or.jp/" }, "geometry": { "type": "Point", "coordinates": [ 134.773556828836035, 34.778872142819871 ] } },
{ "type": "Feature", "properties": { "内容": "ゆうゆうの木　通所リハビリテーション【通所リハビリテーション】兵庫県高砂市米田町米田８７３－２", "url": "https://www.kaigokensaku.mhlw.go.jp/28/index.php?action_kouhyou_detail_004_kani=true&JigyosyoCd=2812101414-00&ServiceCd=160&Type=search", "url2": "http://uokawa-home.com" }, "geometry": { "type": "Point", "coordinates": [ 134.807906, 34.7747927 ] } },
{ "type": "Feature", "properties": { "内容": "つくだ整形外科　ロコモケアステーション【通所リハビリテーション】兵庫県高砂市今市2丁目301-1", "url": "https://www.kaigokensaku.mhlw.go.jp/28/index.php?action_kouhyou_detail_004_kani=true&JigyosyoCd=2812101638-00&ServiceCd=160&Type=search", "url2": "http://tsukudaseikei.com/" }, "geometry": { "type": "Point", "coordinates": [ 134.79834070000004, 34.7670625 ] } },
{ "type": "Feature", "properties": { "内容": "社会医療法人社団　順心会　介護老人保健施設　高砂白寿苑【通所リハビリテーション】兵庫県高砂市北浜町西浜773-1", "url": "https://www.kaigokensaku.mhlw.go.jp/28/index.php?action_kouhyou_detail_004_kani=true&JigyosyoCd=2852180039-00&ServiceCd=160&Type=search", "url2": "http://www.junshin.or.jp" }, "geometry": { "type": "Point", "coordinates": [ 134.747887, 34.7849724 ] } },
{ "type": "Feature", "properties": { "内容": "生き活きリハセンター【通所リハビリテーション】兵庫県高砂市米田町古新305-1", "url": "https://www.kaigokensaku.mhlw.go.jp/28/index.php?action_kouhyou_detail_004_kani=true&JigyosyoCd=2812101778-00&ServiceCd=160&Type=search", "url2": "http://www.higashitakasago.com" }, "geometry": { "type": "Point", "coordinates": [ 134.809417100000019, 34.7721319 ] } },
{ "type": "Feature", "properties": { "内容": "医療法人徳洲会　高砂西部病院　通所リハビリテーション【通所リハビリテーション】兵庫県高砂市中筋１丁目１０番４１号", "url": "https://www.kaigokensaku.mhlw.go.jp/28/index.php?action_kouhyou_detail_004_kani=true&JigyosyoCd=2812101653-00&ServiceCd=160&Type=search", "url2": "http://www.takasagoseibu.jp/" }, "geometry": { "type": "Point", "coordinates": [ 134.772347600000018, 34.7892497 ] } },
{ "type": "Feature", "properties": { "内容": "介護老人保健施設まごころハーモニー【通所リハビリテーション】兵庫県高砂市高砂町松波町440番6", "url": "https://www.kaigokensaku.mhlw.go.jp/28/index.php?action_kouhyou_detail_004_kani=true&JigyosyoCd=2852180013-00&ServiceCd=160&Type=search", "url2": "http://www.harmony-en.com" }, "geometry": { "type": "Point", "coordinates": [ 134.7951488, 34.7534905 ] } },
{ "type": "Feature", "properties": { "内容": "介護老人保健施設　播磨高砂苑【通所リハビリテーション】高砂市伊保1丁目6-16", "url": "https://www.kaigokensaku.mhlw.go.jp/28/index.php?action_kouhyou_detail_004_kani=true&JigyosyoCd=2852180021-00&ServiceCd=160&Type=search", "url2": "http://www.mycaregarden.jp/sizutanien/pc/" }, "geometry": { "type": "Point", "coordinates": [ 134.7858172, 34.7693953 ] } },
{ "type": "Feature", "properties": { "内容": "介護老人保健施設ウエルハウス川西【通所リハビリテーション】川西市中央町１５番２５号", "url": "https://www.kaigokensaku.mhlw.go.jp/28/index.php?action_kouhyou_detail_004_kani=true&JigyosyoCd=2853180012-00&ServiceCd=160&Type=search", "url2": "http://www.kyowakai.com/" }, "geometry": { "type": "Point", "coordinates": [ 135.415330899999958, 34.8308484 ] } },
{ "type": "Feature", "properties": { "内容": "ふどう整形外科デイケアセンター【通所リハビリテーション】兵庫県川西市火打1丁目１６ー６オアシスタウンキセラ川西２F", "url": "https://www.kaigokensaku.mhlw.go.jp/28/index.php?action_kouhyou_detail_004_kani=true&JigyosyoCd=2813103195-00&ServiceCd=160&Type=search", "url2": "https://fudou-ort.com/" }, "geometry": { "type": "Point", "coordinates": [ 135.4194383, 34.8361493 ] } },
{ "type": "Feature", "properties": { "内容": "浜田整形外科　デイケアセンター【通所リハビリテーション】兵庫県川西市栄根1-3-8　１F", "url": "https://www.kaigokensaku.mhlw.go.jp/28/index.php?action_kouhyou_detail_004_kani=true&JigyosyoCd=2813102049-00&ServiceCd=160&Type=search", "url2": "https://hamada-seikeigeka.com/" }, "geometry": { "type": "Point", "coordinates": [ 135.4129605, 34.8230074 ] } },
{ "type": "Feature", "properties": { "内容": "あゆみ整形外科クリニック【通所リハビリテーション】大和西2-2-1", "url": "https://www.kaigokensaku.mhlw.go.jp/28/index.php?action_kouhyou_detail_004_kani=true&JigyosyoCd=2813102353-00&ServiceCd=160&Type=search", "url2": null }, "geometry": { "type": "Point", "coordinates": [ 139.472364199999987, 35.4372103 ] } },
{ "type": "Feature", "properties": { "内容": "中村整形外科リハビリクリニック通所リハビリセンター【通所リハビリテーション】兵庫県川西市美山台1丁目1-2", "url": "https://www.kaigokensaku.mhlw.go.jp/28/index.php?action_kouhyou_detail_004_kani=true&JigyosyoCd=2813103419-00&ServiceCd=160&Type=search", "url2": "https://nakamura-seikeigekarihabiri.jp/" }, "geometry": { "type": "Point", "coordinates": [ 135.395426500000013, 34.9071607 ] } },
{ "type": "Feature", "properties": { "内容": "医療法人協和会　介護老人保健施設ウエルハウス清和台【通所リハビリテーション】兵庫県川西市清和台東2丁目1番2号", "url": "https://www.kaigokensaku.mhlw.go.jp/28/index.php?action_kouhyou_detail_004_kani=true&JigyosyoCd=2853180020-00&ServiceCd=160&Type=search", "url2": "http://www.kyowakai.com/welhouse-seiwadai/" }, "geometry": { "type": "Point", "coordinates": [ 135.385977799999978, 34.8773214 ] } },
{ "type": "Feature", "properties": { "内容": "木村メディカル通所リハビリセンター【通所リハビリテーション】兵庫県川西市小花1丁目６－１８N＆Hビル3階", "url": "https://www.kaigokensaku.mhlw.go.jp/28/index.php?action_kouhyou_detail_004_kani=true&JigyosyoCd=2813103112-00&ServiceCd=160&Type=search", "url2": "https://kn-clinic.com/daycare" }, "geometry": { "type": "Point", "coordinates": [ 135.414438708598311, 34.827146534560008 ] } },
{ "type": "Feature", "properties": { "内容": "復井診療所【通所リハビリテーション】兵庫県小野市復井町916-12", "url": "https://www.kaigokensaku.mhlw.go.jp/28/index.php?action_kouhyou_detail_004_kani=true&JigyosyoCd=2811900931-00&ServiceCd=160&Type=search", "url2": "https://seizankai-mc.com/" }, "geometry": { "type": "Point", "coordinates": [ 134.935788, 34.899537 ] } },
{ "type": "Feature", "properties": { "内容": "介護老人保健施設薫楓苑【通所リハビリテーション】兵庫県小野市復井町1741", "url": "https://www.kaigokensaku.mhlw.go.jp/28/index.php?action_kouhyou_detail_004_kani=true&JigyosyoCd=2851980033-00&ServiceCd=160&Type=search", "url2": "https://kunpu-en.jp/" }, "geometry": { "type": "Point", "coordinates": [ 134.9273057, 34.9060383 ] } },
{ "type": "Feature", "properties": { "内容": "介護老人保健施設　シルバーランド【通所リハビリテーション】兵庫県小野市葉多町２６１－１", "url": "https://www.kaigokensaku.mhlw.go.jp/28/index.php?action_kouhyou_detail_004_kani=true&JigyosyoCd=2851980017-00&ServiceCd=160&Type=search", "url2": "https://silverland.or.jp/" }, "geometry": { "type": "Point", "coordinates": [ 134.920829799999979, 34.8476047 ] } },
{ "type": "Feature", "properties": { "内容": "栄宏会小野病院【通所リハビリテーション】兵庫県小野市天神町973番", "url": "https://www.kaigokensaku.mhlw.go.jp/28/index.php?action_kouhyou_detail_004_kani=true&JigyosyoCd=2811901020-00&ServiceCd=160&Type=search", "url2": "http://www.ono-hp.eikokai1996.or.jp" }, "geometry": { "type": "Point", "coordinates": [ 134.9424477, 34.8450718 ] } },
{ "type": "Feature", "properties": { "内容": "介護老人保健施設　オパール【通所リハビリテーション】兵庫県小野市復井町９１６－１", "url": "https://www.kaigokensaku.mhlw.go.jp/28/index.php?action_kouhyou_detail_004_kani=true&JigyosyoCd=2851980025-00&ServiceCd=160&Type=search", "url2": "https://seizankai-mc.com" }, "geometry": { "type": "Point", "coordinates": [ 134.9351858, 34.899313100000022 ] } },
{ "type": "Feature", "properties": { "内容": "土井リハビリテーション病院【通所リハビリテーション】兵庫県小野市復井町字中ノ池1723-2", "url": "https://www.kaigokensaku.mhlw.go.jp/28/index.php?action_kouhyou_detail_004_kani=true&JigyosyoCd=2811900642-00&ServiceCd=160&Type=search", "url2": "www.doi-hospital.com" }, "geometry": { "type": "Point", "coordinates": [ 134.9340823, 34.8997993 ] } },
{ "type": "Feature", "properties": { "内容": "平島病院通所リハビリセンタ－【通所リハビリテーション】三田市天神１丁目２番１５号", "url": "https://www.kaigokensaku.mhlw.go.jp/28/index.php?action_kouhyou_detail_004_kani=true&JigyosyoCd=2811200647-00&ServiceCd=160&Type=search", "url2": "https://www.mc-shojin.or.jp/" }, "geometry": { "type": "Point", "coordinates": [ 135.222231400000027, 34.8897875 ] } },
{ "type": "Feature", "properties": { "内容": "短時間通所リハビリテーション朝【通所リハビリテーション】兵庫県三田市すずかけ台1丁目12番地生涯発達支援施設まんかい3階", "url": "https://www.kaigokensaku.mhlw.go.jp/28/index.php?action_kouhyou_detail_004_kani=true&JigyosyoCd=2811202015-00&ServiceCd=160&Type=search", "url2": "https://www.man-kind.jp/" }, "geometry": { "type": "Point", "coordinates": [ 135.1968387, 34.8997318 ] } },
{ "type": "Feature", "properties": { "内容": "三田温泉シルバーステイ【通所リハビリテーション】兵庫県三田市東山897-1", "url": "https://www.kaigokensaku.mhlw.go.jp/28/index.php?action_kouhyou_detail_004_kani=true&JigyosyoCd=2851280012-00&ServiceCd=160&Type=search", "url2": "http://www.keiai-kai.jp/" }, "geometry": { "type": "Point", "coordinates": [ 135.191799800000013, 34.9418644 ] } },
{ "type": "Feature", "properties": { "内容": "介護老人保健施設アルカディア【通所リハビリテーション】兵庫県三田市東本庄2493番地", "url": "https://www.kaigokensaku.mhlw.go.jp/28/index.php?action_kouhyou_detail_004_kani=true&JigyosyoCd=2851280020-00&ServiceCd=160&Type=search", "url2": "https://ainokai.jp/" }, "geometry": { "type": "Point", "coordinates": [ 135.161933099999942, 34.9514651 ] } },
{ "type": "Feature", "properties": { "内容": "介護老人保健施設　愛【通所リハビリテーション】兵庫県三田市東本庄１１８８番地", "url": "https://www.kaigokensaku.mhlw.go.jp/28/index.php?action_kouhyou_detail_004_kani=true&JigyosyoCd=2851280038-00&ServiceCd=160&Type=search", "url2": "http://www.hirakataryoiku-med.or.jp/sanda/ai/index.html" }, "geometry": { "type": "Point", "coordinates": [ 135.164292707131921, 34.955623476596742 ] } },
{ "type": "Feature", "properties": { "内容": "介護老人保健施設　加西シニアコミュニティ【通所リハビリテーション】兵庫県加西市中西町字広野616-1", "url": "https://www.kaigokensaku.mhlw.go.jp/28/index.php?action_kouhyou_detail_004_kani=true&JigyosyoCd=2852680012-00&ServiceCd=160&Type=search", "url2": null }, "geometry": { "type": "Point", "coordinates": [ 134.841786, 34.8948679 ] } },
{ "type": "Feature", "properties": { "内容": "介護老人保健施設　加西白寿苑【通所リハビリテーション】北条町東高室字四ツ池１２３１－１", "url": "https://www.kaigokensaku.mhlw.go.jp/28/index.php?action_kouhyou_detail_004_kani=true&JigyosyoCd=2852680053-00&ServiceCd=160&Type=search", "url2": "kasaihaku@junshin.or.jp" }, "geometry": { "type": "Point", "coordinates": [ 134.839505599999939, 34.9143128 ] } },
{ "type": "Feature", "properties": { "内容": "兵庫医科大学ささやま老人保健施設【通所リハビリテーション】丹波篠山市黒岡36番地", "url": "https://www.kaigokensaku.mhlw.go.jp/28/index.php?action_kouhyou_detail_004_kani=true&JigyosyoCd=2851480026-00&ServiceCd=160&Type=search", "url2": "http://ｗｗｗ.sasayama.hyo-med.ac.jp/" }, "geometry": { "type": "Point", "coordinates": [ 135.21524260000001, 35.0798242 ] } },
{ "type": "Feature", "properties": { "内容": "介護老人保健施設　咲楽荘【通所リハビリテーション】兵庫県丹波篠山市東吹976-1", "url": "https://www.kaigokensaku.mhlw.go.jp/28/index.php?action_kouhyou_detail_004_kani=true&JigyosyoCd=2851480018-00&ServiceCd=160&Type=search", "url2": "http://www.kiyoukai.com" }, "geometry": { "type": "Point", "coordinates": [ 135.199025, 35.0702278 ] } },
{ "type": "Feature", "properties": { "内容": "谷尾クリニック【通所リハビリテーション】兵庫県養父市八鹿町九鹿46-1", "url": "https://www.kaigokensaku.mhlw.go.jp/28/index.php?action_kouhyou_detail_004_kani=true&JigyosyoCd=2814800898-00&ServiceCd=160&Type=search", "url2": null }, "geometry": { "type": "Point", "coordinates": [ 134.761218699999972, 35.4012462 ] } },
{ "type": "Feature", "properties": { "内容": "公立八鹿病院　老人保健施設【通所リハビリテーション】兵庫県養父市八鹿町下網場413番地", "url": "https://www.kaigokensaku.mhlw.go.jp/28/index.php?action_kouhyou_detail_004_kani=true&JigyosyoCd=2854880016-00&ServiceCd=160&Type=search", "url2": "http://www.hosp.yoka.hyogo.jp/kaigorouken" }, "geometry": { "type": "Point", "coordinates": [ 134.774254, 35.4041462 ] } },
{ "type": "Feature", "properties": { "内容": "医療法人社団　井上医院【通所リハビリテーション】兵庫県養父市浅野368-2", "url": "https://www.kaigokensaku.mhlw.go.jp/28/index.php?action_kouhyou_detail_004_kani=true&JigyosyoCd=2814801128-00&ServiceCd=160&Type=search", "url2": "www.inoueclinic-yabu.or.jp" }, "geometry": { "type": "Point", "coordinates": [ 134.755748, 35.3613813 ] } },
{ "type": "Feature", "properties": { "内容": "前田クリニック【通所リハビリテーション】兵庫県丹波市柏原町母坪353-1", "url": "https://www.kaigokensaku.mhlw.go.jp/28/index.php?action_kouhyou_detail_004_kani=true&JigyosyoCd=2811301700-00&ServiceCd=160&Type=search", "url2": null }, "geometry": { "type": "Point", "coordinates": [ 135.046466400000014, 35.1490906 ] } },
{ "type": "Feature", "properties": { "内容": "老人保健施設　さんなん桜の里【通所リハビリテーション】兵庫県丹波市山南町野坂211番地５", "url": "https://www.kaigokensaku.mhlw.go.jp/28/index.php?action_kouhyou_detail_004_kani=true&JigyosyoCd=2851380028-00&ServiceCd=160&Type=search", "url2": "http://www.seihoukai.com/sannnan/index.html" }, "geometry": { "type": "Point", "coordinates": [ 135.000884300000052, 35.0854107 ] } },
{ "type": "Feature", "properties": { "内容": "医療法人敬愛会　介護老人保健施設ひかみシルバーステイ【通所リハビリテーション】兵庫県丹波市氷上町絹山５２３", "url": "https://www.kaigokensaku.mhlw.go.jp/28/index.php?action_kouhyou_detail_004_kani=true&JigyosyoCd=2851380010-00&ServiceCd=160&Type=search", "url2": "http://www.otsuka-hp.or.jp/" }, "geometry": { "type": "Point", "coordinates": [ 135.047941199999968, 35.1978337 ] } },
{ "type": "Feature", "properties": { "内容": "丹波市国民健康保険青垣診療所【通所リハビリテーション】兵庫県丹波市青垣町沢野114番地", "url": "https://www.kaigokensaku.mhlw.go.jp/28/index.php?action_kouhyou_detail_004_kani=true&JigyosyoCd=2811301585-00&ServiceCd=160&Type=search", "url2": "http://www.city.tamba.lg.jp/" }, "geometry": { "type": "Point", "coordinates": [ 135.004785800000036, 35.2478994 ] } },
{ "type": "Feature", "properties": { "内容": "介護老人保健施設　ケアホーム南淡路【通所リハビリテーション】兵庫県南あわじ市賀集福井564-7", "url": "https://www.kaigokensaku.mhlw.go.jp/28/index.php?action_kouhyou_detail_004_kani=true&JigyosyoCd=2851780037-00&ServiceCd=160&Type=search", "url2": "https://www.minamiawaji.rouken.jp/" }, "geometry": { "type": "Point", "coordinates": [ 134.753003400000011, 34.2595885 ] } },
{ "type": "Feature", "properties": { "内容": "八木病院通所リハビリテーション【通所リハビリテーション】兵庫県南あわじ市八木寺内1124-1番地", "url": "https://www.kaigokensaku.mhlw.go.jp/28/index.php?action_kouhyou_detail_004_kani=true&JigyosyoCd=2871700494-00&ServiceCd=160&Type=search", "url2": "http:www16.ocn.ne.jp/~yagi" }, "geometry": { "type": "Point", "coordinates": [ 134.78673, 34.2906746 ] } },
{ "type": "Feature", "properties": { "内容": "平成病院【通所リハビリテーション】兵庫県南あわじ市八木養宜中173", "url": "https://www.kaigokensaku.mhlw.go.jp/28/index.php?action_kouhyou_detail_004_kani=true&JigyosyoCd=2811700729-00&ServiceCd=160&Type=search", "url2": "https://heiseihp.jp/" }, "geometry": { "type": "Point", "coordinates": [ 134.795253900000034, 34.3019901 ] } },
{ "type": "Feature", "properties": { "内容": "医療法人社団翠鳳会　翠鳳第一病院　通所リハビリテーション【通所リハビリテーション】兵庫県南あわじ市広田広田字畑田134-1", "url": "https://www.kaigokensaku.mhlw.go.jp/28/index.php?action_kouhyou_detail_004_kani=true&JigyosyoCd=2811701248-00&ServiceCd=160&Type=search", "url2": "http://www.mima-gr.jp/" }, "geometry": { "type": "Point", "coordinates": [ 134.8329195, 34.3226247 ] } },
{ "type": "Feature", "properties": { "内容": "中林病院【通所リハビリテーション】兵庫県南あわじ市神代国衙１６８０－１", "url": "https://www.kaigokensaku.mhlw.go.jp/28/index.php?action_kouhyou_detail_004_kani=true&JigyosyoCd=2811700919-00&ServiceCd=160&Type=search", "url2": "http://www.nakabayashihp.or.jp/" }, "geometry": { "type": "Point", "coordinates": [ 134.757509900000059, 34.27043 ] } },
{ "type": "Feature", "properties": { "内容": "通所リハビリテーション　日々青々【通所リハビリテーション】兵庫県朝来市和田山町東谷110番地1", "url": "https://www.kaigokensaku.mhlw.go.jp/28/index.php?action_kouhyou_detail_004_kani=true&JigyosyoCd=2874900414-00&ServiceCd=160&Type=search", "url2": "https://nichinichi-seisei.jp/" }, "geometry": { "type": "Point", "coordinates": [ 134.848025600000028, 35.3413457 ] } },
{ "type": "Feature", "properties": { "内容": "東浦平成病院【通所リハビリテーション】兵庫県淡路市久留麻1867", "url": "https://www.kaigokensaku.mhlw.go.jp/28/index.php?action_kouhyou_detail_004_kani=true&JigyosyoCd=2811601158-00&ServiceCd=160&Type=search", "url2": "http://higashihp.jp" }, "geometry": { "type": "Point", "coordinates": [ 134.986693100000025, 34.5247487 ] } },
{ "type": "Feature", "properties": { "内容": "介護老人保健施設　ケアホーム東浦【通所リハビリテーション】兵庫県淡路市久留麻1869", "url": "https://www.kaigokensaku.mhlw.go.jp/28/index.php?action_kouhyou_detail_004_kani=true&JigyosyoCd=2851680021-00&ServiceCd=160&Type=search", "url2": "http://higashiura.rouken.jp" }, "geometry": { "type": "Point", "coordinates": [ 134.986665300000027, 34.5244293 ] } },
{ "type": "Feature", "properties": { "内容": "淡路白寿苑【通所リハビリテーション】兵庫県淡路市大町畑584-6", "url": "https://www.kaigokensaku.mhlw.go.jp/28/index.php?action_kouhyou_detail_004_kani=true&JigyosyoCd=2851680013-00&ServiceCd=160&Type=search", "url2": "https://www.junshin.or.jp/tsunahakujuen.html" }, "geometry": { "type": "Point", "coordinates": [ 134.8625093, 34.4278799 ] } },
{ "type": "Feature", "properties": { "内容": "宍粟市国民健康保険千種診療所【通所リハビリテーション】兵庫県宍粟市千種町西山８８番地１", "url": "https://www.kaigokensaku.mhlw.go.jp/28/index.php?action_kouhyou_detail_004_kani=true&JigyosyoCd=2813801012-00&ServiceCd=160&Type=search", "url2": "https://www.city.shiso.lg.jp" }, "geometry": { "type": "Point", "coordinates": [ 134.44139, 35.14559 ] } },
{ "type": "Feature", "properties": { "内容": "山中医院【通所リハビリテーション】兵庫県宍粟市山崎町山崎６番地", "url": "https://www.kaigokensaku.mhlw.go.jp/28/index.php?action_kouhyou_detail_004_kani=true&JigyosyoCd=2813800683-00&ServiceCd=160&Type=search", "url2": "http://www.yamanaka-iin.jp/" }, "geometry": { "type": "Point", "coordinates": [ 134.536540541664152, 35.005873936253089 ] } },
{ "type": "Feature", "properties": { "内容": "垣尾内科クリニック【通所リハビリテーション】兵庫県宍粟市山崎町田井５６２－１", "url": "https://www.kaigokensaku.mhlw.go.jp/28/index.php?action_kouhyou_detail_004_kani=true&JigyosyoCd=2813800923-00&ServiceCd=160&Type=search", "url2": null }, "geometry": { "type": "Point", "coordinates": [ 134.566208, 35.0457441 ] } },
{ "type": "Feature", "properties": { "内容": "いなもち通所リハビリセンター【通所リハビリテーション】宍粟市山崎町船元79－1", "url": "https://www.kaigokensaku.mhlw.go.jp/28/index.php?action_kouhyou_detail_004_kani=true&JigyosyoCd=2873800532-00&ServiceCd=160&Type=search", "url2": "http://www.inamochi.com" }, "geometry": { "type": "Point", "coordinates": [ 134.551191099999983, 34.9954293 ] } },
{ "type": "Feature", "properties": { "内容": "老人保健施設むつみ園【通所リハビリテーション】兵庫県宍粟市波賀町飯見36-30", "url": "https://www.kaigokensaku.mhlw.go.jp/28/index.php?action_kouhyou_detail_004_kani=true&JigyosyoCd=2853880017-00&ServiceCd=160&Type=search", "url2": "http://www.mutsumien.jp/" }, "geometry": { "type": "Point", "coordinates": [ 134.542345299999965, 35.1715323 ] } },
{ "type": "Feature", "properties": { "内容": "介護老人保健施設ｻﾝｽﾏｲﾙ北野【通所リハビリテーション】兵庫県加東市北野55番地1", "url": "https://www.kaigokensaku.mhlw.go.jp/28/index.php?action_kouhyou_detail_004_kani=true&JigyosyoCd=2852580030-00&ServiceCd=160&Type=search", "url2": "http://kasuganokai.com/sskitano/" }, "geometry": { "type": "Point", "coordinates": [ 134.9544889, 34.9340129 ] } },
{ "type": "Feature", "properties": { "内容": "加東市介護老人保健施設　ケアホームかとう【通所リハビリテーション】兵庫県加東市家原130番地", "url": "https://www.kaigokensaku.mhlw.go.jp/28/index.php?action_kouhyou_detail_004_kani=true&JigyosyoCd=2852500012-00&ServiceCd=160&Type=search", "url2": "https://www.city.kato.lg.jp" }, "geometry": { "type": "Point", "coordinates": [ 134.962371130688439, 34.923082837804714 ] } },
{ "type": "Feature", "properties": { "内容": "松原メイフラワー病院　通所リハビリテーション【通所リハビリテーション】兵庫県加東市藤田９４４番地２５", "url": "https://www.kaigokensaku.mhlw.go.jp/28/index.php?action_kouhyou_detail_004_kani=true&JigyosyoCd=2812500649-00&ServiceCd=160&Type=search", "url2": "https://www.mayflower-hp.jp" }, "geometry": { "type": "Point", "coordinates": [ 134.9997507, 34.9115833 ] } },
{ "type": "Feature", "properties": { "内容": "医療法人社団　景珠会　八重垣病院【通所リハビリテーション】兵庫県たつの市新宮町井野原５３１－２", "url": "https://www.kaigokensaku.mhlw.go.jp/28/index.php?action_kouhyou_detail_004_kani=true&JigyosyoCd=2814100810-00&ServiceCd=160&Type=search", "url2": "http://www.mcn2k.co.jp/pub/keijyukai" }, "geometry": { "type": "Point", "coordinates": [ 134.547791299999972, 34.905674 ] } },
{ "type": "Feature", "properties": { "内容": "医療法人社団　緑風会　龍野中央病院【通所リハビリテーション】兵庫県たつの市龍野町島田６６７番地", "url": "https://www.kaigokensaku.mhlw.go.jp/28/index.php?action_kouhyou_detail_004_kani=true&JigyosyoCd=2813600786-00&ServiceCd=160&Type=search", "url2": "http://www.tatsuno-central-hospital.jp/" }, "geometry": { "type": "Point", "coordinates": [ 134.553797300000042, 34.8752521 ] } },
{ "type": "Feature", "properties": { "内容": "兵庫県立リハビリテーション西播磨病院【通所リハビリテーション】兵庫県たつの市新宮町光都１丁目７番１号", "url": "https://www.kaigokensaku.mhlw.go.jp/28/index.php?action_kouhyou_detail_004_kani=true&JigyosyoCd=2813600968-00&ServiceCd=160&Type=search", "url2": "http://www.hwc.or.jp/nishiharima/hospital/" }, "geometry": { "type": "Point", "coordinates": [ 134.438151800000014, 34.9512451 ] } },
{ "type": "Feature", "properties": { "内容": "西はりまクリニック【通所リハビリテーション】たつの市誉田町福田７８０－３７", "url": "https://www.kaigokensaku.mhlw.go.jp/28/index.php?action_kouhyou_detail_004_kani=true&JigyosyoCd=2813600794-00&ServiceCd=160&Type=search", "url2": "http://nishiharima.ec-net.jp/" }, "geometry": { "type": "Point", "coordinates": [ 134.577070899999967, 34.8489112 ] } },
{ "type": "Feature", "properties": { "内容": "老人保健施設旭陽通所リハビリテーション【通所リハビリテーション】たつの市揖西町小神字塚原１５５６-１", "url": "https://www.kaigokensaku.mhlw.go.jp/28/index.php?action_kouhyou_detail_004_kani=true&JigyosyoCd=2853680011-00&ServiceCd=160&Type=search", "url2": "http://www.kuwanomien.jp/" }, "geometry": { "type": "Point", "coordinates": [ 134.533030599999961, 34.8603788 ] } },
{ "type": "Feature", "properties": { "内容": "介護老人保健施設　シルバーケア揖保川【通所リハビリテーション】兵庫県たつの市揖保川町半田７０３番地１", "url": "https://www.kaigokensaku.mhlw.go.jp/28/index.php?action_kouhyou_detail_004_kani=true&JigyosyoCd=2854180037-00&ServiceCd=160&Type=search", "url2": "https://www.ibogawa-hospital.jp/silvercare/index.html" }, "geometry": { "type": "Point", "coordinates": [ 134.537359492204246, 34.846848345871251 ] } },
{ "type": "Feature", "properties": { "内容": "介護老人保健施設せいふう猪名川【通所リハビリテーション】兵庫県川辺郡猪名川町北田原字屏風岳３番地", "url": "https://www.kaigokensaku.mhlw.go.jp/28/index.php?action_kouhyou_detail_004_kani=true&JigyosyoCd=2853280010-00&ServiceCd=160&Type=search", "url2": "https://www.seifu-inagwa-rk.jp/" }, "geometry": { "type": "Point", "coordinates": [ 135.359180199999969, 34.9168353 ] } },
{ "type": "Feature", "properties": { "内容": "ふるさと透析診療所【通所リハビリテーション】兵庫県川辺郡猪名川町広根字北后久２ふるさと透析診療所", "url": "https://www.kaigokensaku.mhlw.go.jp/28/index.php?action_kouhyou_detail_004_kani=true&JigyosyoCd=2813200447-00&ServiceCd=160&Type=search", "url2": "https://seishokai-gr.or.jp/" }, "geometry": { "type": "Point", "coordinates": [ 135.3709576, 34.8916254 ] } },
{ "type": "Feature", "properties": { "内容": "小規模介護老人保健施設ふれあい大島【通所リハビリテーション】兵庫県川辺郡猪名川町鎌倉字横大道20番地の2", "url": "https://www.kaigokensaku.mhlw.go.jp/28/index.php?action_kouhyou_detail_004_kani=true&JigyosyoCd=2853280028-00&ServiceCd=160&Type=search", "url2": "https://www.fureaioshima-rk.jp/" }, "geometry": { "type": "Point", "coordinates": [ 135.328249199999959, 34.9798704 ] } },
{ "type": "Feature", "properties": { "内容": "介護老人保健施設せいふう若葉【通所リハビリテーション】柏梨田字イハノ谷250番地", "url": "https://www.kaigokensaku.mhlw.go.jp/28/index.php?action_kouhyou_detail_004_kani=true&JigyosyoCd=2853280036-00&ServiceCd=160&Type=search", "url2": "https://www.seifu-wakaba-rk.jp/" }, "geometry": { "type": "Point", "coordinates": [ 135.373839591568498, 34.899629338580283 ] } },
{ "type": "Feature", "properties": { "内容": "医療法人社団シロアム会こたけ整形外科クリニック【通所リハビリテーション】兵庫県川辺郡猪名川町広根字中突田１７番地１", "url": "https://www.kaigokensaku.mhlw.go.jp/28/index.php?action_kouhyou_detail_004_kani=true&JigyosyoCd=2813200330-00&ServiceCd=160&Type=search", "url2": "http://www.kotake-clinic.com" }, "geometry": { "type": "Point", "coordinates": [ 135.367062799999985, 34.8900454 ] } },
{ "type": "Feature", "properties": { "内容": "矢持医院【通所リハビリテーション】兵庫県多可郡多可町中区安坂３６－２", "url": "https://www.kaigokensaku.mhlw.go.jp/28/index.php?action_kouhyou_detail_004_kani=true&JigyosyoCd=2812700348-00&ServiceCd=160&Type=search", "url2": "https://yamochiiin.net/" }, "geometry": { "type": "Point", "coordinates": [ 134.926341900000011, 35.0443299 ] } },
{ "type": "Feature", "properties": { "内容": "多可赤十字老人保健施設【通所リハビリテーション】兵庫県多可郡多可町中区岸上２８０－１９", "url": "https://www.kaigokensaku.mhlw.go.jp/28/index.php?action_kouhyou_detail_004_kani=true&JigyosyoCd=2852780010-00&ServiceCd=160&Type=search", "url2": "http://www.taka.jrc.or.jp" }, "geometry": { "type": "Point", "coordinates": [ 134.923311399999989, 35.0541206 ] } },
{ "type": "Feature", "properties": { "内容": "多可赤十字病院【通所リハビリテーション】兵庫県多可郡多可町中区岸上280", "url": "https://www.kaigokensaku.mhlw.go.jp/28/index.php?action_kouhyou_detail_004_kani=true&JigyosyoCd=2812700264-00&ServiceCd=160&Type=search", "url2": "http://www.taka.jrc.or.jp" }, "geometry": { "type": "Point", "coordinates": [ 134.92240860000004, 35.0547705 ] } },
{ "type": "Feature", "properties": { "内容": "医療福祉センターのぎく【通所リハビリテーション】兵庫県多可郡多可町中区牧野183-1", "url": "https://www.kaigokensaku.mhlw.go.jp/28/index.php?action_kouhyou_detail_004_kani=true&JigyosyoCd=2812700256-00&ServiceCd=160&Type=search", "url2": "http://nogiku.youtokukai.jp/" }, "geometry": { "type": "Point", "coordinates": [ 134.931157668647757, 35.073918787798206 ] } },
{ "type": "Feature", "properties": { "内容": "私立　稲美中央病院　通所リハビリテーション【通所リハビリテーション】兵庫県加古郡稲美町国安１２８６－２３", "url": "https://www.kaigokensaku.mhlw.go.jp/28/index.php?action_kouhyou_detail_004_kani=true&JigyosyoCd=2812800403-00&ServiceCd=160&Type=search", "url2": "https://inamichuou-hospital.or.jp/" }, "geometry": { "type": "Point", "coordinates": [ 134.920593393808446, 34.750377584796645 ] } },
{ "type": "Feature", "properties": { "内容": "医療法人社団奉志会　介護老人保健施設サンライズ【通所リハビリテーション】兵庫県加古郡稲美町国安１２３７", "url": "https://www.kaigokensaku.mhlw.go.jp/28/index.php?action_kouhyou_detail_004_kani=true&JigyosyoCd=2852880018-00&ServiceCd=160&Type=search", "url2": "http://www.hoshikai.or.jp" }, "geometry": { "type": "Point", "coordinates": [ 134.917472800000041, 34.746465800000024 ] } },
{ "type": "Feature", "properties": { "内容": "大西メディカルクリニック　通所リハビリテーション【通所リハビリテーション】兵庫県加古郡稲美町国岡２丁目4-3", "url": "https://www.kaigokensaku.mhlw.go.jp/28/index.php?action_kouhyou_detail_004_kani=true&JigyosyoCd=2812800767-00&ServiceCd=160&Type=search", "url2": "http://www.hoshikai.or.jp/" }, "geometry": { "type": "Point", "coordinates": [ 134.908461987033093, 34.747404812768856 ] } },
{ "type": "Feature", "properties": { "内容": "医療法人社団浅井クリニック【通所リハビリテーション】兵庫県加古郡播磨町宮北1-5-14", "url": "https://www.kaigokensaku.mhlw.go.jp/28/index.php?action_kouhyou_detail_004_kani=true&JigyosyoCd=2812800916-00&ServiceCd=160&Type=search", "url2": "https://asai-cl.jp" }, "geometry": { "type": "Point", "coordinates": [ 134.866398833204585, 34.718247567346367 ] } },
{ "type": "Feature", "properties": { "内容": "ミナミ整形外科･内科循環器科【通所リハビリテーション】兵庫県神崎郡福崎町南田原2971-1", "url": "https://www.kaigokensaku.mhlw.go.jp/28/index.php?action_kouhyou_detail_004_kani=true&JigyosyoCd=2813401011-00&ServiceCd=160&Type=search", "url2": "http://www.minamiseikei.jp" }, "geometry": { "type": "Point", "coordinates": [ 134.760056399999939, 34.9459329 ] } },
{ "type": "Feature", "properties": { "内容": "公立神崎総合病院【通所リハビリテーション】兵庫県神崎郡神河町粟賀町385", "url": "https://www.kaigokensaku.mhlw.go.jp/28/index.php?action_kouhyou_detail_004_kani=true&JigyosyoCd=2813401060-00&ServiceCd=160&Type=search", "url2": "http://www.kanzaki-hp.jp/" }, "geometry": { "type": "Point", "coordinates": [ 134.774617299999989, 35.0667546 ] } },
{ "type": "Feature", "properties": { "内容": "介護老人保健施設　かみかわ【通所リハビリテーション】兵庫県神崎郡神河町粟賀町422番地", "url": "https://www.kaigokensaku.mhlw.go.jp/28/index.php?action_kouhyou_detail_004_kani=true&JigyosyoCd=2853480032-00&ServiceCd=160&Type=search", "url2": "http://www.hakuho.or.jp/" }, "geometry": { "type": "Point", "coordinates": [ 134.772116200000028, 35.0675686 ] } },
{ "type": "Feature", "properties": { "内容": "介護老人保健施設　高嶺の郷【通所リハビリテーション】兵庫県赤穂郡上郡町山野里２３０５番地１", "url": "https://www.kaigokensaku.mhlw.go.jp/28/index.php?action_kouhyou_detail_004_kani=true&JigyosyoCd=2853980015-00&ServiceCd=160&Type=search", "url2": "http://youandi.takaminefikusikai.com/" }, "geometry": { "type": "Point", "coordinates": [ 134.350725799999964, 34.869544 ] } },
{ "type": "Feature", "properties": { "内容": "尾﨑病院【通所リハビリテーション】兵庫県佐用郡佐用町上三河141-4", "url": "https://www.kaigokensaku.mhlw.go.jp/28/index.php?action_kouhyou_detail_004_kani=true&JigyosyoCd=2813700479-00&ServiceCd=160&Type=search", "url2": "http://www.osakihp.com/" }, "geometry": { "type": "Point", "coordinates": [ 134.421312957672143, 35.068295949227554 ] } },
{ "type": "Feature", "properties": { "内容": "岡本医院　デイケアセンターなごみ【通所リハビリテーション】兵庫県佐用郡佐用町家内42", "url": "https://www.kaigokensaku.mhlw.go.jp/28/index.php?action_kouhyou_detail_004_kani=true&JigyosyoCd=2813700370-00&ServiceCd=160&Type=search", "url2": null }, "geometry": { "type": "Point", "coordinates": [ 134.344395500000019, 34.9573175 ] } },
{ "type": "Feature", "properties": { "内容": "医療法人社団一葉会きねん介護医療院【通所リハビリテーション】兵庫県佐用郡佐用町佐用1132番地25", "url": "https://www.kaigokensaku.mhlw.go.jp/28/index.php?action_kouhyou_detail_004_kani=true&JigyosyoCd=28B3700014-00&ServiceCd=160&Type=search", "url2": "http://sayohp.jp/" }, "geometry": { "type": "Point", "coordinates": [ 134.351821800000039, 35.006714904642642 ] } },
{ "type": "Feature", "properties": { "内容": "佐用リハビリステーション【通所リハビリテーション】兵庫県佐用郡佐用町佐用3529番地3", "url": "https://www.kaigokensaku.mhlw.go.jp/28/index.php?action_kouhyou_detail_004_kani=true&JigyosyoCd=2873700328-00&ServiceCd=160&Type=search", "url2": "http://www.sayochuo-hospital.or.jp" }, "geometry": { "type": "Point", "coordinates": [ 134.365844700000025, 35.0079872 ] } },
{ "type": "Feature", "properties": { "内容": "岡尾医院通所リハビリテーション【通所リハビリテーション】兵庫県佐用郡佐用町米田410-2", "url": "https://www.kaigokensaku.mhlw.go.jp/28/index.php?action_kouhyou_detail_004_kani=true&JigyosyoCd=2813700461-00&ServiceCd=160&Type=search", "url2": null }, "geometry": { "type": "Point", "coordinates": [ 134.378091926844689, 34.988035737446005 ] } },
{ "type": "Feature", "properties": { "内容": "医療法人社団一葉会　佐用共立病院【通所リハビリテーション】兵庫県佐用郡佐用町佐用１１１１番地佐用共立病院", "url": "https://www.kaigokensaku.mhlw.go.jp/28/index.php?action_kouhyou_detail_004_kani=true&JigyosyoCd=2813700305-00&ServiceCd=160&Type=search", "url2": "http://sayohp.jp/" }, "geometry": { "type": "Point", "coordinates": [ 134.352090299999986, 35.0041983 ] } },
{ "type": "Feature", "properties": { "内容": "医療法人社団　古澤クリニック【通所リハビリテーション】兵庫県美方郡新温泉町細田209-2", "url": "https://www.kaigokensaku.mhlw.go.jp/28/index.php?action_kouhyou_detail_004_kani=true&JigyosyoCd=2814700585-00&ServiceCd=160&Type=search", "url2": null }, "geometry": { "type": "Point", "coordinates": [ 134.485536499999967, 35.5593007 ] } },
{ "type": "Feature", "properties": { "内容": "介護老人保健施設ささゆり【通所リハビリテーション】兵庫県美方郡新温泉町二日市177", "url": "https://www.kaigokensaku.mhlw.go.jp/28/index.php?action_kouhyou_detail_004_kani=true&JigyosyoCd=2854780026-00&ServiceCd=160&Type=search", "url2": "http://www.town.shinonsen.hyogo.jp" }, "geometry": { "type": "Point", "coordinates": [ 134.476328200000012, 35.6188102 ] } }
]
}
