{
"type": "FeatureCollection",
"name": "geo_28_幼保連携型認定こども園",
"crs": { "type": "name", "properties": { "name": "urn:ogc:def:crs:EPSG::6668" } },
"features": [
{ "type": "Feature", "properties": { "P29_001": "28206", "P29_002": "A228210000018", "P29_003": "16013", "P29_004": "芦屋市立精道こども園", "P29_005": "兵庫県芦屋市精道町9-16", "P29_006": "3", "P29_007": "0", "P29_008": "00", "P29_009": null }, "geometry": { "type": "Point", "coordinates": [ 135.306650498759922, 34.727562681510939 ] } },
{ "type": "Feature", "properties": { "P29_001": "28207", "P29_002": "A228210000027", "P29_003": "16013", "P29_004": "伊丹市立神津こども園", "P29_005": "兵庫県伊丹市森本1-8-25", "P29_006": "3", "P29_007": "0", "P29_008": "00", "P29_009": null }, "geometry": { "type": "Point", "coordinates": [ 135.429551657826664, 34.779123733596023 ] } },
{ "type": "Feature", "properties": { "P29_001": "28207", "P29_002": "A228210000036", "P29_003": "16013", "P29_004": "伊丹市立さくらだいこども園", "P29_005": "兵庫県伊丹市中野西4-92", "P29_006": "3", "P29_007": "0", "P29_008": "00", "P29_009": null }, "geometry": { "type": "Point", "coordinates": [ 135.38293437588689, 34.790361675190695 ] } },
{ "type": "Feature", "properties": { "P29_001": "28207", "P29_002": "A228210000045", "P29_003": "16013", "P29_004": "伊丹市立わかばこども園", "P29_005": "兵庫県伊丹市御願塚6-1-5", "P29_006": "3", "P29_007": "0", "P29_008": "00", "P29_009": null }, "geometry": { "type": "Point", "coordinates": [ 135.410376784527983, 34.773150699362908 ] } },
{ "type": "Feature", "properties": { "P29_001": "28217", "P29_002": "A228210000054", "P29_003": "16013", "P29_004": "川西市立牧の台みどりこども園", "P29_005": "兵庫県川西市大和東1-47-5", "P29_006": "3", "P29_007": "0", "P29_008": "00", "P29_009": null }, "geometry": { "type": "Point", "coordinates": [ 135.421446361615438, 34.884917063429185 ] } },
{ "type": "Feature", "properties": { "P29_001": "28217", "P29_002": "A228210000063", "P29_003": "16013", "P29_004": "川西市立加茂こども園", "P29_005": "兵庫県川西市加茂3-13-22", "P29_006": "3", "P29_007": "0", "P29_008": "00", "P29_009": null }, "geometry": { "type": "Point", "coordinates": [ 135.403297030169938, 34.813301362372563 ] } },
{ "type": "Feature", "properties": { "P29_001": "28217", "P29_002": "A228210000072", "P29_003": "16013", "P29_004": "川西こども園", "P29_005": "兵庫県川西市栄根1-1-1", "P29_006": "3", "P29_007": "0", "P29_008": "00", "P29_009": null }, "geometry": { "type": "Point", "coordinates": [ 135.414994126129983, 34.823200493287871 ] } },
{ "type": "Feature", "properties": { "P29_001": "28203", "P29_002": "A228210000081", "P29_003": "16013", "P29_004": "明石市立二見こども園", "P29_005": "兵庫県明石市二見町東二見448", "P29_006": "3", "P29_007": "0", "P29_008": "00", "P29_009": null }, "geometry": { "type": "Point", "coordinates": [ 134.888151940370676, 34.698414017865851 ] } },
{ "type": "Feature", "properties": { "P29_001": "28210", "P29_002": "A228210000090", "P29_003": "16013", "P29_004": "加古川市立しかたこども園", "P29_005": "兵庫県加古川市志方町志方町1721", "P29_006": "3", "P29_007": "0", "P29_008": "00", "P29_009": null }, "geometry": { "type": "Point", "coordinates": [ 134.821478364233201, 34.822245680008315 ] } },
{ "type": "Feature", "properties": { "P29_001": "28210", "P29_002": "A228210000116", "P29_003": "16013", "P29_004": "加古川市立東神吉こども園", "P29_005": "兵庫県加古川市東神吉町神吉182-1", "P29_006": "3", "P29_007": "0", "P29_008": "00", "P29_009": null }, "geometry": { "type": "Point", "coordinates": [ 134.830244385643738, 34.790556699663838 ] } },
{ "type": "Feature", "properties": { "P29_001": "28216", "P29_002": "A228210000125", "P29_003": "16013", "P29_004": "高砂市立高砂こども園", "P29_005": "兵庫県高砂市西畑1-2-8", "P29_006": "3", "P29_007": "0", "P29_008": "00", "P29_009": null }, "geometry": { "type": "Point", "coordinates": [ 134.798644011994043, 34.747690263497546 ] } },
{ "type": "Feature", "properties": { "P29_001": "28216", "P29_002": "A228210000134", "P29_003": "16013", "P29_004": "高砂市立中筋こども園", "P29_005": "兵庫県高砂市中筋1-2-35", "P29_006": "3", "P29_007": "0", "P29_008": "00", "P29_009": null }, "geometry": { "type": "Point", "coordinates": [ 134.774007727413192, 34.788869423682961 ] } },
{ "type": "Feature", "properties": { "P29_001": "28216", "P29_002": "A228210000143", "P29_003": "16013", "P29_004": "高砂市立阿弥陀こども園", "P29_005": "兵庫県高砂市阿弥陀町阿弥陀1178-1", "P29_006": "3", "P29_007": "0", "P29_008": "00", "P29_009": null }, "geometry": { "type": "Point", "coordinates": [ 134.782579879269321, 34.796747520286011 ] } },
{ "type": "Feature", "properties": { "P29_001": "28216", "P29_002": "A228210000152", "P29_003": "16013", "P29_004": "高砂市立北浜こども園", "P29_005": "兵庫県高砂市北浜町北脇252-1", "P29_006": "3", "P29_007": "0", "P29_008": "00", "P29_009": null }, "geometry": { "type": "Point", "coordinates": [ 134.755893364714211, 34.787016211135899 ] } },
{ "type": "Feature", "properties": { "P29_001": "28216", "P29_002": "A228210000161", "P29_003": "16013", "P29_004": "高砂市立伊保こども園", "P29_005": "兵庫県高砂市梅井4-3-6", "P29_006": "3", "P29_007": "0", "P29_008": "00", "P29_009": null }, "geometry": { "type": "Point", "coordinates": [ 134.780860885526408, 34.767786120642931 ] } },
{ "type": "Feature", "properties": { "P29_001": "28215", "P29_002": "A228210000198", "P29_003": "16013", "P29_004": "三木市立別所認定こども園", "P29_005": "兵庫県三木市別所町巴73", "P29_006": "3", "P29_007": "0", "P29_008": "00", "P29_009": null }, "geometry": { "type": "Point", "coordinates": [ 134.954338535213935, 34.788886493424208 ] } },
{ "type": "Feature", "properties": { "P29_001": "28220", "P29_002": "A228210000223", "P29_003": "16013", "P29_004": "加西市立加西こども園", "P29_005": "兵庫県加西市中野町11-1", "P29_006": "3", "P29_007": "0", "P29_008": "00", "P29_009": null }, "geometry": { "type": "Point", "coordinates": [ 134.878911243387961, 34.886634373527166 ] } },
{ "type": "Feature", "properties": { "P29_001": "28220", "P29_002": "A228210000232", "P29_003": "16013", "P29_004": "加西市立北条ならの実こども園", "P29_005": "兵庫県加西市北条町北条672-1", "P29_006": "3", "P29_007": "0", "P29_008": "00", "P29_009": null }, "geometry": { "type": "Point", "coordinates": [ 134.829637748010043, 34.937900341374295 ] } },
{ "type": "Feature", "properties": { "P29_001": "28220", "P29_002": "A228210000241", "P29_003": "16013", "P29_004": "加西市立泉よつばこども園", "P29_005": "兵庫県加西市満久町257", "P29_006": "3", "P29_007": "0", "P29_008": "00", "P29_009": null }, "geometry": { "type": "Point", "coordinates": [ 134.872771721302826, 34.948409631479393 ] } },
{ "type": "Feature", "properties": { "P29_001": "28220", "P29_002": "A228210000250", "P29_003": "16013", "P29_004": "加西市立賀茂幼児園", "P29_005": "兵庫県加西市福住町932-4", "P29_006": "3", "P29_007": "0", "P29_008": "00", "P29_009": null }, "geometry": { "type": "Point", "coordinates": [ 134.808960818263898, 34.900732723474164 ] } },
{ "type": "Feature", "properties": { "P29_001": "28228", "P29_002": "A228210000269", "P29_003": "16013", "P29_004": "加東市立加東みらいこども園", "P29_005": "兵庫県加東市山国2001-1", "P29_006": "3", "P29_007": "0", "P29_008": "00", "P29_009": null }, "geometry": { "type": "Point", "coordinates": [ 134.977365215663241, 34.915153140469229 ] } },
{ "type": "Feature", "properties": { "P29_001": "28228", "P29_002": "A228210000278", "P29_003": "16013", "P29_004": "加東市立米田こども園", "P29_005": "兵庫県加東市上久米272-2", "P29_006": "3", "P29_007": "0", "P29_008": "00", "P29_009": null }, "geometry": { "type": "Point", "coordinates": [ 135.033513476205258, 34.917560352994983 ] } },
{ "type": "Feature", "properties": { "P29_001": "28201", "P29_002": "A228210000287", "P29_003": "16013", "P29_004": "姫路市立太市こども園", "P29_005": "兵庫県姫路市西脇500", "P29_006": "3", "P29_007": "0", "P29_008": "00", "P29_009": null }, "geometry": { "type": "Point", "coordinates": [ 134.603256445244796, 34.862372551933539 ] } },
{ "type": "Feature", "properties": { "P29_001": "28201", "P29_002": "A228210000303", "P29_003": "16013", "P29_004": "姫路市立船津こども園", "P29_005": "兵庫県姫路市船津町1160-3", "P29_006": "3", "P29_007": "0", "P29_008": "00", "P29_009": null }, "geometry": { "type": "Point", "coordinates": [ 134.758643391192805, 34.920684657310858 ] } },
{ "type": "Feature", "properties": { "P29_001": "28201", "P29_002": "A228210000312", "P29_003": "16013", "P29_004": "姫路市立林田こども園", "P29_005": "兵庫県姫路市林田町六九谷510-1", "P29_006": "3", "P29_007": "0", "P29_008": "00", "P29_009": null }, "geometry": { "type": "Point", "coordinates": [ 134.584174021686977, 34.914743132581734 ] } },
{ "type": "Feature", "properties": { "P29_001": "28201", "P29_002": "A228210000330", "P29_003": "16013", "P29_004": "姫路市立香呂こども園", "P29_005": "兵庫県姫路市香寺町香呂239-1", "P29_006": "3", "P29_007": "0", "P29_008": "00", "P29_009": null }, "geometry": { "type": "Point", "coordinates": [ 134.735255233116931, 34.912587686757178 ] } },
{ "type": "Feature", "properties": { "P29_001": "28201", "P29_002": "A228210000349", "P29_003": "16013", "P29_004": "姫路市立砥堀こども園", "P29_005": "兵庫県姫路市砥堀1258-2", "P29_006": "3", "P29_007": "0", "P29_008": "00", "P29_009": null }, "geometry": { "type": "Point", "coordinates": [ 134.731079077213764, 34.874302409118698 ] } },
{ "type": "Feature", "properties": { "P29_001": "28201", "P29_002": "A228210000358", "P29_003": "16013", "P29_004": "姫路市立前之庄こども園", "P29_005": "兵庫県姫路市夢前町前之庄2197-5", "P29_006": "3", "P29_007": "0", "P29_008": "00", "P29_009": null }, "geometry": { "type": "Point", "coordinates": [ 134.682785002120255, 34.975380063683879 ] } },
{ "type": "Feature", "properties": { "P29_001": "28201", "P29_002": "A228210000367", "P29_003": "16013", "P29_004": "安富こども園", "P29_005": "兵庫県姫路市安富町安志1193-1", "P29_006": "3", "P29_007": "0", "P29_008": "00", "P29_009": null }, "geometry": { "type": "Point", "coordinates": [ 134.596758458126232, 34.985979209864219 ] } },
{ "type": "Feature", "properties": { "P29_001": "28201", "P29_002": "A228210000376", "P29_003": "16013", "P29_004": "姫路市立中寺こども園", "P29_005": "兵庫県姫路市香寺町中寺224-2", "P29_006": "3", "P29_007": "0", "P29_008": "00", "P29_009": null }, "geometry": { "type": "Point", "coordinates": [ 134.72886144789544, 34.93169603709606 ] } },
{ "type": "Feature", "properties": { "P29_001": "28442", "P29_002": "A228210000385", "P29_003": "16013", "P29_004": "市川町立いちかわ東こども園", "P29_005": "兵庫県神崎郡市川町東川辺1216", "P29_006": "3", "P29_007": "0", "P29_008": "00", "P29_009": null }, "geometry": { "type": "Point", "coordinates": [ 134.774827370388124, 34.988854467064904 ] } },
{ "type": "Feature", "properties": { "P29_001": "28442", "P29_002": "A228210000394", "P29_003": "16013", "P29_004": "市川町立いちかわ西こども園", "P29_005": "兵庫県神崎郡市川町甘地271-1", "P29_006": "3", "P29_007": "0", "P29_008": "00", "P29_009": null }, "geometry": { "type": "Point", "coordinates": [ 134.761337676068081, 34.992686621267453 ] } },
{ "type": "Feature", "properties": { "P29_001": "28443", "P29_002": "A228210000401", "P29_003": "16013", "P29_004": "福崎町立田原幼児園", "P29_005": "兵庫県神崎郡福崎町西田原1263-4", "P29_006": "3", "P29_007": "0", "P29_008": "00", "P29_009": null }, "geometry": { "type": "Point", "coordinates": [ 134.761330843077872, 34.953985534671403 ] } },
{ "type": "Feature", "properties": { "P29_001": "28443", "P29_002": "A228210000429", "P29_003": "16013", "P29_004": "福崎町立福崎幼児園", "P29_005": "兵庫県神崎郡福崎町福崎新448-3", "P29_006": "3", "P29_007": "0", "P29_008": "00", "P29_009": null }, "geometry": { "type": "Point", "coordinates": [ 134.748945878358114, 34.954664243767752 ] } },
{ "type": "Feature", "properties": { "P29_001": "28443", "P29_002": "A228210000438", "P29_003": "16013", "P29_004": "福崎町立高岡幼児園", "P29_005": "兵庫県神崎郡福崎町高岡1956-33", "P29_006": "3", "P29_007": "0", "P29_008": "00", "P29_009": null }, "geometry": { "type": "Point", "coordinates": [ 134.731951092781685, 34.97465448671602 ] } },
{ "type": "Feature", "properties": { "P29_001": "28227", "P29_002": "A228210000447", "P29_003": "16013", "P29_004": "宍粟市立戸原こども園", "P29_005": "兵庫県宍粟市山崎町宇原1704-2", "P29_006": "3", "P29_007": "0", "P29_008": "00", "P29_009": null }, "geometry": { "type": "Point", "coordinates": [ 134.550016335245914, 34.967384521046348 ] } },
{ "type": "Feature", "properties": { "P29_001": "28227", "P29_002": "A228210000456", "P29_003": "16013", "P29_004": "宍粟市立一宮北こども園", "P29_005": "兵庫県宍粟市一宮町三方町287-1", "P29_006": "3", "P29_007": "0", "P29_008": "00", "P29_009": null }, "geometry": { "type": "Point", "coordinates": [ 134.623101512651687, 35.183502315751262 ] } },
{ "type": "Feature", "properties": { "P29_001": "28227", "P29_002": "A228210000465", "P29_003": "16013", "P29_004": "宍粟市立はりま一宮こども園", "P29_005": "兵庫県宍粟市一宮町東市場809-1", "P29_006": "3", "P29_007": "0", "P29_008": "00", "P29_009": null }, "geometry": { "type": "Point", "coordinates": [ 134.587354747671554, 35.095186892506312 ] } },
{ "type": "Feature", "properties": { "P29_001": "28229", "P29_002": "A228210000474", "P29_003": "16013", "P29_004": "たつの市立揖西中こども園", "P29_005": "兵庫県たつの市揖西町構47-1", "P29_006": "3", "P29_007": "0", "P29_008": "00", "P29_009": null }, "geometry": { "type": "Point", "coordinates": [ 134.51244837965973, 34.856142852288571 ] } },
{ "type": "Feature", "properties": { "P29_001": "28229", "P29_002": "A228210000483", "P29_003": "16013", "P29_004": "たつの市立西栗栖こども園", "P29_005": "兵庫県たつの市新宮町鍛冶屋77", "P29_006": "3", "P29_007": "0", "P29_008": "00", "P29_009": null }, "geometry": { "type": "Point", "coordinates": [ 134.466939070043992, 34.959903549158057 ] } },
{ "type": "Feature", "properties": { "P29_001": "28229", "P29_002": "A228210000508", "P29_003": "16013", "P29_004": "たつの市立揖西東こども園", "P29_005": "兵庫県たつの市揖西町清水30-1", "P29_006": "3", "P29_007": "0", "P29_008": "00", "P29_009": null }, "geometry": { "type": "Point", "coordinates": [ 134.520228243339716, 34.858439373862034 ] } },
{ "type": "Feature", "properties": { "P29_001": "28229", "P29_002": "A228210000517", "P29_003": "16013", "P29_004": "たつの市立御津北こども園", "P29_005": "兵庫県たつの市御津町中島980", "P29_006": "3", "P29_007": "0", "P29_008": "00", "P29_009": null }, "geometry": { "type": "Point", "coordinates": [ 134.557233116650224, 34.79355173390362 ] } },
{ "type": "Feature", "properties": { "P29_001": "28229", "P29_002": "A228210000535", "P29_003": "16013", "P29_004": "たつの市立誉田こども園", "P29_005": "兵庫県たつの市誉田町広山507-5", "P29_006": "3", "P29_007": "0", "P29_008": "00", "P29_009": null }, "geometry": { "type": "Point", "coordinates": [ 134.56559042175013, 34.846495200265728 ] } },
{ "type": "Feature", "properties": { "P29_001": "28229", "P29_002": "A228210000544", "P29_003": "16013", "P29_004": "たつの市立神部こども園", "P29_005": "兵庫県たつの市揖保川町黍田5-2", "P29_006": "3", "P29_007": "0", "P29_008": "00", "P29_009": null }, "geometry": { "type": "Point", "coordinates": [ 134.518563246602469, 34.823692799141504 ] } },
{ "type": "Feature", "properties": { "P29_001": "28229", "P29_002": "A228210000553", "P29_003": "16013", "P29_004": "たつの市立小宅北こども園", "P29_005": "兵庫県たつの市龍野町片山6", "P29_006": "3", "P29_007": "0", "P29_008": "00", "P29_009": null }, "geometry": { "type": "Point", "coordinates": [ 134.555961922633742, 34.865239985529826 ] } },
{ "type": "Feature", "properties": { "P29_001": "28209", "P29_002": "A228210000571", "P29_003": "16013", "P29_004": "豊岡市立八条認定こども園", "P29_005": "兵庫県豊岡市弥栄町5-9", "P29_006": "3", "P29_007": "0", "P29_008": "00", "P29_009": null }, "geometry": { "type": "Point", "coordinates": [ 134.822930302483968, 35.530278263806778 ] } },
{ "type": "Feature", "properties": { "P29_001": "28209", "P29_002": "A228210000580", "P29_003": "16013", "P29_004": "豊岡市立竹野認定こども園", "P29_005": "兵庫県豊岡市竹野町須谷1470-1", "P29_006": "3", "P29_007": "0", "P29_008": "00", "P29_009": null }, "geometry": { "type": "Point", "coordinates": [ 134.757468771096796, 35.640603821278923 ] } },
{ "type": "Feature", "properties": { "P29_001": "28209", "P29_002": "A228210000606", "P29_003": "16013", "P29_004": "豊岡市立合橋認定こども園", "P29_005": "兵庫県豊岡市但東町出会市場416-1", "P29_006": "3", "P29_007": "0", "P29_008": "00", "P29_009": null }, "geometry": { "type": "Point", "coordinates": [ 134.940555540929267, 35.46400585411363 ] } },
{ "type": "Feature", "properties": { "P29_001": "28209", "P29_002": "A228210000624", "P29_003": "16013", "P29_004": "豊岡市立資母認定こども園", "P29_005": "兵庫県豊岡市但東町中山757-1", "P29_006": "3", "P29_007": "0", "P29_008": "00", "P29_009": null }, "geometry": { "type": "Point", "coordinates": [ 134.993647030961085, 35.49530392310502 ] } },
{ "type": "Feature", "properties": { "P29_001": "28222", "P29_002": "A228210000633", "P29_003": "16013", "P29_004": "養父市立伊佐こども園", "P29_005": "兵庫県養父市八鹿町浅間1256-5", "P29_006": "3", "P29_007": "0", "P29_008": "00", "P29_009": null }, "geometry": { "type": "Point", "coordinates": [ 134.795940114752284, 35.430154962459845 ] } },
{ "type": "Feature", "properties": { "P29_001": "28222", "P29_002": "A228210000642", "P29_003": "16013", "P29_004": "養父市立三谷こども園", "P29_005": "兵庫県養父市三谷35-1", "P29_006": "3", "P29_007": "0", "P29_008": "00", "P29_009": null }, "geometry": { "type": "Point", "coordinates": [ 134.746957705080945, 35.331923048945214 ] } },
{ "type": "Feature", "properties": { "P29_001": "28222", "P29_002": "A228210000660", "P29_003": "16013", "P29_004": "養父市立養父こども園", "P29_005": "兵庫県養父市養父市場650-1", "P29_006": "3", "P29_007": "0", "P29_008": "00", "P29_009": null }, "geometry": { "type": "Point", "coordinates": [ 134.812241539530845, 35.386179817490053 ] } },
{ "type": "Feature", "properties": { "P29_001": "28222", "P29_002": "A228210000679", "P29_003": "16013", "P29_004": "養父市立大屋こども園", "P29_005": "兵庫県養父市大屋町夏梅351", "P29_006": "3", "P29_007": "0", "P29_008": "00", "P29_009": null }, "geometry": { "type": "Point", "coordinates": [ 134.673933894163838, 35.340518439294087 ] } },
{ "type": "Feature", "properties": { "P29_001": "28222", "P29_002": "A228210000688", "P29_003": "16013", "P29_004": "養父市立関宮こども園", "P29_005": "兵庫県養父市吉井269", "P29_006": "3", "P29_007": "0", "P29_008": "00", "P29_009": null }, "geometry": { "type": "Point", "coordinates": [ 134.639564310229986, 35.371668278996339 ] } },
{ "type": "Feature", "properties": { "P29_001": "28225", "P29_002": "A228210000704", "P29_003": "16013", "P29_004": "認定こども園朝来市立生野こども園", "P29_005": "兵庫県朝来市生野町口銀谷546", "P29_006": "3", "P29_007": "0", "P29_008": "00", "P29_009": null }, "geometry": { "type": "Point", "coordinates": [ 134.791458773708456, 35.168310280317861 ] } },
{ "type": "Feature", "properties": { "P29_001": "28225", "P29_002": "A228210000713", "P29_003": "16013", "P29_004": "認定こども園朝来市立糸井こども園", "P29_005": "兵庫県朝来市和田山町寺内565-1", "P29_006": "3", "P29_007": "0", "P29_008": "00", "P29_009": null }, "geometry": { "type": "Point", "coordinates": [ 134.843542428012569, 35.362430306823804 ] } },
{ "type": "Feature", "properties": { "P29_001": "28225", "P29_002": "A228210000722", "P29_003": "16013", "P29_004": "認定こども園朝来市立大蔵こども園", "P29_005": "兵庫県朝来市和田山町宮田196", "P29_006": "3", "P29_007": "0", "P29_008": "00", "P29_009": null }, "geometry": { "type": "Point", "coordinates": [ 134.825999116462981, 35.357975734611287 ] } },
{ "type": "Feature", "properties": { "P29_001": "28225", "P29_002": "A228210000731", "P29_003": "16013", "P29_004": "認定こども園朝来市立東河こども園", "P29_005": "兵庫県朝来市和田山町中380", "P29_006": "3", "P29_007": "0", "P29_008": "00", "P29_009": null }, "geometry": { "type": "Point", "coordinates": [ 134.888073255115614, 35.349436929075161 ] } },
{ "type": "Feature", "properties": { "P29_001": "28225", "P29_002": "A228210000740", "P29_003": "16013", "P29_004": "認定こども園朝来市立竹田こども園", "P29_005": "兵庫県朝来市和田山町竹田592-1", "P29_006": "3", "P29_007": "0", "P29_008": "00", "P29_009": null }, "geometry": { "type": "Point", "coordinates": [ 134.838520482716149, 35.300496829639904 ] } },
{ "type": "Feature", "properties": { "P29_001": "28225", "P29_002": "A228210000759", "P29_003": "16013", "P29_004": "認定こども園朝来市立中川こども園", "P29_005": "兵庫県朝来市桑市99", "P29_006": "3", "P29_007": "0", "P29_008": "00", "P29_009": null }, "geometry": { "type": "Point", "coordinates": [ 134.806374566612988, 35.264461845593729 ] } },
{ "type": "Feature", "properties": { "P29_001": "28225", "P29_002": "A228210000768", "P29_003": "16013", "P29_004": "認定こども園朝来市立山口こども園", "P29_005": "兵庫県朝来市羽渕538", "P29_006": "3", "P29_007": "0", "P29_008": "00", "P29_009": null }, "geometry": { "type": "Point", "coordinates": [ 134.792563554453722, 35.226255476874442 ] } },
{ "type": "Feature", "properties": { "P29_001": "28586", "P29_002": "A228210000777", "P29_003": "16013", "P29_004": "新温泉町立ゆめっこ認定こども園", "P29_005": "兵庫県美方郡新温泉町湯1685-137", "P29_006": "3", "P29_007": "0", "P29_008": "00", "P29_009": null }, "geometry": { "type": "Point", "coordinates": [ 134.485429077845225, 35.547302943648397 ] } },
{ "type": "Feature", "properties": { "P29_001": "28586", "P29_002": "A228210000786", "P29_003": "16013", "P29_004": "新温泉町立浜坂認定こども園", "P29_005": "兵庫県美方郡新温泉町浜坂834-1", "P29_006": "3", "P29_007": "0", "P29_008": "00", "P29_009": null }, "geometry": { "type": "Point", "coordinates": [ 134.455578205499307, 35.623734639265443 ] } },
{ "type": "Feature", "properties": { "P29_001": "28586", "P29_002": "A228210000795", "P29_003": "16013", "P29_004": "新温泉町立大庭認定こども園", "P29_005": "兵庫県美方郡新温泉町二日市753-1", "P29_006": "3", "P29_007": "0", "P29_008": "00", "P29_009": null }, "geometry": { "type": "Point", "coordinates": [ 134.47455286442522, 35.618808739820224 ] } },
{ "type": "Feature", "properties": { "P29_001": "28221", "P29_002": "A228210000802", "P29_003": "16013", "P29_004": "丹波篠山市立味間認定こども園", "P29_005": "兵庫県丹波篠山市西吹75-1", "P29_006": "3", "P29_007": "0", "P29_008": "00", "P29_009": null }, "geometry": { "type": "Point", "coordinates": [ 135.184051459579479, 35.066986609349911 ] } },
{ "type": "Feature", "properties": { "P29_001": "28221", "P29_002": "A228210000811", "P29_003": "16013", "P29_004": "丹波篠山市立たき認定こども園", "P29_005": "兵庫県丹波篠山市草ノ上109-1", "P29_006": "3", "P29_007": "0", "P29_008": "00", "P29_009": null }, "geometry": { "type": "Point", "coordinates": [ 135.317697212304552, 35.098986584384264 ] } },
{ "type": "Feature", "properties": { "P29_001": "28205", "P29_002": "A228210000820", "P29_003": "16013", "P29_004": "洲本市立なのはなこども園", "P29_005": "兵庫県洲本市下加茂1-6-65", "P29_006": "3", "P29_007": "0", "P29_008": "00", "P29_009": null }, "geometry": { "type": "Point", "coordinates": [ 134.877264753427482, 34.347181393470372 ] } },
{ "type": "Feature", "properties": { "P29_001": "28224", "P29_002": "A228210000839", "P29_003": "16013", "P29_004": "南あわじ市立伊加利こども園", "P29_005": "兵庫県南あわじ市伊加利614-2", "P29_006": "3", "P29_007": "0", "P29_008": "00", "P29_009": null }, "geometry": { "type": "Point", "coordinates": [ 134.687162063151533, 34.285462880804907 ] } },
{ "type": "Feature", "properties": { "P29_001": "28224", "P29_002": "A228210000848", "P29_003": "16013", "P29_004": "南あわじ市立市こども園", "P29_005": "兵庫県南あわじ市市三條886", "P29_006": "3", "P29_007": "0", "P29_008": "00", "P29_009": null }, "geometry": { "type": "Point", "coordinates": [ 134.768528099118981, 34.288649394251046 ] } },
{ "type": "Feature", "properties": { "P29_001": "28226", "P29_002": "A228210000857", "P29_003": "16013", "P29_004": "淡路市立一宮認定こども園", "P29_005": "兵庫県淡路市群家392-1", "P29_006": "3", "P29_007": "0", "P29_008": "00", "P29_009": null }, "geometry": { "type": "Point", "coordinates": [ 134.846798936613709, 34.474825891391866 ] } },
{ "type": "Feature", "properties": { "P29_001": "28226", "P29_002": "A228210000866", "P29_003": "16013", "P29_004": "淡路市立北淡認定こども園", "P29_005": "兵庫県淡路市浅野神田116", "P29_006": "3", "P29_007": "0", "P29_008": "00", "P29_009": null }, "geometry": { "type": "Point", "coordinates": [ 134.916267982321301, 34.536494680957944 ] } },
{ "type": "Feature", "properties": { "P29_001": "28206", "P29_002": "A228210000884", "P29_003": "16013", "P29_004": "芦屋市立西蔵こども園", "P29_005": "兵庫県芦屋市西蔵町13-5", "P29_006": "3", "P29_007": "0", "P29_008": "00", "P29_009": null }, "geometry": { "type": "Point", "coordinates": [ 135.315645081545796, 34.725038545963997 ] } },
{ "type": "Feature", "properties": { "P29_001": "28229", "P29_002": "A228210000893", "P29_003": "16013", "P29_004": "たつの市立龍野こども園", "P29_005": "兵庫県たつの市龍野町上霞城130", "P29_006": "3", "P29_007": "0", "P29_008": "00", "P29_009": null }, "geometry": { "type": "Point", "coordinates": [ 134.545893942475345, 34.868136504030147 ] } },
{ "type": "Feature", "properties": { "P29_001": "28101", "P29_002": "A228310000016", "P29_003": "16013", "P29_004": "聖ニコラス天使園", "P29_005": "兵庫県神戸市東灘区北青木4-1-37", "P29_006": "4", "P29_007": "0", "P29_008": "00", "P29_009": null }, "geometry": { "type": "Point", "coordinates": [ 135.280336938617182, 34.717297441458008 ] } },
{ "type": "Feature", "properties": { "P29_001": "28101", "P29_002": "A228310000025", "P29_003": "16013", "P29_004": "幼保連携型認定こども園神戸夢", "P29_005": "兵庫県神戸市東灘区住吉宮町1-2-27", "P29_006": "4", "P29_007": "0", "P29_008": "00", "P29_009": null }, "geometry": { "type": "Point", "coordinates": [ 135.265014393175846, 34.712661850890171 ] } },
{ "type": "Feature", "properties": { "P29_001": "28101", "P29_002": "A228310000034", "P29_003": "16013", "P29_004": "幼保連携型認定こども園神戸夢遊喜分園", "P29_005": "兵庫県神戸市東灘区住吉宮町1-8-8", "P29_006": "4", "P29_007": "0", "P29_008": "00", "P29_009": null }, "geometry": { "type": "Point", "coordinates": [ 135.263466793994382, 34.71298338481045 ] } },
{ "type": "Feature", "properties": { "P29_001": "28101", "P29_002": "A228310000043", "P29_003": "16013", "P29_004": "石屋川くるみ保育園", "P29_005": "兵庫県神戸市東灘区御影塚町2-22-19", "P29_006": "4", "P29_007": "0", "P29_008": "00", "P29_009": null }, "geometry": { "type": "Point", "coordinates": [ 135.247304869298176, 34.7124882225664 ] } },
{ "type": "Feature", "properties": { "P29_001": "28101", "P29_002": "A228310000052", "P29_003": "16013", "P29_004": "社会福祉法人子どもの家福祉会幼保連携型認定こども園本山北町あすのこども園", "P29_005": "兵庫県神戸市東灘区本山北町3-2-28", "P29_006": "4", "P29_007": "0", "P29_008": "00", "P29_009": null }, "geometry": { "type": "Point", "coordinates": [ 135.280451892760027, 34.727739309263455 ] } },
{ "type": "Feature", "properties": { "P29_001": "28101", "P29_002": "A228310000061", "P29_003": "16013", "P29_004": "認定こども園魚崎ＣＯＣＯＲＯ", "P29_005": "兵庫県神戸市東灘区魚崎西町2-4-1", "P29_006": "4", "P29_007": "0", "P29_008": "00", "P29_009": null }, "geometry": { "type": "Point", "coordinates": [ 135.268272931524848, 34.71039181504063 ] } },
{ "type": "Feature", "properties": { "P29_001": "28101", "P29_002": "A228310000070", "P29_003": "16013", "P29_004": "きらり保育園", "P29_005": "兵庫県神戸市東灘区本庄町1-3-1", "P29_006": "4", "P29_007": "0", "P29_008": "00", "P29_009": null }, "geometry": { "type": "Point", "coordinates": [ 135.29408714051317, 34.726352940546953 ] } },
{ "type": "Feature", "properties": { "P29_001": "28101", "P29_002": "A228310000089", "P29_003": "16013", "P29_004": "幼保連携型認定こども園きたおおぎこども園", "P29_005": "兵庫県神戸市東灘区北青木1-1-2", "P29_006": "4", "P29_007": "0", "P29_008": "00", "P29_009": null }, "geometry": { "type": "Point", "coordinates": [ 135.286850856600296, 34.721017366495055 ] } },
{ "type": "Feature", "properties": { "P29_001": "28101", "P29_002": "A228310000098", "P29_003": "16013", "P29_004": "認定こども園松蔭おかもと保育園", "P29_005": "兵庫県神戸市東灘区岡本7-3-14", "P29_006": "4", "P29_007": "0", "P29_008": "00", "P29_009": null }, "geometry": { "type": "Point", "coordinates": [ 135.271639425153353, 34.728796581736219 ] } },
{ "type": "Feature", "properties": { "P29_001": "28101", "P29_002": "A228310000105", "P29_003": "16013", "P29_004": "第２きらり保育園", "P29_005": "兵庫県神戸市東灘区深江本町1-13-25", "P29_006": "4", "P29_007": "0", "P29_008": "00", "P29_009": null }, "geometry": { "type": "Point", "coordinates": [ 135.299181039612591, 34.725697121914536 ] } },
{ "type": "Feature", "properties": { "P29_001": "28101", "P29_002": "A228310000114", "P29_003": "16013", "P29_004": "幼保連携型認定こども園同朋住吉台こども園", "P29_005": "兵庫県神戸市東灘区住吉台25-7", "P29_006": "4", "P29_007": "0", "P29_008": "00", "P29_009": null }, "geometry": { "type": "Point", "coordinates": [ 135.256851856500418, 34.738637593335909 ] } },
{ "type": "Feature", "properties": { "P29_001": "28101", "P29_002": "A228310000123", "P29_003": "16013", "P29_004": "幼保連携型認定こども園モーツァルトこども園", "P29_005": "兵庫県神戸市東灘区本山南町8-3-3", "P29_006": "4", "P29_007": "0", "P29_008": "00", "P29_009": null }, "geometry": { "type": "Point", "coordinates": [ 135.281788994731812, 34.722959618427005 ] } },
{ "type": "Feature", "properties": { "P29_001": "28101", "P29_002": "A228310000132", "P29_003": "16013", "P29_004": "認定こども園あおい宙", "P29_005": "兵庫県神戸市東灘区本山南町7-5-21", "P29_006": "4", "P29_007": "0", "P29_008": "00", "P29_009": null }, "geometry": { "type": "Point", "coordinates": [ 135.285319667102243, 34.72532267082849 ] } },
{ "type": "Feature", "properties": { "P29_001": "28101", "P29_002": "A228310000141", "P29_003": "16013", "P29_004": "幼保連携型認定こども園甲南すこやかこども園", "P29_005": "兵庫県神戸市東灘区魚崎北町2-10-10", "P29_006": "4", "P29_007": "0", "P29_008": "00", "P29_009": null }, "geometry": { "type": "Point", "coordinates": [ 135.274578349056355, 34.718203917902336 ] } },
{ "type": "Feature", "properties": { "P29_001": "28101", "P29_002": "A228310000150", "P29_003": "16013", "P29_004": "幼保連携型認定こども園甲南こども園", "P29_005": "兵庫県神戸市東灘区森南町3-1-4", "P29_006": "4", "P29_007": "0", "P29_008": "00", "P29_009": null }, "geometry": { "type": "Point", "coordinates": [ 135.289396976834695, 34.727577946706973 ] } },
{ "type": "Feature", "properties": { "P29_001": "28101", "P29_002": "A228310000178", "P29_003": "16013", "P29_004": "光の子認定こども園マナ分園", "P29_005": "兵庫県神戸市東灘区向洋町中5-13", "P29_006": "4", "P29_007": "0", "P29_008": "00", "P29_009": null }, "geometry": { "type": "Point", "coordinates": [ 135.267417577267622, 34.691190041852067 ] } },
{ "type": "Feature", "properties": { "P29_001": "28101", "P29_002": "A228310000196", "P29_003": "16013", "P29_004": "幼保連携型認定こども園ふかえ虹こども園", "P29_005": "兵庫県神戸市東灘区深江本町4-1-12", "P29_006": "4", "P29_007": "0", "P29_008": "00", "P29_009": null }, "geometry": { "type": "Point", "coordinates": [ 135.290756807337061, 34.721230730971726 ] } },
{ "type": "Feature", "properties": { "P29_001": "28102", "P29_002": "A228310000212", "P29_003": "16013", "P29_004": "幼保連携型認定こども園なかはらこども園", "P29_005": "兵庫県神戸市灘区中原通6-4-5", "P29_006": "4", "P29_007": "0", "P29_008": "00", "P29_009": null }, "geometry": { "type": "Point", "coordinates": [ 135.219596880096304, 34.71257004060935 ] } },
{ "type": "Feature", "properties": { "P29_001": "28102", "P29_002": "A228310000221", "P29_003": "16013", "P29_004": "幼保連携型認定こども園六甲道ＣＯＣＯＲＯ", "P29_005": "兵庫県神戸市灘区琵琶町2-1-27", "P29_006": "4", "P29_007": "0", "P29_008": "00", "P29_009": null }, "geometry": { "type": "Point", "coordinates": [ 135.236754080051185, 34.711690829523825 ] } },
{ "type": "Feature", "properties": { "P29_001": "28102", "P29_002": "A228310000230", "P29_003": "16013", "P29_004": "幼保連携型認定こども園八幡幼稚園・八幡ピジョン保育園", "P29_005": "兵庫県神戸市灘区深田町1-1-3", "P29_006": "4", "P29_007": "0", "P29_008": "00", "P29_009": null }, "geometry": { "type": "Point", "coordinates": [ 135.242370189821514, 34.716018798627921 ] } },
{ "type": "Feature", "properties": { "P29_001": "28102", "P29_002": "A228310000249", "P29_003": "16013", "P29_004": "認定こども園高羽ＣＯＣＯＲＯ", "P29_005": "兵庫県神戸市灘区高徳町5-2-3", "P29_006": "4", "P29_007": "0", "P29_008": "00", "P29_009": null }, "geometry": { "type": "Point", "coordinates": [ 135.240721538432354, 34.718213350648625 ] } },
{ "type": "Feature", "properties": { "P29_001": "28102", "P29_002": "A228310000258", "P29_003": "16013", "P29_004": "神戸さくら保育園", "P29_005": "兵庫県神戸市灘区浜田町2-2-15", "P29_006": "4", "P29_007": "0", "P29_008": "00", "P29_009": null }, "geometry": { "type": "Point", "coordinates": [ 135.242853724479971, 34.710499183262584 ] } },
{ "type": "Feature", "properties": { "P29_001": "28102", "P29_002": "A228310000267", "P29_003": "16013", "P29_004": "幼保連携型認定こども園微笑幼稚園", "P29_005": "兵庫県神戸市灘区篠原北町3-6-7", "P29_006": "4", "P29_007": "0", "P29_008": "00", "P29_009": null }, "geometry": { "type": "Point", "coordinates": [ 135.228248198230546, 34.724165546560833 ] } },
{ "type": "Feature", "properties": { "P29_001": "28102", "P29_002": "A228310000276", "P29_003": "16013", "P29_004": "幼保連携型認定こども園光愛児園", "P29_005": "兵庫県神戸市灘区篠原南町5-3-15", "P29_006": "4", "P29_007": "0", "P29_008": "00", "P29_009": null }, "geometry": { "type": "Point", "coordinates": [ 135.227606598652159, 34.716704112586058 ] } },
{ "type": "Feature", "properties": { "P29_001": "28102", "P29_002": "A228310000285", "P29_003": "16013", "P29_004": "青谷愛児園", "P29_005": "兵庫県神戸市灘区青谷町2-1-9", "P29_006": "4", "P29_007": "0", "P29_008": "00", "P29_009": null }, "geometry": { "type": "Point", "coordinates": [ 135.214029179579143, 34.713268907945938 ] } },
{ "type": "Feature", "properties": { "P29_001": "28102", "P29_002": "A228310000294", "P29_003": "16013", "P29_004": "おおいしこども園", "P29_005": "兵庫県神戸市灘区大石北町3-12", "P29_006": "4", "P29_007": "0", "P29_008": "00", "P29_009": null }, "geometry": { "type": "Point", "coordinates": [ 135.230205875583579, 34.705569645652268 ] } },
{ "type": "Feature", "properties": { "P29_001": "28102", "P29_002": "A228310000301", "P29_003": "16013", "P29_004": "オリンピア都こども園", "P29_005": "兵庫県神戸市灘区六甲町5-2-12", "P29_006": "4", "P29_007": "0", "P29_008": "00", "P29_009": null }, "geometry": { "type": "Point", "coordinates": [ 135.233193228176873, 34.715208815532279 ] } },
{ "type": "Feature", "properties": { "P29_001": "28102", "P29_002": "A228310000310", "P29_003": "16013", "P29_004": "幼保連携型めばえの園認定こども園", "P29_005": "兵庫県神戸市灘区灘南通4-4-2", "P29_006": "4", "P29_007": "0", "P29_008": "00", "P29_009": null }, "geometry": { "type": "Point", "coordinates": [ 135.22565515678221, 34.708511801117808 ] } },
{ "type": "Feature", "properties": { "P29_001": "28102", "P29_002": "A228310000329", "P29_003": "16013", "P29_004": "幼保連携型めばえの園認定こども園すみれ分園", "P29_005": "兵庫県神戸市灘区灘北通8-6-16", "P29_006": "4", "P29_007": "0", "P29_008": "00", "P29_009": null }, "geometry": { "type": "Point", "coordinates": [ 135.220589347491625, 34.707322806698265 ] } },
{ "type": "Feature", "properties": { "P29_001": "28102", "P29_002": "A228310000338", "P29_003": "16013", "P29_004": "幼保連携型認定こども園光愛児園ｓｕｎ分園", "P29_005": "兵庫県神戸市灘区天城通1-2-11", "P29_006": "4", "P29_007": "0", "P29_008": "00", "P29_009": null }, "geometry": { "type": "Point", "coordinates": [ 135.225250774787554, 34.716216451327142 ] } },
{ "type": "Feature", "properties": { "P29_001": "28105", "P29_002": "A228310000347", "P29_003": "16013", "P29_004": "認定こども園宝地院保育園", "P29_005": "兵庫県神戸市兵庫区荒田町3-17-1", "P29_006": "4", "P29_007": "0", "P29_008": "00", "P29_009": null }, "geometry": { "type": "Point", "coordinates": [ 135.168071484143866, 34.684689319135884 ] } },
{ "type": "Feature", "properties": { "P29_001": "28105", "P29_002": "A228310000356", "P29_003": "16013", "P29_004": "幼保連携型認定こども園神港みどり幼稚園", "P29_005": "兵庫県神戸市兵庫区会下山町2-5-32", "P29_006": "4", "P29_007": "0", "P29_008": "00", "P29_009": null }, "geometry": { "type": "Point", "coordinates": [ 135.160018466714718, 34.677420962717314 ] } },
{ "type": "Feature", "properties": { "P29_001": "28105", "P29_002": "A228310000365", "P29_003": "16013", "P29_004": "幼保連携型認定こども園大同保育園", "P29_005": "兵庫県神戸市兵庫区大同町2-2-16", "P29_006": "4", "P29_007": "0", "P29_008": "00", "P29_009": null }, "geometry": { "type": "Point", "coordinates": [ 135.162943977768265, 34.687898526066647 ] } },
{ "type": "Feature", "properties": { "P29_001": "28105", "P29_002": "A228310000374", "P29_003": "16013", "P29_004": "幼保連携型認定こども園モーツァルト兵庫こども園", "P29_005": "兵庫県神戸市兵庫区大開通10-1-4", "P29_006": "4", "P29_007": "0", "P29_008": "00", "P29_009": null }, "geometry": { "type": "Point", "coordinates": [ 135.160101685418567, 34.668735267655869 ] } },
{ "type": "Feature", "properties": { "P29_001": "28105", "P29_002": "A228310000383", "P29_003": "16013", "P29_004": "幼保連携型認定こども園ゆりかごこども園", "P29_005": "兵庫県神戸市兵庫区氷室町2-14-1", "P29_006": "4", "P29_007": "0", "P29_008": "00", "P29_009": null }, "geometry": { "type": "Point", "coordinates": [ 135.157225285372903, 34.686770153530198 ] } },
{ "type": "Feature", "properties": { "P29_001": "28105", "P29_002": "A228310000392", "P29_003": "16013", "P29_004": "大慈ひょうご幼保連携型認定こども園", "P29_005": "兵庫県神戸市兵庫区東出町2-12-9", "P29_006": "4", "P29_007": "0", "P29_008": "00", "P29_009": null }, "geometry": { "type": "Point", "coordinates": [ 135.180221212633484, 34.674043141492355 ] } },
{ "type": "Feature", "properties": { "P29_001": "28110", "P29_002": "A228310000409", "P29_003": "16013", "P29_004": "幼保連携型認定こども園真生きらきら保育園", "P29_005": "兵庫県神戸市中央区中山手通7-25-24", "P29_006": "4", "P29_007": "0", "P29_008": "00", "P29_009": null }, "geometry": { "type": "Point", "coordinates": [ 135.174275692770237, 34.688843265394524 ] } },
{ "type": "Feature", "properties": { "P29_001": "28105", "P29_002": "A228310000418", "P29_003": "16013", "P29_004": "幼保連携型認定こども園神徳館こども園", "P29_005": "兵庫県神戸市兵庫区御崎本町1-1-31", "P29_006": "4", "P29_007": "0", "P29_008": "00", "P29_009": null }, "geometry": { "type": "Point", "coordinates": [ 135.170369420160398, 34.661996636237099 ] } },
{ "type": "Feature", "properties": { "P29_001": "28106", "P29_002": "A228310000427", "P29_003": "16013", "P29_004": "認定こども園神戸保育園", "P29_005": "兵庫県神戸市長田区水笠通3-4-14", "P29_006": "4", "P29_007": "0", "P29_008": "00", "P29_009": null }, "geometry": { "type": "Point", "coordinates": [ 135.143415369606231, 34.659815884972637 ] } },
{ "type": "Feature", "properties": { "P29_001": "28106", "P29_002": "A228310000436", "P29_003": "16013", "P29_004": "幼保連携型認定こども園たから保育園", "P29_005": "兵庫県神戸市長田区東尻池町4-13-11", "P29_006": "4", "P29_007": "0", "P29_008": "00", "P29_009": null }, "geometry": { "type": "Point", "coordinates": [ 135.157038582003366, 34.659316308088812 ] } },
{ "type": "Feature", "properties": { "P29_001": "28106", "P29_002": "A228310000445", "P29_003": "16013", "P29_004": "認定こども園神楽こども園", "P29_005": "兵庫県神戸市長田区神楽町2-2-29", "P29_006": "4", "P29_007": "0", "P29_008": "00", "P29_009": null }, "geometry": { "type": "Point", "coordinates": [ 135.150089364435956, 34.660856066824387 ] } },
{ "type": "Feature", "properties": { "P29_001": "28106", "P29_002": "A228310000454", "P29_003": "16013", "P29_004": "神戸エンゼル認定こども園", "P29_005": "兵庫県神戸市長田区長楽町4-4-3", "P29_006": "4", "P29_007": "0", "P29_008": "00", "P29_009": null }, "geometry": { "type": "Point", "coordinates": [ 135.137306040880532, 34.649627660316241 ] } },
{ "type": "Feature", "properties": { "P29_001": "28106", "P29_002": "A228310000463", "P29_003": "16013", "P29_004": "認定こども園名倉幼稚園", "P29_005": "兵庫県神戸市長田区長田天神町1-17-13", "P29_006": "4", "P29_007": "0", "P29_008": "00", "P29_009": null }, "geometry": { "type": "Point", "coordinates": [ 135.146209341917682, 34.680637895663203 ] } },
{ "type": "Feature", "properties": { "P29_001": "28106", "P29_002": "A228310000472", "P29_003": "16013", "P29_004": "幼保連携型認定こども園近田幼稚園", "P29_005": "兵庫県神戸市長田区駒栄町4-1-11", "P29_006": "4", "P29_007": "0", "P29_008": "00", "P29_009": null }, "geometry": { "type": "Point", "coordinates": [ 135.150558481081219, 34.65227082548639 ] } },
{ "type": "Feature", "properties": { "P29_001": "28106", "P29_002": "A228310000481", "P29_003": "16013", "P29_004": "新生こども園", "P29_005": "兵庫県神戸市長田区平和台町2-1-23", "P29_006": "4", "P29_007": "0", "P29_008": "00", "P29_009": null }, "geometry": { "type": "Point", "coordinates": [ 135.134272365930741, 34.666349326986008 ] } },
{ "type": "Feature", "properties": { "P29_001": "28106", "P29_002": "A228310000490", "P29_003": "16013", "P29_004": "五位の池こども園", "P29_005": "兵庫県神戸市長田区五位ノ池町2-1-9", "P29_006": "4", "P29_007": "0", "P29_008": "00", "P29_009": null }, "geometry": { "type": "Point", "coordinates": [ 135.137031179355318, 34.66508129024453 ] } },
{ "type": "Feature", "properties": { "P29_001": "28107", "P29_002": "A228310000506", "P29_003": "16013", "P29_004": "幼保連携型認定こども園若木こども園", "P29_005": "兵庫県神戸市須磨区若木町1-2-29", "P29_006": "4", "P29_007": "0", "P29_008": "00", "P29_009": null }, "geometry": { "type": "Point", "coordinates": [ 135.127600853120043, 34.655619719217235 ] } },
{ "type": "Feature", "properties": { "P29_001": "28107", "P29_002": "A228310000515", "P29_003": "16013", "P29_004": "認定こども園大手幼稚園", "P29_005": "兵庫県神戸市須磨区大手町7-1-1", "P29_006": "4", "P29_007": "0", "P29_008": "00", "P29_009": null }, "geometry": { "type": "Point", "coordinates": [ 135.128425553428031, 34.659927249009513 ] } },
{ "type": "Feature", "properties": { "P29_001": "28107", "P29_002": "A228310000524", "P29_003": "16013", "P29_004": "認定こども園西須磨幼稚園", "P29_005": "兵庫県神戸市須磨区桜木町2-2-1", "P29_006": "4", "P29_007": "0", "P29_008": "00", "P29_009": null }, "geometry": { "type": "Point", "coordinates": [ 135.117175660051259, 34.647965735770867 ] } },
{ "type": "Feature", "properties": { "P29_001": "28107", "P29_002": "A228310000533", "P29_003": "16013", "P29_004": "幼保連携型認定こども園神戸ＹＭＣＡちとせ幼稚園", "P29_005": "兵庫県神戸市須磨区高倉台4-12", "P29_006": "4", "P29_007": "0", "P29_008": "00", "P29_009": null }, "geometry": { "type": "Point", "coordinates": [ 135.102455942367129, 34.656472055284873 ] } },
{ "type": "Feature", "properties": { "P29_001": "28107", "P29_002": "A228310000551", "P29_003": "16013", "P29_004": "幼保連携型認定こども園若竹こども園", "P29_005": "兵庫県神戸市須磨区南落合3-9-1", "P29_006": "4", "P29_007": "0", "P29_008": "00", "P29_009": null }, "geometry": { "type": "Point", "coordinates": [ 135.102521688531112, 34.676808157267523 ] } },
{ "type": "Feature", "properties": { "P29_001": "28107", "P29_002": "A228310000579", "P29_003": "16013", "P29_004": "幼保連携型認定こども園東須磨愛児園", "P29_005": "兵庫県神戸市須磨区若木町3-6-25", "P29_006": "4", "P29_007": "0", "P29_008": "00", "P29_009": null }, "geometry": { "type": "Point", "coordinates": [ 135.123854851735786, 34.656654842736401 ] } },
{ "type": "Feature", "properties": { "P29_001": "28107", "P29_002": "A228310000588", "P29_003": "16013", "P29_004": "幼保連携型認定こども園東須磨愛児園分園", "P29_005": "兵庫県神戸市須磨区若木町3-7-3", "P29_006": "4", "P29_007": "0", "P29_008": "00", "P29_009": null }, "geometry": { "type": "Point", "coordinates": [ 135.123856546928067, 34.656606016186657 ] } },
{ "type": "Feature", "properties": { "P29_001": "28107", "P29_002": "A228310000597", "P29_003": "16013", "P29_004": "幼保連携型認定こども園村雨こども園", "P29_005": "兵庫県神戸市須磨区行幸町1-2-26", "P29_006": "4", "P29_007": "0", "P29_008": "00", "P29_009": null }, "geometry": { "type": "Point", "coordinates": [ 135.124032501771012, 34.644813428062911 ] } },
{ "type": "Feature", "properties": { "P29_001": "28107", "P29_002": "A228310000604", "P29_003": "16013", "P29_004": "幼保連携型認定こども園村雨こども園愛分園", "P29_005": "兵庫県神戸市須磨区行幸町1-2-5メゾン須磨2000（1階）", "P29_006": "4", "P29_007": "0", "P29_008": "00", "P29_009": null }, "geometry": { "type": "Point", "coordinates": [ 135.123748486079535, 34.6444915161415 ] } },
{ "type": "Feature", "properties": { "P29_001": "28107", "P29_002": "A228310000613", "P29_003": "16013", "P29_004": "幼保連携型認定こども園北須磨保育センター", "P29_005": "兵庫県神戸市須磨区友が丘3-107", "P29_006": "4", "P29_007": "0", "P29_008": "00", "P29_009": null }, "geometry": { "type": "Point", "coordinates": [ 135.094606365213394, 34.668386230386979 ] } },
{ "type": "Feature", "properties": { "P29_001": "28107", "P29_002": "A228310000622", "P29_003": "16013", "P29_004": "幼保連携型認定こども園いたやど保育園", "P29_005": "兵庫県神戸市須磨区大田町1-3-24", "P29_006": "4", "P29_007": "0", "P29_008": "00", "P29_009": null }, "geometry": { "type": "Point", "coordinates": [ 135.137451817522532, 34.659181443752992 ] } },
{ "type": "Feature", "properties": { "P29_001": "28107", "P29_002": "A228310000631", "P29_003": "16013", "P29_004": "幼保連携型認定こども園ちとせこども園", "P29_005": "兵庫県神戸市須磨区千歳町4-3-36", "P29_006": "4", "P29_007": "0", "P29_008": "00", "P29_009": null }, "geometry": { "type": "Point", "coordinates": [ 135.13749180986062, 34.654773533202579 ] } },
{ "type": "Feature", "properties": { "P29_001": "28107", "P29_002": "A228310000640", "P29_003": "16013", "P29_004": "幼保連携型認定こども園あじさいこども園", "P29_005": "兵庫県神戸市須磨区白川台4-20-20", "P29_006": "4", "P29_007": "0", "P29_008": "00", "P29_009": null }, "geometry": { "type": "Point", "coordinates": [ 135.10270028329569, 34.690967188252209 ] } },
{ "type": "Feature", "properties": { "P29_001": "28107", "P29_002": "A228310000659", "P29_003": "16013", "P29_004": "幼保連携型認定こども園やまびこ保育園", "P29_005": "兵庫県神戸市須磨区北落合2-11-15", "P29_006": "4", "P29_007": "0", "P29_008": "00", "P29_009": null }, "geometry": { "type": "Point", "coordinates": [ 135.093416576007741, 34.688001610347271 ] } },
{ "type": "Feature", "properties": { "P29_001": "28108", "P29_002": "A228310000677", "P29_003": "16013", "P29_004": "幼保連携型認定こども園夢の森", "P29_005": "兵庫県神戸市垂水区高丸6-3-1", "P29_006": "4", "P29_007": "0", "P29_008": "00", "P29_009": null }, "geometry": { "type": "Point", "coordinates": [ 135.055747594242376, 34.638323046391307 ] } },
{ "type": "Feature", "properties": { "P29_001": "28108", "P29_002": "A228310000686", "P29_003": "16013", "P29_004": "幼保連携型おとぎ認定こども園", "P29_005": "兵庫県神戸市垂水区美山台2-1-3", "P29_006": "4", "P29_007": "0", "P29_008": "00", "P29_009": null }, "geometry": { "type": "Point", "coordinates": [ 135.070311553235086, 34.639644558080349 ] } },
{ "type": "Feature", "properties": { "P29_001": "28108", "P29_002": "A228310000702", "P29_003": "16013", "P29_004": "幼保連携型認定こども園心の森", "P29_005": "兵庫県神戸市垂水区清水が丘3-1-16", "P29_006": "4", "P29_007": "0", "P29_008": "00", "P29_009": null }, "geometry": { "type": "Point", "coordinates": [ 135.034951303876227, 34.650365124146909 ] } },
{ "type": "Feature", "properties": { "P29_001": "28108", "P29_002": "A228310000711", "P29_003": "16013", "P29_004": "認定こども園明舞幼稚園", "P29_005": "兵庫県神戸市垂水区狩口台5-14-1", "P29_006": "4", "P29_007": "0", "P29_008": "00", "P29_009": null }, "geometry": { "type": "Point", "coordinates": [ 135.024785019513843, 34.648924237860676 ] } },
{ "type": "Feature", "properties": { "P29_001": "28108", "P29_002": "A228310000720", "P29_003": "16013", "P29_004": "幼保連携型認定こども園塩屋幼稚園", "P29_005": "兵庫県神戸市垂水区塩屋町9-22-3", "P29_006": "4", "P29_007": "0", "P29_008": "00", "P29_009": null }, "geometry": { "type": "Point", "coordinates": [ 135.081092459853863, 34.639315590642092 ] } },
{ "type": "Feature", "properties": { "P29_001": "28108", "P29_002": "A228310000739", "P29_003": "16013", "P29_004": "幼保連携型認定こども園桃の木幼稚園", "P29_005": "兵庫県神戸市垂水区桃山台3-23-2", "P29_006": "4", "P29_007": "0", "P29_008": "00", "P29_009": null }, "geometry": { "type": "Point", "coordinates": [ 135.081528479708084, 34.657026036879714 ] } },
{ "type": "Feature", "properties": { "P29_001": "28108", "P29_002": "A228310000748", "P29_003": "16013", "P29_004": "幼保連携型小束山認定こども園", "P29_005": "兵庫県神戸市垂水区小束山本町2-13-1", "P29_006": "4", "P29_007": "0", "P29_008": "00", "P29_009": null }, "geometry": { "type": "Point", "coordinates": [ 135.061660459795576, 34.66531947504609 ] } },
{ "type": "Feature", "properties": { "P29_001": "28108", "P29_002": "A228310000757", "P29_003": "16013", "P29_004": "幼保連携型認定こども園上高丸", "P29_005": "兵庫県神戸市垂水区高丸8-15-12", "P29_006": "4", "P29_007": "0", "P29_008": "00", "P29_009": null }, "geometry": { "type": "Point", "coordinates": [ 135.057632062076493, 34.64283352306802 ] } },
{ "type": "Feature", "properties": { "P29_001": "28108", "P29_002": "A228310000766", "P29_003": "16013", "P29_004": "幼保連携型認定こども園舞子保育園", "P29_005": "兵庫県神戸市垂水区西舞子2-12-27", "P29_006": "4", "P29_007": "0", "P29_008": "00", "P29_009": null }, "geometry": { "type": "Point", "coordinates": [ 135.029056634694655, 34.641028276239354 ] } },
{ "type": "Feature", "properties": { "P29_001": "28108", "P29_002": "A228310000775", "P29_003": "16013", "P29_004": "幼保連携型認定こども園しおやこども園", "P29_005": "兵庫県神戸市垂水区塩屋町3-23-1", "P29_006": "4", "P29_007": "0", "P29_008": "00", "P29_009": null }, "geometry": { "type": "Point", "coordinates": [ 135.083370027590206, 34.637470665142146 ] } },
{ "type": "Feature", "properties": { "P29_001": "28108", "P29_002": "A228310000784", "P29_003": "16013", "P29_004": "幼保連携型認定こども園かすみがおか虹こども園", "P29_005": "兵庫県神戸市垂水区霞ヶ丘1-6-19", "P29_006": "4", "P29_007": "0", "P29_008": "00", "P29_009": null }, "geometry": { "type": "Point", "coordinates": [ 135.04891136338145, 34.632984278836723 ] } },
{ "type": "Feature", "properties": { "P29_001": "28108", "P29_002": "A228310000793", "P29_003": "16013", "P29_004": "幼保連携型認定こども園たけのこども園", "P29_005": "兵庫県神戸市垂水区山手2-3-18", "P29_006": "4", "P29_007": "0", "P29_008": "00", "P29_009": null }, "geometry": { "type": "Point", "coordinates": [ 135.06240939664437, 34.631115367849858 ] } },
{ "type": "Feature", "properties": { "P29_001": "28108", "P29_002": "A228310000800", "P29_003": "16013", "P29_004": "幼保連携型認定こども園たけのこども園そら分園", "P29_005": "兵庫県神戸市垂水区中道2-3-5第一生命ビル1階", "P29_006": "4", "P29_007": "0", "P29_008": "00", "P29_009": null }, "geometry": { "type": "Point", "coordinates": [ 135.060915484077839, 34.630715641190712 ] } },
{ "type": "Feature", "properties": { "P29_001": "28108", "P29_002": "A228310000819", "P29_003": "16013", "P29_004": "幼保連携型認定こども園多聞台こども園", "P29_005": "兵庫県神戸市垂水区多聞台3-9-13", "P29_006": "4", "P29_007": "0", "P29_008": "00", "P29_009": null }, "geometry": { "type": "Point", "coordinates": [ 135.039948316069172, 34.661980601484181 ] } },
{ "type": "Feature", "properties": { "P29_001": "28108", "P29_002": "A228310000828", "P29_003": "16013", "P29_004": "幼保連携型認定こども園たかつか保育園", "P29_005": "兵庫県神戸市垂水区小束山手1-24-1", "P29_006": "4", "P29_007": "0", "P29_008": "00", "P29_009": null }, "geometry": { "type": "Point", "coordinates": [ 135.065046053421696, 34.675544290973654 ] } },
{ "type": "Feature", "properties": { "P29_001": "28108", "P29_002": "A228310000837", "P29_003": "16013", "P29_004": "幼保連携型認定こども園歌敷山保育園", "P29_005": "兵庫県神戸市垂水区歌敷山2-5-9", "P29_006": "4", "P29_007": "0", "P29_008": "00", "P29_009": null }, "geometry": { "type": "Point", "coordinates": [ 135.040614427002481, 34.635471055392578 ] } },
{ "type": "Feature", "properties": { "P29_001": "28108", "P29_002": "A228310000846", "P29_003": "16013", "P29_004": "滝の茶屋保育園", "P29_005": "兵庫県神戸市垂水区城が山1-6-22", "P29_006": "4", "P29_007": "0", "P29_008": "00", "P29_009": null }, "geometry": { "type": "Point", "coordinates": [ 135.071046459305705, 34.631068864059102 ] } },
{ "type": "Feature", "properties": { "P29_001": "28109", "P29_002": "A228310000855", "P29_003": "16013", "P29_004": "認定こども園このみ保育園", "P29_005": "兵庫県神戸市北区山田町下谷上字箕谷21-1", "P29_006": "4", "P29_007": "0", "P29_008": "00", "P29_009": null }, "geometry": { "type": "Point", "coordinates": [ 135.155614591738157, 34.757333449314274 ] } },
{ "type": "Feature", "properties": { "P29_001": "28109", "P29_002": "A228310000864", "P29_003": "16013", "P29_004": "認定こども園星和台幼稚園", "P29_005": "兵庫県神戸市北区星和台2-16-13", "P29_006": "4", "P29_007": "0", "P29_008": "00", "P29_009": null }, "geometry": { "type": "Point", "coordinates": [ 135.127243153742199, 34.719139295480225 ] } },
{ "type": "Feature", "properties": { "P29_001": "28109", "P29_002": "A228310000873", "P29_003": "16013", "P29_004": "認定こども園五葉幼稚園", "P29_005": "兵庫県神戸市北区北五葉3-7-2", "P29_006": "4", "P29_007": "0", "P29_008": "00", "P29_009": null }, "geometry": { "type": "Point", "coordinates": [ 135.137439539637882, 34.730390350668522 ] } },
{ "type": "Feature", "properties": { "P29_001": "28109", "P29_002": "A228310000882", "P29_003": "16013", "P29_004": "幼保連携型明照認定こども園", "P29_005": "兵庫県神戸市北区有野台6-22", "P29_006": "4", "P29_007": "0", "P29_008": "00", "P29_009": null }, "geometry": { "type": "Point", "coordinates": [ 135.232994216586661, 34.811628102664166 ] } },
{ "type": "Feature", "properties": { "P29_001": "28109", "P29_002": "A228310000891", "P29_003": "16013", "P29_004": "幼保連携型つきかげ認定こども園", "P29_005": "兵庫県神戸市北区藤原台中町2-5-1", "P29_006": "4", "P29_007": "0", "P29_008": "00", "P29_009": null }, "geometry": { "type": "Point", "coordinates": [ 135.218531514245342, 34.818529795822215 ] } },
{ "type": "Feature", "properties": { "P29_001": "28109", "P29_002": "A228310000917", "P29_003": "16013", "P29_004": "幼保連携型認定こども園キッズキャンパス", "P29_005": "兵庫県神戸市北区藤原台南町1-7-5", "P29_006": "4", "P29_007": "0", "P29_008": "00", "P29_009": null }, "geometry": { "type": "Point", "coordinates": [ 135.210268736360547, 34.811918406417249 ] } },
{ "type": "Feature", "properties": { "P29_001": "28109", "P29_002": "A228310000926", "P29_003": "16013", "P29_004": "幼保連携型認定こども園みどりこども園", "P29_005": "兵庫県神戸市北区日の峰1-20-1", "P29_006": "4", "P29_007": "0", "P29_008": "00", "P29_009": null }, "geometry": { "type": "Point", "coordinates": [ 135.147281761238588, 34.759531980100967 ] } },
{ "type": "Feature", "properties": { "P29_001": "28109", "P29_002": "A228310000935", "P29_003": "16013", "P29_004": "幼保連携型認定星の子こども園", "P29_005": "兵庫県神戸市北区鹿の子台北町3-2-24", "P29_006": "4", "P29_007": "0", "P29_008": "00", "P29_009": null }, "geometry": { "type": "Point", "coordinates": [ 135.220524253605561, 34.858221400345279 ] } },
{ "type": "Feature", "properties": { "P29_001": "28109", "P29_002": "A228310000944", "P29_003": "16013", "P29_004": "幼保連携型認定こども園鈴蘭台北町こども園", "P29_005": "兵庫県神戸市北区鈴蘭台北町6-1-18", "P29_006": "4", "P29_007": "0", "P29_008": "00", "P29_009": null }, "geometry": { "type": "Point", "coordinates": [ 135.154092830158277, 34.728614791810983 ] } },
{ "type": "Feature", "properties": { "P29_001": "28109", "P29_002": "A228310000962", "P29_003": "16013", "P29_004": "認定こども園頌栄保育園", "P29_005": "兵庫県神戸市北区鳴子2-11-2", "P29_006": "4", "P29_007": "0", "P29_008": "00", "P29_009": null }, "geometry": { "type": "Point", "coordinates": [ 135.126331481712725, 34.722067556734167 ] } },
{ "type": "Feature", "properties": { "P29_001": "28109", "P29_002": "A228310000971", "P29_003": "16013", "P29_004": "幼保連携型認定こども園山のまち", "P29_005": "兵庫県神戸市北区緑町2-7-19", "P29_006": "4", "P29_007": "0", "P29_008": "00", "P29_009": null }, "geometry": { "type": "Point", "coordinates": [ 135.148710615320084, 34.750819130271978 ] } },
{ "type": "Feature", "properties": { "P29_001": "28109", "P29_002": "A228310000980", "P29_003": "16013", "P29_004": "幼保連携型認定こども園ひとみ保育園", "P29_005": "兵庫県神戸市北区藤原台北町6-18-36", "P29_006": "4", "P29_007": "0", "P29_008": "00", "P29_009": null }, "geometry": { "type": "Point", "coordinates": [ 135.224026559247022, 34.833574837059956 ] } },
{ "type": "Feature", "properties": { "P29_001": "28110", "P29_002": "A228310001006", "P29_003": "16013", "P29_004": "幼保連携型みのり認定こども園", "P29_005": "兵庫県神戸市中央区脇浜町2-5-13", "P29_006": "4", "P29_007": "0", "P29_008": "00", "P29_009": null }, "geometry": { "type": "Point", "coordinates": [ 135.213692148772878, 34.700839447681155 ] } },
{ "type": "Feature", "properties": { "P29_001": "28110", "P29_002": "A228310001015", "P29_003": "16013", "P29_004": "聖ミカエル幼保連携型認定こども園", "P29_005": "兵庫県神戸市中央区中山手通6-5-1", "P29_006": "4", "P29_007": "0", "P29_008": "00", "P29_009": null }, "geometry": { "type": "Point", "coordinates": [ 135.181065550063664, 34.691760114313411 ] } },
{ "type": "Feature", "properties": { "P29_001": "28110", "P29_002": "A228310001024", "P29_003": "16013", "P29_004": "幼保連携型認定こども園塩原学園幼稚園", "P29_005": "兵庫県神戸市中央区上筒井通4-3-30", "P29_006": "4", "P29_007": "0", "P29_008": "00", "P29_009": null }, "geometry": { "type": "Point", "coordinates": [ 135.208970432937235, 34.709008186560482 ] } },
{ "type": "Feature", "properties": { "P29_001": "28110", "P29_002": "A228310001033", "P29_003": "16013", "P29_004": "幼保連携型認定こども園はたつかこども園", "P29_005": "兵庫県神戸市中央区旗塚通4-4-1", "P29_006": "4", "P29_007": "0", "P29_008": "00", "P29_009": null }, "geometry": { "type": "Point", "coordinates": [ 135.201678019271696, 34.704617145834099 ] } },
{ "type": "Feature", "properties": { "P29_001": "28110", "P29_002": "A228310001042", "P29_003": "16013", "P29_004": "大慈ほまれ幼保連携型認定こども園", "P29_005": "兵庫県神戸市中央区古湊通1-1-16", "P29_006": "4", "P29_007": "0", "P29_008": "00", "P29_009": null }, "geometry": { "type": "Point", "coordinates": [ 135.175896502073044, 34.67808320431778 ] } },
{ "type": "Feature", "properties": { "P29_001": "28110", "P29_002": "A228310001051", "P29_003": "16013", "P29_004": "幼保連携型認定こども園友愛幼児園", "P29_005": "兵庫県神戸市中央区吾妻通5-2-20", "P29_006": "4", "P29_007": "0", "P29_008": "00", "P29_009": null }, "geometry": { "type": "Point", "coordinates": [ 135.203953319847017, 34.697632272582787 ] } },
{ "type": "Feature", "properties": { "P29_001": "28110", "P29_002": "A228310001060", "P29_003": "16013", "P29_004": "大慈幼保連携型認定こども園", "P29_005": "兵庫県神戸市中央区東川崎町6-2-6", "P29_006": "4", "P29_007": "0", "P29_008": "00", "P29_009": null }, "geometry": { "type": "Point", "coordinates": [ 135.179661772945565, 34.675199313027001 ] } },
{ "type": "Feature", "properties": { "P29_001": "28110", "P29_002": "A228310001088", "P29_003": "16013", "P29_004": "幼保連携型認定こども園ポートピアこども園", "P29_005": "兵庫県神戸市中央区港島中町3-2-8", "P29_006": "4", "P29_007": "0", "P29_008": "00", "P29_009": null }, "geometry": { "type": "Point", "coordinates": [ 135.2114581518112, 34.669862668880668 ] } },
{ "type": "Feature", "properties": { "P29_001": "28111", "P29_002": "A228310001104", "P29_003": "16013", "P29_004": "幼保連携型認定こども園岩岡こども園", "P29_005": "兵庫県神戸市西区岩岡町岩岡1144-9", "P29_006": "4", "P29_007": "0", "P29_008": "00", "P29_009": null }, "geometry": { "type": "Point", "coordinates": [ 134.950287303831828, 34.72295216596703 ] } },
{ "type": "Feature", "properties": { "P29_001": "28111", "P29_002": "A228310001113", "P29_003": "16013", "P29_004": "幼保連携型認定こども園岩岡こども園分園", "P29_005": "兵庫県神戸市西区岩岡町岩岡1141-5", "P29_006": "4", "P29_007": "0", "P29_008": "00", "P29_009": null }, "geometry": { "type": "Point", "coordinates": [ 134.936127107708813, 34.71237373183309 ] } },
{ "type": "Feature", "properties": { "P29_001": "28111", "P29_002": "A228310001131", "P29_003": "16013", "P29_004": "幼保連携型認定こども園あさひ保育園", "P29_005": "兵庫県神戸市西区桜が丘東町1-3-1", "P29_006": "4", "P29_007": "0", "P29_008": "00", "P29_009": null }, "geometry": { "type": "Point", "coordinates": [ 135.058426818484065, 34.751384487300825 ] } },
{ "type": "Feature", "properties": { "P29_001": "28111", "P29_002": "A228310001140", "P29_003": "16013", "P29_004": "幼保連携型認定こども園ＹＭＣＡ保育園", "P29_005": "兵庫県神戸市西区学園西町5-4", "P29_006": "4", "P29_007": "0", "P29_008": "00", "P29_009": null }, "geometry": { "type": "Point", "coordinates": [ 135.055616233579599, 34.683585994716303 ] } },
{ "type": "Feature", "properties": { "P29_001": "28111", "P29_002": "A228310001159", "P29_003": "16013", "P29_004": "幼保連携型認定こども園ＹＭＣＡ保育園おひさま分園", "P29_005": "兵庫県神戸市西区学園西町7-2-1-101", "P29_006": "4", "P29_007": "0", "P29_008": "00", "P29_009": null }, "geometry": { "type": "Point", "coordinates": [ 135.056195704964722, 34.680187949203813 ] } },
{ "type": "Feature", "properties": { "P29_001": "28111", "P29_002": "A228310001168", "P29_003": "16013", "P29_004": "幼保連携型認定こども園なごみ保育園", "P29_005": "兵庫県神戸市西区伊川谷町上脇字平山952-1", "P29_006": "4", "P29_007": "0", "P29_008": "00", "P29_009": null }, "geometry": { "type": "Point", "coordinates": [ 135.024039459133007, 34.678419480707831 ] } },
{ "type": "Feature", "properties": { "P29_001": "28111", "P29_002": "A228310001177", "P29_003": "16013", "P29_004": "幼保連携型認定こども園西神戸ＹＭＣＡ保育園", "P29_005": "兵庫県神戸市西区学園西町1-1-2", "P29_006": "4", "P29_007": "0", "P29_008": "00", "P29_009": null }, "geometry": { "type": "Point", "coordinates": [ 135.058163961371548, 34.680677994449411 ] } },
{ "type": "Feature", "properties": { "P29_001": "28111", "P29_002": "A228310001186", "P29_003": "16013", "P29_004": "幼保連携型認定こども園神戸潤和保育園", "P29_005": "兵庫県神戸市西区伊川谷町潤和1538-1", "P29_006": "4", "P29_007": "0", "P29_008": "00", "P29_009": null }, "geometry": { "type": "Point", "coordinates": [ 135.002638146366792, 34.659845992040303 ] } },
{ "type": "Feature", "properties": { "P29_001": "28111", "P29_002": "A228310001195", "P29_003": "16013", "P29_004": "認定こども園神戸学園都市ＹＭＣＡこども園", "P29_005": "兵庫県神戸市西区学園東町2-1-3", "P29_006": "4", "P29_007": "0", "P29_008": "00", "P29_009": null }, "geometry": { "type": "Point", "coordinates": [ 135.059124717990812, 34.68390641312962 ] } },
{ "type": "Feature", "properties": { "P29_001": "28111", "P29_002": "A228310001202", "P29_003": "16013", "P29_004": "認定こども園ななほし保育園", "P29_005": "兵庫県神戸市西区池上1-13-11", "P29_006": "4", "P29_007": "0", "P29_008": "00", "P29_009": null }, "geometry": { "type": "Point", "coordinates": [ 135.028408514302299, 34.670798698488298 ] } },
{ "type": "Feature", "properties": { "P29_001": "28111", "P29_002": "A228310001211", "P29_003": "16013", "P29_004": "幼保連携型認定こども園有瀬幼稚園", "P29_005": "兵庫県神戸市西区伊川谷町有瀬854-1", "P29_006": "4", "P29_007": "0", "P29_008": "00", "P29_009": null }, "geometry": { "type": "Point", "coordinates": [ 135.019807422909537, 34.65969445128912 ] } },
{ "type": "Feature", "properties": { "P29_001": "28111", "P29_002": "A228310001220", "P29_003": "16013", "P29_004": "幼保連携型認定こども園同朋にこにこ園", "P29_005": "兵庫県神戸市西区井吹台西町4-6", "P29_006": "4", "P29_007": "0", "P29_008": "00", "P29_009": null }, "geometry": { "type": "Point", "coordinates": [ 135.021330038952641, 34.692964903422109 ] } },
{ "type": "Feature", "properties": { "P29_001": "28111", "P29_002": "A228310001257", "P29_003": "16013", "P29_004": "幼保連携型認定こども園わらべ保育園", "P29_005": "兵庫県神戸市西区宮下3-12-13", "P29_006": "4", "P29_007": "0", "P29_008": "00", "P29_009": null }, "geometry": { "type": "Point", "coordinates": [ 134.979871564411866, 34.692471923221945 ] } },
{ "type": "Feature", "properties": { "P29_001": "28111", "P29_002": "A228310001266", "P29_003": "16013", "P29_004": "弁天こども園", "P29_005": "兵庫県神戸市西区伊川谷町有瀬555", "P29_006": "4", "P29_007": "0", "P29_008": "00", "P29_009": null }, "geometry": { "type": "Point", "coordinates": [ 135.025735479246123, 34.665372789228627 ] } },
{ "type": "Feature", "properties": { "P29_001": "28111", "P29_002": "A228310001275", "P29_003": "16013", "P29_004": "幼保連携型認定こども園平野保育園", "P29_005": "兵庫県神戸市西区平野町芝崎298-1", "P29_006": "4", "P29_007": "0", "P29_008": "00", "P29_009": null }, "geometry": { "type": "Point", "coordinates": [ 134.983559035501031, 34.696279630657557 ] } },
{ "type": "Feature", "properties": { "P29_001": "28111", "P29_002": "A228310001284", "P29_003": "16013", "P29_004": "幼保連携型認定こども園竹の台保育園", "P29_005": "兵庫県神戸市西区竹の台2-20-2", "P29_006": "4", "P29_007": "0", "P29_008": "00", "P29_009": null }, "geometry": { "type": "Point", "coordinates": [ 135.01212892746787, 34.711731300908795 ] } },
{ "type": "Feature", "properties": { "P29_001": "28111", "P29_002": "A228310001293", "P29_003": "16013", "P29_004": "幼保連携型認定こども園つぐみ保育園", "P29_005": "兵庫県神戸市西区井吹台東町2-2-1", "P29_006": "4", "P29_007": "0", "P29_008": "00", "P29_009": null }, "geometry": { "type": "Point", "coordinates": [ 135.034090721304807, 34.69977759859939 ] } },
{ "type": "Feature", "properties": { "P29_001": "28202", "P29_002": "A228310001300", "P29_003": "16013", "P29_004": "幼保連携型認定こども園開明かしの木こども園", "P29_005": "兵庫県尼崎市開明町3-22", "P29_006": "4", "P29_007": "0", "P29_008": "00", "P29_009": null }, "geometry": { "type": "Point", "coordinates": [ 135.414040413887903, 34.71616741832382 ] } },
{ "type": "Feature", "properties": { "P29_001": "28202", "P29_002": "A228310001319", "P29_003": "16013", "P29_004": "学校法人小寺学園幼保連携型認定こども園はまようちえん", "P29_005": "兵庫県尼崎市浜2-2-13", "P29_006": "4", "P29_007": "0", "P29_008": "00", "P29_009": null }, "geometry": { "type": "Point", "coordinates": [ 135.436259001338215, 34.733690887236989 ] } },
{ "type": "Feature", "properties": { "P29_001": "28202", "P29_002": "A228310001328", "P29_003": "16013", "P29_004": "幼保連携型認定こども園くいせようちえん", "P29_005": "兵庫県尼崎市杭瀬本町1-9-36", "P29_006": "4", "P29_007": "0", "P29_008": "00", "P29_009": null }, "geometry": { "type": "Point", "coordinates": [ 135.439694560361801, 34.719239478914076 ] } },
{ "type": "Feature", "properties": { "P29_001": "28202", "P29_002": "A228310001337", "P29_003": "16013", "P29_004": "しもさかべ幼稚園", "P29_005": "兵庫県尼崎市下坂部2-8-23", "P29_006": "4", "P29_007": "0", "P29_008": "00", "P29_009": null }, "geometry": { "type": "Point", "coordinates": [ 135.43406614531591, 34.742438541775016 ] } },
{ "type": "Feature", "properties": { "P29_001": "28202", "P29_002": "A228310001346", "P29_003": "16013", "P29_004": "認定こども園七松幼稚園", "P29_005": "兵庫県尼崎市七松町2-27-20", "P29_006": "4", "P29_007": "0", "P29_008": "00", "P29_009": null }, "geometry": { "type": "Point", "coordinates": [ 135.401389869239409, 34.73361771539907 ] } },
{ "type": "Feature", "properties": { "P29_001": "28202", "P29_002": "A228310001355", "P29_003": "16013", "P29_004": "幼保連携型認定こども園キンダー・メーソン", "P29_005": "兵庫県尼崎市上ノ島町3-5-1", "P29_006": "4", "P29_007": "0", "P29_008": "00", "P29_009": null }, "geometry": { "type": "Point", "coordinates": [ 135.400775105101957, 34.745140655220332 ] } },
{ "type": "Feature", "properties": { "P29_001": "28202", "P29_002": "A228310001364", "P29_003": "16013", "P29_004": "幼保連携型認定こども園ベビー・メーソン", "P29_005": "兵庫県尼崎市武庫元町2-20-15", "P29_006": "4", "P29_007": "0", "P29_008": "00", "P29_009": null }, "geometry": { "type": "Point", "coordinates": [ 135.380159937033937, 34.758584148885056 ] } },
{ "type": "Feature", "properties": { "P29_001": "28202", "P29_002": "A228310001373", "P29_003": "16013", "P29_004": "あすなろこども園", "P29_005": "兵庫県尼崎市宮内町3-141", "P29_006": "4", "P29_007": "0", "P29_008": "00", "P29_009": null }, "geometry": { "type": "Point", "coordinates": [ 135.402394179579801, 34.72010472409589 ] } },
{ "type": "Feature", "properties": { "P29_001": "28202", "P29_002": "A228310001382", "P29_003": "16013", "P29_004": "いるか保育園", "P29_005": "兵庫県尼崎市大庄北5-21-20", "P29_006": "4", "P29_007": "0", "P29_008": "00", "P29_009": null }, "geometry": { "type": "Point", "coordinates": [ 135.392114993872525, 34.730746623210763 ] } },
{ "type": "Feature", "properties": { "P29_001": "28202", "P29_002": "A228310001391", "P29_003": "16013", "P29_004": "いまふくゆうゆうこども園", "P29_005": "兵庫県尼崎市今福1-2-23", "P29_006": "4", "P29_007": "0", "P29_008": "00", "P29_009": null }, "geometry": { "type": "Point", "coordinates": [ 135.442672046860849, 34.723490302618622 ] } },
{ "type": "Feature", "properties": { "P29_001": "28204", "P29_002": "A228310001408", "P29_003": "16013", "P29_004": "幼保連携型認定こども園西宮夢", "P29_005": "兵庫県西宮市南甲子園1-10-15", "P29_006": "4", "P29_007": "0", "P29_008": "00", "P29_009": null }, "geometry": { "type": "Point", "coordinates": [ 135.357273340539223, 34.717320138730294 ] } },
{ "type": "Feature", "properties": { "P29_001": "28101", "P29_002": "A228310001417", "P29_003": "16013", "P29_004": "おかもと虹こども園", "P29_005": "兵庫県神戸市東灘区岡本3-2-6", "P29_006": "4", "P29_007": "0", "P29_008": "00", "P29_009": null }, "geometry": { "type": "Point", "coordinates": [ 135.272348843671978, 34.725409439490768 ] } },
{ "type": "Feature", "properties": { "P29_001": "28101", "P29_002": "A228310001426", "P29_003": "16013", "P29_004": "幼保連携型認定こども園茅渟の浦幼稚園", "P29_005": "兵庫県神戸市東灘区鴨子ヶ原3-17-27", "P29_006": "4", "P29_007": "0", "P29_008": "00", "P29_009": null }, "geometry": { "type": "Point", "coordinates": [ 135.248227728001723, 34.733441581585964 ] } },
{ "type": "Feature", "properties": { "P29_001": "28101", "P29_002": "A228310001435", "P29_003": "16013", "P29_004": "幼保連携型認定こども園渦が森幼稚園", "P29_005": "兵庫県神戸市東灘区渦森台1-8-1", "P29_006": "4", "P29_007": "0", "P29_008": "00", "P29_009": null }, "geometry": { "type": "Point", "coordinates": [ 135.251573143761192, 34.739068008421519 ] } },
{ "type": "Feature", "properties": { "P29_001": "28108", "P29_002": "A228310001444", "P29_003": "16013", "P29_004": "幼保連携型認定こども園たるみ保育園", "P29_005": "兵庫県神戸市垂水区平磯4-5-14", "P29_006": "4", "P29_007": "0", "P29_008": "00", "P29_009": null }, "geometry": { "type": "Point", "coordinates": [ 135.054667773433664, 34.628669303223603 ] } },
{ "type": "Feature", "properties": { "P29_001": "28108", "P29_002": "A228310001453", "P29_003": "16013", "P29_004": "幼保連携型認定こども園ことぶきこども園", "P29_005": "兵庫県神戸市垂水区福田4-6-18", "P29_006": "4", "P29_007": "0", "P29_008": "00", "P29_009": null }, "geometry": { "type": "Point", "coordinates": [ 135.067741587225584, 34.64559784905893 ] } },
{ "type": "Feature", "properties": { "P29_001": "28108", "P29_002": "A228310001462", "P29_003": "16013", "P29_004": "幼保連携型認定こども園かすがこども園", "P29_005": "兵庫県神戸市垂水区北舞子2-5-14", "P29_006": "4", "P29_007": "0", "P29_008": "00", "P29_009": null }, "geometry": { "type": "Point", "coordinates": [ 135.040189851515322, 34.642832600245221 ] } },
{ "type": "Feature", "properties": { "P29_001": "28111", "P29_002": "A228310001471", "P29_003": "16013", "P29_004": "幼保連携型認定こども園桑ノ木幼稚園", "P29_005": "兵庫県神戸市西区竹の台2-10-1", "P29_006": "4", "P29_007": "0", "P29_008": "00", "P29_009": null }, "geometry": { "type": "Point", "coordinates": [ 135.013487196707644, 34.712759024094332 ] } },
{ "type": "Feature", "properties": { "P29_001": "28111", "P29_002": "A228310001480", "P29_003": "16013", "P29_004": "幼保連携型認定こども園西神戸ＹＭＣＡ幼稚園", "P29_005": "兵庫県神戸市西区井吹台西町4-5", "P29_006": "4", "P29_007": "0", "P29_008": "00", "P29_009": null }, "geometry": { "type": "Point", "coordinates": [ 135.021441194919447, 34.692666495208798 ] } },
{ "type": "Feature", "properties": { "P29_001": "28204", "P29_002": "A228310001499", "P29_003": "16013", "P29_004": "幼保連携型認定こども園夙川宝プリスクール", "P29_005": "兵庫県西宮市鷲林寺2-3-2", "P29_006": "4", "P29_007": "0", "P29_008": "00", "P29_009": null }, "geometry": { "type": "Point", "coordinates": [ 135.31669865589231, 34.774144885010159 ] } },
{ "type": "Feature", "properties": { "P29_001": "28204", "P29_002": "A228310001505", "P29_003": "16013", "P29_004": "幼保連携型認定こども園西宮ＹＭＣＡ保育園", "P29_005": "兵庫県西宮市神楽町5-23", "P29_006": "4", "P29_007": "0", "P29_008": "00", "P29_009": null }, "geometry": { "type": "Point", "coordinates": [ 135.33060084587737, 34.737443422304651 ] } },
{ "type": "Feature", "properties": { "P29_001": "28204", "P29_002": "A228310001514", "P29_003": "16013", "P29_004": "幼保連携型認定こども園西宮つとがわＹＭＣＡ保育園", "P29_005": "兵庫県西宮市津門川町2-14", "P29_006": "4", "P29_007": "0", "P29_008": "00", "P29_009": null }, "geometry": { "type": "Point", "coordinates": [ 135.346865547652158, 34.733721842614983 ] } },
{ "type": "Feature", "properties": { "P29_001": "28204", "P29_002": "A228310001523", "P29_003": "16013", "P29_004": "幼保連携型認定こども園日野の森こども園", "P29_005": "兵庫県西宮市日野町18-71", "P29_006": "4", "P29_007": "0", "P29_008": "00", "P29_009": null }, "geometry": { "type": "Point", "coordinates": [ 135.369271956933147, 34.750658992113898 ] } },
{ "type": "Feature", "properties": { "P29_001": "28204", "P29_002": "A228310001532", "P29_003": "16013", "P29_004": "幼保連携型認定こども園やまよしＫｉｄ’ｓｇａｒｄｅｎ", "P29_005": "兵庫県西宮市山口町下山口4-7-31", "P29_006": "4", "P29_007": "0", "P29_008": "00", "P29_009": null }, "geometry": { "type": "Point", "coordinates": [ 135.23887664855198, 34.830057704613729 ] } },
{ "type": "Feature", "properties": { "P29_001": "28204", "P29_002": "A228310001541", "P29_003": "16013", "P29_004": "幼保連携型認定こども園西宮セリジェ保育園", "P29_005": "兵庫県西宮市戸崎町4-12", "P29_006": "4", "P29_007": "0", "P29_008": "00", "P29_009": null }, "geometry": { "type": "Point", "coordinates": [ 135.376071808224566, 34.73298274639626 ] } },
{ "type": "Feature", "properties": { "P29_001": "28204", "P29_002": "A228310001550", "P29_003": "16013", "P29_004": "幼保連携型認定こども園善照マイトレーヤ認定こども園", "P29_005": "兵庫県西宮市郷免町1-12", "P29_006": "4", "P29_007": "0", "P29_008": "00", "P29_009": null }, "geometry": { "type": "Point", "coordinates": [ 135.32439100894635, 34.736772297242545 ] } },
{ "type": "Feature", "properties": { "P29_001": "28204", "P29_002": "A228310001569", "P29_003": "16013", "P29_004": "幼保連携型認定こども園ニコニコ桜保育園", "P29_005": "兵庫県西宮市南郷町8-12", "P29_006": "4", "P29_007": "0", "P29_008": "00", "P29_009": null }, "geometry": { "type": "Point", "coordinates": [ 135.331578682491767, 34.746273728472772 ] } },
{ "type": "Feature", "properties": { "P29_001": "28204", "P29_002": "A228310001578", "P29_003": "16013", "P29_004": "幼保連携型認定こども園ニコニコ桜夙水園", "P29_005": "兵庫県西宮市結善町1-28", "P29_006": "4", "P29_007": "0", "P29_008": "00", "P29_009": null }, "geometry": { "type": "Point", "coordinates": [ 135.330939377080597, 34.746089345990491 ] } },
{ "type": "Feature", "properties": { "P29_001": "28204", "P29_002": "A228310001587", "P29_003": "16013", "P29_004": "幼保連携型認定こども園みどり園保育所", "P29_005": "兵庫県西宮市今津山中町12-28", "P29_006": "4", "P29_007": "0", "P29_008": "00", "P29_009": null }, "geometry": { "type": "Point", "coordinates": [ 135.357900569399334, 34.732650156082997 ] } },
{ "type": "Feature", "properties": { "P29_001": "28204", "P29_002": "A228310001603", "P29_003": "16013", "P29_004": "幼保連携型認定こども園甲子園子ども学舎", "P29_005": "兵庫県西宮市甲子園浦風町9-5", "P29_006": "4", "P29_007": "0", "P29_008": "00", "P29_009": null }, "geometry": { "type": "Point", "coordinates": [ 135.36142810578994, 34.7261993929434 ] } },
{ "type": "Feature", "properties": { "P29_001": "28204", "P29_002": "A228310001621", "P29_003": "16013", "P29_004": "幼保連携型認定こども園幸和園こども園", "P29_005": "兵庫県西宮市中須佐町3-36", "P29_006": "4", "P29_007": "0", "P29_008": "00", "P29_009": null }, "geometry": { "type": "Point", "coordinates": [ 135.345126491508751, 34.743017044739887 ] } },
{ "type": "Feature", "properties": { "P29_001": "28204", "P29_002": "A228310001630", "P29_003": "16013", "P29_004": "幼保連携型認定こども園南幸和園分園", "P29_005": "兵庫県西宮市池田町9-6ＪＲ西宮駅ＮＫビル", "P29_006": "4", "P29_007": "0", "P29_008": "00", "P29_009": null }, "geometry": { "type": "Point", "coordinates": [ 135.347118303538736, 34.738728942725494 ] } },
{ "type": "Feature", "properties": { "P29_001": "28204", "P29_002": "A228310001649", "P29_003": "16013", "P29_004": "幼保連携型認定こども園日野ひかりの森こども園", "P29_005": "兵庫県西宮市日野町18-43", "P29_006": "4", "P29_007": "0", "P29_008": "00", "P29_009": null }, "geometry": { "type": "Point", "coordinates": [ 135.370014950540849, 34.751237051115623 ] } },
{ "type": "Feature", "properties": { "P29_001": "28204", "P29_002": "A228310001658", "P29_003": "16013", "P29_004": "幼保連携型認定こども園一麦保育園", "P29_005": "兵庫県西宮市高木東町30-3", "P29_006": "4", "P29_007": "0", "P29_008": "00", "P29_009": null }, "geometry": { "type": "Point", "coordinates": [ 135.363702600712628, 34.750452388098282 ] } },
{ "type": "Feature", "properties": { "P29_001": "28204", "P29_002": "A228310001667", "P29_003": "16013", "P29_004": "幼保連携型認定こども園かえで保育園", "P29_005": "兵庫県西宮市浜町2-11", "P29_006": "4", "P29_007": "0", "P29_008": "00", "P29_009": null }, "geometry": { "type": "Point", "coordinates": [ 135.338104861274417, 34.730079633706261 ] } },
{ "type": "Feature", "properties": { "P29_001": "28204", "P29_002": "A228310001676", "P29_003": "16013", "P29_004": "幼保連携型認定こども園マザーシップ西宮北口こども園", "P29_005": "兵庫県西宮市中島町17-16", "P29_006": "4", "P29_007": "0", "P29_008": "00", "P29_009": null }, "geometry": { "type": "Point", "coordinates": [ 135.366428217861312, 34.742166418662535 ] } },
{ "type": "Feature", "properties": { "P29_001": "28204", "P29_002": "A228310001685", "P29_003": "16013", "P29_004": "幼保連携型認定こども園段上保育園", "P29_005": "兵庫県西宮市段上町2-10-19", "P29_006": "4", "P29_007": "0", "P29_008": "00", "P29_009": null }, "geometry": { "type": "Point", "coordinates": [ 135.367260504228426, 34.770318675193352 ] } },
{ "type": "Feature", "properties": { "P29_001": "28204", "P29_002": "A228310001694", "P29_003": "16013", "P29_004": "幼保連携型認定こども園みどり園保育所分園あやは", "P29_005": "兵庫県西宮市津門綾羽町6-10", "P29_006": "4", "P29_007": "0", "P29_008": "00", "P29_009": null }, "geometry": { "type": "Point", "coordinates": [ 135.356902770158086, 34.733230436930441 ] } },
{ "type": "Feature", "properties": { "P29_001": "28204", "P29_002": "A228310001701", "P29_003": "16013", "P29_004": "幼保連携型認定こども園西北夢分園", "P29_005": "兵庫県西宮市長田町4-8", "P29_006": "4", "P29_007": "0", "P29_008": "00", "P29_009": null }, "geometry": { "type": "Point", "coordinates": [ 135.365361100984984, 34.747733902603386 ] } },
{ "type": "Feature", "properties": { "P29_001": "28102", "P29_002": "A228310001710", "P29_003": "16013", "P29_004": "ゆりか認定こども園", "P29_005": "兵庫県神戸市灘区神ノ木通2-2-9", "P29_006": "4", "P29_007": "0", "P29_008": "00", "P29_009": null }, "geometry": { "type": "Point", "coordinates": [ 135.23114401592116, 34.713687397162388 ] } },
{ "type": "Feature", "properties": { "P29_001": "28102", "P29_002": "A228310001729", "P29_003": "16013", "P29_004": "幼保連携型認定こども園六甲ゆりかごこども園", "P29_005": "兵庫県神戸市灘区友田町2-5-1", "P29_006": "4", "P29_007": "0", "P29_008": "00", "P29_009": null }, "geometry": { "type": "Point", "coordinates": [ 135.242871662214469, 34.712421636642937 ] } },
{ "type": "Feature", "properties": { "P29_001": "28102", "P29_002": "A228310001738", "P29_003": "16013", "P29_004": "幼保連携型認定こども園花音つばさこども園", "P29_005": "兵庫県神戸市灘区城内通1-6-32", "P29_006": "4", "P29_007": "0", "P29_008": "00", "P29_009": null }, "geometry": { "type": "Point", "coordinates": [ 135.220121259965595, 34.709477383642543 ] } },
{ "type": "Feature", "properties": { "P29_001": "28111", "P29_002": "A228310001747", "P29_003": "16013", "P29_004": "社会福祉法人出合福祉会幼保連携型認定こども園出合保育園", "P29_005": "兵庫県神戸市西区玉津町出合224-2", "P29_006": "4", "P29_007": "0", "P29_008": "00", "P29_009": null }, "geometry": { "type": "Point", "coordinates": [ 134.980127057892958, 34.674523470570122 ] } },
{ "type": "Feature", "properties": { "P29_001": "28111", "P29_002": "A228310001756", "P29_003": "16013", "P29_004": "社会福祉法人出合福祉会幼保連携型認定こども園出合保育園分園", "P29_005": "兵庫県神戸市西区王塚台7-13-8", "P29_006": "4", "P29_007": "0", "P29_008": "00", "P29_009": null }, "geometry": { "type": "Point", "coordinates": [ 134.980451939724077, 34.674121079898619 ] } },
{ "type": "Feature", "properties": { "P29_001": "28111", "P29_002": "A228310001765", "P29_003": "16013", "P29_004": "幼保連携型認定こども園持子保育園", "P29_005": "兵庫県神戸市西区持子3-114", "P29_006": "4", "P29_007": "0", "P29_008": "00", "P29_009": null }, "geometry": { "type": "Point", "coordinates": [ 134.98381071902125, 34.671697784466801 ] } },
{ "type": "Feature", "properties": { "P29_001": "28206", "P29_002": "A228310001774", "P29_003": "16013", "P29_004": "浜風あすのこども園", "P29_005": "兵庫県芦屋市浜風町1-2", "P29_006": "4", "P29_007": "0", "P29_008": "00", "P29_009": null }, "geometry": { "type": "Point", "coordinates": [ 135.318962749218173, 34.719652807181951 ] } },
{ "type": "Feature", "properties": { "P29_001": "28206", "P29_002": "A228310001783", "P29_003": "16013", "P29_004": "しおさいこども園", "P29_005": "兵庫県芦屋市涼風町5-2", "P29_006": "4", "P29_007": "0", "P29_008": "00", "P29_009": null }, "geometry": { "type": "Point", "coordinates": [ 135.312256339142778, 34.708769837324084 ] } },
{ "type": "Feature", "properties": { "P29_001": "28204", "P29_002": "A228310001792", "P29_003": "16013", "P29_004": "幼保連携型認定こども園のぞみ夢", "P29_005": "兵庫県西宮市樋之池町4-21", "P29_006": "4", "P29_007": "0", "P29_008": "00", "P29_009": null }, "geometry": { "type": "Point", "coordinates": [ 135.322333349835617, 34.751767941547087 ] } },
{ "type": "Feature", "properties": { "P29_001": "28204", "P29_002": "A228310001809", "P29_003": "16013", "P29_004": "幼保連携型認定こども園夙川夢分園", "P29_005": "兵庫県西宮市北名次町15-27", "P29_006": "4", "P29_007": "0", "P29_008": "00", "P29_009": null }, "geometry": { "type": "Point", "coordinates": [ 135.329561842796835, 34.754981624359694 ] } },
{ "type": "Feature", "properties": { "P29_001": "28204", "P29_002": "A228310001818", "P29_003": "16013", "P29_004": "幼保連携型認定こども園つぼみ夢分園", "P29_005": "兵庫県西宮市南越木岩町10-15（2階）", "P29_006": "4", "P29_007": "0", "P29_008": "00", "P29_009": null }, "geometry": { "type": "Point", "coordinates": [ 135.327681338466704, 34.750625997071587 ] } },
{ "type": "Feature", "properties": { "P29_001": "28106", "P29_002": "A228310001836", "P29_003": "16013", "P29_004": "幼保連携型認定こども園ほそだ", "P29_005": "兵庫県神戸市長田区細田町5-2-4", "P29_006": "4", "P29_007": "0", "P29_008": "00", "P29_009": null }, "geometry": { "type": "Point", "coordinates": [ 135.146124144121131, 34.660865602017495 ] } },
{ "type": "Feature", "properties": { "P29_001": "28106", "P29_002": "A228310001845", "P29_003": "16013", "P29_004": "幼保連携型認定こども園近田幼稚園分園ちかたキッズハウス", "P29_005": "兵庫県神戸市長田区庄田町3-5-25", "P29_006": "4", "P29_007": "0", "P29_008": "00", "P29_009": null }, "geometry": { "type": "Point", "coordinates": [ 135.150538932661931, 34.652910407022752 ] } },
{ "type": "Feature", "properties": { "P29_001": "28109", "P29_002": "A228310001854", "P29_003": "16013", "P29_004": "認定こども園太陽の子保育園", "P29_005": "兵庫県神戸市北区惣山町1-7-5", "P29_006": "4", "P29_007": "0", "P29_008": "00", "P29_009": null }, "geometry": { "type": "Point", "coordinates": [ 135.151368080326336, 34.73461230360067 ] } },
{ "type": "Feature", "properties": { "P29_001": "28108", "P29_002": "A228310001863", "P29_003": "16013", "P29_004": "幼保連携型認定こども園高丸幼稚園", "P29_005": "兵庫県神戸市垂水区大町5-1-10", "P29_006": "4", "P29_007": "0", "P29_008": "00", "P29_009": null }, "geometry": { "type": "Point", "coordinates": [ 135.06116786690643, 34.638496516823572 ] } },
{ "type": "Feature", "properties": { "P29_001": "28207", "P29_002": "A228310001872", "P29_003": "16013", "P29_004": "認定こども園西伊丹保育園", "P29_005": "兵庫県伊丹市寺本5-373", "P29_006": "4", "P29_007": "0", "P29_008": "00", "P29_009": null }, "geometry": { "type": "Point", "coordinates": [ 135.388733697332697, 34.781272375277915 ] } },
{ "type": "Feature", "properties": { "P29_001": "28207", "P29_002": "A228310001881", "P29_003": "16013", "P29_004": "いずみ幼稚園", "P29_005": "兵庫県伊丹市荒牧7-6-21", "P29_006": "4", "P29_007": "0", "P29_008": "00", "P29_009": null }, "geometry": { "type": "Point", "coordinates": [ 135.386603175110281, 34.813321091772366 ] } },
{ "type": "Feature", "properties": { "P29_001": "28207", "P29_002": "A228310001890", "P29_003": "16013", "P29_004": "伊丹ひまわりこども園", "P29_005": "兵庫県伊丹市昆陽池1-39", "P29_006": "4", "P29_007": "0", "P29_008": "00", "P29_009": null }, "geometry": { "type": "Point", "coordinates": [ 135.396872562733023, 34.785174159520885 ] } },
{ "type": "Feature", "properties": { "P29_001": "28204", "P29_002": "A228310001907", "P29_003": "16013", "P29_004": "幼保連携型認定こども園東山ぽぽこども園", "P29_005": "兵庫県西宮市東山台1-106-2", "P29_006": "4", "P29_007": "0", "P29_008": "00", "P29_009": null }, "geometry": { "type": "Point", "coordinates": [ 135.310893350279201, 34.828931862773111 ] } },
{ "type": "Feature", "properties": { "P29_001": "28204", "P29_002": "A228310001916", "P29_003": "16013", "P29_004": "幼保連携型認定こども園東山ぽぽこども園分園", "P29_005": "兵庫県西宮市東山台1-11-1", "P29_006": "4", "P29_007": "0", "P29_008": "00", "P29_009": null }, "geometry": { "type": "Point", "coordinates": [ 135.309983585446247, 34.82958293194288 ] } },
{ "type": "Feature", "properties": { "P29_001": "28204", "P29_002": "A228310001925", "P29_003": "16013", "P29_004": "幼保連携型認定こども園マーヤこども園", "P29_005": "兵庫県西宮市末広町1-3", "P29_006": "4", "P29_007": "0", "P29_008": "00", "P29_009": null }, "geometry": { "type": "Point", "coordinates": [ 135.338705310444936, 34.74244305155311 ] } },
{ "type": "Feature", "properties": { "P29_001": "28111", "P29_002": "A228310001943", "P29_003": "16013", "P29_004": "幼保連携型認定こども園学園幼稚園", "P29_005": "兵庫県神戸市西区学園西町5-3-2", "P29_006": "4", "P29_007": "0", "P29_008": "00", "P29_009": null }, "geometry": { "type": "Point", "coordinates": [ 135.056107039395869, 34.683668338953062 ] } },
{ "type": "Feature", "properties": { "P29_001": "28108", "P29_002": "A228310001961", "P29_003": "16013", "P29_004": "幼保連携型認定こども園多聞台こども園分園舞多聞こども園", "P29_005": "兵庫県神戸市垂水区舞多聞西6-1-6", "P29_006": "4", "P29_007": "0", "P29_008": "00", "P29_009": null }, "geometry": { "type": "Point", "coordinates": [ 135.052687329318474, 34.670344299363215 ] } },
{ "type": "Feature", "properties": { "P29_001": "28108", "P29_002": "A228310001970", "P29_003": "16013", "P29_004": "幼保連携型認定こども園千鳥が丘親和こども園", "P29_005": "兵庫県神戸市垂水区千鳥が丘3-23-25", "P29_006": "4", "P29_007": "0", "P29_008": "00", "P29_009": null }, "geometry": { "type": "Point", "coordinates": [ 135.058787153639969, 34.64511645853257 ] } },
{ "type": "Feature", "properties": { "P29_001": "28111", "P29_002": "A228310001998", "P29_003": "16013", "P29_004": "幼保連携型認定こども園枦谷つぐみ保育園", "P29_005": "兵庫県神戸市西区櫨谷町池谷357-1", "P29_006": "4", "P29_007": "0", "P29_008": "00", "P29_009": null }, "geometry": { "type": "Point", "coordinates": [ 135.021622820537146, 34.708700928314244 ] } },
{ "type": "Feature", "properties": { "P29_001": "28101", "P29_002": "A228310002005", "P29_003": "16013", "P29_004": "認定こども園岡本ハーベストこども園", "P29_005": "兵庫県神戸市東灘区岡本1-11-5", "P29_006": "4", "P29_007": "0", "P29_008": "00", "P29_009": null }, "geometry": { "type": "Point", "coordinates": [ 135.275428850837812, 34.728449280576044 ] } },
{ "type": "Feature", "properties": { "P29_001": "28102", "P29_002": "A228310002014", "P29_003": "16013", "P29_004": "幼保連携型認定こども園おおいしこども園乳児分園", "P29_005": "兵庫県神戸市灘区大石北町3-33", "P29_006": "4", "P29_007": "0", "P29_008": "00", "P29_009": null }, "geometry": { "type": "Point", "coordinates": [ 135.230248916065733, 34.705615348625351 ] } },
{ "type": "Feature", "properties": { "P29_001": "28102", "P29_002": "A228310002023", "P29_003": "16013", "P29_004": "幼保連携型認定こども園高羽幼稚園", "P29_005": "兵庫県神戸市灘区八幡町1-8-19", "P29_006": "4", "P29_007": "0", "P29_008": "00", "P29_009": null }, "geometry": { "type": "Point", "coordinates": [ 135.237617847204461, 34.720217019456769 ] } },
{ "type": "Feature", "properties": { "P29_001": "28102", "P29_002": "A228310002032", "P29_003": "16013", "P29_004": "幼保連携型認定こども園高羽幼稚園分園１ｓｔＳＴＥＰＳ", "P29_005": "兵庫県神戸市灘区高羽町4-1-5", "P29_006": "4", "P29_007": "0", "P29_008": "00", "P29_009": null }, "geometry": { "type": "Point", "coordinates": [ 135.238677291023919, 34.721622843847733 ] } },
{ "type": "Feature", "properties": { "P29_001": "28110", "P29_002": "A228310002041", "P29_003": "16013", "P29_004": "幼保連携型認定こども園神戸ゆたか園", "P29_005": "兵庫県神戸市中央区栄町通6-1-10", "P29_006": "4", "P29_007": "0", "P29_008": "00", "P29_009": null }, "geometry": { "type": "Point", "coordinates": [ 135.182170038487186, 34.683437263128219 ] } },
{ "type": "Feature", "properties": { "P29_001": "28105", "P29_002": "A228310002050", "P29_003": "16013", "P29_004": "幼保連携型認定こども園みさきこども園", "P29_005": "兵庫県神戸市兵庫区浜山通2-2-7", "P29_006": "4", "P29_007": "0", "P29_008": "00", "P29_009": null }, "geometry": { "type": "Point", "coordinates": [ 135.171588013322264, 34.656440050252918 ] } },
{ "type": "Feature", "properties": { "P29_001": "28105", "P29_002": "A228310002069", "P29_003": "16013", "P29_004": "幼保連携型認定こども園学校法人夢野学園神戸夢野幼稚園", "P29_005": "兵庫県神戸市兵庫区東山町4-20", "P29_006": "4", "P29_007": "0", "P29_008": "00", "P29_009": null }, "geometry": { "type": "Point", "coordinates": [ 135.161992557503282, 34.682016354942498 ] } },
{ "type": "Feature", "properties": { "P29_001": "28109", "P29_002": "A228310002078", "P29_003": "16013", "P29_004": "幼保連携型認定こども園西鈴蘭台頌栄保育園", "P29_005": "兵庫県神戸市北区南五葉2-3-11", "P29_006": "4", "P29_007": "0", "P29_008": "00", "P29_009": null }, "geometry": { "type": "Point", "coordinates": [ 135.131998048781952, 34.725672900354816 ] } },
{ "type": "Feature", "properties": { "P29_001": "28106", "P29_002": "A228310002087", "P29_003": "16013", "P29_004": "幼保連携型認定こども園けやき保育園", "P29_005": "兵庫県神戸市長田区大日丘町3-10-9", "P29_006": "4", "P29_007": "0", "P29_008": "00", "P29_009": null }, "geometry": { "type": "Point", "coordinates": [ 135.13523956606835, 34.689642568543832 ] } },
{ "type": "Feature", "properties": { "P29_001": "28107", "P29_002": "A228310002096", "P29_003": "16013", "P29_004": "幼保連携型認定こども園村雨こども園なぎさ分園", "P29_005": "兵庫県神戸市須磨区行幸町1-2-19", "P29_006": "4", "P29_007": "0", "P29_008": "00", "P29_009": null }, "geometry": { "type": "Point", "coordinates": [ 135.123728167577042, 34.644586267719362 ] } },
{ "type": "Feature", "properties": { "P29_001": "28108", "P29_002": "A228310002103", "P29_003": "16013", "P29_004": "幼保連携型認定こども園学が丘保育園", "P29_005": "兵庫県神戸市垂水区学が丘4-9-10", "P29_006": "4", "P29_007": "0", "P29_008": "00", "P29_009": null }, "geometry": { "type": "Point", "coordinates": [ 135.05829801152737, 34.659542389403079 ] } },
{ "type": "Feature", "properties": { "P29_001": "28108", "P29_002": "A228310002112", "P29_003": "16013", "P29_004": "幼保連携型認定こども園学が丘保育園分園", "P29_005": "兵庫県神戸市垂水区学が丘4-6-1", "P29_006": "4", "P29_007": "0", "P29_008": "00", "P29_009": null }, "geometry": { "type": "Point", "coordinates": [ 135.055974832053408, 34.659208427208299 ] } },
{ "type": "Feature", "properties": { "P29_001": "28108", "P29_002": "A228310002121", "P29_003": "16013", "P29_004": "幼保連携型認定こども園霞ヶ丘幼稚園", "P29_005": "兵庫県神戸市垂水区五色山8-2-29", "P29_006": "4", "P29_007": "0", "P29_008": "00", "P29_009": null }, "geometry": { "type": "Point", "coordinates": [ 135.041768494759282, 34.632397694453871 ] } },
{ "type": "Feature", "properties": { "P29_001": "28111", "P29_002": "A228310002130", "P29_003": "16013", "P29_004": "幼保連携型認定こども園井吹北つぐみ保育園", "P29_005": "兵庫県神戸市西区井吹台北町1-18", "P29_006": "4", "P29_007": "0", "P29_008": "00", "P29_009": null }, "geometry": { "type": "Point", "coordinates": [ 135.029838916840816, 34.702544174890797 ] } },
{ "type": "Feature", "properties": { "P29_001": "28217", "P29_002": "A228310002167", "P29_003": "16013", "P29_004": "認定こども園美山こども園", "P29_005": "兵庫県川西市美山台3-5-2", "P29_006": "4", "P29_007": "0", "P29_008": "00", "P29_009": null }, "geometry": { "type": "Point", "coordinates": [ 135.403624456748048, 34.911961560494092 ] } },
{ "type": "Feature", "properties": { "P29_001": "28217", "P29_002": "A228310002176", "P29_003": "16013", "P29_004": "認定こども園川西けやき坂保育園", "P29_005": "兵庫県川西市けやき坂1-21-6", "P29_006": "4", "P29_007": "0", "P29_008": "00", "P29_009": null }, "geometry": { "type": "Point", "coordinates": [ 135.386043913137911, 34.861027426797314 ] } },
{ "type": "Feature", "properties": { "P29_001": "28217", "P29_002": "A228310002185", "P29_003": "16013", "P29_004": "認定こども園あおい宙川西", "P29_005": "兵庫県川西市久代6-1-91", "P29_006": "4", "P29_007": "0", "P29_008": "00", "P29_009": null }, "geometry": { "type": "Point", "coordinates": [ 135.418283085556681, 34.803252200640486 ] } },
{ "type": "Feature", "properties": { "P29_001": "28217", "P29_002": "A228310002194", "P29_003": "16013", "P29_004": "新清和台こども園分園エンゼルキッズ山下", "P29_005": "兵庫県川西市見野2-24-11-301", "P29_006": "4", "P29_007": "0", "P29_008": "00", "P29_009": null }, "geometry": { "type": "Point", "coordinates": [ 135.411916405868851, 34.893111903397461 ] } },
{ "type": "Feature", "properties": { "P29_001": "28217", "P29_002": "A228310002210", "P29_003": "16013", "P29_004": "認定こども園かわにしひよし", "P29_005": "兵庫県川西市中央町15-11", "P29_006": "4", "P29_007": "0", "P29_008": "00", "P29_009": null }, "geometry": { "type": "Point", "coordinates": [ 135.415104040030201, 34.831387913407873 ] } },
{ "type": "Feature", "properties": { "P29_001": "28111", "P29_002": "A228310002229", "P29_003": "16013", "P29_004": "幼保連携型認定こども園井吹北つぐみ保育園分園", "P29_005": "兵庫県神戸市西区井吹台北町2-17-15", "P29_006": "4", "P29_007": "0", "P29_008": "00", "P29_009": null }, "geometry": { "type": "Point", "coordinates": [ 135.032499522958233, 34.70621158584968 ] } },
{ "type": "Feature", "properties": { "P29_001": "28219", "P29_002": "A228310002238", "P29_003": "16013", "P29_004": "三田けやき台認定こども園", "P29_005": "兵庫県三田市けやき台3-64", "P29_006": "4", "P29_007": "0", "P29_008": "00", "P29_009": null }, "geometry": { "type": "Point", "coordinates": [ 135.193848517330082, 34.912766020612473 ] } },
{ "type": "Feature", "properties": { "P29_001": "28219", "P29_002": "A228310002247", "P29_003": "16013", "P29_004": "ゆうかりフレンズ", "P29_005": "兵庫県三田市狭間が丘2-20", "P29_006": "4", "P29_007": "0", "P29_008": "00", "P29_009": null }, "geometry": { "type": "Point", "coordinates": [ 135.207634282626657, 34.881356237050873 ] } },
{ "type": "Feature", "properties": { "P29_001": "28301", "P29_002": "A228310002265", "P29_003": "16013", "P29_004": "認定こども園ＹＭＣＡ松尾台こども園", "P29_005": "兵庫県川辺郡猪名川町松尾台2-2-2", "P29_006": "4", "P29_007": "0", "P29_008": "00", "P29_009": null }, "geometry": { "type": "Point", "coordinates": [ 135.389081296297917, 34.907744169985996 ] } },
{ "type": "Feature", "properties": { "P29_001": "28301", "P29_002": "A228310002274", "P29_003": "16013", "P29_004": "認定こども園ＹＭＣＡしろがねこども園", "P29_005": "兵庫県川辺郡猪名川町白金3-23-2外", "P29_006": "4", "P29_007": "0", "P29_008": "00", "P29_009": null }, "geometry": { "type": "Point", "coordinates": [ 135.359317475856756, 34.897287003526763 ] } },
{ "type": "Feature", "properties": { "P29_001": "28203", "P29_002": "A228310002283", "P29_003": "16013", "P29_004": "みつばこども園", "P29_005": "兵庫県明石市大久保町大久保町字827-1", "P29_006": "4", "P29_007": "0", "P29_008": "00", "P29_009": null }, "geometry": { "type": "Point", "coordinates": [ 134.944648265368102, 34.676930355227952 ] } },
{ "type": "Feature", "properties": { "P29_001": "28203", "P29_002": "A228310002292", "P29_003": "16013", "P29_004": "フェニックス大久保こども園", "P29_005": "兵庫県明石市大久保町大窪451", "P29_006": "4", "P29_007": "0", "P29_008": "00", "P29_009": null }, "geometry": { "type": "Point", "coordinates": [ 134.942076316566414, 34.688979674072137 ] } },
{ "type": "Feature", "properties": { "P29_001": "28203", "P29_002": "A228310002309", "P29_003": "16013", "P29_004": "野の花こども園", "P29_005": "兵庫県明石市二見町西二見216", "P29_006": "4", "P29_007": "0", "P29_008": "00", "P29_009": null }, "geometry": { "type": "Point", "coordinates": [ 134.886936778227295, 34.711108162881082 ] } },
{ "type": "Feature", "properties": { "P29_001": "28203", "P29_002": "A228310002318", "P29_003": "16013", "P29_004": "うみの風こども園", "P29_005": "兵庫県明石市小久保4-5-1", "P29_006": "4", "P29_007": "0", "P29_008": "00", "P29_009": null }, "geometry": { "type": "Point", "coordinates": [ 134.960297066245516, 34.672206044905444 ] } },
{ "type": "Feature", "properties": { "P29_001": "28203", "P29_002": "A228310002327", "P29_003": "16013", "P29_004": "わかばこども園", "P29_005": "兵庫県明石市大久保町福田3-5-26", "P29_006": "4", "P29_007": "0", "P29_008": "00", "P29_009": null }, "geometry": { "type": "Point", "coordinates": [ 134.933790910229732, 34.682320980060744 ] } },
{ "type": "Feature", "properties": { "P29_001": "28203", "P29_002": "A228310002336", "P29_003": "16013", "P29_004": "明石こども園", "P29_005": "兵庫県明石市藤江1426-9", "P29_006": "4", "P29_007": "0", "P29_008": "00", "P29_009": null }, "geometry": { "type": "Point", "coordinates": [ 134.95165765118054, 34.666757874069035 ] } },
{ "type": "Feature", "properties": { "P29_001": "28203", "P29_002": "A228310002354", "P29_003": "16013", "P29_004": "まどかこども園", "P29_005": "兵庫県明石市大久保町大窪字南開知347-1", "P29_006": "4", "P29_007": "0", "P29_008": "00", "P29_009": null }, "geometry": { "type": "Point", "coordinates": [ 134.939864427488885, 34.68792054975593 ] } },
{ "type": "Feature", "properties": { "P29_001": "28203", "P29_002": "A228310002363", "P29_003": "16013", "P29_004": "大久保てっぺんこども園", "P29_005": "兵庫県明石市大久保町西脇627-2", "P29_006": "4", "P29_007": "0", "P29_008": "00", "P29_009": null }, "geometry": { "type": "Point", "coordinates": [ 134.93044879928965, 34.693424765887848 ] } },
{ "type": "Feature", "properties": { "P29_001": "28203", "P29_002": "A228310002372", "P29_003": "16013", "P29_004": "和坂こども園", "P29_005": "兵庫県明石市和坂1-15-1", "P29_006": "4", "P29_007": "0", "P29_008": "00", "P29_009": null }, "geometry": { "type": "Point", "coordinates": [ 134.975199096944152, 34.662624541262524 ] } },
{ "type": "Feature", "properties": { "P29_001": "28203", "P29_002": "A228310002381", "P29_003": "16013", "P29_004": "明石あすのこども園", "P29_005": "兵庫県明石市大久保町ゆりのき通2-50-3", "P29_006": "4", "P29_007": "0", "P29_008": "00", "P29_009": null }, "geometry": { "type": "Point", "coordinates": [ 134.938321681153838, 34.679519505870104 ] } },
{ "type": "Feature", "properties": { "P29_001": "28203", "P29_002": "A228310002390", "P29_003": "16013", "P29_004": "認定こども園ゆりのきＣＯＣＯＲＯ", "P29_005": "兵庫県明石市大久保町ゆりのき通2-50-2", "P29_006": "4", "P29_007": "0", "P29_008": "00", "P29_009": null }, "geometry": { "type": "Point", "coordinates": [ 134.937887326643676, 34.679815991499197 ] } },
{ "type": "Feature", "properties": { "P29_001": "28210", "P29_002": "A228310002407", "P29_003": "16013", "P29_004": "認定こども園都台こども園", "P29_005": "兵庫県加古川市上荘町都染314-1", "P29_006": "4", "P29_007": "0", "P29_008": "00", "P29_009": null }, "geometry": { "type": "Point", "coordinates": [ 134.893795908241174, 34.80078448355254 ] } },
{ "type": "Feature", "properties": { "P29_001": "28210", "P29_002": "A228310002416", "P29_003": "16013", "P29_004": "幼保連携型西神吉こども園", "P29_005": "兵庫県加古川市西神吉町大国675-2", "P29_006": "4", "P29_007": "0", "P29_008": "00", "P29_009": null }, "geometry": { "type": "Point", "coordinates": [ 134.814363518312661, 34.79676627391968 ] } },
{ "type": "Feature", "properties": { "P29_001": "28210", "P29_002": "A228310002425", "P29_003": "16013", "P29_004": "認定こども園せきれい保育園", "P29_005": "兵庫県加古川市平岡町土山1163", "P29_006": "4", "P29_007": "0", "P29_008": "00", "P29_009": null }, "geometry": { "type": "Point", "coordinates": [ 134.888116609462799, 34.724322130235556 ] } },
{ "type": "Feature", "properties": { "P29_001": "28210", "P29_002": "A228310002452", "P29_003": "16013", "P29_004": "認定こども園ゆき保育園", "P29_005": "兵庫県加古川市志方町投松182", "P29_006": "4", "P29_007": "0", "P29_008": "00", "P29_009": null }, "geometry": { "type": "Point", "coordinates": [ 134.837338246111216, 34.815735695728918 ] } },
{ "type": "Feature", "properties": { "P29_001": "28210", "P29_002": "A228310002470", "P29_003": "16013", "P29_004": "幼保連携型認定こども園加古のうみこども園", "P29_005": "兵庫県加古川市別府町中島町7", "P29_006": "4", "P29_007": "0", "P29_008": "00", "P29_009": null }, "geometry": { "type": "Point", "coordinates": [ 134.8460449553329, 34.731373819166144 ] } },
{ "type": "Feature", "properties": { "P29_001": "28210", "P29_002": "A228310002489", "P29_003": "16013", "P29_004": "幼保連携型認定こども園孔雀こども園", "P29_005": "兵庫県加古川市野口町北野字南川161", "P29_006": "4", "P29_007": "0", "P29_008": "00", "P29_009": null }, "geometry": { "type": "Point", "coordinates": [ 134.867005490077105, 34.753970720974294 ] } },
{ "type": "Feature", "properties": { "P29_001": "28210", "P29_002": "A228310002504", "P29_003": "16013", "P29_004": "幼保連携型認定こども園ピュアキューピットこども園", "P29_005": "兵庫県加古川市平岡町山之上32", "P29_006": "4", "P29_007": "0", "P29_008": "00", "P29_009": null }, "geometry": { "type": "Point", "coordinates": [ 134.874736622346632, 34.729254406512084 ] } },
{ "type": "Feature", "properties": { "P29_001": "28210", "P29_002": "A228310002513", "P29_003": "16013", "P29_004": "幼保連携型認定こども園ピュアキッズこども園", "P29_005": "兵庫県加古川市平岡町山之上115-1", "P29_006": "4", "P29_007": "0", "P29_008": "00", "P29_009": null }, "geometry": { "type": "Point", "coordinates": [ 134.873633582672454, 34.729289642290411 ] } },
{ "type": "Feature", "properties": { "P29_001": "28210", "P29_002": "A228310002522", "P29_003": "16013", "P29_004": "幼保連携型認定こども園ルナキューピットこども園", "P29_005": "兵庫県加古川市加古川町南備後67-1", "P29_006": "4", "P29_007": "0", "P29_008": "00", "P29_009": null }, "geometry": { "type": "Point", "coordinates": [ 134.821128157780265, 34.75559125884957 ] } },
{ "type": "Feature", "properties": { "P29_001": "28210", "P29_002": "A228310002540", "P29_003": "16013", "P29_004": "幼保連携型認定こども園トベラこども園", "P29_005": "兵庫県加古川市平岡町高畑621-3", "P29_006": "4", "P29_007": "0", "P29_008": "00", "P29_009": null }, "geometry": { "type": "Point", "coordinates": [ 134.880616264098052, 34.734663566700569 ] } },
{ "type": "Feature", "properties": { "P29_001": "28210", "P29_002": "A228310002559", "P29_003": "16013", "P29_004": "エミールこども園", "P29_005": "兵庫県加古川市平岡町土山472-1", "P29_006": "4", "P29_007": "0", "P29_008": "00", "P29_009": null }, "geometry": { "type": "Point", "coordinates": [ 134.888731292710361, 34.730389649004906 ] } },
{ "type": "Feature", "properties": { "P29_001": "28210", "P29_002": "A228310002568", "P29_003": "16013", "P29_004": "認定こども園子供のお里", "P29_005": "兵庫県加古川市平岡町山之上283-1", "P29_006": "4", "P29_007": "0", "P29_008": "00", "P29_009": null }, "geometry": { "type": "Point", "coordinates": [ 134.869672247705978, 34.733647617536491 ] } },
{ "type": "Feature", "properties": { "P29_001": "28210", "P29_002": "A228310002577", "P29_003": "16013", "P29_004": "幼保連携型認定こども園みどりの森こども園", "P29_005": "兵庫県加古川市平荘町西山254-4", "P29_006": "4", "P29_007": "0", "P29_008": "00", "P29_009": null }, "geometry": { "type": "Point", "coordinates": [ 134.855230012585423, 34.806916101541397 ] } },
{ "type": "Feature", "properties": { "P29_001": "28216", "P29_002": "A228310002595", "P29_003": "16013", "P29_004": "認定こども園さいしゅうじこども園", "P29_005": "兵庫県高砂市伊保崎5-7-1", "P29_006": "4", "P29_007": "0", "P29_008": "00", "P29_009": null }, "geometry": { "type": "Point", "coordinates": [ 134.786393546081257, 34.7755416894462 ] } },
{ "type": "Feature", "properties": { "P29_001": "28216", "P29_002": "A228310002602", "P29_003": "16013", "P29_004": "正蓮寺こども園", "P29_005": "兵庫県高砂市阿弥陀町魚橋1674", "P29_006": "4", "P29_007": "0", "P29_008": "00", "P29_009": null }, "geometry": { "type": "Point", "coordinates": [ 134.795796422005139, 34.793415662021218 ] } },
{ "type": "Feature", "properties": { "P29_001": "28216", "P29_002": "A228310002611", "P29_003": "16013", "P29_004": "認定こども園真浄寺保育園", "P29_005": "兵庫県高砂市伊保3-15-17", "P29_006": "4", "P29_007": "0", "P29_008": "00", "P29_009": null }, "geometry": { "type": "Point", "coordinates": [ 134.790075871245136, 34.771561816044276 ] } },
{ "type": "Feature", "properties": { "P29_001": "28216", "P29_002": "A228310002620", "P29_003": "16013", "P29_004": "美保里こども園", "P29_005": "兵庫県高砂市美保里13-1", "P29_006": "4", "P29_007": "0", "P29_008": "00", "P29_009": null }, "geometry": { "type": "Point", "coordinates": [ 134.806022405550635, 34.772220915712673 ] } },
{ "type": "Feature", "properties": { "P29_001": "28216", "P29_002": "A228310002639", "P29_003": "16013", "P29_004": "聖パウロこども園", "P29_005": "兵庫県高砂市阿弥陀町魚橋686", "P29_006": "4", "P29_007": "0", "P29_008": "00", "P29_009": null }, "geometry": { "type": "Point", "coordinates": [ 134.794071560968149, 34.788922718686806 ] } },
{ "type": "Feature", "properties": { "P29_001": "28216", "P29_002": "A228310002648", "P29_003": "16013", "P29_004": "みどり丘こども園", "P29_005": "兵庫県高砂市緑丘1-1-14", "P29_006": "4", "P29_007": "0", "P29_008": "00", "P29_009": null }, "geometry": { "type": "Point", "coordinates": [ 134.800600616142049, 34.764488647928438 ] } },
{ "type": "Feature", "properties": { "P29_001": "28216", "P29_002": "A228310002657", "P29_003": "16013", "P29_004": "幼保連携型認定こども園中筋保育園", "P29_005": "兵庫県高砂市中筋2-1-7", "P29_006": "4", "P29_007": "0", "P29_008": "00", "P29_009": null }, "geometry": { "type": "Point", "coordinates": [ 134.779744547143878, 34.787388001904091 ] } },
{ "type": "Feature", "properties": { "P29_001": "28382", "P29_002": "A228310002666", "P29_003": "16013", "P29_004": "キューピットこども園", "P29_005": "兵庫県加古郡播磨町北本荘6-9-11", "P29_006": "4", "P29_007": "0", "P29_008": "00", "P29_009": null }, "geometry": { "type": "Point", "coordinates": [ 134.856519988110819, 34.722030881174895 ] } },
{ "type": "Feature", "properties": { "P29_001": "28382", "P29_002": "A228310002675", "P29_003": "16013", "P29_004": "播磨中央こども園", "P29_005": "兵庫県加古郡播磨町南大中1-5-13", "P29_006": "4", "P29_007": "0", "P29_008": "00", "P29_009": null }, "geometry": { "type": "Point", "coordinates": [ 134.87073618929773, 34.720398575123461 ] } },
{ "type": "Feature", "properties": { "P29_001": "28213", "P29_002": "A228310002700", "P29_003": "16013", "P29_004": "比延こども園", "P29_005": "兵庫県西脇市比延町867-5", "P29_006": "4", "P29_007": "0", "P29_008": "00", "P29_009": null }, "geometry": { "type": "Point", "coordinates": [ 135.003707346637924, 34.994435089654921 ] } },
{ "type": "Feature", "properties": { "P29_001": "28213", "P29_002": "A228310002719", "P29_003": "16013", "P29_004": "日野こども園", "P29_005": "兵庫県西脇市西田町5-1", "P29_006": "4", "P29_007": "0", "P29_008": "00", "P29_009": null }, "geometry": { "type": "Point", "coordinates": [ 134.957950296473314, 35.008916247517149 ] } },
{ "type": "Feature", "properties": { "P29_001": "28213", "P29_002": "A228310002728", "P29_003": "16013", "P29_004": "かすがこども園", "P29_005": "兵庫県西脇市高田井町781", "P29_006": "4", "P29_007": "0", "P29_008": "00", "P29_009": null }, "geometry": { "type": "Point", "coordinates": [ 134.961489656352938, 34.984545511618585 ] } },
{ "type": "Feature", "properties": { "P29_001": "28213", "P29_002": "A228310002737", "P29_003": "16013", "P29_004": "つまこども園", "P29_005": "兵庫県西脇市寺内8-1", "P29_006": "4", "P29_007": "0", "P29_008": "00", "P29_009": null }, "geometry": { "type": "Point", "coordinates": [ 134.990343296786023, 34.999557611761446 ] } },
{ "type": "Feature", "properties": { "P29_001": "28213", "P29_002": "A228310002746", "P29_003": "16013", "P29_004": "芳田こども園", "P29_005": "兵庫県西脇市岡崎町カヤノ内523", "P29_006": "4", "P29_007": "0", "P29_008": "00", "P29_009": null }, "geometry": { "type": "Point", "coordinates": [ 134.920929513420958, 34.969971785904519 ] } },
{ "type": "Feature", "properties": { "P29_001": "28213", "P29_002": "A228310002755", "P29_003": "16013", "P29_004": "黒田庄こども園", "P29_005": "兵庫県西脇市黒田庄町前坂930", "P29_006": "4", "P29_007": "0", "P29_008": "00", "P29_009": null }, "geometry": { "type": "Point", "coordinates": [ 134.993736853842307, 35.045555532127459 ] } },
{ "type": "Feature", "properties": { "P29_001": "28215", "P29_002": "A228310002764", "P29_003": "16013", "P29_004": "りんでん認定こども園", "P29_005": "兵庫県三木市緑が丘町西4-14-3", "P29_006": "4", "P29_007": "0", "P29_008": "00", "P29_009": null }, "geometry": { "type": "Point", "coordinates": [ 135.026501626877206, 34.777669724517438 ] } },
{ "type": "Feature", "properties": { "P29_001": "28215", "P29_002": "A228310002782", "P29_003": "16013", "P29_004": "エンゼル認定こども園", "P29_005": "兵庫県三木市大村字大門1067-349", "P29_006": "4", "P29_007": "0", "P29_008": "00", "P29_009": null }, "geometry": { "type": "Point", "coordinates": [ 134.972355659616824, 34.81116581869906 ] } },
{ "type": "Feature", "properties": { "P29_001": "28215", "P29_002": "A228310002791", "P29_003": "16013", "P29_004": "一粒園認定こども園", "P29_005": "兵庫県三木市本町1-5-14", "P29_006": "4", "P29_007": "0", "P29_008": "00", "P29_009": null }, "geometry": { "type": "Point", "coordinates": [ 134.990601735629554, 34.799714699603832 ] } },
{ "type": "Feature", "properties": { "P29_001": "28215", "P29_002": "A228310002808", "P29_003": "16013", "P29_004": "清心認定こども園", "P29_005": "兵庫県三木市緑が丘町東2-5-1", "P29_006": "4", "P29_007": "0", "P29_008": "00", "P29_009": null }, "geometry": { "type": "Point", "coordinates": [ 135.034093510653634, 34.770524471110775 ] } },
{ "type": "Feature", "properties": { "P29_001": "28215", "P29_002": "A228310002817", "P29_003": "16013", "P29_004": "ひろの認定こども園", "P29_005": "兵庫県三木市志染町広野1-216", "P29_006": "4", "P29_007": "0", "P29_008": "00", "P29_009": null }, "geometry": { "type": "Point", "coordinates": [ 135.008789084559737, 34.780239104583096 ] } },
{ "type": "Feature", "properties": { "P29_001": "28215", "P29_002": "A228310002826", "P29_003": "16013", "P29_004": "羽場認定こども園", "P29_005": "兵庫県三木市福井3-1918-29", "P29_006": "4", "P29_007": "0", "P29_008": "00", "P29_009": null }, "geometry": { "type": "Point", "coordinates": [ 134.977103057780198, 34.792376523848752 ] } },
{ "type": "Feature", "properties": { "P29_001": "28215", "P29_002": "A228310002835", "P29_003": "16013", "P29_004": "えびす認定こども園", "P29_005": "兵庫県三木市宿原9-1", "P29_006": "4", "P29_007": "0", "P29_008": "00", "P29_009": null }, "geometry": { "type": "Point", "coordinates": [ 135.000187864447582, 34.797488168414631 ] } },
{ "type": "Feature", "properties": { "P29_001": "28215", "P29_002": "A228310002844", "P29_003": "16013", "P29_004": "いずみ認定こども園", "P29_005": "兵庫県三木市口吉川町大島854", "P29_006": "4", "P29_007": "0", "P29_008": "00", "P29_009": null }, "geometry": { "type": "Point", "coordinates": [ 135.073874990621334, 34.862082340792021 ] } },
{ "type": "Feature", "properties": { "P29_001": "28215", "P29_002": "A228310002853", "P29_003": "16013", "P29_004": "自由ケ丘認定こども園", "P29_005": "兵庫県三木市志染町中自由が丘3-99", "P29_006": "4", "P29_007": "0", "P29_008": "00", "P29_009": null }, "geometry": { "type": "Point", "coordinates": [ 135.017756370556441, 34.78657876641067 ] } },
{ "type": "Feature", "properties": { "P29_001": "28215", "P29_002": "A228310002862", "P29_003": "16013", "P29_004": "あけぼの認定こども園", "P29_005": "兵庫県三木市志染町井上684", "P29_006": "4", "P29_007": "0", "P29_008": "00", "P29_009": null }, "geometry": { "type": "Point", "coordinates": [ 135.040916289881864, 34.795785083708346 ] } },
{ "type": "Feature", "properties": { "P29_001": "28218", "P29_002": "A228310002880", "P29_003": "16013", "P29_004": "幼保連携型認定こども園粟生こども園", "P29_005": "兵庫県小野市粟生町2951-1", "P29_006": "4", "P29_007": "0", "P29_008": "00", "P29_009": null }, "geometry": { "type": "Point", "coordinates": [ 134.911269838627334, 34.865264170424886 ] } },
{ "type": "Feature", "properties": { "P29_001": "28218", "P29_002": "A228310002899", "P29_003": "16013", "P29_004": "幼保連携型市場こども園", "P29_005": "兵庫県小野市市場町767", "P29_006": "4", "P29_007": "0", "P29_008": "00", "P29_009": null }, "geometry": { "type": "Point", "coordinates": [ 134.941501182976594, 34.829455961488087 ] } },
{ "type": "Feature", "properties": { "P29_001": "28220", "P29_002": "A228310002906", "P29_003": "16013", "P29_004": "認定愛の光こども園", "P29_005": "兵庫県加西市段下町880-29", "P29_006": "4", "P29_007": "0", "P29_008": "00", "P29_009": null }, "geometry": { "type": "Point", "coordinates": [ 134.846348532897053, 34.907872426238043 ] } },
{ "type": "Feature", "properties": { "P29_001": "28220", "P29_002": "A228310002924", "P29_003": "16013", "P29_004": "多聞こども園", "P29_005": "兵庫県加西市尾崎町285", "P29_006": "4", "P29_007": "0", "P29_008": "00", "P29_009": null }, "geometry": { "type": "Point", "coordinates": [ 134.839231597394416, 34.896182786532556 ] } },
{ "type": "Feature", "properties": { "P29_001": "28228", "P29_002": "A228310002933", "P29_003": "16013", "P29_004": "泉こども園", "P29_005": "兵庫県加東市西垂水105", "P29_006": "4", "P29_007": "0", "P29_008": "00", "P29_009": null }, "geometry": { "type": "Point", "coordinates": [ 134.951744800760736, 34.92152462234003 ] } },
{ "type": "Feature", "properties": { "P29_001": "28228", "P29_002": "A228310002942", "P29_003": "16013", "P29_004": "河高こども園", "P29_005": "兵庫県加東市河高2116", "P29_006": "4", "P29_007": "0", "P29_008": "00", "P29_009": null }, "geometry": { "type": "Point", "coordinates": [ 134.938625443412519, 34.922068598715597 ] } },
{ "type": "Feature", "properties": { "P29_001": "28228", "P29_002": "A228310002960", "P29_003": "16013", "P29_004": "東古瀬こども園", "P29_005": "兵庫県加東市東古瀬634-2", "P29_006": "4", "P29_007": "0", "P29_008": "00", "P29_009": null }, "geometry": { "type": "Point", "coordinates": [ 134.95619000686807, 34.888473511980472 ] } },
{ "type": "Feature", "properties": { "P29_001": "28228", "P29_002": "A228310002988", "P29_003": "16013", "P29_004": "正覚坊こども園", "P29_005": "兵庫県加東市上田842-2", "P29_006": "4", "P29_007": "0", "P29_008": "00", "P29_009": null }, "geometry": { "type": "Point", "coordinates": [ 134.938862663540561, 34.907224943838067 ] } },
{ "type": "Feature", "properties": { "P29_001": "28228", "P29_002": "A228310003004", "P29_003": "16013", "P29_004": "加茂こども園", "P29_005": "兵庫県加東市北野235-1", "P29_006": "4", "P29_007": "0", "P29_008": "00", "P29_009": null }, "geometry": { "type": "Point", "coordinates": [ 134.962500006150009, 34.93778578688984 ] } },
{ "type": "Feature", "properties": { "P29_001": "28228", "P29_002": "A228310003013", "P29_003": "16013", "P29_004": "東条こども園", "P29_005": "兵庫県加東市掎鹿谷263-1", "P29_006": "4", "P29_007": "0", "P29_008": "00", "P29_009": null }, "geometry": { "type": "Point", "coordinates": [ 135.069166149047533, 34.908696533964722 ] } },
{ "type": "Feature", "properties": { "P29_001": "28365", "P29_002": "A228310003022", "P29_003": "16013", "P29_004": "みどりこども園", "P29_005": "兵庫県多可郡多可町中区牧野52", "P29_006": "4", "P29_007": "0", "P29_008": "00", "P29_009": null }, "geometry": { "type": "Point", "coordinates": [ 134.926901870108281, 35.068468073791529 ] } },
{ "type": "Feature", "properties": { "P29_001": "28365", "P29_002": "A228310003031", "P29_003": "16013", "P29_004": "あさかこども園", "P29_005": "兵庫県多可郡多可町中区安坂495", "P29_006": "4", "P29_007": "0", "P29_008": "00", "P29_009": null }, "geometry": { "type": "Point", "coordinates": [ 134.921518759533797, 35.038978485868775 ] } },
{ "type": "Feature", "properties": { "P29_001": "28365", "P29_002": "A228310003059", "P29_003": "16013", "P29_004": "幼保連携型認定こども園キッズランドかみ", "P29_005": "兵庫県多可郡多可町加美区的場82-1", "P29_006": "4", "P29_007": "0", "P29_008": "00", "P29_009": null }, "geometry": { "type": "Point", "coordinates": [ 134.887149426020727, 35.088100114483368 ] } },
{ "type": "Feature", "properties": { "P29_001": "28365", "P29_002": "A228310003068", "P29_003": "16013", "P29_004": "幼保連携型認定こども園キッズランドやちよ", "P29_005": "兵庫県多可郡多可町八千代区仕出原353", "P29_006": "4", "P29_007": "0", "P29_008": "00", "P29_009": null }, "geometry": { "type": "Point", "coordinates": [ 134.91249166989158, 35.013345779304125 ] } },
{ "type": "Feature", "properties": { "P29_001": "28201", "P29_002": "A228310003077", "P29_003": "16013", "P29_004": "認定こども園五字ヶ丘幼稚園", "P29_005": "兵庫県姫路市西今宿3-18-30", "P29_006": "4", "P29_007": "0", "P29_008": "00", "P29_009": null }, "geometry": { "type": "Point", "coordinates": [ 134.662153763823341, 34.843707663452506 ] } },
{ "type": "Feature", "properties": { "P29_001": "28201", "P29_002": "A228310003086", "P29_003": "16013", "P29_004": "船場御坊幼稚園", "P29_005": "兵庫県姫路市地内町1", "P29_006": "4", "P29_007": "0", "P29_008": "00", "P29_009": null }, "geometry": { "type": "Point", "coordinates": [ 134.682243984299078, 34.833841651176769 ] } },
{ "type": "Feature", "properties": { "P29_001": "28201", "P29_002": "A228310003095", "P29_003": "16013", "P29_004": "野里こども園", "P29_005": "兵庫県姫路市威徳寺町33", "P29_006": "4", "P29_007": "0", "P29_008": "00", "P29_009": null }, "geometry": { "type": "Point", "coordinates": [ 134.702704863865137, 34.848517082704312 ] } },
{ "type": "Feature", "properties": { "P29_001": "28201", "P29_002": "A228310003102", "P29_003": "16013", "P29_004": "幼保連携型認定こども園ベイカ", "P29_005": "兵庫県姫路市五軒邸3-62-2", "P29_006": "4", "P29_007": "0", "P29_008": "00", "P29_009": null }, "geometry": { "type": "Point", "coordinates": [ 134.702807848288586, 34.836082527455297 ] } },
{ "type": "Feature", "properties": { "P29_001": "28201", "P29_002": "A228310003111", "P29_003": "16013", "P29_004": "幼保連携型認定こども園姫路前山保育園", "P29_005": "兵庫県姫路市御立中5-5-7", "P29_006": "4", "P29_007": "0", "P29_008": "00", "P29_009": null }, "geometry": { "type": "Point", "coordinates": [ 134.667494034197716, 34.867631753622732 ] } },
{ "type": "Feature", "properties": { "P29_001": "28201", "P29_002": "A228310003120", "P29_003": "16013", "P29_004": "幼保連携型認定こども園萩学園", "P29_005": "兵庫県姫路市豊富町豊富1528-1", "P29_006": "4", "P29_007": "0", "P29_008": "00", "P29_009": null }, "geometry": { "type": "Point", "coordinates": [ 134.743818100413591, 34.893677331209581 ] } },
{ "type": "Feature", "properties": { "P29_001": "28201", "P29_002": "A228310003139", "P29_003": "16013", "P29_004": "保城さくらんぼこども園", "P29_005": "兵庫県姫路市保城402-2", "P29_006": "4", "P29_007": "0", "P29_008": "00", "P29_009": null }, "geometry": { "type": "Point", "coordinates": [ 134.717681298233941, 34.858013231082737 ] } },
{ "type": "Feature", "properties": { "P29_001": "28201", "P29_002": "A228310003148", "P29_003": "16013", "P29_004": "保城こども園", "P29_005": "兵庫県姫路市保城694-3", "P29_006": "4", "P29_007": "0", "P29_008": "00", "P29_009": null }, "geometry": { "type": "Point", "coordinates": [ 134.719508329521318, 34.857262462208709 ] } },
{ "type": "Feature", "properties": { "P29_001": "28201", "P29_002": "A228310003166", "P29_003": "16013", "P29_004": "幼保連携型認定こども園チコハウス山びここども園", "P29_005": "兵庫県姫路市広畑区蒲田383-4", "P29_006": "4", "P29_007": "0", "P29_008": "00", "P29_009": null }, "geometry": { "type": "Point", "coordinates": [ 134.647465147631522, 34.836077870129706 ] } },
{ "type": "Feature", "properties": { "P29_001": "28201", "P29_002": "A228310003175", "P29_003": "16013", "P29_004": "幼保連携型認定こども園チコハウス山びここども園分園", "P29_005": "兵庫県姫路市広畑区東新町3-146-10", "P29_006": "4", "P29_007": "0", "P29_008": "00", "P29_009": null }, "geometry": { "type": "Point", "coordinates": [ 134.639083300501341, 34.799247130114914 ] } },
{ "type": "Feature", "properties": { "P29_001": "28201", "P29_002": "A228310003184", "P29_003": "16013", "P29_004": "幼保連携型認定こども園聖ミカエル広畑幼稚園", "P29_005": "兵庫県姫路市広畑区小松町4-36", "P29_006": "4", "P29_007": "0", "P29_008": "00", "P29_009": null }, "geometry": { "type": "Point", "coordinates": [ 134.617629710675885, 34.80314832151204 ] } },
{ "type": "Feature", "properties": { "P29_001": "28201", "P29_002": "A228310003193", "P29_003": "16013", "P29_004": "専徳寺保育園", "P29_005": "兵庫県姫路市大津区勘兵衛町2-29-1", "P29_006": "4", "P29_007": "0", "P29_008": "00", "P29_009": null }, "geometry": { "type": "Point", "coordinates": [ 134.613898256478052, 34.790522301070503 ] } },
{ "type": "Feature", "properties": { "P29_001": "28201", "P29_002": "A228310003200", "P29_003": "16013", "P29_004": "専徳寺保育園分園", "P29_005": "兵庫県姫路市勝原区熊見96-14", "P29_006": "4", "P29_007": "0", "P29_008": "00", "P29_009": null }, "geometry": { "type": "Point", "coordinates": [ 134.612548498061358, 34.809599919226187 ] } },
{ "type": "Feature", "properties": { "P29_001": "28201", "P29_002": "A228310003219", "P29_003": "16013", "P29_004": "幼保連携型認定こども園徳栄寺こども園", "P29_005": "兵庫県姫路市余部区下余部464-3", "P29_006": "4", "P29_007": "0", "P29_008": "00", "P29_009": null }, "geometry": { "type": "Point", "coordinates": [ 134.579884950790813, 34.796178629346294 ] } },
{ "type": "Feature", "properties": { "P29_001": "28201", "P29_002": "A228310003228", "P29_003": "16013", "P29_004": "幼保連携型認定こども園　瑠璃こども園", "P29_005": "兵庫県姫路市網干区大江島寺前町120-2", "P29_006": "4", "P29_007": "0", "P29_008": "00", "P29_009": null }, "geometry": { "type": "Point", "coordinates": [ 134.596264963588851, 34.791610532120878 ] } },
{ "type": "Feature", "properties": { "P29_001": "28201", "P29_002": "A228310003237", "P29_003": "16013", "P29_004": "幼保連携型認定こども園勝原保育園", "P29_005": "兵庫県姫路市勝原区宮田143-3", "P29_006": "4", "P29_007": "0", "P29_008": "00", "P29_009": null }, "geometry": { "type": "Point", "coordinates": [ 134.600363876762486, 34.80946089402957 ] } },
{ "type": "Feature", "properties": { "P29_001": "28201", "P29_002": "A228310003246", "P29_003": "16013", "P29_004": "勝原保育園分園", "P29_005": "兵庫県姫路市勝原区山戸113-6", "P29_006": "4", "P29_007": "0", "P29_008": "00", "P29_009": null }, "geometry": { "type": "Point", "coordinates": [ 134.60317758194148, 34.808119673786102 ] } },
{ "type": "Feature", "properties": { "P29_001": "28201", "P29_002": "A228310003255", "P29_003": "16013", "P29_004": "幼保連携型認定こども園みどりこども園", "P29_005": "兵庫県姫路市飾東町八重畑1010", "P29_006": "4", "P29_007": "0", "P29_008": "00", "P29_009": null }, "geometry": { "type": "Point", "coordinates": [ 134.773001735299147, 34.85695210777105 ] } },
{ "type": "Feature", "properties": { "P29_001": "28201", "P29_002": "A228310003264", "P29_003": "16013", "P29_004": "幼保連携型認定こども園みどりこども園分園", "P29_005": "兵庫県姫路市飾東町山崎49-3", "P29_006": "4", "P29_007": "0", "P29_008": "00", "P29_009": null }, "geometry": { "type": "Point", "coordinates": [ 134.770196743999747, 34.856241281490057 ] } },
{ "type": "Feature", "properties": { "P29_001": "28201", "P29_002": "A228310003273", "P29_003": "16013", "P29_004": "幼保連携型書写認定こども園", "P29_005": "兵庫県姫路市書写2481", "P29_006": "4", "P29_007": "0", "P29_008": "00", "P29_009": null }, "geometry": { "type": "Point", "coordinates": [ 134.654813777558502, 34.872329374688675 ] } },
{ "type": "Feature", "properties": { "P29_001": "28201", "P29_002": "A228310003282", "P29_003": "16013", "P29_004": "姫路ひまわり保育園", "P29_005": "兵庫県姫路市北夢前台1-59", "P29_006": "4", "P29_007": "0", "P29_008": "00", "P29_009": null }, "geometry": { "type": "Point", "coordinates": [ 134.663119381499911, 34.866303709688076 ] } },
{ "type": "Feature", "properties": { "P29_001": "28201", "P29_002": "A228310003308", "P29_003": "16013", "P29_004": "幼保連携型認定こども園峰相ひまわり保育園", "P29_005": "兵庫県姫路市六角278-2", "P29_006": "4", "P29_007": "0", "P29_008": "00", "P29_009": null }, "geometry": { "type": "Point", "coordinates": [ 134.636800583986997, 34.883744533276136 ] } },
{ "type": "Feature", "properties": { "P29_001": "28201", "P29_002": "A228310003317", "P29_003": "16013", "P29_004": "荒川ひまわり保育園手柄分園", "P29_005": "兵庫県姫路市手柄95", "P29_006": "4", "P29_007": "0", "P29_008": "00", "P29_009": null }, "geometry": { "type": "Point", "coordinates": [ 134.676830789786408, 34.8170766677244 ] } },
{ "type": "Feature", "properties": { "P29_001": "28201", "P29_002": "A228310003326", "P29_003": "16013", "P29_004": "サンこども園", "P29_005": "兵庫県姫路市白鳥台2-28-1", "P29_006": "4", "P29_007": "0", "P29_008": "00", "P29_009": null }, "geometry": { "type": "Point", "coordinates": [ 134.620726602397212, 34.884989603285469 ] } },
{ "type": "Feature", "properties": { "P29_001": "28201", "P29_002": "A228310003335", "P29_003": "16013", "P29_004": "幼保連携型認定こども園津田このみ学園", "P29_005": "兵庫県姫路市飾磨区今在家6-133", "P29_006": "4", "P29_007": "0", "P29_008": "00", "P29_009": null }, "geometry": { "type": "Point", "coordinates": [ 134.658134257385541, 34.804973536530966 ] } },
{ "type": "Feature", "properties": { "P29_001": "28201", "P29_002": "A228310003344", "P29_003": "16013", "P29_004": "認定こども園津田このみ学園三宅分園", "P29_005": "兵庫県姫路市飾磨区三宅1-52", "P29_006": "4", "P29_007": "0", "P29_008": "00", "P29_009": null }, "geometry": { "type": "Point", "coordinates": [ 134.681226100295902, 34.811804240964868 ] } },
{ "type": "Feature", "properties": { "P29_001": "28201", "P29_002": "A228310003353", "P29_003": "16013", "P29_004": "こじかこども園", "P29_005": "兵庫県姫路市飾磨区中野田4-123", "P29_006": "4", "P29_007": "0", "P29_008": "00", "P29_009": null }, "geometry": { "type": "Point", "coordinates": [ 134.683726981307302, 34.803451645880756 ] } },
{ "type": "Feature", "properties": { "P29_001": "28201", "P29_002": "A228310003362", "P29_003": "16013", "P29_004": "幼保連携型認定こども園八木保育園", "P29_005": "兵庫県姫路市木場前中町46", "P29_006": "4", "P29_007": "0", "P29_008": "00", "P29_009": null }, "geometry": { "type": "Point", "coordinates": [ 134.720160566110565, 34.779694127108364 ] } },
{ "type": "Feature", "properties": { "P29_001": "28201", "P29_002": "A228310003371", "P29_003": "16013", "P29_004": "幼保連携型認定こども園八木保育園分園", "P29_005": "兵庫県姫路市白浜町甲337-7", "P29_006": "4", "P29_007": "0", "P29_008": "00", "P29_009": null }, "geometry": { "type": "Point", "coordinates": [ 134.708216732547953, 34.786950435208752 ] } },
{ "type": "Feature", "properties": { "P29_001": "28201", "P29_002": "A228310003380", "P29_003": "16013", "P29_004": "認定こども園三恵城山こども園", "P29_005": "兵庫県姫路市夢前町宮置79-2", "P29_006": "4", "P29_007": "0", "P29_008": "00", "P29_009": null }, "geometry": { "type": "Point", "coordinates": [ 134.671753430571499, 34.90965440619658 ] } },
{ "type": "Feature", "properties": { "P29_001": "28201", "P29_002": "A228310003399", "P29_003": "16013", "P29_004": "幼保連携型認定こども園すごう保育園", "P29_005": "兵庫県姫路市夢前町菅生澗705-1", "P29_006": "4", "P29_007": "0", "P29_008": "00", "P29_009": null }, "geometry": { "type": "Point", "coordinates": [ 134.638377615216655, 34.914715371517509 ] } },
{ "type": "Feature", "properties": { "P29_001": "28201", "P29_002": "A228310003406", "P29_003": "16013", "P29_004": "認定こども園姫路日ノ本短期大学付属幼稚園", "P29_005": "兵庫県姫路市香寺町相坂467", "P29_006": "4", "P29_007": "0", "P29_008": "00", "P29_009": null }, "geometry": { "type": "Point", "coordinates": [ 134.726076877266053, 34.917229968068277 ] } },
{ "type": "Feature", "properties": { "P29_001": "28201", "P29_002": "A228310003415", "P29_003": "16013", "P29_004": "クローバーこども園", "P29_005": "兵庫県姫路市車崎1-9-10", "P29_006": "4", "P29_007": "0", "P29_008": "00", "P29_009": null }, "geometry": { "type": "Point", "coordinates": [ 134.676262555246154, 34.838667806855256 ] } },
{ "type": "Feature", "properties": { "P29_001": "28201", "P29_002": "A228310003424", "P29_003": "16013", "P29_004": "広峰保育園", "P29_005": "兵庫県姫路市北平野奥垣内7-3", "P29_006": "4", "P29_007": "0", "P29_008": "00", "P29_009": null }, "geometry": { "type": "Point", "coordinates": [ 134.697877482183657, 34.868128928948465 ] } },
{ "type": "Feature", "properties": { "P29_001": "28201", "P29_002": "A228310003433", "P29_003": "16013", "P29_004": "姫路東こども園", "P29_005": "兵庫県姫路市東山49-1", "P29_006": "4", "P29_007": "0", "P29_008": "00", "P29_009": null }, "geometry": { "type": "Point", "coordinates": [ 134.718599016576064, 34.794005166461581 ] } },
{ "type": "Feature", "properties": { "P29_001": "28201", "P29_002": "A228310003442", "P29_003": "16013", "P29_004": "幼保連携型妻鹿みどりこども園", "P29_005": "兵庫県姫路市飾磨区妻鹿312-1", "P29_006": "4", "P29_007": "0", "P29_008": "00", "P29_009": null }, "geometry": { "type": "Point", "coordinates": [ 134.696986393596404, 34.793191687268404 ] } },
{ "type": "Feature", "properties": { "P29_001": "28201", "P29_002": "A228310003451", "P29_003": "16013", "P29_004": "別所まるやまこども園", "P29_005": "兵庫県姫路市別所町佐土2-77", "P29_006": "4", "P29_007": "0", "P29_008": "00", "P29_009": null }, "geometry": { "type": "Point", "coordinates": [ 134.747447385983207, 34.813268766241798 ] } },
{ "type": "Feature", "properties": { "P29_001": "28201", "P29_002": "A228310003460", "P29_003": "16013", "P29_004": "青葉台こども園", "P29_005": "兵庫県姫路市香寺町須加院351", "P29_006": "4", "P29_007": "0", "P29_008": "00", "P29_009": null }, "geometry": { "type": "Point", "coordinates": [ 134.719741198027549, 34.901289727332184 ] } },
{ "type": "Feature", "properties": { "P29_001": "28201", "P29_002": "A228310003479", "P29_003": "16013", "P29_004": "安室保育園", "P29_005": "兵庫県姫路市田寺3-3-15", "P29_006": "4", "P29_007": "0", "P29_008": "00", "P29_009": null }, "geometry": { "type": "Point", "coordinates": [ 134.667488759785641, 34.85411697557651 ] } },
{ "type": "Feature", "properties": { "P29_001": "28201", "P29_002": "A228310003488", "P29_003": "16013", "P29_004": "ほうこく保育園", "P29_005": "兵庫県姫路市飾磨区今在家941", "P29_006": "4", "P29_007": "0", "P29_008": "00", "P29_009": null }, "geometry": { "type": "Point", "coordinates": [ 134.651626095301651, 34.801313056180518 ] } },
{ "type": "Feature", "properties": { "P29_001": "28201", "P29_002": "A228310003497", "P29_003": "16013", "P29_004": "専徳寺ひろはた保育園", "P29_005": "兵庫県姫路市広畑区小松町3-71", "P29_006": "4", "P29_007": "0", "P29_008": "00", "P29_009": null }, "geometry": { "type": "Point", "coordinates": [ 134.621921929735976, 34.8030961131428 ] } },
{ "type": "Feature", "properties": { "P29_001": "28201", "P29_002": "A228310003512", "P29_003": "16013", "P29_004": "みどりヶ丘幼児園", "P29_005": "兵庫県姫路市八代緑ヶ丘町6-26", "P29_006": "4", "P29_007": "0", "P29_008": "00", "P29_009": null }, "geometry": { "type": "Point", "coordinates": [ 134.691070531099541, 34.85340628844974 ] } },
{ "type": "Feature", "properties": { "P29_001": "28201", "P29_002": "A228310003521", "P29_003": "16013", "P29_004": "播磨灘こども園", "P29_005": "兵庫県姫路市広畑区才850-1", "P29_006": "4", "P29_007": "0", "P29_008": "00", "P29_009": null }, "geometry": { "type": "Point", "coordinates": [ 134.625291697024778, 34.806975111100343 ] } },
{ "type": "Feature", "properties": { "P29_001": "28201", "P29_002": "A228310003530", "P29_003": "16013", "P29_004": "姫路保育園", "P29_005": "兵庫県姫路市野里堀留町10-18", "P29_006": "4", "P29_007": "0", "P29_008": "00", "P29_009": null }, "geometry": { "type": "Point", "coordinates": [ 134.70249289848465, 34.844171904493997 ] } },
{ "type": "Feature", "properties": { "P29_001": "28201", "P29_002": "A228310003549", "P29_003": "16013", "P29_004": "姫路保育園イーグレ分園", "P29_005": "兵庫県姫路市本町68-290イーグレひめじ1Ｆ", "P29_006": "4", "P29_007": "0", "P29_008": "00", "P29_009": null }, "geometry": { "type": "Point", "coordinates": [ 134.693831688402639, 34.833735539344964 ] } },
{ "type": "Feature", "properties": { "P29_001": "28201", "P29_002": "A228310003558", "P29_003": "16013", "P29_004": "瑠璃よこはまこども園", "P29_005": "兵庫県姫路市網干区余子浜2001", "P29_006": "4", "P29_007": "0", "P29_008": "00", "P29_009": null }, "geometry": { "type": "Point", "coordinates": [ 134.582727111699967, 34.788456831647238 ] } },
{ "type": "Feature", "properties": { "P29_001": "28201", "P29_002": "A228310003567", "P29_003": "16013", "P29_004": "荒川ひまわり保育園", "P29_005": "兵庫県姫路市玉手3-510", "P29_006": "4", "P29_007": "0", "P29_008": "00", "P29_009": null }, "geometry": { "type": "Point", "coordinates": [ 134.664100149762334, 34.814518454620071 ] } },
{ "type": "Feature", "properties": { "P29_001": "28443", "P29_002": "A228310003585", "P29_003": "16013", "P29_004": "姫学こども園", "P29_005": "兵庫県神崎郡福崎町南田原2062", "P29_006": "4", "P29_007": "0", "P29_008": "00", "P29_009": null }, "geometry": { "type": "Point", "coordinates": [ 134.761407051084689, 34.944717223888958 ] } },
{ "type": "Feature", "properties": { "P29_001": "28443", "P29_002": "A228310003594", "P29_003": "16013", "P29_004": "サルビアこども園", "P29_005": "兵庫県神崎郡福崎町山崎字清水617-7", "P29_006": "4", "P29_007": "0", "P29_008": "00", "P29_009": null }, "geometry": { "type": "Point", "coordinates": [ 134.753735298587401, 34.96521022712799 ] } },
{ "type": "Feature", "properties": { "P29_001": "28208", "P29_002": "A228310003601", "P29_003": "16013", "P29_004": "認定こども園どんぐりの家", "P29_005": "兵庫県相生市双葉1-4-3", "P29_006": "4", "P29_007": "0", "P29_008": "00", "P29_009": null }, "geometry": { "type": "Point", "coordinates": [ 134.480297926506637, 34.813918724627015 ] } },
{ "type": "Feature", "properties": { "P29_001": "28227", "P29_002": "A228310003610", "P29_003": "16013", "P29_004": "ちくさ杉の子こども園", "P29_005": "兵庫県宍粟市千種町千種1-1", "P29_006": "4", "P29_007": "0", "P29_008": "00", "P29_009": null }, "geometry": { "type": "Point", "coordinates": [ 134.44372298215626, 35.150201833012204 ] } },
{ "type": "Feature", "properties": { "P29_001": "28227", "P29_002": "A228310003629", "P29_003": "16013", "P29_004": "幼保連携型認定こども園みのりこども園", "P29_005": "兵庫県宍粟市山崎町高下稲田408-3", "P29_006": "4", "P29_007": "0", "P29_008": "00", "P29_009": null }, "geometry": { "type": "Point", "coordinates": [ 134.505427800702506, 35.019460069271311 ] } },
{ "type": "Feature", "properties": { "P29_001": "28229", "P29_002": "A228310003638", "P29_003": "16013", "P29_004": "認定こども園まあや学園", "P29_005": "兵庫県たつの市揖保川町二塚385-1", "P29_006": "4", "P29_007": "0", "P29_008": "00", "P29_009": null }, "geometry": { "type": "Point", "coordinates": [ 134.519371293592656, 34.833476824571314 ] } },
{ "type": "Feature", "properties": { "P29_001": "28229", "P29_002": "A228310003647", "P29_003": "16013", "P29_004": "社会福祉法人旭福祉会認定こども園旭こども園", "P29_005": "兵庫県たつの市龍野町富永16", "P29_006": "4", "P29_007": "0", "P29_008": "00", "P29_009": null }, "geometry": { "type": "Point", "coordinates": [ 134.551376050941059, 34.867452143211565 ] } },
{ "type": "Feature", "properties": { "P29_001": "28229", "P29_002": "A228310003665", "P29_003": "16013", "P29_004": "認定こども園じょうせんこども園", "P29_005": "兵庫県たつの市御津町朝臣130", "P29_006": "4", "P29_007": "0", "P29_008": "00", "P29_009": null }, "geometry": { "type": "Point", "coordinates": [ 134.56011249658161, 34.786911325788346 ] } },
{ "type": "Feature", "properties": { "P29_001": "28229", "P29_002": "A228310003674", "P29_003": "16013", "P29_004": "認定こども園まことこども園", "P29_005": "兵庫県たつの市神岡町沢田467-1", "P29_006": "4", "P29_007": "0", "P29_008": "00", "P29_009": null }, "geometry": { "type": "Point", "coordinates": [ 134.572977188050857, 34.882261708116786 ] } },
{ "type": "Feature", "properties": { "P29_001": "28229", "P29_002": "A228310003683", "P29_003": "16013", "P29_004": "認定こども園すみれこども園", "P29_005": "兵庫県たつの市揖保町西溝46-1", "P29_006": "4", "P29_007": "0", "P29_008": "00", "P29_009": null }, "geometry": { "type": "Point", "coordinates": [ 134.547480906298745, 34.829466136314551 ] } },
{ "type": "Feature", "properties": { "P29_001": "28229", "P29_002": "A228310003692", "P29_003": "16013", "P29_004": "認定こども園心光こども園", "P29_005": "兵庫県たつの市新宮町仙正187-4", "P29_006": "4", "P29_007": "0", "P29_008": "00", "P29_009": null }, "geometry": { "type": "Point", "coordinates": [ 134.54500545089553, 34.902399780619028 ] } },
{ "type": "Feature", "properties": { "P29_001": "28464", "P29_002": "A228310003736", "P29_003": "16013", "P29_004": "カレナ認定こども園", "P29_005": "兵庫県揖保郡太子町太田669-1", "P29_006": "4", "P29_007": "0", "P29_008": "00", "P29_009": null }, "geometry": { "type": "Point", "coordinates": [ 134.602557957873898, 34.834740765842213 ] } },
{ "type": "Feature", "properties": { "P29_001": "28464", "P29_002": "A228310003745", "P29_003": "16013", "P29_004": "幼保連携型認定こども園二葉保育園", "P29_005": "兵庫県揖保郡太子町太田2052", "P29_006": "4", "P29_007": "0", "P29_008": "00", "P29_009": null }, "geometry": { "type": "Point", "coordinates": [ 134.60137265446599, 34.831842396891538 ] } },
{ "type": "Feature", "properties": { "P29_001": "28481", "P29_002": "A228310003754", "P29_003": "16013", "P29_004": "幼保連携型認定こども園陽光こども園", "P29_005": "兵庫県赤穂郡上郡町西野山字岩ノ元289-4", "P29_006": "4", "P29_007": "0", "P29_008": "00", "P29_009": null }, "geometry": { "type": "Point", "coordinates": [ 134.386768348610275, 34.861416772372948 ] } },
{ "type": "Feature", "properties": { "P29_001": "28209", "P29_002": "A228310003781", "P29_003": "16013", "P29_004": "こくふこども園", "P29_005": "兵庫県豊岡市日高町野々庄929", "P29_006": "4", "P29_007": "0", "P29_008": "00", "P29_009": null }, "geometry": { "type": "Point", "coordinates": [ 134.801247324467226, 35.491459244868153 ] } },
{ "type": "Feature", "properties": { "P29_001": "28209", "P29_002": "A228310003825", "P29_003": "16013", "P29_004": "おさかおのこども園", "P29_005": "兵庫県豊岡市出石町鳥居1016-1", "P29_006": "4", "P29_007": "0", "P29_008": "00", "P29_009": null }, "geometry": { "type": "Point", "coordinates": [ 134.84915254506268, 35.483084085834506 ] } },
{ "type": "Feature", "properties": { "P29_001": "28222", "P29_002": "A228310003834", "P29_003": "16013", "P29_004": "認定こども園童和こども園", "P29_005": "兵庫県養父市八鹿町八木1482", "P29_006": "4", "P29_007": "0", "P29_008": "00", "P29_009": null }, "geometry": { "type": "Point", "coordinates": [ 134.723396585294751, 35.383195267601202 ] } },
{ "type": "Feature", "properties": { "P29_001": "28222", "P29_002": "A228310003843", "P29_003": "16013", "P29_004": "日光認定こども園", "P29_005": "兵庫県養父市八鹿町下網場451", "P29_006": "4", "P29_007": "0", "P29_008": "00", "P29_009": null }, "geometry": { "type": "Point", "coordinates": [ 134.775699951729564, 35.405125097225039 ] } },
{ "type": "Feature", "properties": { "P29_001": "28222", "P29_002": "A228310003852", "P29_003": "16013", "P29_004": "たいようこども園", "P29_005": "兵庫県養父市八鹿町朝倉1261-1", "P29_006": "4", "P29_007": "0", "P29_008": "00", "P29_009": null }, "geometry": { "type": "Point", "coordinates": [ 134.757583042075169, 35.394160507128731 ] } },
{ "type": "Feature", "properties": { "P29_001": "28225", "P29_002": "A228310003861", "P29_003": "16013", "P29_004": "幼保連携型認定こども園枚田みのり保育園", "P29_005": "兵庫県朝来市和田山町枚田1622", "P29_006": "4", "P29_007": "0", "P29_008": "00", "P29_009": null }, "geometry": { "type": "Point", "coordinates": [ 134.843250921473867, 35.32647784721096 ] } },
{ "type": "Feature", "properties": { "P29_001": "28225", "P29_002": "A228310003870", "P29_003": "16013", "P29_004": "幼保連携型認定こども園やなせこども園", "P29_005": "兵庫県朝来市山東町矢名瀬町772", "P29_006": "4", "P29_007": "0", "P29_008": "00", "P29_009": null }, "geometry": { "type": "Point", "coordinates": [ 134.882171424414963, 35.316614267863166 ] } },
{ "type": "Feature", "properties": { "P29_001": "28225", "P29_002": "A228310003889", "P29_003": "16013", "P29_004": "ひまわりこども園", "P29_005": "兵庫県朝来市和田山町和田山372-1", "P29_006": "4", "P29_007": "0", "P29_008": "00", "P29_009": null }, "geometry": { "type": "Point", "coordinates": [ 134.855824027309467, 35.337775897468902 ] } },
{ "type": "Feature", "properties": { "P29_001": "28225", "P29_002": "A228310003898", "P29_003": "16013", "P29_004": "照福こども園", "P29_005": "兵庫県朝来市山東町溝黒123-1", "P29_006": "4", "P29_007": "0", "P29_008": "00", "P29_009": null }, "geometry": { "type": "Point", "coordinates": [ 134.874613628165463, 35.289841425787181 ] } },
{ "type": "Feature", "properties": { "P29_001": "28221", "P29_002": "A228310003905", "P29_003": "16013", "P29_004": "富山こども園", "P29_005": "兵庫県丹波篠山市東岡屋708-2", "P29_006": "4", "P29_007": "0", "P29_008": "00", "P29_009": null }, "geometry": { "type": "Point", "coordinates": [ 135.207659849992552, 35.07614787620065 ] } },
{ "type": "Feature", "properties": { "P29_001": "28223", "P29_002": "A228310003914", "P29_003": "16013", "P29_004": "認定こども園ふたば", "P29_005": "兵庫県丹波市氷上町常楽473-1", "P29_006": "4", "P29_007": "0", "P29_008": "00", "P29_009": null }, "geometry": { "type": "Point", "coordinates": [ 135.03506397894509, 35.180422765484138 ] } },
{ "type": "Feature", "properties": { "P29_001": "28223", "P29_002": "A228310003923", "P29_003": "16013", "P29_004": "認定こども園さちよ", "P29_005": "兵庫県丹波市氷上町桟敷386-1", "P29_006": "4", "P29_007": "0", "P29_008": "00", "P29_009": null }, "geometry": { "type": "Point", "coordinates": [ 135.047547513978714, 35.195575683153379 ] } },
{ "type": "Feature", "properties": { "P29_001": "28223", "P29_002": "A228310003932", "P29_003": "16013", "P29_004": "認定こども園あおがき", "P29_005": "兵庫県丹波市青垣町沢野70-1", "P29_006": "4", "P29_007": "0", "P29_008": "00", "P29_009": null }, "geometry": { "type": "Point", "coordinates": [ 135.00359045584031, 35.25065334542083 ] } },
{ "type": "Feature", "properties": { "P29_001": "28223", "P29_002": "A228310003941", "P29_003": "16013", "P29_004": "認定こども園かすが花の子園", "P29_005": "兵庫県丹波市春日町黒井469", "P29_006": "4", "P29_007": "0", "P29_008": "00", "P29_009": null }, "geometry": { "type": "Point", "coordinates": [ 135.096048203113725, 35.173517670719711 ] } },
{ "type": "Feature", "properties": { "P29_001": "28223", "P29_002": "A228310003950", "P29_003": "16013", "P29_004": "認定こども園かすが森の子園", "P29_005": "兵庫県丹波市春日町国領865", "P29_006": "4", "P29_007": "0", "P29_008": "00", "P29_009": null }, "geometry": { "type": "Point", "coordinates": [ 135.130518890455136, 35.14448815176975 ] } },
{ "type": "Feature", "properties": { "P29_001": "28223", "P29_002": "A228310003969", "P29_003": "16013", "P29_004": "認定こども園みつみ", "P29_005": "兵庫県丹波市山南町谷川1124", "P29_006": "4", "P29_007": "0", "P29_008": "00", "P29_009": null }, "geometry": { "type": "Point", "coordinates": [ 135.036864917451339, 35.074724171235118 ] } },
{ "type": "Feature", "properties": { "P29_001": "28223", "P29_002": "A228310003978", "P29_003": "16013", "P29_004": "認定こども園あいいくの丘", "P29_005": "兵庫県丹波市市島町中竹田3733-6", "P29_006": "4", "P29_007": "0", "P29_008": "00", "P29_009": null }, "geometry": { "type": "Point", "coordinates": [ 135.124746357529261, 35.238661097628913 ] } },
{ "type": "Feature", "properties": { "P29_001": "28223", "P29_002": "A228310003987", "P29_003": "16013", "P29_004": "認定こども園いちじまこども園", "P29_005": "兵庫県丹波市市島町上垣138-1", "P29_006": "4", "P29_007": "0", "P29_008": "00", "P29_009": null }, "geometry": { "type": "Point", "coordinates": [ 135.140368212773694, 35.210394475831748 ] } },
{ "type": "Feature", "properties": { "P29_001": "28223", "P29_002": "A228310003996", "P29_003": "16013", "P29_004": "認定こども園わだ", "P29_005": "兵庫県丹波市山南町和田字西野々372-1", "P29_006": "4", "P29_007": "0", "P29_008": "00", "P29_009": null }, "geometry": { "type": "Point", "coordinates": [ 134.975204831249187, 35.091736432044861 ] } },
{ "type": "Feature", "properties": { "P29_001": "28223", "P29_002": "A228310004003", "P29_003": "16013", "P29_004": "認定こども園ぬぬぎ", "P29_005": "兵庫県丹波市氷上町佐野530", "P29_006": "4", "P29_007": "0", "P29_008": "00", "P29_009": null }, "geometry": { "type": "Point", "coordinates": [ 135.018257548103207, 35.135725849274287 ] } },
{ "type": "Feature", "properties": { "P29_001": "28223", "P29_002": "A228310004030", "P29_003": "16013", "P29_004": "認定こども園ミライズにじ", "P29_005": "兵庫県丹波市柏原町柏原4583-1", "P29_006": "4", "P29_007": "0", "P29_008": "00", "P29_009": null }, "geometry": { "type": "Point", "coordinates": [ 135.059698347457555, 35.135104132018633 ] } },
{ "type": "Feature", "properties": { "P29_001": "28205", "P29_002": "A228310004049", "P29_003": "16013", "P29_004": "幼保連携型認定こども園洲本こども園", "P29_005": "兵庫県洲本市本町7-4-25", "P29_006": "4", "P29_007": "0", "P29_008": "00", "P29_009": null }, "geometry": { "type": "Point", "coordinates": [ 134.890510563104982, 34.342033077003144 ] } },
{ "type": "Feature", "properties": { "P29_001": "28205", "P29_002": "A228310004067", "P29_003": "16013", "P29_004": "幼保連携型認定こども園おおの", "P29_005": "兵庫県洲本市大野740-1", "P29_006": "4", "P29_007": "0", "P29_008": "00", "P29_009": null }, "geometry": { "type": "Point", "coordinates": [ 134.851245151592309, 34.323225445497798 ] } },
{ "type": "Feature", "properties": { "P29_001": "28224", "P29_002": "A228310004085", "P29_003": "16013", "P29_004": "幼保連携型認定こども園松帆北", "P29_005": "兵庫県南あわじ市松帆櫟田198", "P29_006": "4", "P29_007": "0", "P29_008": "00", "P29_009": null }, "geometry": { "type": "Point", "coordinates": [ 134.747552011169148, 34.336036961646144 ] } },
{ "type": "Feature", "properties": { "P29_001": "28224", "P29_002": "A228310004094", "P29_003": "16013", "P29_004": "幼保連携型認定こども園松帆南", "P29_005": "兵庫県南あわじ市松帆高屋乙192", "P29_006": "4", "P29_007": "0", "P29_008": "00", "P29_009": null }, "geometry": { "type": "Point", "coordinates": [ 134.745686611787193, 34.325693042633453 ] } },
{ "type": "Feature", "properties": { "P29_001": "28224", "P29_002": "A228310004101", "P29_003": "16013", "P29_004": "幼保連携型認定こども園松帆南幼老複合型うぃず", "P29_005": "兵庫県南あわじ市松帆高屋乙158-1", "P29_006": "4", "P29_007": "0", "P29_008": "00", "P29_009": null }, "geometry": { "type": "Point", "coordinates": [ 134.74716375913502, 34.324722187041232 ] } },
{ "type": "Feature", "properties": { "P29_001": "28224", "P29_002": "A228310004110", "P29_003": "16013", "P29_004": "公私連携幼保連携型認定こども園福良こども園", "P29_005": "兵庫県南あわじ市福良乙1198-1", "P29_006": "4", "P29_007": "0", "P29_008": "00", "P29_009": null }, "geometry": { "type": "Point", "coordinates": [ 134.711360685161878, 34.258421601730589 ] } },
{ "type": "Feature", "properties": { "P29_001": "28226", "P29_002": "A228310004129", "P29_003": "16013", "P29_004": "幼保連携型認定こども園恵泉保育園", "P29_005": "兵庫県淡路市志筑2948-1", "P29_006": "4", "P29_007": "0", "P29_008": "00", "P29_009": null }, "geometry": { "type": "Point", "coordinates": [ 134.899801966373872, 34.430511776050807 ] } },
{ "type": "Feature", "properties": { "P29_001": "28201", "P29_002": "A228310004147", "P29_003": "16013", "P29_004": "やながせ保育園大津みやび野分園", "P29_005": "兵庫県姫路市大津区大津町1-31-111", "P29_006": "4", "P29_007": "0", "P29_008": "00", "P29_009": null }, "geometry": { "type": "Point", "coordinates": [ 134.611289144088971, 34.805354501576339 ] } },
{ "type": "Feature", "properties": { "P29_001": "28101", "P29_002": "A228310004156", "P29_003": "16013", "P29_004": "幼保連携型認定こども園ブルーノの森", "P29_005": "兵庫県神戸市東灘区北青木2-9-24", "P29_006": "4", "P29_007": "0", "P29_008": "00", "P29_009": null }, "geometry": { "type": "Point", "coordinates": [ 135.282415956775452, 34.720674776770089 ] } },
{ "type": "Feature", "properties": { "P29_001": "28101", "P29_002": "A228310004165", "P29_003": "16013", "P29_004": "うずがもり送迎ステーション（分園）", "P29_005": "兵庫県神戸市東灘区御影中町1-1-10", "P29_006": "4", "P29_007": "0", "P29_008": "00", "P29_009": null }, "geometry": { "type": "Point", "coordinates": [ 135.25863821172959, 34.71432477926183 ] } },
{ "type": "Feature", "properties": { "P29_001": "28102", "P29_002": "A228310004174", "P29_003": "16013", "P29_004": "幼保連携型認定こども園同朋保育園", "P29_005": "兵庫県神戸市灘区篠原北町4-8-1", "P29_006": "4", "P29_007": "0", "P29_008": "00", "P29_009": null }, "geometry": { "type": "Point", "coordinates": [ 135.223790445583973, 34.720679628450576 ] } },
{ "type": "Feature", "properties": { "P29_001": "28109", "P29_002": "A228310004218", "P29_003": "16013", "P29_004": "幼保連携型認定いつくしみこども園", "P29_005": "兵庫県神戸市北区道場町日下部1615-3", "P29_006": "4", "P29_007": "0", "P29_008": "00", "P29_009": null }, "geometry": { "type": "Point", "coordinates": [ 135.225326190999027, 34.857444129181125 ] } },
{ "type": "Feature", "properties": { "P29_001": "28110", "P29_002": "A228310004227", "P29_003": "16013", "P29_004": "名倉みふね幼稚園ｐｉｃｋｕｐステーション（分園）", "P29_005": "兵庫県神戸市中央区海岸通4-3-1", "P29_006": "4", "P29_007": "0", "P29_008": "00", "P29_009": null }, "geometry": { "type": "Point", "coordinates": [ 135.1845352616875, 34.685276484870258 ] } },
{ "type": "Feature", "properties": { "P29_001": "28111", "P29_002": "A228310004236", "P29_003": "16013", "P29_004": "幼保連携型認定こども園まゆか保育園", "P29_005": "兵庫県神戸市西区北別府4-10-1", "P29_006": "4", "P29_007": "0", "P29_008": "00", "P29_009": null }, "geometry": { "type": "Point", "coordinates": [ 135.011231901134011, 34.67286578633712 ] } },
{ "type": "Feature", "properties": { "P29_001": "28111", "P29_002": "A228310004245", "P29_003": "16013", "P29_004": "幼保連携型認定こども園神出保育園", "P29_005": "兵庫県神戸市西区神出町田井寺垣内401-1", "P29_006": "4", "P29_007": "0", "P29_008": "00", "P29_009": null }, "geometry": { "type": "Point", "coordinates": [ 134.986382752553965, 34.746095590925208 ] } },
{ "type": "Feature", "properties": { "P29_001": "28202", "P29_002": "A228310004263", "P29_003": "16013", "P29_004": "梅花東幼稚園", "P29_005": "兵庫県尼崎市長洲本通1-7-35", "P29_006": "4", "P29_007": "0", "P29_008": "00", "P29_009": null }, "geometry": { "type": "Point", "coordinates": [ 135.432095031465394, 34.729566496506607 ] } },
{ "type": "Feature", "properties": { "P29_001": "28202", "P29_002": "A228310004272", "P29_003": "16013", "P29_004": "かしの木こども園", "P29_005": "兵庫県尼崎市大物町1-18-1", "P29_006": "4", "P29_007": "0", "P29_008": "00", "P29_009": null }, "geometry": { "type": "Point", "coordinates": [ 135.427661807557115, 34.714698971555961 ] } },
{ "type": "Feature", "properties": { "P29_001": "28203", "P29_002": "A228310004281", "P29_003": "16013", "P29_004": "すみよしこども園", "P29_005": "兵庫県明石市魚住町住吉2-5-6", "P29_006": "4", "P29_007": "0", "P29_008": "00", "P29_009": null }, "geometry": { "type": "Point", "coordinates": [ 134.903521396595295, 34.689016293726198 ] } },
{ "type": "Feature", "properties": { "P29_001": "28203", "P29_002": "A228310004290", "P29_003": "16013", "P29_004": "山手台こども園", "P29_005": "兵庫県明石市大久保町山手台3-5", "P29_006": "4", "P29_007": "0", "P29_008": "00", "P29_009": null }, "geometry": { "type": "Point", "coordinates": [ 134.935916234996313, 34.700600586063203 ] } },
{ "type": "Feature", "properties": { "P29_001": "28203", "P29_002": "A228310004307", "P29_003": "16013", "P29_004": "めいまいピーノこども園", "P29_005": "兵庫県明石市松が丘2-6（松が丘公園内）", "P29_006": "4", "P29_007": "0", "P29_008": "00", "P29_009": null }, "geometry": { "type": "Point", "coordinates": [ 135.027636672388383, 34.653644051796682 ] } },
{ "type": "Feature", "properties": { "P29_001": "28203", "P29_002": "A228310004316", "P29_003": "16013", "P29_004": "海岸通りあすのこども園", "P29_005": "兵庫県明石市中崎1-2-27", "P29_006": "4", "P29_007": "0", "P29_008": "00", "P29_009": null }, "geometry": { "type": "Point", "coordinates": [ 135.000570301331038, 34.643553211381594 ] } },
{ "type": "Feature", "properties": { "P29_001": "28204", "P29_002": "A228310004334", "P29_003": "16013", "P29_004": "幼保連携型認定こども園生瀬ぽぽこども園", "P29_005": "兵庫県西宮市生瀬町2-3-16", "P29_006": "4", "P29_007": "0", "P29_008": "00", "P29_009": null }, "geometry": { "type": "Point", "coordinates": [ 135.324999132250753, 34.818386058521128 ] } },
{ "type": "Feature", "properties": { "P29_001": "28204", "P29_002": "A228310004343", "P29_003": "16013", "P29_004": "幼保連携型認定こども園夙川学院ソレイユ認定こども園", "P29_005": "兵庫県西宮市神園町2-20", "P29_006": "4", "P29_007": "0", "P29_008": "00", "P29_009": null }, "geometry": { "type": "Point", "coordinates": [ 135.331208121035104, 34.756644181887644 ] } },
{ "type": "Feature", "properties": { "P29_001": "28209", "P29_002": "A228310004361", "P29_003": "16013", "P29_004": "チャイルドハウスこども園", "P29_005": "兵庫県豊岡市下陰字西浅黒5", "P29_006": "4", "P29_007": "0", "P29_008": "00", "P29_009": null }, "geometry": { "type": "Point", "coordinates": [ 134.807791070221271, 35.553536421013874 ] } },
{ "type": "Feature", "properties": { "P29_001": "28218", "P29_002": "A228310004370", "P29_003": "16013", "P29_004": "北辰こども園", "P29_005": "兵庫県小野市高田町1828-1", "P29_006": "4", "P29_007": "0", "P29_008": "00", "P29_009": null }, "geometry": { "type": "Point", "coordinates": [ 134.936115296382525, 34.87486262977793 ] } },
{ "type": "Feature", "properties": { "P29_001": "28220", "P29_002": "A228310004389", "P29_003": "16013", "P29_004": "幼保連携型認定こども園北条こども園", "P29_005": "兵庫県加西市北条町古坂1232", "P29_006": "4", "P29_007": "0", "P29_008": "00", "P29_009": null }, "geometry": { "type": "Point", "coordinates": [ 134.843941504017067, 34.930388873136984 ] } },
{ "type": "Feature", "properties": { "P29_001": "28382", "P29_002": "A228310004398", "P29_003": "16013", "P29_004": "蓮池こども園", "P29_005": "兵庫県加古郡播磨町西野添2-10-33", "P29_006": "4", "P29_007": "0", "P29_008": "00", "P29_009": null }, "geometry": { "type": "Point", "coordinates": [ 134.878497584271997, 34.719877710405015 ] } },
{ "type": "Feature", "properties": { "P29_001": "28203", "P29_002": "A228310004405", "P29_003": "16013", "P29_004": "山手台こども園分園", "P29_005": "兵庫県明石市大久保町高丘3-2（高丘東幼稚園内）", "P29_006": "4", "P29_007": "0", "P29_008": "00", "P29_009": null }, "geometry": { "type": "Point", "coordinates": [ 134.951002251146093, 34.700859774984231 ] } },
{ "type": "Feature", "properties": { "P29_001": "28210", "P29_002": "A228210000107", "P29_003": "16013", "P29_004": "加古川市立川西こども園", "P29_005": "兵庫県加古川市米田町平津108", "P29_006": "3", "P29_007": "0", "P29_008": "00", "P29_009": null }, "geometry": { "type": "Point", "coordinates": [ 134.822192074700638, 34.780195492674252 ] } },
{ "type": "Feature", "properties": { "P29_001": "28216", "P29_002": "A228210000170", "P29_003": "16013", "P29_004": "高砂市立曽根こども園", "P29_005": "兵庫県高砂市曽根町2404-2", "P29_006": "3", "P29_007": "0", "P29_008": "00", "P29_009": null }, "geometry": { "type": "Point", "coordinates": [ 134.774973595097265, 34.77552640459016 ] } },
{ "type": "Feature", "properties": { "P29_001": "28216", "P29_002": "A228210000189", "P29_003": "16013", "P29_004": "高砂市立米田こども園", "P29_005": "兵庫県高砂市米田町米田451", "P29_006": "3", "P29_007": "0", "P29_008": "00", "P29_009": null }, "geometry": { "type": "Point", "coordinates": [ 134.809565042055453, 34.77822644660089 ] } },
{ "type": "Feature", "properties": { "P29_001": "28201", "P29_002": "A228210000296", "P29_003": "16013", "P29_004": "姫路市立山田こども園", "P29_005": "兵庫県姫路市山田町北山田109-3", "P29_006": "3", "P29_007": "0", "P29_008": "00", "P29_009": null }, "geometry": { "type": "Point", "coordinates": [ 134.774202122047114, 34.912012555447419 ] } },
{ "type": "Feature", "properties": { "P29_001": "28201", "P29_002": "A228210000321", "P29_003": "16013", "P29_004": "姫路市立的形こども園", "P29_005": "兵庫県姫路市的形町的形1540-1", "P29_006": "3", "P29_007": "0", "P29_008": "00", "P29_009": null }, "geometry": { "type": "Point", "coordinates": [ 134.739174767452425, 34.774866439642949 ] } },
{ "type": "Feature", "properties": { "P29_001": "28443", "P29_002": "A228210000410", "P29_003": "16013", "P29_004": "福崎町立八千種幼児園", "P29_005": "兵庫県神崎郡福崎町八千種276-2", "P29_006": "3", "P29_007": "0", "P29_008": "00", "P29_009": null }, "geometry": { "type": "Point", "coordinates": [ 134.778195629162667, 34.93674624429282 ] } },
{ "type": "Feature", "properties": { "P29_001": "28229", "P29_002": "A228210000492", "P29_003": "16013", "P29_004": "たつの市立新宮こども園", "P29_005": "兵庫県たつの市新宮町新宮430-1", "P29_006": "3", "P29_007": "0", "P29_008": "00", "P29_009": null }, "geometry": { "type": "Point", "coordinates": [ 134.547337226208526, 34.923935422401421 ] } },
{ "type": "Feature", "properties": { "P29_001": "28229", "P29_002": "A228210000526", "P29_003": "16013", "P29_004": "たつの市立小宅南こども園", "P29_005": "兵庫県たつの市龍野町富永404", "P29_006": "3", "P29_007": "0", "P29_008": "00", "P29_009": null }, "geometry": { "type": "Point", "coordinates": [ 134.550493348770203, 34.855530332290989 ] } },
{ "type": "Feature", "properties": { "P29_001": "28229", "P29_002": "A228210000562", "P29_003": "16013", "P29_004": "たつの市立御津南こども園", "P29_005": "兵庫県たつの市御津町岩見320", "P29_006": "3", "P29_007": "0", "P29_008": "00", "P29_009": null }, "geometry": { "type": "Point", "coordinates": [ 134.55046545599609, 34.785246318091062 ] } },
{ "type": "Feature", "properties": { "P29_001": "28209", "P29_002": "A228210000599", "P29_003": "16013", "P29_004": "豊岡市立港認定こども園", "P29_005": "兵庫県豊岡市気比3291-235", "P29_006": "3", "P29_007": "0", "P29_008": "00", "P29_009": null }, "geometry": { "type": "Point", "coordinates": [ 134.839177849319469, 35.641255910787315 ] } },
{ "type": "Feature", "properties": { "P29_001": "28222", "P29_002": "A228210000651", "P29_003": "16013", "P29_004": "養父市立広谷こども園", "P29_005": "兵庫県養父市広谷284-1", "P29_006": "3", "P29_007": "0", "P29_008": "00", "P29_009": null }, "geometry": { "type": "Point", "coordinates": [ 134.775220443138181, 35.380037845855988 ] } },
{ "type": "Feature", "properties": { "P29_001": "28222", "P29_002": "A228210000697", "P29_003": "16013", "P29_004": "養父市立宿南こども園", "P29_005": "兵庫県養父市八鹿町宿南1287", "P29_006": "3", "P29_007": "0", "P29_008": "00", "P29_009": null }, "geometry": { "type": "Point", "coordinates": [ 134.778412168505412, 35.43897279764321 ] } },
{ "type": "Feature", "properties": { "P29_001": "28226", "P29_002": "A228210000875", "P29_003": "16013", "P29_004": "生穂認定こども園", "P29_005": "兵庫県淡路市生穂2320", "P29_006": "3", "P29_007": "0", "P29_008": "00", "P29_009": null }, "geometry": { "type": "Point", "coordinates": [ 134.916102439350823, 34.454586612247368 ] } },
{ "type": "Feature", "properties": { "P29_001": "28207", "P29_002": "A228210000900", "P29_003": "16013", "P29_004": "伊丹市立ささはらこども園", "P29_005": "兵庫県伊丹市野間1-10-16", "P29_006": "3", "P29_007": "0", "P29_008": "00", "P29_009": null }, "geometry": { "type": "Point", "coordinates": [ 135.396824074069485, 34.766500119909537 ] } },
{ "type": "Feature", "properties": { "P29_001": "28217", "P29_002": "A228210000919", "P29_003": "16013", "P29_004": "川西市立川西北こども園", "P29_005": "兵庫県川西市丸の内町7-1", "P29_006": "3", "P29_007": "0", "P29_008": "00", "P29_009": null }, "geometry": { "type": "Point", "coordinates": [ 135.41849877111656, 34.83973033866716 ] } },
{ "type": "Feature", "properties": { "P29_001": "28481", "P29_002": "A228210000928", "P29_003": "16013", "P29_004": "上郡町立上郡こども園", "P29_005": "兵庫県赤穂郡上郡町井上186-1", "P29_006": "3", "P29_007": "0", "P29_008": "00", "P29_009": null }, "geometry": { "type": "Point", "coordinates": [ 134.353712913426619, 34.876040137312749 ] } },
{ "type": "Feature", "properties": { "P29_001": "28201", "P29_002": "A228210000937", "P29_003": "16013", "P29_004": "姫路市立四郷和光こども園", "P29_005": "兵庫県姫路市四郷町見野880-1", "P29_006": "3", "P29_007": "0", "P29_008": "00", "P29_009": null }, "geometry": { "type": "Point", "coordinates": [ 134.726322315015835, 34.809262232224611 ] } },
{ "type": "Feature", "properties": { "P29_001": "28382", "P29_002": "A228210000946", "P29_003": "16013", "P29_004": "播磨町立播磨西こども園", "P29_005": "兵庫県加古郡播磨町北本荘4-5-25", "P29_006": "3", "P29_007": "0", "P29_008": "00", "P29_009": null }, "geometry": { "type": "Point", "coordinates": [ 134.860183593166425, 34.723541365344389 ] } },
{ "type": "Feature", "properties": { "P29_001": "28101", "P29_002": "A228310000169", "P29_003": "16013", "P29_004": "光の子認定こども園", "P29_005": "兵庫県神戸市東灘区向洋町中2-3", "P29_006": "4", "P29_007": "0", "P29_008": "00", "P29_009": null }, "geometry": { "type": "Point", "coordinates": [ 135.271731317206758, 34.689121505473786 ] } },
{ "type": "Feature", "properties": { "P29_001": "28102", "P29_002": "A228310000203", "P29_003": "16013", "P29_004": "幼保連携型認定こども園はっとこども園", "P29_005": "兵庫県神戸市灘区摩耶海岸通2-3-14", "P29_006": "4", "P29_007": "0", "P29_008": "00", "P29_009": null }, "geometry": { "type": "Point", "coordinates": [ 135.222342033425946, 34.701634812079512 ] } },
{ "type": "Feature", "properties": { "P29_001": "28107", "P29_002": "A228310000542", "P29_003": "16013", "P29_004": "幼保連携型認定こども園のぞみ保育園", "P29_005": "兵庫県神戸市須磨区西落合7-1-1", "P29_006": "4", "P29_007": "0", "P29_008": "00", "P29_009": null }, "geometry": { "type": "Point", "coordinates": [ 135.091241146179897, 34.681472288704974 ] } },
{ "type": "Feature", "properties": { "P29_001": "28107", "P29_002": "A228310000560", "P29_003": "16013", "P29_004": "名谷みどりこども園", "P29_005": "兵庫県神戸市須磨区中落合2-3-2", "P29_006": "4", "P29_007": "0", "P29_008": "00", "P29_009": null }, "geometry": { "type": "Point", "coordinates": [ 135.095644372021269, 34.679948930782253 ] } },
{ "type": "Feature", "properties": { "P29_001": "28108", "P29_002": "A228310000668", "P29_003": "16013", "P29_004": "幼保連携型認定こども園多夢の森", "P29_005": "兵庫県神戸市垂水区南多聞台4-4-50", "P29_006": "4", "P29_007": "0", "P29_008": "00", "P29_009": null }, "geometry": { "type": "Point", "coordinates": [ 135.034631050880336, 34.65201826735381 ] } },
{ "type": "Feature", "properties": { "P29_001": "28108", "P29_002": "A228310000695", "P29_003": "16013", "P29_004": "社会福祉法人みかり会幼保連携型認定こども園花の森", "P29_005": "兵庫県神戸市垂水区名谷町1941-1", "P29_006": "4", "P29_007": "0", "P29_008": "00", "P29_009": null }, "geometry": { "type": "Point", "coordinates": [ 135.070145577256454, 34.664846104920997 ] } },
{ "type": "Feature", "properties": { "P29_001": "28109", "P29_002": "A228310000908", "P29_003": "16013", "P29_004": "認定こども園星の杜こども園", "P29_005": "兵庫県神戸市北区鹿の子台南町1-2-15", "P29_006": "4", "P29_007": "0", "P29_008": "00", "P29_009": null }, "geometry": { "type": "Point", "coordinates": [ 135.21420461292152, 34.852086530874693 ] } },
{ "type": "Feature", "properties": { "P29_001": "28109", "P29_002": "A228310000953", "P29_003": "16013", "P29_004": "幼保連携型認定こども園八多保育園", "P29_005": "兵庫県神戸市北区八多町下小名田320-1", "P29_006": "4", "P29_007": "0", "P29_008": "00", "P29_009": null }, "geometry": { "type": "Point", "coordinates": [ 135.214692358853398, 34.844038504431524 ] } },
{ "type": "Feature", "properties": { "P29_001": "28109", "P29_002": "A228310000999", "P29_003": "16013", "P29_004": "認定こども園神戸鹿の子幼稚園", "P29_005": "兵庫県神戸市北区鹿の子台北町6-34-2", "P29_006": "4", "P29_007": "0", "P29_008": "00", "P29_009": null }, "geometry": { "type": "Point", "coordinates": [ 135.218517482684348, 34.862234807766868 ] } },
{ "type": "Feature", "properties": { "P29_001": "28110", "P29_002": "A228310001079", "P29_003": "16013", "P29_004": "大慈幼保連携型認定こども園とも分園", "P29_005": "兵庫県神戸市中央区東川崎町1-5-8クレヴィアタワー神戸ハーバーランド", "P29_006": "4", "P29_007": "0", "P29_008": "00", "P29_009": null }, "geometry": { "type": "Point", "coordinates": [ 135.181871477143289, 34.677610477641238 ] } },
{ "type": "Feature", "properties": { "P29_001": "28110", "P29_002": "A228310001097", "P29_003": "16013", "P29_004": "幼保連携型認定成晃ひかり保育園", "P29_005": "兵庫県神戸市中央区港島中町4-6", "P29_006": "4", "P29_007": "0", "P29_008": "00", "P29_009": null }, "geometry": { "type": "Point", "coordinates": [ 135.208867953778395, 34.667692566600685 ] } },
{ "type": "Feature", "properties": { "P29_001": "28111", "P29_002": "A228310001122", "P29_003": "16013", "P29_004": "幼保連携型認定こども園おっこう山", "P29_005": "兵庫県神戸市西区神出町五百蔵142-400", "P29_006": "4", "P29_007": "0", "P29_008": "00", "P29_009": null }, "geometry": { "type": "Point", "coordinates": [ 135.021385094167613, 34.761813237789909 ] } },
{ "type": "Feature", "properties": { "P29_001": "28111", "P29_002": "A228310001239", "P29_003": "16013", "P29_004": "幼保連携型認定こども園あい保育園", "P29_005": "兵庫県神戸市西区伊川谷町有瀬1137-8", "P29_006": "4", "P29_007": "0", "P29_008": "00", "P29_009": null }, "geometry": { "type": "Point", "coordinates": [ 135.019051986690073, 34.665348455358263 ] } },
{ "type": "Feature", "properties": { "P29_001": "28111", "P29_002": "A228310001248", "P29_003": "16013", "P29_004": "幼保連携型認定こども園あゆみ幼児園", "P29_005": "兵庫県神戸市西区糀台3-32-7", "P29_006": "4", "P29_007": "0", "P29_008": "00", "P29_009": null }, "geometry": { "type": "Point", "coordinates": [ 135.02446282615918, 34.718907262633614 ] } },
{ "type": "Feature", "properties": { "P29_001": "28204", "P29_002": "A228310001596", "P29_003": "16013", "P29_004": "幼保連携型認定こども園なぎさ保育園", "P29_005": "兵庫県西宮市西宮浜4-13-3", "P29_006": "4", "P29_007": "0", "P29_008": "00", "P29_009": null }, "geometry": { "type": "Point", "coordinates": [ 135.327099853437062, 34.712283189802086 ] } },
{ "type": "Feature", "properties": { "P29_001": "28204", "P29_002": "A228310001612", "P29_003": "16013", "P29_004": "幼保連携型認定こども園パドマ・ナーサリースクール", "P29_005": "兵庫県西宮市高須町2-1-47", "P29_006": "4", "P29_007": "0", "P29_008": "00", "P29_009": null }, "geometry": { "type": "Point", "coordinates": [ 135.368457397460162, 34.708285607216027 ] } },
{ "type": "Feature", "properties": { "P29_001": "28204", "P29_002": "A228310001827", "P29_003": "16013", "P29_004": "幼保連携型認定こども園船坂保育園", "P29_005": "兵庫県西宮市山口町船坂572", "P29_006": "4", "P29_007": "0", "P29_008": "00", "P29_009": null }, "geometry": { "type": "Point", "coordinates": [ 135.280108480906279, 34.805914491477232 ] } },
{ "type": "Feature", "properties": { "P29_001": "28111", "P29_002": "A228310001934", "P29_003": "16013", "P29_004": "ひまわりこども園", "P29_005": "兵庫県神戸市西区伊川谷町上脇24", "P29_006": "4", "P29_007": "0", "P29_008": "00", "P29_009": null }, "geometry": { "type": "Point", "coordinates": [ 135.039751502552207, 34.687766261942485 ] } },
{ "type": "Feature", "properties": { "P29_001": "28111", "P29_002": "A228310001952", "P29_003": "16013", "P29_004": "幼保連携型認定こども園同朋にこにこ園分園なのはな", "P29_005": "兵庫県神戸市西区井吹台東町1-1", "P29_006": "4", "P29_007": "0", "P29_008": "00", "P29_009": null }, "geometry": { "type": "Point", "coordinates": [ 135.030053628774965, 34.699541299632344 ] } },
{ "type": "Feature", "properties": { "P29_001": "28111", "P29_002": "A228310001989", "P29_003": "16013", "P29_004": "幼保連携型認定こども園岩岡こども園竜が岡分園", "P29_005": "兵庫県神戸市西区竜が岡3-7-7", "P29_006": "4", "P29_007": "0", "P29_008": "00", "P29_009": null }, "geometry": { "type": "Point", "coordinates": [ 134.93615309942362, 34.71230069939751 ] } },
{ "type": "Feature", "properties": { "P29_001": "28217", "P29_002": "A228310002149", "P29_003": "16013", "P29_004": "認定こども園めぐみ学園", "P29_005": "兵庫県川西市清和台東4-3-5", "P29_006": "4", "P29_007": "0", "P29_008": "00", "P29_009": null }, "geometry": { "type": "Point", "coordinates": [ 135.39228388846243, 34.87287839505084 ] } },
{ "type": "Feature", "properties": { "P29_001": "28217", "P29_002": "A228310002158", "P29_003": "16013", "P29_004": "新清和台こども園", "P29_005": "兵庫県川西市清和台西4-3-165", "P29_006": "4", "P29_007": "0", "P29_008": "00", "P29_009": null }, "geometry": { "type": "Point", "coordinates": [ 135.385672069005381, 34.869044350164366 ] } },
{ "type": "Feature", "properties": { "P29_001": "28217", "P29_002": "A228310002201", "P29_003": "16013", "P29_004": "向陽台あすのこども園", "P29_005": "兵庫県川西市向陽台3-11-64", "P29_006": "4", "P29_007": "0", "P29_008": "00", "P29_009": null }, "geometry": { "type": "Point", "coordinates": [ 135.40248441333344, 34.87977064447329 ] } },
{ "type": "Feature", "properties": { "P29_001": "28219", "P29_002": "A228310002256", "P29_003": "16013", "P29_004": "若草幼稚舎", "P29_005": "兵庫県三田市けやき台5-24", "P29_006": "4", "P29_007": "0", "P29_008": "00", "P29_009": null }, "geometry": { "type": "Point", "coordinates": [ 135.188299379257501, 34.91460211824316 ] } },
{ "type": "Feature", "properties": { "P29_001": "28203", "P29_002": "A228310002345", "P29_003": "16013", "P29_004": "北おうじ虹こども園", "P29_005": "兵庫県明石市北王子町13-40", "P29_006": "4", "P29_007": "0", "P29_008": "00", "P29_009": null }, "geometry": { "type": "Point", "coordinates": [ 134.983627055411887, 34.657748111384073 ] } },
{ "type": "Feature", "properties": { "P29_001": "28210", "P29_002": "A228310002434", "P29_003": "16013", "P29_004": "認定こども園せきれい保育園分園", "P29_005": "兵庫県加古川市平岡町土山1200-1", "P29_006": "4", "P29_007": "0", "P29_008": "00", "P29_009": null }, "geometry": { "type": "Point", "coordinates": [ 134.888134975868439, 34.724293225133252 ] } },
{ "type": "Feature", "properties": { "P29_001": "28210", "P29_002": "A228310002443", "P29_003": "16013", "P29_004": "やはたこども園", "P29_005": "兵庫県加古川市八幡町下村1024-2", "P29_006": "4", "P29_007": "0", "P29_008": "00", "P29_009": null }, "geometry": { "type": "Point", "coordinates": [ 134.90606756182251, 34.789754069898315 ] } },
{ "type": "Feature", "properties": { "P29_001": "28210", "P29_002": "A228310002461", "P29_003": "16013", "P29_004": "幼保連携型認定こども園加古川こども園", "P29_005": "兵庫県加古川市加古川町木村196-3", "P29_006": "4", "P29_007": "0", "P29_008": "00", "P29_009": null }, "geometry": { "type": "Point", "coordinates": [ 134.831710807965237, 34.764751125902507 ] } },
{ "type": "Feature", "properties": { "P29_001": "28210", "P29_002": "A228310002498", "P29_003": "16013", "P29_004": "幼保連携型認定こども園加古のみやこども園", "P29_005": "兵庫県加古川市神野町西条481", "P29_006": "4", "P29_007": "0", "P29_008": "00", "P29_009": null }, "geometry": { "type": "Point", "coordinates": [ 134.87471929737427, 34.786527839782465 ] } },
{ "type": "Feature", "properties": { "P29_001": "28210", "P29_002": "A228310002531", "P29_003": "16013", "P29_004": "幼保連携型光認定こども園", "P29_005": "兵庫県加古川市尾上町池田830-201", "P29_006": "4", "P29_007": "0", "P29_008": "00", "P29_009": null }, "geometry": { "type": "Point", "coordinates": [ 134.820660760644586, 34.740287447131358 ] } },
{ "type": "Feature", "properties": { "P29_001": "28210", "P29_002": "A228310002586", "P29_003": "16013", "P29_004": "幼保連携型認定こども園とうばんの森", "P29_005": "兵庫県加古川市東神吉町出河原551", "P29_006": "4", "P29_007": "0", "P29_008": "00", "P29_009": null }, "geometry": { "type": "Point", "coordinates": [ 134.838141712576487, 34.782416563313319 ] } },
{ "type": "Feature", "properties": { "P29_001": "28213", "P29_002": "A228310002684", "P29_003": "16013", "P29_004": "西脇こども園", "P29_005": "兵庫県西脇市西脇760-1", "P29_006": "4", "P29_007": "0", "P29_008": "00", "P29_009": null }, "geometry": { "type": "Point", "coordinates": [ 134.974614470783251, 34.991569927218606 ] } },
{ "type": "Feature", "properties": { "P29_001": "28213", "P29_002": "A228310002693", "P29_003": "16013", "P29_004": "どれみこども園", "P29_005": "兵庫県西脇市高松町597", "P29_006": "4", "P29_007": "0", "P29_008": "00", "P29_009": null }, "geometry": { "type": "Point", "coordinates": [ 134.975752881326258, 34.964401006534139 ] } },
{ "type": "Feature", "properties": { "P29_001": "28215", "P29_002": "A228310002773", "P29_003": "16013", "P29_004": "神和認定こども園", "P29_005": "兵庫県三木市加佐八幡本176-1", "P29_006": "4", "P29_007": "0", "P29_008": "00", "P29_009": null }, "geometry": { "type": "Point", "coordinates": [ 134.98296719532263, 34.803081035088077 ] } },
{ "type": "Feature", "properties": { "P29_001": "28215", "P29_002": "A228310002871", "P29_003": "16013", "P29_004": "清心緑が丘認定こども園", "P29_005": "兵庫県三木市緑が丘町西1-10-9", "P29_006": "4", "P29_007": "0", "P29_008": "00", "P29_009": null }, "geometry": { "type": "Point", "coordinates": [ 135.027299067962929, 34.77081380441566 ] } },
{ "type": "Feature", "properties": { "P29_001": "28220", "P29_002": "A228310002915", "P29_003": "16013", "P29_004": "認定善防こども園", "P29_005": "兵庫県加西市西笠原町178-115", "P29_006": "4", "P29_007": "0", "P29_008": "00", "P29_009": null }, "geometry": { "type": "Point", "coordinates": [ 134.844300176190018, 34.879514960861265 ] } },
{ "type": "Feature", "properties": { "P29_001": "28220", "P29_002": "A228310002951", "P29_003": "16013", "P29_004": "幼保連携型認定こども園とみた", "P29_005": "兵庫県加西市窪田町3", "P29_006": "4", "P29_007": "0", "P29_008": "00", "P29_009": null }, "geometry": { "type": "Point", "coordinates": [ 134.814085164493576, 34.937115414147378 ] } },
{ "type": "Feature", "properties": { "P29_001": "28228", "P29_002": "A228310002979", "P29_003": "16013", "P29_004": "高岡育児園", "P29_005": "兵庫県加東市高岡912-2", "P29_006": "4", "P29_007": "0", "P29_008": "00", "P29_009": null }, "geometry": { "type": "Point", "coordinates": [ 134.919369691939323, 34.920348429739171 ] } },
{ "type": "Feature", "properties": { "P29_001": "28228", "P29_002": "A228310002997", "P29_003": "16013", "P29_004": "たきの愛児園", "P29_005": "兵庫県加東市上滝野1170", "P29_006": "4", "P29_007": "0", "P29_008": "00", "P29_009": null }, "geometry": { "type": "Point", "coordinates": [ 134.956304844488812, 34.946241633756571 ] } },
{ "type": "Feature", "properties": { "P29_001": "28365", "P29_002": "A228310003040", "P29_003": "16013", "P29_004": "四恩こども園", "P29_005": "兵庫県多可郡多可町中区曽我井231", "P29_006": "4", "P29_007": "0", "P29_008": "00", "P29_009": null }, "geometry": { "type": "Point", "coordinates": [ 134.935777967340812, 35.031730998235069 ] } },
{ "type": "Feature", "properties": { "P29_001": "28201", "P29_002": "A228310003157", "P29_003": "16013", "P29_004": "豊冨台保育園", "P29_005": "兵庫県姫路市豊富町御蔭3278-57", "P29_006": "4", "P29_007": "0", "P29_008": "00", "P29_009": null }, "geometry": { "type": "Point", "coordinates": [ 134.738968925715994, 34.871316149953614 ] } },
{ "type": "Feature", "properties": { "P29_001": "28201", "P29_002": "A228310003291", "P29_003": "16013", "P29_004": "姫路ひまわり保育園分園", "P29_005": "兵庫県姫路市書写634-50", "P29_006": "4", "P29_007": "0", "P29_008": "00", "P29_009": null }, "geometry": { "type": "Point", "coordinates": [ 134.660373286638958, 34.866906231759408 ] } },
{ "type": "Feature", "properties": { "P29_001": "28201", "P29_002": "A228310003503", "P29_003": "16013", "P29_004": "やながせ保育園", "P29_005": "兵庫県姫路市勝原区下太田571", "P29_006": "4", "P29_007": "0", "P29_008": "00", "P29_009": null }, "geometry": { "type": "Point", "coordinates": [ 134.595389969047432, 34.821046716836918 ] } },
{ "type": "Feature", "properties": { "P29_001": "28201", "P29_002": "A228310003576", "P29_003": "16013", "P29_004": "専徳寺ひろはた保育園とまみ分園", "P29_005": "兵庫県姫路市苫編401-1", "P29_006": "4", "P29_007": "0", "P29_008": "00", "P29_009": null }, "geometry": { "type": "Point", "coordinates": [ 134.648326088566478, 34.816157278491922 ] } },
{ "type": "Feature", "properties": { "P29_001": "28229", "P29_002": "A228310003656", "P29_003": "16013", "P29_004": "認定こども園第一仏光こども園", "P29_005": "兵庫県たつの市揖保川町山津屋67-2", "P29_006": "4", "P29_007": "0", "P29_008": "00", "P29_009": null }, "geometry": { "type": "Point", "coordinates": [ 134.525911407455737, 34.8225461751449 ] } },
{ "type": "Feature", "properties": { "P29_001": "28229", "P29_002": "A228310003709", "P29_003": "16013", "P29_004": "認定こども園あそびの丘", "P29_005": "兵庫県たつの市揖西町小畑541-1", "P29_006": "4", "P29_007": "0", "P29_008": "00", "P29_009": null }, "geometry": { "type": "Point", "coordinates": [ 134.498485386692892, 34.845308069321007 ] } },
{ "type": "Feature", "properties": { "P29_001": "28464", "P29_002": "A228310003718", "P29_003": "16013", "P29_004": "幼保連携型認定こども園安養保育園", "P29_005": "兵庫県揖保郡太子町福地574-1", "P29_006": "4", "P29_007": "0", "P29_008": "00", "P29_009": null }, "geometry": { "type": "Point", "coordinates": [ 134.571393595668496, 34.817791444948284 ] } },
{ "type": "Feature", "properties": { "P29_001": "28464", "P29_002": "A228310003727", "P29_003": "16013", "P29_004": "幼保連携型認定こども園二葉にじいろこども園", "P29_005": "兵庫県揖保郡太子町原551-1", "P29_006": "4", "P29_007": "0", "P29_008": "00", "P29_009": null }, "geometry": { "type": "Point", "coordinates": [ 134.61222302491592, 34.827598942263947 ] } },
{ "type": "Feature", "properties": { "P29_001": "28209", "P29_002": "A228310003763", "P29_003": "16013", "P29_004": "こうのとり認定こども園", "P29_005": "兵庫県豊岡市戸牧160-3", "P29_006": "4", "P29_007": "0", "P29_008": "00", "P29_009": null }, "geometry": { "type": "Point", "coordinates": [ 134.804822340096081, 35.535431914658567 ] } },
{ "type": "Feature", "properties": { "P29_001": "28209", "P29_002": "A228310003772", "P29_003": "16013", "P29_004": "城崎こども園", "P29_005": "兵庫県豊岡市城崎町湯島802-1", "P29_006": "4", "P29_007": "0", "P29_008": "00", "P29_009": null }, "geometry": { "type": "Point", "coordinates": [ 134.804894550279613, 35.62383868808174 ] } },
{ "type": "Feature", "properties": { "P29_001": "28209", "P29_002": "A228310003790", "P29_003": "16013", "P29_004": "おもしろたのしみえこども園", "P29_005": "兵庫県豊岡市鎌田116", "P29_006": "4", "P29_007": "0", "P29_008": "00", "P29_009": null }, "geometry": { "type": "Point", "coordinates": [ 134.845101416959409, 35.553995387511364 ] } },
{ "type": "Feature", "properties": { "P29_001": "28209", "P29_002": "A228310003807", "P29_003": "16013", "P29_004": "みかたの森こども園", "P29_005": "兵庫県豊岡市日高町栗山901-2", "P29_006": "4", "P29_007": "0", "P29_008": "00", "P29_009": null }, "geometry": { "type": "Point", "coordinates": [ 134.721047238725873, 35.455347795510519 ] } },
{ "type": "Feature", "properties": { "P29_001": "28209", "P29_002": "A228310003816", "P29_003": "16013", "P29_004": "きよたき認定こども園", "P29_005": "兵庫県豊岡市日高町山宮1374-5", "P29_006": "4", "P29_007": "0", "P29_008": "00", "P29_009": null }, "geometry": { "type": "Point", "coordinates": [ 134.695049494428474, 35.488125834285142 ] } },
{ "type": "Feature", "properties": { "P29_001": "28223", "P29_002": "A228310004012", "P29_003": "16013", "P29_004": "認定こども園いくさと", "P29_005": "兵庫県丹波市氷上町石生619-3", "P29_006": "4", "P29_007": "0", "P29_008": "00", "P29_009": null }, "geometry": { "type": "Point", "coordinates": [ 135.058052480689781, 35.150277161688059 ] } },
{ "type": "Feature", "properties": { "P29_001": "28223", "P29_002": "A228310004021", "P29_003": "16013", "P29_004": "認定こども園ミライズそら", "P29_005": "兵庫県丹波市柏原町鴨野316", "P29_006": "4", "P29_007": "0", "P29_008": "00", "P29_009": null }, "geometry": { "type": "Point", "coordinates": [ 135.042695028300813, 35.136617383774485 ] } },
{ "type": "Feature", "properties": { "P29_001": "28205", "P29_002": "A228310004058", "P29_003": "16013", "P29_004": "幼保連携型認定こども園洲本こども園分園", "P29_005": "兵庫県洲本市塩屋1-1-17", "P29_006": "4", "P29_007": "0", "P29_008": "00", "P29_009": null }, "geometry": { "type": "Point", "coordinates": [ 134.893893625146063, 34.345707570622885 ] } },
{ "type": "Feature", "properties": { "P29_001": "28205", "P29_002": "A228310004076", "P29_003": "16013", "P29_004": "幼保連携型認定こども園千草こどもの園", "P29_005": "兵庫県洲本市千草己25", "P29_006": "4", "P29_007": "0", "P29_008": "00", "P29_009": null }, "geometry": { "type": "Point", "coordinates": [ 134.88993206725138, 34.322213251172265 ] } },
{ "type": "Feature", "properties": { "P29_001": "28226", "P29_002": "A228310004138", "P29_003": "16013", "P29_004": "聖隷こども園夢舞台", "P29_005": "兵庫県淡路市夢舞台1-37", "P29_006": "4", "P29_007": "0", "P29_008": "00", "P29_009": null }, "geometry": { "type": "Point", "coordinates": [ 135.017632578043788, 34.57046115924431 ] } },
{ "type": "Feature", "properties": { "P29_001": "28106", "P29_002": "A228310004183", "P29_003": "16013", "P29_004": "幼保連携型認定こども園名倉みふね幼稚園", "P29_005": "兵庫県神戸市長田区名倉町2-2-5", "P29_006": "4", "P29_007": "0", "P29_008": "00", "P29_009": null }, "geometry": { "type": "Point", "coordinates": [ 135.144615261978004, 34.677916342925222 ] } },
{ "type": "Feature", "properties": { "P29_001": "28107", "P29_002": "A228310004192", "P29_003": "16013", "P29_004": "幼保連携型認定こども園神戸女子大学附属高倉台幼稚園", "P29_005": "兵庫県神戸市須磨区高倉台4-2", "P29_006": "4", "P29_007": "0", "P29_008": "00", "P29_009": null }, "geometry": { "type": "Point", "coordinates": [ 135.104527080092709, 34.657158000591188 ] } },
{ "type": "Feature", "properties": { "P29_001": "28108", "P29_002": "A228310004209", "P29_003": "16013", "P29_004": "幼保連携型認定こども園彩の森", "P29_005": "兵庫県神戸市垂水区高丸6-5-4", "P29_006": "4", "P29_007": "0", "P29_008": "00", "P29_009": null }, "geometry": { "type": "Point", "coordinates": [ 135.057188764649197, 34.640659188848389 ] } },
{ "type": "Feature", "properties": { "P29_001": "28201", "P29_002": "A228310004254", "P29_003": "16013", "P29_004": "みどりケ丘幼児園かまえ分園", "P29_005": "兵庫県姫路市飾磨区構3-62", "P29_006": "4", "P29_007": "0", "P29_008": "00", "P29_009": null }, "geometry": { "type": "Point", "coordinates": [ 134.667730293240282, 34.811113226663146 ] } },
{ "type": "Feature", "properties": { "P29_001": "28203", "P29_002": "A228310004325", "P29_003": "16013", "P29_004": "うみの風こども園分園", "P29_005": "兵庫県明石市小久保4-1-12", "P29_006": "4", "P29_007": "0", "P29_008": "00", "P29_009": null }, "geometry": { "type": "Point", "coordinates": [ 134.960312397391419, 34.672200066841484 ] } },
{ "type": "Feature", "properties": { "P29_001": "28204", "P29_002": "A228310004352", "P29_003": "16013", "P29_004": "幼保連携型認定こども園高須の森", "P29_005": "兵庫県西宮市高須町1-1-20", "P29_006": "4", "P29_007": "0", "P29_008": "00", "P29_009": null }, "geometry": { "type": "Point", "coordinates": [ 135.374224691730547, 34.704286471405538 ] } },
{ "type": "Feature", "properties": { "P29_001": "28105", "P29_002": "A228310004414", "P29_003": "16013", "P29_004": "幼保連携型認定こども園聖ミカエル兵庫幼稚園", "P29_005": "兵庫県神戸市兵庫区吉田町1-1-1", "P29_006": "4", "P29_007": "0", "P29_008": "00", "P29_009": null }, "geometry": { "type": "Point", "coordinates": [ 135.172166918225571, 34.654370836139954 ] } },
{ "type": "Feature", "properties": { "P29_001": "28101", "P29_002": "A228310004423", "P29_003": "16013", "P29_004": "幼保連携型認定こども園同朋わくわくこども園", "P29_005": "兵庫県神戸市東灘区魚崎南町7-2-18", "P29_006": "4", "P29_007": "0", "P29_008": "00", "P29_009": null }, "geometry": { "type": "Point", "coordinates": [ 135.275313462930882, 34.713393098985776 ] } },
{ "type": "Feature", "properties": { "P29_001": "28109", "P29_002": "A228310004432", "P29_003": "16013", "P29_004": "神戸鹿の子道場南口園（分園）", "P29_005": "兵庫県神戸市北区道場町日下部字筧ノ詰1520", "P29_006": "4", "P29_007": "0", "P29_008": "00", "P29_009": null }, "geometry": { "type": "Point", "coordinates": [ 135.222399642726998, 34.857678766691038 ] } },
{ "type": "Feature", "properties": { "P29_001": "28111", "P29_002": "A228310004441", "P29_003": "16013", "P29_004": "幼保連携型認定こども園カナリアこども園", "P29_005": "兵庫県神戸市西区井吹台西町8-1-2", "P29_006": "4", "P29_007": "0", "P29_008": "00", "P29_009": null }, "geometry": { "type": "Point", "coordinates": [ 135.027661457568001, 34.699734917909304 ] } },
{ "type": "Feature", "properties": { "P29_001": "28201", "P29_002": "A228310004450", "P29_003": "16013", "P29_004": "別所まるやまこども園分園", "P29_005": "兵庫県姫路市別所町佐土562", "P29_006": "4", "P29_007": "0", "P29_008": "00", "P29_009": null }, "geometry": { "type": "Point", "coordinates": [ 134.747464605812752, 34.813278999921735 ] } },
{ "type": "Feature", "properties": { "P29_001": "28201", "P29_002": "A228310004469", "P29_003": "16013", "P29_004": "津田このみ学園今在家分園", "P29_005": "兵庫県姫路市飾磨区今在家6-11", "P29_006": "4", "P29_007": "0", "P29_008": "00", "P29_009": null }, "geometry": { "type": "Point", "coordinates": [ 134.657445452642946, 34.804638906980813 ] } },
{ "type": "Feature", "properties": { "P29_001": "28201", "P29_002": "A228310004478", "P29_003": "16013", "P29_004": "東山保育園", "P29_005": "兵庫県姫路市四郷町明田858-1", "P29_006": "4", "P29_007": "0", "P29_008": "00", "P29_009": null }, "geometry": { "type": "Point", "coordinates": [ 134.724944639130399, 34.791489112435208 ] } },
{ "type": "Feature", "properties": { "P29_001": "28201", "P29_002": "A228310004487", "P29_003": "16013", "P29_004": "チコハウス山びここども園広畑分園", "P29_005": "兵庫県姫路市広畑区末広町1-48", "P29_006": "4", "P29_007": "0", "P29_008": "00", "P29_009": null }, "geometry": { "type": "Point", "coordinates": [ 134.632558787789549, 34.800439588091571 ] } },
{ "type": "Feature", "properties": { "P29_001": "28202", "P29_002": "A228310004496", "P29_003": "16013", "P29_004": "みどり野保育園", "P29_005": "兵庫県尼崎市東難波町1-2-12", "P29_006": "4", "P29_007": "0", "P29_008": "00", "P29_009": null }, "geometry": { "type": "Point", "coordinates": [ 135.412709964349261, 34.732472856931409 ] } },
{ "type": "Feature", "properties": { "P29_001": "28203", "P29_002": "A228310004502", "P29_003": "16013", "P29_004": "明石さくらんぼこども園", "P29_005": "兵庫県明石市魚住町西岡1643", "P29_006": "4", "P29_007": "0", "P29_008": "00", "P29_009": null }, "geometry": { "type": "Point", "coordinates": [ 134.894156110898422, 34.692804999433775 ] } },
{ "type": "Feature", "properties": { "P29_001": "28203", "P29_002": "A228310004511", "P29_003": "16013", "P29_004": "くわのき＋アネックスこども園", "P29_005": "兵庫県明石市野々上3-10-2", "P29_006": "4", "P29_007": "0", "P29_008": "00", "P29_009": null }, "geometry": { "type": "Point", "coordinates": [ 134.96668275042407, 34.667977596398501 ] } },
{ "type": "Feature", "properties": { "P29_001": "28206", "P29_002": "A228310004520", "P29_003": "16013", "P29_004": "いせ虹こども園", "P29_005": "兵庫県芦屋市伊勢町13-14", "P29_006": "4", "P29_007": "0", "P29_008": "00", "P29_009": null }, "geometry": { "type": "Point", "coordinates": [ 135.309970247076308, 34.72155591673382 ] } },
{ "type": "Feature", "properties": { "P29_001": "28218", "P29_002": "A228310004539", "P29_003": "16013", "P29_004": "中央こども園", "P29_005": "兵庫県小野市新部町916-1", "P29_006": "4", "P29_007": "0", "P29_008": "00", "P29_009": null }, "geometry": { "type": "Point", "coordinates": [ 134.918902112879323, 34.876735562261992 ] } },
{ "type": "Feature", "properties": { "P29_001": "28218", "P29_002": "A228310004548", "P29_003": "16013", "P29_004": "白百合こども園", "P29_005": "兵庫県小野市敷地町1501-7", "P29_006": "4", "P29_007": "0", "P29_008": "00", "P29_009": null }, "geometry": { "type": "Point", "coordinates": [ 134.933815931571445, 34.858567978821249 ] } },
{ "type": "Feature", "properties": { "P29_001": "28301", "P29_002": "A228310004557", "P29_003": "16013", "P29_004": "認定こども園ＹＭＣＡしろがねこども園分園", "P29_005": "兵庫県川辺郡猪名川町白金3-2-1", "P29_006": "4", "P29_007": "0", "P29_008": "00", "P29_009": null }, "geometry": { "type": "Point", "coordinates": [ 135.364248716577094, 34.898788613318537 ] } },
{ "type": "Feature", "properties": { "P29_001": "28381", "P29_002": "A228310004566", "P29_003": "16013", "P29_004": "いなみ野母里こども園", "P29_005": "兵庫県加古郡稲美町野寺95-5", "P29_006": "4", "P29_007": "0", "P29_008": "00", "P29_009": null }, "geometry": { "type": "Point", "coordinates": [ 134.94254903582015, 34.755396719327202 ] } },
{ "type": "Feature", "properties": { "P29_001": "28215", "P29_002": "A228310004575", "P29_003": "16013", "P29_004": "よかわ認定こども園", "P29_005": "兵庫県三木市吉川町みなぎ台1-31-4", "P29_006": "4", "P29_007": "0", "P29_008": "00", "P29_009": null }, "geometry": { "type": "Point", "coordinates": [ 135.108246281356429, 34.873811322646723 ] } },
{ "type": "Feature", "properties": { "P29_001": "28220", "P29_002": "A228310004584", "P29_003": "16013", "P29_004": "公私連携幼保連携型認定こども園北条東すみれこども園", "P29_005": "兵庫県加西市北条町東高室915-2", "P29_006": "4", "P29_007": "0", "P29_008": "00", "P29_009": null }, "geometry": { "type": "Point", "coordinates": [ 134.83847641356121, 34.9233883587912 ] } },
{ "type": "Feature", "properties": { "P29_001": "28101", "P29_002": "A228310004594", "P29_003": "16013", "P29_004": "幼保連携型認定こども園ザ・ブルーノ", "P29_005": "兵庫県神戸市東灘区本山南町4-3-4", "P29_006": "4", "P29_007": "0", "P29_008": "00", "P29_009": null }, "geometry": { "type": "Point", "coordinates": [ 135.279896178447075, 34.720346495182767 ] } },
{ "type": "Feature", "properties": { "P29_001": "28110", "P29_002": "A228310004600", "P29_003": "16013", "P29_004": "幼保連携型認定こども園神戸ゆたか園ホテルオークラ神戸分園", "P29_005": "兵庫県神戸市中央区波止場町2-1-5階", "P29_006": "4", "P29_007": "0", "P29_008": "00", "P29_009": null }, "geometry": { "type": "Point", "coordinates": [ 135.187763890263909, 34.683826450621304 ] } },
{ "type": "Feature", "properties": { "P29_001": "28102", "P29_002": "A228310004619", "P29_003": "16013", "P29_004": "ホザナ幼稚園", "P29_005": "兵庫県神戸市灘区六甲町5-7-8", "P29_006": "4", "P29_007": "0", "P29_008": "00", "P29_009": null }, "geometry": { "type": "Point", "coordinates": [ 135.23177974810676, 34.714688766253673 ] } },
{ "type": "Feature", "properties": { "P29_001": "28111", "P29_002": "A228310004628", "P29_003": "16013", "P29_004": "いりえ幼稚園", "P29_005": "兵庫県神戸市西区狩場台3-6-4", "P29_006": "4", "P29_007": "0", "P29_008": "00", "P29_009": null }, "geometry": { "type": "Point", "coordinates": [ 135.031802631833074, 34.72327034616859 ] } },
{ "type": "Feature", "properties": { "P29_001": "28109", "P29_002": "A228310004637", "P29_003": "16013", "P29_004": "桜の宮こども園", "P29_005": "兵庫県神戸市北区甲栄台2-3-116", "P29_006": "4", "P29_007": "0", "P29_008": "00", "P29_009": null }, "geometry": { "type": "Point", "coordinates": [ 135.149398501559631, 34.742033252401427 ] } },
{ "type": "Feature", "properties": { "P29_001": "28109", "P29_002": "A228310004646", "P29_003": "16013", "P29_004": "幼保連携型明照認定こども園あおい分園", "P29_005": "兵庫県神戸市北区藤原台中町6-17-7", "P29_006": "4", "P29_007": "0", "P29_008": "00", "P29_009": null }, "geometry": { "type": "Point", "coordinates": [ 135.214898042536987, 34.81694612364624 ] } },
{ "type": "Feature", "properties": { "P29_001": "28109", "P29_002": "A228310004655", "P29_003": "16013", "P29_004": "幼保連携型認定いつくしみこども園かがやき分園", "P29_005": "兵庫県神戸市北区道場町日下部1621", "P29_006": "4", "P29_007": "0", "P29_008": "00", "P29_009": null }, "geometry": { "type": "Point", "coordinates": [ 135.22519466463217, 34.856977527934049 ] } },
{ "type": "Feature", "properties": { "P29_001": "28201", "P29_002": "A228310004664", "P29_003": "16013", "P29_004": "高浜コスモスこども園", "P29_005": "兵庫県姫路市飾磨区阿成渡場296", "P29_006": "4", "P29_007": "0", "P29_008": "00", "P29_009": null }, "geometry": { "type": "Point", "coordinates": [ 134.691013118260059, 34.797769006156003 ] } },
{ "type": "Feature", "properties": { "P29_001": "28201", "P29_002": "A228310004673", "P29_003": "16013", "P29_004": "エミリア・サンこども園", "P29_005": "兵庫県姫路市飾磨区下野田2-461", "P29_006": "4", "P29_007": "0", "P29_008": "00", "P29_009": null }, "geometry": { "type": "Point", "coordinates": [ 134.678438105730038, 34.797772157779455 ] } },
{ "type": "Feature", "properties": { "P29_001": "28201", "P29_002": "A228310004682", "P29_003": "16013", "P29_004": "第二姫路東こども園", "P29_005": "兵庫県姫路市東山152-1", "P29_006": "4", "P29_007": "0", "P29_008": "00", "P29_009": null }, "geometry": { "type": "Point", "coordinates": [ 134.714106594606847, 34.792945242355948 ] } },
{ "type": "Feature", "properties": { "P29_001": "28203", "P29_002": "A228310004691", "P29_003": "16013", "P29_004": "ゆたかこども園", "P29_005": "兵庫県明石市藤江756-1", "P29_006": "4", "P29_007": "0", "P29_008": "00", "P29_009": null }, "geometry": { "type": "Point", "coordinates": [ 134.952830033406315, 34.661360361628553 ] } },
{ "type": "Feature", "properties": { "P29_001": "28203", "P29_002": "A228310004708", "P29_003": "16013", "P29_004": "あかつきの森こども園", "P29_005": "兵庫県明石市魚住町清水2143-1", "P29_006": "4", "P29_007": "0", "P29_008": "00", "P29_009": null }, "geometry": { "type": "Point", "coordinates": [ 134.894817341785767, 34.71937835914899 ] } },
{ "type": "Feature", "properties": { "P29_001": "28204", "P29_002": "A228310004717", "P29_003": "16013", "P29_004": "幼保連携型認定こども園マザーシップ西宮北口こども園分園南", "P29_005": "兵庫県西宮市中島町5-8", "P29_006": "4", "P29_007": "0", "P29_008": "00", "P29_009": null }, "geometry": { "type": "Point", "coordinates": [ 135.366375391287676, 34.740083435578399 ] } },
{ "type": "Feature", "properties": { "P29_001": "28204", "P29_002": "A228310004726", "P29_003": "16013", "P29_004": "幼保連携型認定こども園安井保育園", "P29_005": "兵庫県西宮市安井町4-15", "P29_006": "4", "P29_007": "0", "P29_008": "00", "P29_009": null }, "geometry": { "type": "Point", "coordinates": [ 135.330437276253832, 34.739765841467872 ] } },
{ "type": "Feature", "properties": { "P29_001": "28204", "P29_002": "A228310004735", "P29_003": "16013", "P29_004": "幼保連携型認定こども園新甲東保育園", "P29_005": "兵庫県西宮市門戸東町3-15", "P29_006": "4", "P29_007": "0", "P29_008": "00", "P29_009": null }, "geometry": { "type": "Point", "coordinates": [ 135.357219159655784, 34.75962191298877 ] } },
{ "type": "Feature", "properties": { "P29_001": "28204", "P29_002": "A228310004744", "P29_003": "16013", "P29_004": "幼保連携型認定こども園上甲子園こども園", "P29_005": "兵庫県西宮市上甲子園5-4-1", "P29_006": "4", "P29_007": "0", "P29_008": "00", "P29_009": null }, "geometry": { "type": "Point", "coordinates": [ 135.360909093767447, 34.734762434102997 ] } },
{ "type": "Feature", "properties": { "P29_001": "28206", "P29_002": "A228310004753", "P29_003": "16013", "P29_004": "あいさいこども園", "P29_005": "兵庫県芦屋市朝日ケ丘町10-3", "P29_006": "4", "P29_007": "0", "P29_008": "00", "P29_009": null }, "geometry": { "type": "Point", "coordinates": [ 135.304880185902732, 34.745421787764641 ] } },
{ "type": "Feature", "properties": { "P29_001": "28216", "P29_002": "A228310004762", "P29_003": "16013", "P29_004": "認定こども園こどものその保育園", "P29_005": "兵庫県高砂市曽根町788-1", "P29_006": "4", "P29_007": "0", "P29_008": "00", "P29_009": null }, "geometry": { "type": "Point", "coordinates": [ 134.773313872778061, 34.783212492291661 ] } },
{ "type": "Feature", "properties": { "P29_001": "28218", "P29_002": "A228310004771", "P29_003": "16013", "P29_004": "亀鶴こども園", "P29_005": "兵庫県小野市河合中町726-1", "P29_006": "4", "P29_007": "0", "P29_008": "00", "P29_009": null }, "geometry": { "type": "Point", "coordinates": [ 134.925143375658934, 34.890644036715173 ] } },
{ "type": "Feature", "properties": { "P29_001": "28227", "P29_002": "A228310004780", "P29_003": "16013", "P29_004": "宍粟わかば", "P29_005": "兵庫県宍粟市山崎町庄能426", "P29_006": "4", "P29_007": "0", "P29_008": "00", "P29_009": null }, "geometry": { "type": "Point", "coordinates": [ 134.545327664989685, 35.013741566620553 ] } },
{ "type": "Feature", "properties": { "P29_001": "28301", "P29_002": "A228310004799", "P29_003": "16013", "P29_004": "幼保連携型認定こども園星児園七夕", "P29_005": "兵庫県川辺郡猪名川町伏見台1-1-70", "P29_006": "4", "P29_007": "0", "P29_008": "00", "P29_009": null }, "geometry": { "type": "Point", "coordinates": [ 135.391899926785271, 34.908345843635303 ] } }
]
}
