{
"type": "FeatureCollection",
"name": "geo_28_1",
"crs": { "type": "name", "properties": { "name": "urn:ogc:def:crs:OGC:1.3:CRS84" } },
"features": [
{ "type": "Feature", "properties": { "ID": 2811280000010, "正式名称": "公益財団法人　甲南会　甲南医療センター", "機関区分": 1, "都道府県コード": 28, "市区町村コード": 101, "所在地": "兵庫県神戸市東灘区鴨子ヶ原１丁目５番１６号", "緯度": 34.729055, "経度": 135.251432, "url": "https://www.iryou.teikyouseido.mhlw.go.jp/znk-web/juminkanja/S2430/initialize?prefCd=28&kikanCd=1280000010&kikanKbn=1", "url2": "http://www.kohnan.or.jp/kohnan/index.html", "内容": "公益財団法人　甲南会　甲南医療センター【1:病院】【診療科目:血液・腫瘍内科_糖尿病・内分泌内科_脳神経内科_呼吸器内科_循環器内科_消化器内科_腎臓内科_緩和ケア内科_脳神経外科_呼吸器外科_心臓血管外科_消化器外科_乳腺外科_整形外科_形成外科_小児科_産婦人科_眼科_耳鼻いんこう科_皮膚科_泌尿器科_精神科_歯科口腔外科_リウマチ科_リハビリテーション科_放射線科_病理診断科_救急科_麻酔科】【一般病床数:461療養病床数:0精神病床数:0感染症病床数:0合計病床数:461】兵庫県神戸市東灘区鴨子ヶ原１丁目５番１６号" }, "geometry": { "type": "Point", "coordinates": [ 135.251432, 34.729055 ] } },
{ "type": "Feature", "properties": { "ID": 2811280000020, "正式名称": "医療法人社団五仁会住吉川病院", "機関区分": 1, "都道府県コード": 28, "市区町村コード": 101, "所在地": "兵庫県神戸市東灘区甲南町５丁目６番７号", "緯度": 34.719807, "経度": 135.267458, "url": "https://www.iryou.teikyouseido.mhlw.go.jp/znk-web/juminkanja/S2430/initialize?prefCd=28&kikanCd=1280000020&kikanKbn=1", "url2": "http://www.gojinkai.jp/", "内容": "医療法人社団五仁会住吉川病院【1:病院】【診療科目:内科_糖尿病内科_腎臓内科_人工透析内科_神経内科_外科_リハビリテーション科】【一般病床数:45療養病床数:0精神病床数:0感染症病床数:0合計病床数:45】兵庫県神戸市東灘区甲南町５丁目６番７号" }, "geometry": { "type": "Point", "coordinates": [ 135.267458, 34.719807 ] } },
{ "type": "Feature", "properties": { "ID": 2811280000030, "正式名称": "公益財団法人甲南会　六甲アイランド甲南病院", "機関区分": 1, "都道府県コード": 28, "市区町村コード": 101, "所在地": "兵庫県神戸市東灘区向洋町中２丁目１１番地", "緯度": 34.689143, "経度": 135.270821, "url": "https://www.iryou.teikyouseido.mhlw.go.jp/znk-web/juminkanja/S2430/initialize?prefCd=28&kikanCd=1280000030&kikanKbn=1", "url2": "http://www.kohnan.or.jp/rokko/index.html", "内容": "公益財団法人甲南会　六甲アイランド甲南病院【1:病院】【診療科目:内科_循環器内科_腎臓内科_外科_整形外科_小児科_産婦人科_眼科_耳鼻いんこう科_皮膚科_泌尿器科_精神科_神経科_歯科口腔外科_リハビリテーション科】【一般病床数:198療養病床数:0精神病床数:0感染症病床数:0合計病床数:198】兵庫県神戸市東灘区向洋町中２丁目１１番地" }, "geometry": { "type": "Point", "coordinates": [ 135.270821, 34.689143 ] } },
{ "type": "Feature", "properties": { "ID": 2811280000040, "正式名称": "東神戸病院", "機関区分": 1, "都道府県コード": 28, "市区町村コード": 101, "所在地": "兵庫県神戸市東灘区住吉本町１丁目２４番１３号", "緯度": 34.722112, "経度": 135.260265, "url": "https://www.iryou.teikyouseido.mhlw.go.jp/znk-web/juminkanja/S2430/initialize?prefCd=28&kikanCd=1280000040&kikanKbn=1", "url2": "http://k-kyowakai.or.jp/eastkobehp/", "内容": "東神戸病院【1:病院】【診療科目:内科_糖尿病内科_呼吸器内科_循環器内科_消化器内科_緩和ケア内科_外科_消化器外科_肛門外科_整形外科_小児科_皮膚科_精神科_心療内科_リハビリテーション科_放射線科】【一般病床数:121療養病床数:33精神病床数:0感染症病床数:0合計病床数:154】兵庫県神戸市東灘区住吉本町１丁目２４番１３号" }, "geometry": { "type": "Point", "coordinates": [ 135.260265, 34.722112 ] } },
{ "type": "Feature", "properties": { "ID": 2811280000050, "正式名称": "医療法人明倫会宮地病院", "機関区分": 1, "都道府県コード": 28, "市区町村コード": 101, "所在地": "兵庫県神戸市東灘区本山中町４丁目１番８号", "緯度": 34.725001, "経度": 135.281013, "url": "https://www.iryou.teikyouseido.mhlw.go.jp/znk-web/juminkanja/S2430/initialize?prefCd=28&kikanCd=1280000050&kikanKbn=1", "url2": "http://meirinkai.or.jp/miyaji/", "内容": "医療法人明倫会宮地病院【1:病院】【診療科目:内科_呼吸器内科_循環器内科_消化器内科_外科_整形外科_婦人科_精神科_心療内科_リウマチ科_リハビリテーション科_放射線科】【一般病床数:44療養病床数:44精神病床数:0感染症病床数:0合計病床数:88】兵庫県神戸市東灘区本山中町４丁目１番８号" }, "geometry": { "type": "Point", "coordinates": [ 135.281013, 34.725001 ] } },
{ "type": "Feature", "properties": { "ID": 2811280000060, "正式名称": "医療法人社団中井病院", "機関区分": 1, "都道府県コード": 28, "市区町村コード": 102, "所在地": "兵庫県神戸市灘区大内通６丁目１番３号", "緯度": 34.710085, "経度": 135.221852, "url": "https://www.iryou.teikyouseido.mhlw.go.jp/znk-web/juminkanja/S2430/initialize?prefCd=28&kikanCd=1280000060&kikanKbn=1", "url2": "http://www.nakai-hp.jp/", "内容": "医療法人社団中井病院【1:病院】【診療科目:内科_循環器内科_消化器内科_インフルエンザ_外科_整形外科_形成外科_リハビリテーション科_放射線科】【一般病床数:48療養病床数:0精神病床数:0感染症病床数:0合計病床数:48】兵庫県神戸市灘区大内通６丁目１番３号" }, "geometry": { "type": "Point", "coordinates": [ 135.221852, 34.710085 ] } },
{ "type": "Feature", "properties": { "ID": 2811280000070, "正式名称": "医療法人愛和会金沢病院", "機関区分": 1, "都道府県コード": 28, "市区町村コード": 102, "所在地": "兵庫県神戸市灘区神ノ木通４丁目２番１５号", "緯度": 34.713973, "経度": 135.229073, "url": "https://www.iryou.teikyouseido.mhlw.go.jp/znk-web/juminkanja/S2430/initialize?prefCd=28&kikanCd=1280000070&kikanKbn=1", "url2": "http://www.kanazawa-hp.jp/", "内容": "医療法人愛和会金沢病院【1:病院】【診療科目:内科_循環器内科_消化器内科_外科_整形外科_眼科_精神科_心療内科_リハビリテーション科_放射線科】【一般病床数:60療養病床数:120精神病床数:0感染症病床数:0合計病床数:180】兵庫県神戸市灘区神ノ木通４丁目２番１５号" }, "geometry": { "type": "Point", "coordinates": [ 135.229073, 34.713973 ] } },
{ "type": "Feature", "properties": { "ID": 2811280000080, "正式名称": "医療法人財団神戸海星病院", "機関区分": 1, "都道府県コード": 28, "市区町村コード": 102, "所在地": "兵庫県神戸市灘区篠原北町３丁目１１番１５号", "緯度": 34.723722, "経度": 135.225628, "url": "https://www.iryou.teikyouseido.mhlw.go.jp/znk-web/juminkanja/S2430/initialize?prefCd=28&kikanCd=1280000080&kikanKbn=1", "url2": "http://www.kobe-kaisei.org", "内容": "医療法人財団神戸海星病院【1:病院】【診療科目:内科_糖尿病内科_循環器内科_消化器内科_神経内科_漢方内科_外科_乳腺外科_整形外科_婦人科_眼科_耳鼻いんこう科_皮膚科_泌尿器科_精神科_リウマチ科_リハビリテーション科_放射線科_麻酔科】【一般病床数:176療養病床数:0精神病床数:0感染症病床数:0合計病床数:176】兵庫県神戸市灘区篠原北町３丁目１１番１５号" }, "geometry": { "type": "Point", "coordinates": [ 135.225628, 34.723722 ] } },
{ "type": "Feature", "properties": { "ID": 2811280000090, "正式名称": "六甲病院", "機関区分": 1, "都道府県コード": 28, "市区町村コード": 102, "所在地": "兵庫県神戸市灘区土山町５番１号", "緯度": 34.725195, "経度": 135.242405, "url": "https://www.iryou.teikyouseido.mhlw.go.jp/znk-web/juminkanja/S2430/initialize?prefCd=28&kikanCd=1280000090&kikanKbn=1", "url2": "http://www.rokkouhp.jp/", "内容": "六甲病院【1:病院】【診療科目:内科_呼吸器内科_循環器内科_消化器内科_緩和ケア内科_インフルエンザ_外科_整形外科_眼科_耳鼻いんこう科_泌尿器科_リハビリテーション科_放射線科_麻酔科】【一般病床数:133療養病床数:45精神病床数:0感染症病床数:0合計病床数:178】兵庫県神戸市灘区土山町５番１号" }, "geometry": { "type": "Point", "coordinates": [ 135.242405, 34.725195 ] } },
{ "type": "Feature", "properties": { "ID": 2811280000100, "正式名称": "医療法人　昭生病院", "機関区分": 1, "都道府県コード": 28, "市区町村コード": 102, "所在地": "兵庫県神戸市灘区鶴甲３丁目１３番１９号", "緯度": 34.733138, "経度": 135.231877, "url": "https://www.iryou.teikyouseido.mhlw.go.jp/znk-web/juminkanja/S2430/initialize?prefCd=28&kikanCd=1280000100&kikanKbn=1", "url2": "http://www.syousei-hospital.jp", "内容": "医療法人　昭生病院【1:病院】【診療科目:内科_糖尿病内科_呼吸器内科_循環器内科_消化器内科_泌尿器科_リハビリテーション科_放射線科】【一般病床数:54療養病床数:49精神病床数:0感染症病床数:0合計病床数:103】兵庫県神戸市灘区鶴甲３丁目１３番１９号" }, "geometry": { "type": "Point", "coordinates": [ 135.231877, 34.733138 ] } },
{ "type": "Feature", "properties": { "ID": 2811280000110, "正式名称": "吉田アーデント病院", "機関区分": 1, "都道府県コード": 28, "市区町村コード": 102, "所在地": "兵庫県神戸市灘区灘北通５丁目９番１号", "緯度": 34.708826, "経度": 135.224431, "url": "https://www.iryou.teikyouseido.mhlw.go.jp/znk-web/juminkanja/S2430/initialize?prefCd=28&kikanCd=1280000110&kikanKbn=1", "url2": "http://www.yoshida-ardent-hospital.com/index.html", "内容": "吉田アーデント病院【1:病院】【診療科目:内科_呼吸器内科_循環器内科_消化器内科_神経内科_外科_脳神経外科_整形外科_形成外科_リハビリテーション科_放射線科】【一般病床数:80療養病床数:0精神病床数:0感染症病床数:0合計病床数:80】兵庫県神戸市灘区灘北通５丁目９番１号" }, "geometry": { "type": "Point", "coordinates": [ 135.224431, 34.708826 ] } },
{ "type": "Feature", "properties": { "ID": 2811280000120, "正式名称": "医療法人康雄会　西病院", "機関区分": 1, "都道府県コード": 28, "市区町村コード": 102, "所在地": "兵庫県神戸市灘区備後町３丁目２番１８号", "緯度": 34.714418, "経度": 135.240211, "url": "https://www.iryou.teikyouseido.mhlw.go.jp/znk-web/juminkanja/S2430/initialize?prefCd=28&kikanCd=1280000120&kikanKbn=1", "url2": "http://www.koyukai.or.jp", "内容": "医療法人康雄会　西病院【1:病院】【診療科目:内科_呼吸器内科_循環器内科_消化器内科_発熱外来_外科_脳神経外科_消化器外科_肛門外科_整形外科_眼科_泌尿器科_リハビリテーション科_放射線科】【一般病床数:60療養病床数:0精神病床数:0感染症病床数:0合計病床数:60】兵庫県神戸市灘区備後町３丁目２番１８号" }, "geometry": { "type": "Point", "coordinates": [ 135.240211, 34.714418 ] } },
{ "type": "Feature", "properties": { "ID": 2811280000130, "正式名称": "田所病院", "機関区分": 1, "都道府県コード": 28, "市区町村コード": 102, "所在地": "兵庫県神戸市灘区船寺通１丁目２番１号", "緯度": 34.706989, "経度": 135.230436, "url": "https://www.iryou.teikyouseido.mhlw.go.jp/znk-web/juminkanja/S2430/initialize?prefCd=28&kikanCd=1280000130&kikanKbn=1", "url2": "http://tadokorohp.jp/", "内容": "田所病院【1:病院】【診療科目:内科_脳神経外科_整形外科_皮膚科_リハビリテーション科】【一般病床数:0療養病床数:60精神病床数:0感染症病床数:0合計病床数:60】兵庫県神戸市灘区船寺通１丁目２番１号" }, "geometry": { "type": "Point", "coordinates": [ 135.230436, 34.706989 ] } },
{ "type": "Feature", "properties": { "ID": 2811280000150, "正式名称": "独立行政法人労働者健康安全機構　神戸労災病院", "機関区分": 1, "都道府県コード": 28, "市区町村コード": 110, "所在地": "兵庫県神戸市中央区籠池通４丁目１番２３号", "緯度": 34.710668, "経度": 135.207019, "url": "https://www.iryou.teikyouseido.mhlw.go.jp/znk-web/juminkanja/S2430/initialize?prefCd=28&kikanCd=1280000150&kikanKbn=1", "url2": "http://www.kobeh.johas.go.jp/", "内容": "独立行政法人労働者健康安全機構　神戸労災病院【1:病院】【診療科目:内科_糖尿病・内分泌内科_脳神経内科_呼吸器内科_循環器内科_消化器内科_腎臓内科_外科_心臓血管外科_整形外科_眼科_耳鼻いんこう科_皮膚科_泌尿器科_精神科_リハビリテーション科_放射線科_病理診断科_麻酔科】【一般病床数:314療養病床数:0精神病床数:0感染症病床数:0合計病床数:314】兵庫県神戸市中央区籠池通４丁目１番２３号" }, "geometry": { "type": "Point", "coordinates": [ 135.207019, 34.710668 ] } },
{ "type": "Feature", "properties": { "ID": 2811280000170, "正式名称": "医療法人社団明芳会　明芳病院", "機関区分": 1, "都道府県コード": 28, "市区町村コード": 110, "所在地": "兵庫県神戸市中央区神若通６丁目４－１", "緯度": 34.702724, "経度": 135.200354, "url": "https://www.iryou.teikyouseido.mhlw.go.jp/znk-web/juminkanja/S2430/initialize?prefCd=28&kikanCd=1280000170&kikanKbn=1", "url2": null, "内容": "医療法人社団明芳会　明芳病院【1:病院】【診療科目:内科_漢方内科_整形外科_リハビリテーション科】【一般病床数:0療養病床数:48精神病床数:0感染症病床数:0合計病床数:48】兵庫県神戸市中央区神若通６丁目４－１" }, "geometry": { "type": "Point", "coordinates": [ 135.200354, 34.702724 ] } },
{ "type": "Feature", "properties": { "ID": 2811280000180, "正式名称": "医療法人社団純心会　パルモア病院", "機関区分": 1, "都道府県コード": 28, "市区町村コード": 110, "所在地": "兵庫県神戸市中央区北長狭通４ー７ー２０", "緯度": 34.690614, "経度": 135.186661, "url": "https://www.iryou.teikyouseido.mhlw.go.jp/znk-web/juminkanja/S2430/initialize?prefCd=28&kikanCd=1280000180&kikanKbn=1", "url2": "www.palmore.or.jp", "内容": "医療法人社団純心会　パルモア病院【1:病院】【診療科目:内科_インフルエンザ_小児科_産婦人科】【一般病床数:70療養病床数:0精神病床数:0感染症病床数:0合計病床数:70】兵庫県神戸市中央区北長狭通４ー７ー２０" }, "geometry": { "type": "Point", "coordinates": [ 135.186661, 34.690614 ] } },
{ "type": "Feature", "properties": { "ID": 2811280000200, "正式名称": "原泌尿器科病院", "機関区分": 1, "都道府県コード": 28, "市区町村コード": 110, "所在地": "兵庫県神戸市中央区北長狭通５丁目７番１７号", "緯度": 34.68892, "経度": 135.183439, "url": "https://www.iryou.teikyouseido.mhlw.go.jp/znk-web/juminkanja/S2430/initialize?prefCd=28&kikanCd=1280000200&kikanKbn=1", "url2": "https://harahospital.jp/", "内容": "原泌尿器科病院【1:病院】【診療科目:腎臓内科_泌尿器科】【一般病床数:42療養病床数:0精神病床数:0感染症病床数:0合計病床数:42】兵庫県神戸市中央区北長狭通５丁目７番１７号" }, "geometry": { "type": "Point", "coordinates": [ 135.183439, 34.68892 ] } },
{ "type": "Feature", "properties": { "ID": 2811280000220, "正式名称": "神戸大学医学部附属病院", "機関区分": 1, "都道府県コード": 28, "市区町村コード": 110, "所在地": "兵庫県神戸市中央区楠町７丁目５番２号", "緯度": 34.685142, "経度": 135.170885, "url": "https://www.iryou.teikyouseido.mhlw.go.jp/znk-web/juminkanja/S2430/initialize?prefCd=28&kikanCd=1280000220&kikanKbn=1", "url2": "http://www.hosp.kobe-u.ac.jp/", "内容": "神戸大学医学部附属病院【1:病院】【診療科目:内科_感染症内科_血液・腫瘍内科_血液内科_糖尿病・内分泌内科_脳神経内科_呼吸器内科_循環器内科_消化器内科_腎臓内科_インフルエンザ_脳神経外科_呼吸器外科_食道外科_心臓血管外科_肝臓・胆のう・膵臓外科_乳腺・内分泌外科_整形外科_形成外科_美容外科_小児科_小児外科_産婦人科_眼科_頭頸部・耳鼻いんこう科_皮膚科_泌尿器科_精神科_矯正歯科_歯科口腔外科_リハビリテーション科_放射線科_腫瘍放射線科_病理診断科_救急科_麻酔科】【一般病床数:888療養病床数:0精神病床数:46感染症病床数:0合計病床数:934】兵庫県神戸市中央区楠町７丁目５番２号" }, "geometry": { "type": "Point", "coordinates": [ 135.170885, 34.685142 ] } },
{ "type": "Feature", "properties": { "ID": 2811280000230, "正式名称": "母と子の上田病院", "機関区分": 1, "都道府県コード": 28, "市区町村コード": 110, "所在地": "兵庫県神戸市中央区国香通１丁目１番４号", "緯度": 34.703863, "経度": 135.205714, "url": "https://www.iryou.teikyouseido.mhlw.go.jp/znk-web/juminkanja/S2430/initialize?prefCd=28&kikanCd=1280000230&kikanKbn=1", "url2": "http://www.ueda-hp.jp/", "内容": "母と子の上田病院【1:病院】【診療科目:小児科_産婦人科_麻酔科】【一般病床数:57療養病床数:0精神病床数:0感染症病床数:0合計病床数:57】兵庫県神戸市中央区国香通１丁目１番４号" }, "geometry": { "type": "Point", "coordinates": [ 135.205714, 34.703863 ] } },
{ "type": "Feature", "properties": { "ID": 2811280000240, "正式名称": "医療法人社団三聖会　三聖病院", "機関区分": 1, "都道府県コード": 28, "市区町村コード": 110, "所在地": "兵庫県神戸市中央区琴ノ緒町４丁目２番５号", "緯度": 34.696336, "経度": 135.195743, "url": "https://www.iryou.teikyouseido.mhlw.go.jp/znk-web/juminkanja/S2430/initialize?prefCd=28&kikanCd=1280000240&kikanKbn=1", "url2": "http://www.sanseihospital.com", "内容": "医療法人社団三聖会　三聖病院【1:病院】【診療科目:内科_整形外科_泌尿器科_リハビリテーション科】【一般病床数:48療養病床数:42精神病床数:0感染症病床数:0合計病床数:90】兵庫県神戸市中央区琴ノ緒町４丁目２番５号" }, "geometry": { "type": "Point", "coordinates": [ 135.195743, 34.696336 ] } },
{ "type": "Feature", "properties": { "ID": 2811280000250, "正式名称": "神戸博愛病院", "機関区分": 1, "都道府県コード": 28, "市区町村コード": 110, "所在地": "兵庫県神戸市中央区元町通７丁目１－１７", "緯度": 34.683392, "経度": 135.179079, "url": "https://www.iryou.teikyouseido.mhlw.go.jp/znk-web/juminkanja/S2430/initialize?prefCd=28&kikanCd=1280000250&kikanKbn=1", "url2": "http://www.kobehakuai-togen.com/", "内容": "神戸博愛病院【1:病院】【診療科目:内科_外科_整形外科_皮膚科_リハビリテーション科】【一般病床数:32療養病床数:88精神病床数:0感染症病床数:0合計病床数:120】兵庫県神戸市中央区元町通７丁目１－１７" }, "geometry": { "type": "Point", "coordinates": [ 135.179079, 34.683392 ] } },
{ "type": "Feature", "properties": { "ID": 2811280000270, "正式名称": "医療法人神甲会　隈病院", "機関区分": 1, "都道府県コード": 28, "市区町村コード": 110, "所在地": "兵庫県神戸市中央区下山手通８丁目２番３５号", "緯度": 34.686698, "経度": 135.179745, "url": "https://www.iryou.teikyouseido.mhlw.go.jp/znk-web/juminkanja/S2430/initialize?prefCd=28&kikanCd=1280000270&kikanKbn=1", "url2": "https://www.kuma-h.or.jp/", "内容": "医療法人神甲会　隈病院【1:病院】【診療科目:内分泌内科_乳腺・内分泌外科】【一般病床数:58療養病床数:0精神病床数:0感染症病床数:0合計病床数:58】兵庫県神戸市中央区下山手通８丁目２番３５号" }, "geometry": { "type": "Point", "coordinates": [ 135.179745, 34.686698 ] } },
{ "type": "Feature", "properties": { "ID": 2811280000290, "正式名称": "医療法人財団春日野会　春日野会病院", "機関区分": 1, "都道府県コード": 28, "市区町村コード": 110, "所在地": "兵庫県神戸市中央区野崎通４丁目１番２号", "緯度": 34.708723, "経度": 135.206381, "url": "https://www.iryou.teikyouseido.mhlw.go.jp/znk-web/juminkanja/S2430/initialize?prefCd=28&kikanCd=1280000290&kikanKbn=1", "url2": "http://www.kasuganokai.com/", "内容": "医療法人財団春日野会　春日野会病院【1:病院】【診療科目:内科_糖尿病内科_循環器内科_消化器内科_整形外科_皮膚科_リハビリテーション科】【一般病床数:60療養病床数:0精神病床数:0感染症病床数:0合計病床数:60】兵庫県神戸市中央区野崎通４丁目１番２号" }, "geometry": { "type": "Point", "coordinates": [ 135.206381, 34.708723 ] } },
{ "type": "Feature", "properties": { "ID": 2811280000300, "正式名称": "神戸市立医療センター中央市民病院", "機関区分": 1, "都道府県コード": 28, "市区町村コード": 110, "所在地": "兵庫県神戸市中央区港島南町２丁目１番１号", "緯度": 34.65959, "経度": 135.214743, "url": "https://www.iryou.teikyouseido.mhlw.go.jp/znk-web/juminkanja/S2430/initialize?prefCd=28&kikanCd=1280000300&kikanKbn=1", "url2": "http://chuo.kcho.jp/", "内容": "神戸市立医療センター中央市民病院【1:病院】【診療科目:内科_感染症内科_血液内科_糖尿病・内分泌内科_脳神経内科_呼吸器内科_循環器内科_消化器内科_腎臓内科_腫瘍内科_緩和ケア内科_膠原病リウマチ内科_外科_脳神経外科_呼吸器外科_心臓血管外科_乳腺外科_頭頸部外科_移植外科_整形外科_形成外科_小児科_新生児内科_産婦人科_眼科_耳鼻いんこう科_皮膚科_泌尿器科_精神科_神経科_歯科_歯科口腔外科_リハビリテーション科_放射線診断科_放射線治療科_病理診断科_救急科_麻酔科】【一般病床数:750療養病床数:0精神病床数:8感染症病床数:10合計病床数:768】兵庫県神戸市中央区港島南町２丁目１番１号" }, "geometry": { "type": "Point", "coordinates": [ 135.214743, 34.65959 ] } },
{ "type": "Feature", "properties": { "ID": 2811280000330, "正式名称": "神戸赤十字病院", "機関区分": 1, "都道府県コード": 28, "市区町村コード": 110, "所在地": "兵庫県神戸市中央区脇浜海岸通１丁目３番１号", "緯度": 34.696419, "経度": 135.211659, "url": "https://www.iryou.teikyouseido.mhlw.go.jp/znk-web/juminkanja/S2430/initialize?prefCd=28&kikanCd=1280000330&kikanKbn=1", "url2": "http://www.kobe.jrc.or.jp", "内容": "神戸赤十字病院【1:病院】【診療科目:内科_糖尿病・代謝内科_脳神経内科_呼吸器内科_循環器内科_消化器内科_インフルエンザ_外科_脳神経外科_呼吸器外科_心臓血管外科_消化器外科_整形外科_形成外科_婦人科_眼科_耳鼻いんこう科_皮膚科_泌尿器科_心療内科_リハビリテーション科_放射線科_麻酔科】【一般病床数:310療養病床数:0精神病床数:0感染症病床数:0合計病床数:310】兵庫県神戸市中央区脇浜海岸通１丁目３番１号" }, "geometry": { "type": "Point", "coordinates": [ 135.211659, 34.696419 ] } },
{ "type": "Feature", "properties": { "ID": 2811280000340, "正式名称": "社会医療法人神鋼記念会　神鋼記念病院", "機関区分": 1, "都道府県コード": 28, "市区町村コード": 110, "所在地": "兵庫県神戸市中央区脇浜町１丁目４番４７号", "緯度": 34.703946, "経度": 135.211158, "url": "https://www.iryou.teikyouseido.mhlw.go.jp/znk-web/juminkanja/S2430/initialize?prefCd=28&kikanCd=1280000340&kikanKbn=1", "url2": "http://www.shinkohp.or.jp/", "内容": "社会医療法人神鋼記念会　神鋼記念病院【1:病院】【診療科目:内科_血液内科_糖尿病・代謝内科_呼吸器内科_循環器内科_消化器内科_神経内科_腫瘍内科_外科_脳神経外科_呼吸器外科_消化器外科_乳腺外科_整形外科_形成外科_小児科_婦人科_眼科_耳鼻いんこう科_皮膚科_泌尿器科_精神科_リウマチ科_リハビリテーション科_放射線診断科_放射線治療科_病理診断科_救急科_麻酔科】【一般病床数:333療養病床数:0精神病床数:0感染症病床数:0合計病床数:333】兵庫県神戸市中央区脇浜町１丁目４番４７号" }, "geometry": { "type": "Point", "coordinates": [ 135.211158, 34.703946 ] } },
{ "type": "Feature", "properties": { "ID": 2811280000350, "正式名称": "医療法人　仁風会　小原病院", "機関区分": 1, "都道府県コード": 28, "市区町村コード": 105, "所在地": "兵庫県神戸市兵庫区荒田町１丁目９－１９", "緯度": 34.68117, "経度": 135.168774, "url": "https://www.iryou.teikyouseido.mhlw.go.jp/znk-web/juminkanja/S2430/initialize?prefCd=28&kikanCd=1280000350&kikanKbn=1", "url2": "http://www.ohara-hospital.jp/", "内容": "医療法人　仁風会　小原病院【1:病院】【診療科目:内科_呼吸器内科_循環器内科_消化器内科_外科_整形外科_放射線科_麻酔科】【一般病床数:145療養病床数:0精神病床数:0感染症病床数:0合計病床数:145】兵庫県神戸市兵庫区荒田町１丁目９－１９" }, "geometry": { "type": "Point", "coordinates": [ 135.168774, 34.68117 ] } },
{ "type": "Feature", "properties": { "ID": 2811280000360, "正式名称": "井上病院", "機関区分": 1, "都道府県コード": 28, "市区町村コード": 105, "所在地": "兵庫県神戸市兵庫区上沢通３丁目１番４号", "緯度": 34.677448, "経度": 135.163858, "url": "https://www.iryou.teikyouseido.mhlw.go.jp/znk-web/juminkanja/S2430/initialize?prefCd=28&kikanCd=1280000360&kikanKbn=1", "url2": "https://taiyukai.jp/inoue-hosp/", "内容": "井上病院【1:病院】【診療科目:内科_消化器内科_整形外科_リハビリテーション科_放射線科】【一般病床数:0療養病床数:56精神病床数:0感染症病床数:0合計病床数:56】兵庫県神戸市兵庫区上沢通３丁目１番４号" }, "geometry": { "type": "Point", "coordinates": [ 135.163858, 34.677448 ] } },
{ "type": "Feature", "properties": { "ID": 2811280000390, "正式名称": "社会医療法人榮昌会吉田病院", "機関区分": 1, "都道府県コード": 28, "市区町村コード": 105, "所在地": "兵庫県神戸市兵庫区大開通９丁目２番６号", "緯度": 34.669005, "経度": 135.160664, "url": "https://www.iryou.teikyouseido.mhlw.go.jp/znk-web/juminkanja/S2430/initialize?prefCd=28&kikanCd=1280000390&kikanKbn=1", "url2": "http://www.yoshida-hp.or.jp/", "内容": "社会医療法人榮昌会吉田病院【1:病院】【診療科目:内科_循環器内科_神経内科_外科_脳神経外科_リハビリテーション科_麻酔科】【一般病床数:139療養病床数:0精神病床数:0感染症病床数:0合計病床数:139】兵庫県神戸市兵庫区大開通９丁目２番６号" }, "geometry": { "type": "Point", "coordinates": [ 135.160664, 34.669005 ] } },
{ "type": "Feature", "properties": { "ID": 2811280000400, "正式名称": "湊の杜病院", "機関区分": 1, "都道府県コード": 28, "市区町村コード": 105, "所在地": "兵庫県神戸市兵庫区西多聞通１丁目１番２１号", "緯度": 34.679337, "経度": 135.17319, "url": "https://www.iryou.teikyouseido.mhlw.go.jp/znk-web/juminkanja/S2430/initialize?prefCd=28&kikanCd=1280000400&kikanKbn=1", "url2": "https://minatonomori-hp.jp/", "内容": "湊の杜病院【1:病院】【診療科目:腎臓内科_泌尿器科】【一般病床数:44療養病床数:0精神病床数:0感染症病床数:0合計病床数:44】兵庫県神戸市兵庫区西多聞通１丁目１番２１号" }, "geometry": { "type": "Point", "coordinates": [ 135.17319, 34.679337 ] } },
{ "type": "Feature", "properties": { "ID": 2811280000410, "正式名称": "医療法人　川崎病院", "機関区分": 1, "都道府県コード": 28, "市区町村コード": 105, "所在地": "兵庫県神戸市兵庫区東山町３丁目３番１号", "緯度": 34.680226, "経度": 135.162997, "url": "https://www.iryou.teikyouseido.mhlw.go.jp/znk-web/juminkanja/S2430/initialize?prefCd=28&kikanCd=1280000410&kikanKbn=1", "url2": "https://www.kawasaki-hospital-kobe.or.jp/", "内容": "医療法人　川崎病院【1:病院】【診療科目:内科_循環器内科_消化器内科_外科_血管外科_整形外科_形成外科_婦人科_眼科_耳鼻いんこう科_皮膚科_泌尿器科_歯科口腔外科_放射線科_麻酔科】【一般病床数:275療養病床数:0精神病床数:0感染症病床数:0合計病床数:275】兵庫県神戸市兵庫区東山町３丁目３番１号" }, "geometry": { "type": "Point", "coordinates": [ 135.162997, 34.680226 ] } },
{ "type": "Feature", "properties": { "ID": 2811280000420, "正式名称": "医療法人社団　顕鐘会　神戸百年記念病院", "機関区分": 1, "都道府県コード": 28, "市区町村コード": 105, "所在地": "兵庫県神戸市兵庫区御崎町１丁目９番１号", "緯度": 34.658895, "経度": 135.168692, "url": "https://www.iryou.teikyouseido.mhlw.go.jp/znk-web/juminkanja/S2430/initialize?prefCd=28&kikanCd=1280000420&kikanKbn=1", "url2": "http://www.kobe-century-mh.or.jp/", "内容": "医療法人社団　顕鐘会　神戸百年記念病院【1:病院】【診療科目:内科_呼吸器内科_循環器内科_消化器内科_腎臓内科_外科_心臓血管外科_消化器外科_肛門外科_整形外科_形成外科_小児科_産科_婦人科_眼科_耳鼻いんこう科_皮膚科_泌尿器科_精神科_リウマチ科_リハビリテーション科_放射線科_病理診断科_救急科_麻酔科】【一般病床数:199療養病床数:0精神病床数:0感染症病床数:0合計病床数:199】兵庫県神戸市兵庫区御崎町１丁目９番１号" }, "geometry": { "type": "Point", "coordinates": [ 135.168692, 34.658895 ] } },
{ "type": "Feature", "properties": { "ID": 2811280000430, "正式名称": "社会医療法人社団　正峰会　神戸大山病院", "機関区分": 1, "都道府県コード": 28, "市区町村コード": 105, "所在地": "兵庫県神戸市兵庫区水木通１０丁目１番１２号", "緯度": 34.669521, "経度": 135.15843, "url": "https://www.iryou.teikyouseido.mhlw.go.jp/znk-web/juminkanja/S2430/initialize?prefCd=28&kikanCd=1280000430&kikanKbn=1", "url2": "https://kobeohyama-hp.jp", "内容": "社会医療法人社団　正峰会　神戸大山病院【1:病院】【診療科目:内科_糖尿病内科_循環器内科_消化器内科_腎臓内科_人工透析内科_ペインクリニック内科_外科_脳神経外科_血管外科_消化器外科_乳腺外科_大腸・肛門外科_ペインクリニック外科_整形外科_泌尿器科_リハビリテーション科_麻酔科】【一般病床数:120療養病床数:0精神病床数:0感染症病床数:0合計病床数:120】兵庫県神戸市兵庫区水木通１０丁目１番１２号" }, "geometry": { "type": "Point", "coordinates": [ 135.15843, 34.669521 ] } },
{ "type": "Feature", "properties": { "ID": 2811280000440, "正式名称": "湊川病院", "機関区分": 1, "都道府県コード": 28, "市区町村コード": 105, "所在地": "兵庫県神戸市兵庫区湊川町３丁目１３番２０号", "緯度": 34.684817, "経度": 135.161031, "url": "https://www.iryou.teikyouseido.mhlw.go.jp/znk-web/juminkanja/S2430/initialize?prefCd=28&kikanCd=1280000440&kikanKbn=1", "url2": "http://www.minatogawa.jp", "内容": "湊川病院【1:病院】【診療科目:内科_精神科_神経科】【一般病床数:0療養病床数:0精神病床数:241感染症病床数:0合計病床数:241】兵庫県神戸市兵庫区湊川町３丁目１３番２０号" }, "geometry": { "type": "Point", "coordinates": [ 135.161031, 34.684817 ] } },
{ "type": "Feature", "properties": { "ID": 2811280000450, "正式名称": "三菱神戸病院", "機関区分": 1, "都道府県コード": 28, "市区町村コード": 105, "所在地": "兵庫県神戸市兵庫区和田宮通６丁目１番３４号", "緯度": 34.654895, "経度": 135.175969, "url": "https://www.iryou.teikyouseido.mhlw.go.jp/znk-web/juminkanja/S2430/initialize?prefCd=28&kikanCd=1280000450&kikanKbn=1", "url2": "https://www.mhi.com/jp/company/hospital/kobe/", "内容": "三菱神戸病院【1:病院】【診療科目:内科_呼吸器内科_循環器内科_消化器内科_腎臓内科_緩和ケア内科_インフルエンザ_外科_消化器外科_整形外科_形成外科_婦人科_眼科_耳鼻いんこう科_皮膚科_泌尿器科_心療内科_歯科口腔外科_リハビリテーション科_放射線科】【一般病床数:164療養病床数:0精神病床数:0感染症病床数:0合計病床数:164】兵庫県神戸市兵庫区和田宮通６丁目１番３４号" }, "geometry": { "type": "Point", "coordinates": [ 135.175969, 34.654895 ] } },
{ "type": "Feature", "properties": { "ID": 2811280000460, "正式名称": "神戸アドベンチスト病院", "機関区分": 1, "都道府県コード": 28, "市区町村コード": 109, "所在地": "兵庫県神戸市北区有野台８丁目４番地の１", "緯度": 34.80888, "経度": 135.22393, "url": "https://www.iryou.teikyouseido.mhlw.go.jp/znk-web/juminkanja/S2430/initialize?prefCd=28&kikanCd=1280000460&kikanKbn=1", "url2": "https://www.kahns.org", "内容": "神戸アドベンチスト病院【1:病院】【診療科目:内科_循環器内科_消化器内科_緩和ケア内科_外科_消化器外科_乳腺外科_整形外科_形成外科_小児科_産婦人科_産婦人科（生殖医療）_リハビリテーション科_放射線科_麻酔科】【一般病床数:116療養病床数:0精神病床数:0感染症病床数:0合計病床数:116】兵庫県神戸市北区有野台８丁目４番地の１" }, "geometry": { "type": "Point", "coordinates": [ 135.22393, 34.80888 ] } },
{ "type": "Feature", "properties": { "ID": 2811280000470, "正式名称": "医療法人社団甲北会　甲北病院", "機関区分": 1, "都道府県コード": 28, "市区町村コード": 109, "所在地": "兵庫県神戸市北区有野中町１丁目１８番３６号", "緯度": 34.823434, "経度": 135.224346, "url": "https://www.iryou.teikyouseido.mhlw.go.jp/znk-web/juminkanja/S2430/initialize?prefCd=28&kikanCd=1280000470&kikanKbn=1", "url2": "http://www.kouhoku-hospital.com", "内容": "医療法人社団甲北会　甲北病院【1:病院】【診療科目:内科_循環器内科_外科_整形外科_形成外科_美容外科_小児科_皮膚科_美容皮膚科_リハビリテーション科_放射線科_麻酔科】【一般病床数:20療養病床数:48精神病床数:0感染症病床数:0合計病床数:68】兵庫県神戸市北区有野中町１丁目１８番３６号" }, "geometry": { "type": "Point", "coordinates": [ 135.224346, 34.823434 ] } },
{ "type": "Feature", "properties": { "ID": 2811280000480, "正式名称": "向陽病院", "機関区分": 1, "都道府県コード": 28, "市区町村コード": 109, "所在地": "兵庫県神戸市北区有野町有野１４９０番地", "緯度": 34.815435, "経度": 135.223985, "url": "https://www.iryou.teikyouseido.mhlw.go.jp/znk-web/juminkanja/S2430/initialize?prefCd=28&kikanCd=1280000480&kikanKbn=1", "url2": "http://www.koyo.or.jp/", "内容": "向陽病院【1:病院】【診療科目:内科_精神科_歯科_放射線科】【一般病床数:0療養病床数:0精神病床数:339感染症病床数:0合計病床数:339】兵庫県神戸市北区有野町有野１４９０番地" }, "geometry": { "type": "Point", "coordinates": [ 135.223985, 34.815435 ] } },
{ "type": "Feature", "properties": { "ID": 2811280000490, "正式名称": "恒生病院", "機関区分": 1, "都道府県コード": 28, "市区町村コード": 109, "所在地": "兵庫県神戸市北区道場町日下部字中ノゴウ１７８８番地", "緯度": 34.855458, "経度": 135.223706, "url": "https://www.iryou.teikyouseido.mhlw.go.jp/znk-web/juminkanja/S2430/initialize?prefCd=28&kikanCd=1280000490&kikanKbn=1", "url2": "http://www.kosei-hp.jp/", "内容": "恒生病院【1:病院】【診療科目:内科_循環器内科_神経内科_インフルエンザ_外科_脳神経外科_整形外科_リハビリテーション科_放射線科_麻酔科】【一般病床数:59療養病床数:50精神病床数:0感染症病床数:0合計病床数:109】兵庫県神戸市北区道場町日下部字中ノゴウ１７８８番地" }, "geometry": { "type": "Point", "coordinates": [ 135.223706, 34.855458 ] } },
{ "type": "Feature", "properties": { "ID": 2811280000500, "正式名称": "有泉病院", "機関区分": 1, "都道府県コード": 28, "市区町村コード": 109, "所在地": "兵庫県神戸市北区有野中町３丁目２９番１６号", "緯度": 34.828461, "経度": 135.225013, "url": "https://www.iryou.teikyouseido.mhlw.go.jp/znk-web/juminkanja/S2430/initialize?prefCd=28&kikanCd=1280000500&kikanKbn=1", "url2": "www.keifuukai.com", "内容": "有泉病院【1:病院】【診療科目:内科_皮膚科】【一般病床数:0療養病床数:60精神病床数:0感染症病床数:0合計病床数:60】兵庫県神戸市北区有野中町３丁目２９番１６号" }, "geometry": { "type": "Point", "coordinates": [ 135.225013, 34.828461 ] } },
{ "type": "Feature", "properties": { "ID": 2811280000510, "正式名称": "医療法人甲風会有馬温泉病院", "機関区分": 1, "都道府県コード": 28, "市区町村コード": 109, "所在地": "兵庫県神戸市北区有馬町１８１９番地の２", "緯度": 34.798992, "経度": 135.258178, "url": "https://www.iryou.teikyouseido.mhlw.go.jp/znk-web/juminkanja/S2430/initialize?prefCd=28&kikanCd=1280000510&kikanKbn=1", "url2": "http://aohos.com/", "内容": "医療法人甲風会有馬温泉病院【1:病院】【診療科目:内科_外科_整形外科_リハビリテーション科_放射線科】【一般病床数:52療養病床数:252精神病床数:0感染症病床数:0合計病床数:304】兵庫県神戸市北区有馬町１８１９番地の２" }, "geometry": { "type": "Point", "coordinates": [ 135.258178, 34.798992 ] } },
{ "type": "Feature", "properties": { "ID": 2811280000520, "正式名称": "春日病院", "機関区分": 1, "都道府県コード": 28, "市区町村コード": 109, "所在地": "兵庫県神戸市北区大脇台３番１号", "緯度": 34.737525, "経度": 135.160911, "url": "https://www.iryou.teikyouseido.mhlw.go.jp/znk-web/juminkanja/S2430/initialize?prefCd=28&kikanCd=1280000520&kikanKbn=1", "url2": "https://www.kasuga.gr.jp", "内容": "春日病院【1:病院】【診療科目:内科_糖尿病内科_循環器内科_消化器内科_人工透析内科_外科_脳神経外科_整形外科_リウマチ科_リハビリテーション科】【一般病床数:47療養病床数:33精神病床数:0感染症病床数:0合計病床数:80】兵庫県神戸市北区大脇台３番１号" }, "geometry": { "type": "Point", "coordinates": [ 135.160911, 34.737525 ] } },
{ "type": "Feature", "properties": { "ID": 2811280000530, "正式名称": "医療法人社団顕修会　顕修会すずらん病院", "機関区分": 1, "都道府県コード": 28, "市区町村コード": 109, "所在地": "兵庫県神戸市北区鈴蘭台西町２丁目２１番５号", "緯度": 34.726387, "経度": 135.136997, "url": "https://www.iryou.teikyouseido.mhlw.go.jp/znk-web/juminkanja/S2430/initialize?prefCd=28&kikanCd=1280000530&kikanKbn=1", "url2": "http://www.suzuran-hospital.com/", "内容": "医療法人社団顕修会　顕修会すずらん病院【1:病院】【診療科目:内科_循環器内科_消化器内科_腎臓内科_外科_消化器外科_整形外科_リハビリテーション科】【一般病床数:88療養病床数:0精神病床数:0感染症病床数:0合計病床数:88】兵庫県神戸市北区鈴蘭台西町２丁目２１番５号" }, "geometry": { "type": "Point", "coordinates": [ 135.136997, 34.726387 ] } },
{ "type": "Feature", "properties": { "ID": 2811280000540, "正式名称": "独立行政法人地域医療機能推進機構神戸中央病院", "機関区分": 1, "都道府県コード": 28, "市区町村コード": 109, "所在地": "兵庫県神戸市北区惣山町２丁目１番地の１", "緯度": 34.736581, "経度": 135.155384, "url": "https://www.iryou.teikyouseido.mhlw.go.jp/znk-web/juminkanja/S2430/initialize?prefCd=28&kikanCd=1280000540&kikanKbn=1", "url2": "http://kobe.jcho.go.jp", "内容": "独立行政法人地域医療機能推進機構神戸中央病院【1:病院】【診療科目:内科_呼吸器内科_循環器内科_消化器内科_神経内科_なし_外科_脳神経外科_心臓血管外科_消化器外科_乳腺外科_整形外科_形成外科_小児科_婦人科_眼科_耳鼻いんこう科_皮膚科_泌尿器科_精神科_歯科口腔外科_リハビリテーション科_放射線科_病理診断科_麻酔科】【一般病床数:389療養病床数:0精神病床数:0感染症病床数:0合計病床数:389】兵庫県神戸市北区惣山町２丁目１番地の１" }, "geometry": { "type": "Point", "coordinates": [ 135.155384, 34.736581 ] } },
{ "type": "Feature", "properties": { "ID": 2811280000550, "正式名称": "ありまこうげんホスピタル", "機関区分": 1, "都道府県コード": 28, "市区町村コード": 109, "所在地": "兵庫県神戸市北区長尾町上津４６６３番地の３", "緯度": 34.888454, "経度": 135.166431, "url": "https://www.iryou.teikyouseido.mhlw.go.jp/znk-web/juminkanja/S2430/initialize?prefCd=28&kikanCd=1280000550&kikanKbn=1", "url2": "http://www.arimakougen.or.jp", "内容": "ありまこうげんホスピタル【1:病院】【診療科目:内科_精神科_心療内科_歯科】【一般病床数:0療養病床数:0精神病床数:360感染症病床数:0合計病床数:360】兵庫県神戸市北区長尾町上津４６６３番地の３" }, "geometry": { "type": "Point", "coordinates": [ 135.166431, 34.888454 ] } },
{ "type": "Feature", "properties": { "ID": 2811280000560, "正式名称": "社会福祉法人恩賜財団済生会兵庫県病院", "機関区分": 1, "都道府県コード": 28, "市区町村コード": 109, "所在地": "兵庫県神戸市北区藤原台中町５丁目１番１号", "緯度": 34.823072, "経度": 135.215014, "url": "https://www.iryou.teikyouseido.mhlw.go.jp/znk-web/juminkanja/S2430/initialize?prefCd=28&kikanCd=1280000560&kikanKbn=1", "url2": "https://saiseikai.info", "内容": "社会福祉法人恩賜財団済生会兵庫県病院【1:病院】【診療科目:内科_呼吸器内科_循環器内科_消化器内科_腎臓内科_外科_脳神経外科_呼吸器外科_整形外科_小児科_産婦人科_眼科_耳鼻いんこう科_皮膚科_泌尿器科_歯科口腔外科_アレルギー科_リウマチ科_リハビリテーション科_放射線科_病理診断科_麻酔科】【一般病床数:268療養病床数:0精神病床数:0感染症病床数:0合計病床数:268】兵庫県神戸市北区藤原台中町５丁目１番１号" }, "geometry": { "type": "Point", "coordinates": [ 135.215014, 34.823072 ] } },
{ "type": "Feature", "properties": { "ID": 2811280000570, "正式名称": "松田病院", "機関区分": 1, "都道府県コード": 28, "市区町村コード": 109, "所在地": "兵庫県神戸市北区松が枝町３丁目１番地の７４", "緯度": 34.758356, "経度": 135.154411, "url": "https://www.iryou.teikyouseido.mhlw.go.jp/znk-web/juminkanja/S2430/initialize?prefCd=28&kikanCd=1280000570&kikanKbn=1", "url2": "URL:http://www.jyowakai.or.jp/", "内容": "松田病院【1:病院】【診療科目:内科_循環器内科_消化器内科_神経内科_リハビリテーション科_放射線科】【一般病床数:44療養病床数:0精神病床数:0感染症病床数:0合計病床数:44】兵庫県神戸市北区松が枝町３丁目１番地の７４" }, "geometry": { "type": "Point", "coordinates": [ 135.154411, 34.758356 ] } },
{ "type": "Feature", "properties": { "ID": 2811280000580, "正式名称": "真星病院", "機関区分": 1, "都道府県コード": 28, "市区町村コード": 109, "所在地": "兵庫県神戸市北区山田町上谷上１２番地の３", "緯度": 34.771133, "経度": 135.189657, "url": "https://www.iryou.teikyouseido.mhlw.go.jp/znk-web/juminkanja/S2430/initialize?prefCd=28&kikanCd=1280000580&kikanKbn=1", "url2": "http://www.mahoshi.com/", "内容": "真星病院【1:病院】【診療科目:内科_糖尿病内科_呼吸器内科_循環器内科_消化器内科_胃腸内科_人工透析内科_老年内科_外科_循環器外科_消化器外科_肛門外科_整形外科_小児科_眼科_泌尿器科_精神科_リウマチ科_リハビリテーション科_放射線科_麻酔科】【一般病床数:66療養病床数:90精神病床数:0感染症病床数:0合計病床数:156】兵庫県神戸市北区山田町上谷上１２番地の３" }, "geometry": { "type": "Point", "coordinates": [ 135.189657, 34.771133 ] } },
{ "type": "Feature", "properties": { "ID": 2811280000590, "正式名称": "医療法人社団　大池病院", "機関区分": 1, "都道府県コード": 28, "市区町村コード": 109, "所在地": "兵庫県神戸市北区山田町上谷上字溲疏原２５番地", "緯度": 34.777466, "経度": 135.192518, "url": "https://www.iryou.teikyouseido.mhlw.go.jp/znk-web/juminkanja/S2430/initialize?prefCd=28&kikanCd=1280000590&kikanKbn=1", "url2": "http://www.ooike.or.jp/", "内容": "医療法人社団　大池病院【1:病院】【診療科目:精神科】【一般病床数:0療養病床数:0精神病床数:148感染症病床数:0合計病床数:148】兵庫県神戸市北区山田町上谷上字溲疏原２５番地" }, "geometry": { "type": "Point", "coordinates": [ 135.192518, 34.777466 ] } },
{ "type": "Feature", "properties": { "ID": 2811280000600, "正式名称": "兵庫県立ひょうご　こころの医療センター", "機関区分": 1, "都道府県コード": 28, "市区町村コード": 109, "所在地": "兵庫県神戸市北区山田町上谷上字登り尾３番地", "緯度": 34.764161, "経度": 135.170548, "url": "https://www.iryou.teikyouseido.mhlw.go.jp/znk-web/juminkanja/S2430/initialize?prefCd=28&kikanCd=1280000600&kikanKbn=1", "url2": "https://hmhc.jp/", "内容": "兵庫県立ひょうご　こころの医療センター【1:病院】【診療科目:内科_脳神経外科_児童精神科_精神科_老年精神科_歯科】【一般病床数:0療養病床数:0精神病床数:462感染症病床数:0合計病床数:0】兵庫県神戸市北区山田町上谷上字登り尾３番地" }, "geometry": { "type": "Point", "coordinates": [ 135.170548, 34.764161 ] } },
{ "type": "Feature", "properties": { "ID": 2811280000610, "正式名称": "神戸リハビリテーション病院", "機関区分": 1, "都道府県コード": 28, "市区町村コード": 109, "所在地": "兵庫県神戸市北区しあわせの村１番１８号", "緯度": 34.706278, "経度": 135.115333, "url": "https://www.iryou.teikyouseido.mhlw.go.jp/znk-web/juminkanja/S2430/initialize?prefCd=28&kikanCd=1280000610&kikanKbn=1", "url2": "http://kzc.jp/riha-hp/", "内容": "神戸リハビリテーション病院【1:病院】【診療科目:内科_内分泌内科_脳神経内科_循環器内科_外科_脳神経外科_整形外科_歯科_リハビリテーション科_放射線科】【一般病床数:0療養病床数:180精神病床数:0感染症病床数:0合計病床数:180】兵庫県神戸市北区しあわせの村１番１８号" }, "geometry": { "type": "Point", "coordinates": [ 135.115333, 34.706278 ] } },
{ "type": "Feature", "properties": { "ID": 2811280000630, "正式名称": "神戸医療福祉センターにこにこハウス", "機関区分": 1, "都道府県コード": 28, "市区町村コード": 109, "所在地": "兵庫県神戸市北区しあわせの村１番９号", "緯度": 34.705472, "経度": 135.111, "url": "https://www.iryou.teikyouseido.mhlw.go.jp/znk-web/juminkanja/S2430/initialize?prefCd=28&kikanCd=1280000630&kikanKbn=1", "url2": "http://www.nikonikohouse.or.jp", "内容": "神戸医療福祉センターにこにこハウス【1:病院】【診療科目:小児科_リハビリテーション科】【一般病床数:88療養病床数:0精神病床数:0感染症病床数:0合計病床数:88】兵庫県神戸市北区しあわせの村１番９号" }, "geometry": { "type": "Point", "coordinates": [ 135.111, 34.705472 ] } },
{ "type": "Feature", "properties": { "ID": 2811280000640, "正式名称": "神戸ほくと病院", "機関区分": 1, "都道府県コード": 28, "市区町村コード": 109, "所在地": "兵庫県神戸市北区山田町下谷上字梅木谷３７番３", "緯度": 34.749774, "経度": 135.155577, "url": "https://www.iryou.teikyouseido.mhlw.go.jp/znk-web/juminkanja/S2430/initialize?prefCd=28&kikanCd=1280000640&kikanKbn=1", "url2": "http://www.hokuto-hp.or.jp", "内容": "神戸ほくと病院【1:病院】【診療科目:内科_呼吸器内科_循環器内科_消化器内科_腎臓内科_人工透析内科_外科_消化器外科_肛門外科_整形外科_形成外科_美容外科_眼科_皮膚科_美容皮膚科_リウマチ科_リハビリテーション科_放射線科】【一般病床数:121療養病床数:0精神病床数:0感染症病床数:0合計病床数:121】兵庫県神戸市北区山田町下谷上字梅木谷３７番３" }, "geometry": { "type": "Point", "coordinates": [ 135.155577, 34.749774 ] } },
{ "type": "Feature", "properties": { "ID": 2811280000650, "正式名称": "神戸市立医療センター　西市民病院", "機関区分": 1, "都道府県コード": 28, "市区町村コード": 106, "所在地": "兵庫県神戸市長田区一番町２丁目４番地", "緯度": 34.66731, "経度": 135.156859, "url": "https://www.iryou.teikyouseido.mhlw.go.jp/znk-web/juminkanja/S2430/initialize?prefCd=28&kikanCd=1280000650&kikanKbn=1", "url2": "http://nishi.kcho.jp/", "内容": "神戸市立医療センター　西市民病院【1:病院】【診療科目:内科_血液内科_糖尿病・内分泌内科_脳神経内科_呼吸器内科_循環器内科_消化器内科_腎臓内科_腫瘍内科_外科_脳神経外科_呼吸器外科_血管外科_消化器外科_乳腺外科_整形外科_小児科_産婦人科_眼科_耳鼻いんこう科_皮膚科_泌尿器科_精神科_歯科口腔外科_リウマチ科_リハビリテーション科_放射線科_病理診断科_臨床検査科_救急科_麻酔科】【一般病床数:358療養病床数:0精神病床数:0感染症病床数:0合計病床数:358】兵庫県神戸市長田区一番町２丁目４番地" }, "geometry": { "type": "Point", "coordinates": [ 135.156859, 34.66731 ] } },
{ "type": "Feature", "properties": { "ID": 2811280000660, "正式名称": "公文病院", "機関区分": 1, "都道府県コード": 28, "市区町村コード": 106, "所在地": "兵庫県神戸市長田区梅ケ香町１丁目１２番７号", "緯度": 34.662366, "経度": 135.157026, "url": "https://www.iryou.teikyouseido.mhlw.go.jp/znk-web/juminkanja/S2430/initialize?prefCd=28&kikanCd=1280000660&kikanKbn=1", "url2": "http://www.kumonhospital.jp/", "内容": "公文病院【1:病院】【診療科目:内科_糖尿病内科_消化器内科_漢方内科_整形外科】【一般病床数:60療養病床数:51精神病床数:0感染症病床数:0合計病床数:111】兵庫県神戸市長田区梅ケ香町１丁目１２番７号" }, "geometry": { "type": "Point", "coordinates": [ 135.157026, 34.662366 ] } },
{ "type": "Feature", "properties": { "ID": 2811280000670, "正式名称": "神戸医療生活協同組合神戸協同病院", "機関区分": 1, "都道府県コード": 28, "市区町村コード": 106, "所在地": "兵庫県神戸市長田区久保町２丁目４番７号", "緯度": 34.655589, "経度": 135.149666, "url": "https://www.iryou.teikyouseido.mhlw.go.jp/znk-web/juminkanja/S2430/initialize?prefCd=28&kikanCd=1280000670&kikanKbn=1", "url2": "http://www.kobekyodo-hp.jp", "内容": "神戸医療生活協同組合神戸協同病院【1:病院】【診療科目:内科_内分泌内科_糖尿病・内分泌内科_脳神経内科_呼吸器内科_循環器内科_消化器内科_人工透析内科_緩和ケア内科_外科_肛門外科_整形外科_皮膚科_リハビリテーション科_放射線科_病理診断科】【一般病床数:117療養病床数:48精神病床数:0感染症病床数:0合計病床数:165】兵庫県神戸市長田区久保町２丁目４番７号" }, "geometry": { "type": "Point", "coordinates": [ 135.149666, 34.655589 ] } },
{ "type": "Feature", "properties": { "ID": 2811280000680, "正式名称": "医療法人社団十善会野瀬病院", "機関区分": 1, "都道府県コード": 28, "市区町村コード": 106, "所在地": "兵庫県神戸市長田区二葉町５丁目１－３６", "緯度": 34.652645, "経度": 135.148833, "url": "https://www.iryou.teikyouseido.mhlw.go.jp/znk-web/juminkanja/S2430/initialize?prefCd=28&kikanCd=1280000680&kikanKbn=1", "url2": "http://nose.webmedipr.jp/", "内容": "医療法人社団十善会野瀬病院【1:病院】【診療科目:内科_循環器内科_腎臓内科_外科_整形外科_形成外科_皮膚科_泌尿器科_リハビリテーション科_麻酔科】【一般病床数:30療養病床数:60精神病床数:0感染症病床数:0合計病床数:90】兵庫県神戸市長田区二葉町５丁目１－３６" }, "geometry": { "type": "Point", "coordinates": [ 135.148833, 34.652645 ] } },
{ "type": "Feature", "properties": { "ID": 2811280000690, "正式名称": "適寿リハビリテーション病院", "機関区分": 1, "都道府県コード": 28, "市区町村コード": 106, "所在地": "兵庫県神戸市長田区花山町２丁目１１番３２号", "緯度": 34.685975, "経度": 135.134971, "url": "https://www.iryou.teikyouseido.mhlw.go.jp/znk-web/juminkanja/S2430/initialize?prefCd=28&kikanCd=1280000690&kikanKbn=1", "url2": "http://www.tekiju.com", "内容": "適寿リハビリテーション病院【1:病院】【診療科目:内科_インフルエンザ_小児科_アレルギー科_リハビリテーション科】【一般病床数:110療養病床数:0精神病床数:0感染症病床数:0合計病床数:110】兵庫県神戸市長田区花山町２丁目１１番３２号" }, "geometry": { "type": "Point", "coordinates": [ 135.134971, 34.685975 ] } },
{ "type": "Feature", "properties": { "ID": 2811280000720, "正式名称": "神戸朝日病院", "機関区分": 1, "都道府県コード": 28, "市区町村コード": 106, "所在地": "兵庫県神戸市長田区房王寺町３丁目５番２５号", "緯度": 34.678587, "経度": 135.150387, "url": "https://www.iryou.teikyouseido.mhlw.go.jp/znk-web/juminkanja/S2430/initialize?prefCd=28&kikanCd=1280000720&kikanKbn=1", "url2": "https://www.kobe-asahi-hp.com", "内容": "神戸朝日病院【1:病院】【診療科目:内科_糖尿病内科_脳神経内科_呼吸器内科_循環器内科_消化器内科_腎臓内科_人工透析内科_肝臓内科_神経内科_ワクチン外来（インフルエンザ等）_外科_脳神経外科_消化器外科_肛門外科_整形外科_泌尿器科_リハビリテーション科_放射線科】【一般病床数:134療養病床数:0精神病床数:0感染症病床数:0合計病床数:134】兵庫県神戸市長田区房王寺町３丁目５番２５号" }, "geometry": { "type": "Point", "coordinates": [ 135.150387, 34.678587 ] } },
{ "type": "Feature", "properties": { "ID": 2811280000730, "正式名称": "医療法人社団丸山病院", "機関区分": 1, "都道府県コード": 28, "市区町村コード": 106, "所在地": "兵庫県神戸市長田区丸山町３丁目４番２２号", "緯度": 34.683197, "経度": 135.139804, "url": "https://www.iryou.teikyouseido.mhlw.go.jp/znk-web/juminkanja/S2430/initialize?prefCd=28&kikanCd=1280000730&kikanKbn=1", "url2": "http://maruyama-hospital.com", "内容": "医療法人社団丸山病院【1:病院】【診療科目:内科_胃腸内科_肛門内科_外科_整形外科_放射線科】【一般病床数:0療養病床数:0精神病床数:0感染症病床数:0合計病床数:94】兵庫県神戸市長田区丸山町３丁目４番２２号" }, "geometry": { "type": "Point", "coordinates": [ 135.139804, 34.683197 ] } },
{ "type": "Feature", "properties": { "ID": 2811280000740, "正式名称": "新須磨病院", "機関区分": 1, "都道府県コード": 28, "市区町村コード": 107, "所在地": "兵庫県神戸市須磨区衣掛町３丁目１番１４号", "緯度": 34.646145, "経度": 135.128335, "url": "https://www.iryou.teikyouseido.mhlw.go.jp/znk-web/juminkanja/S2430/initialize?prefCd=28&kikanCd=1280000740&kikanKbn=1", "url2": "http://www.jikeikai-group.or.jp/shinsuma", "内容": "新須磨病院【1:病院】【診療科目:内科_脳神経内科_循環器内科_インフルエンザ_外科_脳神経外科_心臓血管外科_整形外科_形成外科_婦人科_眼科_耳鼻いんこう科_皮膚科_泌尿器科_心療内科_歯科_歯科口腔外科_リハビリテーション科_放射線科_麻酔科】【一般病床数:147療養病床数:0精神病床数:0感染症病床数:0合計病床数:147】兵庫県神戸市須磨区衣掛町３丁目１番１４号" }, "geometry": { "type": "Point", "coordinates": [ 135.128335, 34.646145 ] } },
{ "type": "Feature", "properties": { "ID": 2811280000750, "正式名称": "須磨浦病院", "機関区分": 1, "都道府県コード": 28, "市区町村コード": 107, "所在地": "兵庫県神戸市須磨区一ノ谷町３丁目３番８号", "緯度": 34.639315, "経度": 135.101022, "url": "https://www.iryou.teikyouseido.mhlw.go.jp/znk-web/juminkanja/S2430/initialize?prefCd=28&kikanCd=1280000750&kikanKbn=1", "url2": "https://sumaura-hp.jp/", "内容": "須磨浦病院【1:病院】【診療科目:内科_呼吸器内科_外科_皮膚科_泌尿器科_リハビリテーション科_放射線科】【一般病床数:0療養病床数:126精神病床数:0感染症病床数:0合計病床数:126】兵庫県神戸市須磨区一ノ谷町３丁目３番８号" }, "geometry": { "type": "Point", "coordinates": [ 135.101022, 34.639315 ] } },
{ "type": "Feature", "properties": { "ID": 2811280000780, "正式名称": "医療法人一高会野村海浜病院", "機関区分": 1, "都道府県コード": 28, "市区町村コード": 107, "所在地": "兵庫県神戸市須磨区須磨浦通２丁目１番４１号", "緯度": 34.643618, "経度": 135.12128, "url": "https://www.iryou.teikyouseido.mhlw.go.jp/znk-web/juminkanja/S2430/initialize?prefCd=28&kikanCd=1280000780&kikanKbn=1", "url2": "http://www.nomura-kaihin.or.jp", "内容": "医療法人一高会野村海浜病院【1:病院】【診療科目:内科_循環器内科_消化器内科_外科_消化器外科_肛門外科_整形外科_皮膚科_泌尿器科_放射線科】【一般病床数:116療養病床数:60精神病床数:0感染症病床数:0合計病床数:176】兵庫県神戸市須磨区須磨浦通２丁目１番４１号" }, "geometry": { "type": "Point", "coordinates": [ 135.12128, 34.643618 ] } },
{ "type": "Feature", "properties": { "ID": 2811280000810, "正式名称": "独立行政法人国立病院機構神戸医療センター", "機関区分": 1, "都道府県コード": 28, "市区町村コード": 107, "所在地": "兵庫県神戸市須磨区西落合３丁目１番１号", "緯度": 34.681585, "経度": 135.084975, "url": "https://www.iryou.teikyouseido.mhlw.go.jp/znk-web/juminkanja/S2430/initialize?prefCd=28&kikanCd=1280000810&kikanKbn=1", "url2": "https://kobe.hosp.go.jp", "内容": "独立行政法人国立病院機構神戸医療センター【1:病院】【診療科目:内科_感染症内科_血液・腫瘍内科_糖尿病内科_脳神経内科_呼吸器内科_循環器内科_消化器内科_緩和ケア内科_外科_脳神経外科_呼吸器外科_消化器外科_乳腺外科_整形外科_形成外科_小児科_産科_婦人科_眼科_耳鼻いんこう科_皮膚科_泌尿器科_精神科_心療内科_リハビリテーション科_放射線科_放射線治療科_病理診断科_麻酔科】【一般病床数:304療養病床数:0精神病床数:0感染症病床数:0合計病床数:304】兵庫県神戸市須磨区西落合３丁目１番１号" }, "geometry": { "type": "Point", "coordinates": [ 135.084975, 34.681585 ] } },
{ "type": "Feature", "properties": { "ID": 2811280000820, "正式名称": "医療法人社団菫会　北須磨病院", "機関区分": 1, "都道府県コード": 28, "市区町村コード": 107, "所在地": "兵庫県神戸市須磨区東白川台１丁目１番１", "緯度": 34.692168, "経度": 135.103779, "url": "https://www.iryou.teikyouseido.mhlw.go.jp/znk-web/juminkanja/S2430/initialize?prefCd=28&kikanCd=1280000820&kikanKbn=1", "url2": "http://www.sumire.or.jp/kitasuma", "内容": "医療法人社団菫会　北須磨病院【1:病院】【診療科目:内科_糖尿病内科_呼吸器内科_循環器内科_消化器内科_外科_消化器外科_肛門外科_整形外科_眼科_耳鼻いんこう科_皮膚科_美容皮膚科_泌尿器科_リハビリテーション科_放射線科_麻酔科】【一般病床数:144療養病床数:0精神病床数:0感染症病床数:0合計病床数:144】兵庫県神戸市須磨区東白川台１丁目１番１" }, "geometry": { "type": "Point", "coordinates": [ 135.103779, 34.692168 ] } },
{ "type": "Feature", "properties": { "ID": 2811280000840, "正式名称": "高橋病院", "機関区分": 1, "都道府県コード": 28, "市区町村コード": 107, "所在地": "兵庫県神戸市須磨区大池町５丁目１８番１号", "緯度": 34.652895, "経度": 135.133695, "url": "https://www.iryou.teikyouseido.mhlw.go.jp/znk-web/juminkanja/S2430/initialize?prefCd=28&kikanCd=1280000840&kikanKbn=1", "url2": "https://www.takahashi-hp.or.jp", "内容": "高橋病院【1:病院】【診療科目:内科_循環器内科_外科_脳神経外科_心臓血管外科_整形外科_放射線科】【一般病床数:112療養病床数:0精神病床数:0感染症病床数:0合計病床数:112】兵庫県神戸市須磨区大池町５丁目１８番１号" }, "geometry": { "type": "Point", "coordinates": [ 135.133695, 34.652895 ] } },
{ "type": "Feature", "properties": { "ID": 2811280000850, "正式名称": "医療法人社団　慈恵会　新須磨リハビリテーション病院", "機関区分": 1, "都道府県コード": 28, "市区町村コード": 107, "所在地": "兵庫県神戸市須磨区友が丘７丁目１番３１号", "緯度": 34.670198, "経度": 135.101613, "url": "https://www.iryou.teikyouseido.mhlw.go.jp/znk-web/juminkanja/S2430/initialize?prefCd=28&kikanCd=1280000850&kikanKbn=1", "url2": "http://www.shinsumareha.jp/", "内容": "医療法人社団　慈恵会　新須磨リハビリテーション病院【1:病院】【診療科目:内科_整形外科_リハビリテーション科】【一般病床数:56療養病床数:0精神病床数:0感染症病床数:0合計病床数:56】兵庫県神戸市須磨区友が丘７丁目１番３１号" }, "geometry": { "type": "Point", "coordinates": [ 135.101613, 34.670198 ] } },
{ "type": "Feature", "properties": { "ID": 2811280000860, "正式名称": "医療法人徳洲会　神戸徳洲会病院", "機関区分": 1, "都道府県コード": 28, "市区町村コード": 108, "所在地": "兵庫県神戸市垂水区上高丸１丁目３番１０号", "緯度": 34.64145, "経度": 135.050397, "url": "https://www.iryou.teikyouseido.mhlw.go.jp/znk-web/juminkanja/S2430/initialize?prefCd=28&kikanCd=1280000860&kikanKbn=1", "url2": "http://www.kobetokushukai.org/", "内容": "医療法人徳洲会　神戸徳洲会病院【1:病院】【診療科目:内科_呼吸器内科_心臓血管内科_消化器内科_外科_脳神経外科_心臓血管外科_整形外科_小児科_産婦人科_眼科_皮膚科_泌尿器科_リハビリテーション科_放射線科_救急科_麻酔科】【一般病床数:230療養病床数:79精神病床数:0感染症病床数:0合計病床数:309】兵庫県神戸市垂水区上高丸１丁目３番１０号" }, "geometry": { "type": "Point", "coordinates": [ 135.050397, 34.64145 ] } },
{ "type": "Feature", "properties": { "ID": 2811280000870, "正式名称": "医療法人薫風会佐野病院", "機関区分": 1, "都道府県コード": 28, "市区町村コード": 108, "所在地": "兵庫県神戸市垂水区清水が丘２丁目５番１号", "緯度": 34.650866, "経度": 135.040786, "url": "https://www.iryou.teikyouseido.mhlw.go.jp/znk-web/juminkanja/S2430/initialize?prefCd=28&kikanCd=1280000870&kikanKbn=1", "url2": "http://www.sano-hospital.or.jp/", "内容": "医療法人薫風会佐野病院【1:病院】【診療科目:内科_糖尿病内科_消化器内科_胃腸内科_人工透析内科_内視鏡内科_緩和ケア内科_外科_消化器外科_肛門外科_大腸・肛門外科_整形外科_婦人科_リハビリテーション科_放射線科】【一般病床数:131療養病床数:0精神病床数:0感染症病床数:0合計病床数:131】兵庫県神戸市垂水区清水が丘２丁目５番１号" }, "geometry": { "type": "Point", "coordinates": [ 135.040786, 34.650866 ] } },
{ "type": "Feature", "properties": { "ID": 2811280000880, "正式名称": "医療法人　浩生会　舞子台病院", "機関区分": 1, "都道府県コード": 28, "市区町村コード": 108, "所在地": "兵庫県神戸市垂水区舞子台　７丁目２－１", "緯度": 34.6397, "経度": 135.041314, "url": "https://www.iryou.teikyouseido.mhlw.go.jp/znk-web/juminkanja/S2430/initialize?prefCd=28&kikanCd=1280000880&kikanKbn=1", "url2": "https://maikodai.kouseikai-gr.jp/", "内容": "医療法人　浩生会　舞子台病院【1:病院】【診療科目:内科_呼吸器内科_循環器内科_消化器内科_神経内科_漢方内科_インフルエンザ_外科_脳神経外科_心臓血管外科_消化器外科_整形外科_婦人科_泌尿器科_リハビリテーション科】【一般病床数:60療養病床数:60精神病床数:0感染症病床数:0合計病床数:120】兵庫県神戸市垂水区舞子台　７丁目２－１" }, "geometry": { "type": "Point", "coordinates": [ 135.041314, 34.6397 ] } },
{ "type": "Feature", "properties": { "ID": 2811280000890, "正式名称": "公益社団法人　日本海員掖済会　神戸掖済会病院", "機関区分": 1, "都道府県コード": 28, "市区町村コード": 108, "所在地": "兵庫県神戸市垂水区学が丘１丁目２１番１号", "緯度": 34.653282, "経度": 135.052952, "url": "https://www.iryou.teikyouseido.mhlw.go.jp/znk-web/juminkanja/S2430/initialize?prefCd=28&kikanCd=1280000890&kikanKbn=1", "url2": "http://www.kobe-ekisaikai.or.jp", "内容": "公益社団法人　日本海員掖済会　神戸掖済会病院【1:病院】【診療科目:内科_糖尿病内科_脳神経内科_呼吸器内科_循環器内科_消化器内科_腎臓内科_緩和ケア内科_外科_脳神経外科_血管外科_心臓血管外科_消化器外科_乳腺外科_肛門外科_整形外科_外科（化学療法）_婦人科_眼科_耳鼻いんこう科_皮膚科_泌尿器科_リウマチ科_リハビリテーション科_放射線科_病理診断科_救急科_麻酔科】【一般病床数:315療養病床数:0精神病床数:0感染症病床数:0合計病床数:315】兵庫県神戸市垂水区学が丘１丁目２１番１号" }, "geometry": { "type": "Point", "coordinates": [ 135.052952, 34.653282 ] } },
{ "type": "Feature", "properties": { "ID": 2811280000910, "正式名称": "医療法人社団菫会　名谷病院", "機関区分": 1, "都道府県コード": 28, "市区町村コード": 108, "所在地": "兵庫県神戸市垂水区名谷町字梨原２３５０番地の２", "緯度": 34.668003, "経度": 135.074755, "url": "https://www.iryou.teikyouseido.mhlw.go.jp/znk-web/juminkanja/S2430/initialize?prefCd=28&kikanCd=1280000910&kikanKbn=1", "url2": "http://www.myodani.com/", "内容": "医療法人社団菫会　名谷病院【1:病院】【診療科目:内科_糖尿病内科_循環器内科_消化器内科_外科_脳神経外科_整形外科_泌尿器科_歯科_歯科口腔外科_小児歯科_リハビリテーション科_放射線科】【一般病床数:60療養病床数:52精神病床数:0感染症病床数:0合計病床数:112】兵庫県神戸市垂水区名谷町字梨原２３５０番地の２" }, "geometry": { "type": "Point", "coordinates": [ 135.074755, 34.668003 ] } },
{ "type": "Feature", "properties": { "ID": 2811280000920, "正式名称": "兵庫県立リハビリテーション中央病院", "機関区分": 1, "都道府県コード": 28, "市区町村コード": 111, "所在地": "兵庫県神戸市西区曙町１０７０番地", "緯度": 34.670612, "経度": 134.976346, "url": "https://www.iryou.teikyouseido.mhlw.go.jp/znk-web/juminkanja/S2430/initialize?prefCd=28&kikanCd=1280000920&kikanKbn=1", "url2": "http://www.hwc.or.jp/hospital", "内容": "兵庫県立リハビリテーション中央病院【1:病院】【診療科目:内科_循環器内科_神経内科_整形外科_小児科_眼科_泌尿器科_歯科_リウマチ科_リハビリテーション科_放射線科_麻酔科】【一般病床数:520療養病床数:0精神病床数:0感染症病床数:0合計病床数:520】兵庫県神戸市西区曙町１０７０番地" }, "geometry": { "type": "Point", "coordinates": [ 134.976346, 34.670612 ] } },
{ "type": "Feature", "properties": { "ID": 2811280000930, "正式名称": "足立病院", "機関区分": 1, "都道府県コード": 28, "市区町村コード": 111, "所在地": "兵庫県神戸市西区伊川谷町有瀬６９６番地の２", "緯度": 34.662725, "経度": 135.018482, "url": "https://www.iryou.teikyouseido.mhlw.go.jp/znk-web/juminkanja/S2430/initialize?prefCd=28&kikanCd=1280000930&kikanKbn=1", "url2": "http://www.adachi-hp.net/", "内容": "足立病院【1:病院】【診療科目:内科_消化器内科_外科_脳神経外科_消化器外科_整形外科_皮膚科_歯科_歯科口腔外科_小児歯科_アレルギー科_リハビリテーション科】【一般病床数:60療養病床数:0精神病床数:0感染症病床数:0合計病床数:60】兵庫県神戸市西区伊川谷町有瀬６９６番地の２" }, "geometry": { "type": "Point", "coordinates": [ 135.018482, 34.662725 ] } },
{ "type": "Feature", "properties": { "ID": 2811280000940, "正式名称": "医療法人実風会新生病院", "機関区分": 1, "都道府県コード": 28, "市区町村コード": 111, "所在地": "兵庫県神戸市西区伊川谷町潤和２３８番地の４７５", "緯度": 34.682389, "経度": 135.005538, "url": "https://www.iryou.teikyouseido.mhlw.go.jp/znk-web/juminkanja/S2430/initialize?prefCd=28&kikanCd=1280000940&kikanKbn=1", "url2": "http://www.jippu.or.jp/", "内容": "医療法人実風会新生病院【1:病院】【診療科目:精神科】【一般病床数:0療養病床数:0精神病床数:168感染症病床数:0合計病床数:168】兵庫県神戸市西区伊川谷町潤和２３８番地の４７５" }, "geometry": { "type": "Point", "coordinates": [ 135.005538, 34.682389 ] } },
{ "type": "Feature", "properties": { "ID": 2811280000950, "正式名称": "医療法人社団紫高会　伊川谷北病院", "機関区分": 1, "都道府県コード": 28, "市区町村コード": 111, "所在地": "兵庫県神戸市西区池上１丁目７番地の１８", "緯度": 34.672808, "経度": 135.032925, "url": "https://www.iryou.teikyouseido.mhlw.go.jp/znk-web/juminkanja/S2430/initialize?prefCd=28&kikanCd=1280000950&kikanKbn=1", "url2": "https://www.ikawadani-kita.jp/", "内容": "医療法人社団紫高会　伊川谷北病院【1:病院】【診療科目:内科_皮膚科】【一般病床数:0療養病床数:56精神病床数:0感染症病床数:0合計病床数:56】兵庫県神戸市西区池上１丁目７番地の１８" }, "geometry": { "type": "Point", "coordinates": [ 135.032925, 34.672808 ] } },
{ "type": "Feature", "properties": { "ID": 2811280000970, "正式名称": "関西青少年サナトリューム", "機関区分": 1, "都道府県コード": 28, "市区町村コード": 111, "所在地": "兵庫県神戸市西区岩岡町西脇８３８番地", "緯度": 34.702914, "経度": 134.932598, "url": "https://www.iryou.teikyouseido.mhlw.go.jp/znk-web/juminkanja/S2430/initialize?prefCd=28&kikanCd=1280000970&kikanKbn=1", "url2": "http://www.tohokai.jp", "内容": "関西青少年サナトリューム【1:病院】【診療科目:精神科_神経科】【一般病床数:0療養病床数:0精神病床数:394感染症病床数:0合計病床数:394】兵庫県神戸市西区岩岡町西脇８３８番地" }, "geometry": { "type": "Point", "coordinates": [ 134.932598, 34.702914 ] } },
{ "type": "Feature", "properties": { "ID": 2811280000980, "正式名称": "みどり病院", "機関区分": 1, "都道府県コード": 28, "市区町村コード": 111, "所在地": "兵庫県神戸市西区枝吉１丁目１６番地", "緯度": 34.66403, "経度": 134.97668, "url": "https://www.iryou.teikyouseido.mhlw.go.jp/znk-web/juminkanja/S2430/initialize?prefCd=28&kikanCd=1280000980&kikanKbn=1", "url2": "http://www.midori-hp.or.jp", "内容": "みどり病院【1:病院】【診療科目:内科_血液内科_糖尿病内科_内分泌内科_呼吸器内科_循環器内科_消化器内科_腎臓内科_人工透析内科_内視鏡内科_緩和ケア内科_外科_消化器外科_整形外科_リウマチ科_リハビリテーション科】【一般病床数:108療養病床数:0精神病床数:0感染症病床数:0合計病床数:108】兵庫県神戸市西区枝吉１丁目１６番地" }, "geometry": { "type": "Point", "coordinates": [ 134.97668, 34.66403 ] } },
{ "type": "Feature", "properties": { "ID": 2811280001000, "正式名称": "公益財団法人復光会垂水病院", "機関区分": 1, "都道府県コード": 28, "市区町村コード": 111, "所在地": "兵庫県神戸市西区押部谷町西盛５６６番地", "緯度": 34.767096, "経度": 135.040108, "url": "https://www.iryou.teikyouseido.mhlw.go.jp/znk-web/juminkanja/S2430/initialize?prefCd=28&kikanCd=1280001000&kikanKbn=1", "url2": "https://www.tarumi-hospital.jp/", "内容": "公益財団法人復光会垂水病院【1:病院】【診療科目:精神科_心療内科】【一般病床数:0療養病床数:0精神病床数:289感染症病床数:0合計病床数:289】兵庫県神戸市西区押部谷町西盛５６６番地" }, "geometry": { "type": "Point", "coordinates": [ 135.040108, 34.767096 ] } },
{ "type": "Feature", "properties": { "ID": 2811280001010, "正式名称": "雄岡病院", "機関区分": 1, "都道府県コード": 28, "市区町村コード": 111, "所在地": "兵庫県神戸市西区神出町小束野４８番地の５８", "緯度": 34.767075, "経度": 134.987063, "url": "https://www.iryou.teikyouseido.mhlw.go.jp/znk-web/juminkanja/S2430/initialize?prefCd=28&kikanCd=1280001010&kikanKbn=1", "url2": "http://www.okkou.jp/", "内容": "雄岡病院【1:病院】【診療科目:精神科】【一般病床数:0療養病床数:0精神病床数:176感染症病床数:0合計病床数:176】兵庫県神戸市西区神出町小束野４８番地の５８" }, "geometry": { "type": "Point", "coordinates": [ 134.987063, 34.767075 ] } },
{ "type": "Feature", "properties": { "ID": 2811280001020, "正式名称": "医療法人　敬性会　神戸白鷺病院", "機関区分": 1, "都道府県コード": 28, "市区町村コード": 111, "所在地": "兵庫県神戸市西区神出町小束野９番地の９４", "緯度": 34.762742, "経度": 134.985424, "url": "https://www.iryou.teikyouseido.mhlw.go.jp/znk-web/juminkanja/S2430/initialize?prefCd=28&kikanCd=1280001020&kikanKbn=1", "url2": "http://www.kobe-shirasagi.or.jp/", "内容": "医療法人　敬性会　神戸白鷺病院【1:病院】【診療科目:精神科_歯科】【一般病床数:0療養病床数:0精神病床数:278感染症病床数:0合計病床数:278】兵庫県神戸市西区神出町小束野９番地の９４" }, "geometry": { "type": "Point", "coordinates": [ 134.985424, 34.762742 ] } },
{ "type": "Feature", "properties": { "ID": 2811280001030, "正式名称": "久野病院", "機関区分": 1, "都道府県コード": 28, "市区町村コード": 111, "所在地": "兵庫県神戸市西区神出町広谷６２３番地の１６", "緯度": 34.760492, "経度": 134.982119, "url": "https://www.iryou.teikyouseido.mhlw.go.jp/znk-web/juminkanja/S2430/initialize?prefCd=28&kikanCd=1280001030&kikanKbn=1", "url2": "http://www.kuno-hp.jp/", "内容": "久野病院【1:病院】【診療科目:内科_外科_皮膚科_リウマチ科_リハビリテーション科】【一般病床数:0療養病床数:118精神病床数:0感染症病床数:0合計病床数:118】兵庫県神戸市西区神出町広谷６２３番地の１６" }, "geometry": { "type": "Point", "coordinates": [ 134.982119, 34.760492 ] } },
{ "type": "Feature", "properties": { "ID": 2811280001040, "正式名称": "医療法人　聖和錦秀会　神出病院", "機関区分": 1, "都道府県コード": 28, "市区町村コード": 111, "所在地": "兵庫県神戸市西区神出町勝成７８番地の５３", "緯度": 34.77313, "経度": 134.99234, "url": "https://www.iryou.teikyouseido.mhlw.go.jp/znk-web/juminkanja/S2430/initialize?prefCd=28&kikanCd=1280001040&kikanKbn=1", "url2": "http://www.seiwa-kinshukai.or.jp/kande/", "内容": "医療法人　聖和錦秀会　神出病院【1:病院】【診療科目:内科_精神科_神経科_心療内科】【一般病床数:0療養病床数:0精神病床数:448感染症病床数:0合計病床数:448】兵庫県神戸市西区神出町勝成７８番地の５３" }, "geometry": { "type": "Point", "coordinates": [ 134.99234, 34.77313 ] } },
{ "type": "Feature", "properties": { "ID": 2811280001060, "正式名称": "医療法人　博愛会　広野高原病院", "機関区分": 1, "都道府県コード": 28, "市区町村コード": 111, "所在地": "兵庫県神戸市西区北山台３丁目１番１号", "緯度": 34.764576, "経度": 135.036142, "url": "https://www.iryou.teikyouseido.mhlw.go.jp/znk-web/juminkanja/S2430/initialize?prefCd=28&kikanCd=1280001060&kikanKbn=1", "url2": "https://hironokougen.jp/", "内容": "医療法人　博愛会　広野高原病院【1:病院】【診療科目:内科_糖尿病内科_循環器内科_消化器内科_胃腸内科_外科_肛門外科_整形外科_眼科_皮膚科_精神科_歯科_歯科口腔外科_リハビリテーション科_放射線科】【一般病床数:0療養病床数:147精神病床数:0感染症病床数:0合計病床数:147】兵庫県神戸市西区北山台３丁目１番１号" }, "geometry": { "type": "Point", "coordinates": [ 135.036142, 34.764576 ] } },
{ "type": "Feature", "properties": { "ID": 2811280001070, "正式名称": "神戸市立西神戸医療センター", "機関区分": 1, "都道府県コード": 28, "市区町村コード": 111, "所在地": "兵庫県神戸市西区糀台５丁目７番地１", "緯度": 34.716914, "経度": 135.019035, "url": "https://www.iryou.teikyouseido.mhlw.go.jp/znk-web/juminkanja/S2430/initialize?prefCd=28&kikanCd=1280001070&kikanKbn=1", "url2": "http://nmc.kcho.jp/", "内容": "神戸市立西神戸医療センター【1:病院】【診療科目:内科_血液内科_糖尿病・内分泌内科_脳神経内科_呼吸器内科_循環器内科_消化器内科_腎臓内科_腫瘍内科_緩和ケア内科_総合内科_脳神経外科_呼吸器外科_消化器外科_乳腺外科_整形外科_形成外科_小児科_産婦人科_眼科_耳鼻いんこう科_皮膚科_泌尿器科_神経科_歯科口腔外科_リハビリテーション科_放射線診断科_放射線治療科_病理診断科_救急科_麻酔科】【一般病床数:425療養病床数:0精神病床数:0感染症病床数:0合計病床数:470】兵庫県神戸市西区糀台５丁目７番地１" }, "geometry": { "type": "Point", "coordinates": [ 135.019035, 34.716914 ] } },
{ "type": "Feature", "properties": { "ID": 2811280001080, "正式名称": "医療法人社団　偕生会　偕生病院", "機関区分": 1, "都道府県コード": 28, "市区町村コード": 111, "所在地": "兵庫県神戸市西区持子３丁目２番地の２", "緯度": 34.673668, "経度": 134.981957, "url": "https://www.iryou.teikyouseido.mhlw.go.jp/znk-web/juminkanja/S2430/initialize?prefCd=28&kikanCd=1280001080&kikanKbn=1", "url2": "http://www.kaiseibyoin.com", "内容": "医療法人社団　偕生会　偕生病院【1:病院】【診療科目:内科_糖尿病内科_循環器内科_消化器内科_外科_整形外科_リウマチ科_リハビリテーション科】【一般病床数:75療養病床数:0精神病床数:0感染症病床数:0合計病床数:75】兵庫県神戸市西区持子３丁目２番地の２" }, "geometry": { "type": "Point", "coordinates": [ 134.981957, 34.673668 ] } },
{ "type": "Feature", "properties": { "ID": 2811280001090, "正式名称": "國富胃腸病院", "機関区分": 1, "都道府県コード": 28, "市区町村コード": 201, "所在地": "兵庫県姫路市青山３丁目３３番１号", "緯度": 34.843977, "経度": 134.641838, "url": "https://www.iryou.teikyouseido.mhlw.go.jp/znk-web/juminkanja/S2430/initialize?prefCd=28&kikanCd=1280001090&kikanKbn=1", "url2": "www.kunitomi-icho-hp.com", "内容": "國富胃腸病院【1:病院】【診療科目:内科_胃腸内科_老年内科_緩和ケア内科_インフルエンザ_外科_整形外科_リハビリテーション科_放射線科_麻酔科】【一般病床数:50療養病床数:180精神病床数:0感染症病床数:0合計病床数:230】兵庫県姫路市青山３丁目３３番１号" }, "geometry": { "type": "Point", "coordinates": [ 134.641838, 34.843977 ] } },
{ "type": "Feature", "properties": { "ID": 2811280001100, "正式名称": "山田病院", "機関区分": 1, "都道府県コード": 28, "市区町村コード": 201, "所在地": "兵庫県姫路市網干区興浜３９番地", "緯度": 34.779927, "経度": 134.587068, "url": "https://www.iryou.teikyouseido.mhlw.go.jp/znk-web/juminkanja/S2430/initialize?prefCd=28&kikanCd=1280001100&kikanKbn=1", "url2": "https://www.yamada-hp.com/", "内容": "山田病院【1:病院】【診療科目:内科_皮膚科】【一般病床数:0療養病床数:36精神病床数:0感染症病床数:0合計病床数:36】兵庫県姫路市網干区興浜３９番地" }, "geometry": { "type": "Point", "coordinates": [ 134.587068, 34.779927 ] } },
{ "type": "Feature", "properties": { "ID": 2811280001110, "正式名称": "社会医療法人　三栄会　ツカザキ病院", "機関区分": 1, "都道府県コード": 28, "市区町村コード": 201, "所在地": "兵庫県姫路市網干区和久６８番１", "緯度": 34.810091, "経度": 134.590094, "url": "https://www.iryou.teikyouseido.mhlw.go.jp/znk-web/juminkanja/S2430/initialize?prefCd=28&kikanCd=1280001110&kikanKbn=1", "url2": "https://www.tsukazaki-hp.jp", "内容": "社会医療法人　三栄会　ツカザキ病院【1:病院】【診療科目:内科_感染症内科_糖尿病内科_脳神経内科_呼吸器内科_循環器内科_消化器内科_人工透析内科_脳神経外科_呼吸器外科_心臓血管外科_消化器外科_乳腺外科_整形外科_形成外科_眼科_泌尿器科_リハビリテーション科_放射線科_病理診断科_救急科_麻酔科】【一般病床数:386療養病床数:0精神病床数:0感染症病床数:0合計病床数:386】兵庫県姫路市網干区和久６８番１" }, "geometry": { "type": "Point", "coordinates": [ 134.590094, 34.810091 ] } },
{ "type": "Feature", "properties": { "ID": 2811280001120, "正式名称": "社会医療法人　芙翔会　姫路愛和病院", "機関区分": 1, "都道府県コード": 28, "市区町村コード": 201, "所在地": "兵庫県姫路市飯田３丁目２１９番地の１", "緯度": 34.812342, "経度": 134.675337, "url": "https://www.iryou.teikyouseido.mhlw.go.jp/znk-web/juminkanja/S2430/initialize?prefCd=28&kikanCd=1280001120&kikanKbn=1", "url2": "http://www.aiwahp.or.jp", "内容": "社会医療法人　芙翔会　姫路愛和病院【1:病院】【診療科目:内科_糖尿病内科_呼吸器内科_循環器内科_消化器内科_インフルエンザ_外科_呼吸器外科_肛門外科_整形外科_リウマチ科_リハビリテーション科_放射線科_麻酔科】【一般病床数:55療養病床数:53精神病床数:0感染症病床数:0合計病床数:108】兵庫県姫路市飯田３丁目２１９番地の１" }, "geometry": { "type": "Point", "coordinates": [ 134.675337, 34.812342 ] } },
{ "type": "Feature", "properties": { "ID": 2811280001130, "正式名称": "姫路医療生活協同組合共立病院", "機関区分": 1, "都道府県コード": 28, "市区町村コード": 201, "所在地": "兵庫県姫路市市川台３丁目１２番地", "緯度": 34.834575, "経度": 134.715978, "url": "https://www.iryou.teikyouseido.mhlw.go.jp/znk-web/juminkanja/S2430/initialize?prefCd=28&kikanCd=1280001130&kikanKbn=1", "url2": "http://www.kyoritsuhospital.jp/", "内容": "姫路医療生活協同組合共立病院【1:病院】【診療科目:内科_呼吸器内科_循環器内科_消化器内科_神経内科_リハビリテーション科_放射線科】【一般病床数:48療養病床数:0精神病床数:0感染症病床数:0合計病床数:48】兵庫県姫路市市川台３丁目１２番地" }, "geometry": { "type": "Point", "coordinates": [ 134.715978, 34.834575 ] } },
{ "type": "Feature", "properties": { "ID": 2811280001140, "正式名称": "医療法人山伍会　播磨大塩病院", "機関区分": 1, "都道府県コード": 28, "市区町村コード": 201, "所在地": "兵庫県姫路市大塩町１０９６番地", "緯度": 34.791207, "経度": 134.758303, "url": "https://www.iryou.teikyouseido.mhlw.go.jp/znk-web/juminkanja/S2430/initialize?prefCd=28&kikanCd=1280001140&kikanKbn=1", "url2": "https://oshio-hp.com", "内容": "医療法人山伍会　播磨大塩病院【1:病院】【診療科目:精神科_神経科】【一般病床数:0療養病床数:0精神病床数:278感染症病床数:0合計病床数:278】兵庫県姫路市大塩町１０９６番地" }, "geometry": { "type": "Point", "coordinates": [ 134.758303, 34.791207 ] } },
{ "type": "Feature", "properties": { "ID": 2811280001150, "正式名称": "井野病院", "機関区分": 1, "都道府県コード": 28, "市区町村コード": 201, "所在地": "兵庫県姫路市大塩町汐咲１丁目２７番地", "緯度": 34.778403, "経度": 134.755887, "url": "https://www.iryou.teikyouseido.mhlw.go.jp/znk-web/juminkanja/S2430/initialize?prefCd=28&kikanCd=1280001150&kikanKbn=1", "url2": "http://www.inohos.com/ino", "内容": "井野病院【1:病院】【診療科目:内科_糖尿病内科_呼吸器内科_循環器内科_消化器内科_人工透析内科_神経内科_肝臓・胆のう・膵臓内科_整形外科_婦人科_眼科_耳鼻いんこう科_皮膚科_リウマチ科_リハビリテーション科_放射線科】【一般病床数:100療養病床数:0精神病床数:0感染症病床数:0合計病床数:100】兵庫県姫路市大塩町汐咲１丁目２７番地" }, "geometry": { "type": "Point", "coordinates": [ 134.755887, 34.778403 ] } },
{ "type": "Feature", "properties": { "ID": 2811280001170, "正式名称": "社会医療法人　松藤会　入江病院", "機関区分": 1, "都道府県コード": 28, "市区町村コード": 201, "所在地": "兵庫県姫路市飾磨区英賀春日町２丁目２５番地", "緯度": 34.810314, "経度": 134.642673, "url": "https://www.iryou.teikyouseido.mhlw.go.jp/znk-web/juminkanja/S2430/initialize?prefCd=28&kikanCd=1280001170&kikanKbn=1", "url2": "http://www.irie.or.jp/", "内容": "社会医療法人　松藤会　入江病院【1:病院】【診療科目:内科_糖尿病内科_循環器内科_消化器内科_腎臓内科_人工透析内科_外科_脳神経外科_消化器外科_乳腺外科_大腸・肛門外科_整形外科_泌尿器科_リハビリテーション科_麻酔科】【一般病床数:107療養病床数:92精神病床数:0感染症病床数:0合計病床数:199】兵庫県姫路市飾磨区英賀春日町２丁目２５番地" }, "geometry": { "type": "Point", "coordinates": [ 134.642673, 34.810314 ] } },
{ "type": "Feature", "properties": { "ID": 2811280001180, "正式名称": "医療法人社団　仁和会　神野病院", "機関区分": 1, "都道府県コード": 28, "市区町村コード": 201, "所在地": "兵庫県姫路市飾磨区下野田２丁目５３３番地３", "緯度": 34.799399, "経度": 134.677198, "url": "https://www.iryou.teikyouseido.mhlw.go.jp/znk-web/juminkanja/S2430/initialize?prefCd=28&kikanCd=1280001180&kikanKbn=1", "url2": "http://www.jinno-hp.or.jp/", "内容": "医療法人社団　仁和会　神野病院【1:病院】【診療科目:内科_外科_整形外科_形成外科_リウマチ科_リハビリテーション科_放射線科_麻酔科】【一般病床数:103療養病床数:0精神病床数:0感染症病床数:0合計病床数:103】兵庫県姫路市飾磨区下野田２丁目５３３番地３" }, "geometry": { "type": "Point", "coordinates": [ 134.677198, 34.799399 ] } },
{ "type": "Feature", "properties": { "ID": 2811280001190, "正式名称": "医療法人社団　健裕会　中谷病院", "機関区分": 1, "都道府県コード": 28, "市区町村コード": 201, "所在地": "兵庫県姫路市飾磨区細江２５０１", "緯度": 34.799982, "経度": 134.670477, "url": "https://www.iryou.teikyouseido.mhlw.go.jp/znk-web/juminkanja/S2430/initialize?prefCd=28&kikanCd=1280001190&kikanKbn=1", "url2": "http://www.kenyu-kai.com/", "内容": "医療法人社団　健裕会　中谷病院【1:病院】【診療科目:内科_呼吸器内科_循環器内科_消化器内科_人工透析内科_インフルエンザ_アレルギー科_リハビリテーション科】【一般病床数:0療養病床数:60精神病床数:0感染症病床数:0合計病床数:60】兵庫県姫路市飾磨区細江２５０１" }, "geometry": { "type": "Point", "coordinates": [ 134.670477, 34.799982 ] } },
{ "type": "Feature", "properties": { "ID": 2811280001200, "正式名称": "医療法人公仁会　姫路中央病院", "機関区分": 1, "都道府県コード": 28, "市区町村コード": 201, "所在地": "兵庫県姫路市飾磨区三宅２丁目３６番地", "緯度": 34.808898, "経度": 134.682336, "url": "https://www.iryou.teikyouseido.mhlw.go.jp/znk-web/juminkanja/S2430/initialize?prefCd=28&kikanCd=1280001200&kikanKbn=1", "url2": "http://www.hc-hosp.or.jp/", "内容": "医療法人公仁会　姫路中央病院【1:病院】【診療科目:内科_循環器内科_消化器内科_神経内科_外科_脳神経外科_消化器外科_乳腺外科_肛門外科_整形外科_リハビリテーション科_放射線科_病理診断科_救急科_麻酔科】【一般病床数:235療養病床数:0精神病床数:0感染症病床数:0合計病床数:235】兵庫県姫路市飾磨区三宅２丁目３６番地" }, "geometry": { "type": "Point", "coordinates": [ 134.682336, 34.808898 ] } },
{ "type": "Feature", "properties": { "ID": 2811280001210, "正式名称": "医療法人社団みどりの会酒井病院", "機関区分": 1, "都道府県コード": 28, "市区町村コード": 201, "所在地": "兵庫県姫路市飾西４１２番地１", "緯度": 34.858531, "経度": 134.642587, "url": "https://www.iryou.teikyouseido.mhlw.go.jp/znk-web/juminkanja/S2430/initialize?prefCd=28&kikanCd=1280001210&kikanKbn=1", "url2": "http://www.sakai-hp.jp", "内容": "医療法人社団みどりの会酒井病院【1:病院】【診療科目:内科_人工透析内科_外科_脳神経外科_消化器外科_整形外科_泌尿器科_リウマチ科_リハビリテーション科】【一般病床数:78療養病床数:34精神病床数:0感染症病床数:0合計病床数:112】兵庫県姫路市飾西４１２番地１" }, "geometry": { "type": "Point", "coordinates": [ 134.642587, 34.858531 ] } },
{ "type": "Feature", "properties": { "ID": 2811280001220, "正式名称": "姫路赤十字病院", "機関区分": 1, "都道府県コード": 28, "市区町村コード": 201, "所在地": "兵庫県姫路市下手野１丁目１２番１号", "緯度": 34.844088, "経度": 134.647282, "url": "https://www.iryou.teikyouseido.mhlw.go.jp/znk-web/juminkanja/S2430/initialize?prefCd=28&kikanCd=1280001220&kikanKbn=1", "url2": "https://himeji.jrc.or.jp/", "内容": "姫路赤十字病院【1:病院】【診療科目:内科_血液・腫瘍内科_糖尿病内科_呼吸器内科_循環器内科_消化器内科_腎臓内科_肝臓内科_緩和ケア内科_インフルエンザ，化学療法内科_外科_脳神経外科_呼吸器外科_心臓血管外科_消化器外科_乳腺外科_整形外科_形成外科_小児科_小児外科_産婦人科_眼科_耳鼻咽喉科頭頸部外科_皮膚科_泌尿器科_歯科_歯科口腔外科_リハビリテーション科_放射線診断科_放射線治療科_病理診断科_臨床検査科_麻酔科】【一般病床数:554療養病床数:0精神病床数:0感染症病床数:6合計病床数:560】兵庫県姫路市下手野１丁目１２番１号" }, "geometry": { "type": "Point", "coordinates": [ 134.647282, 34.844088 ] } },
{ "type": "Feature", "properties": { "ID": 2811280001230, "正式名称": "医療法人松浦会　松浦病院", "機関区分": 1, "都道府県コード": 28, "市区町村コード": 201, "所在地": "兵庫県姫路市城東町京口台１番地", "緯度": 34.832563, "経度": 134.707361, "url": "https://www.iryou.teikyouseido.mhlw.go.jp/znk-web/juminkanja/S2430/initialize?prefCd=28&kikanCd=1280001230&kikanKbn=1", "url2": null, "内容": "医療法人松浦会　松浦病院【1:病院】【診療科目:内科_整形外科_リハビリテーション科】【一般病床数:0療養病床数:54精神病床数:0感染症病床数:0合計病床数:54】兵庫県姫路市城東町京口台１番地" }, "geometry": { "type": "Point", "coordinates": [ 134.707361, 34.832563 ] } },
{ "type": "Feature", "properties": { "ID": 2811280001240, "正式名称": "医療法人社団普門会　姫路田中病院", "機関区分": 1, "都道府県コード": 28, "市区町村コード": 201, "所在地": "兵庫県姫路市書写７１７番地", "緯度": 34.873354, "経度": 134.657484, "url": "https://www.iryou.teikyouseido.mhlw.go.jp/znk-web/juminkanja/S2430/initialize?prefCd=28&kikanCd=1280001240&kikanKbn=1", "url2": "https://himeji-tanaka.com", "内容": "医療法人社団普門会　姫路田中病院【1:病院】【診療科目:内科_糖尿病・代謝内科_循環器内科_消化器内科_腎臓内科_人工透析内科_外科_整形外科_リウマチ科_リハビリテーション科_麻酔科】【一般病床数:60療養病床数:38精神病床数:0感染症病床数:0合計病床数:98】兵庫県姫路市書写７１７番地" }, "geometry": { "type": "Point", "coordinates": [ 134.657484, 34.873354 ] } },
{ "type": "Feature", "properties": { "ID": 2811280001250, "正式名称": "医療法人財団清良会書写病院", "機関区分": 1, "都道府県コード": 28, "市区町村コード": 201, "所在地": "兵庫県姫路市書写台２丁目２８番地", "緯度": 34.869308, "経度": 134.648364, "url": "https://www.iryou.teikyouseido.mhlw.go.jp/znk-web/juminkanja/S2430/initialize?prefCd=28&kikanCd=1280001250&kikanKbn=1", "url2": "http://www.mmjp.or.jp/shosha-hp", "内容": "医療法人財団清良会書写病院【1:病院】【診療科目:内科_糖尿病・代謝内科_循環器内科_消化器内科_インフルエンザ_整形外科_小児外科_皮膚科_泌尿器科_リハビリテーション科】【一般病床数:0療養病床数:92精神病床数:0感染症病床数:0合計病床数:92】兵庫県姫路市書写台２丁目２８番地" }, "geometry": { "type": "Point", "coordinates": [ 134.648364, 34.869308 ] } },
{ "type": "Feature", "properties": { "ID": 2811280001270, "正式名称": "小国病院", "機関区分": 1, "都道府県コード": 28, "市区町村コード": 201, "所在地": "兵庫県姫路市南条２丁目２３番地", "緯度": 34.810148, "経度": 134.691752, "url": "https://www.iryou.teikyouseido.mhlw.go.jp/znk-web/juminkanja/S2430/initialize?prefCd=28&kikanCd=1280001270&kikanKbn=1", "url2": "http://oguni-hp.com/", "内容": "小国病院【1:病院】【診療科目:内科_形成外科_産科_婦人科】【一般病床数:39療養病床数:0精神病床数:0感染症病床数:0合計病床数:39】兵庫県姫路市南条２丁目２３番地" }, "geometry": { "type": "Point", "coordinates": [ 134.691752, 34.810148 ] } },
{ "type": "Feature", "properties": { "ID": 2811280001280, "正式名称": "医療法人ひまわり会八家病院", "機関区分": 1, "都道府県コード": 28, "市区町村コード": 201, "所在地": "兵庫県姫路市西今宿二丁目９番５０号", "緯度": 34.844366, "経度": 134.659864, "url": "https://www.iryou.teikyouseido.mhlw.go.jp/znk-web/juminkanja/S2430/initialize?prefCd=28&kikanCd=1280001280&kikanKbn=1", "url2": "http://www.hakka-hospital.or.jp", "内容": "医療法人ひまわり会八家病院【1:病院】【診療科目:内科_脳神経内科_インフルエンザ_外科_脳神経外科_ペインクリニック外科_整形外科_心療内科_歯科_リウマチ科_リハビリテーション科_麻酔科】【一般病床数:72療養病床数:39精神病床数:0感染症病床数:0合計病床数:111】兵庫県姫路市西今宿二丁目９番５０号" }, "geometry": { "type": "Point", "coordinates": [ 134.659864, 34.844366 ] } },
{ "type": "Feature", "properties": { "ID": 2811280001290, "正式名称": "社会医療法人恵風会　高岡病院", "機関区分": 1, "都道府県コード": 28, "市区町村コード": 201, "所在地": "兵庫県姫路市西今宿５丁目３番８号", "緯度": 34.844922, "経度": 134.661142, "url": "https://www.iryou.teikyouseido.mhlw.go.jp/znk-web/juminkanja/S2430/initialize?prefCd=28&kikanCd=1280001290&kikanKbn=1", "url2": "http://www.keifukai.or.jp/", "内容": "社会医療法人恵風会　高岡病院【1:病院】【診療科目:内科_神経内科_精神科_心療内科_歯科_歯科口腔外科】【一般病床数:0療養病床数:0精神病床数:463感染症病床数:0合計病床数:463】兵庫県姫路市西今宿５丁目３番８号" }, "geometry": { "type": "Point", "coordinates": [ 134.661142, 34.844922 ] } },
{ "type": "Feature", "properties": { "ID": 2811280001300, "正式名称": "社会医療法人財団聖フランシスコ会　姫路聖マリア病院", "機関区分": 1, "都道府県コード": 28, "市区町村コード": 201, "所在地": "兵庫県姫路市仁豊野６５０番地", "緯度": 34.877753, "経度": 134.732079, "url": "https://www.iryou.teikyouseido.mhlw.go.jp/znk-web/juminkanja/S2430/initialize?prefCd=28&kikanCd=1280001300&kikanKbn=1", "url2": "http://www.himemaria.or.jp", "内容": "社会医療法人財団聖フランシスコ会　姫路聖マリア病院【1:病院】【診療科目:内科_呼吸器内科_循環器内科_消化器内科_腎臓内科_人工透析内科_神経内科_緩和ケア内科_消火器・肝臓内科_外科_消化器外科_乳腺外科_大腸・肛門外科_内視鏡外科_整形外科_形成外科_小児科_小児外科_産婦人科_眼科_耳鼻いんこう科_皮膚科_泌尿器科_アレルギー科_リハビリテーション科_放射線科_病理診断科_救急科_麻酔科】【一般病床数:425療養病床数:0精神病床数:0感染症病床数:0合計病床数:425】兵庫県姫路市仁豊野６５０番地" }, "geometry": { "type": "Point", "coordinates": [ 134.732079, 34.877753 ] } },
{ "type": "Feature", "properties": { "ID": 2811280001310, "正式名称": "医療法人全人会仁恵病院", "機関区分": 1, "都道府県コード": 28, "市区町村コード": 201, "所在地": "兵庫県姫路市野里２７５番地", "緯度": 34.841423, "経度": 134.713054, "url": "https://www.iryou.teikyouseido.mhlw.go.jp/znk-web/juminkanja/S2430/initialize?prefCd=28&kikanCd=1280001310&kikanKbn=1", "url2": "http://www.jinkei.jp/", "内容": "医療法人全人会仁恵病院【1:病院】【診療科目:神経内科_精神科_心療内科】【一般病床数:0療養病床数:0精神病床数:211感染症病床数:0合計病床数:211】兵庫県姫路市野里２７５番地" }, "geometry": { "type": "Point", "coordinates": [ 134.713054, 34.841423 ] } },
{ "type": "Feature", "properties": { "ID": 2811280001330, "正式名称": "石橋内科広畑センチュリー病院", "機関区分": 1, "都道府県コード": 28, "市区町村コード": 201, "所在地": "兵庫県姫路市広畑区正門通４丁目２番地の１", "緯度": 34.797621, "経度": 134.629258, "url": "https://www.iryou.teikyouseido.mhlw.go.jp/znk-web/juminkanja/S2430/initialize?prefCd=28&kikanCd=1280001330&kikanKbn=1", "url2": "http://www.1484naika.jp", "内容": "石橋内科広畑センチュリー病院【1:病院】【診療科目:内科_呼吸器内科_循環器内科_消化器内科_リウマチ科_リハビリテーション科】【一般病床数:0療養病床数:60精神病床数:0感染症病床数:0合計病床数:60】兵庫県姫路市広畑区正門通４丁目２番地の１" }, "geometry": { "type": "Point", "coordinates": [ 134.629258, 34.797621 ] } },
{ "type": "Feature", "properties": { "ID": 2811280001340, "正式名称": "医療法人社団光風会　長久病院", "機関区分": 1, "都道府県コード": 28, "市区町村コード": 201, "所在地": "兵庫県姫路市広畑区小松町２丁目６６番地１", "緯度": 34.802564, "経度": 134.625341, "url": "https://www.iryou.teikyouseido.mhlw.go.jp/znk-web/juminkanja/S2430/initialize?prefCd=28&kikanCd=1280001340&kikanKbn=1", "url2": "https://www.cyokyuhp.com/", "内容": "医療法人社団光風会　長久病院【1:病院】【診療科目:糖尿病内科_脳神経内科_循環器内科_消化器内科_外科_脳神経外科_整形外科_脊椎外科_心療内科_老年精神科_リウマチ科_リハビリテーション科_放射線科_麻酔科】【一般病床数:50療養病床数:0精神病床数:0感染症病床数:0合計病床数:50】兵庫県姫路市広畑区小松町２丁目６６番地１" }, "geometry": { "type": "Point", "coordinates": [ 134.625341, 34.802564 ] } },
{ "type": "Feature", "properties": { "ID": 2811280001360, "正式名称": "医療法人仁寿会石川病院", "機関区分": 1, "都道府県コード": 28, "市区町村コード": 201, "所在地": "兵庫県姫路市別所町別所二丁目１５０番地", "緯度": 34.807511, "経度": 134.752719, "url": "https://www.iryou.teikyouseido.mhlw.go.jp/znk-web/juminkanja/S2430/initialize?prefCd=28&kikanCd=1280001360&kikanKbn=1", "url2": "http://www.ishikawa-hp.or.jp", "内容": "医療法人仁寿会石川病院【1:病院】【診療科目:内科_呼吸器内科_ペインクリニック内科_インフルエンザ_外科_脳神経外科_血管外科_心臓血管外科_肛門外科_整形外科_耳鼻いんこう科_泌尿器科_リウマチ科_リハビリテーション科_放射線科_麻酔科】【一般病床数:89療養病床数:117精神病床数:0感染症病床数:0合計病床数:206】兵庫県姫路市別所町別所二丁目１５０番地" }, "geometry": { "type": "Point", "coordinates": [ 134.752719, 34.807511 ] } },
{ "type": "Feature", "properties": { "ID": 2811280001370, "正式名称": "城陽江尻病院", "機関区分": 1, "都道府県コード": 28, "市区町村コード": 201, "所在地": "兵庫県姫路市北条１丁目２７９", "緯度": 34.821536, "経度": 134.693613, "url": "https://www.iryou.teikyouseido.mhlw.go.jp/znk-web/juminkanja/S2430/initialize?prefCd=28&kikanCd=1280001370&kikanKbn=1", "url2": "https://www.ejirihospital.or.jp/", "内容": "城陽江尻病院【1:病院】【診療科目:内科_内分泌内科_脂質代謝内科_糖尿病・代謝内科_呼吸器内科_消化器内科_腎臓内科_人工透析内科_内視鏡内科_外科_呼吸器外科_消化器外科_整形外科_形成外科_眼科_泌尿器科_リハビリテーション科_放射線科】【一般病床数:102療養病床数:55精神病床数:0感染症病床数:0合計病床数:157】兵庫県姫路市北条１丁目２７９" }, "geometry": { "type": "Point", "coordinates": [ 134.693613, 34.821536 ] } },
{ "type": "Feature", "properties": { "ID": 2811280001390, "正式名称": "独立行政法人国立病院機構姫路医療センター", "機関区分": 1, "都道府県コード": 28, "市区町村コード": 201, "所在地": "兵庫県姫路市本町６８番地", "緯度": 34.838728, "経度": 134.6985, "url": "https://www.iryou.teikyouseido.mhlw.go.jp/znk-web/juminkanja/S2430/initialize?prefCd=28&kikanCd=1280001390&kikanKbn=1", "url2": "https://himeji.hosp.go.jp/", "内容": "独立行政法人国立病院機構姫路医療センター【1:病院】【診療科目:内科_血液内科_糖尿病・内分泌内科_呼吸器内科_循環器内科_消化器内科_緩和ケア内科_外科_脳神経外科_呼吸器外科_消化器外科_乳腺外科_頭頸部外科_整形外科_形成外科_小児科_婦人科_眼科_耳鼻いんこう科_皮膚科_泌尿器科_精神科_リウマチ科_リハビリテーション科_放射線診断科_放射線治療科_病理診断科_救急科_麻酔科】【一般病床数:405療養病床数:0精神病床数:0感染症病床数:0合計病床数:405】兵庫県姫路市本町６８番地" }, "geometry": { "type": "Point", "coordinates": [ 134.6985, 34.838728 ] } },
{ "type": "Feature", "properties": { "ID": 2811280001400, "正式名称": "医療法人社団　綱島会　厚生病院", "機関区分": 1, "都道府県コード": 28, "市区町村コード": 201, "所在地": "兵庫県姫路市御立西４－１－２５", "緯度": 34.861586, "経度": 134.660058, "url": "https://www.iryou.teikyouseido.mhlw.go.jp/znk-web/juminkanja/S2430/initialize?prefCd=28&kikanCd=1280001400&kikanKbn=1", "url2": "http://www.kousei-hp.jp", "内容": "医療法人社団　綱島会　厚生病院【1:病院】【診療科目:内科_呼吸器内科_循環器内科_消化器内科_胃腸内科_神経内科_眼科_皮膚科_精神科_リハビリテーション科_放射線科】【一般病床数:88療養病床数:0精神病床数:0感染症病床数:0合計病床数:88】兵庫県姫路市御立西４－１－２５" }, "geometry": { "type": "Point", "coordinates": [ 134.660058, 34.861586 ] } },
{ "type": "Feature", "properties": { "ID": 2811280001420, "正式名称": "医療法人佑健会木村病院", "機関区分": 1, "都道府県コード": 28, "市区町村コード": 201, "所在地": "兵庫県姫路市南八代町５番３号", "緯度": 34.842422, "経度": 134.687112, "url": "https://www.iryou.teikyouseido.mhlw.go.jp/znk-web/juminkanja/S2430/initialize?prefCd=28&kikanCd=1280001420&kikanKbn=1", "url2": "http://kimura-hospital.or.jp/", "内容": "医療法人佑健会木村病院【1:病院】【診療科目:肛門外科】【一般病床数:44療養病床数:0精神病床数:0感染症病床数:0合計病床数:44】兵庫県姫路市南八代町５番３号" }, "geometry": { "type": "Point", "coordinates": [ 134.687112, 34.842422 ] } },
{ "type": "Feature", "properties": { "ID": 2811280001430, "正式名称": "医療法人松浦会　姫路第一病院", "機関区分": 1, "都道府県コード": 28, "市区町村コード": 201, "所在地": "兵庫県姫路市御国野町国分寺１４３番地", "緯度": 34.821898, "経度": 134.731221, "url": "https://www.iryou.teikyouseido.mhlw.go.jp/znk-web/juminkanja/S2430/initialize?prefCd=28&kikanCd=1280001430&kikanKbn=1", "url2": "http://www.himeji-daiichi.or.jp/", "内容": "医療法人松浦会　姫路第一病院【1:病院】【診療科目:内科_循環器内科_消化器内科_外科_脳神経外科_血管外科_消化器外科_整形外科_小児科_リハビリテーション科】【一般病床数:50療養病床数:50精神病床数:0感染症病床数:0合計病床数:100】兵庫県姫路市御国野町国分寺１４３番地" }, "geometry": { "type": "Point", "coordinates": [ 134.731221, 34.821898 ] } },
{ "type": "Feature", "properties": { "ID": 2811280001440, "正式名称": "金田病院", "機関区分": 1, "都道府県コード": 28, "市区町村コード": 201, "所在地": "兵庫県姫路市夢前町前之庄２９３４番地１", "緯度": 34.970964, "経度": 134.682495, "url": "https://www.iryou.teikyouseido.mhlw.go.jp/znk-web/juminkanja/S2430/initialize?prefCd=28&kikanCd=1280001440&kikanKbn=1", "url2": "http://www.yumesaki-kai.jp", "内容": "金田病院【1:病院】【診療科目:内科_呼吸器内科_循環器内科_消化器内科_心療内科_リハビリテーション科】【一般病床数:0療養病床数:50精神病床数:0感染症病床数:0合計病床数:50】兵庫県姫路市夢前町前之庄２９３４番地１" }, "geometry": { "type": "Point", "coordinates": [ 134.682495, 34.970964 ] } },
{ "type": "Feature", "properties": { "ID": 2811280001450, "正式名称": "独立行政法人労働者健康安全機構関西労災病院", "機関区分": 1, "都道府県コード": 28, "市区町村コード": 202, "所在地": "兵庫県尼崎市稲葉荘３丁目１番６９号", "緯度": 34.735946, "経度": 135.385642, "url": "https://www.iryou.teikyouseido.mhlw.go.jp/znk-web/juminkanja/S2430/initialize?prefCd=28&kikanCd=1280001450&kikanKbn=1", "url2": "https://www.kansaih.johas.go.jp", "内容": "独立行政法人労働者健康安全機構関西労災病院【1:病院】【診療科目:内科_脳神経内科_循環器内科_消化器内科_腫瘍内科_インフルエンザ_外科_脳神経外科_呼吸器外科_心臓血管外科_消化器外科_乳腺外科_頭頸部外科_整形外科_形成外科_小児科_産婦人科_眼科_耳鼻いんこう科_皮膚科_泌尿器科_精神科_歯科_歯科口腔外科_リハビリテーション科_放射線科_放射線診断科_放射線治療科_病理診断科_麻酔科】【一般病床数:642療養病床数:0精神病床数:0感染症病床数:0合計病床数:642】兵庫県尼崎市稲葉荘３丁目１番６９号" }, "geometry": { "type": "Point", "coordinates": [ 135.385642, 34.735946 ] } },
{ "type": "Feature", "properties": { "ID": 2811280001460, "正式名称": "医療法人社団兼誠会　つかぐち病院", "機関区分": 1, "都道府県コード": 28, "市区町村コード": 202, "所在地": "兵庫県尼崎市南塚口町６－８－１", "緯度": 34.746223, "経度": 135.415528, "url": "https://www.iryou.teikyouseido.mhlw.go.jp/znk-web/juminkanja/S2430/initialize?prefCd=28&kikanCd=1280001460&kikanKbn=1", "url2": "https://www.kensei-kai-tsukaguchi.jp/", "内容": "医療法人社団兼誠会　つかぐち病院【1:病院】【診療科目:内科_呼吸器内科_循環器内科_消化器内科_インフルエンザ_心臓血管外科_整形外科_形成外科_皮膚科_リハビリテーション科_放射線科】【一般病床数:32療養病床数:120精神病床数:0感染症病床数:0合計病床数:152】兵庫県尼崎市南塚口町６－８－１" }, "geometry": { "type": "Point", "coordinates": [ 135.415528, 34.746223 ] } },
{ "type": "Feature", "properties": { "ID": 2811280001470, "正式名称": "医療法人中馬医療財団　中馬病院", "機関区分": 1, "都道府県コード": 28, "市区町村コード": 202, "所在地": "兵庫県尼崎市開明町３丁目２９番地", "緯度": 34.71659, "経度": 135.414628, "url": "https://www.iryou.teikyouseido.mhlw.go.jp/znk-web/juminkanja/S2430/initialize?prefCd=28&kikanCd=1280001470&kikanKbn=1", "url2": "http://www.chuma.biz/", "内容": "医療法人中馬医療財団　中馬病院【1:病院】【診療科目:内科_循環器内科_消化器内科_外科_整形外科_精神科_リハビリテーション科_放射線科】【一般病床数:0療養病床数:65精神病床数:0感染症病床数:0合計病床数:65】兵庫県尼崎市開明町３丁目２９番地" }, "geometry": { "type": "Point", "coordinates": [ 135.414628, 34.71659 ] } },
{ "type": "Feature", "properties": { "ID": 2811280001490, "正式名称": "医療法人社団　斐庵会　わしだ病院", "機関区分": 1, "都道府県コード": 28, "市区町村コード": 202, "所在地": "兵庫県尼崎市三反田町２丁目１６番１８号", "緯度": 34.740335, "経度": 135.408585, "url": "https://www.iryou.teikyouseido.mhlw.go.jp/znk-web/juminkanja/S2430/initialize?prefCd=28&kikanCd=1280001490&kikanKbn=1", "url2": "http://www.washida-hp.com", "内容": "医療法人社団　斐庵会　わしだ病院【1:病院】【診療科目:内科_脳神経内科_消化器内科_小児科_放射線科】【一般病床数:0療養病床数:61精神病床数:0感染症病床数:0合計病床数:61】兵庫県尼崎市三反田町２丁目１６番１８号" }, "geometry": { "type": "Point", "coordinates": [ 135.408585, 34.740335 ] } },
{ "type": "Feature", "properties": { "ID": 2811280001500, "正式名称": "社会医療法人中央会尼崎中央病院", "機関区分": 1, "都道府県コード": 28, "市区町村コード": 202, "所在地": "兵庫県尼崎市潮江１丁目１２番１号", "緯度": 34.733808, "経度": 135.433888, "url": "https://www.iryou.teikyouseido.mhlw.go.jp/znk-web/juminkanja/S2430/initialize?prefCd=28&kikanCd=1280001500&kikanKbn=1", "url2": "http://www.chuoukai.or.jp", "内容": "社会医療法人中央会尼崎中央病院【1:病院】【診療科目:内科_血液内科_糖尿病内科_脳神経内科_呼吸器内科_循環器内科_消化器内科_アレルギー疾患内科_外科_脳神経外科_呼吸器外科_心臓血管外科_消化器外科_乳腺外科_肛門外科_整形外科_婦人科_眼科_耳鼻いんこう科_皮膚科_泌尿器科_心療内科_歯科_歯科口腔外科_アレルギー科_リウマチ科_リハビリテーション科_放射線科_病理診断科_救急科_麻酔科】【一般病床数:189療養病床数:27精神病床数:0感染症病床数:0合計病床数:216】兵庫県尼崎市潮江１丁目１２番１号" }, "geometry": { "type": "Point", "coordinates": [ 135.433888, 34.733808 ] } },
{ "type": "Feature", "properties": { "ID": 2811280001510, "正式名称": "医療法人　緑清会　樋口胃腸病院", "機関区分": 1, "都道府県コード": 28, "市区町村コード": 202, "所在地": "兵庫県尼崎市昭和通１丁目１７番６号", "緯度": 34.719893, "経度": 135.425445, "url": "https://www.iryou.teikyouseido.mhlw.go.jp/znk-web/juminkanja/S2430/initialize?prefCd=28&kikanCd=1280001510&kikanKbn=1", "url2": "http://www.higuchi-hp.server-shared.com/", "内容": "医療法人　緑清会　樋口胃腸病院【1:病院】【診療科目:内科_呼吸器内科_消化器内科_胃腸内科_インフルエンザ（改行）新型コロナ_肛門外科_放射線科】【一般病床数:57療養病床数:0精神病床数:0感染症病床数:0合計病床数:57】兵庫県尼崎市昭和通１丁目１７番６号" }, "geometry": { "type": "Point", "coordinates": [ 135.425445, 34.719893 ] } },
{ "type": "Feature", "properties": { "ID": 2811280001520, "正式名称": "近藤病院", "機関区分": 1, "都道府県コード": 28, "市区町村コード": 202, "所在地": "兵庫県尼崎市昭和通４丁目１１４番地", "緯度": 34.721642, "経度": 135.413224, "url": "https://www.iryou.teikyouseido.mhlw.go.jp/znk-web/juminkanja/S2430/initialize?prefCd=28&kikanCd=1280001520&kikanKbn=1", "url2": "http://www.kondohospital.com", "内容": "近藤病院【1:病院】【診療科目:内科_循環器内科_消化器内科_神経内科_インフルエンザ_外科_脳神経外科_整形外科_形成外科_美容外科_小児科_眼科_泌尿器科_リウマチ科_リハビリテーション科_放射線科】【一般病床数:99療養病床数:0精神病床数:0感染症病床数:0合計病床数:99】兵庫県尼崎市昭和通４丁目１１４番地" }, "geometry": { "type": "Point", "coordinates": [ 135.413224, 34.721642 ] } },
{ "type": "Feature", "properties": { "ID": 2811280001530, "正式名称": "医療法人尼崎厚生会　立花病院", "機関区分": 1, "都道府県コード": 28, "市区町村コード": 202, "所在地": "兵庫県尼崎市立花町４丁目３番１８号", "緯度": 34.74014, "経度": 135.39828, "url": "https://www.iryou.teikyouseido.mhlw.go.jp/znk-web/juminkanja/S2430/initialize?prefCd=28&kikanCd=1280001530&kikanKbn=1", "url2": "http://tachibana-hp.net/", "内容": "医療法人尼崎厚生会　立花病院【1:病院】【診療科目:内科_糖尿病・内分泌内科_呼吸器内科_消化器内科_インフルエンザ_外科_脳神経外科_整形外科_皮膚科_アレルギー科_リハビリテーション科_放射線科】【一般病床数:68療養病床数:204精神病床数:0感染症病床数:0合計病床数:272】兵庫県尼崎市立花町４丁目３番１８号" }, "geometry": { "type": "Point", "coordinates": [ 135.39828, 34.74014 ] } },
{ "type": "Feature", "properties": { "ID": 2811280001540, "正式名称": "池田病院", "機関区分": 1, "都道府県コード": 28, "市区町村コード": 202, "所在地": "兵庫県尼崎市塚口町１丁目１８番地の５", "緯度": 34.754, "経度": 135.414, "url": "https://www.iryou.teikyouseido.mhlw.go.jp/znk-web/juminkanja/S2430/initialize?prefCd=28&kikanCd=1280001540&kikanKbn=1", "url2": "http://www.ikeda-hp.jp/", "内容": "池田病院【1:病院】【診療科目:内科_糖尿病内科】【一般病床数:37療養病床数:0精神病床数:0感染症病床数:0合計病床数:37】兵庫県尼崎市塚口町１丁目１８番地の５" }, "geometry": { "type": "Point", "coordinates": [ 135.414, 34.754 ] } },
{ "type": "Feature", "properties": { "ID": 2811280001550, "正式名称": "医療法人社団　敬誠会　合志病院", "機関区分": 1, "都道府県コード": 28, "市区町村コード": 202, "所在地": "兵庫県尼崎市長洲西通１丁目８番２０号", "緯度": 34.727003, "経度": 135.429611, "url": "https://www.iryou.teikyouseido.mhlw.go.jp/znk-web/juminkanja/S2430/initialize?prefCd=28&kikanCd=1280001550&kikanKbn=1", "url2": "http://www.gohshi.or.jp/", "内容": "医療法人社団　敬誠会　合志病院【1:病院】【診療科目:内科_消化器内科_インフルエンザ_外科_脳神経外科_肛門外科_整形外科_リウマチ科_リハビリテーション科_放射線科】【一般病床数:99療養病床数:0精神病床数:0感染症病床数:0合計病床数:99】兵庫県尼崎市長洲西通１丁目８番２０号" }, "geometry": { "type": "Point", "coordinates": [ 135.429611, 34.727003 ] } },
{ "type": "Feature", "properties": { "ID": 2811280001570, "正式名称": "医療法人　岡田病院", "機関区分": 1, "都道府県コード": 28, "市区町村コード": 202, "所在地": "兵庫県尼崎市西難波町４丁目５番１８号", "緯度": 34.723781, "経度": 135.407363, "url": "https://www.iryou.teikyouseido.mhlw.go.jp/znk-web/juminkanja/S2430/initialize?prefCd=28&kikanCd=1280001570&kikanKbn=1", "url2": "http://www.okadahospital.com/", "内容": "医療法人　岡田病院【1:病院】【診療科目:内科_呼吸器内科_消化器内科_インフルエンザ_外科_消化器外科_肛門外科_整形外科_皮膚科_精神科_リハビリテーション科_放射線科】【一般病床数:25療養病床数:35精神病床数:0感染症病床数:0合計病床数:60】兵庫県尼崎市西難波町４丁目５番１８号" }, "geometry": { "type": "Point", "coordinates": [ 135.407363, 34.723781 ] } },
{ "type": "Feature", "properties": { "ID": 2811280001580, "正式名称": "尼崎新都心病院", "機関区分": 1, "都道府県コード": 28, "市区町村コード": 202, "所在地": "兵庫県尼崎市潮江１丁目３番４３号", "緯度": 34.734725, "経度": 135.431805, "url": "https://www.iryou.teikyouseido.mhlw.go.jp/znk-web/juminkanja/S2430/initialize?prefCd=28&kikanCd=1280001580&kikanKbn=1", "url2": "https://www.amagasakinth.or.jp", "内容": "尼崎新都心病院【1:病院】【診療科目:内科_糖尿病内科_循環器内科_消化器内科_人工透析内科_インフルエンザ_外科_脳神経外科_整形外科_リハビリテーション科_放射線科_救急科】【一般病床数:104療養病床数:46精神病床数:0感染症病床数:0合計病床数:150】兵庫県尼崎市潮江１丁目３番４３号" }, "geometry": { "type": "Point", "coordinates": [ 135.431805, 34.734725 ] } },
{ "type": "Feature", "properties": { "ID": 2811280001590, "正式名称": "神崎病院", "機関区分": 1, "都道府県コード": 28, "市区町村コード": 202, "所在地": "兵庫県尼崎市浜３丁目１番１０号", "緯度": 34.735641, "経度": 135.43536, "url": "https://www.iryou.teikyouseido.mhlw.go.jp/znk-web/juminkanja/S2430/initialize?prefCd=28&kikanCd=1280001590&kikanKbn=1", "url2": null, "内容": "神崎病院【1:病院】【診療科目:内科_循環器内科_消化器内科_外科_整形外科_放射線科】【一般病床数:0療養病床数:57精神病床数:0感染症病床数:0合計病床数:57】兵庫県尼崎市浜３丁目１番１０号" }, "geometry": { "type": "Point", "coordinates": [ 135.43536, 34.735641 ] } },
{ "type": "Feature", "properties": { "ID": 2811280001600, "正式名称": "医療法人旭会園田病院", "機関区分": 1, "都道府県コード": 28, "市区町村コード": 202, "所在地": "兵庫県尼崎市東園田町２丁目４８番地の７", "緯度": 34.757917, "経度": 135.448553, "url": "https://www.iryou.teikyouseido.mhlw.go.jp/znk-web/juminkanja/S2430/initialize?prefCd=28&kikanCd=1280001600&kikanKbn=1", "url2": "https://www.sonodamedic.or.jp/medic/", "内容": "医療法人旭会園田病院【1:病院】【診療科目:内科_呼吸器内科_胃腸内科_神経内科_発熱外来_外科_肛門外科_リハビリテーション科_放射線科】【一般病床数:0療養病床数:84精神病床数:0感染症病床数:0合計病床数:84】兵庫県尼崎市東園田町２丁目４８番地の７" }, "geometry": { "type": "Point", "coordinates": [ 135.448553, 34.757917 ] } },
{ "type": "Feature", "properties": { "ID": 2811280001610, "正式名称": "アイワ病院", "機関区分": 1, "都道府県コード": 28, "市区町村コード": 202, "所在地": "兵庫県尼崎市東園田町４－１０１－４", "緯度": 34.753872, "経度": 135.445475, "url": "https://www.iryou.teikyouseido.mhlw.go.jp/znk-web/juminkanja/S2430/initialize?prefCd=28&kikanCd=1280001610&kikanKbn=1", "url2": "http://www.seisyu-kai.com/", "内容": "アイワ病院【1:病院】【診療科目:内科_外科_整形外科】【一般病床数:46療養病床数:0精神病床数:0感染症病床数:0合計病床数:46】兵庫県尼崎市東園田町４－１０１－４" }, "geometry": { "type": "Point", "coordinates": [ 135.445475, 34.753872 ] } },
{ "type": "Feature", "properties": { "ID": 2811280001640, "正式名称": "安藤病院", "機関区分": 1, "都道府県コード": 28, "市区町村コード": 202, "所在地": "兵庫県尼崎市東難波町５丁目１９番１６号", "緯度": 34.722337, "経度": 135.415752, "url": "https://www.iryou.teikyouseido.mhlw.go.jp/znk-web/juminkanja/S2430/initialize?prefCd=28&kikanCd=1280001640&kikanKbn=1", "url2": "http://chiseikai.com/", "内容": "安藤病院【1:病院】【診療科目:内科_呼吸器内科_循環器内科_消化器内科_胃腸内科_外科_脳神経外科_消化器外科_胃腸外科_肛門外科_整形外科_眼科_歯科_歯科口腔外科_リハビリテーション科_放射線科_麻酔科】【一般病床数:102療養病床数:51精神病床数:0感染症病床数:0合計病床数:153】兵庫県尼崎市東難波町５丁目１９番１６号" }, "geometry": { "type": "Point", "coordinates": [ 135.415752, 34.722337 ] } },
{ "type": "Feature", "properties": { "ID": 2811280001670, "正式名称": "尼崎医療生協病院", "機関区分": 1, "都道府県コード": 28, "市区町村コード": 202, "所在地": "兵庫県尼崎市南武庫之荘１２丁目１６番１号", "緯度": 34.740112, "経度": 135.384892, "url": "https://www.iryou.teikyouseido.mhlw.go.jp/znk-web/juminkanja/S2430/initialize?prefCd=28&kikanCd=1280001670&kikanKbn=1", "url2": "https://ama-hch.jp/", "内容": "尼崎医療生協病院【1:病院】【診療科目:内科_糖尿病・代謝内科_呼吸器内科_循環器内科_消化器内科_外科_脳神経外科_消化器外科_肛門外科_整形外科_小児科_産婦人科_皮膚科_泌尿器科_精神科_心療内科_アレルギー科_リウマチ科_リハビリテーション科_放射線科_麻酔科】【一般病床数:199療養病床数:0精神病床数:0感染症病床数:0合計病床数:199】兵庫県尼崎市南武庫之荘１２丁目１６番１号" }, "geometry": { "type": "Point", "coordinates": [ 135.384892, 34.740112 ] } },
{ "type": "Feature", "properties": { "ID": 2811280001690, "正式名称": "医療法人純徳会　田中病院", "機関区分": 1, "都道府県コード": 28, "市区町村コード": 202, "所在地": "兵庫県尼崎市武庫川町２丁目２番地", "緯度": 34.716226, "経度": 135.388032, "url": "https://www.iryou.teikyouseido.mhlw.go.jp/znk-web/juminkanja/S2430/initialize?prefCd=28&kikanCd=1280001690&kikanKbn=1", "url2": "http://juntokukai.or.jp", "内容": "医療法人純徳会　田中病院【1:病院】【診療科目:内科_外科_整形外科_皮膚科_泌尿器科_リハビリテーション科_放射線科】【一般病床数:131療養病床数:0精神病床数:0感染症病床数:0合計病床数:131】兵庫県尼崎市武庫川町２丁目２番地" }, "geometry": { "type": "Point", "coordinates": [ 135.388032, 34.716226 ] } },
{ "type": "Feature", "properties": { "ID": 2811280001700, "正式名称": "医療法人中馬医療財団　西武庫病院", "機関区分": 1, "都道府県コード": 28, "市区町村コード": 202, "所在地": "兵庫県尼崎市武庫元町２丁目４－１３", "緯度": 34.755916, "経度": 135.379503, "url": "https://www.iryou.teikyouseido.mhlw.go.jp/znk-web/juminkanja/S2430/initialize?prefCd=28&kikanCd=1280001700&kikanKbn=1", "url2": "www.nishimuko-hp.com", "内容": "医療法人中馬医療財団　西武庫病院【1:病院】【診療科目:内科_循環器内科_消化器内科_神経内科_外科_脳神経外科_整形外科_泌尿器科_リハビリテーション科】【一般病床数:0療養病床数:59精神病床数:0感染症病床数:0合計病床数:59】兵庫県尼崎市武庫元町２丁目４－１３" }, "geometry": { "type": "Point", "coordinates": [ 135.379503, 34.755916 ] } },
{ "type": "Feature", "properties": { "ID": 2811280001710, "正式名称": "明和病院", "機関区分": 1, "都道府県コード": 28, "市区町村コード": 204, "所在地": "兵庫県西宮市上鳴尾町４番３１号", "緯度": 34.722336, "経度": 135.370172, "url": "https://www.iryou.teikyouseido.mhlw.go.jp/znk-web/juminkanja/S2430/initialize?prefCd=28&kikanCd=1280001710&kikanKbn=1", "url2": "https://www.meiwa-hospital.com/", "内容": "明和病院【1:病院】【診療科目:内科_血液内科_糖尿病・内分泌内科_呼吸器内科_循環器内科_消化器内科_腎臓内科_人工透析内科_腫瘍内科_インフルエンザ_外科_呼吸器外科_消化器外科_乳腺・内分泌外科_肛門外科_ペインクリニック外科_整形外科_形成外科_小児科_小児外科_産婦人科_眼科_耳鼻いんこう科_皮膚科_泌尿器科_腫瘍精神科_歯科_歯科口腔外科_リハビリテーション科_放射線科_病理診断科_臨床検査科_救急科_麻酔科】【一般病床数:257療養病床数:0精神病床数:0感染症病床数:0合計病床数:257】兵庫県西宮市上鳴尾町４番３１号" }, "geometry": { "type": "Point", "coordinates": [ 135.370172, 34.722336 ] } },
{ "type": "Feature", "properties": { "ID": 2811280001720, "正式名称": "医療法人喜望会　谷向病院", "機関区分": 1, "都道府県コード": 28, "市区町村コード": 204, "所在地": "兵庫県西宮市今津水波町６番３０号", "緯度": 34.728891, "経度": 135.352312, "url": "https://www.iryou.teikyouseido.mhlw.go.jp/znk-web/juminkanja/S2430/initialize?prefCd=28&kikanCd=1280001720&kikanKbn=1", "url2": "www.tanimukai.or.jp/", "内容": "医療法人喜望会　谷向病院【1:病院】【診療科目:内科_呼吸器内科_消化器内科_外科_消化器外科_大腸・肛門外科_皮膚科_リハビリテーション科_麻酔科】【一般病床数:92療養病床数:60精神病床数:0感染症病床数:0合計病床数:180】兵庫県西宮市今津水波町６番３０号" }, "geometry": { "type": "Point", "coordinates": [ 135.352312, 34.728891 ] } },
{ "type": "Feature", "properties": { "ID": 2811280001730, "正式名称": "社会医療法人甲友会　西宮協立脳神経外科病院", "機関区分": 1, "都道府県コード": 28, "市区町村コード": 204, "所在地": "兵庫県西宮市今津山中町１１番１号", "緯度": 34.732196, "経度": 135.357562, "url": "https://www.iryou.teikyouseido.mhlw.go.jp/znk-web/juminkanja/S2430/initialize?prefCd=28&kikanCd=1280001730&kikanKbn=1", "url2": "https://www.nk-hospital.or.jp/", "内容": "社会医療法人甲友会　西宮協立脳神経外科病院【1:病院】【診療科目:内科_脳神経内科_循環器内科_外科_脳神経外科_整形外科_形成外科_リウマチ科_リハビリテーション科_放射線科_麻酔科】【一般病床数:167療養病床数:0精神病床数:0感染症病床数:0合計病床数:167】兵庫県西宮市今津山中町１１番１号" }, "geometry": { "type": "Point", "coordinates": [ 135.357562, 34.732196 ] } },
{ "type": "Feature", "properties": { "ID": 2811280001740, "正式名称": "上ヶ原病院", "機関区分": 1, "都道府県コード": 28, "市区町村コード": 204, "所在地": "兵庫県西宮市上ヶ原十番町１番８５号", "緯度": 34.759693, "経度": 135.342645, "url": "https://www.iryou.teikyouseido.mhlw.go.jp/znk-web/juminkanja/S2430/initialize?prefCd=28&kikanCd=1280001740&kikanKbn=1", "url2": "http://www.uegahara.net", "内容": "上ヶ原病院【1:病院】【診療科目:内科_消化器内科_神経内科_インフルエンザ_整形外科_小児科_眼科_皮膚科_精神科_歯科口腔外科_リウマチ科_リハビリテーション科】【一般病床数:67療養病床数:57精神病床数:0感染症病床数:0合計病床数:124】兵庫県西宮市上ヶ原十番町１番８５号" }, "geometry": { "type": "Point", "coordinates": [ 135.342645, 34.759693 ] } },
{ "type": "Feature", "properties": { "ID": 2811280001750, "正式名称": "医療法人社団　西宮回生病院", "機関区分": 1, "都道府県コード": 28, "市区町村コード": 204, "所在地": "兵庫県西宮市大浜町１番４号", "緯度": 34.725418, "経度": 135.32812, "url": "https://www.iryou.teikyouseido.mhlw.go.jp/znk-web/juminkanja/S2430/initialize?prefCd=28&kikanCd=1280001750&kikanKbn=1", "url2": "https://kaiseihp.jp/", "内容": "医療法人社団　西宮回生病院【1:病院】【診療科目:内科_インフルエンザ_外科_脳神経外科_整形外科_小児科_皮膚科_リハビリテーション科_麻酔科】【一般病床数:120療養病床数:60精神病床数:0感染症病床数:0合計病床数:180】兵庫県西宮市大浜町１番４号" }, "geometry": { "type": "Point", "coordinates": [ 135.32812, 34.725418 ] } },
{ "type": "Feature", "properties": { "ID": 2811280001760, "正式名称": "一般財団法人仁明会　仁明会病院", "機関区分": 1, "都道府県コード": 28, "市区町村コード": 204, "所在地": "兵庫県西宮市甲山町５３番地２０", "緯度": 34.775052, "経度": 135.32384, "url": "https://www.iryou.teikyouseido.mhlw.go.jp/znk-web/juminkanja/S2430/initialize?prefCd=28&kikanCd=1280001760&kikanKbn=1", "url2": "http://www.jinnmeikai-hospital.or.jp", "内容": "一般財団法人仁明会　仁明会病院【1:病院】【診療科目:内科_神経内科_皮膚科_精神科_神経科】【一般病床数:0療養病床数:0精神病床数:302感染症病床数:0合計病床数:302】兵庫県西宮市甲山町５３番地２０" }, "geometry": { "type": "Point", "coordinates": [ 135.32384, 34.775052 ] } },
{ "type": "Feature", "properties": { "ID": 2811280001770, "正式名称": "医療法人社団アガペ会アガペ甲山病院", "機関区分": 1, "都道府県コード": 28, "市区町村コード": 204, "所在地": "兵庫県西宮市甲山町５３番地４", "緯度": 34.776718, "経度": 135.322896, "url": "https://www.iryou.teikyouseido.mhlw.go.jp/znk-web/juminkanja/S2430/initialize?prefCd=28&kikanCd=1280001770&kikanKbn=1", "url2": "http://agape.or.jp/", "内容": "医療法人社団アガペ会アガペ甲山病院【1:病院】【診療科目:内科_外科_整形外科_眼科_皮膚科_精神科_歯科_リハビリテーション科_放射線科】【一般病床数:48療養病床数:151精神病床数:0感染症病床数:0合計病床数:199】兵庫県西宮市甲山町５３番地４" }, "geometry": { "type": "Point", "coordinates": [ 135.322896, 34.776718 ] } },
{ "type": "Feature", "properties": { "ID": 2811280001780, "正式名称": "三好病院", "機関区分": 1, "都道府県コード": 28, "市区町村コード": 204, "所在地": "兵庫県西宮市甲子園口北町２４番９号", "緯度": 34.74189, "経度": 135.376587, "url": "https://www.iryou.teikyouseido.mhlw.go.jp/znk-web/juminkanja/S2430/initialize?prefCd=28&kikanCd=1280001780&kikanKbn=1", "url2": "http://www.miyoshi-hp.jp", "内容": "三好病院【1:病院】【診療科目:内科_循環器内科_消化器内科_神経内科_発熱外来_外科_消化器外科_肛門外科_整形外科_リハビリテーション科_麻酔科】【一般病床数:56療養病床数:43精神病床数:0感染症病床数:0合計病床数:99】兵庫県西宮市甲子園口北町２４番９号" }, "geometry": { "type": "Point", "coordinates": [ 135.376587, 34.74189 ] } },
{ "type": "Feature", "properties": { "ID": 2811280001790, "正式名称": "医療法人社団緑水会北摂中央病院", "機関区分": 1, "都道府県コード": 28, "市区町村コード": 204, "所在地": "兵庫県西宮市塩瀬町生瀬１２８１番地５", "緯度": 34.821547, "経度": 135.331254, "url": "https://www.iryou.teikyouseido.mhlw.go.jp/znk-web/juminkanja/S2430/initialize?prefCd=28&kikanCd=1280001790&kikanKbn=1", "url2": "http://www.ryokusuikai.or.jp/", "内容": "医療法人社団緑水会北摂中央病院【1:病院】【診療科目:内科_リハビリテーション科】【一般病床数:0療養病床数:190精神病床数:0感染症病床数:0合計病床数:190】兵庫県西宮市塩瀬町生瀬１２８１番地５" }, "geometry": { "type": "Point", "coordinates": [ 135.331254, 34.821547 ] } },
{ "type": "Feature", "properties": { "ID": 2811280001810, "正式名称": "西宮協立リハビリテーション病院", "機関区分": 1, "都道府県コード": 28, "市区町村コード": 204, "所在地": "兵庫県西宮市鷲林寺南町２番１３号", "緯度": 34.769274, "経度": 135.314286, "url": "https://www.iryou.teikyouseido.mhlw.go.jp/znk-web/juminkanja/S2430/initialize?prefCd=28&kikanCd=1280001810&kikanKbn=1", "url2": "http://www.nk-hospital.or.jp/", "内容": "西宮協立リハビリテーション病院【1:病院】【診療科目:内科_脳神経外科_整形外科_リハビリテーション科】【一般病床数:120療養病床数:0精神病床数:0感染症病床数:0合計病床数:120】兵庫県西宮市鷲林寺南町２番１３号" }, "geometry": { "type": "Point", "coordinates": [ 135.314286, 34.769274 ] } },
{ "type": "Feature", "properties": { "ID": 2811280001830, "正式名称": "医療法人協和会協和マリナホスピタル", "機関区分": 1, "都道府県コード": 28, "市区町村コード": 204, "所在地": "兵庫県西宮市西宮浜４丁目１５番１号", "緯度": 34.712142, "経度": 135.33112, "url": "https://www.iryou.teikyouseido.mhlw.go.jp/znk-web/juminkanja/S2430/initialize?prefCd=28&kikanCd=1280001830&kikanKbn=1", "url2": "http://www.kyowakai.com/mr/mr.htm", "内容": "医療法人協和会協和マリナホスピタル【1:病院】【診療科目:内科_消化器内科_神経内科_緩和ケア内科_外科_整形外科_小児科_リハビリテーション科_放射線科】【一般病床数:140療養病床数:0精神病床数:0感染症病床数:0合計病床数:140】兵庫県西宮市西宮浜４丁目１５番１号" }, "geometry": { "type": "Point", "coordinates": [ 135.33112, 34.712142 ] } },
{ "type": "Feature", "properties": { "ID": 2811280001840, "正式名称": "西宮市立中央病院", "機関区分": 1, "都道府県コード": 28, "市区町村コード": 204, "所在地": "兵庫県西宮市林田町８番２４号", "緯度": 34.757665, "経度": 135.36206, "url": "https://www.iryou.teikyouseido.mhlw.go.jp/znk-web/juminkanja/S2430/initialize?prefCd=28&kikanCd=1280001840&kikanKbn=1", "url2": "https://www.hospital-nishinomiya.jp", "内容": "西宮市立中央病院【1:病院】【診療科目:内科_糖尿病・内分泌内科_呼吸器内科_循環器内科_消化器内科_ペインクリニック内科_外科_脳神経外科_呼吸器外科_消化器外科_乳腺外科_ペインクリニック外科_整形外科_小児科_産婦人科_眼科_耳鼻いんこう科_皮膚科_泌尿器科_歯科口腔外科_リウマチ科_リハビリテーション科_放射線科_臨床検査科_麻酔科】【一般病床数:257療養病床数:0精神病床数:0感染症病床数:0合計病床数:257】兵庫県西宮市林田町８番２４号" }, "geometry": { "type": "Point", "coordinates": [ 135.36206, 34.757665 ] } },
{ "type": "Feature", "properties": { "ID": 2811280001850, "正式名称": "布谷整形外科病院", "機関区分": 1, "都道府県コード": 28, "市区町村コード": 204, "所在地": "兵庫県西宮市東鳴尾町１丁目７番２６号", "緯度": 34.712837, "経度": 135.378088, "url": "https://www.iryou.teikyouseido.mhlw.go.jp/znk-web/juminkanja/S2430/initialize?prefCd=28&kikanCd=1280001850&kikanKbn=1", "url2": "http://www.nunotani-hosp.jp/", "内容": "布谷整形外科病院【1:病院】【診療科目:内科_インフルエンザ_外科_整形外科_リウマチ科_リハビリテーション科】【一般病床数:33療養病床数:53精神病床数:0感染症病床数:0合計病床数:86】兵庫県西宮市東鳴尾町１丁目７番２６号" }, "geometry": { "type": "Point", "coordinates": [ 135.378088, 34.712837 ] } },
{ "type": "Feature", "properties": { "ID": 2811280001860, "正式名称": "兵庫医科大学病院", "機関区分": 1, "都道府県コード": 28, "市区町村コード": 204, "所在地": "兵庫県西宮市武庫川町１番１号", "緯度": 34.718753, "経度": 135.379255, "url": "https://www.iryou.teikyouseido.mhlw.go.jp/znk-web/juminkanja/S2430/initialize?prefCd=28&kikanCd=1280001860&kikanKbn=1", "url2": "https://www.hosp.hyo-med.ac.jp", "内容": "兵庫医科大学病院【1:病院】【診療科目:内科_血液内科_糖尿病内科_代謝・内分泌内科_呼吸器内科_循環器内科_消化器内科_腎臓内科_人工透析内科_神経内科_腫瘍内科_インフルエンザ，肝臓・胆のう・膵臓内科_外科_脳神経外科_呼吸器外科_心臓血管外科_消化器外科_乳腺・内分泌外科_ペインクリニック外科_頭頸部外科_整形外科_形成外科_美容外科_小児科_小児外科_産婦人科_眼科_耳鼻いんこう科_皮膚科_泌尿器科_精神科_歯科_歯科口腔外科_アレルギー科_リウマチ科_リハビリテーション科_放射線科_放射線治療科_病理診断科_臨床検査科_救急科_麻酔科】【一般病床数:919療養病床数:0精神病床数:44感染症病床数:0合計病床数:963】兵庫県西宮市武庫川町１番１号" }, "geometry": { "type": "Point", "coordinates": [ 135.379255, 34.718753 ] } },
{ "type": "Feature", "properties": { "ID": 2811280001870, "正式名称": "西宮すなご医療福祉センター", "機関区分": 1, "都道府県コード": 28, "市区町村コード": 204, "所在地": "兵庫県西宮市武庫川町２番９号", "緯度": 34.718725, "経度": 135.380531, "url": "https://www.iryou.teikyouseido.mhlw.go.jp/znk-web/juminkanja/S2430/initialize?prefCd=28&kikanCd=1280001870&kikanKbn=1", "url2": "http://www.sunago.or.jp", "内容": "西宮すなご医療福祉センター【1:病院】【診療科目:内科_整形外科_小児科_小児神経科_歯科_リハビリテーション科_放射線科】【一般病床数:182療養病床数:0精神病床数:0感染症病床数:0合計病床数:182】兵庫県西宮市武庫川町２番９号" }, "geometry": { "type": "Point", "coordinates": [ 135.380531, 34.718725 ] } },
{ "type": "Feature", "properties": { "ID": 2811280001880, "正式名称": "社会医療法人渡邊高記念会西宮渡辺病院", "機関区分": 1, "都道府県コード": 28, "市区町村コード": 204, "所在地": "兵庫県西宮市室川町１０番２２号", "緯度": 34.744361, "経度": 135.343145, "url": "https://www.iryou.teikyouseido.mhlw.go.jp/znk-web/juminkanja/S2430/initialize?prefCd=28&kikanCd=1280001880&kikanKbn=1", "url2": "http://www.n-watanabe-hosp.jp/access/", "内容": "社会医療法人渡邊高記念会西宮渡辺病院【1:病院】【診療科目:内科_感染症内科_糖尿病内科_呼吸器内科_循環器内科_消化器内科_外科_脳神経外科_呼吸器外科_心臓血管外科_消化器外科_乳腺外科_肛門外科_整形外科_婦人科_眼科_耳鼻いんこう科_皮膚科_泌尿器科_精神科_心療内科_歯科_歯科口腔外科_リウマチ科_リハビリテーション科_放射線科_麻酔科】【一般病床数:180療養病床数:0精神病床数:0感染症病床数:0合計病床数:180】兵庫県西宮市室川町１０番２２号" }, "geometry": { "type": "Point", "coordinates": [ 135.343145, 34.744361 ] } },
{ "type": "Feature", "properties": { "ID": 2811280001890, "正式名称": "高田上谷病院", "機関区分": 1, "都道府県コード": 28, "市区町村コード": 204, "所在地": "兵庫県西宮市山口町上山口４丁目２６番１４号", "緯度": 34.824795, "経度": 135.246455, "url": "https://www.iryou.teikyouseido.mhlw.go.jp/znk-web/juminkanja/S2430/initialize?prefCd=28&kikanCd=1280001890&kikanKbn=1", "url2": "http://www.takatakamitani-hp.jp/", "内容": "高田上谷病院【1:病院】【診療科目:内科_呼吸器内科_循環器内科_人工透析内科_インフルエンザ_外科_心臓血管外科_整形外科_リウマチ科_リハビリテーション科_放射線科_麻酔科】【一般病床数:88療養病床数:0精神病床数:0感染症病床数:0合計病床数:88】兵庫県西宮市山口町上山口４丁目２６番１４号" }, "geometry": { "type": "Point", "coordinates": [ 135.246455, 34.824795 ] } },
{ "type": "Feature", "properties": { "ID": 2811280001900, "正式名称": "医療法人内海慈仁会有馬病院", "機関区分": 1, "都道府県コード": 28, "市区町村コード": 204, "所在地": "兵庫県西宮市山口町下山口１６３７番地５", "緯度": 34.832072, "経度": 135.253899, "url": "https://www.iryou.teikyouseido.mhlw.go.jp/znk-web/juminkanja/S2430/initialize?prefCd=28&kikanCd=1280001900&kikanKbn=1", "url2": "https://www.arimahp.or.jp", "内容": "医療法人内海慈仁会有馬病院【1:病院】【診療科目:内科_精神科_神経科_心療内科】【一般病床数:0療養病床数:0精神病床数:353感染症病床数:0合計病床数:353】兵庫県西宮市山口町下山口１６３７番地５" }, "geometry": { "type": "Point", "coordinates": [ 135.253899, 34.832072 ] } },
{ "type": "Feature", "properties": { "ID": 2811280001910, "正式名称": "笹生病院", "機関区分": 1, "都道府県コード": 28, "市区町村コード": 204, "所在地": "兵庫県西宮市弓場町５番３７号", "緯度": 34.734639, "経度": 135.32287, "url": "https://www.iryou.teikyouseido.mhlw.go.jp/znk-web/juminkanja/S2430/initialize?prefCd=28&kikanCd=1280001910&kikanKbn=1", "url2": "http://www.saso.or.jp/", "内容": "笹生病院【1:病院】【診療科目:内科_糖尿病内科_呼吸器内科_循環器内科_消化器内科_肝臓内科_腫瘍内科_内視鏡内科_外科_脳神経外科_呼吸器外科_心臓血管外科_消化器外科_乳腺外科_肛門外科_内視鏡外科_整形外科_形成外科_泌尿器科_リハビリテーション科_放射線科_麻酔科】【一般病床数:195療養病床数:0精神病床数:0感染症病床数:0合計病床数:195】兵庫県西宮市弓場町５番３７号" }, "geometry": { "type": "Point", "coordinates": [ 135.32287, 34.734639 ] } },
{ "type": "Feature", "properties": { "ID": 2811280001920, "正式名称": "兵庫県立西宮病院", "機関区分": 1, "都道府県コード": 28, "市区町村コード": 204, "所在地": "兵庫県西宮市六湛寺町１３番９号", "緯度": 34.737778, "経度": 135.340396, "url": "https://www.iryou.teikyouseido.mhlw.go.jp/znk-web/juminkanja/S2430/initialize?prefCd=28&kikanCd=1280001920&kikanKbn=1", "url2": "http://www.nishihosp.nishinomiya.hyogo.jp/", "内容": "兵庫県立西宮病院【1:病院】【診療科目:内科_血液内科_糖尿病・内分泌内科_循環器内科_消化器内科_腎臓内科_腫瘍内科_外科_脳神経外科_消化器外科_乳腺外科_整形外科_形成外科_小児科_産婦人科_眼科_耳鼻いんこう科_泌尿器科_リウマチ科_リハビリテーション科_放射線診断科_放射線治療科_病理診断科_救急科_麻酔科】【一般病床数:400療養病床数:0精神病床数:0感染症病床数:0合計病床数:400】兵庫県西宮市六湛寺町１３番９号" }, "geometry": { "type": "Point", "coordinates": [ 135.340396, 34.737778 ] } },
{ "type": "Feature", "properties": { "ID": 2811280001930, "正式名称": "社会医療法人渡邊高記念会　西宮渡辺心臓脳・血管センター", "機関区分": 1, "都道府県コード": 28, "市区町村コード": 204, "所在地": "兵庫県西宮市池田町", "緯度": 34.737417, "経度": 135.344757, "url": "https://www.iryou.teikyouseido.mhlw.go.jp/znk-web/juminkanja/S2430/initialize?prefCd=28&kikanCd=1280001930&kikanKbn=1", "url2": "http://www.n-watanabe-hosp.jp/hab/", "内容": "社会医療法人渡邊高記念会　西宮渡辺心臓脳・血管センター【1:病院】【診療科目:内科_糖尿病内科_循環器内科_脳神経外科_循環器外科_心臓血管外科_整形外科_泌尿器科_精神科_リハビリテーション科_放射線科_麻酔科】【一般病床数:112療養病床数:0精神病床数:0感染症病床数:0合計病床数:112】兵庫県西宮市池田町" }, "geometry": { "type": "Point", "coordinates": [ 135.344757, 34.737417 ] } },
{ "type": "Feature", "properties": { "ID": 2811280001940, "正式名称": "市立芦屋病院", "機関区分": 1, "都道府県コード": 28, "市区町村コード": 206, "所在地": "兵庫県芦屋市朝日ヶ丘町３９番１号", "緯度": 34.749382, "経度": 135.308051, "url": "https://www.iryou.teikyouseido.mhlw.go.jp/znk-web/juminkanja/S2430/initialize?prefCd=28&kikanCd=1280001940&kikanKbn=1", "url2": "http://www.ashiya-hosp.com", "内容": "市立芦屋病院【1:病院】【診療科目:内科_血液内科_糖尿病・内分泌内科_脳神経内科_呼吸器内科_循環器内科_消化器内科_腫瘍内科_ペインクリニック内科_緩和ケア内科_外科_脳神経外科_呼吸器外科_消化器外科_乳腺外科_肛門外科_整形外科_形成外科_小児科_産婦人科_眼科_耳鼻いんこう科_皮膚科_リハビリテーション科_放射線科_麻酔科】【一般病床数:199療養病床数:0精神病床数:0感染症病床数:0合計病床数:199】兵庫県芦屋市朝日ヶ丘町３９番１号" }, "geometry": { "type": "Point", "coordinates": [ 135.308051, 34.749382 ] } },
{ "type": "Feature", "properties": { "ID": 2811280001950, "正式名称": "芦屋セントマリア病院", "機関区分": 1, "都道府県コード": 28, "市区町村コード": 206, "所在地": "兵庫県芦屋市朝日ヶ丘町８－２２", "緯度": 34.735445, "経度": 135.30901, "url": "https://www.iryou.teikyouseido.mhlw.go.jp/znk-web/juminkanja/S2430/initialize?prefCd=28&kikanCd=1280001950&kikanKbn=1", "url2": "http://www.ashiya-hp-maria.jp", "内容": "芦屋セントマリア病院【1:病院】【診療科目:内科_循環器内科_消化器内科_人工透析内科_外科_消化器外科_整形外科_リハビリテーション科_放射線科_麻酔科】【一般病床数:71療養病床数:0精神病床数:0感染症病床数:0合計病床数:71】兵庫県芦屋市朝日ヶ丘町８－２２" }, "geometry": { "type": "Point", "coordinates": [ 135.30901, 34.735445 ] } },
{ "type": "Feature", "properties": { "ID": 2811280001960, "正式名称": "医療法人　昭圭会　南芦屋浜病院", "機関区分": 1, "都道府県コード": 28, "市区町村コード": 206, "所在地": "兵庫県芦屋市陽光町３－２１", "緯度": 34.712892, "経度": 135.314094, "url": "https://www.iryou.teikyouseido.mhlw.go.jp/znk-web/juminkanja/S2430/initialize?prefCd=28&kikanCd=1280001960&kikanKbn=1", "url2": "www.s-ashiyahama-hp.or.jp", "内容": "医療法人　昭圭会　南芦屋浜病院【1:病院】【診療科目:内科_インフルエンザ_外科_脳神経外科_整形外科_リハビリテーション科】【一般病床数:83療養病床数:0精神病床数:0感染症病床数:0合計病床数:83】兵庫県芦屋市陽光町３－２１" }, "geometry": { "type": "Point", "coordinates": [ 135.314094, 34.712892 ] } },
{ "type": "Feature", "properties": { "ID": 2811280001970, "正式名称": "独立行政法人国立病院機構兵庫中央病院", "機関区分": 1, "都道府県コード": 28, "市区町村コード": 219, "所在地": "兵庫県三田市大原１３１４番地", "緯度": 34.907258, "経度": 135.229536, "url": "https://www.iryou.teikyouseido.mhlw.go.jp/znk-web/juminkanja/S2430/initialize?prefCd=28&kikanCd=1280001970&kikanKbn=1", "url2": "https://hyogochuo.hosp.go.jp/", "内容": "独立行政法人国立病院機構兵庫中央病院【1:病院】【診療科目:内科_糖尿病内科_脳神経内科_循環器内科_消化器内科_結核内科_外科_呼吸器外科_消化器外科_肛門外科_整形外科_歯科_リハビリテーション科_放射線科】【一般病床数:450療養病床数:0精神病床数:0感染症病床数:0合計病床数:460】兵庫県三田市大原１３１４番地" }, "geometry": { "type": "Point", "coordinates": [ 135.229536, 34.907258 ] } },
{ "type": "Feature", "properties": { "ID": 2811280001980, "正式名称": "三田市民病院", "機関区分": 1, "都道府県コード": 28, "市区町村コード": 219, "所在地": "兵庫県三田市けやき台３丁目１番地１", "緯度": 34.907952, "経度": 135.2014, "url": "https://www.iryou.teikyouseido.mhlw.go.jp/znk-web/juminkanja/S2430/initialize?prefCd=28&kikanCd=1280001980&kikanKbn=1", "url2": "http://www.hospital.sanda.hyogo.jp", "内容": "三田市民病院【1:病院】【診療科目:内科_循環器内科_消化器内科_腎臓内科_外科_脳神経外科_消化器外科_整形外科_形成外科_小児科_産婦人科_眼科_耳鼻いんこう科_皮膚科_泌尿器科_リハビリテーション科_放射線科_病理診断科_麻酔科】【一般病床数:300療養病床数:0精神病床数:0感染症病床数:0合計病床数:300】兵庫県三田市けやき台３丁目１番地１" }, "geometry": { "type": "Point", "coordinates": [ 135.2014, 34.907952 ] } },
{ "type": "Feature", "properties": { "ID": 2811280001990, "正式名称": "医療法人敬愛会　三田高原病院", "機関区分": 1, "都道府県コード": 28, "市区町村コード": 219, "所在地": "兵庫県三田市下内神５２５番地の１", "緯度": 34.930838, "経度": 135.181067, "url": "https://www.iryou.teikyouseido.mhlw.go.jp/znk-web/juminkanja/S2430/initialize?prefCd=28&kikanCd=1280001990&kikanKbn=1", "url2": "http://www.keiai-kai.jp", "内容": "医療法人敬愛会　三田高原病院【1:病院】【診療科目:内科_リハビリテーション科】【一般病床数:0療養病床数:360精神病床数:0感染症病床数:0合計病床数:360】兵庫県三田市下内神５２５番地の１" }, "geometry": { "type": "Point", "coordinates": [ 135.181067, 34.930838 ] } },
{ "type": "Feature", "properties": { "ID": 2811280002000, "正式名称": "医療法人社団尚仁会平島病院", "機関区分": 1, "都道府県コード": 28, "市区町村コード": 219, "所在地": "兵庫県三田市天神１丁目２番１５号", "緯度": 34.889704, "経度": 135.222232, "url": "https://www.iryou.teikyouseido.mhlw.go.jp/znk-web/juminkanja/S2430/initialize?prefCd=28&kikanCd=1280002000&kikanKbn=1", "url2": "http://www.mc-shojin.or.jp", "内容": "医療法人社団尚仁会平島病院【1:病院】【診療科目:内科_脳神経内科_循環器内科_消化器内科_インフルエンザ_外科_肛門外科_整形外科_眼科_皮膚科_泌尿器科_リハビリテーション科_放射線科_麻酔科】【一般病床数:87療養病床数:60精神病床数:0感染症病床数:0合計病床数:147】兵庫県三田市天神１丁目２番１５号" }, "geometry": { "type": "Point", "coordinates": [ 135.222232, 34.889704 ] } },
{ "type": "Feature", "properties": { "ID": 2811280002010, "正式名称": "医療法人山西会宝塚三田病院", "機関区分": 1, "都道府県コード": 28, "市区町村コード": 219, "所在地": "兵庫県三田市西山２丁目２２番１０号", "緯度": 34.881788, "経度": 135.213761, "url": "https://www.iryou.teikyouseido.mhlw.go.jp/znk-web/juminkanja/S2430/initialize?prefCd=28&kikanCd=1280002010&kikanKbn=1", "url2": "takarazukasanda-hosp.jp", "内容": "医療法人山西会宝塚三田病院【1:病院】【診療科目:精神科】【一般病床数:398療養病床数:283精神病床数:681感染症病床数:0合計病床数:681】兵庫県三田市西山２丁目２２番１０号" }, "geometry": { "type": "Point", "coordinates": [ 135.213761, 34.881788 ] } },
{ "type": "Feature", "properties": { "ID": 2811280002020, "正式名称": "社会福祉法人　枚方療育園　医療福祉センターさくら", "機関区分": 1, "都道府県コード": 28, "市区町村コード": 219, "所在地": "兵庫県三田市東本庄１１８８番地", "緯度": 34.956446, "経度": 135.164901, "url": "https://www.iryou.teikyouseido.mhlw.go.jp/znk-web/juminkanja/S2430/initialize?prefCd=28&kikanCd=1280002020&kikanKbn=1", "url2": "http://www.hirakataryoiku-med.or.jp/sanda/sakura/index.html", "内容": "社会福祉法人　枚方療育園　医療福祉センターさくら【1:病院】【診療科目:内科_小児科_精神科_歯科_リハビリテーション科】【一般病床数:150療養病床数:0精神病床数:150感染症病床数:0合計病床数:300】兵庫県三田市東本庄１１８８番地" }, "geometry": { "type": "Point", "coordinates": [ 135.164901, 34.956446 ] } },
{ "type": "Feature", "properties": { "ID": 2811280002030, "正式名称": "医療法人山西会三田西病院", "機関区分": 1, "都道府県コード": 28, "市区町村コード": 219, "所在地": "兵庫県三田市東本庄２０１７番地", "緯度": 34.95889, "経度": 135.16765, "url": "https://www.iryou.teikyouseido.mhlw.go.jp/znk-web/juminkanja/S2430/initialize?prefCd=28&kikanCd=1280002030&kikanKbn=1", "url2": "https://sandanishi.sakura.ne.jp/access.html", "内容": "医療法人山西会三田西病院【1:病院】【診療科目:精神科_神経科】【一般病床数:0療養病床数:0精神病床数:200感染症病床数:0合計病床数:200】兵庫県三田市東本庄２０１７番地" }, "geometry": { "type": "Point", "coordinates": [ 135.16765, 34.95889 ] } },
{ "type": "Feature", "properties": { "ID": 2811280002040, "正式名称": "あいの病院", "機関区分": 1, "都道府県コード": 28, "市区町村コード": 219, "所在地": "兵庫県三田市東本庄２４９３", "緯度": 34.951086, "経度": 135.162012, "url": "https://www.iryou.teikyouseido.mhlw.go.jp/znk-web/juminkanja/S2430/initialize?prefCd=28&kikanCd=1280002040&kikanKbn=1", "url2": "https://ainokai.jp/", "内容": "あいの病院【1:病院】【診療科目:内科_精神科_神経科】【一般病床数:0療養病床数:0精神病床数:145感染症病床数:0合計病床数:145】兵庫県三田市東本庄２４９３" }, "geometry": { "type": "Point", "coordinates": [ 135.162012, 34.951086 ] } },
{ "type": "Feature", "properties": { "ID": 2811280002050, "正式名称": "医療法人敬愛会　三田温泉病院", "機関区分": 1, "都道府県コード": 28, "市区町村コード": 219, "所在地": "兵庫県三田市東山８９７番地の２", "緯度": 34.941559, "経度": 135.191649, "url": "https://www.iryou.teikyouseido.mhlw.go.jp/znk-web/juminkanja/S2430/initialize?prefCd=28&kikanCd=1280002050&kikanKbn=1", "url2": "https://www.sanda-onsen.jp", "内容": "医療法人敬愛会　三田温泉病院【1:病院】【診療科目:内科_精神科_リハビリテーション科】【一般病床数:0療養病床数:180精神病床数:0感染症病床数:0合計病床数:180】兵庫県三田市東山８９７番地の２" }, "geometry": { "type": "Point", "coordinates": [ 135.191649, 34.941559 ] } },
{ "type": "Feature", "properties": { "ID": 2811280002070, "正式名称": "医療法人尚和会　宝塚第一病院", "機関区分": 1, "都道府県コード": 28, "市区町村コード": 214, "所在地": "兵庫県宝塚市向月町１９番５号", "緯度": 34.808243, "経度": 135.361086, "url": "https://www.iryou.teikyouseido.mhlw.go.jp/znk-web/juminkanja/S2430/initialize?prefCd=28&kikanCd=1280002070&kikanKbn=1", "url2": "https://www.takarazuka-daiichi-hp.or.jp/", "内容": "医療法人尚和会　宝塚第一病院【1:病院】【診療科目:内科_糖尿病内科_呼吸器内科_循環器内科_消化器内科_腎臓内科_神経内科_インフルエンザ_外科_脳神経外科_消化器外科_肛門外科_ペインクリニック外科_整形外科_形成外科_美容外科_脊椎・脊髄外科_小児科_小児外科_眼科_皮膚科_泌尿器科_アレルギー科_リウマチ科_リハビリテーション科_放射線科_麻酔科_乳腺・甲状腺外科】【一般病床数:199療養病床数:0精神病床数:0感染症病床数:0合計病床数:199】兵庫県宝塚市向月町１９番５号" }, "geometry": { "type": "Point", "coordinates": [ 135.361086, 34.808243 ] } },
{ "type": "Feature", "properties": { "ID": 2811280002080, "正式名称": "こだま病院", "機関区分": 1, "都道府県コード": 28, "市区町村コード": 214, "所在地": "兵庫県宝塚市御殿山１丁目３番２号", "緯度": 34.816187, "経度": 135.34842, "url": "https://www.iryou.teikyouseido.mhlw.go.jp/znk-web/juminkanja/S2430/initialize?prefCd=28&kikanCd=1280002080&kikanKbn=1", "url2": "https://www.soreiyu.net/", "内容": "こだま病院【1:病院】【診療科目:内科_糖尿病・代謝内科_呼吸器内科_循環器内科_消化器内科_内科_外科_消化器外科_整形外科_泌尿器科_リウマチ科_リハビリテーション科_放射線科_救急科】【一般病床数:55療養病床数:55精神病床数:0感染症病床数:0合計病床数:110】兵庫県宝塚市御殿山１丁目３番２号" }, "geometry": { "type": "Point", "coordinates": [ 135.34842, 34.816187 ] } },
{ "type": "Feature", "properties": { "ID": 2811280002090, "正式名称": "宝塚市立病院", "機関区分": 1, "都道府県コード": 28, "市区町村コード": 214, "所在地": "兵庫県宝塚市小浜４丁目５番１号", "緯度": 34.805299, "経度": 135.366752, "url": "https://www.iryou.teikyouseido.mhlw.go.jp/znk-web/juminkanja/S2430/initialize?prefCd=28&kikanCd=1280002090&kikanKbn=1", "url2": "http://takarazukacity-hp.com/", "内容": "宝塚市立病院【1:病院】【診療科目:内科_血液内科_糖尿病内科_呼吸器内科_循環器内科_消化器内科_腎臓内科_腫瘍内科_緩和ケア内科_インフルエンザ_外科_脳神経外科_呼吸器外科_心臓血管外科_乳腺外科_整形外科_形成外科_小児科_産婦人科_眼科_耳鼻いんこう科_皮膚科_泌尿器科_心療内科_歯科口腔外科_リウマチ科_リハビリテーション科_放射線診断科_放射線治療科_病理診断科_救急科_麻酔科】【一般病床数:436療養病床数:0精神病床数:0感染症病床数:0合計病床数:436】兵庫県宝塚市小浜４丁目５番１号" }, "geometry": { "type": "Point", "coordinates": [ 135.366752, 34.805299 ] } },
{ "type": "Feature", "properties": { "ID": 2811280002100, "正式名称": "医療法人　愛心会　東宝塚さとう病院", "機関区分": 1, "都道府県コード": 28, "市区町村コード": 214, "所在地": "兵庫県宝塚市長尾町２番１号", "緯度": 34.814049, "経度": 135.381056, "url": "https://www.iryou.teikyouseido.mhlw.go.jp/znk-web/juminkanja/S2430/initialize?prefCd=28&kikanCd=1280002100&kikanKbn=1", "url2": "http://www.hts-hsp.com", "内容": "医療法人　愛心会　東宝塚さとう病院【1:病院】【診療科目:内科_循環器内科_外科_心臓血管外科_形成外科_リハビリテーション科_放射線科_麻酔科】【一般病床数:118療養病床数:18精神病床数:0感染症病床数:0合計病床数:136】兵庫県宝塚市長尾町２番１号" }, "geometry": { "type": "Point", "coordinates": [ 135.381056, 34.814049 ] } },
{ "type": "Feature", "properties": { "ID": 2811280002110, "正式名称": "医療法人回生会　宝塚病院", "機関区分": 1, "都道府県コード": 28, "市区町村コード": 214, "所在地": "兵庫県宝塚市野上２丁目１－２", "緯度": 34.7978, "経度": 135.34942, "url": "https://www.iryou.teikyouseido.mhlw.go.jp/znk-web/juminkanja/S2430/initialize?prefCd=28&kikanCd=1280002110&kikanKbn=1", "url2": "http://www.takarazuka-hospital.com", "内容": "医療法人回生会　宝塚病院【1:病院】【診療科目:内科_糖尿病内科_呼吸器内科_循環器内科_消化器内科_腎臓内科_人工透析内科_外科_脳神経外科_血管外科_消化器外科_肛門外科_整形外科_形成外科_皮膚科_泌尿器科_リハビリテーション科_放射線科_麻酔科】【一般病床数:131療養病床数:0精神病床数:0感染症病床数:0合計病床数:131】兵庫県宝塚市野上２丁目１－２" }, "geometry": { "type": "Point", "coordinates": [ 135.34942, 34.7978 ] } },
{ "type": "Feature", "properties": { "ID": 2811280002120, "正式名称": "みやそう病院", "機関区分": 1, "都道府県コード": 28, "市区町村コード": 207, "所在地": "兵庫県伊丹市北野２丁目１１３番地３", "緯度": 34.804276, "経度": 135.384962, "url": "https://www.iryou.teikyouseido.mhlw.go.jp/znk-web/juminkanja/S2430/initialize?prefCd=28&kikanCd=1280002120&kikanKbn=1", "url2": "http://www.miyasou-hp.jp", "内容": "みやそう病院【1:病院】【診療科目:内科_糖尿病内科_呼吸器内科_循環器内科_消化器内科_胃腸内科_外科_整形外科_リハビリテーション科】【一般病床数:49療養病床数:48精神病床数:0感染症病床数:0合計病床数:97】兵庫県伊丹市北野２丁目１１３番地３" }, "geometry": { "type": "Point", "coordinates": [ 135.384962, 34.804276 ] } },
{ "type": "Feature", "properties": { "ID": 2811280002130, "正式名称": "医療法人水光会　伊丹天神川病院", "機関区分": 1, "都道府県コード": 28, "市区町村コード": 207, "所在地": "兵庫県伊丹市北野６丁目３８番地", "緯度": 34.805855, "経度": 135.387972, "url": "https://www.iryou.teikyouseido.mhlw.go.jp/znk-web/juminkanja/S2430/initialize?prefCd=28&kikanCd=1280002130&kikanKbn=1", "url2": "http://www.itamitenjingawa-hp.com", "内容": "医療法人水光会　伊丹天神川病院【1:病院】【診療科目:内科_精神科_神経科_心療内科】【一般病床数:0療養病床数:35精神病床数:232感染症病床数:0合計病床数:267】兵庫県伊丹市北野６丁目３８番地" }, "geometry": { "type": "Point", "coordinates": [ 135.387972, 34.805855 ] } },
{ "type": "Feature", "properties": { "ID": 2811280002140, "正式名称": "医療法人社団豊明会常岡病院", "機関区分": 1, "都道府県コード": 28, "市区町村コード": 207, "所在地": "兵庫県伊丹市行基町２丁目５番地", "緯度": 34.779081, "経度": 135.410138, "url": "https://www.iryou.teikyouseido.mhlw.go.jp/znk-web/juminkanja/S2430/initialize?prefCd=28&kikanCd=1280002140&kikanKbn=1", "url2": "https://tsuneoka-h.or.jp/", "内容": "医療法人社団豊明会常岡病院【1:病院】【診療科目:内科_血液内科_循環器内科_消化器内科_外科_整形外科_形成外科_皮膚科_リハビリテーション科_放射線科】【一般病床数:0療養病床数:103精神病床数:0感染症病床数:0合計病床数:103】兵庫県伊丹市行基町２丁目５番地" }, "geometry": { "type": "Point", "coordinates": [ 135.410138, 34.779081 ] } },
{ "type": "Feature", "properties": { "ID": 2811280002160, "正式名称": "伊丹恒生脳神経外科病院", "機関区分": 1, "都道府県コード": 28, "市区町村コード": 207, "所在地": "兵庫県伊丹市西野１丁目３００番地－１", "緯度": 34.786461, "経度": 135.379083, "url": "https://www.iryou.teikyouseido.mhlw.go.jp/znk-web/juminkanja/S2430/initialize?prefCd=28&kikanCd=1280002160&kikanKbn=1", "url2": "http://www.itami-kousei.jp/", "内容": "伊丹恒生脳神経外科病院【1:病院】【診療科目:循環器内科_神経内科_脳神経外科_整形外科_リハビリテーション科】【一般病床数:80療養病床数:0精神病床数:0感染症病床数:0合計病床数:80】兵庫県伊丹市西野１丁目３００番地－１" }, "geometry": { "type": "Point", "coordinates": [ 135.379083, 34.786461 ] } },
{ "type": "Feature", "properties": { "ID": 2811280002170, "正式名称": "市立伊丹病院", "機関区分": 1, "都道府県コード": 28, "市区町村コード": 207, "所在地": "兵庫県伊丹市昆陽池１丁目１００番地", "緯度": 34.78358, "経度": 135.396889, "url": "https://www.iryou.teikyouseido.mhlw.go.jp/znk-web/juminkanja/S2430/initialize?prefCd=28&kikanCd=1280002170&kikanKbn=1", "url2": "http://www.hosp.itami.hyogo.jp/", "内容": "市立伊丹病院【1:病院】【診療科目:内科_血液内科_糖尿病内科_脳神経内科_呼吸器内科_循環器内科_消化器内科_老年内科_アレルギー疾患内科_インフルエンザ_外科_脳神経外科_呼吸器外科_心臓血管外科_消化器外科_乳腺外科_整形外科_形成外科_小児科_小児外科_産婦人科_眼科_耳鼻いんこう科_皮膚科_泌尿器科_精神科_心療内科_歯科口腔外科_リハビリテーション科_放射線診断科_放射線治療科_病理診断科_救急科_麻酔科】【一般病床数:414療養病床数:0精神病床数:0感染症病床数:0合計病床数:414】兵庫県伊丹市昆陽池１丁目１００番地" }, "geometry": { "type": "Point", "coordinates": [ 135.396889, 34.78358 ] } },
{ "type": "Feature", "properties": { "ID": 2811280002180, "正式名称": "医療法人社団祐生会祐生病院", "機関区分": 1, "都道府県コード": 28, "市区町村コード": 207, "所在地": "兵庫県伊丹市山田５丁目３番１３号", "緯度": 34.77122, "経度": 135.384585, "url": "https://www.iryou.teikyouseido.mhlw.go.jp/znk-web/juminkanja/S2430/initialize?prefCd=28&kikanCd=1280002180&kikanKbn=1", "url2": "http//www.yusei-hospital.or.jp", "内容": "医療法人社団祐生会祐生病院【1:病院】【診療科目:内科_ペインクリニック外科_整形外科_形成外科_リハビリテーション科】【一般病床数:54療養病床数:29精神病床数:0感染症病床数:0合計病床数:83】兵庫県伊丹市山田５丁目３番１３号" }, "geometry": { "type": "Point", "coordinates": [ 135.384585, 34.77122 ] } },
{ "type": "Feature", "properties": { "ID": 2811280002190, "正式名称": "正愛病院", "機関区分": 1, "都道府県コード": 28, "市区町村コード": 217, "所在地": "兵庫県川西市久代２丁目５番３４号", "緯度": 34.810105, "経度": 135.408332, "url": "https://www.iryou.teikyouseido.mhlw.go.jp/znk-web/juminkanja/S2430/initialize?prefCd=28&kikanCd=1280002190&kikanKbn=1", "url2": "http://seiai-hosp.jp/", "内容": "正愛病院【1:病院】【診療科目:内科_糖尿病内科_循環器内科_消化器内科_外科_脳神経外科_整形外科_歯科口腔外科_リハビリテーション科_放射線科_麻酔科】【一般病床数:39療養病床数:43精神病床数:0感染症病床数:0合計病床数:82】兵庫県川西市久代２丁目５番３４号" }, "geometry": { "type": "Point", "coordinates": [ 135.408332, 34.810105 ] } },
{ "type": "Feature", "properties": { "ID": 2811280002200, "正式名称": "自衛隊阪神病院", "機関区分": 1, "都道府県コード": 28, "市区町村コード": 217, "所在地": "兵庫県川西市久代４丁目１番５０号", "緯度": 34.8073, "経度": 135.403276, "url": "https://www.iryou.teikyouseido.mhlw.go.jp/znk-web/juminkanja/S2430/initialize?prefCd=28&kikanCd=1280002200&kikanKbn=1", "url2": "http://www.mod.go.jp/gsdf/mae/hosp/", "内容": "自衛隊阪神病院【1:病院】【診療科目:内科_インフルエンザ_外科_整形外科_小児科_産婦人科_眼科_耳鼻いんこう科_皮膚科_泌尿器科_精神科_歯科_リハビリテーション科_放射線科_麻酔科】【一般病床数:176療養病床数:0精神病床数:24感染症病床数:0合計病床数:200】兵庫県川西市久代４丁目１番５０号" }, "geometry": { "type": "Point", "coordinates": [ 135.403276, 34.8073 ] } },
{ "type": "Feature", "properties": { "ID": 2811280002210, "正式名称": "医療法人社団九十九記念病院", "機関区分": 1, "都道府県コード": 28, "市区町村コード": 217, "所在地": "兵庫県川西市栄町１０－４", "緯度": 34.829159, "経度": 135.413747, "url": "https://www.iryou.teikyouseido.mhlw.go.jp/znk-web/juminkanja/S2430/initialize?prefCd=28&kikanCd=1280002210&kikanKbn=1", "url2": "www.tukumo-kinenhp.jp/", "内容": "医療法人社団九十九記念病院【1:病院】【診療科目:内科_循環器内科_消化器内科_精神科_リハビリテーション科_放射線科】【一般病床数:0療養病床数:65精神病床数:0感染症病床数:0合計病床数:65】兵庫県川西市栄町１０－４" }, "geometry": { "type": "Point", "coordinates": [ 135.413747, 34.829159 ] } },
{ "type": "Feature", "properties": { "ID": 2811280002220, "正式名称": "医療法人協和会第二協立病院", "機関区分": 1, "都道府県コード": 28, "市区町村コード": 217, "所在地": "兵庫県川西市栄町５番２８号", "緯度": 34.830964, "経度": 135.413441, "url": "https://www.iryou.teikyouseido.mhlw.go.jp/znk-web/juminkanja/S2430/initialize?prefCd=28&kikanCd=1280002220&kikanKbn=1", "url2": "http://www.kyowakai.com/", "内容": "医療法人協和会第二協立病院【1:病院】【診療科目:内科_循環器内科_神経内科_外科_脳神経外科_整形外科_産婦人科_眼科_皮膚科_泌尿器科_リハビリテーション科_放射線科】【一般病床数:397療養病床数:0精神病床数:0感染症病床数:0合計病床数:425】兵庫県川西市栄町５番２８号" }, "geometry": { "type": "Point", "coordinates": [ 135.413441, 34.830964 ] } },
{ "type": "Feature", "properties": { "ID": 2811280002230, "正式名称": "医療法人晋真会ベリタス病院", "機関区分": 1, "都道府県コード": 28, "市区町村コード": 217, "所在地": "兵庫県川西市新田１丁目２番２３号", "緯度": 34.861238, "経度": 135.410662, "url": "https://www.iryou.teikyouseido.mhlw.go.jp/znk-web/juminkanja/S2430/initialize?prefCd=28&kikanCd=1280002230&kikanKbn=1", "url2": "http://www.shinshinkai.jp/", "内容": "医療法人晋真会ベリタス病院【1:病院】【診療科目:内科_糖尿病内科_循環器内科_消化器内科_神経内科_インフルエンザ_外科_脳神経外科_肛門外科_整形外科_婦人科_リハビリテーション科_放射線科_麻酔科】【一般病床数:199療養病床数:0精神病床数:0感染症病床数:0合計病床数:199】兵庫県川西市新田１丁目２番２３号" }, "geometry": { "type": "Point", "coordinates": [ 135.410662, 34.861238 ] } },
{ "type": "Feature", "properties": { "ID": 2811280002280, "正式名称": "医療法人社団衿正会生駒病院", "機関区分": 1, "都道府県コード": 28, "市区町村コード": 301, "所在地": "兵庫県川辺郡猪名川町広根字九十九８番地", "緯度": 34.890571, "経度": 135.372809, "url": "https://www.iryou.teikyouseido.mhlw.go.jp/znk-web/juminkanja/S2430/initialize?prefCd=28&kikanCd=1280002280&kikanKbn=1", "url2": "https://www.ikoma-hp.com", "内容": "医療法人社団衿正会生駒病院【1:病院】【診療科目:内科_呼吸器内科_循環器内科_消化器内科_外科_整形外科_小児外科_皮膚科_リハビリテーション科_放射線科】【一般病床数:0療養病床数:198精神病床数:0感染症病床数:0合計病床数:198】兵庫県川辺郡猪名川町広根字九十九８番地" }, "geometry": { "type": "Point", "coordinates": [ 135.372809, 34.890571 ] } },
{ "type": "Feature", "properties": { "ID": 2811280002290, "正式名称": "医療法人社団星晶会あおい病院", "機関区分": 1, "都道府県コード": 28, "市区町村コード": 207, "所在地": "兵庫県伊丹市荒牧６丁目１４番２号", "緯度": 34.811777, "経度": 135.387978, "url": "https://www.iryou.teikyouseido.mhlw.go.jp/znk-web/juminkanja/S2430/initialize?prefCd=28&kikanCd=1280002290&kikanKbn=1", "url2": "http://www4.ocn.ne.jp/~syba/index.htm", "内容": "医療法人社団星晶会あおい病院【1:病院】【診療科目:内科_消化器内科_腎臓内科_インフルエンザ_整形外科_歯科】【一般病床数:39療養病床数:0精神病床数:0感染症病床数:0合計病床数:39】兵庫県伊丹市荒牧６丁目１４番２号" }, "geometry": { "type": "Point", "coordinates": [ 135.387978, 34.811777 ] } },
{ "type": "Feature", "properties": { "ID": 2811280002300, "正式名称": "医療法人社団仙齢会はりま病院", "機関区分": 1, "都道府県コード": 28, "市区町村コード": 382, "所在地": "兵庫県加古郡播磨町北野添２丁目１番１５号", "緯度": 34.720533, "経度": 134.887119, "url": "https://www.iryou.teikyouseido.mhlw.go.jp/znk-web/juminkanja/S2430/initialize?prefCd=28&kikanCd=1280002300&kikanKbn=1", "url2": "http://www.harima.senreikai.org", "内容": "医療法人社団仙齢会はりま病院【1:病院】【診療科目:内科_循環器内科_消化器内科_神経内科_内視鏡内科_内視鏡外科_整形外科_麻酔科】【一般病床数:89療養病床数:0精神病床数:0感染症病床数:0合計病床数:89】兵庫県加古郡播磨町北野添２丁目１番１５号" }, "geometry": { "type": "Point", "coordinates": [ 134.887119, 34.720533 ] } },
{ "type": "Feature", "properties": { "ID": 2811280002310, "正式名称": "医療法人社団松本会松本病院", "機関区分": 1, "都道府県コード": 28, "市区町村コード": 210, "所在地": "兵庫県加古川市加古川町粟津２３２番地の１", "緯度": 34.763211, "経度": 134.837603, "url": "https://www.iryou.teikyouseido.mhlw.go.jp/znk-web/juminkanja/S2430/initialize?prefCd=28&kikanCd=1280002310&kikanKbn=1", "url2": "https://www.matsumoto-hosp.or.jp", "内容": "医療法人社団松本会松本病院【1:病院】【診療科目:内科_循環器内科_外科_整形外科_形成外科_リウマチ科_リハビリテーション科_放射線科】【一般病床数:190療養病床数:0精神病床数:0感染症病床数:0合計病床数:190】兵庫県加古川市加古川町粟津２３２番地の１" }, "geometry": { "type": "Point", "coordinates": [ 134.837603, 34.763211 ] } },
{ "type": "Feature", "properties": { "ID": 2811280002320, "正式名称": "兵庫県立加古川医療センター", "機関区分": 1, "都道府県コード": 28, "市区町村コード": 210, "所在地": "兵庫県加古川市神野町神野２０３番地", "緯度": 34.774405, "経度": 134.881988, "url": "https://www.iryou.teikyouseido.mhlw.go.jp/znk-web/juminkanja/S2430/initialize?prefCd=28&kikanCd=1280002320&kikanKbn=1", "url2": "http://www.kenkako.jp/", "内容": "兵庫県立加古川医療センター【1:病院】【診療科目:感染症内科_糖尿病・内分泌内科_呼吸器内科_循環器内科_消化器内科_腎臓内科_神経内科_インフルエンザ，総合内科_外科_脳神経外科_乳腺外科_整形外科_形成外科_眼科_耳鼻いんこう科_皮膚科_泌尿器科_精神科_リハビリテーション科_放射線科_病理診断科_救急科_麻酔科】【一般病床数:345療養病床数:0精神病床数:0感染症病床数:8合計病床数:353】兵庫県加古川市神野町神野２０３番地" }, "geometry": { "type": "Point", "coordinates": [ 134.881988, 34.774405 ] } },
{ "type": "Feature", "properties": { "ID": 2811280002330, "正式名称": "社会医療法人社団順心会順心リハビリテーション病院", "機関区分": 1, "都道府県コード": 28, "市区町村コード": 210, "所在地": "兵庫県加古川市神野町石守１６３２番地", "緯度": 34.772655, "経度": 134.885654, "url": "https://www.iryou.teikyouseido.mhlw.go.jp/znk-web/juminkanja/S2430/initialize?prefCd=28&kikanCd=1280002330&kikanKbn=1", "url2": "https://www.junshin.or.jp/kousei/access.html", "内容": "社会医療法人社団順心会順心リハビリテーション病院【1:病院】【診療科目:内科_循環器内科_神経内科_歯科_歯科口腔外科_リハビリテーション科】【一般病床数:0療養病床数:180精神病床数:0感染症病床数:0合計病床数:180】兵庫県加古川市神野町石守１６３２番地" }, "geometry": { "type": "Point", "coordinates": [ 134.885654, 34.772655 ] } },
{ "type": "Feature", "properties": { "ID": 2811280002350, "正式名称": "公益財団法人甲南会甲南加古川病院", "機関区分": 1, "都道府県コード": 28, "市区町村コード": 210, "所在地": "兵庫県加古川市神野町西条１５４５－１", "緯度": 34.780766, "経度": 134.883876, "url": "https://www.iryou.teikyouseido.mhlw.go.jp/znk-web/juminkanja/S2430/initialize?prefCd=28&kikanCd=1280002350&kikanKbn=1", "url2": "www.kohnan.or.jp/kakogawa", "内容": "公益財団法人甲南会甲南加古川病院【1:病院】【診療科目:内科_脳神経内科_循環器内科_外科_整形外科_皮膚科_リウマチ科_リハビリテーション科_放射線科_麻酔科】【一般病床数:159療養病床数:40精神病床数:0感染症病床数:0合計病床数:199】兵庫県加古川市神野町西条１５４５－１" }, "geometry": { "type": "Point", "coordinates": [ 134.883876, 34.780766 ] } },
{ "type": "Feature", "properties": { "ID": 2811280002360, "正式名称": "社会医療法人社団順心会順心病院", "機関区分": 1, "都道府県コード": 28, "市区町村コード": 210, "所在地": "兵庫県加古川市別府町別府８６５番１", "緯度": 34.73552, "経度": 134.853964, "url": "https://www.iryou.teikyouseido.mhlw.go.jp/znk-web/juminkanja/S2430/initialize?prefCd=28&kikanCd=1280002360&kikanKbn=1", "url2": "http://www.junshin.or.jp", "内容": "社会医療法人社団順心会順心病院【1:病院】【診療科目:内科_循環器内科_神経内科_外科_脳神経外科_消化器外科_整形外科_耳鼻いんこう科_リハビリテーション科_放射線科_麻酔科】【一般病床数:174療養病床数:0精神病床数:0感染症病床数:0合計病床数:174】兵庫県加古川市別府町別府８６５番１" }, "geometry": { "type": "Point", "coordinates": [ 134.853964, 34.73552 ] } },
{ "type": "Feature", "properties": { "ID": 2811280002380, "正式名称": "中谷整形外科病院", "機関区分": 1, "都道府県コード": 28, "市区町村コード": 210, "所在地": "兵庫県加古川市平岡町新在家１０５番地", "緯度": 34.742992, "経度": 134.866796, "url": "https://www.iryou.teikyouseido.mhlw.go.jp/znk-web/juminkanja/S2430/initialize?prefCd=28&kikanCd=1280002380&kikanKbn=1", "url2": "http://nakatani-hosp.or.jp/", "内容": "中谷整形外科病院【1:病院】【診療科目:内科_外科_ペインクリニック外科_整形外科_リハビリテーション科_麻酔科】【一般病床数:59療養病床数:0精神病床数:0感染症病床数:0合計病床数:59】兵庫県加古川市平岡町新在家１０５番地" }, "geometry": { "type": "Point", "coordinates": [ 134.866796, 34.742992 ] } },
{ "type": "Feature", "properties": { "ID": 2811280002390, "正式名称": "東加古川病院", "機関区分": 1, "都道府県コード": 28, "市区町村コード": 210, "所在地": "兵庫県加古川市平岡町新在家１１９７番地の３", "緯度": 34.750975, "経度": 134.870486, "url": "https://www.iryou.teikyouseido.mhlw.go.jp/znk-web/juminkanja/S2430/initialize?prefCd=28&kikanCd=1280002390&kikanKbn=1", "url2": "http://www.tatsumakai.jp/", "内容": "東加古川病院【1:病院】【診療科目:精神科】【一般病床数:0療養病床数:0精神病床数:425感染症病床数:0合計病床数:425】兵庫県加古川市平岡町新在家１１９７番地の３" }, "geometry": { "type": "Point", "coordinates": [ 134.870486, 34.750975 ] } },
{ "type": "Feature", "properties": { "ID": 2811280002410, "正式名称": "たずみ病院", "機関区分": 1, "都道府県コード": 28, "市区町村コード": 210, "所在地": "兵庫県加古川市尾上町口里７９０－６６", "緯度": 34.732864, "経度": 134.834176, "url": "https://www.iryou.teikyouseido.mhlw.go.jp/znk-web/juminkanja/S2430/initialize?prefCd=28&kikanCd=1280002410&kikanKbn=1", "url2": "https://www.tazumi-hp.com/", "内容": "たずみ病院【1:病院】【診療科目:内科_呼吸器内科_循環器内科_消化器内科_人工透析内科_外科_脳神経外科_消化器外科_整形外科_リハビリテーション科】【一般病床数:49療養病床数:47精神病床数:0感染症病床数:0合計病床数:96】兵庫県加古川市尾上町口里７９０－６６" }, "geometry": { "type": "Point", "coordinates": [ 134.834176, 34.732864 ] } },
{ "type": "Feature", "properties": { "ID": 2811280002420, "正式名称": "加古川磯病院", "機関区分": 1, "都道府県コード": 28, "市区町村コード": 210, "所在地": "兵庫県加古川市八幡町下村１３５３", "緯度": 34.790848, "経度": 134.914512, "url": "https://www.iryou.teikyouseido.mhlw.go.jp/znk-web/juminkanja/S2430/initialize?prefCd=28&kikanCd=1280002420&kikanKbn=1", "url2": "https://www.isohosp.com/", "内容": "加古川磯病院【1:病院】【診療科目:内科_消化器内科_外科_消化器外科_整形外科_リハビリテーション科】【一般病床数:0療養病床数:196精神病床数:0感染症病床数:0合計病床数:196】兵庫県加古川市八幡町下村１３５３" }, "geometry": { "type": "Point", "coordinates": [ 134.914512, 34.790848 ] } },
{ "type": "Feature", "properties": { "ID": 2811280002440, "正式名称": "共立会病院", "機関区分": 1, "都道府県コード": 28, "市区町村コード": 210, "所在地": "兵庫県加古川市米田町平津５９６番地", "緯度": 34.781542, "経度": 134.816465, "url": "https://www.iryou.teikyouseido.mhlw.go.jp/znk-web/juminkanja/S2430/initialize?prefCd=28&kikanCd=1280002440&kikanKbn=1", "url2": "http://www.kyoritsukai.or.jp/", "内容": "共立会病院【1:病院】【診療科目:内科_外科_整形外科_皮膚科_リハビリテーション科】【一般病床数:0療養病床数:100精神病床数:0感染症病床数:0合計病床数:100】兵庫県加古川市米田町平津５９６番地" }, "geometry": { "type": "Point", "coordinates": [ 134.816465, 34.781542 ] } },
{ "type": "Feature", "properties": { "ID": 2811280002450, "正式名称": "医療法人社団友愛会　稲美しんわ病院", "機関区分": 1, "都道府県コード": 28, "市区町村コード": 381, "所在地": "兵庫県加古郡稲美町北山１２６４番地", "緯度": 34.763506, "経度": 134.891431, "url": "https://www.iryou.teikyouseido.mhlw.go.jp/znk-web/juminkanja/S2430/initialize?prefCd=28&kikanCd=1280002450&kikanKbn=1", "url2": "http://www.harisana.or.jp/", "内容": "医療法人社団友愛会　稲美しんわ病院【1:病院】【診療科目:精神科_神経科_歯科】【一般病床数:0療養病床数:0精神病床数:358感染症病床数:0合計病床数:358】兵庫県加古郡稲美町北山１２６４番地" }, "geometry": { "type": "Point", "coordinates": [ 134.891431, 34.763506 ] } },
{ "type": "Feature", "properties": { "ID": 2811280002460, "正式名称": "私立稲美中央病院", "機関区分": 1, "都道府県コード": 28, "市区町村コード": 381, "所在地": "兵庫県加古郡稲美町国安１２８６－２３", "緯度": 34.750714, "経度": 134.920597, "url": "https://www.iryou.teikyouseido.mhlw.go.jp/znk-web/juminkanja/S2430/initialize?prefCd=28&kikanCd=1280002460&kikanKbn=1", "url2": "http//inamichuou-hospital.or.jp/index.html", "内容": "私立稲美中央病院【1:病院】【診療科目:内科_循環器内科_消化器内科_胃腸内科_外科_整形外科_眼科_耳鼻いんこう科_リハビリテーション科_放射線科】【一般病床数:50療養病床数:54精神病床数:0感染症病床数:0合計病床数:110】兵庫県加古郡稲美町国安１２８６－２３" }, "geometry": { "type": "Point", "coordinates": [ 134.920597, 34.750714 ] } },
{ "type": "Feature", "properties": { "ID": 2811280002470, "正式名称": "高砂市民病院", "機関区分": 1, "都道府県コード": 28, "市区町村コード": 216, "所在地": "兵庫県高砂市荒井町紙町３３番１号", "緯度": 34.757989, "経度": 134.796607, "url": "https://www.iryou.teikyouseido.mhlw.go.jp/znk-web/juminkanja/S2430/initialize?prefCd=28&kikanCd=1280002470&kikanKbn=1", "url2": "www.hospital-takasago.jp", "内容": "高砂市民病院【1:病院】【診療科目:内科_循環器内科_消化器内科_緩和ケア内科_インフルエンザ_外科_脳神経外科_整形外科_形成外科_小児科_産婦人科_眼科_耳鼻いんこう科_皮膚科_泌尿器科_精神科_リハビリテーション科_放射線科_麻酔科】【一般病床数:199療養病床数:0精神病床数:0感染症病床数:0合計病床数:199】兵庫県高砂市荒井町紙町３３番１号" }, "geometry": { "type": "Point", "coordinates": [ 134.796607, 34.757989 ] } },
{ "type": "Feature", "properties": { "ID": 2811280002480, "正式名称": "医療法人徳洲会　高砂西部病院", "機関区分": 1, "都道府県コード": 28, "市区町村コード": 216, "所在地": "兵庫県高砂市中筋１丁目１０番４１号", "緯度": 34.789318, "経度": 134.771858, "url": "https://www.iryou.teikyouseido.mhlw.go.jp/znk-web/juminkanja/S2430/initialize?prefCd=28&kikanCd=1280002480&kikanKbn=1", "url2": "https://www.takasagoseibu.jp", "内容": "医療法人徳洲会　高砂西部病院【1:病院】【診療科目:内科_血液内科_呼吸器内科_循環器内科_消化器内科_神経内科_外科_脳神経外科_心臓血管外科_整形外科_形成外科_小児科_産婦人科_眼科_耳鼻いんこう科_皮膚科_泌尿器科_精神科_心療内科_リハビリテーション科_放射線科_麻酔科】【一般病床数:171療養病床数:48精神病床数:0感染症病床数:0合計病床数:219】兵庫県高砂市中筋１丁目１０番４１号" }, "geometry": { "type": "Point", "coordinates": [ 134.771858, 34.789318 ] } },
{ "type": "Feature", "properties": { "ID": 2811280002490, "正式名称": "あさぎり病院", "機関区分": 1, "都道府県コード": 28, "市区町村コード": 203, "所在地": "兵庫県明石市朝霧台１１２０番地の２", "緯度": 34.654976, "経度": 135.017788, "url": "https://www.iryou.teikyouseido.mhlw.go.jp/znk-web/juminkanja/S2430/initialize?prefCd=28&kikanCd=1280002490&kikanKbn=1", "url2": "https://www.asagiri-hp.or.jp/", "内容": "あさぎり病院【1:病院】【診療科目:内科_糖尿病内科_循環器内科_消化器内科_小児科_産婦人科_眼科_リウマチ科_放射線科_麻酔科】【一般病床数:99療養病床数:0精神病床数:0感染症病床数:0合計病床数:99】兵庫県明石市朝霧台１１２０番地の２" }, "geometry": { "type": "Point", "coordinates": [ 135.017788, 34.654976 ] } },
{ "type": "Feature", "properties": { "ID": 2811280002500, "正式名称": "明石仁十病院", "機関区分": 1, "都道府県コード": 28, "市区町村コード": 203, "所在地": "兵庫県明石市魚住町清水１８７１番地の３", "緯度": 34.715794, "経度": 134.90432, "url": "https://www.iryou.teikyouseido.mhlw.go.jp/znk-web/juminkanja/S2430/initialize?prefCd=28&kikanCd=1280002500&kikanKbn=1", "url2": "http://www.ninju-hp.or.jp", "内容": "明石仁十病院【1:病院】【診療科目:内科_糖尿病内科_脳神経内科_呼吸器内科_循環器内科_胃腸内科_外科_整形外科_耳鼻いんこう科_泌尿器科_リハビリテーション科_放射線科】【一般病床数:49療養病床数:100精神病床数:0感染症病床数:0合計病床数:149】兵庫県明石市魚住町清水１８７１番地の３" }, "geometry": { "type": "Point", "coordinates": [ 134.90432, 34.715794 ] } },
{ "type": "Feature", "properties": { "ID": 2811280002510, "正式名称": "医療法人久仁会明石同仁病院", "機関区分": 1, "都道府県コード": 28, "市区町村コード": 203, "所在地": "兵庫県明石市魚住町清水２１８３番地", "緯度": 34.717828, "経度": 134.891906, "url": "https://www.iryou.teikyouseido.mhlw.go.jp/znk-web/juminkanja/S2430/initialize?prefCd=28&kikanCd=1280002510&kikanKbn=1", "url2": "http://www.akashidoujin.jp", "内容": "医療法人久仁会明石同仁病院【1:病院】【診療科目:内科_インフルエンザ・発熱外来_外科_整形外科_眼科_精神科_心療内科_リハビリテーション科_放射線科】【一般病床数:0療養病床数:99精神病床数:0感染症病床数:0合計病床数:99】兵庫県明石市魚住町清水２１８３番地" }, "geometry": { "type": "Point", "coordinates": [ 134.891906, 34.717828 ] } },
{ "type": "Feature", "properties": { "ID": 2811280002520, "正式名称": "明石土山病院", "機関区分": 1, "都道府県コード": 28, "市区町村コード": 203, "所在地": "兵庫県明石市魚住町清水２７４４番地の３０", "緯度": 34.722633, "経度": 134.905655, "url": "https://www.iryou.teikyouseido.mhlw.go.jp/znk-web/juminkanja/S2430/initialize?prefCd=28&kikanCd=1280002520&kikanKbn=1", "url2": "https://www.athp.jp/", "内容": "明石土山病院【1:病院】【診療科目:循環器内科_精神科_心療内科_歯科】【一般病床数:0療養病床数:0精神病床数:396感染症病床数:0合計病床数:396】兵庫県明石市魚住町清水２７４４番地の３０" }, "geometry": { "type": "Point", "coordinates": [ 134.905655, 34.722633 ] } },
{ "type": "Feature", "properties": { "ID": 2811280002530, "正式名称": "医療法人社団　佳生会　野木病院", "機関区分": 1, "都道府県コード": 28, "市区町村コード": 203, "所在地": "兵庫県明石市魚住町長坂寺字ツエ池１００３番地の１", "緯度": 34.699719, "経度": 134.913211, "url": "https://www.iryou.teikyouseido.mhlw.go.jp/znk-web/juminkanja/S2430/initialize?prefCd=28&kikanCd=1280002530&kikanKbn=1", "url2": "http://www.nogi-hospital.or.jp", "内容": "医療法人社団　佳生会　野木病院【1:病院】【診療科目:内科_糖尿病内科_呼吸器内科_循環器内科_内視鏡内科_インフルエンザ_外科_脳神経外科_血管外科_消化器外科_乳腺外科_肛門外科_整形外科_リハビリテーション科_放射線診断科】【一般病床数:59療養病床数:40精神病床数:0感染症病床数:0合計病床数:99】兵庫県明石市魚住町長坂寺字ツエ池１００３番地の１" }, "geometry": { "type": "Point", "coordinates": [ 134.913211, 34.699719 ] } },
{ "type": "Feature", "properties": { "ID": 2811280002540, "正式名称": "医療法人伯鳳会明石リハビリ―テーション病院", "機関区分": 1, "都道府県コード": 28, "市区町村コード": 203, "所在地": "兵庫県明石市二見町西二見６８５－３", "緯度": 34.702968, "経度": 134.880852, "url": "https://www.iryou.teikyouseido.mhlw.go.jp/znk-web/juminkanja/S2430/initialize?prefCd=28&kikanCd=1280002540&kikanKbn=1", "url2": "https://www.akashihakuho.com", "内容": "医療法人伯鳳会明石リハビリ―テーション病院【1:病院】【診療科目:内科_脳神経外科_整形外科_リハビリテーション科】【一般病床数:0療養病床数:109精神病床数:0感染症病床数:0合計病床数:109】兵庫県明石市二見町西二見６８５－３" }, "geometry": { "type": "Point", "coordinates": [ 134.880852, 34.702968 ] } },
{ "type": "Feature", "properties": { "ID": 2811280002550, "正式名称": "王子回生病院", "機関区分": 1, "都道府県コード": 28, "市区町村コード": 203, "所在地": "兵庫県明石市大道町２丁目２番３号", "緯度": 34.654003, "経度": 134.979819, "url": "https://www.iryou.teikyouseido.mhlw.go.jp/znk-web/juminkanja/S2430/initialize?prefCd=28&kikanCd=1280002550&kikanKbn=1", "url2": "https://ohjikaisei.wakabakai-hp.com", "内容": "王子回生病院【1:病院】【診療科目:内科_消化器内科_外科_整形外科_リハビリテーション科_放射線科】【一般病床数:69療養病床数:0精神病床数:0感染症病床数:0合計病床数:69】兵庫県明石市大道町２丁目２番３号" }, "geometry": { "type": "Point", "coordinates": [ 134.979819, 34.654003 ] } },
{ "type": "Feature", "properties": { "ID": 2811280002560, "正式名称": "医療法人社団　英明会　大西脳神経外科病院", "機関区分": 1, "都道府県コード": 28, "市区町村コード": 203, "所在地": "兵庫県明石市大久保町江井島１６６１番地１", "緯度": 34.682416, "経度": 134.927488, "url": "https://www.iryou.teikyouseido.mhlw.go.jp/znk-web/juminkanja/S2430/initialize?prefCd=28&kikanCd=1280002560&kikanKbn=1", "url2": "https://www.onc.akashi.hyogo.jp/", "内容": "医療法人社団　英明会　大西脳神経外科病院【1:病院】【診療科目:脳神経内科_脳神経外科_リハビリテーション科_放射線科_麻酔科】【一般病床数:182療養病床数:0精神病床数:0感染症病床数:0合計病床数:182】兵庫県明石市大久保町江井島１６６１番地１" }, "geometry": { "type": "Point", "coordinates": [ 134.927488, 34.682416 ] } },
{ "type": "Feature", "properties": { "ID": 2811280002570, "正式名称": "特定医療法人誠仁会大久保病院", "機関区分": 1, "都道府県コード": 28, "市区町村コード": 203, "所在地": "兵庫県明石市大久保町大窪２０９５番地の１", "緯度": 34.692054, "経度": 134.946042, "url": "https://www.iryou.teikyouseido.mhlw.go.jp/znk-web/juminkanja/S2430/initialize?prefCd=28&kikanCd=1280002570&kikanKbn=1", "url2": "https://www.seijinkai.or.jp/okubo/index.html", "内容": "特定医療法人誠仁会大久保病院【1:病院】【診療科目:内科_糖尿病内科_呼吸器内科_循環器内科_消化器内科_腎臓内科_インフルエンザ_外科_脳神経外科_整形外科_産婦人科_リハビリテーション科_救急科_麻酔科】【一般病床数:160療養病床数:39精神病床数:0感染症病床数:0合計病床数:199】兵庫県明石市大久保町大窪２０９５番地の１" }, "geometry": { "type": "Point", "coordinates": [ 134.946042, 34.692054 ] } },
{ "type": "Feature", "properties": { "ID": 2811280002580, "正式名称": "医療法人社団せいゆう会　神明病院", "機関区分": 1, "都道府県コード": 28, "市区町村コード": 203, "所在地": "兵庫県明石市大久保町大窪２５２０番地", "緯度": 34.694776, "経度": 134.950958, "url": "https://www.iryou.teikyouseido.mhlw.go.jp/znk-web/juminkanja/S2430/initialize?prefCd=28&kikanCd=1280002580&kikanKbn=1", "url2": "http://www.seiyu-kai.org/", "内容": "医療法人社団せいゆう会　神明病院【1:病院】【診療科目:内科_循環器内科_消化器内科_外科_消化器外科_整形外科】【一般病床数:0療養病床数:71精神病床数:0感染症病床数:0合計病床数:71】兵庫県明石市大久保町大窪２５２０番地" }, "geometry": { "type": "Point", "coordinates": [ 134.950958, 34.694776 ] } },
{ "type": "Feature", "properties": { "ID": 2811280002590, "正式名称": "江井島病院", "機関区分": 1, "都道府県コード": 28, "市区町村コード": 203, "所在地": "兵庫県明石市大久保町西島４３４番地の５", "緯度": 34.680919, "経度": 134.913161, "url": "https://www.iryou.teikyouseido.mhlw.go.jp/znk-web/juminkanja/S2430/initialize?prefCd=28&kikanCd=1280002590&kikanKbn=1", "url2": "https://www.eigashima-hp.futabakai1983.or.jp/", "内容": "江井島病院【1:病院】【診療科目:内科_脳神経内科_循環器内科_外科_脳神経外科_整形外科_小児科_皮膚科_泌尿器科_心療内科_歯科_リハビリテーション科】【一般病床数:60療養病床数:60精神病床数:0感染症病床数:0合計病床数:120】兵庫県明石市大久保町西島４３４番地の５" }, "geometry": { "type": "Point", "coordinates": [ 134.913161, 34.680919 ] } },
{ "type": "Feature", "properties": { "ID": 2811280002610, "正式名称": "社会医療法人愛仁会　明石医療センター", "機関区分": 1, "都道府県コード": 28, "市区町村コード": 203, "所在地": "兵庫県明石市大久保町八木７４３番地の３３", "緯度": 34.675, "経度": 134.937571, "url": "https://www.iryou.teikyouseido.mhlw.go.jp/znk-web/juminkanja/S2430/initialize?prefCd=28&kikanCd=1280002610&kikanKbn=1", "url2": "http://www.amc1.jp/", "内容": "社会医療法人愛仁会　明石医療センター【1:病院】【診療科目:内科_糖尿病・内分泌内科_呼吸器内科_循環器内科_消化器内科_腎臓内科_発熱外来_外科_呼吸器外科_心臓血管外科_整形外科_小児科_産婦人科_眼科_泌尿器科_リハビリテーション科_放射線科_病理診断科_救急科_麻酔科】【一般病床数:392療養病床数:0精神病床数:0感染症病床数:0合計病床数:392】兵庫県明石市大久保町八木７４３番地の３３" }, "geometry": { "type": "Point", "coordinates": [ 134.937571, 34.675 ] } },
{ "type": "Feature", "properties": { "ID": 2811280002620, "正式名称": "兵庫県立がんセンター", "機関区分": 1, "都道府県コード": 28, "市区町村コード": 203, "所在地": "兵庫県明石市北王子町１３番７０号", "緯度": 34.657281, "経度": 134.981624, "url": "https://www.iryou.teikyouseido.mhlw.go.jp/znk-web/juminkanja/S2430/initialize?prefCd=28&kikanCd=1280002620&kikanKbn=1", "url2": "http://www.hyogo-cc.jp/", "内容": "兵庫県立がんセンター【1:病院】【診療科目:血液内科_呼吸器内科_循環器内科_消化器内科_腫瘍内科_緩和ケア内科_脳神経外科_呼吸器外科_消化器外科_乳腺外科_頭頸部外科_整形外科_形成外科_婦人科_皮膚科_泌尿器科_精神科_歯科口腔外科_リハビリテーション科_放射線診断科_放射線治療科_病理診断科_麻酔科】【一般病床数:360療養病床数:0精神病床数:0感染症病床数:0合計病床数:0】兵庫県明石市北王子町１３番７０号" }, "geometry": { "type": "Point", "coordinates": [ 134.981624, 34.657281 ] } },
{ "type": "Feature", "properties": { "ID": 2811280002630, "正式名称": "医療法人社団仁恵会石井病院", "機関区分": 1, "都道府県コード": 28, "市区町村コード": 203, "所在地": "兵庫県明石市天文町１丁目５番１１号", "緯度": 34.647088, "経度": 134.99979, "url": "https://www.iryou.teikyouseido.mhlw.go.jp/znk-web/juminkanja/S2430/initialize?prefCd=28&kikanCd=1280002630&kikanKbn=1", "url2": "http://www.jinkeikai-group.or.jp", "内容": "医療法人社団仁恵会石井病院【1:病院】【診療科目:内科_糖尿病内科_循環器内科_消化器内科_胃腸内科_人工透析内科_神経内科_インフルエンザ_外科_血管外科_消化器外科_肛門外科_整形外科_形成外科_眼科_皮膚科_精神科_アレルギー科_リウマチ科_リハビリテーション科_麻酔科】【一般病床数:46療養病床数:57精神病床数:0感染症病床数:0合計病床数:103】兵庫県明石市天文町１丁目５番１１号" }, "geometry": { "type": "Point", "coordinates": [ 134.99979, 34.647088 ] } },
{ "type": "Feature", "properties": { "ID": 2811280002640, "正式名称": "地方独立行政法人　明石市立市民病院", "機関区分": 1, "都道府県コード": 28, "市区町村コード": 203, "所在地": "兵庫県明石市鷹匠町１番３３号", "緯度": 34.657003, "経度": 134.990096, "url": "https://www.iryou.teikyouseido.mhlw.go.jp/znk-web/juminkanja/S2430/initialize?prefCd=28&kikanCd=1280002640&kikanKbn=1", "url2": "http://www.akashi-shiminhosp.jp/", "内容": "地方独立行政法人　明石市立市民病院【1:病院】【診療科目:血液内科_糖尿病内科_循環器内科_消化器内科_腎臓内科_神経内科_インフルエンザ，総合内科_外科_脳神経外科_整形外科_小児科_産婦人科_眼科_耳鼻いんこう科_皮膚科_泌尿器科_精神科_心療内科_リハビリテーション科_放射線科_病理診断科_救急科_麻酔科】【一般病床数:317療養病床数:0精神病床数:0感染症病床数:0合計病床数:317】兵庫県明石市鷹匠町１番３３号" }, "geometry": { "type": "Point", "coordinates": [ 134.990096, 34.657003 ] } },
{ "type": "Feature", "properties": { "ID": 2811280002650, "正式名称": "医療法人社団医仁会ふくやま病院", "機関区分": 1, "都道府県コード": 28, "市区町村コード": 203, "所在地": "兵庫県明石市硯町２丁目５－５５", "緯度": 34.669057, "経度": 134.965514, "url": "https://www.iryou.teikyouseido.mhlw.go.jp/znk-web/juminkanja/S2430/initialize?prefCd=28&kikanCd=1280002650&kikanKbn=1", "url2": "http://www.fukuyama-hp.jp/", "内容": "医療法人社団医仁会ふくやま病院【1:病院】【診療科目:内科_糖尿病内科_消化器内科_緩和ケア内科_インフルエンザ_外科_消化器外科_肛門外科_整形外科_緩和ケア外科_リハビリテーション科_放射線科_麻酔科】【一般病床数:104療養病床数:0精神病床数:0感染症病床数:0合計病床数:104】兵庫県明石市硯町２丁目５－５５" }, "geometry": { "type": "Point", "coordinates": [ 134.965514, 34.669057 ] } },
{ "type": "Feature", "properties": { "ID": 2811280002660, "正式名称": "あさひ病院", "機関区分": 1, "都道府県コード": 28, "市区町村コード": 203, "所在地": "兵庫県明石市林崎町２丁目１番３１号", "緯度": 34.650948, "経度": 134.967653, "url": "https://www.iryou.teikyouseido.mhlw.go.jp/znk-web/juminkanja/S2430/initialize?prefCd=28&kikanCd=1280002660&kikanKbn=1", "url2": "https://www.asahihp-akashi.or.jp/", "内容": "あさひ病院【1:病院】【診療科目:内科_循環器内科_消化器内科_人工透析内科_発熱外来_外科_整形外科_形成外科_美容外科_リハビリテーション科_放射線科】【一般病床数:100療養病床数:0精神病床数:0感染症病床数:0合計病床数:100】兵庫県明石市林崎町２丁目１番３１号" }, "geometry": { "type": "Point", "coordinates": [ 134.967653, 34.650948 ] } },
{ "type": "Feature", "properties": { "ID": 2811280002670, "正式名称": "明石こころのホスピタル", "機関区分": 1, "都道府県コード": 28, "市区町村コード": 203, "所在地": "兵庫県明石市藤江１３１５番地", "緯度": 34.66103, "経度": 134.949654, "url": "https://www.iryou.teikyouseido.mhlw.go.jp/znk-web/juminkanja/S2430/initialize?prefCd=28&kikanCd=1280002670&kikanKbn=1", "url2": "www.akashihp.com", "内容": "明石こころのホスピタル【1:病院】【診療科目:神経内科_児童精神科_精神科_心療内科_老年精神科】【一般病床数:0療養病床数:0精神病床数:276感染症病床数:0合計病床数:276】兵庫県明石市藤江１３１５番地" }, "geometry": { "type": "Point", "coordinates": [ 134.949654, 34.66103 ] } },
{ "type": "Feature", "properties": { "ID": 2811280002680, "正式名称": "医療法人社団弘成会明海病院", "機関区分": 1, "都道府県コード": 28, "市区町村コード": 203, "所在地": "兵庫県明石市藤江２０１番地", "緯度": 34.656447, "経度": 134.95371, "url": "https://www.iryou.teikyouseido.mhlw.go.jp/znk-web/juminkanja/S2430/initialize?prefCd=28&kikanCd=1280002680&kikanKbn=1", "url2": null, "内容": "医療法人社団弘成会明海病院【1:病院】【診療科目:内科_呼吸器内科_消化器内科_インフルエンザ_皮膚科_リハビリテーション科_放射線科】【一般病床数:0療養病床数:60精神病床数:0感染症病床数:0合計病床数:0】兵庫県明石市藤江２０１番地" }, "geometry": { "type": "Point", "coordinates": [ 134.95371, 34.656447 ] } },
{ "type": "Feature", "properties": { "ID": 2811280002690, "正式名称": "明石回生病院", "機関区分": 1, "都道府県コード": 28, "市区町村コード": 203, "所在地": "兵庫県明石市二見町東二見５４９番地の１", "緯度": 34.70594, "経度": 134.891129, "url": "https://www.iryou.teikyouseido.mhlw.go.jp/znk-web/juminkanja/S2430/initialize?prefCd=28&kikanCd=1280002690&kikanKbn=1", "url2": "http://akashikaisei.wakabakai-hp.com/", "内容": "明石回生病院【1:病院】【診療科目:内科_糖尿病内科_呼吸器内科_循環器内科_消化器内科_人工透析内科_インフルエンザ_外科_血管外科_消化器・移植外科_整形外科_泌尿器科_リハビリテーション科_放射線科_麻酔科】【一般病床数:155療養病床数:0精神病床数:0感染症病床数:0合計病床数:155】兵庫県明石市二見町東二見５４９番地の１" }, "geometry": { "type": "Point", "coordinates": [ 134.891129, 34.70594 ] } },
{ "type": "Feature", "properties": { "ID": 2811280002700, "正式名称": "医療法人明仁会明舞中央病院", "機関区分": 1, "都道府県コード": 28, "市区町村コード": 203, "所在地": "兵庫県明石市松が丘４丁目１番３２号", "緯度": 34.652337, "経度": 135.024815, "url": "https://www.iryou.teikyouseido.mhlw.go.jp/znk-web/juminkanja/S2430/initialize?prefCd=28&kikanCd=1280002700&kikanKbn=1", "url2": "http://www.meijinkai.or.jp/index.html", "内容": "医療法人明仁会明舞中央病院【1:病院】【診療科目:内科_糖尿病内科_循環器内科_消化器内科_腎臓内科_神経内科_インフルエンザ_外科_脳神経外科_消化器外科_乳腺外科_内視鏡外科_整形外科_リハビリテーション科_放射線科_麻酔科】【一般病床数:149療養病床数:50精神病床数:0感染症病床数:0合計病床数:199】兵庫県明石市松が丘４丁目１番３２号" }, "geometry": { "type": "Point", "coordinates": [ 135.024815, 34.652337 ] } },
{ "type": "Feature", "properties": { "ID": 2811280002710, "正式名称": "公立神崎総合病院", "機関区分": 1, "都道府県コード": 28, "市区町村コード": 446, "所在地": "兵庫県神崎郡神河町粟賀町３８５番地", "緯度": 35.06665, "経度": 134.774595, "url": "https://www.iryou.teikyouseido.mhlw.go.jp/znk-web/juminkanja/S2430/initialize?prefCd=28&kikanCd=1280002710&kikanKbn=1", "url2": "http://www.kanzaki-hp.jp/", "内容": "公立神崎総合病院【1:病院】【診療科目:内科_呼吸器内科_循環器内科_インフルエンザ_外科_脳神経外科_血管外科_胃腸外科_整形外科_小児科_産婦人科_眼科_耳鼻いんこう科_皮膚科_泌尿器科_精神科_心療内科_歯科_リハビリテーション科_麻酔科】【一般病床数:140療養病床数:0精神病床数:0感染症病床数:0合計病床数:140】兵庫県神崎郡神河町粟賀町３８５番地" }, "geometry": { "type": "Point", "coordinates": [ 134.774595, 35.06665 ] } },
{ "type": "Feature", "properties": { "ID": 2811280002730, "正式名称": "医療法人内海慈仁会姫路北病院", "機関区分": 1, "都道府県コード": 28, "市区町村コード": 443, "所在地": "兵庫県神崎郡福崎町南田原１１３４番地２", "緯度": 34.935303, "経度": 134.763185, "url": "https://www.iryou.teikyouseido.mhlw.go.jp/znk-web/juminkanja/S2430/initialize?prefCd=28&kikanCd=1280002730&kikanKbn=1", "url2": "https://himekita.com", "内容": "医療法人内海慈仁会姫路北病院【1:病院】【診療科目:精神科_心療内科】【一般病床数:0療養病床数:0精神病床数:322感染症病床数:0合計病床数:322】兵庫県神崎郡福崎町南田原１１３４番地２" }, "geometry": { "type": "Point", "coordinates": [ 134.763185, 34.935303 ] } },
{ "type": "Feature", "properties": { "ID": 2811280002750, "正式名称": "土井リハビリテーション病院", "機関区分": 1, "都道府県コード": 28, "市区町村コード": 218, "所在地": "兵庫県小野市復井町１７２３番地の２", "緯度": 34.900448, "経度": 134.921618, "url": "https://www.iryou.teikyouseido.mhlw.go.jp/znk-web/juminkanja/S2430/initialize?prefCd=28&kikanCd=1280002750&kikanKbn=1", "url2": "http://www.doi-hospital.com", "内容": "土井リハビリテーション病院【1:病院】【診療科目:内科_リハビリテーション科】【一般病床数:0療養病床数:144精神病床数:0感染症病床数:0合計病床数:144】兵庫県小野市復井町１７２３番地の２" }, "geometry": { "type": "Point", "coordinates": [ 134.921618, 34.900448 ] } },
{ "type": "Feature", "properties": { "ID": 2811280002760, "正式名称": "医療法人社団薫楓会緑駿病院", "機関区分": 1, "都道府県コード": 28, "市区町村コード": 218, "所在地": "兵庫県小野市匠台７２番１", "緯度": 34.821071, "経度": 134.973418, "url": "https://www.iryou.teikyouseido.mhlw.go.jp/znk-web/juminkanja/S2430/initialize?prefCd=28&kikanCd=1280002760&kikanKbn=1", "url2": "http://www.ryokushun.jp", "内容": "医療法人社団薫楓会緑駿病院【1:病院】【診療科目:内科_呼吸器内科_循環器内科_消化器内科_神経内科_リハビリテーション科_放射線科】【一般病床数:0療養病床数:180精神病床数:0感染症病床数:0合計病床数:180】兵庫県小野市匠台７２番１" }, "geometry": { "type": "Point", "coordinates": [ 134.973418, 34.821071 ] } },
{ "type": "Feature", "properties": { "ID": 2811280002770, "正式名称": "兵庫あおの病院", "機関区分": 1, "都道府県コード": 28, "市区町村コード": 218, "所在地": "兵庫県小野市市場町９２６番地の４５３", "緯度": 34.829484, "経度": 134.951785, "url": "https://www.iryou.teikyouseido.mhlw.go.jp/znk-web/juminkanja/S2430/initialize?prefCd=28&kikanCd=1280002770&kikanKbn=1", "url2": "https://hyogoaono.hosp.go.jp/", "内容": "兵庫あおの病院【1:病院】【診療科目:内科_脳神経内科_呼吸器内科_循環器内科_消化器内科_外科_整形外科_形成外科_小児科_小児外科_耳鼻いんこう科_皮膚科_泌尿器科_歯科_リハビリテーション科_放射線科】【一般病床数:250療養病床数:0精神病床数:0感染症病床数:0合計病床数:250】兵庫県小野市市場町９２６番地の４５３" }, "geometry": { "type": "Point", "coordinates": [ 134.951785, 34.829484 ] } },
{ "type": "Feature", "properties": { "ID": 2811280002780, "正式名称": "医療法人社団弘秀会米田医院", "機関区分": 1, "都道府県コード": 28, "市区町村コード": 220, "所在地": "兵庫県加西市尾崎町１０番地の１", "緯度": 34.906108, "経度": 134.848903, "url": "https://www.iryou.teikyouseido.mhlw.go.jp/znk-web/juminkanja/S2430/initialize?prefCd=28&kikanCd=1280002780&kikanKbn=1", "url2": "http://www.yoneda-hospital.com", "内容": "医療法人社団弘秀会米田医院【1:病院】【診療科目:内科】【一般病床数:0療養病床数:0精神病床数:0感染症病床数:0合計病床数:0】兵庫県加西市尾崎町１０番地の１" }, "geometry": { "type": "Point", "coordinates": [ 134.848903, 34.906108 ] } },
{ "type": "Feature", "properties": { "ID": 2811280002790, "正式名称": "医療法人紀陽会　北条田仲病院", "機関区分": 1, "都道府県コード": 28, "市区町村コード": 220, "所在地": "兵庫県加西市北条町北条３９１番地の３", "緯度": 34.932304, "経度": 134.825458, "url": "https://www.iryou.teikyouseido.mhlw.go.jp/znk-web/juminkanja/S2430/initialize?prefCd=28&kikanCd=1280002790&kikanKbn=1", "url2": null, "内容": "医療法人紀陽会　北条田仲病院【1:病院】【診療科目:内科_人工透析内科_外科_整形外科_泌尿器科_放射線科】【一般病床数:48療養病床数:0精神病床数:0感染症病床数:0合計病床数:48】兵庫県加西市北条町北条３９１番地の３" }, "geometry": { "type": "Point", "coordinates": [ 134.825458, 34.932304 ] } },
{ "type": "Feature", "properties": { "ID": 2811280002800, "正式名称": "市立加西病院", "機関区分": 1, "都道府県コード": 28, "市区町村コード": 220, "所在地": "兵庫県加西市北条町横尾１－１３", "緯度": 34.924611, "経度": 134.840568, "url": "https://www.iryou.teikyouseido.mhlw.go.jp/znk-web/juminkanja/S2430/initialize?prefCd=28&kikanCd=1280002800&kikanKbn=1", "url2": "http://www.hospital.kasai.hyogo.jp/", "内容": "市立加西病院【1:病院】【診療科目:内科_脳神経内科_呼吸器内科_循環器内科_消化器内科_外科_整形外科_小児科_産婦人科_眼科_耳鼻いんこう科_皮膚科_泌尿器科_精神科_リハビリテーション科_放射線科_救急科_麻酔科】【一般病床数:193療養病床数:0精神病床数:0感染症病床数:6合計病床数:199】兵庫県加西市北条町横尾１－１３" }, "geometry": { "type": "Point", "coordinates": [ 134.840568, 34.924611 ] } },
{ "type": "Feature", "properties": { "ID": 2811280002810, "正式名称": "加茂病院", "機関区分": 1, "都道府県コード": 28, "市区町村コード": 228, "所在地": "兵庫県加東市北野７１３", "緯度": 34.941639, "経度": 134.971195, "url": "https://www.iryou.teikyouseido.mhlw.go.jp/znk-web/juminkanja/S2430/initialize?prefCd=28&kikanCd=1280002810&kikanKbn=1", "url2": "http://www.kamo.or.jp/", "内容": "加茂病院【1:病院】【診療科目:精神科_心療内科】【一般病床数:0療養病床数:0精神病床数:402感染症病床数:0合計病床数:402】兵庫県加東市北野７１３" }, "geometry": { "type": "Point", "coordinates": [ 134.971195, 34.941639 ] } },
{ "type": "Feature", "properties": { "ID": 2811280002820, "正式名称": "加東市民病院", "機関区分": 1, "都道府県コード": 28, "市区町村コード": 228, "所在地": "兵庫県加東市家原８５番地", "緯度": 34.922863, "経度": 134.963252, "url": "https://www.iryou.teikyouseido.mhlw.go.jp/znk-web/juminkanja/S2430/initialize?prefCd=28&kikanCd=1280002820&kikanKbn=1", "url2": "https://www.city.kato.lg.jp/hospital/", "内容": "加東市民病院【1:病院】【診療科目:内科_呼吸器内科_循環器内科_消化器内科_神経内科_外科_整形外科_小児科_婦人科_眼科_耳鼻いんこう科_皮膚科_泌尿器科_リハビリテーション科_放射線科_麻酔科】【一般病床数:139療養病床数:0精神病床数:0感染症病床数:0合計病床数:139】兵庫県加東市家原８５番地" }, "geometry": { "type": "Point", "coordinates": [ 134.963252, 34.922863 ] } },
{ "type": "Feature", "properties": { "ID": 2811280002830, "正式名称": "松原メイフラワー病院", "機関区分": 1, "都道府県コード": 28, "市区町村コード": 228, "所在地": "兵庫県加東市藤田９４４番地２５", "緯度": 34.910282, "経度": 134.995722, "url": "https://www.iryou.teikyouseido.mhlw.go.jp/znk-web/juminkanja/S2430/initialize?prefCd=28&kikanCd=1280002830&kikanKbn=1", "url2": "http://www.mayflower-hp.jp/", "内容": "松原メイフラワー病院【1:病院】【診療科目:内科_インフルエンザ_外科_整形外科_リウマチ科_リハビリテーション科】【一般病床数:99療養病床数:0精神病床数:0感染症病床数:0合計病床数:99】兵庫県加東市藤田９４４番地２５" }, "geometry": { "type": "Point", "coordinates": [ 134.995722, 34.910282 ] } },
{ "type": "Feature", "properties": { "ID": 2811280002840, "正式名称": "大山記念病院", "機関区分": 1, "都道府県コード": 28, "市区町村コード": 213, "所在地": "兵庫県西脇市黒田庄町田高３１３番地", "緯度": 35.055544, "経度": 134.99266, "url": "https://www.iryou.teikyouseido.mhlw.go.jp/znk-web/juminkanja/S2430/initialize?prefCd=28&kikanCd=1280002840&kikanKbn=1", "url2": "http://ohyama-hp.jp/", "内容": "大山記念病院【1:病院】【診療科目:内科_循環器内科_消化器内科_インフルエンザ_外科_脳神経外科_肛門外科_整形外科_形成外科_婦人科_眼科_耳鼻いんこう科_皮膚科_泌尿器科_リハビリテーション科_放射線科_病理診断科_麻酔科】【一般病床数:199療養病床数:0精神病床数:0感染症病床数:0合計病床数:199】兵庫県西脇市黒田庄町田高３１３番地" }, "geometry": { "type": "Point", "coordinates": [ 134.99266, 35.055544 ] } },
{ "type": "Feature", "properties": { "ID": 2811280002850, "正式名称": "多可赤十字病院", "機関区分": 1, "都道府県コード": 28, "市区町村コード": 365, "所在地": "兵庫県多可郡多可町中区岸上２８０番地", "緯度": 35.054765, "経度": 134.922416, "url": "https://www.iryou.teikyouseido.mhlw.go.jp/znk-web/juminkanja/S2430/initialize?prefCd=28&kikanCd=1280002850&kikanKbn=1", "url2": "http://www.taka.jrc.or.jp/", "内容": "多可赤十字病院【1:病院】【診療科目:内科_外科_脳神経外科_整形外科_婦人科_眼科_皮膚科_泌尿器科_精神科_歯科_リハビリテーション科_放射線科】【一般病床数:96療養病床数:0精神病床数:0感染症病床数:0合計病床数:96】兵庫県多可郡多可町中区岸上２８０番地" }, "geometry": { "type": "Point", "coordinates": [ 134.922416, 35.054765 ] } },
{ "type": "Feature", "properties": { "ID": 2811280002860, "正式名称": "医療福祉センターのぎく", "機関区分": 1, "都道府県コード": 28, "市区町村コード": 365, "所在地": "兵庫県多可郡多可町中区牧野１８３－１", "緯度": 35.074374, "経度": 134.93097, "url": "https://www.iryou.teikyouseido.mhlw.go.jp/znk-web/juminkanja/S2430/initialize?prefCd=28&kikanCd=1280002860&kikanKbn=1", "url2": "http://nogiku.youtokukai.jp/", "内容": "医療福祉センターのぎく【1:病院】【診療科目:内科_小児科_神経科_リハビリテーション科】【一般病床数:60療養病床数:0精神病床数:0感染症病床数:0合計病床数:60】兵庫県多可郡多可町中区牧野１８３－１" }, "geometry": { "type": "Point", "coordinates": [ 134.93097, 35.074374 ] } },
{ "type": "Feature", "properties": { "ID": 2811280002870, "正式名称": "西脇市立西脇病院", "機関区分": 1, "都道府県コード": 28, "市区町村コード": 213, "所在地": "兵庫県西脇市下戸田　６５２－１", "緯度": 34.987273, "経度": 134.984109, "url": "https://www.iryou.teikyouseido.mhlw.go.jp/znk-web/juminkanja/S2430/initialize?prefCd=28&kikanCd=1280002870&kikanKbn=1", "url2": "http://nshp.jp/", "内容": "西脇市立西脇病院【1:病院】【診療科目:内科_血液内科_糖尿病内科_呼吸器内科_循環器内科_消化器内科_神経内科_老年内科_外科_脳神経外科_呼吸器外科_乳腺外科_整形外科_小児科_産婦人科_眼科_耳鼻いんこう科_皮膚科_泌尿器科_精神科_歯科_歯科口腔外科_リハビリテーション科_放射線科_病理診断科_麻酔科】【一般病床数:320療養病床数:0精神病床数:0感染症病床数:0合計病床数:320】兵庫県西脇市下戸田　６５２－１" }, "geometry": { "type": "Point", "coordinates": [ 134.984109, 34.987273 ] } },
{ "type": "Feature", "properties": { "ID": 2811280002880, "正式名称": "みきやまリハビリテーション病院", "機関区分": 1, "都道府県コード": 28, "市区町村コード": 215, "所在地": "兵庫県三木市大塚１丁目５番８９号", "緯度": 34.79546, "経度": 134.993561, "url": "https://www.iryou.teikyouseido.mhlw.go.jp/znk-web/juminkanja/S2430/initialize?prefCd=28&kikanCd=1280002880&kikanKbn=1", "url2": "http://www.mikiyama-hp.jp", "内容": "みきやまリハビリテーション病院【1:病院】【診療科目:内科_脳神経内科_循環器内科_消化器内科_インフルエンザ_耳鼻いんこう科_リハビリテーション科】【一般病床数:116療養病床数:50精神病床数:0感染症病床数:0合計病床数:166】兵庫県三木市大塚１丁目５番８９号" }, "geometry": { "type": "Point", "coordinates": [ 134.993561, 34.79546 ] } },
{ "type": "Feature", "properties": { "ID": 2811280002890, "正式名称": "服部病院", "機関区分": 1, "都道府県コード": 28, "市区町村コード": 215, "所在地": "兵庫県三木市大塚２１８－３", "緯度": 34.799321, "経度": 134.99981, "url": "https://www.iryou.teikyouseido.mhlw.go.jp/znk-web/juminkanja/S2430/initialize?prefCd=28&kikanCd=1280002890&kikanKbn=1", "url2": "http://www.hattori-hospital.com/", "内容": "服部病院【1:病院】【診療科目:内科_糖尿病内科_脳神経内科_循環器内科_消化器内科_腎臓内科_外科_脳神経外科_心臓血管外科_消化器外科_整形外科_婦人科_泌尿器科_リハビリテーション科】【一般病床数:129療養病床数:50精神病床数:0感染症病床数:0合計病床数:179】兵庫県三木市大塚２１８－３" }, "geometry": { "type": "Point", "coordinates": [ 134.99981, 34.799321 ] } },
{ "type": "Feature", "properties": { "ID": 2811280002900, "正式名称": "大村病院", "機関区分": 1, "都道府県コード": 28, "市区町村コード": 215, "所在地": "兵庫県三木市大村２００番地", "緯度": 34.811097, "経度": 134.970257, "url": "https://www.iryou.teikyouseido.mhlw.go.jp/znk-web/juminkanja/S2430/initialize?prefCd=28&kikanCd=1280002900&kikanKbn=1", "url2": "http://www.ohmura-hp.net/", "内容": "大村病院【1:病院】【診療科目:精神科_神経科_歯科】【一般病床数:0療養病床数:0精神病床数:445感染症病床数:0合計病床数:445】兵庫県三木市大村２００番地" }, "geometry": { "type": "Point", "coordinates": [ 134.970257, 34.811097 ] } },
{ "type": "Feature", "properties": { "ID": 2811280002920, "正式名称": "ときわ病院", "機関区分": 1, "都道府県コード": 28, "市区町村コード": 215, "所在地": "兵庫県三木市志染町広野５丁目２７１番地", "緯度": 34.772208, "経度": 135.021753, "url": "https://www.iryou.teikyouseido.mhlw.go.jp/znk-web/juminkanja/S2430/initialize?prefCd=28&kikanCd=1280002920&kikanKbn=1", "url2": "http://www.tokiwa-hospital.or.jp", "内容": "ときわ病院【1:病院】【診療科目:内科_消化器内科_神経内科_外科_脳神経外科_消化器外科_乳腺外科_肛門外科_内視鏡外科_整形外科_精神科_歯科口腔外科_リハビリテーション科_放射線科_麻酔科】【一般病床数:84療養病床数:104精神病床数:0感染症病床数:0合計病床数:188】兵庫県三木市志染町広野５丁目２７１番地" }, "geometry": { "type": "Point", "coordinates": [ 135.021753, 34.772208 ] } },
{ "type": "Feature", "properties": { "ID": 2811280002930, "正式名称": "三木山陽病院", "機関区分": 1, "都道府県コード": 28, "市区町村コード": 215, "所在地": "兵庫県三木市志染町吉田１２１３番地の１", "緯度": 34.790489, "経度": 135.01331, "url": "https://www.iryou.teikyouseido.mhlw.go.jp/znk-web/juminkanja/S2430/initialize?prefCd=28&kikanCd=1280002930&kikanKbn=1", "url2": "http://www.hoyukai.or.jp/", "内容": "三木山陽病院【1:病院】【診療科目:内科_消化器内科_インフルエンザ_外科_整形外科_眼科_皮膚科_泌尿器科_リウマチ科_リハビリテーション科】【一般病床数:142療養病床数:55精神病床数:0感染症病床数:0合計病床数:197】兵庫県三木市志染町吉田１２１３番地の１" }, "geometry": { "type": "Point", "coordinates": [ 135.01331, 34.790489 ] } },
{ "type": "Feature", "properties": { "ID": 2811280002940, "正式名称": "吉川病院", "機関区分": 1, "都道府県コード": 28, "市区町村コード": 215, "所在地": "兵庫県三木市吉川町稲田１番地の２", "緯度": 34.887231, "経度": 135.123574, "url": "https://www.iryou.teikyouseido.mhlw.go.jp/znk-web/juminkanja/S2430/initialize?prefCd=28&kikanCd=1280002940&kikanKbn=1", "url2": "http://yokawa-hp.or.jp/", "内容": "吉川病院【1:病院】【診療科目:内科_糖尿病内科_外科_整形外科_皮膚科_リハビリテーション科】【一般病床数:0療養病床数:316精神病床数:0感染症病床数:0合計病床数:316】兵庫県三木市吉川町稲田１番地の２" }, "geometry": { "type": "Point", "coordinates": [ 135.123574, 34.887231 ] } },
{ "type": "Feature", "properties": { "ID": 2811280002950, "正式名称": "医療福祉センターきずな", "機関区分": 1, "都道府県コード": 28, "市区町村コード": 220, "所在地": "兵庫県加西市若井町字猪野８３番３１", "緯度": 34.958079, "経度": 134.831789, "url": "https://www.iryou.teikyouseido.mhlw.go.jp/znk-web/juminkanja/S2430/initialize?prefCd=28&kikanCd=1280002950&kikanKbn=1", "url2": "http://www.youtokukai.or.jp/kizuna/", "内容": "医療福祉センターきずな【1:病院】【診療科目:内科_神経内科_小児科_リハビリテーション科】【一般病床数:80療養病床数:0精神病床数:0感染症病床数:0合計病床数:80】兵庫県加西市若井町字猪野８３番３１" }, "geometry": { "type": "Point", "coordinates": [ 134.831789, 34.958079 ] } },
{ "type": "Feature", "properties": { "ID": 2811280002960, "正式名称": "医療法人古橋会　揖保川病院", "機関区分": 1, "都道府県コード": 28, "市区町村コード": 229, "所在地": "兵庫県たつの市揖保川町半田７０３－１", "緯度": 34.846415, "経度": 134.536943, "url": "https://www.iryou.teikyouseido.mhlw.go.jp/znk-web/juminkanja/S2430/initialize?prefCd=28&kikanCd=1280002960&kikanKbn=1", "url2": "http://www.ibogawa-hospital.jp/", "内容": "医療法人古橋会　揖保川病院【1:病院】【診療科目:脳神経内科_精神科_リハビリテーション科】【一般病床数:0療養病床数:0精神病床数:320感染症病床数:0合計病床数:320】兵庫県たつの市揖保川町半田７０３－１" }, "geometry": { "type": "Point", "coordinates": [ 134.536943, 34.846415 ] } },
{ "type": "Feature", "properties": { "ID": 2811280002980, "正式名称": "兵庫県立粒子線医療センター", "機関区分": 1, "都道府県コード": 28, "市区町村コード": 229, "所在地": "兵庫県たつの市新宮町光都１丁目２番１号", "緯度": 34.951406, "経度": 134.442016, "url": "https://www.iryou.teikyouseido.mhlw.go.jp/znk-web/juminkanja/S2430/initialize?prefCd=28&kikanCd=1280002980&kikanKbn=1", "url2": "http://www.hibmc.shingu.hyogo.jp/", "内容": "兵庫県立粒子線医療センター【1:病院】【診療科目:放射線科】【一般病床数:50療養病床数:0精神病床数:0感染症病床数:0合計病床数:50】兵庫県たつの市新宮町光都１丁目２番１号" }, "geometry": { "type": "Point", "coordinates": [ 134.442016, 34.951406 ] } },
{ "type": "Feature", "properties": { "ID": 2811280003000, "正式名称": "たつの市民病院", "機関区分": 1, "都道府県コード": 28, "市区町村コード": 229, "所在地": "兵庫県たつの市御津町中島１６６６番地１", "緯度": 34.789231, "経度": 134.566097, "url": "https://www.iryou.teikyouseido.mhlw.go.jp/znk-web/juminkanja/S2430/initialize?prefCd=28&kikanCd=1280003000&kikanKbn=1", "url2": "http://www.tatsuno-shiminbyoin.com/", "内容": "たつの市民病院【1:病院】【診療科目:内科_糖尿病内科_呼吸器内科_循環器内科_消化器内科_外科_脳神経外科_整形外科_形成外科_小児科_眼科_皮膚科_泌尿器科_精神科_老年精神科_歯科_リハビリテーション科_麻酔科】【一般病床数:120療養病床数:0精神病床数:0感染症病床数:0合計病床数:120】兵庫県たつの市御津町中島１６６６番地１" }, "geometry": { "type": "Point", "coordinates": [ 134.566097, 34.789231 ] } },
{ "type": "Feature", "properties": { "ID": 2811280003010, "正式名称": "医療法人社団一葉会佐用共立病院", "機関区分": 1, "都道府県コード": 28, "市区町村コード": 501, "所在地": "兵庫県佐用郡佐用町佐用１１１１番地", "緯度": 35.004177, "経度": 134.352271, "url": "https://www.iryou.teikyouseido.mhlw.go.jp/znk-web/juminkanja/S2430/initialize?prefCd=28&kikanCd=1280003010&kikanKbn=1", "url2": "http://www9.ocn.ne.jp/~kyoritu/index.html", "内容": "医療法人社団一葉会佐用共立病院【1:病院】【診療科目:内科_インフルエンザ_外科_脳神経外科_整形外科_小児科_婦人科_眼科_耳鼻いんこう科_皮膚科_泌尿器科_歯科_矯正歯科_リハビリテーション科】【一般病床数:90療養病床数:0精神病床数:0感染症病床数:0合計病床数:90】兵庫県佐用郡佐用町佐用１１１１番地" }, "geometry": { "type": "Point", "coordinates": [ 134.352271, 35.004177 ] } },
{ "type": "Feature", "properties": { "ID": 2811280003030, "正式名称": "医療法人　聖医会　佐用中央病院", "機関区分": 1, "都道府県コード": 28, "市区町村コード": 501, "所在地": "兵庫県佐用郡佐用町佐用３５２９番地３", "緯度": 35.008316, "経度": 134.366242, "url": "https://www.iryou.teikyouseido.mhlw.go.jp/znk-web/juminkanja/S2430/initialize?prefCd=28&kikanCd=1280003030&kikanKbn=1", "url2": "http://www.sayochuo-hospital.or.jp", "内容": "医療法人　聖医会　佐用中央病院【1:病院】【診療科目:内科_外科_脳神経外科_整形外科_眼科_皮膚科_泌尿器科_アレルギー科_リウマチ科_リハビリテーション科】【一般病床数:104療養病床数:53精神病床数:0感染症病床数:0合計病床数:157】兵庫県佐用郡佐用町佐用３５２９番地３" }, "geometry": { "type": "Point", "coordinates": [ 134.366242, 35.008316 ] } },
{ "type": "Feature", "properties": { "ID": 2811280003040, "正式名称": "尾崎病院", "機関区分": 1, "都道府県コード": 28, "市区町村コード": 501, "所在地": "兵庫県佐用郡佐用町上三河１４１－４", "緯度": 35.068255, "経度": 134.421763, "url": "https://www.iryou.teikyouseido.mhlw.go.jp/znk-web/juminkanja/S2430/initialize?prefCd=28&kikanCd=1280003040&kikanKbn=1", "url2": "http://www.osakihp.com/", "内容": "尾崎病院【1:病院】【診療科目:内科_外科】【一般病床数:0療養病床数:76精神病床数:0感染症病床数:0合計病床数:76】兵庫県佐用郡佐用町上三河１４１－４" }, "geometry": { "type": "Point", "coordinates": [ 134.421763, 35.068255 ] } },
{ "type": "Feature", "properties": { "ID": 2811280003050, "正式名称": "公立宍粟総合病院", "機関区分": 1, "都道府県コード": 28, "市区町村コード": 227, "所在地": "兵庫県宍粟市山崎町鹿沢９３番地", "緯度": 35.003458, "経度": 134.537256, "url": "https://www.iryou.teikyouseido.mhlw.go.jp/znk-web/juminkanja/S2430/initialize?prefCd=28&kikanCd=1280003050&kikanKbn=1", "url2": "http://www.shiso-hp.jp/index.htm", "内容": "公立宍粟総合病院【1:病院】【診療科目:内科_糖尿病内科_脳神経内科_循環器内科_消化器内科_腎臓内科_人工透析内科_外科_消化器外科_整形外科_小児科_産婦人科_眼科_耳鼻いんこう科_皮膚科_泌尿器科_精神科_リハビリテーション科_放射線科】【一般病床数:187療養病床数:0精神病床数:0感染症病床数:0合計病床数:199】兵庫県宍粟市山崎町鹿沢９３番地" }, "geometry": { "type": "Point", "coordinates": [ 134.537256, 35.003458 ] } },
{ "type": "Feature", "properties": { "ID": 2811280003070, "正式名称": "医療法人社団仁徳会　とくなが病院", "機関区分": 1, "都道府県コード": 28, "市区町村コード": 229, "所在地": "兵庫県たつの市神岡町東觜崎字鍵田４７３番地の５", "緯度": 34.883138, "経度": 134.556121, "url": "https://www.iryou.teikyouseido.mhlw.go.jp/znk-web/juminkanja/S2430/initialize?prefCd=28&kikanCd=1280003070&kikanKbn=1", "url2": "http://tokunaga-hospital.jp", "内容": "医療法人社団仁徳会　とくなが病院【1:病院】【診療科目:内科_糖尿病内科_脳神経内科_消化器内科_人工透析内科_内視鏡内科_外科_整形外科_リハビリテーション科_救急科_麻酔科】【一般病床数:109療養病床数:0精神病床数:0感染症病床数:0合計病床数:109】兵庫県たつの市神岡町東觜崎字鍵田４７３番地の５" }, "geometry": { "type": "Point", "coordinates": [ 134.556121, 34.883138 ] } },
{ "type": "Feature", "properties": { "ID": 2811280003080, "正式名称": "医療法人社団　緑風会　龍野中央病院", "機関区分": 1, "都道府県コード": 28, "市区町村コード": 229, "所在地": "兵庫県たつの市龍野町島田　６６７番地の１", "緯度": 34.875222, "経度": 134.553844, "url": "https://www.iryou.teikyouseido.mhlw.go.jp/znk-web/juminkanja/S2430/initialize?prefCd=28&kikanCd=1280003080&kikanKbn=1", "url2": "http://www.tatsuno-centrai-hospital.jp/", "内容": "医療法人社団　緑風会　龍野中央病院【1:病院】【診療科目:内科_呼吸器内科_循環器内科_消化器内科_胃腸内科_神経内科_インフルエンザ_整形外科_眼科_耳鼻いんこう科_皮膚科_リハビリテーション科】【一般病床数:39療養病床数:60精神病床数:0感染症病床数:0合計病床数:99】兵庫県たつの市龍野町島田　６６７番地の１" }, "geometry": { "type": "Point", "coordinates": [ 134.553844, 34.875222 ] } },
{ "type": "Feature", "properties": { "ID": 2811280003100, "正式名称": "兵庫県立リハビリテーション西播磨病院", "機関区分": 1, "都道府県コード": 28, "市区町村コード": 229, "所在地": "兵庫県たつの市新宮町光都１丁目７番１号", "緯度": 34.951212, "経度": 134.437683, "url": "https://www.iryou.teikyouseido.mhlw.go.jp/znk-web/juminkanja/S2430/initialize?prefCd=28&kikanCd=1280003100&kikanKbn=1", "url2": "http://www.hwc.or.jp/nishiharima/", "内容": "兵庫県立リハビリテーション西播磨病院【1:病院】【診療科目:内科_循環器内科_神経内科_整形外科_眼科_泌尿器科_精神科_歯科_リウマチ科_リハビリテーション科】【一般病床数:100療養病床数:0精神病床数:0感染症病床数:0合計病床数:100】兵庫県たつの市新宮町光都１丁目７番１号" }, "geometry": { "type": "Point", "coordinates": [ 134.437683, 34.951212 ] } },
{ "type": "Feature", "properties": { "ID": 2811280003110, "正式名称": "医療法人社団天馬会半田中央病院", "機関区分": 1, "都道府県コード": 28, "市区町村コード": 208, "所在地": "兵庫県相生市旭３丁目２番１８号", "緯度": 34.804645, "経度": 134.469743, "url": "https://www.iryou.teikyouseido.mhlw.go.jp/znk-web/juminkanja/S2430/initialize?prefCd=28&kikanCd=1280003110&kikanKbn=1", "url2": "http://www11.ocn.ne.jp/~handahp/", "内容": "医療法人社団天馬会半田中央病院【1:病院】【診療科目:内科_循環器内科_腎臓内科_インフルエンザ_外科_脳神経外科_心臓血管外科_消化器外科_乳腺外科_整形外科_形成外科_眼科_皮膚科_泌尿器科_リハビリテーション科_放射線科_麻酔科】【一般病床数:95療養病床数:35精神病床数:0感染症病床数:0合計病床数:130】兵庫県相生市旭３丁目２番１８号" }, "geometry": { "type": "Point", "coordinates": [ 134.469743, 34.804645 ] } },
{ "type": "Feature", "properties": { "ID": 2811280003120, "正式名称": "ＩＨＩ　播磨病院", "機関区分": 1, "都道府県コード": 28, "市区町村コード": 208, "所在地": "兵庫県相生市旭３丁目５番１５号", "緯度": 34.806242, "経度": 134.469422, "url": "https://www.iryou.teikyouseido.mhlw.go.jp/znk-web/juminkanja/S2430/initialize?prefCd=28&kikanCd=1280003120&kikanKbn=1", "url2": "http://www.harima-hp.jp", "内容": "ＩＨＩ　播磨病院【1:病院】【診療科目:内科_腎臓内科_神経内科_外科_整形外科_眼科_耳鼻いんこう科_皮膚科_泌尿器科_心療内科_リウマチ科_リハビリテーション科_放射線科_麻酔科】【一般病床数:180療養病床数:0精神病床数:0感染症病床数:0合計病床数:180】兵庫県相生市旭３丁目５番１５号" }, "geometry": { "type": "Point", "coordinates": [ 134.469422, 34.806242 ] } },
{ "type": "Feature", "properties": { "ID": 2811280003130, "正式名称": "相生市民病院", "機関区分": 1, "都道府県コード": 28, "市区町村コード": 208, "所在地": "兵庫県相生市栄町５番１２号", "緯度": 34.816931, "経度": 134.470247, "url": "https://www.iryou.teikyouseido.mhlw.go.jp/znk-web/juminkanja/S2430/initialize?prefCd=28&kikanCd=1280003130&kikanKbn=1", "url2": "http//www16.ocn.ne.jp/~aioihp/", "内容": "相生市民病院【1:病院】【診療科目:内科_呼吸器内科_循環器内科_消化器内科_インフルエンザ_外科_消化器外科_乳腺外科_肛門外科_婦人科_リハビリテーション科_放射線科】【一般病床数:50療養病床数:0精神病床数:0感染症病床数:0合計病床数:50】兵庫県相生市栄町５番１２号" }, "geometry": { "type": "Point", "coordinates": [ 134.470247, 34.816931 ] } },
{ "type": "Feature", "properties": { "ID": 2811280003140, "正式名称": "魚橋病院", "機関区分": 1, "都道府県コード": 28, "市区町村コード": 208, "所在地": "兵庫県相生市若狭野町若狭野２３５番地の２６", "緯度": 34.825586, "経度": 134.417385, "url": "https://www.iryou.teikyouseido.mhlw.go.jp/znk-web/juminkanja/S2430/initialize?prefCd=28&kikanCd=1280003140&kikanKbn=1", "url2": "https://www.uohashi.com/", "内容": "魚橋病院【1:病院】【診療科目:内科_呼吸器内科_循環器内科_神経内科_インフルエンザ_整形外科_皮膚科_精神科_神経科_歯科_歯科口腔外科_小児歯科_リハビリテーション科】【一般病床数:20療養病床数:43精神病床数:311感染症病床数:0合計病床数:374】兵庫県相生市若狭野町若狭野２３５番地の２６" }, "geometry": { "type": "Point", "coordinates": [ 134.417385, 34.825586 ] } },
{ "type": "Feature", "properties": { "ID": 2811280003150, "正式名称": "医療法人　櫻仁会（社団）　赤穂記念病院", "機関区分": 1, "都道府県コード": 28, "市区町村コード": 212, "所在地": "兵庫県赤穂市塩屋３４５０番地５", "緯度": 34.767814, "経度": 134.380724, "url": "https://www.iryou.teikyouseido.mhlw.go.jp/znk-web/juminkanja/S2430/initialize?prefCd=28&kikanCd=1280003150&kikanKbn=1", "url2": "https://oujinkai.or.jp/", "内容": "医療法人　櫻仁会（社団）　赤穂記念病院【1:病院】【診療科目:内科_呼吸器内科_循環器内科_消化器内科_リハビリテーション科】【一般病床数:0療養病床数:114精神病床数:0感染症病床数:0合計病床数:114】兵庫県赤穂市塩屋３４５０番地５" }, "geometry": { "type": "Point", "coordinates": [ 134.380724, 34.767814 ] } },
{ "type": "Feature", "properties": { "ID": 2811280003160, "正式名称": "医療法人伯鳳会　赤穂中央病院", "機関区分": 1, "都道府県コード": 28, "市区町村コード": 212, "所在地": "兵庫県赤穂市惣門町５２番地の６", "緯度": 34.756343, "経度": 134.38578, "url": "https://www.iryou.teikyouseido.mhlw.go.jp/znk-web/juminkanja/S2430/initialize?prefCd=28&kikanCd=1280003160&kikanKbn=1", "url2": "http://www.hakuho.or.jp/ako/", "内容": "医療法人伯鳳会　赤穂中央病院【1:病院】【診療科目:内科_血液内科_呼吸器内科_循環器内科_消化器内科_神経内科_インフルエンザ_外科_脳神経外科_呼吸器外科_心臓血管外科_消化器外科_乳腺外科_肛門外科_整形外科_形成外科_小児科_産婦人科_眼科_耳鼻いんこう科_皮膚科_泌尿器科_矯正歯科_歯科口腔外科_リハビリテーション科_放射線科_麻酔科】【一般病床数:265療養病床数:33精神病床数:0感染症病床数:0合計病床数:298】兵庫県赤穂市惣門町５２番地の６" }, "geometry": { "type": "Point", "coordinates": [ 134.38578, 34.756343 ] } },
{ "type": "Feature", "properties": { "ID": 2811280003170, "正式名称": "赤穂市民病院", "機関区分": 1, "都道府県コード": 28, "市区町村コード": 212, "所在地": "兵庫県赤穂市中広１０９０番地", "緯度": 34.743067, "経度": 134.390891, "url": "https://www.iryou.teikyouseido.mhlw.go.jp/znk-web/juminkanja/S2430/initialize?prefCd=28&kikanCd=1280003170&kikanKbn=1", "url2": "https://amh.ako.hyogo.jp/", "内容": "赤穂市民病院【1:病院】【診療科目:内科_呼吸器内科_循環器内科_消化器内科_外科_脳神経外科_心臓血管外科_消化器外科_整形外科_形成外科_小児科_産婦人科_眼科_耳鼻いんこう科_皮膚科_泌尿器科_精神科_心療内科_歯科口腔外科_リハビリテーション科_放射線科_病理診断科_救急科_麻酔科】【一般病床数:356療養病床数:0精神病床数:0感染症病床数:4合計病床数:360】兵庫県赤穂市中広１０９０番地" }, "geometry": { "type": "Point", "coordinates": [ 134.390891, 34.743067 ] } },
{ "type": "Feature", "properties": { "ID": 2811280003180, "正式名称": "医療法人千水会赤穂仁泉病院", "機関区分": 1, "都道府県コード": 28, "市区町村コード": 212, "所在地": "兵庫県赤穂市浜市４０８番地", "緯度": 34.770314, "経度": 134.41811, "url": "https://www.iryou.teikyouseido.mhlw.go.jp/znk-web/juminkanja/S2430/initialize?prefCd=28&kikanCd=1280003180&kikanKbn=1", "url2": "http://www.sensuikai.or.jp/", "内容": "医療法人千水会赤穂仁泉病院【1:病院】【診療科目:内科_精神科_心療内科】【一般病床数:0療養病床数:0精神病床数:224感染症病床数:0合計病床数:224】兵庫県赤穂市浜市４０８番地" }, "geometry": { "type": "Point", "coordinates": [ 134.41811, 34.770314 ] } },
{ "type": "Feature", "properties": { "ID": 2811280003210, "正式名称": "公立豊岡病院組合立豊岡病院出石医療センター", "機関区分": 1, "都道府県コード": 28, "市区町村コード": 209, "所在地": "兵庫県豊岡市出石町福住１３００番地", "緯度": 35.467608, "経度": 134.860486, "url": "https://www.iryou.teikyouseido.mhlw.go.jp/znk-web/juminkanja/S2430/initialize?prefCd=28&kikanCd=1280003210&kikanKbn=1", "url2": null, "内容": "公立豊岡病院組合立豊岡病院出石医療センター【1:病院】【診療科目:内科_外科_整形外科_皮膚科_リハビリテーション科】【一般病床数:55療養病床数:0精神病床数:0感染症病床数:0合計病床数:55】兵庫県豊岡市出石町福住１３００番地" }, "geometry": { "type": "Point", "coordinates": [ 134.860486, 35.467608 ] } },
{ "type": "Feature", "properties": { "ID": 2811280003230, "正式名称": "公立豊岡病院組合立豊岡病院", "機関区分": 1, "都道府県コード": 28, "市区町村コード": 209, "所在地": "兵庫県豊岡市戸牧１０９４番地", "緯度": 35.526768, "経度": 134.806487, "url": "https://www.iryou.teikyouseido.mhlw.go.jp/znk-web/juminkanja/S2430/initialize?prefCd=28&kikanCd=1280003230&kikanKbn=1", "url2": "http://www.toyookahp-kumiai.or.jp/toyooka/", "内容": "公立豊岡病院組合立豊岡病院【1:病院】【診療科目:内科_糖尿病・内分泌内科_脳神経内科_呼吸器内科_循環器内科_消化器内科_緩和ケア内科_外科_脳神経外科_呼吸器外科_心臓血管外科_消化器外科_乳腺外科_整形外科_形成外科_小児科_産婦人科_眼科_耳鼻いんこう科_皮膚科_泌尿器科_精神科_矯正歯科_歯科口腔外科_リウマチ科_リハビリテーション科_放射線科_病理診断科_救急科_麻酔科】【一般病床数:473療養病床数:0精神病床数:51感染症病床数:4合計病床数:528】兵庫県豊岡市戸牧１０９４番地" }, "geometry": { "type": "Point", "coordinates": [ 134.806487, 35.526768 ] } },
{ "type": "Feature", "properties": { "ID": 2811280003250, "正式名称": "医療法人　杏風会　浜坂七釜温泉病院", "機関区分": 1, "都道府県コード": 28, "市区町村コード": 586, "所在地": "兵庫県美方郡新温泉町七釜９０４番地", "緯度": 35.611059, "経度": 134.478427, "url": "https://www.iryou.teikyouseido.mhlw.go.jp/znk-web/juminkanja/S2430/initialize?prefCd=28&kikanCd=1280003250&kikanKbn=1", "url2": "http://www.eonet.ne.jp/~sitikama/", "内容": "医療法人　杏風会　浜坂七釜温泉病院【1:病院】【診療科目:内科_整形外科_リハビリテーション科】【一般病床数:0療養病床数:80精神病床数:0感染症病床数:0合計病床数:80】兵庫県美方郡新温泉町七釜９０４番地" }, "geometry": { "type": "Point", "coordinates": [ 134.478427, 35.611059 ] } },
{ "type": "Feature", "properties": { "ID": 2811280003260, "正式名称": "公立浜坂病院", "機関区分": 1, "都道府県コード": 28, "市区町村コード": 586, "所在地": "兵庫県美方郡新温泉町二日市１８４－１", "緯度": 35.618669, "経度": 134.475538, "url": "https://www.iryou.teikyouseido.mhlw.go.jp/znk-web/juminkanja/S2430/initialize?prefCd=28&kikanCd=1280003260&kikanKbn=1", "url2": "http://www.hamasaka-hosp.town.shinonsen.hyogo.jp/", "内容": "公立浜坂病院【1:病院】【診療科目:内科_インフルエンザ、コロナウイルス_外科_整形外科_小児科_耳鼻いんこう科_精神科_リハビリテーション科】【一般病床数:49療養病床数:0精神病床数:0感染症病床数:0合計病床数:49】兵庫県美方郡新温泉町二日市１８４－１" }, "geometry": { "type": "Point", "coordinates": [ 134.475538, 35.618669 ] } },
{ "type": "Feature", "properties": { "ID": 2811280003270, "正式名称": "公立村岡病院", "機関区分": 1, "都道府県コード": 28, "市区町村コード": 585, "所在地": "兵庫県美方郡香美町村岡区村岡３０３６番地の１", "緯度": 35.468298, "経度": 134.597452, "url": "https://www.iryou.teikyouseido.mhlw.go.jp/znk-web/juminkanja/S2430/initialize?prefCd=28&kikanCd=1280003270&kikanKbn=1", "url2": "http://www9.ocn.ne.jp/~hmuraoka/", "内容": "公立村岡病院【1:病院】【診療科目:内科_外科_小児科_眼科_リハビリテーション科_放射線科】【一般病床数:42療養病床数:0精神病床数:0感染症病床数:0合計病床数:42】兵庫県美方郡香美町村岡区村岡３０３６番地の１" }, "geometry": { "type": "Point", "coordinates": [ 134.597452, 35.468298 ] } },
{ "type": "Feature", "properties": { "ID": 2811280003280, "正式名称": "公立香住病院", "機関区分": 1, "都道府県コード": 28, "市区町村コード": 585, "所在地": "兵庫県美方郡香美町香住区若松５４０番地", "緯度": 35.643725, "経度": 134.634274, "url": "https://www.iryou.teikyouseido.mhlw.go.jp/znk-web/juminkanja/S2430/initialize?prefCd=28&kikanCd=1280003280&kikanKbn=1", "url2": "http://www2.nkansai.ne.jp/org/kasumihp/index.htm", "内容": "公立香住病院【1:病院】【診療科目:内科_外科_整形外科_小児科_婦人科_耳鼻いんこう科_泌尿器科_精神科】【一般病床数:50療養病床数:0精神病床数:0感染症病床数:0合計病床数:50】兵庫県美方郡香美町香住区若松５４０番地" }, "geometry": { "type": "Point", "coordinates": [ 134.634274, 35.643725 ] } },
{ "type": "Feature", "properties": { "ID": 2811280003290, "正式名称": "大植病院", "機関区分": 1, "都道府県コード": 28, "市区町村コード": 225, "所在地": "兵庫県朝来市多々良木１５１４番地", "緯度": 35.244493, "経度": 134.813389, "url": "https://www.iryou.teikyouseido.mhlw.go.jp/znk-web/juminkanja/S2430/initialize?prefCd=28&kikanCd=1280003290&kikanKbn=1", "url2": "https://www.shunjin-kai.or.jp/", "内容": "大植病院【1:病院】【診療科目:内科_精神科】【一般病床数:0療養病床数:0精神病床数:250感染症病床数:0合計病床数:250】兵庫県朝来市多々良木１５１４番地" }, "geometry": { "type": "Point", "coordinates": [ 134.813389, 35.244493 ] } },
{ "type": "Feature", "properties": { "ID": 2811280003320, "正式名称": "医療法人共生会　但馬病院", "機関区分": 1, "都道府県コード": 28, "市区町村コード": 222, "所在地": "兵庫県養父市八鹿町上網場１５５番地", "緯度": 35.400809, "経度": 134.778634, "url": "https://www.iryou.teikyouseido.mhlw.go.jp/znk-web/juminkanja/S2430/initialize?prefCd=28&kikanCd=1280003320&kikanKbn=1", "url2": "http://tajima-hp.jp/", "内容": "医療法人共生会　但馬病院【1:病院】【診療科目:精神科】【一般病床数:0療養病床数:0精神病床数:255感染症病床数:0合計病床数:255】兵庫県養父市八鹿町上網場１５５番地" }, "geometry": { "type": "Point", "coordinates": [ 134.778634, 35.400809 ] } },
{ "type": "Feature", "properties": { "ID": 2811280003330, "正式名称": "公立八鹿病院", "機関区分": 1, "都道府県コード": 28, "市区町村コード": 222, "所在地": "兵庫県養父市八鹿町八鹿１８７８番地１", "緯度": 35.404891, "経度": 134.773329, "url": "https://www.iryou.teikyouseido.mhlw.go.jp/znk-web/juminkanja/S2430/initialize?prefCd=28&kikanCd=1280003330&kikanKbn=1", "url2": "http://www.hosp.yoka.hyogo.jp", "内容": "公立八鹿病院【1:病院】【診療科目:内科_呼吸器内科_循環器内科_胃腸内科_神経内科_インフルエンザ_外科_脳神経外科_整形外科_小児科_産婦人科_眼科_耳鼻いんこう科_皮膚科_泌尿器科_精神科_歯科口腔外科_リハビリテーション科_放射線科_麻酔科】【一般病床数:328療養病床数:45精神病床数:0感染症病床数:0合計病床数:380】兵庫県養父市八鹿町八鹿１８７８番地１" }, "geometry": { "type": "Point", "coordinates": [ 134.773329, 35.404891 ] } },
{ "type": "Feature", "properties": { "ID": 2811280003340, "正式名称": "岡本病院", "機関区分": 1, "都道府県コード": 28, "市区町村コード": 221, "所在地": "兵庫県丹波篠山市東吹１０１５番地１", "緯度": 35.07074, "経度": 135.197559, "url": "https://www.iryou.teikyouseido.mhlw.go.jp/znk-web/juminkanja/S2430/initialize?prefCd=28&kikanCd=1280003340&kikanKbn=1", "url2": "http://www.kiyoukai.com", "内容": "岡本病院【1:病院】【診療科目:内科_呼吸器内科_循環器内科_消化器内科_外科_脳神経外科_整形外科_眼科_耳鼻いんこう科_皮膚科_泌尿器科_心療内科_歯科口腔外科_リハビリテーション科_放射線科】【一般病床数:94療養病床数:46精神病床数:0感染症病床数:0合計病床数:140】兵庫県丹波篠山市東吹１０１５番地１" }, "geometry": { "type": "Point", "coordinates": [ 135.197559, 35.07074 ] } },
{ "type": "Feature", "properties": { "ID": 2811280003350, "正式名称": "山鳥病院", "機関区分": 1, "都道府県コード": 28, "市区町村コード": 221, "所在地": "兵庫県丹波篠山市福住３９９番地", "緯度": 35.071381, "経度": 135.339353, "url": "https://www.iryou.teikyouseido.mhlw.go.jp/znk-web/juminkanja/S2430/initialize?prefCd=28&kikanCd=1280003350&kikanKbn=1", "url2": null, "内容": "山鳥病院【1:病院】【診療科目:内科_小児科】【一般病床数:0療養病床数:31精神病床数:0感染症病床数:0合計病床数:31】兵庫県丹波篠山市福住３９９番地" }, "geometry": { "type": "Point", "coordinates": [ 135.339353, 35.071381 ] } },
{ "type": "Feature", "properties": { "ID": 2811280003360, "正式名称": "兵庫医科大学ささやま医療センター", "機関区分": 1, "都道府県コード": 28, "市区町村コード": 221, "所在地": "兵庫県丹波篠山市黒岡５番地", "緯度": 35.079601, "経度": 135.215946, "url": "https://www.iryou.teikyouseido.mhlw.go.jp/znk-web/juminkanja/S2430/initialize?prefCd=28&kikanCd=1280003360&kikanKbn=1", "url2": "http://www.sasayama.hyo-med.ac.jp/", "内容": "兵庫医科大学ささやま医療センター【1:病院】【診療科目:内科_呼吸器内科_循環器内科_消化器内科_外科_整形外科_小児科_眼科_耳鼻いんこう科_皮膚科_泌尿器科_精神科_リハビリテーション科_放射線科_麻酔科】【一般病床数:94療養病床数:44精神病床数:0感染症病床数:0合計病床数:138】兵庫県丹波篠山市黒岡５番地" }, "geometry": { "type": "Point", "coordinates": [ 135.215946, 35.079601 ] } },
{ "type": "Feature", "properties": { "ID": 2811280003390, "正式名称": "医療法人敬愛会　大塚病院", "機関区分": 1, "都道府県コード": 28, "市区町村コード": 223, "所在地": "兵庫県丹波市氷上町絹山５１３番地", "緯度": 35.19753, "経度": 135.046899, "url": "https://www.iryou.teikyouseido.mhlw.go.jp/znk-web/juminkanja/S2430/initialize?prefCd=28&kikanCd=1280003390&kikanKbn=1", "url2": "http://www.otsuka-hp.or.jp/", "内容": "医療法人敬愛会　大塚病院【1:病院】【診療科目:内科_脳神経内科_循環器内科_胃腸内科_インフルエンザ_外科_肛門外科_整形外科_小児科_眼科_耳鼻いんこう科_精神科_リハビリテーション科_放射線科_麻酔科】【一般病床数:60療養病床数:325精神病床数:0感染症病床数:0合計病床数:385】兵庫県丹波市氷上町絹山５１３番地" }, "geometry": { "type": "Point", "coordinates": [ 135.046899, 35.19753 ] } },
{ "type": "Feature", "properties": { "ID": 2811280003400, "正式名称": "香良病院", "機関区分": 1, "都道府県コード": 28, "市区町村コード": 223, "所在地": "兵庫県丹波市氷上町香良１０７番地", "緯度": 35.212667, "経度": 135.060564, "url": "https://www.iryou.teikyouseido.mhlw.go.jp/znk-web/juminkanja/S2430/initialize?prefCd=28&kikanCd=1280003400&kikanKbn=1", "url2": "http://www.koura.jp/", "内容": "香良病院【1:病院】【診療科目:内科_児童精神科_精神科_心療内科】【一般病床数:0療養病床数:0精神病床数:266感染症病床数:0合計病床数:266】兵庫県丹波市氷上町香良１０７番地" }, "geometry": { "type": "Point", "coordinates": [ 135.060564, 35.212667 ] } },
{ "type": "Feature", "properties": { "ID": 2811280003410, "正式名称": "医療法人社団みどり会にしき記念病院", "機関区分": 1, "都道府県コード": 28, "市区町村コード": 221, "所在地": "兵庫県丹波篠山市西谷５７５番地の１", "緯度": 35.091876, "経度": 135.180976, "url": "https://www.iryou.teikyouseido.mhlw.go.jp/znk-web/juminkanja/S2430/initialize?prefCd=28&kikanCd=1280003410&kikanKbn=1", "url2": "http://www.nishiki-mh.com/", "内容": "医療法人社団みどり会にしき記念病院【1:病院】【診療科目:内科_呼吸器内科_循環器内科_消化器内科_神経内科_老年内科_インフルエンザ_脳神経外科_整形外科_形成外科_小児科_眼科_耳鼻いんこう科_皮膚科_精神科_心療内科_リハビリテーション科_放射線科】【一般病床数:48療養病床数:0精神病床数:0感染症病床数:0合計病床数:48】兵庫県丹波篠山市西谷５７５番地の１" }, "geometry": { "type": "Point", "coordinates": [ 135.180976, 35.091876 ] } },
{ "type": "Feature", "properties": { "ID": 2811280003420, "正式名称": "医療法人新淡路病院", "機関区分": 1, "都道府県コード": 28, "市区町村コード": 205, "所在地": "兵庫県洲本市上加茂４３番地", "緯度": 34.348419, "経度": 134.870389, "url": "https://www.iryou.teikyouseido.mhlw.go.jp/znk-web/juminkanja/S2430/initialize?prefCd=28&kikanCd=1280003420&kikanKbn=1", "url2": "https://www.shinawaji-hospital.com", "内容": "医療法人新淡路病院【1:病院】【診療科目:内科_精神科_心療内科】【一般病床数:0療養病床数:0精神病床数:216感染症病床数:0合計病床数:216】兵庫県洲本市上加茂４３番地" }, "geometry": { "type": "Point", "coordinates": [ 134.870389, 34.348419 ] } },
{ "type": "Feature", "properties": { "ID": 2811280003430, "正式名称": "医療法人　いちえ会　洲本伊月病院", "機関区分": 1, "都道府県コード": 28, "市区町村コード": 205, "所在地": "兵庫県洲本市桑間４２８番地", "緯度": 34.344257, "経度": 134.866759, "url": "https://www.iryou.teikyouseido.mhlw.go.jp/znk-web/juminkanja/S2430/initialize?prefCd=28&kikanCd=1280003430&kikanKbn=1", "url2": "http://www.awaji-itsuki.jp/", "内容": "医療法人　いちえ会　洲本伊月病院【1:病院】【診療科目:内科_糖尿病内科_呼吸器内科_循環器内科_消化器内科_インフルエンザ・コロナ_外科_脳神経外科_消化器外科_乳腺外科_肛門外科_整形外科_緩和ケア外科_産婦人科_皮膚科_泌尿器科_リウマチ科_リハビリテーション科_放射線科_麻酔科】【一般病床数:78療養病床数:100精神病床数:0感染症病床数:0合計病床数:178】兵庫県洲本市桑間４２８番地" }, "geometry": { "type": "Point", "coordinates": [ 134.866759, 34.344257 ] } },
{ "type": "Feature", "properties": { "ID": 2811280003440, "正式名称": "兵庫県立淡路医療センター", "機関区分": 1, "都道府県コード": 28, "市区町村コード": 205, "所在地": "兵庫県洲本市塩屋１丁目１－１３７", "緯度": 34.347395, "経度": 134.877202, "url": "https://www.iryou.teikyouseido.mhlw.go.jp/znk-web/juminkanja/S2430/initialize?prefCd=28&kikanCd=1280003440&kikanKbn=1", "url2": "http://www.awajimc.jp/", "内容": "兵庫県立淡路医療センター【1:病院】【診療科目:内科_血液内科_糖尿病・内分泌内科_呼吸器内科_循環器内科_消化器内科_神経内科_外科_脳神経外科_呼吸器外科_心臓血管外科_消化器外科_整形外科_形成外科_小児科_産婦人科_眼科_耳鼻いんこう科_皮膚科_泌尿器科_精神科_歯科_歯科口腔外科_リハビリテーション科_放射線科_病理診断科_救急科_麻酔科】【一般病床数:377療養病床数:0精神病床数:45感染症病床数:4合計病床数:441】兵庫県洲本市塩屋１丁目１－１３７" }, "geometry": { "type": "Point", "coordinates": [ 134.877202, 34.347395 ] } },
{ "type": "Feature", "properties": { "ID": 2811280003470, "正式名称": "社会医療法人社団　順心会　順心淡路病院", "機関区分": 1, "都道府県コード": 28, "市区町村コード": 226, "所在地": "兵庫県淡路市大町下６６番地の１", "緯度": 34.436941, "経度": 134.857033, "url": "https://www.iryou.teikyouseido.mhlw.go.jp/znk-web/juminkanja/S2430/initialize?prefCd=28&kikanCd=1280003470&kikanKbn=1", "url2": "http://www.junshin.or.jp/tsuna.html", "内容": "社会医療法人社団　順心会　順心淡路病院【1:病院】【診療科目:内科_循環器内科_消化器内科_外科_脳神経外科_消化器外科_乳腺外科_大腸・肛門外科_整形外科_皮膚科_歯科口腔外科_リハビリテーション科_放射線科】【一般病床数:60療養病床数:112精神病床数:0感染症病床数:0合計病床数:172】兵庫県淡路市大町下６６番地の１" }, "geometry": { "type": "Point", "coordinates": [ 134.857033, 34.436941 ] } },
{ "type": "Feature", "properties": { "ID": 2811280003480, "正式名称": "医療法人社団　淡路平成会　東浦平成病院", "機関区分": 1, "都道府県コード": 28, "市区町村コード": 226, "所在地": "兵庫県淡路市久留麻１８６７番地", "緯度": 34.524856, "経度": 134.986678, "url": "https://www.iryou.teikyouseido.mhlw.go.jp/znk-web/juminkanja/S2430/initialize?prefCd=28&kikanCd=1280003480&kikanKbn=1", "url2": "http://higashihp.jp/", "内容": "医療法人社団　淡路平成会　東浦平成病院【1:病院】【診療科目:内科_脳神経内科_循環器内科_外科_脳神経外科_消化器外科_整形外科_小児科_耳鼻いんこう科_皮膚科_リハビリテーション科_放射線科】【一般病床数:50療養病床数:149精神病床数:0感染症病床数:0合計病床数:199】兵庫県淡路市久留麻１８６７番地" }, "geometry": { "type": "Point", "coordinates": [ 134.986678, 34.524856 ] } },
{ "type": "Feature", "properties": { "ID": 2811280003490, "正式名称": "南淡路病院", "機関区分": 1, "都道府県コード": 28, "市区町村コード": 224, "所在地": "兵庫県南あわじ市賀集福井５６０番地", "緯度": 34.259625, "経度": 134.756494, "url": "https://www.iryou.teikyouseido.mhlw.go.jp/znk-web/juminkanja/S2430/initialize?prefCd=28&kikanCd=1280003490&kikanKbn=1", "url2": "http://minamihp.jp/", "内容": "南淡路病院【1:病院】【診療科目:内科_神経内科_インフルエンザ_精神科_心療内科_リハビリテーション科】【一般病床数:0療養病床数:60精神病床数:85感染症病床数:0合計病床数:145】兵庫県南あわじ市賀集福井５６０番地" }, "geometry": { "type": "Point", "coordinates": [ 134.756494, 34.259625 ] } },
{ "type": "Feature", "properties": { "ID": 2811280003500, "正式名称": "翠鳳第一病院", "機関区分": 1, "都道府県コード": 28, "市区町村コード": 224, "所在地": "兵庫県南あわじ市広田広田字畑田１３４番地１", "緯度": 34.319536, "経度": 134.829597, "url": "https://www.iryou.teikyouseido.mhlw.go.jp/znk-web/juminkanja/S2430/initialize?prefCd=28&kikanCd=1280003500&kikanKbn=1", "url2": "http://www.mima-gr.jp/", "内容": "翠鳳第一病院【1:病院】【診療科目:内科_外科_脳神経外科_整形外科_皮膚科_リハビリテーション科】【一般病床数:0療養病床数:119精神病床数:0感染症病床数:0合計病床数:119】兵庫県南あわじ市広田広田字畑田１３４番地１" }, "geometry": { "type": "Point", "coordinates": [ 134.829597, 34.319536 ] } },
{ "type": "Feature", "properties": { "ID": 2811280003510, "正式名称": "中林病院", "機関区分": 1, "都道府県コード": 28, "市区町村コード": 224, "所在地": "兵庫県南あわじ市神代国衙１６８０番地１", "緯度": 34.274901, "経度": 134.763076, "url": "https://www.iryou.teikyouseido.mhlw.go.jp/znk-web/juminkanja/S2430/initialize?prefCd=28&kikanCd=1280003510&kikanKbn=1", "url2": "https://nakabayashihp.or.jp/", "内容": "中林病院【1:病院】【診療科目:内科_消化器内科_外科_肛門外科_整形外科_耳鼻いんこう科_皮膚科_泌尿器科_リハビリテーション科_麻酔科】【一般病床数:39療養病床数:52精神病床数:0感染症病床数:0合計病床数:91】兵庫県南あわじ市神代国衙１６８０番地１" }, "geometry": { "type": "Point", "coordinates": [ 134.763076, 34.274901 ] } },
{ "type": "Feature", "properties": { "ID": 2811280003520, "正式名称": "八木病院", "機関区分": 1, "都道府県コード": 28, "市区町村コード": 224, "所在地": "兵庫県南あわじ市八木寺内１１４７番地", "緯度": 34.290872, "経度": 134.787713, "url": "https://www.iryou.teikyouseido.mhlw.go.jp/znk-web/juminkanja/S2430/initialize?prefCd=28&kikanCd=1280003520&kikanKbn=1", "url2": "https://yagi-hp.com/", "内容": "八木病院【1:病院】【診療科目:内科_外科_脳神経外科_整形外科_泌尿器科_リハビリテーション科】【一般病床数:0療養病床数:98精神病床数:0感染症病床数:0合計病床数:98】兵庫県南あわじ市八木寺内１１４７番地" }, "geometry": { "type": "Point", "coordinates": [ 134.787713, 34.290872 ] } },
{ "type": "Feature", "properties": { "ID": 2811280003530, "正式名称": "平成病院", "機関区分": 1, "都道府県コード": 28, "市区町村コード": 224, "所在地": "兵庫県南あわじ市八木養宜中１７３番地", "緯度": 34.302399, "経度": 134.795989, "url": "https://www.iryou.teikyouseido.mhlw.go.jp/znk-web/juminkanja/S2430/initialize?prefCd=28&kikanCd=1280003530&kikanKbn=1", "url2": "https://www.heiseihp.jp", "内容": "平成病院【1:病院】【診療科目:内科_呼吸器内科_循環器内科_消化器内科_整形外科_小児科_リハビリテーション科_放射線科】【一般病床数:0療養病床数:137精神病床数:0感染症病床数:0合計病床数:137】兵庫県南あわじ市八木養宜中１７３番地" }, "geometry": { "type": "Point", "coordinates": [ 134.795989, 34.302399 ] } },
{ "type": "Feature", "properties": { "ID": 2811280003610, "正式名称": "医療法人尚和会　宝塚リハビリテーション病院", "機関区分": 1, "都道府県コード": 28, "市区町村コード": 214, "所在地": "兵庫県宝塚市鶴の荘２２番２号", "緯度": 34.809132, "経度": 135.360308, "url": "https://www.iryou.teikyouseido.mhlw.go.jp/znk-web/juminkanja/S2430/initialize?prefCd=28&kikanCd=1280003610&kikanKbn=1", "url2": "http://www.takara-reha.com", "内容": "医療法人尚和会　宝塚リハビリテーション病院【1:病院】【診療科目:内科_脳神経外科_リハビリテーション科】【一般病床数:0療養病床数:162精神病床数:0感染症病床数:0合計病床数:162】兵庫県宝塚市鶴の荘２２番２号" }, "geometry": { "type": "Point", "coordinates": [ 135.360308, 34.809132 ] } },
{ "type": "Feature", "properties": { "ID": 2811280003640, "正式名称": "神戸マリナーズ厚生会病院", "機関区分": 1, "都道府県コード": 28, "市区町村コード": 110, "所在地": "兵庫県神戸市中央区中山手通７丁目３番１８号", "緯度": 34.690058, "経度": 135.177828, "url": "https://www.iryou.teikyouseido.mhlw.go.jp/znk-web/juminkanja/S2430/initialize?prefCd=28&kikanCd=1280003640&kikanKbn=1", "url2": "http://www.kobe-mariners.jp/index.html", "内容": "神戸マリナーズ厚生会病院【1:病院】【診療科目:内科_呼吸器内科_循環器内科_消化器内科_インフルエンザ・ＣＯＶＩＴー１９_外科_脳神経外科_消化器外科_整形外科_婦人科_リハビリテーション科_放射線科_救急科】【一般病床数:146療養病床数:53精神病床数:0感染症病床数:0合計病床数:199】兵庫県神戸市中央区中山手通７丁目３番１８号" }, "geometry": { "type": "Point", "coordinates": [ 135.177828, 34.690058 ] } },
{ "type": "Feature", "properties": { "ID": 2811280003650, "正式名称": "新長田眼科病院", "機関区分": 1, "都道府県コード": 28, "市区町村コード": 106, "所在地": "兵庫県神戸市長田区腕塚町４丁目１番１３号", "緯度": 34.65545, "経度": 135.147638, "url": "https://www.iryou.teikyouseido.mhlw.go.jp/znk-web/juminkanja/S2430/initialize?prefCd=28&kikanCd=1280003650&kikanKbn=1", "url2": "https://www.ganka.jp/", "内容": "新長田眼科病院【1:病院】【診療科目:眼科】【一般病床数:20療養病床数:0精神病床数:0感染症病床数:0合計病床数:20】兵庫県神戸市長田区腕塚町４丁目１番１３号" }, "geometry": { "type": "Point", "coordinates": [ 135.147638, 34.65545 ] } },
{ "type": "Feature", "properties": { "ID": 2811280003660, "正式名称": "一般財団法人神戸マリナーズ厚生会ポートアイランド病院", "機関区分": 1, "都道府県コード": 28, "市区町村コード": 110, "所在地": "兵庫県神戸市中央区港島中町４丁目６番地", "緯度": 34.668755, "経度": 135.209179, "url": "https://www.iryou.teikyouseido.mhlw.go.jp/znk-web/juminkanja/S2430/initialize?prefCd=28&kikanCd=1280003660&kikanKbn=1", "url2": "https://www.pi.kobe-mariners.or.jp/", "内容": "一般財団法人神戸マリナーズ厚生会ポートアイランド病院【1:病院】【診療科目:内科_糖尿病内科_循環器内科_消化器内科_人工透析内科_外科_脳神経外科_整形外科_小児神経内科_皮膚科_泌尿器科_心療内科_リハビリテーション科_放射線科】【一般病床数:144療養病床数:68精神病床数:0感染症病床数:0合計病床数:212】兵庫県神戸市中央区港島中町４丁目６番地" }, "geometry": { "type": "Point", "coordinates": [ 135.209179, 34.668755 ] } },
{ "type": "Feature", "properties": { "ID": 2811280003670, "正式名称": "医療法人敬愛会西宮敬愛会病院", "機関区分": 1, "都道府県コード": 28, "市区町村コード": 204, "所在地": "兵庫県西宮市深津町７番５", "緯度": 34.741473, "経度": 135.358978, "url": "https://www.iryou.teikyouseido.mhlw.go.jp/znk-web/juminkanja/S2430/initialize?prefCd=28&kikanCd=1280003670&kikanKbn=1", "url2": "http://www.nishi-keiai.or.jp", "内容": "医療法人敬愛会西宮敬愛会病院【1:病院】【診療科目:内科_消化器内科_外科_消化器外科_内視鏡外科_リハビリテーション科】【一般病床数:0療養病床数:231精神病床数:0感染症病床数:0合計病床数:231】兵庫県西宮市深津町７番５" }, "geometry": { "type": "Point", "coordinates": [ 135.358978, 34.741473 ] } },
{ "type": "Feature", "properties": { "ID": 2811280003680, "正式名称": "医療法人社団　菫会　伊川谷病院", "機関区分": 1, "都道府県コード": 28, "市区町村コード": 111, "所在地": "兵庫県神戸市西区池上２丁目４番地の２", "緯度": 34.672085, "経度": 135.028953, "url": "https://www.iryou.teikyouseido.mhlw.go.jp/znk-web/juminkanja/S2430/initialize?prefCd=28&kikanCd=1280003680&kikanKbn=1", "url2": "http://www.ikawadani.jp/", "内容": "医療法人社団　菫会　伊川谷病院【1:病院】【診療科目:内科_循環器内科_人工透析内科_インフルエンザ_外科_脳神経外科_消化器外科_乳腺外科_肛門外科_整形外科_婦人科_眼科_リハビリテーション科_放射線科_麻酔科】【一般病床数:115療養病床数:0精神病床数:0感染症病床数:0合計病床数:115】兵庫県神戸市西区池上２丁目４番地の２" }, "geometry": { "type": "Point", "coordinates": [ 135.028953, 34.672085 ] } },
{ "type": "Feature", "properties": { "ID": 2811280003690, "正式名称": "医療法人社団あんしん会あんしん病院", "機関区分": 1, "都道府県コード": 28, "市区町村コード": 110, "所在地": "兵庫県神戸市中央区港島南町１丁目４番１２", "緯度": 34.659757, "経度": 135.218076, "url": "https://www.iryou.teikyouseido.mhlw.go.jp/znk-web/juminkanja/S2430/initialize?prefCd=28&kikanCd=1280003690&kikanKbn=1", "url2": "http://www.anshin-hospital.jp/", "内容": "医療法人社団あんしん会あんしん病院【1:病院】【診療科目:整形外科_リウマチ科_リハビリテーション科_麻酔科】【一般病床数:60療養病床数:0精神病床数:0感染症病床数:0合計病床数:60】兵庫県神戸市中央区港島南町１丁目４番１２" }, "geometry": { "type": "Point", "coordinates": [ 135.218076, 34.659757 ] } },
{ "type": "Feature", "properties": { "ID": 2811280003700, "正式名称": "神戸低侵襲がん医療センター", "機関区分": 1, "都道府県コード": 28, "市区町村コード": 110, "所在地": "兵庫県神戸市中央区港島中町８丁目５番１", "緯度": 34.662728, "経度": 135.212493, "url": "https://www.iryou.teikyouseido.mhlw.go.jp/znk-web/juminkanja/S2430/initialize?prefCd=28&kikanCd=1280003700&kikanKbn=1", "url2": "http://www.k-mcc.net", "内容": "神戸低侵襲がん医療センター【1:病院】【診療科目:消化器内科_腫瘍内科_緩和ケア内科_呼吸器腫瘍内科_脳神経外科_消化器外科_乳腺外科_頭頸部・耳鼻いんこう科_泌尿器科_精神神経科_歯科口腔外科_リハビリテーション科_放射線科_放射線治療科】【一般病床数:80療養病床数:0精神病床数:0感染症病床数:0合計病床数:80】兵庫県神戸市中央区港島中町８丁目５番１" }, "geometry": { "type": "Point", "coordinates": [ 135.212493, 34.662728 ] } },
{ "type": "Feature", "properties": { "ID": 2811280003710, "正式名称": "医療法人三友会なでしこレディースホスピタル", "機関区分": 1, "都道府県コード": 28, "市区町村コード": 111, "所在地": "兵庫県神戸市西区井吹台東町２丁目１３番地", "緯度": 34.697444, "経度": 135.03259, "url": "https://www.iryou.teikyouseido.mhlw.go.jp/znk-web/juminkanja/S2430/initialize?prefCd=28&kikanCd=1280003710&kikanKbn=1", "url2": "https://www.nadeshikolh.jp", "内容": "医療法人三友会なでしこレディースホスピタル【1:病院】【診療科目:内科_小児科_産婦人科】【一般病床数:36療養病床数:0精神病床数:0感染症病床数:0合計病床数:36】兵庫県神戸市西区井吹台東町２丁目１３番地" }, "geometry": { "type": "Point", "coordinates": [ 135.03259, 34.697444 ] } },
{ "type": "Feature", "properties": { "ID": 2811280003740, "正式名称": "西記念ポートアイランドリハビリテーション病院", "機関区分": 1, "都道府県コード": 28, "市区町村コード": 110, "所在地": "兵庫県神戸市中央区港島中町８丁目５番２", "緯度": 34.66134, "経度": 135.213105, "url": "https://www.iryou.teikyouseido.mhlw.go.jp/znk-web/juminkanja/S2430/initialize?prefCd=28&kikanCd=1280003740&kikanKbn=1", "url2": "https://www.nmp-riha.jp/", "内容": "西記念ポートアイランドリハビリテーション病院【1:病院】【診療科目:内科_脳神経内科_循環器内科_消化器内科_歯科_リハビリテーション科_放射線科】【一般病床数:100療養病床数:50精神病床数:0感染症病床数:0合計病床数:150】兵庫県神戸市中央区港島中町８丁目５番２" }, "geometry": { "type": "Point", "coordinates": [ 135.213105, 34.66134 ] } },
{ "type": "Feature", "properties": { "ID": 2811280003750, "正式名称": "医療法人明倫会　本山リハビリテーション病院", "機関区分": 1, "都道府県コード": 28, "市区町村コード": 101, "所在地": "兵庫県神戸市東灘区本山南町７丁目７番１５号", "緯度": 34.725529, "経度": 135.284762, "url": "https://www.iryou.teikyouseido.mhlw.go.jp/znk-web/juminkanja/S2430/initialize?prefCd=28&kikanCd=1280003750&kikanKbn=1", "url2": "https://www.meirinkai.or.jp/motoyama/", "内容": "医療法人明倫会　本山リハビリテーション病院【1:病院】【診療科目:内科_循環器内科_神経内科_脳神経外科_整形外科_リハビリテーション科_放射線科】【一般病床数:40療養病床数:80精神病床数:0感染症病床数:0合計病床数:120】兵庫県神戸市東灘区本山南町７丁目７番１５号" }, "geometry": { "type": "Point", "coordinates": [ 135.284762, 34.725529 ] } },
{ "type": "Feature", "properties": { "ID": 2811280003760, "正式名称": "明芳外科リハビリテーション病院", "機関区分": 1, "都道府県コード": 28, "市区町村コード": 107, "所在地": "兵庫県神戸市須磨区大田町６丁目１－３", "緯度": 34.6555, "経度": 135.133536, "url": "https://www.iryou.teikyouseido.mhlw.go.jp/znk-web/juminkanja/S2430/initialize?prefCd=28&kikanCd=1280003760&kikanKbn=1", "url2": "http://www.meihogeka.com", "内容": "明芳外科リハビリテーション病院【1:病院】【診療科目:人工透析内科_外科_整形外科_形成外科_リハビリテーション科】【一般病床数:0療養病床数:35精神病床数:0感染症病床数:0合計病床数:35】兵庫県神戸市須磨区大田町６丁目１－３" }, "geometry": { "type": "Point", "coordinates": [ 135.133536, 34.6555 ] } },
{ "type": "Feature", "properties": { "ID": 2811280003770, "正式名称": "北播磨総合医療センター", "機関区分": 1, "都道府県コード": 28, "市区町村コード": 218, "所在地": "兵庫県小野市市場町９２６番地の２５０", "緯度": 34.831058, "経度": 134.95235, "url": "https://www.iryou.teikyouseido.mhlw.go.jp/znk-web/juminkanja/S2430/initialize?prefCd=28&kikanCd=1280003770&kikanKbn=1", "url2": "http://www.kitahari-mc.jp/", "内容": "北播磨総合医療センター【1:病院】【診療科目:内科_血液・腫瘍内科_糖尿病・内分泌内科_脳神経内科_呼吸器内科_循環器内科_消化器内科_腎臓内科_老年内科_ペインクリニック内科_緩和ケア内科_外科_脳神経外科_呼吸器外科_心臓血管外科_消化器外科_乳腺外科_整形外科_形成外科_小児科_産婦人科_眼科_頭頸部・耳鼻いんこう科_皮膚科_泌尿器科_精神科_歯科口腔外科_リウマチ科_リハビリテーション科_放射線診断科_放射線治療科_病理診断科_救急科_麻酔科】【一般病床数:450療養病床数:0精神病床数:0感染症病床数:0合計病床数:450】兵庫県小野市市場町９２６番地の２５０" }, "geometry": { "type": "Point", "coordinates": [ 134.95235, 34.831058 ] } },
{ "type": "Feature", "properties": { "ID": 2811280003780, "正式名称": "栄宏会小野病院", "機関区分": 1, "都道府県コード": 28, "市区町村コード": 218, "所在地": "兵庫県小野市天神町９７３番地", "緯度": 34.844899, "経度": 134.942369, "url": "https://www.iryou.teikyouseido.mhlw.go.jp/znk-web/juminkanja/S2430/initialize?prefCd=28&kikanCd=1280003780&kikanKbn=1", "url2": "http://www.ono-hp.eikokai1996.or.jp/", "内容": "栄宏会小野病院【1:病院】【診療科目:内科_糖尿病内科_脳神経内科_呼吸器内科_消化器内科_外科_脳神経外科_消化器外科_整形外科_小児科_泌尿器科_歯科_リハビリテーション科_放射線科】【一般病床数:116療養病床数:0精神病床数:0感染症病床数:0合計病床数:116】兵庫県小野市天神町９７３番地" }, "geometry": { "type": "Point", "coordinates": [ 134.942369, 34.844899 ] } },
{ "type": "Feature", "properties": { "ID": 2811280003790, "正式名称": "医療法人社団　栄徳会　宝塚磯病院", "機関区分": 1, "都道府県コード": 28, "市区町村コード": 214, "所在地": "兵庫県宝塚市伊孑志４丁目３－１", "緯度": 34.797411, "経度": 135.361503, "url": "https://www.iryou.teikyouseido.mhlw.go.jp/znk-web/juminkanja/S2430/initialize?prefCd=28&kikanCd=1280003790&kikanKbn=1", "url2": "http://takarazuka.isohosp.com", "内容": "医療法人社団　栄徳会　宝塚磯病院【1:病院】【診療科目:内科_呼吸器内科_循環器内科_消化器内科_外科_消化器外科_リハビリテーション科】【一般病床数:0療養病床数:160精神病床数:0感染症病床数:0合計病床数:160】兵庫県宝塚市伊孑志４丁目３－１" }, "geometry": { "type": "Point", "coordinates": [ 135.361503, 34.797411 ] } },
{ "type": "Feature", "properties": { "ID": 2811280003800, "正式名称": "医療法人社団南淡千遙会　神戸平成病院　理事長　武久　敬洋", "機関区分": 1, "都道府県コード": 28, "市区町村コード": 110, "所在地": "兵庫県神戸市中央区上筒井通６丁目２－４３", "緯度": 34.707731, "経度": 135.20657, "url": "https://www.iryou.teikyouseido.mhlw.go.jp/znk-web/juminkanja/S2430/initialize?prefCd=28&kikanCd=1280003800&kikanKbn=1", "url2": "http://www.kobehp.jp/", "内容": "医療法人社団南淡千遙会　神戸平成病院　理事長　武久　敬洋【1:病院】【診療科目:内科_糖尿病内科_呼吸器内科_消化器内科_インフルエンザ_整形外科_婦人科_眼科_リハビリテーション科_放射線科】【一般病床数:100療養病床数:0精神病床数:0感染症病床数:0合計病床数:100】兵庫県神戸市中央区上筒井通６丁目２－４３" }, "geometry": { "type": "Point", "coordinates": [ 135.20657, 34.707731 ] } },
{ "type": "Feature", "properties": { "ID": 2811280003820, "正式名称": "医療法人伯鳳会　はくほう会セントラル病院", "機関区分": 1, "都道府県コード": 28, "市区町村コード": 202, "所在地": "兵庫県尼崎市東園田町４丁目２３番１号", "緯度": 34.756139, "経度": 135.447331, "url": "https://www.iryou.teikyouseido.mhlw.go.jp/znk-web/juminkanja/S2430/initialize?prefCd=28&kikanCd=1280003820&kikanKbn=1", "url2": "http://www.amahakuho.jp/", "内容": "医療法人伯鳳会　はくほう会セントラル病院【1:病院】【診療科目:内科_糖尿病内科_循環器内科_神経内科_生活習慣病_外科_脳神経外科_心臓血管外科_消化器外科_肛門外科_整形外科_皮膚科_泌尿器科_リハビリテーション科_放射線科_救急科_麻酔科】【一般病床数:254療養病床数:0精神病床数:0感染症病床数:0合計病床数:254】兵庫県尼崎市東園田町４丁目２３番１号" }, "geometry": { "type": "Point", "coordinates": [ 135.447331, 34.756139 ] } },
{ "type": "Feature", "properties": { "ID": 2811280003830, "正式名称": "兵庫県立尼崎総合医療センター", "機関区分": 1, "都道府県コード": 28, "市区町村コード": 202, "所在地": "兵庫県尼崎市東難波町２丁目１７－７７", "緯度": 34.730003, "経度": 135.41339, "url": "https://www.iryou.teikyouseido.mhlw.go.jp/znk-web/juminkanja/S2430/initialize?prefCd=28&kikanCd=1280003830&kikanKbn=1", "url2": "https://agmc.hyogo.jp/", "内容": "兵庫県立尼崎総合医療センター【1:病院】【診療科目:感染症内科_血液内科_糖尿病・内分泌内科_脳神経内科_呼吸器内科_循環器内科_消化器内科_腎臓内科_腫瘍内科_漢方内科_緩和ケア内科_インフルエンザ_脳神経外科_呼吸器外科_心臓血管外科_消化器外科_乳腺外科_頭頸部外科_整形外科_形成外科_小児科_小児外科_新生児内科_小児アレルギー科，小児感染症内科，小児救急集中治療科，小児形成外科，小児血液・腫瘍内科，小児循環器内科，小児脳神経外科，小児脳神経内科_産婦人科_眼科_皮膚科_泌尿器科_精神科_心療内科_歯科口腔外科_アレルギー科_リウマチ科_リハビリテーション科_放射線診断科_放射線治療科_病理診断科_救急科_麻酔科】【一般病床数:714療養病床数:0精神病床数:8感染症病床数:8合計病床数:730】兵庫県尼崎市東難波町２丁目１７－７７" }, "geometry": { "type": "Point", "coordinates": [ 135.41339, 34.730003 ] } },
{ "type": "Feature", "properties": { "ID": 2811280003860, "正式名称": "公立豊岡病院組合立朝来医療センター", "機関区分": 1, "都道府県コード": 28, "市区町村コード": 225, "所在地": "兵庫県朝来市和田山町法興寺３９２", "緯度": 35.324782, "経度": 134.854507, "url": "https://www.iryou.teikyouseido.mhlw.go.jp/znk-web/juminkanja/S2430/initialize?prefCd=28&kikanCd=1280003860&kikanKbn=1", "url2": "https://www.toyookahp-kumiai.or.jp/asago/", "内容": "公立豊岡病院組合立朝来医療センター【1:病院】【診療科目:内科_循環器内科_消化器内科_外科_心臓血管外科_整形外科_産婦人科_皮膚科_泌尿器科_リウマチ科_リハビリテーション科_放射線科】【一般病床数:104療養病床数:45精神病床数:0感染症病床数:0合計病床数:149】兵庫県朝来市和田山町法興寺３９２" }, "geometry": { "type": "Point", "coordinates": [ 134.854507, 35.324782 ] } },
{ "type": "Feature", "properties": { "ID": 2811280003870, "正式名称": "加古川中央市民病院", "機関区分": 1, "都道府県コード": 28, "市区町村コード": 210, "所在地": "兵庫県加古川市加古川町本町４３９番地", "緯度": 34.771516, "経度": 134.832576, "url": "https://www.iryou.teikyouseido.mhlw.go.jp/znk-web/juminkanja/S2430/initialize?prefCd=28&kikanCd=1280003870&kikanKbn=1", "url2": "https://www.kakohp.jp/", "内容": "加古川中央市民病院【1:病院】【診療科目:血液・腫瘍内科_糖尿病・代謝内科_脳神経内科_呼吸器内科_循環器内科_消化器内科_腎臓内科_緩和ケア内科_総合内科_外科_脳神経外科_呼吸器外科_心臓血管外科_消化器外科_乳腺外科_整形外科_形成外科_小児科_小児外科_小児循環器内科_産婦人科_眼科_耳鼻いんこう科_皮膚科_泌尿器科_精神神経科_歯科口腔外科_リウマチ科_リハビリテーション科_放射線診断科_放射線治療科_病理診断科_救急科_麻酔科】【一般病床数:600療養病床数:0精神病床数:0感染症病床数:0合計病床数:600】兵庫県加古川市加古川町本町４３９番地" }, "geometry": { "type": "Point", "coordinates": [ 134.832576, 34.771516 ] } },
{ "type": "Feature", "properties": { "ID": 2811280003880, "正式名称": "兵庫県立こども病院", "機関区分": 1, "都道府県コード": 28, "市区町村コード": 110, "所在地": "兵庫県神戸市中央区港島南町１丁目６－７", "緯度": 34.662479, "経度": 135.218299, "url": "https://www.iryou.teikyouseido.mhlw.go.jp/znk-web/juminkanja/S2430/initialize?prefCd=28&kikanCd=1280003880&kikanKbn=1", "url2": "https://hyogo-kodomo-hosp.com", "内容": "兵庫県立こども病院【1:病院】【診療科目:血液・腫瘍内科_代謝・内分泌内科_脳神経内科_循環器内科_腎臓内科_脳神経外科_心臓血管外科_整形外科_形成外科_小児科_小児外科_新生児内科_産科_眼科_耳鼻いんこう科_皮膚科_泌尿器科_精神科_小児歯科_アレルギー科_リウマチ科_リハビリテーション科_放射線科_病理診断科_救急科_麻酔科】【一般病床数:290療養病床数:0精神病床数:0感染症病床数:0合計病床数:290】兵庫県神戸市中央区港島南町１丁目６－７" }, "geometry": { "type": "Point", "coordinates": [ 135.218299, 34.662479 ] } },
{ "type": "Feature", "properties": { "ID": 2811280003900, "正式名称": "社会医療法人　愛仁会　尼崎だいもつ病院", "機関区分": 1, "都道府県コード": 28, "市区町村コード": 202, "所在地": "兵庫県尼崎市東大物町１丁目１－１", "緯度": 34.717532, "経度": 135.427945, "url": "https://www.iryou.teikyouseido.mhlw.go.jp/znk-web/juminkanja/S2430/initialize?prefCd=28&kikanCd=1280003900&kikanKbn=1", "url2": "https://www.daimotsu-hp.jp/", "内容": "社会医療法人　愛仁会　尼崎だいもつ病院【1:病院】【診療科目:内科_糖尿病内科_糖尿病・内分泌内科_呼吸器内科_循環器内科_消化器内科_神経内科_インフルエンザ_整形外科_小児科_産婦人科】【一般病床数:199療養病床数:0精神病床数:0感染症病床数:0合計病床数:199】兵庫県尼崎市東大物町１丁目１－１" }, "geometry": { "type": "Point", "coordinates": [ 135.427945, 34.717532 ] } },
{ "type": "Feature", "properties": { "ID": 2811280003910, "正式名称": "さんだリハビリテーション病院", "機関区分": 1, "都道府県コード": 28, "市区町村コード": 219, "所在地": "兵庫県三田市富士ヶ丘５丁目１６番１", "緯度": 34.891343, "経度": 135.202678, "url": "https://www.iryou.teikyouseido.mhlw.go.jp/znk-web/juminkanja/S2430/initialize?prefCd=28&kikanCd=1280003910&kikanKbn=1", "url2": "https://sanda.wakeikai-gr.or.jp", "内容": "さんだリハビリテーション病院【1:病院】【診療科目:脳神経内科_心臓血管外科_リハビリテーション科】【一般病床数:79療養病床数:0精神病床数:0感染症病床数:0合計病床数:79】兵庫県三田市富士ヶ丘５丁目１６番１" }, "geometry": { "type": "Point", "coordinates": [ 135.202678, 34.891343 ] } },
{ "type": "Feature", "properties": { "ID": 2811280003920, "正式名称": "神戸大学医学部附属病院国際がん医療・研究センター", "機関区分": 1, "都道府県コード": 28, "市区町村コード": 110, "所在地": "兵庫県神戸市中央区港島南町１丁目５番地１号", "緯度": 34.659451, "経度": 135.217465, "url": "https://www.iryou.teikyouseido.mhlw.go.jp/znk-web/juminkanja/S2430/initialize?prefCd=28&kikanCd=1280003920&kikanKbn=1", "url2": "https://www.hosp.kobe-u.ac.jp/iccrc/", "内容": "神戸大学医学部附属病院国際がん医療・研究センター【1:病院】【診療科目:循環器内科_消化器内科_呼吸器外科_食道外科_肝臓・胆のう・膵臓外科_乳腺外科_頭頸部外科_整形外科_形成外科_小児外科_婦人科_耳鼻いんこう科_泌尿器科_リハビリテーション科_放射線科_麻酔科】【一般病床数:114療養病床数:0精神病床数:0感染症病床数:0合計病床数:120】兵庫県神戸市中央区港島南町１丁目５番地１号" }, "geometry": { "type": "Point", "coordinates": [ 135.217465, 34.659451 ] } },
{ "type": "Feature", "properties": { "ID": 2811280003930, "正式名称": "神戸市立神戸アイセンター病院", "機関区分": 1, "都道府県コード": 28, "市区町村コード": 110, "所在地": "兵庫県神戸市中央区港島南町２丁目１番地の８", "緯度": 34.658959, "経度": 135.215542, "url": "https://www.iryou.teikyouseido.mhlw.go.jp/znk-web/juminkanja/S2430/initialize?prefCd=28&kikanCd=1280003930&kikanKbn=1", "url2": "https://kobe.eye.center.kcho.jp/access.html", "内容": "神戸市立神戸アイセンター病院【1:病院】【診療科目:眼科】【一般病床数:30療養病床数:0精神病床数:0感染症病床数:0合計病床数:30】兵庫県神戸市中央区港島南町２丁目１番地の８" }, "geometry": { "type": "Point", "coordinates": [ 135.215542, 34.658959 ] } },
{ "type": "Feature", "properties": { "ID": 2811280003940, "正式名称": "社会医療法人　渡邊高記念会　西宮渡辺脳卒中・心臓リハビリテーション病院", "機関区分": 1, "都道府県コード": 28, "市区町村コード": 204, "所在地": "兵庫県西宮市前浜町４番３号", "緯度": 34.727564, "経度": 135.333278, "url": "https://www.iryou.teikyouseido.mhlw.go.jp/znk-web/juminkanja/S2430/initialize?prefCd=28&kikanCd=1280003940&kikanKbn=1", "url2": "http://www.n-watanabe-hosp.jp/rehabilitation/", "内容": "社会医療法人　渡邊高記念会　西宮渡辺脳卒中・心臓リハビリテーション病院【1:病院】【診療科目:内科_循環器内科_整形外科_婦人科_皮膚科_美容皮膚科_心療内科_リハビリテーション科】【一般病床数:34療養病床数:0精神病床数:0感染症病床数:0合計病床数:34】兵庫県西宮市前浜町４番３号" }, "geometry": { "type": "Point", "coordinates": [ 135.333278, 34.727564 ] } },
{ "type": "Feature", "properties": { "ID": 2811280003960, "正式名称": "恒生かのこ病院", "機関区分": 1, "都道府県コード": 28, "市区町村コード": 109, "所在地": "兵庫県神戸市北区鹿の子台北町８丁目１１番１号", "緯度": 34.857069, "経度": 135.218928, "url": "https://www.iryou.teikyouseido.mhlw.go.jp/znk-web/juminkanja/S2430/initialize?prefCd=28&kikanCd=1280003960&kikanKbn=1", "url2": "http://kanoko-hp.jp", "内容": "恒生かのこ病院【1:病院】【診療科目:内科_脳神経内科_消化器内科_腎臓内科_インフルエンザ，総合内科_リハビリテーション科】【一般病床数:55療養病床数:0精神病床数:0感染症病床数:0合計病床数:55】兵庫県神戸市北区鹿の子台北町８丁目１１番１号" }, "geometry": { "type": "Point", "coordinates": [ 135.218928, 34.857069 ] } },
{ "type": "Feature", "properties": { "ID": 2811280003970, "正式名称": "兵庫県立丹波医療センター", "機関区分": 1, "都道府県コード": 28, "市区町村コード": 223, "所在地": "兵庫県丹波市氷上町石生２００２－７", "緯度": 35.149896, "経度": 135.063299, "url": "https://www.iryou.teikyouseido.mhlw.go.jp/znk-web/juminkanja/S2430/initialize?prefCd=28&kikanCd=1280003970&kikanKbn=1", "url2": "https://tmc.hyogo.jp/", "内容": "兵庫県立丹波医療センター【1:病院】【診療科目:内科_血液内科_糖尿病・内分泌内科_脳神経内科_呼吸器内科_循環器内科_消化器内科_腎臓内科_緩和ケア内科_インフルエンザ_外科_脳神経外科_消化器外科_乳腺外科_整形外科_小児科_産婦人科_眼科_耳鼻いんこう科_皮膚科_泌尿器科_歯科口腔外科_リウマチ科_リハビリテーション科_放射線科_病理診断科_救急科_麻酔科】【一般病床数:316療養病床数:0精神病床数:0感染症病床数:4合計病床数:320】兵庫県丹波市氷上町石生２００２－７" }, "geometry": { "type": "Point", "coordinates": [ 135.063299, 35.149896 ] } },
{ "type": "Feature", "properties": { "ID": 2811280003980, "正式名称": "フェニックス加古川記念病院", "機関区分": 1, "都道府県コード": 28, "市区町村コード": 210, "所在地": "兵庫県加古川市米田町平津３８４－１", "緯度": 34.786236, "経度": 134.816271, "url": "https://www.iryou.teikyouseido.mhlw.go.jp/znk-web/juminkanja/S2430/initialize?prefCd=28&kikanCd=1280003980&kikanKbn=1", "url2": null, "内容": "フェニックス加古川記念病院【1:病院】【診療科目:内科_循環器内科_消化器内科_外科_大腸・肛門外科_整形外科_歯科_リハビリテーション科_放射線科_麻酔科】【一般病床数:151療養病床数:0精神病床数:0感染症病床数:0合計病床数:151】兵庫県加古川市米田町平津３８４－１" }, "geometry": { "type": "Point", "coordinates": [ 134.816271, 34.786236 ] } },
{ "type": "Feature", "properties": { "ID": 2811280004020, "正式名称": "社会医療法人社団順心会　順心神戸病院", "機関区分": 1, "都道府県コード": 28, "市区町村コード": 108, "所在地": "兵庫県神戸市垂水区小束台８６８番３７", "緯度": 34.673391, "経度": 135.053423, "url": "https://www.iryou.teikyouseido.mhlw.go.jp/znk-web/juminkanja/S2430/initialize?prefCd=28&kikanCd=1280004020&kikanKbn=1", "url2": "https://www.junshin.or.jp/kobe.html", "内容": "社会医療法人社団順心会　順心神戸病院【1:病院】【診療科目:内科_外科_脳神経外科_肛門外科_整形外科_皮膚科_リハビリテーション科_救急科_麻酔科】【一般病床数:118療養病床数:0精神病床数:0感染症病床数:0合計病床数:118】兵庫県神戸市垂水区小束台８６８番３７" }, "geometry": { "type": "Point", "coordinates": [ 135.053423, 34.673391 ] } },
{ "type": "Feature", "properties": { "ID": 2811280004030, "正式名称": "医療法人五葉会　城南病院", "機関区分": 1, "都道府県コード": 28, "市区町村コード": 201, "所在地": "兵庫県姫路市本町２３１番地", "緯度": 34.832923, "経度": 134.691001, "url": "https://www.iryou.teikyouseido.mhlw.go.jp/znk-web/juminkanja/S2430/initialize?prefCd=28&kikanCd=1280004030&kikanKbn=1", "url2": "https://www.itsuhakai.or.jp/jonan/", "内容": "医療法人五葉会　城南病院【1:病院】【診療科目:内科_消化器内科_外科_整形外科_眼科_リハビリテーション科】【一般病床数:51療養病床数:0精神病床数:0感染症病床数:0合計病床数:51】兵庫県姫路市本町２３１番地" }, "geometry": { "type": "Point", "coordinates": [ 134.691001, 34.832923 ] } },
{ "type": "Feature", "properties": { "ID": 2811280004040, "正式名称": "医療法人三宅会　太子病院", "機関区分": 1, "都道府県コード": 28, "市区町村コード": 464, "所在地": "兵庫県揖保郡太子町鵤３８７", "緯度": 34.834906, "経度": 134.573211, "url": "https://www.iryou.teikyouseido.mhlw.go.jp/znk-web/juminkanja/S2430/initialize?prefCd=28&kikanCd=1280004040&kikanKbn=1", "url2": "https://taishi-hp.or.jp/index.html", "内容": "医療法人三宅会　太子病院【1:病院】【診療科目:内科_脳神経内科_循環器内科_胃腸内科_外科_胃腸外科_整形外科_形成外科_眼科_耳鼻いんこう科_男性泌尿器科_歯科_歯科口腔外科_リハビリテーション科_放射線科_麻酔科】【一般病床数:41療養病床数:91精神病床数:0感染症病床数:0合計病床数:132】兵庫県揖保郡太子町鵤３８７" }, "geometry": { "type": "Point", "coordinates": [ 134.573211, 34.834906 ] } },
{ "type": "Feature", "properties": { "ID": 2811280004050, "正式名称": "兵庫県立はりま姫路総合医療センター", "機関区分": 1, "都道府県コード": 28, "市区町村コード": 201, "所在地": "兵庫県姫路市神屋町３丁目２６４番地", "緯度": 34.82648, "経度": 134.701806, "url": "https://www.iryou.teikyouseido.mhlw.go.jp/znk-web/juminkanja/S2430/initialize?prefCd=28&kikanCd=1280004050&kikanKbn=1", "url2": "https://hgmc.hyogo.jp", "内容": "兵庫県立はりま姫路総合医療センター【1:病院】【診療科目:内科_感染症内科_血液内科_糖尿病・内分泌内科_脳神経内科_呼吸器内科_循環器内科_消化器内科_腎臓内科_腫瘍内科_緩和ケア内科_外科_脳神経外科_呼吸器外科_心臓血管外科_消化器外科_乳腺外科_整形外科_形成外科_小児科_小児外科_産婦人科_眼科_耳鼻咽喉科・頭頸部外科_皮膚科_泌尿器科_精神科_歯科口腔外科_リウマチ科_リハビリテーション科_放射線診断科_放射線治療科_病理診断科_救急科_麻酔科】【一般病床数:720療養病床数:0精神病床数:16感染症病床数:0合計病床数:736】兵庫県姫路市神屋町３丁目２６４番地" }, "geometry": { "type": "Point", "coordinates": [ 134.701806, 34.82648 ] } },
{ "type": "Feature", "properties": { "ID": 2811280004060, "正式名称": "神戸医療福祉センターひだまり", "機関区分": 1, "都道府県コード": 28, "市区町村コード": 110, "所在地": "兵庫県神戸市中央区日暮通５丁目５番８号", "緯度": 34.698558, "経度": 135.203354, "url": "https://www.iryou.teikyouseido.mhlw.go.jp/znk-web/juminkanja/S2430/initialize?prefCd=28&kikanCd=1280004060&kikanKbn=1", "url2": "http://www.kobehidamari.jp", "内容": "神戸医療福祉センターひだまり【1:病院】【診療科目:小児科_リハビリテーション科】【一般病床数:56療養病床数:0精神病床数:0感染症病床数:0合計病床数:56】兵庫県神戸市中央区日暮通５丁目５番８号" }, "geometry": { "type": "Point", "coordinates": [ 135.203354, 34.698558 ] } },
{ "type": "Feature", "properties": { "ID": 2811280004070, "正式名称": "社会福祉法人平成記念会　サポートハウス　ココロネ住吉", "機関区分": 1, "都道府県コード": 28, "市区町村コード": 101, "所在地": "兵庫県神戸市東灘区住吉山手７丁目１番１号", "緯度": 34.732988, "経度": 135.253781, "url": "https://www.iryou.teikyouseido.mhlw.go.jp/znk-web/juminkanja/S2430/initialize?prefCd=28&kikanCd=1280004070&kikanKbn=1", "url2": "https://sumiyoshi.cocorone.space/", "内容": "社会福祉法人平成記念会　サポートハウス　ココロネ住吉【1:病院】【診療科目:内科_小児科_リハビリテーション科】【一般病床数:100療養病床数:0精神病床数:0感染症病床数:0合計病床数:100】兵庫県神戸市東灘区住吉山手７丁目１番１号" }, "geometry": { "type": "Point", "coordinates": [ 135.253781, 34.732988 ] } },
{ "type": "Feature", "properties": { "ID": 2811280004080, "正式名称": "川西市立総合医療センター", "機関区分": 1, "都道府県コード": 28, "市区町村コード": 217, "所在地": "兵庫県川西市火打１丁目４番１号", "緯度": 34.834291, "経度": 135.416669, "url": "https://www.iryou.teikyouseido.mhlw.go.jp/znk-web/juminkanja/S2430/initialize?prefCd=28&kikanCd=1280004080&kikanKbn=1", "url2": null, "内容": "川西市立総合医療センター【1:病院】【診療科目:内科_感染症内科_血液内科_糖尿病・内分泌内科_呼吸器内科_循環器内科_消化器内科_腎臓内科_神経内科_ペインクリニック内科_外科_脳神経外科_呼吸器外科_消化器外科_乳腺外科_整形外科_形成外科_小児科_産婦人科_眼科_耳鼻いんこう科_皮膚科_泌尿器科_精神科_リハビリテーション科_放射線科_病理診断科_救急科_麻酔科】【一般病床数:405療養病床数:0精神病床数:0感染症病床数:0合計病床数:405】兵庫県川西市火打１丁目４番１号" }, "geometry": { "type": "Point", "coordinates": [ 135.416669, 34.834291 ] } },
{ "type": "Feature", "properties": { "ID": 2811280004100, "正式名称": "さかえ病院", "機関区分": 1, "都道府県コード": 28, "市区町村コード": 111, "所在地": "兵庫県神戸市西区押部谷町栄１９１－１", "緯度": 34.755211, "経度": 135.055262, "url": "https://www.iryou.teikyouseido.mhlw.go.jp/znk-web/juminkanja/S2430/initialize?prefCd=28&kikanCd=1280004100&kikanKbn=1", "url2": "https://sakae.wakeikai-gr.or.jp/", "内容": "さかえ病院【1:病院】【診療科目:内科_脳神経内科_循環器内科_消化器内科_外科_整形外科_リハビリテーション科】【一般病床数:54療養病床数:45精神病床数:0感染症病床数:0合計病床数:99】兵庫県神戸市西区押部谷町栄１９１－１" }, "geometry": { "type": "Point", "coordinates": [ 135.055262, 34.755211 ] } },
{ "type": "Feature", "properties": { "ID": 2811280004110, "正式名称": "社会医療法人三栄会　三栄会広畑病院", "機関区分": 1, "都道府県コード": 28, "市区町村コード": 201, "所在地": "兵庫県姫路市広畑区夢前町３丁目１番１", "緯度": 34.797898, "経度": 134.639924, "url": "https://www.iryou.teikyouseido.mhlw.go.jp/znk-web/juminkanja/S2430/initialize?prefCd=28&kikanCd=1280004110&kikanKbn=1", "url2": "https://hirohata-hp.jp/", "内容": "社会医療法人三栄会　三栄会広畑病院【1:病院】【診療科目:内科_脳神経内科_循環器内科_消化器内科_人工透析内科_発熱外来_脳神経外科_整形外科_人工透析外科_眼科_リハビリテーション科_放射線科】【一般病床数:130療養病床数:0精神病床数:0感染症病床数:0合計病床数:130】兵庫県姫路市広畑区夢前町３丁目１番１" }, "geometry": { "type": "Point", "coordinates": [ 134.639924, 34.797898 ] } },
{ "type": "Feature", "properties": { "ID": 2811280004120, "正式名称": "医療法人せいふう会　川西リハビリテーション病院", "機関区分": 1, "都道府県コード": 28, "市区町村コード": 217, "所在地": "兵庫県川西市東畦野５丁目１８番１号", "緯度": 34.888236, "経度": 135.4068, "url": "https://www.iryou.teikyouseido.mhlw.go.jp/znk-web/juminkanja/S2430/initialize?prefCd=28&kikanCd=1280004120&kikanKbn=1", "url2": "https://kawanishi-rh.jp/", "内容": "医療法人せいふう会　川西リハビリテーション病院【1:病院】【診療科目:内科_小児科_リハビリテーション科】【一般病床数:40療養病床数:120精神病床数:0感染症病床数:0合計病床数:160】兵庫県川西市東畦野５丁目１８番１号" }, "geometry": { "type": "Point", "coordinates": [ 135.4068, 34.888236 ] } },
{ "type": "Feature", "properties": { "ID": 2811280004140, "正式名称": "医療法人一輝会　荻原記念病院", "機関区分": 1, "都道府県コード": 28, "市区町村コード": 106, "所在地": "兵庫県神戸市長田区大橋町７丁目１番１", "緯度": 34.65409, "経度": 135.144457, "url": "https://www.iryou.teikyouseido.mhlw.go.jp/znk-web/juminkanja/S2430/initialize?prefCd=28&kikanCd=1280004140&kikanKbn=1", "url2": "https://kinen.ikkikai.or.jp/access/", "内容": "医療法人一輝会　荻原記念病院【1:病院】【診療科目:内科_糖尿病内科_脳神経内科_呼吸器内科_循環器内科_ペインクリニック内科_整形外科_歯科_リウマチ科_リハビリテーション科】【一般病床数:90療養病床数:52精神病床数:0感染症病床数:0合計病床数:142】兵庫県神戸市長田区大橋町７丁目１番１" }, "geometry": { "type": "Point", "coordinates": [ 135.144457, 34.65409 ] } },
{ "type": "Feature", "properties": { "ID": 2811280004150, "正式名称": "医療法人　信和会　めいわリハビリテーション病院", "機関区分": 1, "都道府県コード": 28, "市区町村コード": 204, "所在地": "兵庫県西宮市甲子園九番町１５番２２号", "緯度": 34.714955, "経度": 135.358967, "url": "https://www.iryou.teikyouseido.mhlw.go.jp/znk-web/juminkanja/S2430/initialize?prefCd=28&kikanCd=1280004150&kikanKbn=1", "url2": "https://www.meiwa-hospital.com/reha-hosp/", "内容": "医療法人　信和会　めいわリハビリテーション病院【1:病院】【診療科目:内科_リハビリテーション科】【一般病床数:100療養病床数:53精神病床数:0感染症病床数:0合計病床数:153】兵庫県西宮市甲子園九番町１５番２２号" }, "geometry": { "type": "Point", "coordinates": [ 135.358967, 34.714955 ] } },
{ "type": "Feature", "properties": { "ID": 2811280004170, "正式名称": "医療法人朗源会　おおくま病院", "機関区分": 1, "都道府県コード": 28, "市区町村コード": 202, "所在地": "兵庫県尼崎市昭和通２－１２－８", "緯度": 34.720094, "経度": 135.423088, "url": "https://www.iryou.teikyouseido.mhlw.go.jp/znk-web/juminkanja/S2430/initialize?prefCd=28&kikanCd=1280004170&kikanKbn=1", "url2": "https://ookuma-hp.jp/outline/access/", "内容": "医療法人朗源会　おおくま病院【1:病院】【診療科目:内科_糖尿病内科_呼吸器内科_循環器内科_消化器内科_外科_呼吸器外科_心臓血管外科_消化器外科_肛門外科_ペインクリニック外科_整形外科_形成外科_泌尿器科_リハビリテーション科_放射線科】【一般病床数:51療養病床数:96精神病床数:0感染症病床数:0合計病床数:147】兵庫県尼崎市昭和通２－１２－８" }, "geometry": { "type": "Point", "coordinates": [ 135.423088, 34.720094 ] } },
{ "type": "Feature", "properties": { "ID": 2812280052060, "正式名称": "伊田眼科クリニック", "機関区分": 1, "都道府県コード": 28, "市区町村コード": 219, "所在地": "兵庫県三田市武庫が丘７－７－４Ｍ’ｓⅡ１階", "緯度": 34.885964, "経度": 135.203036, "url": "https://www.iryou.teikyouseido.mhlw.go.jp/znk-web/juminkanja/S2430/initialize?prefCd=28&kikanCd=2280052060&kikanKbn=1", "url2": "https://ida-ganka.com/", "内容": "伊田眼科クリニック【1:病院】【診療科目:眼科】【一般病床数:0療養病床数:0精神病床数:0感染症病床数:0合計病床数:0】兵庫県三田市武庫が丘７－７－４Ｍ’ｓⅡ１階" }, "geometry": { "type": "Point", "coordinates": [ 135.203036, 34.885964 ] } },
{ "type": "Feature", "properties": { "ID": 2812280073380, "正式名称": "ＡＮＤ美容外科神戸三宮院", "機関区分": 1, "都道府県コード": 28, "市区町村コード": 110, "所在地": "兵庫県神戸市中央区三宮町１丁目４−８ＴＨＥ　ＰＥＡＫ　ＫＯＢＥ　ＳＡＮＮＯＭＩＹＡ　２階", "緯度": 34.6909597, "経度": 135.1925531, "url": "https://www.iryou.teikyouseido.mhlw.go.jp/znk-web/juminkanja/S2430/initialize?prefCd=28&kikanCd=2280073380&kikanKbn=1", "url2": "https://and-bg.com/", "内容": "ＡＮＤ美容外科神戸三宮院【1:病院】【診療科目:美容外科_美容皮膚科_泌尿器科】【一般病床数:0療養病床数:0精神病床数:0感染症病床数:0合計病床数:0】兵庫県神戸市中央区三宮町１丁目４−８ＴＨＥ　ＰＥＡＫ　ＫＯＢＥ　ＳＡＮＮＯＭＩＹＡ　２階" }, "geometry": { "type": "Point", "coordinates": [ 135.1925531, 34.6909597 ] } }
]
}
