{
"type": "FeatureCollection",
"name": "geo_28_介護老人福祉施設",
"crs": { "type": "name", "properties": { "name": "urn:ogc:def:crs:OGC:1.3:CRS84" } },
"features": [
{ "type": "Feature", "properties": { "内容": "特別養護老人ホームおおぎの郷【介護老人福祉施設】神戸市東灘区北青木1-1-3", "url": "https://www.kaigokensaku.mhlw.go.jp/28/index.php?action_kouhyou_detail_004_kani=true&JigyosyoCd=2870100241-00&ServiceCd=510&Type=search", "url2": "http://www.chikusakai.jp" }, "geometry": { "type": "Point", "coordinates": [ 135.28656419999993, 34.7217167 ] } },
{ "type": "Feature", "properties": { "内容": "特別養護老人ホーム　光明苑【介護老人福祉施設】兵庫県神戸市東灘区住吉本町3丁目7番41号", "url": "https://www.kaigokensaku.mhlw.go.jp/28/index.php?action_kouhyou_detail_004_kani=true&JigyosyoCd=2870100258-00&ServiceCd=510&Type=search", "url2": "http://www.krh-sumiyoshi.com" }, "geometry": { "type": "Point", "coordinates": [ 135.259069400000044, 34.7240771 ] } },
{ "type": "Feature", "properties": { "内容": "特別養護老人ホーム　サンライフ魚崎【介護老人福祉施設】神戸市東灘区魚崎中町４丁目１０番５０号", "url": "https://www.kaigokensaku.mhlw.go.jp/28/index.php?action_kouhyou_detail_004_kani=true&JigyosyoCd=2870100357-00&ServiceCd=510&Type=search", "url2": "https://sunlifeuozaki.jp" }, "geometry": { "type": "Point", "coordinates": [ 135.2702242, 34.7152533 ] } },
{ "type": "Feature", "properties": { "内容": "特別養護老人ホーム　ロングステージKOBE岡本【介護老人福祉施設】神戸市東灘区西岡本2-25-4-101", "url": "https://www.kaigokensaku.mhlw.go.jp/28/index.php?action_kouhyou_detail_004_kani=true&JigyosyoCd=2870100639-00&ServiceCd=510&Type=search", "url2": "http://www.long-stage.com" }, "geometry": { "type": "Point", "coordinates": [ 135.26484389999996, 34.7241522 ] } },
{ "type": "Feature", "properties": { "内容": "特別養護老人ホーム　友愛苑【介護老人福祉施設】兵庫県神戸市東灘区鴨子ヶ原２丁目14-17", "url": "https://www.kaigokensaku.mhlw.go.jp/28/index.php?action_kouhyou_detail_004_kani=true&JigyosyoCd=2870101363-00&ServiceCd=510&Type=search", "url2": "http://www.krh-sumiyoshi.com" }, "geometry": { "type": "Point", "coordinates": [ 135.250361399999946, 34.7342008 ] } },
{ "type": "Feature", "properties": { "内容": "介護老人福祉施設ケアホーム住吉【介護老人福祉施設】兵庫県神戸市東灘区住吉山手7-1-2", "url": "https://www.kaigokensaku.mhlw.go.jp/28/index.php?action_kouhyou_detail_004_kani=true&JigyosyoCd=2870103641-00&ServiceCd=510&Type=search", "url2": "sumiyoshi@tokuyou.jp" }, "geometry": { "type": "Point", "coordinates": [ 135.253266700000012, 34.7329326 ] } },
{ "type": "Feature", "properties": { "内容": "特別養護老人ホーム　協同の苑六甲アイランド【介護老人福祉施設】神戸市東灘区向洋町中３丁目１－２", "url": "https://www.kaigokensaku.mhlw.go.jp/28/index.php?action_kouhyou_detail_004_kani=true&JigyosyoCd=2870100233-00&ServiceCd=510&Type=search", "url2": "http://www.kyodo-no-sono.or.jp" }, "geometry": { "type": "Point", "coordinates": [ 135.275176900000019, 34.6876754 ] } },
{ "type": "Feature", "properties": { "内容": "特別養護老人ホーム芦屋すみれ園【介護老人福祉施設】兵庫県神戸市東灘区深江南町1丁目1番20号", "url": "https://www.kaigokensaku.mhlw.go.jp/28/index.php?action_kouhyou_detail_004_kani=true&JigyosyoCd=2870103476-00&ServiceCd=510&Type=search", "url2": "https://www.ashiya-sumire.jp/" }, "geometry": { "type": "Point", "coordinates": [ 135.301820609123268, 34.719587329943849 ] } },
{ "type": "Feature", "properties": { "内容": "特別養護老人ホーム　セ・ラ・ヴィ【介護老人福祉施設】神戸市東灘区住吉宮町３－４－１７", "url": "https://www.kaigokensaku.mhlw.go.jp/28/index.php?action_kouhyou_detail_004_kani=true&JigyosyoCd=2870100225-00&ServiceCd=510&Type=search", "url2": "http://www.ninindoshinkai.or.jp" }, "geometry": { "type": "Point", "coordinates": [ 135.261238899999967, 34.7162086 ] } },
{ "type": "Feature", "properties": { "内容": "特別養護老人ホーム　ロングステージ御影【介護老人福祉施設】神戸市東灘区御影石町１－２－１８", "url": "https://www.kaigokensaku.mhlw.go.jp/28/index.php?action_kouhyou_detail_004_kani=true&JigyosyoCd=2870101389-00&ServiceCd=510&Type=search", "url2": "http://www.long-stage.com" }, "geometry": { "type": "Point", "coordinates": [ 135.251989800000047, 34.7090733 ] } },
{ "type": "Feature", "properties": { "内容": "特別養護老人ホーム　かもこの風【介護老人福祉施設】鴨子ヶ原3丁目19番30号特別養護老人ホーム　かもこの風", "url": "https://www.kaigokensaku.mhlw.go.jp/28/index.php?action_kouhyou_detail_004_kani=true&JigyosyoCd=2870103385-00&ServiceCd=510&Type=search", "url2": "http://www.krh-sumiyoshi.com/" }, "geometry": { "type": "Point", "coordinates": [ 135.249074, 34.7332407 ] } },
{ "type": "Feature", "properties": { "内容": "特別養護老人ホーム　ロングステージ灘【介護老人福祉施設】兵庫県　神戸市　灘区　大石東町１－２－１", "url": "https://www.kaigokensaku.mhlw.go.jp/28/index.php?action_kouhyou_detail_004_kani=true&JigyosyoCd=2870200264-00&ServiceCd=510&Type=search", "url2": "http://www.long-stage.com" }, "geometry": { "type": "Point", "coordinates": [ 135.238535, 34.7094482 ] } },
{ "type": "Feature", "properties": { "内容": "特別養護老人ホーム　ブルーバレイ【介護老人福祉施設】神戸市灘区青谷町２丁目１－９", "url": "https://www.kaigokensaku.mhlw.go.jp/28/index.php?action_kouhyou_detail_004_kani=true&JigyosyoCd=2870200272-00&ServiceCd=510&Type=search", "url2": "http://bluevalley-amaryllis.com/" }, "geometry": { "type": "Point", "coordinates": [ 135.21388120000006, 34.7133503 ] } },
{ "type": "Feature", "properties": { "内容": "特別養護老人ホーム　ハピータウンKOBE【介護老人福祉施設】神戸市灘区摩耶海岸通２－３－９", "url": "https://www.kaigokensaku.mhlw.go.jp/28/index.php?action_kouhyou_detail_004_kani=true&JigyosyoCd=2870200280-00&ServiceCd=510&Type=search", "url2": "http://hakuyusha.org/" }, "geometry": { "type": "Point", "coordinates": [ 135.220517, 34.7011047 ] } },
{ "type": "Feature", "properties": { "内容": "特別養護老人ホームうみのほし【介護老人福祉施設】兵庫県神戸市灘区篠原北町3丁目11番15号特別養護老人ホームうみのほし", "url": "https://www.kaigokensaku.mhlw.go.jp/28/index.php?action_kouhyou_detail_004_kani=true&JigyosyoCd=2870200298-00&ServiceCd=510&Type=search", "url2": "https://www.uminohosi.jp" }, "geometry": { "type": "Point", "coordinates": [ 135.225713199999973, 34.7237437 ] } },
{ "type": "Feature", "properties": { "内容": "特別養護老人ホームまんてん六甲の丘【介護老人福祉施設】神戸市灘区篠原伯母野山町3丁目996-276", "url": "https://www.kaigokensaku.mhlw.go.jp/28/index.php?action_kouhyou_detail_004_kani=true&JigyosyoCd=2870202906-00&ServiceCd=510&Type=search", "url2": "http://www.sankei-kai.or.jp/" }, "geometry": { "type": "Point", "coordinates": [ 135.225931245230072, 34.732651183514875 ] } },
{ "type": "Feature", "properties": { "内容": "特別養護老人ホーム　灘六甲ちどり【介護老人福祉施設】兵庫県神戸市灘区鶴甲１丁目4-21", "url": "https://www.kaigokensaku.mhlw.go.jp/28/index.php?action_kouhyou_detail_004_kani=true&JigyosyoCd=2870203292-00&ServiceCd=510&Type=search", "url2": "https://www.chidori.or.jp/facility/nada/" }, "geometry": { "type": "Point", "coordinates": [ 135.2378305, 34.7317404 ] } },
{ "type": "Feature", "properties": { "内容": "特別養護老人ホームエル・グレイス六甲【介護老人福祉施設】兵庫県神戸市灘区鶴甲1丁目5-2特別養護老人ホームエル・グレイス六甲", "url": "https://www.kaigokensaku.mhlw.go.jp/28/index.php?action_kouhyou_detail_004_kani=true&JigyosyoCd=2870203011-00&ServiceCd=510&Type=search", "url2": "https://tokuwakai.jp/facilities/el_grace/" }, "geometry": { "type": "Point", "coordinates": [ 135.239881, 34.7329695 ] } },
{ "type": "Feature", "properties": { "内容": "特別養護老人ホームモーツァルト兵庫駅前【介護老人福祉施設】神戸市兵庫区駅南通5丁目1-2", "url": "https://www.kaigokensaku.mhlw.go.jp/28/index.php?action_kouhyou_detail_004_kani=true&JigyosyoCd=2870500242-00&ServiceCd=510&Type=search", "url2": "http://www.kobe-mozart.jp" }, "geometry": { "type": "Point", "coordinates": [ 135.164596496434001, 34.667541234081625 ] } },
{ "type": "Feature", "properties": { "内容": "特別養護老人ホーム　ラグナケア中道【介護老人福祉施設】兵庫県　神戸市　兵庫区　中道通　6丁目　1-33", "url": "https://www.kaigokensaku.mhlw.go.jp/28/index.php?action_kouhyou_detail_004_kani=true&JigyosyoCd=2870500259-00&ServiceCd=510&Type=search", "url2": "ｈｔｔｐ：//www.houonkai.jp" }, "geometry": { "type": "Point", "coordinates": [ 135.162950099999989, 34.6736147 ] } },
{ "type": "Feature", "properties": { "内容": "特別養護老人ホーム高齢者ケアセンターひょうご【介護老人福祉施設】神戸市兵庫区里山町１番４８", "url": "https://www.kaigokensaku.mhlw.go.jp/28/index.php?action_kouhyou_detail_004_kani=true&JigyosyoCd=2870500622-00&ServiceCd=510&Type=search", "url2": "http:www.kobe-fukuseikai.com" }, "geometry": { "type": "Point", "coordinates": [ 135.140934900000047, 34.6926209 ] } },
{ "type": "Feature", "properties": { "内容": "特別養護老人ホーム　花みさき【介護老人福祉施設】神戸市兵庫区浜中町1丁目16-18", "url": "https://www.kaigokensaku.mhlw.go.jp/28/index.php?action_kouhyou_detail_004_kani=true&JigyosyoCd=2870501661-00&ServiceCd=510&Type=search", "url2": "http://www.hanamisaki.or.jp" }, "geometry": { "type": "Point", "coordinates": [ 135.165928, 34.6557247 ] } },
{ "type": "Feature", "properties": { "内容": "特別養護老人ホーム　真愛たきやまホーム【介護老人福祉施設】滝山町511番地", "url": "https://www.kaigokensaku.mhlw.go.jp/28/index.php?action_kouhyou_detail_004_kani=true&JigyosyoCd=2870502941-00&ServiceCd=510&Type=search", "url2": "http://shin-ai.biz/" }, "geometry": { "type": "Point", "coordinates": [ 135.152049681442236, 34.683136592690502 ] } },
{ "type": "Feature", "properties": { "内容": "真愛あらたホーム【介護老人福祉施設】荒田町3丁目47-1", "url": "https://www.kaigokensaku.mhlw.go.jp/28/index.php?action_kouhyou_detail_004_kani=true&JigyosyoCd=2870503584-00&ServiceCd=510&Type=search", "url2": "http://shin-ai.biz" }, "geometry": { "type": "Point", "coordinates": [ 135.168258532652828, 34.686743351198224 ] } },
{ "type": "Feature", "properties": { "内容": "特別養護老人ホーム海光園ミラホーム【介護老人福祉施設】神戸市兵庫区菊水町10丁目40番地の１", "url": "https://www.kaigokensaku.mhlw.go.jp/28/index.php?action_kouhyou_detail_004_kani=true&JigyosyoCd=2870500234-00&ServiceCd=510&Type=search", "url2": "http://www.kaikouen.or.jp/index.html" }, "geometry": { "type": "Point", "coordinates": [ 135.154209, 34.6799195 ] } },
{ "type": "Feature", "properties": { "内容": "長田ケアホーム【介護老人福祉施設】神戸市長田区北町３丁目３番地", "url": "https://www.kaigokensaku.mhlw.go.jp/28/index.php?action_kouhyou_detail_004_kani=true&JigyosyoCd=2870600125-00&ServiceCd=510&Type=search", "url2": "http://www.kobe-fukuseikai.com/html/03top.html" }, "geometry": { "type": "Point", "coordinates": [ 135.151717700000063, 34.6654708 ] } },
{ "type": "Feature", "properties": { "内容": "特別養護老人ホーム　長田すみれ園【介護老人福祉施設】兵庫県神戸市長田区雲雀ヶ丘1丁目1番3号", "url": "https://www.kaigokensaku.mhlw.go.jp/28/index.php?action_kouhyou_detail_004_kani=true&JigyosyoCd=2870600133-00&ServiceCd=510&Type=search", "url2": "http://www.sumire.or.jp" }, "geometry": { "type": "Point", "coordinates": [ 135.134819537314087, 34.690737452887085 ] } },
{ "type": "Feature", "properties": { "内容": "特別養護老人ホーム　故郷の家・神戸【介護老人福祉施設】神戸市長田区東尻池町7-4-21", "url": "https://www.kaigokensaku.mhlw.go.jp/28/index.php?action_kouhyou_detail_004_kani=true&JigyosyoCd=2870600299-00&ServiceCd=510&Type=search", "url2": "http://www.kokorono.or.jp" }, "geometry": { "type": "Point", "coordinates": [ 135.157037, 34.6558078 ] } },
{ "type": "Feature", "properties": { "内容": "ふれあいホーム【介護老人福祉施設】兵庫県神戸市長田区三番町１丁目４－１", "url": "https://www.kaigokensaku.mhlw.go.jp/28/index.php?action_kouhyou_detail_004_kani=true&JigyosyoCd=2870600414-00&ServiceCd=510&Type=search", "url2": "https://www.kobe-salvia.or.jp/" }, "geometry": { "type": "Point", "coordinates": [ 135.15760320000004, 34.6702205 ] } },
{ "type": "Feature", "properties": { "内容": "特別養護老人ホームふたば【介護老人福祉施設】神戸市長田区二葉町5丁目１－１－１０１", "url": "https://www.kaigokensaku.mhlw.go.jp/28/index.php?action_kouhyou_detail_004_kani=true&JigyosyoCd=2870600984-00&ServiceCd=510&Type=search", "url2": "https://komadory.com" }, "geometry": { "type": "Point", "coordinates": [ 135.148596099999963, 34.6525359 ] } },
{ "type": "Feature", "properties": { "内容": "特別養護老人ホーム　神戸まどか園【介護老人福祉施設】兵庫県神戸市長田区大丸町1丁目5番1号", "url": "https://www.kaigokensaku.mhlw.go.jp/28/index.php?action_kouhyou_detail_004_kani=true&JigyosyoCd=2870603079-00&ServiceCd=510&Type=search", "url2": "https://www.shoukyu.or.jp" }, "geometry": { "type": "Point", "coordinates": [ 135.150726, 34.6764865 ] } },
{ "type": "Feature", "properties": { "内容": "特別養護老人ホーム　雲雀丘すみれ園【介護老人福祉施設】兵庫県神戸市長田区雲雀ヶ丘1丁目１番2号", "url": "https://www.kaigokensaku.mhlw.go.jp/28/index.php?action_kouhyou_detail_004_kani=true&JigyosyoCd=2870603616-00&ServiceCd=510&Type=search", "url2": "http://www.sumire.or.jp" }, "geometry": { "type": "Point", "coordinates": [ 135.134715806745902, 34.69124714030017 ] } },
{ "type": "Feature", "properties": { "内容": "特別養護老人ホーム愛の園【介護老人福祉施設】神戸市須磨区妙法寺字野路山1053", "url": "https://www.kaigokensaku.mhlw.go.jp/28/index.php?action_kouhyou_detail_004_kani=true&JigyosyoCd=2870700222-00&ServiceCd=510&Type=search", "url2": "https://ainosono.jp" }, "geometry": { "type": "Point", "coordinates": [ 135.1211644, 34.6829383 ] } },
{ "type": "Feature", "properties": { "内容": "特別養護老人ホームあいハート須磨【介護老人福祉施設】神戸市須磨区松風町４丁目２－２６", "url": "https://www.kaigokensaku.mhlw.go.jp/28/index.php?action_kouhyou_detail_004_kani=true&JigyosyoCd=2870700230-00&ServiceCd=510&Type=search", "url2": "http://www.ai-heart-suma.or.jp" }, "geometry": { "type": "Point", "coordinates": [ 135.1267593, 34.6482168 ] } },
{ "type": "Feature", "properties": { "内容": "介護老人福祉施設　友が丘YUAI【介護老人福祉施設】神戸市須磨区友が丘３丁目１２６番地", "url": "https://www.kaigokensaku.mhlw.go.jp/28/index.php?action_kouhyou_detail_004_kani=true&JigyosyoCd=2870700248-00&ServiceCd=510&Type=search", "url2": "http://www.kitasumahoiku-center.or.jp/yuai/" }, "geometry": { "type": "Point", "coordinates": [ 135.095936599999959, 34.6653035 ] } },
{ "type": "Feature", "properties": { "内容": "神港園サニーライフ白川【介護老人福祉施設】兵庫県神戸市須磨区白川台1丁目35-3", "url": "https://www.kaigokensaku.mhlw.go.jp/28/index.php?action_kouhyou_detail_004_kani=true&JigyosyoCd=2870700255-00&ServiceCd=510&Type=search", "url2": "https://www.shinkouen.or.jp/shisetsu/shirakawa.html" }, "geometry": { "type": "Point", "coordinates": [ 135.095244699999967, 34.6896094 ] } },
{ "type": "Feature", "properties": { "内容": "特別養護老人ホーム　離宮しあわせ荘【介護老人福祉施設】神戸市須磨区離宮西町２丁目２番３号", "url": "https://www.kaigokensaku.mhlw.go.jp/28/index.php?action_kouhyou_detail_004_kani=true&JigyosyoCd=2870700453-00&ServiceCd=510&Type=search", "url2": "http://www.rikyu-s.jp" }, "geometry": { "type": "Point", "coordinates": [ 135.116038, 34.6520414 ] } },
{ "type": "Feature", "properties": { "内容": "特別養護老人ホーム　須磨シニアコミュニティ【介護老人福祉施設】神戸市須磨区外浜町３－３－１８", "url": "https://www.kaigokensaku.mhlw.go.jp/28/index.php?action_kouhyou_detail_004_kani=true&JigyosyoCd=2870701329-00&ServiceCd=510&Type=search", "url2": "http://www.yoneda-hospital.com/suma/" }, "geometry": { "type": "Point", "coordinates": [ 135.1352726, 34.6431617 ] } },
{ "type": "Feature", "properties": { "内容": "特別養護老人ホーム　宙カミーノ【介護老人福祉施設】兵庫県神戸市須磨区神の谷５－２－２", "url": "https://www.kaigokensaku.mhlw.go.jp/28/index.php?action_kouhyou_detail_004_kani=true&JigyosyoCd=2870702038-00&ServiceCd=510&Type=search", "url2": "http://soracamino.com/" }, "geometry": { "type": "Point", "coordinates": [ 135.084762400000045, 34.6892315 ] } },
{ "type": "Feature", "properties": { "内容": "KOBE須磨きらくえん【介護老人福祉施設】神戸市須磨区車字菅ノ池1351-14", "url": "https://www.kaigokensaku.mhlw.go.jp/28/index.php?action_kouhyou_detail_004_kani=true&JigyosyoCd=2870702343-00&ServiceCd=510&Type=search", "url2": "http://www.kirakuen.or.jp/" }, "geometry": { "type": "Point", "coordinates": [ 135.10946, 34.681738199999955 ] } },
{ "type": "Feature", "properties": { "内容": "特別養護老人ホーム鈴蘭台西【介護老人福祉施設】兵庫県神戸市北区鳴子3丁目１番", "url": "https://www.kaigokensaku.mhlw.go.jp/28/index.php?action_kouhyou_detail_004_kani=true&JigyosyoCd=2875004208-00&ServiceCd=510&Type=search", "url2": "https://asukafukushikai.com/" }, "geometry": { "type": "Point", "coordinates": [ 135.127528, 34.7255529 ] } },
{ "type": "Feature", "properties": { "内容": "特別養護老人ホーム須磨浦の里【介護老人福祉施設】神戸市須磨区一ノ谷町３丁目３番２１号", "url": "https://www.kaigokensaku.mhlw.go.jp/28/index.php?action_kouhyou_detail_004_kani=true&JigyosyoCd=2870700834-00&ServiceCd=510&Type=search", "url2": "http:sumauranosato.jp" }, "geometry": { "type": "Point", "coordinates": [ 135.101275799999939, 34.6404897 ] } },
{ "type": "Feature", "properties": { "内容": "特別養護老人ホーム　桃山台ホーム【介護老人福祉施設】神戸市垂水区桃山台5丁目1139番地3", "url": "https://www.kaigokensaku.mhlw.go.jp/28/index.php?action_kouhyou_detail_004_kani=true&JigyosyoCd=2870800246-00&ServiceCd=510&Type=search", "url2": "http://www.momoyamadaihome.jp/" }, "geometry": { "type": "Point", "coordinates": [ 135.085229499999969, 34.6570488 ] } },
{ "type": "Feature", "properties": { "内容": "本多聞ケアホーム【介護老人福祉施設】神戸市垂水区本多聞７－２－２", "url": "https://www.kaigokensaku.mhlw.go.jp/28/index.php?action_kouhyou_detail_004_kani=true&JigyosyoCd=2870800253-00&ServiceCd=510&Type=search", "url2": "http://hontamon.jp/" }, "geometry": { "type": "Point", "coordinates": [ 135.043058200000019, 34.6518323 ] } },
{ "type": "Feature", "properties": { "内容": "特別養護老人ホーム　ファボール星陵【介護老人福祉施設】神戸市垂水区星陵台４丁目４番４３号", "url": "https://www.kaigokensaku.mhlw.go.jp/28/index.php?action_kouhyou_detail_004_kani=true&JigyosyoCd=2870800394-00&ServiceCd=510&Type=search", "url2": "http://kyowakai.main.jp/" }, "geometry": { "type": "Point", "coordinates": [ 135.048135699999989, 34.6476913 ] } },
{ "type": "Feature", "properties": { "内容": "特別養護老人ホームふるさと【介護老人福祉施設】兵庫県神戸市垂水区塩屋町6丁目38番8号", "url": "https://www.kaigokensaku.mhlw.go.jp/28/index.php?action_kouhyou_detail_004_kani=true&JigyosyoCd=2870800493-00&ServiceCd=510&Type=search", "url2": "http://www.tokuyo-furusato.or.jp/" }, "geometry": { "type": "Point", "coordinates": [ 135.073928300000034, 34.6361596 ] } },
{ "type": "Feature", "properties": { "内容": "介護老人福祉施設　舞子台ホーム【介護老人福祉施設】兵庫県神戸市垂水区舞子台７丁目２番１号", "url": "https://www.kaigokensaku.mhlw.go.jp/28/index.php?action_kouhyou_detail_004_kani=true&JigyosyoCd=2870800568-00&ServiceCd=510&Type=search", "url2": "http://maikodaihome.jp" }, "geometry": { "type": "Point", "coordinates": [ 135.042006379237364, 34.639862424166445 ] } },
{ "type": "Feature", "properties": { "内容": "特別養護老人ホーム　メープルホーム【介護老人福祉施設】兵庫県神戸市垂水区名谷町大谷１９０５－1特別養護老人ホームメープルホーム", "url": "https://www.kaigokensaku.mhlw.go.jp/28/index.php?action_kouhyou_detail_004_kani=true&JigyosyoCd=2870802069-00&ServiceCd=510&Type=search", "url2": "http://haganosato.jp" }, "geometry": { "type": "Point", "coordinates": [ 135.06992493505706, 34.664015139305249 ] } },
{ "type": "Feature", "properties": { "内容": "特別養護老人ホーム塩屋さくら苑【介護老人福祉施設】神戸市垂水区塩屋町4丁目25-11", "url": "https://www.kaigokensaku.mhlw.go.jp/28/index.php?action_kouhyou_detail_004_kani=true&JigyosyoCd=2870802077-00&ServiceCd=510&Type=search", "url2": "https://kobechuofukusikai.net/shioyasakuraen/" }, "geometry": { "type": "Point", "coordinates": [ 135.080416600000035, 34.6367151 ] } },
{ "type": "Feature", "properties": { "内容": "ケアホーム神戸垂水ちどり【介護老人福祉施設】高丸6丁目7番2号", "url": "https://www.kaigokensaku.mhlw.go.jp/28/index.php?action_kouhyou_detail_004_kani=true&JigyosyoCd=2870804164-00&ServiceCd=510&Type=search", "url2": "https://www.chidori.or.jp" }, "geometry": { "type": "Point", "coordinates": [ 135.056132899999966, 34.6400909 ] } },
{ "type": "Feature", "properties": { "内容": "特別養護老人ホーム　オービーホーム高丸【介護老人福祉施設】兵庫県神戸市垂水区上高丸３丁目７－２２", "url": "https://www.kaigokensaku.mhlw.go.jp/28/index.php?action_kouhyou_detail_004_kani=true&JigyosyoCd=2870804214-00&ServiceCd=510&Type=search", "url2": "http://obh2525.or.jp" }, "geometry": { "type": "Point", "coordinates": [ 135.05379880000001, 34.6459193 ] } },
{ "type": "Feature", "properties": { "内容": "特別養護老人ホーム　オービーホーム【介護老人福祉施設】兵庫県神戸市垂水区名谷町字猿倉２７３－７", "url": "https://www.kaigokensaku.mhlw.go.jp/28/index.php?action_kouhyou_detail_004_kani=true&JigyosyoCd=2870800238-00&ServiceCd=510&Type=search", "url2": "http://www.obh2525.or.jp" }, "geometry": { "type": "Point", "coordinates": [ 135.063171946557645, 34.649793566149725 ] } },
{ "type": "Feature", "properties": { "内容": "特別養護老人ホームオレンジ神戸弐番館【介護老人福祉施設】兵庫県神戸市垂水区美山台3丁目18-12特別養護老人ホームオレンジ神戸Duo", "url": "https://www.kaigokensaku.mhlw.go.jp/28/index.php?action_kouhyou_detail_004_kani=true&JigyosyoCd=2870804644-00&ServiceCd=510&Type=search", "url2": "https://orangegroup-swc.com/" }, "geometry": { "type": "Point", "coordinates": [ 135.070170700000034, 34.64665514483665 ] } },
{ "type": "Feature", "properties": { "内容": "介護老人福祉施設　エクレ小束台【介護老人福祉施設】兵庫県神戸市垂水区小束台868-1134", "url": "https://www.kaigokensaku.mhlw.go.jp/28/index.php?action_kouhyou_detail_004_kani=true&JigyosyoCd=2870803794-00&ServiceCd=510&Type=search", "url2": "www.kouyukai.jp" }, "geometry": { "type": "Point", "coordinates": [ 135.054463413491817, 34.673275546994873 ] } },
{ "type": "Feature", "properties": { "内容": "特別養護老人ホームオレンジ神戸Ｄｕｏ【介護老人福祉施設】兵庫県神戸市垂水区美山台3丁目18-12特別養護老人ホームオレンジ神戸Ｄｕｏ", "url": "https://www.kaigokensaku.mhlw.go.jp/28/index.php?action_kouhyou_detail_004_kani=true&JigyosyoCd=2870804636-00&ServiceCd=510&Type=search", "url2": "https://orangegroup-swc.com/" }, "geometry": { "type": "Point", "coordinates": [ 135.0701707, 34.6466066 ] } },
{ "type": "Feature", "properties": { "内容": "さん舞子神港園いこいの家【介護老人福祉施設】兵庫県神戸市垂水区五色山７丁目１２－３８", "url": "https://www.kaigokensaku.mhlw.go.jp/28/index.php?action_kouhyou_detail_004_kani=true&JigyosyoCd=2870803398-00&ServiceCd=510&Type=search", "url2": "http://www.shinkouen.or.jp" }, "geometry": { "type": "Point", "coordinates": [ 135.039708799999971, 34.6301236 ] } },
{ "type": "Feature", "properties": { "内容": "特別養護老人ホームオレンジ神戸【介護老人福祉施設】兵庫県神戸市垂水区舞子台4丁目9ー11特別養護老人ホームオレンジ神戸", "url": "https://www.kaigokensaku.mhlw.go.jp/28/index.php?action_kouhyou_detail_004_kani=true&JigyosyoCd=2870804115-00&ServiceCd=510&Type=search", "url2": "orangegroup-swc.com" }, "geometry": { "type": "Point", "coordinates": [ 135.0372989, 34.6389586 ] } },
{ "type": "Feature", "properties": { "内容": "特別養護老人ホーム　六甲の館【介護老人福祉施設】兵庫県神戸市北区山田町小部字妙賀山13番地17", "url": "https://www.kaigokensaku.mhlw.go.jp/28/index.php?action_kouhyou_detail_004_kani=true&JigyosyoCd=2875000057-00&ServiceCd=510&Type=search", "url2": "http://rokko-yakata.jp/" }, "geometry": { "type": "Point", "coordinates": [ 135.166921099999968, 34.7366134 ] } },
{ "type": "Feature", "properties": { "内容": "大池サンホーム【介護老人福祉施設】神戸市北区山田町上谷上字ヤンゲン３番地", "url": "https://www.kaigokensaku.mhlw.go.jp/28/index.php?action_kouhyou_detail_004_kani=true&JigyosyoCd=2875000289-00&ServiceCd=510&Type=search", "url2": "http://www.ooikesunhome.com/" }, "geometry": { "type": "Point", "coordinates": [ 135.193768099999943, 34.7768643 ] } },
{ "type": "Feature", "properties": { "内容": "社会福祉法人　神港園　　　　　神港園しあわせの家【介護老人福祉施設】神戸市北区しあわせの村１番10号", "url": "https://www.kaigokensaku.mhlw.go.jp/28/index.php?action_kouhyou_detail_004_kani=true&JigyosyoCd=2875000305-00&ServiceCd=510&Type=search", "url2": "http://www.shinkouen.or.jp" }, "geometry": { "type": "Point", "coordinates": [ 135.113166369558712, 34.704708230587407 ] } },
{ "type": "Feature", "properties": { "内容": "特別養護老人ホーム八多の里【介護老人福祉施設】神戸市北区八多町中６８１番地", "url": "https://www.kaigokensaku.mhlw.go.jp/28/index.php?action_kouhyou_detail_004_kani=true&JigyosyoCd=2875000339-00&ServiceCd=510&Type=search", "url2": "http://www.hatanosato.or.jp/" }, "geometry": { "type": "Point", "coordinates": [ 135.213251899999932, 34.8501266 ] } },
{ "type": "Feature", "properties": { "内容": "特別養護老人ホーム　やすらぎの里道場【介護老人福祉施設】神戸市北区道場町塩田３０８０番地", "url": "https://www.kaigokensaku.mhlw.go.jp/28/index.php?action_kouhyou_detail_004_kani=true&JigyosyoCd=2875000347-00&ServiceCd=510&Type=search", "url2": "http://www.syobikai.or.jp" }, "geometry": { "type": "Point", "coordinates": [ 135.245451600000024, 34.8721919 ] } },
{ "type": "Feature", "properties": { "内容": "特別養護老人ホームやすらぎの里神戸赤松台【介護老人福祉施設】神戸市北区赤松台1丁目1番77号", "url": "https://www.kaigokensaku.mhlw.go.jp/28/index.php?action_kouhyou_detail_004_kani=true&JigyosyoCd=2875002921-00&ServiceCd=510&Type=search", "url2": "http://www.syobikai.or.jp" }, "geometry": { "type": "Point", "coordinates": [ 135.180035116394038, 34.874390479404475 ] } },
{ "type": "Feature", "properties": { "内容": "神港園しあわせの家【介護老人福祉施設】兵庫県神戸市北区しあわせの村１番10号", "url": "https://www.kaigokensaku.mhlw.go.jp/28/index.php?action_kouhyou_detail_004_kani=true&JigyosyoCd=2875003077-00&ServiceCd=510&Type=search", "url2": "http://www.shinkouen.or.jp" }, "geometry": { "type": "Point", "coordinates": [ 135.113082732124326, 34.705297385333218 ] } },
{ "type": "Feature", "properties": { "内容": "特別養護老人ホーム　駒どりの郷【介護老人福祉施設】兵庫県神戸市北区西大池2丁目7-41特別養護老人ホーム駒どりの郷", "url": "https://www.kaigokensaku.mhlw.go.jp/28/index.php?action_kouhyou_detail_004_kani=true&JigyosyoCd=2875003374-00&ServiceCd=510&Type=search", "url2": "http://komadory.com" }, "geometry": { "type": "Point", "coordinates": [ 135.196255761515772, 34.774567501847272 ] } },
{ "type": "Feature", "properties": { "内容": "特別養護老人ホームひよどりホーム【介護老人福祉施設】兵庫県神戸市北区ひよどり北町3丁目2番地", "url": "https://www.kaigokensaku.mhlw.go.jp/28/index.php?action_kouhyou_detail_004_kani=true&JigyosyoCd=2875003465-00&ServiceCd=510&Type=search", "url2": "http://www.yasuragi-swc.or.jp/hiyodori/" }, "geometry": { "type": "Point", "coordinates": [ 135.119683399999985, 34.7086297 ] } },
{ "type": "Feature", "properties": { "内容": "特別養護老人ホームひよどりホーム【介護老人福祉施設】兵庫県神戸市北区ひよどり北町3丁目2番地", "url": "https://www.kaigokensaku.mhlw.go.jp/28/index.php?action_kouhyou_detail_004_kani=true&JigyosyoCd=2875003473-00&ServiceCd=510&Type=search", "url2": "http://www.yasuragi-swc.or.jp/hiyodori/" }, "geometry": { "type": "Point", "coordinates": [ 135.119973078573622, 34.708537092797791 ] } },
{ "type": "Feature", "properties": { "内容": "介護老人福祉施設　カトレア鈴蘭台【介護老人福祉施設】兵庫県神戸市北区鈴蘭台北町1丁目21－10", "url": "https://www.kaigokensaku.mhlw.go.jp/28/index.php?action_kouhyou_detail_004_kani=true&JigyosyoCd=2875003606-00&ServiceCd=510&Type=search", "url2": "https://www.imwg.or.jp/katoreasuzurandai/" }, "geometry": { "type": "Point", "coordinates": [ 135.148094899999933, 34.7254812 ] } },
{ "type": "Feature", "properties": { "内容": "特別養護老人ホーム　さつき園【介護老人福祉施設】兵庫県神戸市北区山田町小部字杉ノ木３番地の２", "url": "https://www.kaigokensaku.mhlw.go.jp/28/index.php?action_kouhyou_detail_004_kani=true&JigyosyoCd=2875000511-00&ServiceCd=510&Type=search", "url2": "http://www.yasuragi-swc.or.jp" }, "geometry": { "type": "Point", "coordinates": [ 135.16113, 34.7285311 ] } },
{ "type": "Feature", "properties": { "内容": "特別養護老人ホーム　さくらガーデン【介護老人福祉施設】神戸市北区長尾町上津４５６８－６", "url": "https://www.kaigokensaku.mhlw.go.jp/28/index.php?action_kouhyou_detail_004_kani=true&JigyosyoCd=2875004034-00&ServiceCd=510&Type=search", "url2": "http://aijukai.org" }, "geometry": { "type": "Point", "coordinates": [ 135.168087175867981, 34.888732662074993 ] } },
{ "type": "Feature", "properties": { "内容": "特別養護老人ホームふじの里【介護老人福祉施設】兵庫県神戸市北区藤原台中町5丁目1番2号", "url": "https://www.kaigokensaku.mhlw.go.jp/28/index.php?action_kouhyou_detail_004_kani=true&JigyosyoCd=2875000321-00&ServiceCd=510&Type=search", "url2": "http://fujinosato.info/" }, "geometry": { "type": "Point", "coordinates": [ 135.214662800000042, 34.8225235 ] } },
{ "type": "Feature", "properties": { "内容": "特別養護老人ホーム　万寿の家【介護老人福祉施設】神戸市北区鳴子3丁目1－18", "url": "https://www.kaigokensaku.mhlw.go.jp/28/index.php?action_kouhyou_detail_004_kani=true&JigyosyoCd=2875003952-00&ServiceCd=510&Type=search", "url2": "https://www.manjyunoie.com" }, "geometry": { "type": "Point", "coordinates": [ 135.128515052917464, 34.725993795015683 ] } },
{ "type": "Feature", "properties": { "内容": "特別養護老人ホーム恵風園【介護老人福祉施設】兵庫県神戸市北区山田町小部字惣六畑山8番地88", "url": "https://www.kaigokensaku.mhlw.go.jp/28/index.php?action_kouhyou_detail_004_kani=true&JigyosyoCd=2875003440-00&ServiceCd=510&Type=search", "url2": "http://www.yasuragi-swc.or.jp/keihuen/" }, "geometry": { "type": "Point", "coordinates": [ 135.1607798, 34.7366273 ] } },
{ "type": "Feature", "properties": { "内容": "特別養護老人ホーム　つくし園【介護老人福祉施設】兵庫県神戸市北区山田町東下字野田南30", "url": "https://www.kaigokensaku.mhlw.go.jp/28/index.php?action_kouhyou_detail_004_kani=true&JigyosyoCd=2875000313-00&ServiceCd=510&Type=search", "url2": "http://www.yasuragi-swc.or.jp" }, "geometry": { "type": "Point", "coordinates": [ 135.113713800000028, 34.7639487 ] } },
{ "type": "Feature", "properties": { "内容": "特別養護老人ホーム　オリンピア【介護老人福祉施設】兵庫県神戸市中央区生田町1丁目２－３２", "url": "https://www.kaigokensaku.mhlw.go.jp/28/index.php?action_kouhyou_detail_004_kani=true&JigyosyoCd=2875100394-00&ServiceCd=510&Type=search", "url2": "http://www.olympia.or.jp" }, "geometry": { "type": "Point", "coordinates": [ 135.196428581614668, 34.703729640504008 ] } },
{ "type": "Feature", "properties": { "内容": "ケアポート神戸【介護老人福祉施設】兵庫県神戸市中央区脇浜海岸通3-2-6", "url": "https://www.kaigokensaku.mhlw.go.jp/28/index.php?action_kouhyou_detail_004_kani=true&JigyosyoCd=2875100410-00&ServiceCd=510&Type=search", "url2": "http://www.yasuragi-swc.or.jp/careport/index.html" }, "geometry": { "type": "Point", "coordinates": [ 135.207235, 34.6953605 ] } },
{ "type": "Feature", "properties": { "内容": "社会福祉法人明倫福祉会　介護老人福祉施設　ぽー愛【介護老人福祉施設】兵庫県神戸市中央区港島中町５－２", "url": "https://www.kaigokensaku.mhlw.go.jp/28/index.php?action_kouhyou_detail_004_kani=true&JigyosyoCd=2875100931-00&ServiceCd=510&Type=search", "url2": "http//:www.meirinfukushi.or.jp" }, "geometry": { "type": "Point", "coordinates": [ 135.209130100000039, 34.6638886 ] } },
{ "type": "Feature", "properties": { "内容": "特別養護老人ホーム　真愛ホーム【介護老人福祉施設】兵庫県神戸市中央区日暮通5-5-8", "url": "https://www.kaigokensaku.mhlw.go.jp/28/index.php?action_kouhyou_detail_004_kani=true&JigyosyoCd=2875100386-00&ServiceCd=510&Type=search", "url2": "https://www.shin-ai.biz/" }, "geometry": { "type": "Point", "coordinates": [ 135.2033607, 34.6985446 ] } },
{ "type": "Feature", "properties": { "内容": "特別養護老人ホーム山手さくら苑【介護老人福祉施設】神戸市中央区下山手通7丁目１番１６号", "url": "https://www.kaigokensaku.mhlw.go.jp/28/index.php?action_kouhyou_detail_004_kani=true&JigyosyoCd=2875101004-00&ServiceCd=510&Type=search", "url2": "http://kobechuofukusikai.net" }, "geometry": { "type": "Point", "coordinates": [ 135.178941715344308, 34.688164820519617 ] } },
{ "type": "Feature", "properties": { "内容": "神戸海岸特養ケアセンター　特別養護老人ホーム【介護老人福祉施設】神戸市中央区磯辺通1丁目1-28", "url": "https://www.kaigokensaku.mhlw.go.jp/28/index.php?action_kouhyou_detail_004_kani=true&JigyosyoCd=2875102788-00&ServiceCd=510&Type=search", "url2": "http://www.kobekaigan-tokuyou.com/index.html" }, "geometry": { "type": "Point", "coordinates": [ 135.200277803041075, 34.690865748667321 ] } },
{ "type": "Feature", "properties": { "内容": "特別養護老人ホーム　萬寿園【介護老人福祉施設】兵庫県神戸市西区神出町小束野５８番地の９２特別養護老人ホーム　萬寿園", "url": "https://www.kaigokensaku.mhlw.go.jp/28/index.php?action_kouhyou_detail_004_kani=true&JigyosyoCd=2875200137-00&ServiceCd=510&Type=search", "url2": "https://www.kobe-manjuen.or.jp/" }, "geometry": { "type": "Point", "coordinates": [ 134.987683100000027, 34.77246 ] } },
{ "type": "Feature", "properties": { "内容": "神港園シルビアホーム【介護老人福祉施設】神戸市西区神出町東1188-345", "url": "https://www.kaigokensaku.mhlw.go.jp/28/index.php?action_kouhyou_detail_004_kani=true&JigyosyoCd=2875200301-00&ServiceCd=510&Type=search", "url2": "http://www.shinkouen.or.jp" }, "geometry": { "type": "Point", "coordinates": [ 135.0197025, 34.7572867 ] } },
{ "type": "Feature", "properties": { "内容": "特別養護老人ホーム永栄園【介護老人福祉施設】神戸市西区伊川谷町長坂800番地", "url": "https://www.kaigokensaku.mhlw.go.jp/28/index.php?action_kouhyou_detail_004_kani=true&JigyosyoCd=2875200319-00&ServiceCd=510&Type=search", "url2": "http://www.kobe-fukuseikai.com" }, "geometry": { "type": "Point", "coordinates": [ 135.033517, 34.6721852 ] } },
{ "type": "Feature", "properties": { "内容": "特別養護法人ホーム　透鹿園【介護老人福祉施設】兵庫県神戸市西区平野町常本309-5", "url": "https://www.kaigokensaku.mhlw.go.jp/28/index.php?action_kouhyou_detail_004_kani=true&JigyosyoCd=2875200327-00&ServiceCd=510&Type=search", "url2": "http://www.hakuyusya.jp/" }, "geometry": { "type": "Point", "coordinates": [ 134.984109399999966, 34.721135 ] } },
{ "type": "Feature", "properties": { "内容": "特別養護老人ホーム　花園ホーム【介護老人福祉施設】兵庫県神戸市西区平野町慶明字花岡77", "url": "https://www.kaigokensaku.mhlw.go.jp/28/index.php?action_kouhyou_detail_004_kani=true&JigyosyoCd=2875200335-00&ServiceCd=510&Type=search", "url2": "http://hanazono-h.com/links.html" }, "geometry": { "type": "Point", "coordinates": [ 134.984348599999947, 34.6919575 ] } },
{ "type": "Feature", "properties": { "内容": "特別養護老人ホーム　サンホーム神戸西【介護老人福祉施設】神戸市西区平野町印路８８７－８", "url": "https://www.kaigokensaku.mhlw.go.jp/28/index.php?action_kouhyou_detail_004_kani=true&JigyosyoCd=2875200343-00&ServiceCd=510&Type=search", "url2": "http://www.kobe-hinode.or.jp" }, "geometry": { "type": "Point", "coordinates": [ 134.9649723, 34.7166021 ] } },
{ "type": "Feature", "properties": { "内容": "特別養護老人ホーム　大慈弥勒園【介護老人福祉施設】神戸市西区櫨谷町長谷13-1", "url": "https://www.kaigokensaku.mhlw.go.jp/28/index.php?action_kouhyou_detail_004_kani=true&JigyosyoCd=2875200350-00&ServiceCd=510&Type=search", "url2": "http://www.daijien.com" }, "geometry": { "type": "Point", "coordinates": [ 135.023739100000057, 34.7057512 ] } },
{ "type": "Feature", "properties": { "内容": "特別養護老人ホーム　サンビラこうべ【介護老人福祉施設】兵庫県神戸市西区神出町宝勢774番地の39特別養護老人ホーム　サンビラこうべ", "url": "https://www.kaigokensaku.mhlw.go.jp/28/index.php?action_kouhyou_detail_004_kani=true&JigyosyoCd=2875200673-00&ServiceCd=510&Type=search", "url2": "https://www.ontoku.or.jp/facilities/sunvilla-home/" }, "geometry": { "type": "Point", "coordinates": [ 134.972543800000039, 34.7291482 ] } },
{ "type": "Feature", "properties": { "内容": "特別養護老人ホーム西神の里【介護老人福祉施設】兵庫県神戸市西区岩岡町古郷２８８８番地", "url": "https://www.kaigokensaku.mhlw.go.jp/28/index.php?action_kouhyou_detail_004_kani=true&JigyosyoCd=2875200863-00&ServiceCd=510&Type=search", "url2": "http://www.seishinnosato.jp/" }, "geometry": { "type": "Point", "coordinates": [ 134.923089299999987, 34.7253041 ] } },
{ "type": "Feature", "properties": { "内容": "特別養護老人ﾎｰﾑ　ラグナケア春日台【介護老人福祉施設】神戸市西区春日台７丁目４５番２号", "url": "https://www.kaigokensaku.mhlw.go.jp/28/index.php?action_kouhyou_detail_004_kani=true&JigyosyoCd=2875203198-00&ServiceCd=510&Type=search", "url2": "http://houonkai.jp/" }, "geometry": { "type": "Point", "coordinates": [ 134.990761600000042, 34.7086779 ] } },
{ "type": "Feature", "properties": { "内容": "特別養護老人ホーム　大慈智音園【介護老人福祉施設】玉津町今津364-61大慈智音園", "url": "https://www.kaigokensaku.mhlw.go.jp/28/index.php?action_kouhyou_detail_004_kani=true&JigyosyoCd=2875204196-00&ServiceCd=510&Type=search", "url2": "http://www.daijien.com" }, "geometry": { "type": "Point", "coordinates": [ 134.993345500000032, 34.6778314 ] } },
{ "type": "Feature", "properties": { "内容": "特別養護老人ホーム　三芳苑【介護老人福祉施設】兵庫県神戸市西区伊川谷町潤和1447‐1", "url": "https://www.kaigokensaku.mhlw.go.jp/28/index.php?action_kouhyou_detail_004_kani=true&JigyosyoCd=2875204329-00&ServiceCd=510&Type=search", "url2": "http://www.syofukai.jp" }, "geometry": { "type": "Point", "coordinates": [ 135.00400030000003, 34.662919 ] } },
{ "type": "Feature", "properties": { "内容": "特別養護老人ホームときわ【介護老人福祉施設】兵庫県神戸市西区前開南町２丁目１番１２号", "url": "https://www.kaigokensaku.mhlw.go.jp/28/index.php?action_kouhyou_detail_004_kani=true&JigyosyoCd=2875204709-00&ServiceCd=510&Type=search", "url2": "https://kobe-senshinkai.or.jp/senshinkai/" }, "geometry": { "type": "Point", "coordinates": [ 135.047048, 34.685647 ] } },
{ "type": "Feature", "properties": { "内容": "特別養護老人ホーム岩岡の郷【介護老人福祉施設】神戸市西区岩岡町岩岡656-2", "url": "https://www.kaigokensaku.mhlw.go.jp/28/index.php?action_kouhyou_detail_004_kani=true&JigyosyoCd=2875205078-00&ServiceCd=510&Type=search", "url2": "https://www.chikusakai.jp/" }, "geometry": { "type": "Point", "coordinates": [ 134.9465519, 34.7171792 ] } },
{ "type": "Feature", "properties": { "内容": "特別養護老人ホーム櫻ホーム西神【介護老人福祉施設】兵庫県神戸市西区月が丘1丁目41-12", "url": "https://www.kaigokensaku.mhlw.go.jp/28/index.php?action_kouhyou_detail_004_kani=true&JigyosyoCd=2875204873-00&ServiceCd=510&Type=search", "url2": "https://seishin.sakuradani-fukushikai.com/" }, "geometry": { "type": "Point", "coordinates": [ 135.051795111639422, 34.756103684071121 ] } },
{ "type": "Feature", "properties": { "内容": "特別養護老人ホーム　神出シニアコミュニティ【介護老人福祉施設】兵庫県神戸市西区神出町南字谷畑３６８－１１９", "url": "https://www.kaigokensaku.mhlw.go.jp/28/index.php?action_kouhyou_detail_004_kani=true&JigyosyoCd=2875200368-00&ServiceCd=510&Type=search", "url2": "http://www.yoneda-hpspital.com/" }, "geometry": { "type": "Point", "coordinates": [ 134.998774300000036, 34.7441994 ] } },
{ "type": "Feature", "properties": { "内容": "特別養護老人ホームあおやま【介護老人福祉施設】兵庫県姫路市青山西5丁目8‐48", "url": "https://www.kaigokensaku.mhlw.go.jp/28/index.php?action_kouhyou_detail_004_kani=true&JigyosyoCd=2874008655-00&ServiceCd=510&Type=search", "url2": "http://www.hakuchokai.or.jp/tokuyo_aoyama/index.html" }, "geometry": { "type": "Point", "coordinates": [ 134.623958499999958, 34.8414229 ] } },
{ "type": "Feature", "properties": { "内容": "特別養護老人ホーム光寿園【介護老人福祉施設】兵庫県姫路市夢前町塩田　118番地1", "url": "https://www.kaigokensaku.mhlw.go.jp/28/index.php?action_kouhyou_detail_004_kani=true&JigyosyoCd=2873500066-00&ServiceCd=510&Type=search", "url2": "http://koujyu-en.com/" }, "geometry": { "type": "Point", "coordinates": [ 134.686326207965067, 34.948325332259884 ] } },
{ "type": "Feature", "properties": { "内容": "特別養護老人ホーム汐里【介護老人福祉施設】姫路市的形町的形1768-28特別養護老人ホーム汐里", "url": "https://www.kaigokensaku.mhlw.go.jp/28/index.php?action_kouhyou_detail_004_kani=true&JigyosyoCd=2874010800-00&ServiceCd=510&Type=search", "url2": "www.ontoku.or.jp" }, "geometry": { "type": "Point", "coordinates": [ 134.7418745, 34.7780689 ] } },
{ "type": "Feature", "properties": { "内容": "特別養護老人ホームサンライフ土山【介護老人福祉施設】兵庫県姫路市土山東の町9番12号", "url": "https://www.kaigokensaku.mhlw.go.jp/28/index.php?action_kouhyou_detail_004_kani=true&JigyosyoCd=2874007665-00&ServiceCd=510&Type=search", "url2": "https://sasayurikai.or.jp/facility/tsuchiyama-tokuyo/" }, "geometry": { "type": "Point", "coordinates": [ 134.677664099999987, 34.8325191 ] } },
{ "type": "Feature", "properties": { "内容": "特別養護老人ホーム　白鳥園【介護老人福祉施設】姫路市林田町久保１６１番地の２", "url": "https://www.kaigokensaku.mhlw.go.jp/28/index.php?action_kouhyou_detail_004_kani=true&JigyosyoCd=2874000546-00&ServiceCd=510&Type=search", "url2": "http://www.h-fukushi.com" }, "geometry": { "type": "Point", "coordinates": [ 134.581882136245667, 34.900740380577886 ] } },
{ "type": "Feature", "properties": { "内容": "特別養護老人ホーム　あさなぎ【介護老人福祉施設】兵庫県姫路市白浜町乙836番地", "url": "https://www.kaigokensaku.mhlw.go.jp/28/index.php?action_kouhyou_detail_004_kani=true&JigyosyoCd=2874000587-00&ServiceCd=510&Type=search", "url2": "http://aiwahp.or.jp/asanagi/" }, "geometry": { "type": "Point", "coordinates": [ 134.710428399999955, 34.7876106 ] } },
{ "type": "Feature", "properties": { "内容": "特別養護老人ホーム　しかまの里【介護老人福祉施設】姫路市飾磨区阿所成植木960番地", "url": "https://www.kaigokensaku.mhlw.go.jp/28/index.php?action_kouhyou_detail_004_kani=true&JigyosyoCd=2874001460-00&ServiceCd=510&Type=search", "url2": "http://www.shikamanosato.com" }, "geometry": { "type": "Point", "coordinates": [ 134.674849, 34.799798 ] } },
{ "type": "Feature", "properties": { "内容": "特別養護老人ホームキャッシル真和【介護老人福祉施設】兵庫県姫路市山田町西山田726-1", "url": "https://www.kaigokensaku.mhlw.go.jp/28/index.php?action_kouhyou_detail_004_kani=true&JigyosyoCd=2874000637-00&ServiceCd=510&Type=search", "url2": "http://www.casil.or.jp" }, "geometry": { "type": "Point", "coordinates": [ 134.772683499999971, 34.9057619 ] } },
{ "type": "Feature", "properties": { "内容": "特別養護老人ホーム　美郷苑【介護老人福祉施設】兵庫県姫路市四郷町坂元44番地1", "url": "https://www.kaigokensaku.mhlw.go.jp/28/index.php?action_kouhyou_detail_004_kani=true&JigyosyoCd=2874009067-00&ServiceCd=510&Type=search", "url2": "https://himeji-fukujyukai.jp" }, "geometry": { "type": "Point", "coordinates": [ 134.72275680000007, 34.8138078 ] } },
{ "type": "Feature", "properties": { "内容": "特別養護老人ホーム　大津みやび野ホーム【介護老人福祉施設】兵庫県姫路市大津区大津町一丁目31-111大津みやび野ホーム", "url": "https://www.kaigokensaku.mhlw.go.jp/28/index.php?action_kouhyou_detail_004_kani=true&JigyosyoCd=2874007673-00&ServiceCd=510&Type=search", "url2": "http://www.katuhara.or.jp/top.html" }, "geometry": { "type": "Point", "coordinates": [ 134.611016879098514, 34.80545938456423 ] } },
{ "type": "Feature", "properties": { "内容": "特別養護老人ホーム　清住園【介護老人福祉施設】兵庫県姫路市飾東町清住555", "url": "https://www.kaigokensaku.mhlw.go.jp/28/index.php?action_kouhyou_detail_004_kani=true&JigyosyoCd=2874000595-00&ServiceCd=510&Type=search", "url2": "http://www.kiyosumien/jp" }, "geometry": { "type": "Point", "coordinates": [ 134.775634599999989, 34.8494909 ] } },
{ "type": "Feature", "properties": { "内容": "特別養護老人ホーム　あじさいホーム【介護老人福祉施設】兵庫県姫路市安富町植木野426-64", "url": "https://www.kaigokensaku.mhlw.go.jp/28/index.php?action_kouhyou_detail_004_kani=true&JigyosyoCd=2874009703-00&ServiceCd=510&Type=search", "url2": "http://www.ajisai.or.jp/" }, "geometry": { "type": "Point", "coordinates": [ 134.587999200000013, 34.9660502 ] } },
{ "type": "Feature", "properties": { "内容": "特別養護老人ホーム　いえしまホーム【介護老人福祉施設】兵庫県姫路市家島町真浦２１０１番地４１", "url": "https://www.kaigokensaku.mhlw.go.jp/28/index.php?action_kouhyou_detail_004_kani=true&JigyosyoCd=2873500058-00&ServiceCd=510&Type=search", "url2": "www.aiwahp.or.jp/iesima-home/" }, "geometry": { "type": "Point", "coordinates": [ 134.52715569999998, 34.6722717 ] } },
{ "type": "Feature", "properties": { "内容": "特別養護老人ホーム　ネバーランド【介護老人福祉施設】兵庫県姫路市船津町５２７１－１６特別養護老人ホームネバーランド", "url": "https://www.kaigokensaku.mhlw.go.jp/28/index.php?action_kouhyou_detail_004_kani=true&JigyosyoCd=2874000611-00&ServiceCd=510&Type=search", "url2": "https://neverland.or.jp" }, "geometry": { "type": "Point", "coordinates": [ 134.763570774868782, 34.909974984786786 ] } },
{ "type": "Feature", "properties": { "内容": "特別養護老人ホーム　むれさき苑【介護老人福祉施設】兵庫県姫路市四郷町東阿保44番地", "url": "https://www.kaigokensaku.mhlw.go.jp/28/index.php?action_kouhyou_detail_004_kani=true&JigyosyoCd=2874000645-00&ServiceCd=510&Type=search", "url2": "http://www.syousikai.jp" }, "geometry": { "type": "Point", "coordinates": [ 134.714155, 34.8179768 ] } },
{ "type": "Feature", "properties": { "内容": "特別養護老人ホームゆめさき三清荘【介護老人福祉施設】兵庫県姫路市夢前町前之庄４５１４", "url": "https://www.kaigokensaku.mhlw.go.jp/28/index.php?action_kouhyou_detail_004_kani=true&JigyosyoCd=2874008135-00&ServiceCd=510&Type=search", "url2": "https://www.keizankai.or.jp/yumesaki/" }, "geometry": { "type": "Point", "coordinates": [ 134.6858532, 34.9747834 ] } },
{ "type": "Feature", "properties": { "内容": "特別養護老人ホーム　香照苑【介護老人福祉施設】兵庫県姫路市香寺町須加院338-506", "url": "https://www.kaigokensaku.mhlw.go.jp/28/index.php?action_kouhyou_detail_004_kani=true&JigyosyoCd=2873400200-00&ServiceCd=510&Type=search", "url2": "http://www.tokusou.or.jp" }, "geometry": { "type": "Point", "coordinates": [ 134.720818300000019, 34.9009453 ] } },
{ "type": "Feature", "properties": { "内容": "特別養護老人ホーム　志深の苑【介護老人福祉施設】兵庫県姫路市御国野町深志野1430番地", "url": "https://www.kaigokensaku.mhlw.go.jp/28/index.php?action_kouhyou_detail_004_kani=true&JigyosyoCd=2874000603-00&ServiceCd=510&Type=search", "url2": "http://sankoushi.or.jp/" }, "geometry": { "type": "Point", "coordinates": [ 134.752717399999938, 34.832648 ] } },
{ "type": "Feature", "properties": { "内容": "介護福祉施設　銀の櫂【介護老人福祉施設】兵庫県姫路市網干区興浜907-202", "url": "https://www.kaigokensaku.mhlw.go.jp/28/index.php?action_kouhyou_detail_004_kani=true&JigyosyoCd=2874001189-00&ServiceCd=510&Type=search", "url2": "http://www.e-akane.com" }, "geometry": { "type": "Point", "coordinates": [ 134.585762299999942, 34.7705284 ] } },
{ "type": "Feature", "properties": { "内容": "特別養護老人ホームサン・ビレッジ姫路【介護老人福祉施設】兵庫県姫路市町坪468", "url": "https://www.kaigokensaku.mhlw.go.jp/28/index.php?action_kouhyou_detail_004_kani=true&JigyosyoCd=2874007095-00&ServiceCd=510&Type=search", "url2": "https://sv-yumesaki.com" }, "geometry": { "type": "Point", "coordinates": [ 134.658094099999971, 34.8175459 ] } },
{ "type": "Feature", "properties": { "内容": "特別養護老人ホームしらさぎの里【介護老人福祉施設】兵庫県姫路市林田町山田351-3", "url": "https://www.kaigokensaku.mhlw.go.jp/28/index.php?action_kouhyou_detail_004_kani=true&JigyosyoCd=2874000579-00&ServiceCd=510&Type=search", "url2": "https://www.sirasagi.or.jp" }, "geometry": { "type": "Point", "coordinates": [ 134.591703, 34.9300852 ] } },
{ "type": "Feature", "properties": { "内容": "特別養護老人ホーム　サンライフ御立【介護老人福祉施設】御立東5丁目1番1号特別養護老人ホーム　サンライフ御立", "url": "https://www.kaigokensaku.mhlw.go.jp/28/index.php?action_kouhyou_detail_004_kani=true&JigyosyoCd=2874000629-00&ServiceCd=510&Type=search", "url2": "https://sasayurikai.or.jp" }, "geometry": { "type": "Point", "coordinates": [ 134.6836394, 34.8625169 ] } },
{ "type": "Feature", "properties": { "内容": "特別養護老人ホーム　ライフビラ姫路【介護老人福祉施設】兵庫県姫路市飯田3丁目44番地", "url": "https://www.kaigokensaku.mhlw.go.jp/28/index.php?action_kouhyou_detail_004_kani=true&JigyosyoCd=2874001908-00&ServiceCd=510&Type=search", "url2": "http://www.life-villa-himeji.jp" }, "geometry": { "type": "Point", "coordinates": [ 134.673226200000045, 34.8129604 ] } },
{ "type": "Feature", "properties": { "内容": "特別養護老人ホーム　泉の杜【介護老人福祉施設】兵庫県姫路市豊富町神谷3041-20", "url": "https://www.kaigokensaku.mhlw.go.jp/28/index.php?action_kouhyou_detail_004_kani=true&JigyosyoCd=2874002781-00&ServiceCd=510&Type=search", "url2": "http://www.izuminomori.com" }, "geometry": { "type": "Point", "coordinates": [ 134.781833799999959, 34.8770628 ] } },
{ "type": "Feature", "properties": { "内容": "特別養護老人ホーム夢の里【介護老人福祉施設】兵庫県姫路市夢前町戸倉1105-38", "url": "https://www.kaigokensaku.mhlw.go.jp/28/index.php?action_kouhyou_detail_004_kani=true&JigyosyoCd=2873500173-00&ServiceCd=510&Type=search", "url2": "http://www.houjyu-kai.or.jp/" }, "geometry": { "type": "Point", "coordinates": [ 134.6339345, 34.9625071 ] } },
{ "type": "Feature", "properties": { "内容": "特別養護老人ホーム　清寿園【介護老人福祉施設】兵庫県姫路市飾東町豊国210番地", "url": "https://www.kaigokensaku.mhlw.go.jp/28/index.php?action_kouhyou_detail_004_kani=true&JigyosyoCd=2874000553-00&ServiceCd=510&Type=search", "url2": "http://seijyuen.net/" }, "geometry": { "type": "Point", "coordinates": [ 134.7426127, 34.8366002 ] } },
{ "type": "Feature", "properties": { "内容": "姫路・勝原ホーム【介護老人福祉施設】姫路・勝原ホーム", "url": "https://www.kaigokensaku.mhlw.go.jp/28/index.php?action_kouhyou_detail_004_kani=true&JigyosyoCd=2874000561-00&ServiceCd=510&Type=search", "url2": "https://www.katuhara.or.jp" }, "geometry": { "type": "Point", "coordinates": [ 134.602065300000049, 34.8248714 ] } },
{ "type": "Feature", "properties": { "内容": "特別養護老人ホーム　書写ひまわりホーム【介護老人福祉施設】姫路市書写634－198", "url": "https://www.kaigokensaku.mhlw.go.jp/28/index.php?action_kouhyou_detail_004_kani=true&JigyosyoCd=2874003441-00&ServiceCd=510&Type=search", "url2": "http://himawarihome.or.jp" }, "geometry": { "type": "Point", "coordinates": [ 134.65930640000002, 34.8676921 ] } },
{ "type": "Feature", "properties": { "内容": "特別養護老人ホーム　サン・ビレッジ夢前【介護老人福祉施設】姫路市夢前町又坂４０５番地", "url": "https://www.kaigokensaku.mhlw.go.jp/28/index.php?action_kouhyou_detail_004_kani=true&JigyosyoCd=2873500280-00&ServiceCd=510&Type=search", "url2": "yumevillage@yumetv.jp" }, "geometry": { "type": "Point", "coordinates": [ 134.669740138237017, 34.924584011345495 ] } },
{ "type": "Feature", "properties": { "内容": "特別養護老人ホームこころ広畑【介護老人福祉施設】兵庫県姫路市広畑区小松町２丁目６６－２８", "url": "https://www.kaigokensaku.mhlw.go.jp/28/index.php?action_kouhyou_detail_004_kani=true&JigyosyoCd=2874003433-00&ServiceCd=510&Type=search", "url2": "https://chowafukushikai.jp" }, "geometry": { "type": "Point", "coordinates": [ 134.624530899999968, 34.8025051 ] } },
{ "type": "Feature", "properties": { "内容": "特別養護老人ホーム星陽【介護老人福祉施設】兵庫県姫路市別所町別所1131番地", "url": "https://www.kaigokensaku.mhlw.go.jp/28/index.php?action_kouhyou_detail_004_kani=true&JigyosyoCd=2874003987-00&ServiceCd=510&Type=search", "url2": "http://seiyou-himeji.jp" }, "geometry": { "type": "Point", "coordinates": [ 134.7491791, 34.7993608 ] } },
{ "type": "Feature", "properties": { "内容": "特別養護老人ホーム　ライフサポートひめじ【介護老人福祉施設】姫路市城東町竹之門６番地", "url": "https://www.kaigokensaku.mhlw.go.jp/28/index.php?action_kouhyou_detail_004_kani=true&JigyosyoCd=2874002831-00&ServiceCd=510&Type=search", "url2": "http://lifesupport-himeji.ｊｐ" }, "geometry": { "type": "Point", "coordinates": [ 134.704838800000061, 34.8374052 ] } },
{ "type": "Feature", "properties": { "内容": "山彦ホーム【介護老人福祉施設】兵庫県姫路市花田町加納原田155番地", "url": "https://www.kaigokensaku.mhlw.go.jp/28/index.php?action_kouhyou_detail_004_kani=true&JigyosyoCd=2874000538-00&ServiceCd=510&Type=search", "url2": "http://www.honkakuji-gr.or.jp/" }, "geometry": { "type": "Point", "coordinates": [ 134.723811899999987, 34.8283899 ] } },
{ "type": "Feature", "properties": { "内容": "介護老人福祉施設　なごみの里【介護老人福祉施設】姫路市大津区吉美780番地", "url": "https://www.kaigokensaku.mhlw.go.jp/28/index.php?action_kouhyou_detail_004_kani=true&JigyosyoCd=2874002252-00&ServiceCd=510&Type=search", "url2": "http://sachi-himeji.com" }, "geometry": { "type": "Point", "coordinates": [ 134.5992235, 34.7889043 ] } },
{ "type": "Feature", "properties": { "内容": "武庫之荘ホール【介護老人福祉施設】兵庫県尼崎市武庫町4丁目4番20号", "url": "https://www.kaigokensaku.mhlw.go.jp/28/index.php?action_kouhyou_detail_004_kani=true&JigyosyoCd=2873000356-00&ServiceCd=510&Type=search", "url2": "http://www.chousei.or.jp" }, "geometry": { "type": "Point", "coordinates": [ 135.377855899999986, 34.7496901 ] } },
{ "type": "Feature", "properties": { "内容": "特別養護老人ホーム　ほがらか苑【介護老人福祉施設】兵庫県尼崎市東本町４丁目１０３番１１号", "url": "https://www.kaigokensaku.mhlw.go.jp/28/index.php?action_kouhyou_detail_004_kani=true&JigyosyoCd=2873000380-00&ServiceCd=510&Type=search", "url2": "hogarakaen.or.jp" }, "geometry": { "type": "Point", "coordinates": [ 135.422099500000058, 34.7124835 ] } },
{ "type": "Feature", "properties": { "内容": "特別養護老人ホーム南野の庭【介護老人福祉施設】尼崎市富松町3-6-20", "url": "https://www.kaigokensaku.mhlw.go.jp/28/index.php?action_kouhyou_detail_004_kani=true&JigyosyoCd=2873000703-00&ServiceCd=510&Type=search", "url2": "http://www.minamino.or.jp" }, "geometry": { "type": "Point", "coordinates": [ 135.400078500000063, 34.7589062 ] } },
{ "type": "Feature", "properties": { "内容": "社会福祉法人テンダー会　特別養護老人ホーム　らくらく苑【介護老人福祉施設】兵庫県尼崎市田能４丁目２-５０", "url": "https://www.kaigokensaku.mhlw.go.jp/28/index.php?action_kouhyou_detail_004_kani=true&JigyosyoCd=2873001420-00&ServiceCd=510&Type=search", "url2": "http://www.rakurakuen.jp/" }, "geometry": { "type": "Point", "coordinates": [ 135.438669200000049, 34.7644034 ] } },
{ "type": "Feature", "properties": { "内容": "特別養護老人ホーム　北之庄らくらく苑【介護老人福祉施設】兵庫県尼崎市田能３丁目５-２８", "url": "https://www.kaigokensaku.mhlw.go.jp/28/index.php?action_kouhyou_detail_004_kani=true&JigyosyoCd=2873005710-00&ServiceCd=510&Type=search", "url2": "kitarakurakuen@yahoo.co.jp" }, "geometry": { "type": "Point", "coordinates": [ 135.438410800000042, 34.766106 ] } },
{ "type": "Feature", "properties": { "内容": "社会福祉法人ことぶき友愛会　特別養護老人ホーム百楽荘尼崎館【介護老人福祉施設】兵庫県尼崎市食満5丁目8-43", "url": "https://www.kaigokensaku.mhlw.go.jp/28/index.php?action_kouhyou_detail_004_kani=true&JigyosyoCd=2873014282-00&ServiceCd=510&Type=search", "url2": "https://fukushi-kotobuki.or.jp/" }, "geometry": { "type": "Point", "coordinates": [ 135.4402177, 34.7588512 ] } },
{ "type": "Feature", "properties": { "内容": "特別養護老人ホーム　サンホームあまがさき【介護老人福祉施設】兵庫県尼崎市大庄北3丁目15番1号", "url": "https://www.kaigokensaku.mhlw.go.jp/28/index.php?action_kouhyou_detail_004_kani=true&JigyosyoCd=2873000364-00&ServiceCd=510&Type=search", "url2": "http://www.sunhomeama.jp/" }, "geometry": { "type": "Point", "coordinates": [ 135.389122300000054, 34.7336778 ] } },
{ "type": "Feature", "properties": { "内容": "特別養護老人ホームゆめパラティース【介護老人福祉施設】兵庫県尼崎市下坂部３－３－１", "url": "https://www.kaigokensaku.mhlw.go.jp/28/index.php?action_kouhyou_detail_004_kani=true&JigyosyoCd=2873010157-00&ServiceCd=510&Type=search", "url2": "https://smile-yume.com/paratiis/" }, "geometry": { "type": "Point", "coordinates": [ 135.438122733729529, 34.74082224297409 ] } },
{ "type": "Feature", "properties": { "内容": "特別養護老人ホームアマリリス【介護老人福祉施設】兵庫県尼崎市若王寺3丁目１６－３", "url": "https://www.kaigokensaku.mhlw.go.jp/28/index.php?action_kouhyou_detail_004_kani=true&JigyosyoCd=2873011304-00&ServiceCd=510&Type=search", "url2": "http://bluevalley-amaryllis.com/" }, "geometry": { "type": "Point", "coordinates": [ 135.440128, 34.7452026 ] } },
{ "type": "Feature", "properties": { "内容": "尼崎特別養護老人ホームラガール【介護老人福祉施設】兵庫県尼崎市大庄西町四丁目４番１号", "url": "https://www.kaigokensaku.mhlw.go.jp/28/index.php?action_kouhyou_detail_004_kani=true&JigyosyoCd=2873013144-00&ServiceCd=510&Type=search", "url2": "http://ama-la.koudoukai.or.jp/" }, "geometry": { "type": "Point", "coordinates": [ 135.3896317, 34.7180599 ] } },
{ "type": "Feature", "properties": { "内容": "特別養護老人ホーム　喜楽苑【介護老人福祉施設】兵庫県尼崎市長洲西通２丁目８番３号", "url": "https://www.kaigokensaku.mhlw.go.jp/28/index.php?action_kouhyou_detail_004_kani=true&JigyosyoCd=2873000323-00&ServiceCd=510&Type=search", "url2": "http://www.kirakuen.or.jp" }, "geometry": { "type": "Point", "coordinates": [ 135.428298700000028, 34.7256824 ] } },
{ "type": "Feature", "properties": { "内容": "特別養護老人ホーム　園田苑【介護老人福祉施設】尼崎市小中島1丁目1番18号", "url": "https://www.kaigokensaku.mhlw.go.jp/28/index.php?action_kouhyou_detail_004_kani=true&JigyosyoCd=2873000331-00&ServiceCd=510&Type=search", "url2": "https://sonodaen.com/" }, "geometry": { "type": "Point", "coordinates": [ 135.444691499999976, 34.7499133 ] } },
{ "type": "Feature", "properties": { "内容": "特別養護老人ホーム春日苑【介護老人福祉施設】尼崎市田能5丁目10番25号", "url": "https://www.kaigokensaku.mhlw.go.jp/28/index.php?action_kouhyou_detail_004_kani=true&JigyosyoCd=2873000349-00&ServiceCd=510&Type=search", "url2": null }, "geometry": { "type": "Point", "coordinates": [ 135.4298751, 34.7683666 ] } },
{ "type": "Feature", "properties": { "内容": "特別養護老人ホーム　ロータスガーデン【介護老人福祉施設】兵庫県尼崎市栗山町1-20-20", "url": "https://www.kaigokensaku.mhlw.go.jp/28/index.php?action_kouhyou_detail_004_kani=true&JigyosyoCd=2873000372-00&ServiceCd=510&Type=search", "url2": "http//www.e-akane.com" }, "geometry": { "type": "Point", "coordinates": [ 135.408802899999955, 34.7452355 ] } },
{ "type": "Feature", "properties": { "内容": "特別養護老人ホーム　南野の月【介護老人福祉施設】兵庫県尼崎市富松町3丁目2-37", "url": "https://www.kaigokensaku.mhlw.go.jp/28/index.php?action_kouhyou_detail_004_kani=true&JigyosyoCd=2873000679-00&ServiceCd=510&Type=search", "url2": "www.minamino.or.jp" }, "geometry": { "type": "Point", "coordinates": [ 135.399636900000019, 34.7588479 ] } },
{ "type": "Feature", "properties": { "内容": "特別養護老人ホーム西長洲荘【介護老人福祉施設】兵庫県尼崎市西長洲町3丁目3番20号", "url": "https://www.kaigokensaku.mhlw.go.jp/28/index.php?action_kouhyou_detail_004_kani=true&JigyosyoCd=2873000711-00&ServiceCd=510&Type=search", "url2": "https://www.heiseikai.or.jp/" }, "geometry": { "type": "Point", "coordinates": [ 135.417566299999976, 34.7261738 ] } },
{ "type": "Feature", "properties": { "内容": "特別養護老人ホーム　けま喜楽苑【介護老人福祉施設】兵庫県尼崎市食満２－２２－１", "url": "https://www.kaigokensaku.mhlw.go.jp/28/index.php?action_kouhyou_detail_004_kani=true&JigyosyoCd=2873001412-00&ServiceCd=510&Type=search", "url2": "http://www.kirakuen.or.jp" }, "geometry": { "type": "Point", "coordinates": [ 135.4310752, 34.7627673 ] } },
{ "type": "Feature", "properties": { "内容": "特別養護老人ホーム　博寿苑【介護老人福祉施設】尼崎市武庫元町二丁目23番15号", "url": "https://www.kaigokensaku.mhlw.go.jp/28/index.php?action_kouhyou_detail_004_kani=true&JigyosyoCd=2873004341-00&ServiceCd=510&Type=search", "url2": "http://hakujyuen.or.jp" }, "geometry": { "type": "Point", "coordinates": [ 135.378586199999972, 34.759978 ] } },
{ "type": "Feature", "properties": { "内容": "特別養護老人ホーム　高齢者総合福祉施設　あまの里【介護老人福祉施設】尼崎市下坂部３丁目２－４０", "url": "https://www.kaigokensaku.mhlw.go.jp/28/index.php?action_kouhyou_detail_004_kani=true&JigyosyoCd=2873004903-00&ServiceCd=510&Type=search", "url2": "http://www.shafuku-nijinokai/amano.html" }, "geometry": { "type": "Point", "coordinates": [ 135.439942, 34.7419419 ] } },
{ "type": "Feature", "properties": { "内容": "特別養護老人ホーム　サンフォート武庫之荘【介護老人福祉施設】兵庫県尼崎市武庫之荘9丁目34番16号", "url": "https://www.kaigokensaku.mhlw.go.jp/28/index.php?action_kouhyou_detail_004_kani=true&JigyosyoCd=2873005892-00&ServiceCd=510&Type=search", "url2": "http://www.sanyoufukusikai.com/" }, "geometry": { "type": "Point", "coordinates": [ 135.388315700000021, 34.7704328 ] } },
{ "type": "Feature", "properties": { "内容": "特別養護老人ホーム　芦風荘【介護老人福祉施設】尼崎市西長洲町１丁目３番１号", "url": "https://www.kaigokensaku.mhlw.go.jp/28/index.php?action_kouhyou_detail_004_kani=true&JigyosyoCd=2873008219-00&ServiceCd=510&Type=search", "url2": "www.heiseikai.or.jp" }, "geometry": { "type": "Point", "coordinates": [ 135.42426, 34.728623700000014 ] } },
{ "type": "Feature", "properties": { "内容": "特別養護老人ホーム　サンホーム大庄西【介護老人福祉施設】兵庫県尼崎市大島3丁目9番1号", "url": "https://www.kaigokensaku.mhlw.go.jp/28/index.php?action_kouhyou_detail_004_kani=true&JigyosyoCd=2873009126-00&ServiceCd=510&Type=search", "url2": "http://hinode.or.jp/osyonishi/" }, "geometry": { "type": "Point", "coordinates": [ 135.389328, 34.7255286 ] } },
{ "type": "Feature", "properties": { "内容": "アマルネス・ガーデン【介護老人福祉施設】西長洲町2-35-1", "url": "https://www.kaigokensaku.mhlw.go.jp/28/index.php?action_kouhyou_detail_004_kani=true&JigyosyoCd=2873009373-00&ServiceCd=510&Type=search", "url2": "http://www.e-akane.com" }, "geometry": { "type": "Point", "coordinates": [ 135.41994939999995, 34.7232325 ] } },
{ "type": "Feature", "properties": { "内容": "特別養護老人ホームはなみずき【介護老人福祉施設】尼崎市西難波町５丁目１２－１特別養護老人ホームはなみずき", "url": "https://www.kaigokensaku.mhlw.go.jp/28/index.php?action_kouhyou_detail_004_kani=true&JigyosyoCd=2873012153-00&ServiceCd=510&Type=search", "url2": "https://hanamizuki-amagasaki.org/index.html" }, "geometry": { "type": "Point", "coordinates": [ 135.407697136106862, 34.728096226479849 ] } },
{ "type": "Feature", "properties": { "内容": "特別養護老人ホ-ム恵泉【介護老人福祉施設】明石市大久保町大窪3101-2", "url": "https://www.kaigokensaku.mhlw.go.jp/28/index.php?action_kouhyou_detail_004_kani=true&JigyosyoCd=2872000266-00&ServiceCd=510&Type=search", "url2": "http://www.akashi-keisen.com" }, "geometry": { "type": "Point", "coordinates": [ 134.9472766, 34.709775 ] } },
{ "type": "Feature", "properties": { "内容": "恵泉第２特別養護老人ホーム【介護老人福祉施設】明石市大久保町大窪２８１３", "url": "https://www.kaigokensaku.mhlw.go.jp/28/index.php?action_kouhyou_detail_004_kani=true&JigyosyoCd=2872000456-00&ServiceCd=510&Type=search", "url2": "http://www.akashi-keisen.com" }, "geometry": { "type": "Point", "coordinates": [ 134.947104399999944, 34.7112887 ] } },
{ "type": "Feature", "properties": { "内容": "恵泉第３特別養護老人ホーム【介護老人福祉施設】兵庫県明石市大久保町大窪２８２０", "url": "https://www.kaigokensaku.mhlw.go.jp/28/index.php?action_kouhyou_detail_004_kani=true&JigyosyoCd=2872002189-00&ServiceCd=510&Type=search", "url2": "http://www.akashi-keisen.com/" }, "geometry": { "type": "Point", "coordinates": [ 134.9466294, 34.7103388 ] } },
{ "type": "Feature", "properties": { "内容": "特別養護老人ホームうおずみ【介護老人福祉施設】明石市魚住町金ヶ崎１６０９－９", "url": "https://www.kaigokensaku.mhlw.go.jp/28/index.php?action_kouhyou_detail_004_kani=true&JigyosyoCd=2872002296-00&ServiceCd=510&Type=search", "url2": "https://seiwakai-uozumi.com/" }, "geometry": { "type": "Point", "coordinates": [ 134.9225983, 34.7028839 ] } },
{ "type": "Feature", "properties": { "内容": "明石二見特別養護老人ホームラガール【介護老人福祉施設】明石市二見町西二見685-8", "url": "https://www.kaigokensaku.mhlw.go.jp/28/index.php?action_kouhyou_detail_004_kani=true&JigyosyoCd=2872003351-00&ServiceCd=510&Type=search", "url2": "http://www.koudoukai.or.jp/akashifutami/" }, "geometry": { "type": "Point", "coordinates": [ 134.880646500000012, 34.7027145 ] } },
{ "type": "Feature", "properties": { "内容": "特別養護老人ホーム　松が丘すみれ園【介護老人福祉施設】明石市松が丘北町1074-1", "url": "https://www.kaigokensaku.mhlw.go.jp/28/index.php?action_kouhyou_detail_004_kani=true&JigyosyoCd=2872003013-00&ServiceCd=510&Type=search", "url2": "http://www.sumire.or.jp/" }, "geometry": { "type": "Point", "coordinates": [ 135.0271927, 34.6610141 ] } },
{ "type": "Feature", "properties": { "内容": "明石特別養護老人ホームラガール【介護老人福祉施設】明石市林崎町3-542-37", "url": "https://www.kaigokensaku.mhlw.go.jp/28/index.php?action_kouhyou_detail_004_kani=true&JigyosyoCd=2872001058-00&ServiceCd=510&Type=search", "url2": "http://www.koudoukai.or.jp/akashi/" }, "geometry": { "type": "Point", "coordinates": [ 134.964025799999945, 34.6499724 ] } },
{ "type": "Feature", "properties": { "内容": "特別養護老人ホーム　ウェルフェア・グランデ明石【介護老人福祉施設】明石市北王子町13-41", "url": "https://www.kaigokensaku.mhlw.go.jp/28/index.php?action_kouhyou_detail_004_kani=true&JigyosyoCd=2872000274-00&ServiceCd=510&Type=search", "url2": "https://wga.or.jp" }, "geometry": { "type": "Point", "coordinates": [ 134.982885399999986, 34.6581775 ] } },
{ "type": "Feature", "properties": { "内容": "スプリングテラス明舞【介護老人福祉施設】明石市松が丘４－１－４３", "url": "https://www.kaigokensaku.mhlw.go.jp/28/index.php?action_kouhyou_detail_004_kani=true&JigyosyoCd=2872002957-00&ServiceCd=510&Type=search", "url2": "http://www.springterrace.jp/" }, "geometry": { "type": "Point", "coordinates": [ 135.02522620000002, 34.6520123 ] } },
{ "type": "Feature", "properties": { "内容": "特別養護老人ホームウェルフェア・グランデ明石【介護老人福祉施設】兵庫県明石市北王子町13-41", "url": "https://www.kaigokensaku.mhlw.go.jp/28/index.php?action_kouhyou_detail_004_kani=true&JigyosyoCd=2872003864-00&ServiceCd=510&Type=search", "url2": "https://www.wga.or.jp/" }, "geometry": { "type": "Point", "coordinates": [ 134.982963199999972, 34.6578719 ] } },
{ "type": "Feature", "properties": { "内容": "特別養護老人ホーム　清華苑【介護老人福祉施設】兵庫県明石市大久保町大窪３１０４－１", "url": "https://www.kaigokensaku.mhlw.go.jp/28/index.php?action_kouhyou_detail_004_kani=true&JigyosyoCd=2872000258-00&ServiceCd=510&Type=search", "url2": "http://www.seikaen.jp" }, "geometry": { "type": "Point", "coordinates": [ 134.9476654, 34.7092445 ] } },
{ "type": "Feature", "properties": { "内容": "特別養護老人ホームペーパームーン【介護老人福祉施設】兵庫県明石市二見町西二見1601-1特別養護老人ホーム　ペーパームーン", "url": "https://www.kaigokensaku.mhlw.go.jp/28/index.php?action_kouhyou_detail_004_kani=true&JigyosyoCd=2872000761-00&ServiceCd=510&Type=search", "url2": "http://www.p-moon.or.jp" }, "geometry": { "type": "Point", "coordinates": [ 134.880016, 34.7089722 ] } },
{ "type": "Feature", "properties": { "内容": "特別養護老人ホーム彩葉【介護老人福祉施設】兵庫県明石市大久保町大窪２６０３－２０５", "url": "https://www.kaigokensaku.mhlw.go.jp/28/index.php?action_kouhyou_detail_004_kani=true&JigyosyoCd=2872003898-00&ServiceCd=510&Type=search", "url2": "http://www.yu-ai.or.jp" }, "geometry": { "type": "Point", "coordinates": [ 134.9456434, 34.7047865 ] } },
{ "type": "Feature", "properties": { "内容": "特別養護老人ホーム明石愛老園【介護老人福祉施設】明石市魚住町清水3208番地", "url": "https://www.kaigokensaku.mhlw.go.jp/28/index.php?action_kouhyou_detail_004_kani=true&JigyosyoCd=2872000076-00&ServiceCd=510&Type=search", "url2": "https://airouen.or.jp" }, "geometry": { "type": "Point", "coordinates": [ 134.909779800000024, 34.7131358 ] } },
{ "type": "Feature", "properties": { "内容": "特別養護老人ホームプライム江井ヶ島【介護老人福祉施設】兵庫県明石市大久保町江井島1693-2", "url": "https://www.kaigokensaku.mhlw.go.jp/28/index.php?action_kouhyou_detail_004_kani=true&JigyosyoCd=2872001348-00&ServiceCd=510&Type=search", "url2": "http://www.wga.or.jp" }, "geometry": { "type": "Point", "coordinates": [ 134.922370600000022, 34.6805661 ] } },
{ "type": "Feature", "properties": { "内容": "特別養護老人ホーム友愛園【介護老人福祉施設】明石市大久保町大窪2603-550", "url": "https://www.kaigokensaku.mhlw.go.jp/28/index.php?action_kouhyou_detail_004_kani=true&JigyosyoCd=2872000282-00&ServiceCd=510&Type=search", "url2": "http://www.yu-ai.or.jp/" }, "geometry": { "type": "Point", "coordinates": [ 134.945618400000058, 34.7055614 ] } },
{ "type": "Feature", "properties": { "内容": "特別養護老人ホーム　幸泉サンズ【介護老人福祉施設】兵庫県西宮市山口町下山口1585-111", "url": "https://www.kaigokensaku.mhlw.go.jp/28/index.php?action_kouhyou_detail_004_kani=true&JigyosyoCd=2870901853-00&ServiceCd=510&Type=search", "url2": "http://www.kosen.org" }, "geometry": { "type": "Point", "coordinates": [ 135.252982553689577, 34.825220556731722 ] } },
{ "type": "Feature", "properties": { "内容": "特別養護老人ホーム　幸泉サンズユニット【介護老人福祉施設】兵庫県西宮市山口町下山口1585-111", "url": "https://www.kaigokensaku.mhlw.go.jp/28/index.php?action_kouhyou_detail_004_kani=true&JigyosyoCd=2870906811-00&ServiceCd=510&Type=search", "url2": "https://www.kosen.org" }, "geometry": { "type": "Point", "coordinates": [ 135.253066900000022, 34.8251603 ] } },
{ "type": "Feature", "properties": { "内容": "特別養護老人ホーム　武庫アルテンハイム【介護老人福祉施設】兵庫県西宮市田近野町7番32号", "url": "https://www.kaigokensaku.mhlw.go.jp/28/index.php?action_kouhyou_detail_004_kani=true&JigyosyoCd=2870900350-00&ServiceCd=510&Type=search", "url2": "https://amagasakimukogawaen.or.jp/facility/06.php" }, "geometry": { "type": "Point", "coordinates": [ 135.3721392, 34.777512 ] } },
{ "type": "Feature", "properties": { "内容": "特別養護老人ホーム西宮恵泉【介護老人福祉施設】西宮市西宮浜3丁目7番7", "url": "https://www.kaigokensaku.mhlw.go.jp/28/index.php?action_kouhyou_detail_004_kani=true&JigyosyoCd=2870900376-00&ServiceCd=510&Type=search", "url2": "http://www.akashi-keisen.com" }, "geometry": { "type": "Point", "coordinates": [ 135.328935031877108, 34.717428440315928 ] } },
{ "type": "Feature", "properties": { "内容": "社会福祉法人慈仁会　特別養護老人ホーム山口苑【介護老人福祉施設】兵庫県西宮市山口町下山口1203-1", "url": "https://www.kaigokensaku.mhlw.go.jp/28/index.php?action_kouhyou_detail_004_kani=true&JigyosyoCd=2870900210-00&ServiceCd=510&Type=search", "url2": "http://care-net.biz/28/jininkai/" }, "geometry": { "type": "Point", "coordinates": [ 135.255585900000028, 34.832731699999989 ] } },
{ "type": "Feature", "properties": { "内容": "ななくさ白寿荘【介護老人福祉施設】兵庫県西宮市山口町下山口１６５０番地２６", "url": "https://www.kaigokensaku.mhlw.go.jp/28/index.php?action_kouhyou_detail_004_kani=true&JigyosyoCd=2870900343-00&ServiceCd=510&Type=search", "url2": "https://www.nanakusa.or.jp/facility/306/" }, "geometry": { "type": "Point", "coordinates": [ 135.264793599999962, 34.8334594 ] } },
{ "type": "Feature", "properties": { "内容": "社会福祉法人　円勝会　シルバーコースト甲子園【介護老人福祉施設】兵庫県西宮市枝川町17番40号", "url": "https://www.kaigokensaku.mhlw.go.jp/28/index.php?action_kouhyou_detail_004_kani=true&JigyosyoCd=2870901168-00&ServiceCd=510&Type=search", "url2": "http://www.enshoukai.com" }, "geometry": { "type": "Point", "coordinates": [ 135.358685899999955, 34.7110542 ] } },
{ "type": "Feature", "properties": { "内容": "特別養護老人ホーム　ウエルライフ西宮【介護老人福祉施設】兵庫県西宮市西宮浜４丁目１５番３号", "url": "https://www.kaigokensaku.mhlw.go.jp/28/index.php?action_kouhyou_detail_004_kani=true&JigyosyoCd=2870902034-00&ServiceCd=510&Type=search", "url2": "http://www.wellife.or.jp" }, "geometry": { "type": "Point", "coordinates": [ 135.332348700000011, 34.7122205 ] } },
{ "type": "Feature", "properties": { "内容": "特別養護老人ホーム甲寿園【介護老人福祉施設】西宮市甲山町53番地", "url": "https://www.kaigokensaku.mhlw.go.jp/28/index.php?action_kouhyou_detail_004_kani=true&JigyosyoCd=2870900335-00&ServiceCd=510&Type=search", "url2": "http://kojyuen.jp" }, "geometry": { "type": "Point", "coordinates": [ 135.32323150000002, 34.7757951 ] } },
{ "type": "Feature", "properties": { "内容": "社会福祉法人　聖徳園【介護老人福祉施設】西宮市段上町6丁目24番１号", "url": "https://www.kaigokensaku.mhlw.go.jp/28/index.php?action_kouhyou_detail_004_kani=true&JigyosyoCd=2870900368-00&ServiceCd=510&Type=search", "url2": "http://www.shotokuen.or.jp" }, "geometry": { "type": "Point", "coordinates": [ 135.368789600000014, 34.7733319 ] } },
{ "type": "Feature", "properties": { "内容": "にしのみや苑【介護老人福祉施設】兵庫県西宮市甲山町５３番地", "url": "https://www.kaigokensaku.mhlw.go.jp/28/index.php?action_kouhyou_detail_004_kani=true&JigyosyoCd=2870900384-00&ServiceCd=510&Type=search", "url2": "http://www.nishinomiyaen.jp/" }, "geometry": { "type": "Point", "coordinates": [ 135.32323150000002, 34.7757951 ] } },
{ "type": "Feature", "properties": { "内容": "特別養護老人ホーム　メヌエット【介護老人福祉施設】兵庫県西宮市浜脇町4-28", "url": "https://www.kaigokensaku.mhlw.go.jp/28/index.php?action_kouhyou_detail_004_kani=true&JigyosyoCd=2870902885-00&ServiceCd=510&Type=search", "url2": "http://www.kensei-fukushikai-minuet.jp/" }, "geometry": { "type": "Point", "coordinates": [ 135.337670773016384, 34.731786427458474 ] } },
{ "type": "Feature", "properties": { "内容": "特別養護老人ホームセントポーリア愛の郷【介護老人福祉施設】西宮市山口町上山口池ノ谷１５８４－１", "url": "https://www.kaigokensaku.mhlw.go.jp/28/index.php?action_kouhyou_detail_004_kani=true&JigyosyoCd=2870903230-00&ServiceCd=510&Type=search", "url2": "http://www.ryokuhokai.com/" }, "geometry": { "type": "Point", "coordinates": [ 135.236881834162915, 34.817770509650032 ] } },
{ "type": "Feature", "properties": { "内容": "特別養護老人ホーム　メヌエット東館【介護老人福祉施設】浜脇町　4番33号", "url": "https://www.kaigokensaku.mhlw.go.jp/28/index.php?action_kouhyou_detail_004_kani=true&JigyosyoCd=2870903669-00&ServiceCd=510&Type=search", "url2": "http://www.kensei-fukushikai-minuet.jp/east/" }, "geometry": { "type": "Point", "coordinates": [ 135.338109199999963, 34.7316968 ] } },
{ "type": "Feature", "properties": { "内容": "特別養護老人ホームアリス甲子園【介護老人福祉施設】兵庫県西宮市枝川町8-68", "url": "https://www.kaigokensaku.mhlw.go.jp/28/index.php?action_kouhyou_detail_004_kani=true&JigyosyoCd=2870905136-00&ServiceCd=510&Type=search", "url2": "http://www.toyonakafamily.jp/Koshien/" }, "geometry": { "type": "Point", "coordinates": [ 135.364471699999967, 34.7082323 ] } },
{ "type": "Feature", "properties": { "内容": "第２シルバーコースト甲子園【介護老人福祉施設】兵庫県西宮市枝川町17-55第2シルバーコースト甲子園", "url": "https://www.kaigokensaku.mhlw.go.jp/28/index.php?action_kouhyou_detail_004_kani=true&JigyosyoCd=2870906704-00&ServiceCd=510&Type=search", "url2": "http://www.ensyokai.com" }, "geometry": { "type": "Point", "coordinates": [ 135.358649799999966, 34.7117902 ] } },
{ "type": "Feature", "properties": { "内容": "ローズガーデン甲子園【介護老人福祉施設】兵庫県西宮市甲子園九番町10番50号", "url": "https://www.kaigokensaku.mhlw.go.jp/28/index.php?action_kouhyou_detail_004_kani=true&JigyosyoCd=2870907025-00&ServiceCd=510&Type=search", "url2": "http://rg-koshien.toyonaka-fukushikai.com/" }, "geometry": { "type": "Point", "coordinates": [ 135.364261984655741, 34.713432723141665 ] } },
{ "type": "Feature", "properties": { "内容": "特別養護老人ホーム　名塩さくら苑【介護老人福祉施設】兵庫県西宮市名塩さくら台2-44", "url": "https://www.kaigokensaku.mhlw.go.jp/28/index.php?action_kouhyou_detail_004_kani=true&JigyosyoCd=2870900681-00&ServiceCd=510&Type=search", "url2": "http://care-net.biz/28/jininkai/" }, "geometry": { "type": "Point", "coordinates": [ 135.278848299999936, 34.8356785 ] } },
{ "type": "Feature", "properties": { "内容": "コティコート　西宮仁川【介護老人福祉施設】兵庫県西宮市一里山町14-1", "url": "https://www.kaigokensaku.mhlw.go.jp/28/index.php?action_kouhyou_detail_004_kani=true&JigyosyoCd=2870909005-00&ServiceCd=510&Type=search", "url2": "https://www.ikufuku.or.jp/nishinomiya" }, "geometry": { "type": "Point", "coordinates": [ 135.370934906082141, 34.773451692153358 ] } },
{ "type": "Feature", "properties": { "内容": "洲本特別養護老人ホームラガール【介護老人福祉施設】兵庫県洲本市中川原町安坂字居屋敷９８６番地", "url": "https://www.kaigokensaku.mhlw.go.jp/28/index.php?action_kouhyou_detail_004_kani=true&JigyosyoCd=2871500266-00&ServiceCd=510&Type=search", "url2": "http://www.koudoukai.or.jp/sumoto/" }, "geometry": { "type": "Point", "coordinates": [ 134.8656105, 34.3567879 ] } },
{ "type": "Feature", "properties": { "内容": "特別養護老人ホームたちばな苑【介護老人福祉施設】兵庫県洲本市由良1丁目6番7号", "url": "https://www.kaigokensaku.mhlw.go.jp/28/index.php?action_kouhyou_detail_004_kani=true&JigyosyoCd=2871500118-00&ServiceCd=510&Type=search", "url2": "http://www.sumoto-tachibana.or.jp" }, "geometry": { "type": "Point", "coordinates": [ 134.945105300000023, 34.287322 ] } },
{ "type": "Feature", "properties": { "内容": "特別養護老人ホーム淡路ふくろうの郷【介護老人福祉施設】兵庫県洲本市中川原町中川原28-1", "url": "https://www.kaigokensaku.mhlw.go.jp/28/index.php?action_kouhyou_detail_004_kani=true&JigyosyoCd=2871500530-00&ServiceCd=510&Type=search", "url2": "https://hyoufuku.main.jp/" }, "geometry": { "type": "Point", "coordinates": [ 134.8715953, 34.3719705 ] } },
{ "type": "Feature", "properties": { "内容": "特別養護老人ホーム　くにうみの里【介護老人福祉施設】下加茂一丁目６－６", "url": "https://www.kaigokensaku.mhlw.go.jp/28/index.php?action_kouhyou_detail_004_kani=true&JigyosyoCd=2871501181-00&ServiceCd=510&Type=search", "url2": "http://www.hwc.or.jp/kuniumi/" }, "geometry": { "type": "Point", "coordinates": [ 134.877151499999968, 34.3477001 ] } },
{ "type": "Feature", "properties": { "内容": "特別養護老人ホームエルホーム芦屋【介護老人福祉施設】芦屋市浜町１２番３号", "url": "https://www.kaigokensaku.mhlw.go.jp/28/index.php?action_kouhyou_detail_004_kani=true&JigyosyoCd=2871000119-00&ServiceCd=510&Type=search", "url2": "https://ellehome.jp/" }, "geometry": { "type": "Point", "coordinates": [ 135.31668609999997, 34.7259608 ] } },
{ "type": "Feature", "properties": { "内容": "介護老人福祉施設　愛しや【介護老人福祉施設】兵庫県芦屋市浜風町31-3", "url": "https://www.kaigokensaku.mhlw.go.jp/28/index.php?action_kouhyou_detail_004_kani=true&JigyosyoCd=2871000812-00&ServiceCd=510&Type=search", "url2": "http://meirinfukushi.or.jp/ashiya/" }, "geometry": { "type": "Point", "coordinates": [ 135.321221799999989, 34.7181227 ] } },
{ "type": "Feature", "properties": { "内容": "特別養護老人ホームあしや聖徳園【介護老人福祉施設】兵庫県芦屋市六麓荘町３番５７号", "url": "https://www.kaigokensaku.mhlw.go.jp/28/index.php?action_kouhyou_detail_004_kani=true&JigyosyoCd=2871000093-00&ServiceCd=510&Type=search", "url2": "http://www.shotokuen.or.jp/" }, "geometry": { "type": "Point", "coordinates": [ 135.308769699999971, 34.7501724 ] } },
{ "type": "Feature", "properties": { "内容": "特別養護老人ホーム　あしや喜楽苑【介護老人福祉施設】兵庫県芦屋市潮見町31-1", "url": "https://www.kaigokensaku.mhlw.go.jp/28/index.php?action_kouhyou_detail_004_kani=true&JigyosyoCd=2871000101-00&ServiceCd=510&Type=search", "url2": "http://www.kirakuen.or.jp" }, "geometry": { "type": "Point", "coordinates": [ 135.306190099999981, 34.7161867 ] } },
{ "type": "Feature", "properties": { "内容": "ナーシングホーム豊泉家芦屋山手【介護老人福祉施設】兵庫県芦屋市剣谷9番地1", "url": "https://www.kaigokensaku.mhlw.go.jp/28/index.php?action_kouhyou_detail_004_kani=true&JigyosyoCd=2871001919-00&ServiceCd=510&Type=search", "url2": "https://www.housenka.com/" }, "geometry": { "type": "Point", "coordinates": [ 135.299599699999987, 34.7488259 ] } },
{ "type": "Feature", "properties": { "内容": "特別養護老人ホーム　ケアハイツいたみ【介護老人福祉施設】伊丹市中野西1丁目141番地", "url": "https://www.kaigokensaku.mhlw.go.jp/28/index.php?action_kouhyou_detail_004_kani=true&JigyosyoCd=2873301044-00&ServiceCd=510&Type=search", "url2": "http://jigyoudan-itami-hyogo.jp/" }, "geometry": { "type": "Point", "coordinates": [ 135.384728975291239, 34.787661290122479 ] } },
{ "type": "Feature", "properties": { "内容": "特別養護老人ホームあそか苑【介護老人福祉施設】兵庫県伊丹市中野西１丁目18番地", "url": "https://www.kaigokensaku.mhlw.go.jp/28/index.php?action_kouhyou_detail_004_kani=true&JigyosyoCd=2873300186-00&ServiceCd=510&Type=search", "url2": "http://www.asokaen.or.jp" }, "geometry": { "type": "Point", "coordinates": [ 135.388845599999968, 34.7890889 ] } },
{ "type": "Feature", "properties": { "内容": "特別養護老人ホーム伸幸苑【介護老人福祉施設】伊丹市寺本６丁目１５０番地", "url": "https://www.kaigokensaku.mhlw.go.jp/28/index.php?action_kouhyou_detail_004_kani=true&JigyosyoCd=2873300194-00&ServiceCd=510&Type=search", "url2": "http://www.shinkoen.jp" }, "geometry": { "type": "Point", "coordinates": [ 135.387137700000039, 34.7807649 ] } },
{ "type": "Feature", "properties": { "内容": "オアシス千歳　特別養護老人ホーム【介護老人福祉施設】伊丹市中央４丁目５番６号", "url": "https://www.kaigokensaku.mhlw.go.jp/28/index.php?action_kouhyou_detail_004_kani=true&JigyosyoCd=2873300756-00&ServiceCd=510&Type=search", "url2": "http://ja-oasis.com/" }, "geometry": { "type": "Point", "coordinates": [ 135.415831799999978, 34.7782846 ] } },
{ "type": "Feature", "properties": { "内容": "特別養護老人ホーム　協同の苑ケイ・メゾンときめき【介護老人福祉施設】伊丹市森本１－８－１９", "url": "https://www.kaigokensaku.mhlw.go.jp/28/index.php?action_kouhyou_detail_004_kani=true&JigyosyoCd=2873300202-00&ServiceCd=510&Type=search", "url2": "http://www.kyodo-no-sono.or.jp/" }, "geometry": { "type": "Point", "coordinates": [ 135.429360088360568, 34.77913146873432 ] } },
{ "type": "Feature", "properties": { "内容": "特別養護老人ホーム若狭野の里【介護老人福祉施設】兵庫県相生市若狭野町若狭野234番15", "url": "https://www.kaigokensaku.mhlw.go.jp/28/index.php?action_kouhyou_detail_004_kani=true&JigyosyoCd=2874200088-00&ServiceCd=510&Type=search", "url2": "https://wakasanonosato.jp" }, "geometry": { "type": "Point", "coordinates": [ 134.417246299999988, 34.8277665 ] } },
{ "type": "Feature", "properties": { "内容": "特別養護老人ホーム　グリーンハウス【介護老人福祉施設】若狭野町雨内800-146", "url": "https://www.kaigokensaku.mhlw.go.jp/28/index.php?action_kouhyou_detail_004_kani=true&JigyosyoCd=2874200013-00&ServiceCd=510&Type=search", "url2": "http://www.midori-fukushi.com" }, "geometry": { "type": "Point", "coordinates": [ 134.419853926983706, 34.826611889306399 ] } },
{ "type": "Feature", "properties": { "内容": "特別養護老人ホームこすもす倶楽部【介護老人福祉施設】兵庫県相生市野瀬１３５６番地", "url": "https://www.kaigokensaku.mhlw.go.jp/28/index.php?action_kouhyou_detail_004_kani=true&JigyosyoCd=2874200245-00&ServiceCd=510&Type=search", "url2": "https://aioi-cosmos.com/" }, "geometry": { "type": "Point", "coordinates": [ 134.483115600000019, 34.7881056 ] } },
{ "type": "Feature", "properties": { "内容": "相生市立特別養護老人ホーム椿の園【介護老人福祉施設】兵庫県相生市矢野町真広397-1", "url": "https://www.kaigokensaku.mhlw.go.jp/28/index.php?action_kouhyou_detail_004_kani=true&JigyosyoCd=2874200070-00&ServiceCd=510&Type=search", "url2": "http://aioi-fukushi.jp" }, "geometry": { "type": "Point", "coordinates": [ 134.4466981, 34.8497963 ] } },
{ "type": "Feature", "properties": { "内容": "特別養護老人ホーム　こうのとり荘【介護老人福祉施設】兵庫県豊岡市塩津町2番37号", "url": "https://www.kaigokensaku.mhlw.go.jp/28/index.php?action_kouhyou_detail_004_kani=true&JigyosyoCd=2874400043-00&ServiceCd=510&Type=search", "url2": "https://www.h-kounotori.com" }, "geometry": { "type": "Point", "coordinates": [ 134.828408500000023, 35.5343153 ] } },
{ "type": "Feature", "properties": { "内容": "特別養護老人ホームとよおかの里【介護老人福祉施設】兵庫県豊岡市香住１２７２番地", "url": "https://www.kaigokensaku.mhlw.go.jp/28/index.php?action_kouhyou_detail_004_kani=true&JigyosyoCd=2874400290-00&ServiceCd=510&Type=search", "url2": "http://www.shotokukai-th.or.jp/publics/index/34/" }, "geometry": { "type": "Point", "coordinates": [ 134.8590034, 35.5199561 ] } },
{ "type": "Feature", "properties": { "内容": "特別養護老人ホームたじま荘【介護老人福祉施設】豊岡市日高町十戸４５５", "url": "https://www.kaigokensaku.mhlw.go.jp/28/index.php?action_kouhyou_detail_004_kani=true&JigyosyoCd=2874500404-00&ServiceCd=510&Type=search", "url2": "http://www.hwc.or.jp/tajima/" }, "geometry": { "type": "Point", "coordinates": [ 134.7198339, 35.4776868 ] } },
{ "type": "Feature", "properties": { "内容": "特別養護老人ホーム楽々むら【介護老人福祉施設】兵庫県豊岡市城崎町楽々浦深原４１９番１", "url": "https://www.kaigokensaku.mhlw.go.jp/28/index.php?action_kouhyou_detail_004_kani=true&JigyosyoCd=2874400894-00&ServiceCd=510&Type=search", "url2": "http://www.amanoho.com/" }, "geometry": { "type": "Point", "coordinates": [ 134.820196343377688, 35.620367339699726 ] } },
{ "type": "Feature", "properties": { "内容": "特別養護老人ホームけやきホール（ユニット型）【介護老人福祉施設】兵庫県豊岡市但東町太田614番地", "url": "https://www.kaigokensaku.mhlw.go.jp/28/index.php?action_kouhyou_detail_004_kani=true&JigyosyoCd=2874401553-00&ServiceCd=510&Type=search", "url2": "http://himawari-mission.com" }, "geometry": { "type": "Point", "coordinates": [ 134.983998700000029, 35.4945971 ] } },
{ "type": "Feature", "properties": { "内容": "特別養護老人ホームはまなす苑【介護老人福祉施設】兵庫県豊岡市竹野町須谷４３３番地特別養護老人ホームはまなす苑", "url": "https://www.kaigokensaku.mhlw.go.jp/28/index.php?action_kouhyou_detail_004_kani=true&JigyosyoCd=2874500081-00&ServiceCd=510&Type=search", "url2": "http://www.aso.or.jp/" }, "geometry": { "type": "Point", "coordinates": [ 134.756332400000019, 35.6406694 ] } },
{ "type": "Feature", "properties": { "内容": "特別養護老人ホーム出石荘【介護老人福祉施設】豊岡市出石町福住字赤坂1301", "url": "https://www.kaigokensaku.mhlw.go.jp/28/index.php?action_kouhyou_detail_004_kani=true&JigyosyoCd=2874600071-00&ServiceCd=510&Type=search", "url2": "http://www.tajima-fukushien.jp/" }, "geometry": { "type": "Point", "coordinates": [ 134.864373699999987, 35.4583023 ] } },
{ "type": "Feature", "properties": { "内容": "特別養護老人ホームけやきホール【介護老人福祉施設】兵庫県豊岡市但東町太田614番地", "url": "https://www.kaigokensaku.mhlw.go.jp/28/index.php?action_kouhyou_detail_004_kani=true&JigyosyoCd=2874600089-00&ServiceCd=510&Type=search", "url2": "http://himawari-mission.com/" }, "geometry": { "type": "Point", "coordinates": [ 134.983998700000029, 35.4945971 ] } },
{ "type": "Feature", "properties": { "内容": "特別養護老人ホームせいりょう園【介護老人福祉施設】兵庫県加古川市野口町長砂95-2", "url": "https://www.kaigokensaku.mhlw.go.jp/28/index.php?action_kouhyou_detail_004_kani=true&JigyosyoCd=2872200296-00&ServiceCd=510&Type=search", "url2": "http://www.seiryoen.or.jp" }, "geometry": { "type": "Point", "coordinates": [ 134.849082501852422, 34.749439261798635 ] } },
{ "type": "Feature", "properties": { "内容": "浜の宮松竹園【介護老人福祉施設】兵庫県加古川市別府町新野辺５３８－９", "url": "https://www.kaigokensaku.mhlw.go.jp/28/index.php?action_kouhyou_detail_004_kani=true&JigyosyoCd=2872201203-00&ServiceCd=510&Type=search", "url2": "http://syo-chikuen.com/" }, "geometry": { "type": "Point", "coordinates": [ 134.840394599999968, 34.7368132 ] } },
{ "type": "Feature", "properties": { "内容": "特別養護老人ホーム佰楽苑【介護老人福祉施設】兵庫県加古川市別府町新野辺1429番地の10", "url": "https://www.kaigokensaku.mhlw.go.jp/28/index.php?action_kouhyou_detail_004_kani=true&JigyosyoCd=2872203407-00&ServiceCd=510&Type=search", "url2": "http://seiwa-w.com/" }, "geometry": { "type": "Point", "coordinates": [ 134.835247900000013, 34.7313499 ] } },
{ "type": "Feature", "properties": { "内容": "特別養護老人ホーム　まつかぜの郷【介護老人福祉施設】兵庫県加古川市別府町新野辺５７４番88", "url": "https://www.kaigokensaku.mhlw.go.jp/28/index.php?action_kouhyou_detail_004_kani=true&JigyosyoCd=2872204330-00&ServiceCd=510&Type=search", "url2": "https://matsukazeno310.com/" }, "geometry": { "type": "Point", "coordinates": [ 134.8381587, 34.7338928 ] } },
{ "type": "Feature", "properties": { "内容": "特別養護老人ホームこすもす園【介護老人福祉施設】加古川市神野町神野１３６－８", "url": "https://www.kaigokensaku.mhlw.go.jp/28/index.php?action_kouhyou_detail_004_kani=true&JigyosyoCd=2872200205-00&ServiceCd=510&Type=search", "url2": "http://nojigiku.or.jp/page27/" }, "geometry": { "type": "Point", "coordinates": [ 134.886281100000019, 34.7726822 ] } },
{ "type": "Feature", "properties": { "内容": "特別養護老人ホーム　泰生【介護老人福祉施設】兵庫県加古川市神野町石守２３８－１", "url": "https://www.kaigokensaku.mhlw.go.jp/28/index.php?action_kouhyou_detail_004_kani=true&JigyosyoCd=2872201245-00&ServiceCd=510&Type=search", "url2": "http://akari-fukushikai.com" }, "geometry": { "type": "Point", "coordinates": [ 134.874737800000048, 34.7654107 ] } },
{ "type": "Feature", "properties": { "内容": "特別養護老人ホーム万亀園【介護老人福祉施設】兵庫県加古川市野口町水足１０７－１", "url": "https://www.kaigokensaku.mhlw.go.jp/28/index.php?action_kouhyou_detail_004_kani=true&JigyosyoCd=2872200288-00&ServiceCd=510&Type=search", "url2": "http://mankien.com./category02/" }, "geometry": { "type": "Point", "coordinates": [ 134.869716199999971, 34.7623054 ] } },
{ "type": "Feature", "properties": { "内容": "特別養護老人ホーム鶴林園【介護老人福祉施設】兵庫県加古川市志方町細工所1086番地", "url": "https://www.kaigokensaku.mhlw.go.jp/28/index.php?action_kouhyou_detail_004_kani=true&JigyosyoCd=2872200312-00&ServiceCd=510&Type=search", "url2": "https://www.kakurinen.com" }, "geometry": { "type": "Point", "coordinates": [ 134.841593500000045, 34.8403443 ] } },
{ "type": "Feature", "properties": { "内容": "フェニックス加古川ケアセンター【介護老人福祉施設】兵庫県加古川市米田町平津384－16", "url": "https://www.kaigokensaku.mhlw.go.jp/28/index.php?action_kouhyou_detail_004_kani=true&JigyosyoCd=2872204009-00&ServiceCd=510&Type=search", "url2": "www.kobe-wako.jp" }, "geometry": { "type": "Point", "coordinates": [ 134.815871600000037, 34.7864923 ] } },
{ "type": "Feature", "properties": { "内容": "介護老人福祉施設　ヴィラ播磨【介護老人福祉施設】兵庫県加古川市志方町成井１００番地", "url": "https://www.kaigokensaku.mhlw.go.jp/28/index.php?action_kouhyou_detail_004_kani=true&JigyosyoCd=2872200320-00&ServiceCd=510&Type=search", "url2": "https://harima.tokuyou.jp" }, "geometry": { "type": "Point", "coordinates": [ 134.803241800000023, 34.8161521 ] } },
{ "type": "Feature", "properties": { "内容": "特別養護老人ホーム　鹿児の郷【介護老人福祉施設】加古川市平荘町山角１０３８－４", "url": "https://www.kaigokensaku.mhlw.go.jp/28/index.php?action_kouhyou_detail_004_kani=true&JigyosyoCd=2872200338-00&ServiceCd=510&Type=search", "url2": "https://ftk1998.or.jp/" }, "geometry": { "type": "Point", "coordinates": [ 134.873174, 34.8043182 ] } },
{ "type": "Feature", "properties": { "内容": "特別養護老人ホーム　グランはりま【介護老人福祉施設】兵庫県加古川市平岡町高畑１－１", "url": "https://www.kaigokensaku.mhlw.go.jp/28/index.php?action_kouhyou_detail_004_kani=true&JigyosyoCd=2872201484-00&ServiceCd=510&Type=search", "url2": "http://www.gurannharima.com/" }, "geometry": { "type": "Point", "coordinates": [ 134.879099399999973, 34.7304395 ] } },
{ "type": "Feature", "properties": { "内容": "特別養護老人ホーム　みどり園【介護老人福祉施設】兵庫県加古川市平岡町423-9", "url": "https://www.kaigokensaku.mhlw.go.jp/28/index.php?action_kouhyou_detail_004_kani=true&JigyosyoCd=2872200304-00&ServiceCd=510&Type=search", "url2": "http://www.midorien.org" }, "geometry": { "type": "Point", "coordinates": [ 134.896183800000017, 34.7284594 ] } },
{ "type": "Feature", "properties": { "内容": "特別養護老人ホーム　加古川さくら園【介護老人福祉施設】兵庫県加古川市東神吉町神吉１８４４－５", "url": "https://www.kaigokensaku.mhlw.go.jp/28/index.php?action_kouhyou_detail_004_kani=true&JigyosyoCd=2872202417-00&ServiceCd=510&Type=search", "url2": "http://www.kakogawa-sakuraen.com/" }, "geometry": { "type": "Point", "coordinates": [ 134.833263699999947, 34.8018684 ] } },
{ "type": "Feature", "properties": { "内容": "特別養護老人ホーム　玄武会ヒルズ【介護老人福祉施設】兵庫県赤穂市片浜町227番地", "url": "https://www.kaigokensaku.mhlw.go.jp/28/index.php?action_kouhyou_detail_004_kani=true&JigyosyoCd=2874300359-00&ServiceCd=510&Type=search", "url2": "http://www.hakuho.or.jp/genbukai/" }, "geometry": { "type": "Point", "coordinates": [ 134.374682600000028, 34.7542699 ] } },
{ "type": "Feature", "properties": { "内容": "特別養護老人ホーム　瀬戸内ホーム【介護老人福祉施設】兵庫県赤穂市尾崎字向山2470番地469", "url": "https://www.kaigokensaku.mhlw.go.jp/28/index.php?action_kouhyou_detail_004_kani=true&JigyosyoCd=2874300078-00&ServiceCd=510&Type=search", "url2": "http://nagomi-ako.com/" }, "geometry": { "type": "Point", "coordinates": [ 134.420554574188174, 34.74393146187618 ] } },
{ "type": "Feature", "properties": { "内容": "特別養護老人ホーム　瀬戸内ホーム【介護老人福祉施設】兵庫県赤穂市尾崎向山2470番地469", "url": "https://www.kaigokensaku.mhlw.go.jp/28/index.php?action_kouhyou_detail_004_kani=true&JigyosyoCd=2874300573-00&ServiceCd=510&Type=search", "url2": "http://nagomi-ako.com/" }, "geometry": { "type": "Point", "coordinates": [ 134.420563585677428, 34.743934969296518 ] } },
{ "type": "Feature", "properties": { "内容": "特別養護老人ホーム　千種の苑【介護老人福祉施設】兵庫県赤穂市東有年６６４番地１", "url": "https://www.kaigokensaku.mhlw.go.jp/28/index.php?action_kouhyou_detail_004_kani=true&JigyosyoCd=2874300086-00&ServiceCd=510&Type=search", "url2": "http://www.shunjyukai.or.jp/" }, "geometry": { "type": "Point", "coordinates": [ 134.369407912164291, 34.82806468516776 ] } },
{ "type": "Feature", "properties": { "内容": "特別養護老人ホーム桜谷荘【介護老人福祉施設】兵庫県赤穂市塩屋３４５０番地の３８", "url": "https://www.kaigokensaku.mhlw.go.jp/28/index.php?action_kouhyou_detail_004_kani=true&JigyosyoCd=2874300060-00&ServiceCd=510&Type=search", "url2": "https://sakuradani-fukushikai.or.jp/" }, "geometry": { "type": "Point", "coordinates": [ 134.38014, 34.7681799 ] } },
{ "type": "Feature", "properties": { "内容": "介護老人福祉施設　櫂の家【介護老人福祉施設】浜市949番地", "url": "https://www.kaigokensaku.mhlw.go.jp/28/index.php?action_kouhyou_detail_004_kani=true&JigyosyoCd=2874300540-00&ServiceCd=510&Type=search", "url2": "http://www.hakuho.or.jp/genbukai/kainoie.html" }, "geometry": { "type": "Point", "coordinates": [ 134.421385824938966, 34.769181407997145 ] } },
{ "type": "Feature", "properties": { "内容": "特別養護老人ホームみぎわ園【介護老人福祉施設】兵庫県西脇市八坂町213-1", "url": "https://www.kaigokensaku.mhlw.go.jp/28/index.php?action_kouhyou_detail_004_kani=true&JigyosyoCd=2871800047-00&ServiceCd=510&Type=search", "url2": "http://www.migiwa.or.jp/" }, "geometry": { "type": "Point", "coordinates": [ 134.945530400000052, 34.9660878 ] } },
{ "type": "Feature", "properties": { "内容": "特別養護老人ホーム向陽苑【介護老人福祉施設】兵庫県西脇市黒田庄町黒田字北山783", "url": "https://www.kaigokensaku.mhlw.go.jp/28/index.php?action_kouhyou_detail_004_kani=true&JigyosyoCd=2872700147-00&ServiceCd=510&Type=search", "url2": "http://koyo-en.jp" }, "geometry": { "type": "Point", "coordinates": [ 135.012230807917803, 35.051096152143174 ] } },
{ "type": "Feature", "properties": { "内容": "特別養護老人ホーム　コモエスタにしわき【介護老人福祉施設】兵庫県西脇市蒲江551-1", "url": "https://www.kaigokensaku.mhlw.go.jp/28/index.php?action_kouhyou_detail_004_kani=true&JigyosyoCd=2871800666-00&ServiceCd=510&Type=search", "url2": "https://www.seihoukai-grp.com/comoestanishiwaki" }, "geometry": { "type": "Point", "coordinates": [ 134.987586700000065, 35.0106678 ] } },
{ "type": "Feature", "properties": { "内容": "特別養護老人ホーム　楽寿園【介護老人福祉施設】兵庫県　西脇市　前島町　２６０－１", "url": "https://www.kaigokensaku.mhlw.go.jp/28/index.php?action_kouhyou_detail_004_kani=true&JigyosyoCd=2871800054-00&ServiceCd=510&Type=search", "url2": "https://rakujuen.net/" }, "geometry": { "type": "Point", "coordinates": [ 134.962438900000052, 35.0241715 ] } },
{ "type": "Feature", "properties": { "内容": "特別養護老人ホーム　楽寿園（ユニット型）【介護老人福祉施設】兵庫県西脇市前島町２６０－１", "url": "https://www.kaigokensaku.mhlw.go.jp/28/index.php?action_kouhyou_detail_004_kani=true&JigyosyoCd=2871800609-00&ServiceCd=510&Type=search", "url2": "http://www.rakujuen.jp/" }, "geometry": { "type": "Point", "coordinates": [ 134.962438900000052, 35.0241715 ] } },
{ "type": "Feature", "properties": { "内容": "特別養護老人ホーム　オンベリーコ【介護老人福祉施設】兵庫県西脇市上比延町1422番地14", "url": "https://www.kaigokensaku.mhlw.go.jp/28/index.php?action_kouhyou_detail_004_kani=true&JigyosyoCd=2871800377-00&ServiceCd=510&Type=search", "url2": "http://www.seihoukai.com/onbelico/" }, "geometry": { "type": "Point", "coordinates": [ 135.016014600000062, 35.003625100000015 ] } },
{ "type": "Feature", "properties": { "内容": "宝塚清光苑【介護老人福祉施設】兵庫県宝塚市仁川団地4-15", "url": "https://www.kaigokensaku.mhlw.go.jp/28/index.php?action_kouhyou_detail_004_kani=true&JigyosyoCd=2871103673-00&ServiceCd=510&Type=search", "url2": "http//well-seikokai.jp" }, "geometry": { "type": "Point", "coordinates": [ 135.3505122, 34.7814866 ] } },
{ "type": "Feature", "properties": { "内容": "特別養護老人ホーム　宝塚シニアコミュニティ【介護老人福祉施設】兵庫県宝塚市大原野字南穴虫1－253", "url": "https://www.kaigokensaku.mhlw.go.jp/28/index.php?action_kouhyou_detail_004_kani=true&JigyosyoCd=2871100133-00&ServiceCd=510&Type=search", "url2": "http://www.yoneda-hospital.com/takaraduka/" }, "geometry": { "type": "Point", "coordinates": [ 135.305594299999939, 34.900857900000034 ] } },
{ "type": "Feature", "properties": { "内容": "特別養護老人ホーム　花屋敷栄光園【介護老人福祉施設】兵庫県宝塚市切畑字長尾山5-321", "url": "https://www.kaigokensaku.mhlw.go.jp/28/index.php?action_kouhyou_detail_004_kani=true&JigyosyoCd=2871100141-00&ServiceCd=510&Type=search", "url2": "http://www.seirei.or.jp/elderlyhome/hanayashiki/" }, "geometry": { "type": "Point", "coordinates": [ 135.3959797, 34.8399887 ] } },
{ "type": "Feature", "properties": { "内容": "特別養護老人ホーム　宝塚あいわ苑【介護老人福祉施設】兵庫県宝塚市中筋2丁目10番18号", "url": "https://www.kaigokensaku.mhlw.go.jp/28/index.php?action_kouhyou_detail_004_kani=true&JigyosyoCd=2871100497-00&ServiceCd=510&Type=search", "url2": "http://www.aijinkai.or.jp/takarazuka_aiwaen/" }, "geometry": { "type": "Point", "coordinates": [ 135.378248399999961, 34.819671 ] } },
{ "type": "Feature", "properties": { "内容": "特別養護老人ホーム　宝塚すみれ栄光園【介護老人福祉施設】兵庫県宝塚市弥生町2-2", "url": "https://www.kaigokensaku.mhlw.go.jp/28/index.php?action_kouhyou_detail_004_kani=true&JigyosyoCd=2871103277-00&ServiceCd=510&Type=search", "url2": "http://www.seirei.or.jp/tss/" }, "geometry": { "type": "Point", "coordinates": [ 135.367822299999943, 34.7975067 ] } },
{ "type": "Feature", "properties": { "内容": "特別養護老人ホーム　宝塚栄光園【介護老人福祉施設】宝塚市ゆずり葉台3-1-2", "url": "https://www.kaigokensaku.mhlw.go.jp/28/index.php?action_kouhyou_detail_004_kani=true&JigyosyoCd=2871100125-00&ServiceCd=510&Type=search", "url2": "http://www.seirei.or.jp/elderlyhome/takarazuka/" }, "geometry": { "type": "Point", "coordinates": [ 135.316201200000023, 34.7940705 ] } },
{ "type": "Feature", "properties": { "内容": "介護老人福祉施設　夢御殿山【介護老人福祉施設】宝塚市御殿山１丁目３番３号", "url": "https://www.kaigokensaku.mhlw.go.jp/28/index.php?action_kouhyou_detail_004_kani=true&JigyosyoCd=2871100802-00&ServiceCd=510&Type=search", "url2": "http://www.yume-t.net" }, "geometry": { "type": "Point", "coordinates": [ 135.349639900000057, 34.8160013 ] } },
{ "type": "Feature", "properties": { "内容": "特別養護老人ホーム宝塚まどか園【介護老人福祉施設】兵庫県宝塚市美座2丁目22-2", "url": "https://www.kaigokensaku.mhlw.go.jp/28/index.php?action_kouhyou_detail_004_kani=true&JigyosyoCd=2871101271-00&ServiceCd=510&Type=search", "url2": "https://www.shoukyu.or.jp/campus/takarazuka" }, "geometry": { "type": "Point", "coordinates": [ 135.354301, 34.8059164 ] } },
{ "type": "Feature", "properties": { "内容": "宝塚ちどり【介護老人福祉施設】兵庫県宝塚市亀井町１０番３０号", "url": "https://www.kaigokensaku.mhlw.go.jp/28/index.php?action_kouhyou_detail_004_kani=true&JigyosyoCd=2871101479-00&ServiceCd=510&Type=search", "url2": "https://www.chidori.or.jp" }, "geometry": { "type": "Point", "coordinates": [ 135.363411700000029, 34.7930266 ] } },
{ "type": "Feature", "properties": { "内容": "特別養護老人ホーム　ケアホーム中山ちどり【介護老人福祉施設】兵庫県宝塚市中山桜台1丁目7番1号", "url": "https://www.kaigokensaku.mhlw.go.jp/28/index.php?action_kouhyou_detail_004_kani=true&JigyosyoCd=2871102519-00&ServiceCd=510&Type=search", "url2": "http://www.chidori.or.jp" }, "geometry": { "type": "Point", "coordinates": [ 135.3680213, 34.8307 ] } },
{ "type": "Feature", "properties": { "内容": "介護老人福祉施設　星花苑【介護老人福祉施設】兵庫県宝塚市川面長尾山15-16", "url": "https://www.kaigokensaku.mhlw.go.jp/28/index.php?action_kouhyou_detail_004_kani=true&JigyosyoCd=2871100646-00&ServiceCd=510&Type=search", "url2": "http://www.toujukai.jp/" }, "geometry": { "type": "Point", "coordinates": [ 135.337985099999969, 34.8206758 ] } },
{ "type": "Feature", "properties": { "内容": "特別養護老人ホーム　グリーンホーム三木【介護老人福祉施設】兵庫県三木市与呂木683-397", "url": "https://www.kaigokensaku.mhlw.go.jp/28/index.php?action_kouhyou_detail_004_kani=true&JigyosyoCd=2872300104-00&ServiceCd=510&Type=search", "url2": "http://yuwa-fukushikai.or.jp/" }, "geometry": { "type": "Point", "coordinates": [ 135.0092922, 34.8074929 ] } },
{ "type": "Feature", "properties": { "内容": "特別養護老人ホーム　みずき【介護老人福祉施設】兵庫県三木市加佐58-1", "url": "https://www.kaigokensaku.mhlw.go.jp/28/index.php?action_kouhyou_detail_004_kani=true&JigyosyoCd=2872301359-00&ServiceCd=510&Type=search", "url2": "http://www.mizuki-nh.com" }, "geometry": { "type": "Point", "coordinates": [ 134.983927252778614, 34.802911913061742 ] } },
{ "type": "Feature", "properties": { "内容": "特別養護老人ホームえびすの郷【介護老人福祉施設】兵庫県三木市大塚206-6", "url": "https://www.kaigokensaku.mhlw.go.jp/28/index.php?action_kouhyou_detail_004_kani=true&JigyosyoCd=2872301102-00&ServiceCd=510&Type=search", "url2": "https://ebisunosato.com" }, "geometry": { "type": "Point", "coordinates": [ 134.999543099999983, 34.8001742 ] } },
{ "type": "Feature", "properties": { "内容": "特別養護老人ホーム　しゅうらく苑【介護老人福祉施設】兵庫県三木市別所町興治１５８８番地", "url": "https://www.kaigokensaku.mhlw.go.jp/28/index.php?action_kouhyou_detail_004_kani=true&JigyosyoCd=2872300096-00&ServiceCd=510&Type=search", "url2": "http://shuraku.upper.jp" }, "geometry": { "type": "Point", "coordinates": [ 134.970906265251216, 34.769008126981859 ] } },
{ "type": "Feature", "properties": { "内容": "介護老人福祉施設　カトレア三木【介護老人福祉施設】兵庫県三木市福井１９８１－１", "url": "https://www.kaigokensaku.mhlw.go.jp/28/index.php?action_kouhyou_detail_004_kani=true&JigyosyoCd=2872300708-00&ServiceCd=510&Type=search", "url2": "http://www.imwg.or.jp/miki/" }, "geometry": { "type": "Point", "coordinates": [ 134.990907057672104, 34.792426851479469 ] } },
{ "type": "Feature", "properties": { "内容": "高齢者総合福祉施設　さざんかの郷【介護老人福祉施設】兵庫県三木市吉川町大沢４１８番地", "url": "https://www.kaigokensaku.mhlw.go.jp/28/index.php?action_kouhyou_detail_004_kani=true&JigyosyoCd=2872400029-00&ServiceCd=510&Type=search", "url2": "http://www.sazankanosato.com" }, "geometry": { "type": "Point", "coordinates": [ 135.121250599999939, 34.8835051 ] } },
{ "type": "Feature", "properties": { "内容": "特別養護老人ホーム　りんどうの里【介護老人福祉施設】兵庫県三木市志染町四合谷字伊賀ノ垣341番地", "url": "https://www.kaigokensaku.mhlw.go.jp/28/index.php?action_kouhyou_detail_004_kani=true&JigyosyoCd=2872300294-00&ServiceCd=510&Type=search", "url2": "http://rindounosato.or.jp/" }, "geometry": { "type": "Point", "coordinates": [ 135.02433259999998, 34.7812509 ] } },
{ "type": "Feature", "properties": { "内容": "特別養護老人ホームのじぎくの里【介護老人福祉施設】兵庫県高砂市北浜町西浜773-3", "url": "https://www.kaigokensaku.mhlw.go.jp/28/index.php?action_kouhyou_detail_004_kani=true&JigyosyoCd=2872100322-00&ServiceCd=510&Type=search", "url2": "http://www.nojigiku.or.jp/" }, "geometry": { "type": "Point", "coordinates": [ 134.748401800000011, 34.7855176 ] } },
{ "type": "Feature", "properties": { "内容": "特別養護老人ホームサンリットひまわり園【介護老人福祉施設】高砂市高砂町松波町４４０番５", "url": "https://www.kaigokensaku.mhlw.go.jp/28/index.php?action_kouhyou_detail_004_kani=true&JigyosyoCd=2872100066-00&ServiceCd=510&Type=search", "url2": "http://care-net.biz/28/matunami" }, "geometry": { "type": "Point", "coordinates": [ 134.797315900000058, 34.7527138 ] } },
{ "type": "Feature", "properties": { "内容": "特別養護老人ホームサンリットひまわり園（ユニット型）【介護老人福祉施設】兵庫県高砂市高砂町松波町４４０－５", "url": "https://www.kaigokensaku.mhlw.go.jp/28/index.php?action_kouhyou_detail_004_kani=true&JigyosyoCd=2872100983-00&ServiceCd=510&Type=search", "url2": "http://care-net.biz/28/matunami" }, "geometry": { "type": "Point", "coordinates": [ 134.797399199999973, 34.7527638 ] } },
{ "type": "Feature", "properties": { "内容": "特別養護老人ホームめぐみ苑【介護老人福祉施設】兵庫県高砂市阿弥陀町阿弥陀４３番の１", "url": "https://www.kaigokensaku.mhlw.go.jp/28/index.php?action_kouhyou_detail_004_kani=true&JigyosyoCd=2872100082-00&ServiceCd=510&Type=search", "url2": "http://www.megumien.jp" }, "geometry": { "type": "Point", "coordinates": [ 134.786457199999973, 34.79779 ] } },
{ "type": "Feature", "properties": { "内容": "特別養護老人ホーム常寿園【介護老人福祉施設】兵庫県高砂市北浜町牛谷721-1", "url": "https://www.kaigokensaku.mhlw.go.jp/28/index.php?action_kouhyou_detail_004_kani=true&JigyosyoCd=2872100074-00&ServiceCd=510&Type=search", "url2": "http://www.jyoujyuen.com/" }, "geometry": { "type": "Point", "coordinates": [ 134.7606667, 34.7934785 ] } },
{ "type": "Feature", "properties": { "内容": "特別養護老人ホームやわらぎの里清和台【介護老人福祉施設】兵庫県川西市清和台東４丁目５－２６", "url": "https://www.kaigokensaku.mhlw.go.jp/28/index.php?action_kouhyou_detail_004_kani=true&JigyosyoCd=2873100867-00&ServiceCd=510&Type=search", "url2": "http://www.plusone-goroup.co.jp/" }, "geometry": { "type": "Point", "coordinates": [ 135.395521199999962, 34.8719662 ] } },
{ "type": "Feature", "properties": { "内容": "特別養護老人ホーム　やわらぎの里　西多田【介護老人福祉施設】西多田2丁目1-7", "url": "https://www.kaigokensaku.mhlw.go.jp/28/index.php?action_kouhyou_detail_004_kani=true&JigyosyoCd=2873102392-00&ServiceCd=510&Type=search", "url2": "http://www.plusone-group.co.jp/showakai/" }, "geometry": { "type": "Point", "coordinates": [ 135.406349399999954, 34.8531212 ] } },
{ "type": "Feature", "properties": { "内容": "特別養護老人ホームさぎそう園【介護老人福祉施設】兵庫県川西市丸山台３丁目５番地の６", "url": "https://www.kaigokensaku.mhlw.go.jp/28/index.php?action_kouhyou_detail_004_kani=true&JigyosyoCd=2873100123-00&ServiceCd=510&Type=search", "url2": "http://www.seisin.or.jp" }, "geometry": { "type": "Point", "coordinates": [ 135.408205800000019, 34.9154829 ] } },
{ "type": "Feature", "properties": { "内容": "介護老人福祉施設　あいな清和苑　あいなホーム【介護老人福祉施設】川西市久代６丁目１番９８号", "url": "https://www.kaigokensaku.mhlw.go.jp/28/index.php?action_kouhyou_detail_004_kani=true&JigyosyoCd=2873101741-00&ServiceCd=510&Type=search", "url2": "https://www.ufo-group.jp/" }, "geometry": { "type": "Point", "coordinates": [ 135.4183481, 34.8028678 ] } },
{ "type": "Feature", "properties": { "内容": "特別養護老人ホーム　清和苑ゆうホーム【介護老人福祉施設】川西市清和台東2丁目4番地３２", "url": "https://www.kaigokensaku.mhlw.go.jp/28/index.php?action_kouhyou_detail_004_kani=true&JigyosyoCd=2873100131-00&ServiceCd=510&Type=search", "url2": "http://www.ufo-group.jp" }, "geometry": { "type": "Point", "coordinates": [ 135.392024399999968, 34.8758576 ] } },
{ "type": "Feature", "properties": { "内容": "特別養護老人ホーム湯々館【介護老人福祉施設】兵庫県川西市西多田字平井田筋５番地", "url": "https://www.kaigokensaku.mhlw.go.jp/28/index.php?action_kouhyou_detail_004_kani=true&JigyosyoCd=2873100453-00&ServiceCd=510&Type=search", "url2": "http://toto-kan.org/" }, "geometry": { "type": "Point", "coordinates": [ 135.399109800000019, 34.8517237 ] } },
{ "type": "Feature", "properties": { "内容": "特別養護老人ホーム　やわらぎの里東谷【介護老人福祉施設】兵庫県川西市一庫字北中島1-1", "url": "https://www.kaigokensaku.mhlw.go.jp/28/index.php?action_kouhyou_detail_004_kani=true&JigyosyoCd=2873101170-00&ServiceCd=510&Type=search", "url2": "http://www.plusone-group.co.jp/showakai/index.html" }, "geometry": { "type": "Point", "coordinates": [ 135.403031400000032, 34.9006506 ] } },
{ "type": "Feature", "properties": { "内容": "ハピネス川西特別養護老人ホーム【介護老人福祉施設】兵庫県川西市加茂3丁目13番26号", "url": "https://www.kaigokensaku.mhlw.go.jp/28/index.php?action_kouhyou_detail_004_kani=true&JigyosyoCd=2873101428-00&ServiceCd=510&Type=search", "url2": "http://www.seisin.or.jp/" }, "geometry": { "type": "Point", "coordinates": [ 135.402485399999932, 34.8130084 ] } },
{ "type": "Feature", "properties": { "内容": "特別養護老人ホーム　やわらぎの里ぷらす館【介護老人福祉施設】兵庫県　川西市　清和台東4丁目５－１", "url": "https://www.kaigokensaku.mhlw.go.jp/28/index.php?action_kouhyou_detail_004_kani=true&JigyosyoCd=2873101642-00&ServiceCd=510&Type=search", "url2": "http://www.plusone-group.co.jp/showakai/index.html" }, "geometry": { "type": "Point", "coordinates": [ 135.39586840000004, 34.8707107 ] } },
{ "type": "Feature", "properties": { "内容": "特別養護老人ホーム　なごみの杜【介護老人福祉施設】兵庫県小野市天神町973番", "url": "https://www.kaigokensaku.mhlw.go.jp/28/index.php?action_kouhyou_detail_004_kani=true&JigyosyoCd=2871900664-00&ServiceCd=510&Type=search", "url2": "http://www.nagomi.eikofukushi2007.or.jp/" }, "geometry": { "type": "Point", "coordinates": [ 134.9424477, 34.8450718 ] } },
{ "type": "Feature", "properties": { "内容": "特別養護老人ホーム　粟生逢花苑【介護老人福祉施設】小野市粟生町字前田３６１０－１", "url": "https://www.kaigokensaku.mhlw.go.jp/28/index.php?action_kouhyou_detail_004_kani=true&JigyosyoCd=2871900086-00&ServiceCd=510&Type=search", "url2": "http://www.aoyama-med.gr.jp/ontokuwelfare/" }, "geometry": { "type": "Point", "coordinates": [ 134.908455800447086, 34.856937816129154 ] } },
{ "type": "Feature", "properties": { "内容": "特別養護老人ホーム青山荘【介護老人福祉施設】兵庫県小野市復井町673番地20", "url": "https://www.kaigokensaku.mhlw.go.jp/28/index.php?action_kouhyou_detail_004_kani=true&JigyosyoCd=2871900078-00&ServiceCd=510&Type=search", "url2": "https://seizansou.or.jp/" }, "geometry": { "type": "Point", "coordinates": [ 134.934782942327843, 34.900159900742608 ] } },
{ "type": "Feature", "properties": { "内容": "高齢者総合ケア福祉施設ふたばの里【介護老人福祉施設】小野市二葉町８０番地の１２３", "url": "https://www.kaigokensaku.mhlw.go.jp/28/index.php?action_kouhyou_detail_004_kani=true&JigyosyoCd=2871900342-00&ServiceCd=510&Type=search", "url2": "https://hinode.or.jp/establishment/futabanosato/" }, "geometry": { "type": "Point", "coordinates": [ 134.946528100000023, 34.8395001 ] } },
{ "type": "Feature", "properties": { "内容": "特別養護老人ホームくつろぎの杜【介護老人福祉施設】兵庫県小野市市場町926番462", "url": "https://www.kaigokensaku.mhlw.go.jp/28/index.php?action_kouhyou_detail_004_kani=true&JigyosyoCd=2871900789-00&ServiceCd=510&Type=search", "url2": "http://www.yasuragi-swc.or.jp" }, "geometry": { "type": "Point", "coordinates": [ 134.953587365220642, 34.829710732872385 ] } },
{ "type": "Feature", "properties": { "内容": "三田楽寿荘【介護老人福祉施設】兵庫県三田市東本庄1188番地", "url": "https://www.kaigokensaku.mhlw.go.jp/28/index.php?action_kouhyou_detail_004_kani=true&JigyosyoCd=2871200099-00&ServiceCd=510&Type=search", "url2": "http://www.hirakataryoiku-med.or.jp/sanda/" }, "geometry": { "type": "Point", "coordinates": [ 135.16604687182766, 34.955469593499529 ] } },
{ "type": "Feature", "properties": { "内容": "特別養護老人ホーム　オーキッド【介護老人福祉施設】兵庫県三田市駅前町3番15号101", "url": "https://www.kaigokensaku.mhlw.go.jp/28/index.php?action_kouhyou_detail_004_kani=true&JigyosyoCd=2871201386-00&ServiceCd=510&Type=search", "url2": "http://www.reimeikai.org/orchid/" }, "geometry": { "type": "Point", "coordinates": [ 135.2284115, 34.8876795 ] } },
{ "type": "Feature", "properties": { "内容": "特別養護老人ホーム　サンウエスト【介護老人福祉施設】兵庫県三田市小野1139番地1", "url": "https://www.kaigokensaku.mhlw.go.jp/28/index.php?action_kouhyou_detail_004_kani=true&JigyosyoCd=2871200180-00&ServiceCd=510&Type=search", "url2": "http://www.sunwest-kaigo.jp" }, "geometry": { "type": "Point", "coordinates": [ 135.232121399999983, 34.9522718 ] } },
{ "type": "Feature", "properties": { "内容": "特別養護老人ホームさんすい園【介護老人福祉施設】兵庫県三田市下相野薬師尾1460番地の1", "url": "https://www.kaigokensaku.mhlw.go.jp/28/index.php?action_kouhyou_detail_004_kani=true&JigyosyoCd=2871200081-00&ServiceCd=510&Type=search", "url2": "http://sansui-en.org" }, "geometry": { "type": "Point", "coordinates": [ 135.165475415019273, 34.938781436399964 ] } },
{ "type": "Feature", "properties": { "内容": "特別養護老人ホームゼフィール三田【介護老人福祉施設】兵庫県三田市富士が丘5丁目17番3", "url": "https://www.kaigokensaku.mhlw.go.jp/28/index.php?action_kouhyou_detail_004_kani=true&JigyosyoCd=2871200727-00&ServiceCd=510&Type=search", "url2": "http://keijyukinenkai.or.jp/" }, "geometry": { "type": "Point", "coordinates": [ 135.203325, 34.892321 ] } },
{ "type": "Feature", "properties": { "内容": "特別養護老人ホームさんすい園【介護老人福祉施設】兵庫県三田市下相野薬師尾1460番地の1", "url": "https://www.kaigokensaku.mhlw.go.jp/28/index.php?action_kouhyou_detail_004_kani=true&JigyosyoCd=2871201121-00&ServiceCd=510&Type=search", "url2": "http://sansui-en.org" }, "geometry": { "type": "Point", "coordinates": [ 135.165338622359513, 34.938752852259846 ] } },
{ "type": "Feature", "properties": { "内容": "特別養護老人ホーム　サンサリテ三田【介護老人福祉施設】兵庫県三田市中町１６-３", "url": "https://www.kaigokensaku.mhlw.go.jp/28/index.php?action_kouhyou_detail_004_kani=true&JigyosyoCd=2871201568-00&ServiceCd=510&Type=search", "url2": "https://www.sincerite-kenwakai.com/" }, "geometry": { "type": "Point", "coordinates": [ 135.2326313, 34.8842583 ] } },
{ "type": "Feature", "properties": { "内容": "特別養護老人ホーム　第二サルビア荘【介護老人福祉施設】兵庫県加西市国正町１９３１－２", "url": "https://www.kaigokensaku.mhlw.go.jp/28/index.php?action_kouhyou_detail_004_kani=true&JigyosyoCd=2872600107-00&ServiceCd=510&Type=search", "url2": "http://www.enyuukai.jp" }, "geometry": { "type": "Point", "coordinates": [ 134.933443300000022, 34.943487 ] } },
{ "type": "Feature", "properties": { "内容": "特別養護老人ホーム加西の里【介護老人福祉施設】兵庫県加西市段下町８４８－１４", "url": "https://www.kaigokensaku.mhlw.go.jp/28/index.php?action_kouhyou_detail_004_kani=true&JigyosyoCd=2872600099-00&ServiceCd=510&Type=search", "url2": null }, "geometry": { "type": "Point", "coordinates": [ 134.844069200000035, 34.9077499 ] } },
{ "type": "Feature", "properties": { "内容": "特別養護老人ホーム　春夏秋冬【介護老人福祉施設】兵庫県加西市坂本町１０２７－５", "url": "https://www.kaigokensaku.mhlw.go.jp/28/index.php?action_kouhyou_detail_004_kani=true&JigyosyoCd=2872600271-00&ServiceCd=510&Type=search", "url2": "keiaigojokai@mve.biglobe.ne.jp" }, "geometry": { "type": "Point", "coordinates": [ 134.825332, 34.8713001 ] } },
{ "type": "Feature", "properties": { "内容": "特別養護老人ホーム　和寿園【介護老人福祉施設】丹波篠山市高屋19番地2", "url": "https://www.kaigokensaku.mhlw.go.jp/28/index.php?action_kouhyou_detail_004_kani=true&JigyosyoCd=2871400145-00&ServiceCd=510&Type=search", "url2": "http://wajuen.jp" }, "geometry": { "type": "Point", "coordinates": [ 135.176801599999976, 35.090031300000021 ] } },
{ "type": "Feature", "properties": { "内容": "特別養護老人ホーム　篠山すみれ園【介護老人福祉施設】兵庫県丹波篠山市今田町釜屋35番地", "url": "https://www.kaigokensaku.mhlw.go.jp/28/index.php?action_kouhyou_detail_004_kani=true&JigyosyoCd=2871400301-00&ServiceCd=510&Type=search", "url2": "http://www.sumire.or.jp" }, "geometry": { "type": "Point", "coordinates": [ 135.1291714, 34.962589185130312 ] } },
{ "type": "Feature", "properties": { "内容": "介護老人福祉施設　やまゆりの里【介護老人福祉施設】兵庫県丹波篠山市福住657-2", "url": "https://www.kaigokensaku.mhlw.go.jp/28/index.php?action_kouhyou_detail_004_kani=true&JigyosyoCd=2871400137-00&ServiceCd=510&Type=search", "url2": "http://yamayurinosato.com" }, "geometry": { "type": "Point", "coordinates": [ 135.343895314834242, 35.070158504249051 ] } },
{ "type": "Feature", "properties": { "内容": "特別養護老人ホーム　やすらぎ園【介護老人福祉施設】兵庫県丹波篠山市味間奥字水坂ノ坪８３３番地３", "url": "https://www.kaigokensaku.mhlw.go.jp/28/index.php?action_kouhyou_detail_004_kani=true&JigyosyoCd=2871400152-00&ServiceCd=510&Type=search", "url2": "https://sasayama-yasuragien.com/" }, "geometry": { "type": "Point", "coordinates": [ 135.138816, 35.059569 ] } },
{ "type": "Feature", "properties": { "内容": "特別養護老人ホーム　やすらぎ園【介護老人福祉施設】兵庫県丹波篠山市味間奥字水坂ノ坪833番地3", "url": "https://www.kaigokensaku.mhlw.go.jp/28/index.php?action_kouhyou_detail_004_kani=true&JigyosyoCd=2871400665-00&ServiceCd=510&Type=search", "url2": "https://sasayama-yasuragien.com/" }, "geometry": { "type": "Point", "coordinates": [ 135.138813702810694, 35.059614221908298 ] } },
{ "type": "Feature", "properties": { "内容": "特別養護老人ホームかるべの郷さざんか【介護老人福祉施設】兵庫県養父市十二所８７１番地", "url": "https://www.kaigokensaku.mhlw.go.jp/28/index.php?action_kouhyou_detail_004_kani=true&JigyosyoCd=2874800630-00&ServiceCd=510&Type=search", "url2": "https://www.karubenosato.com" }, "geometry": { "type": "Point", "coordinates": [ 134.7713989, 35.3812097 ] } },
{ "type": "Feature", "properties": { "内容": "特別養護老人ホームはちぶせの里【介護老人福祉施設】兵庫県養父市尾崎1327番地", "url": "https://www.kaigokensaku.mhlw.go.jp/28/index.php?action_kouhyou_detail_004_kani=true&JigyosyoCd=2874800598-00&ServiceCd=510&Type=search", "url2": "https://hachibusenosato.com/" }, "geometry": { "type": "Point", "coordinates": [ 134.653475100000037, 35.3790413 ] } },
{ "type": "Feature", "properties": { "内容": "特別養護老人ホーム妙見荘【介護老人福祉施設】兵庫県養父市八鹿町小山字西家ノ上３０７番地１", "url": "https://www.kaigokensaku.mhlw.go.jp/28/index.php?action_kouhyou_detail_004_kani=true&JigyosyoCd=2874800051-00&ServiceCd=510&Type=search", "url2": "http://tajima-fukushien.jp/" }, "geometry": { "type": "Point", "coordinates": [ 134.751533538592554, 35.401556687355402 ] } },
{ "type": "Feature", "properties": { "内容": "特別養護老人ホーム　おおやの郷【介護老人福祉施設】兵庫県養父市大屋町笠谷４１番地", "url": "https://www.kaigokensaku.mhlw.go.jp/28/index.php?action_kouhyou_detail_004_kani=true&JigyosyoCd=2874800077-00&ServiceCd=510&Type=search", "url2": "http://www.aso.or.jp/" }, "geometry": { "type": "Point", "coordinates": [ 134.660711, 35.3325772 ] } },
{ "type": "Feature", "properties": { "内容": "特別養護老人ホーム　おかの花【介護老人福祉施設】兵庫県丹波市春日町山田１７０", "url": "https://www.kaigokensaku.mhlw.go.jp/28/index.php?action_kouhyou_detail_004_kani=true&JigyosyoCd=2871300162-00&ServiceCd=510&Type=search", "url2": "http://okanohana.jp/" }, "geometry": { "type": "Point", "coordinates": [ 135.083860700000059, 35.1842307 ] } },
{ "type": "Feature", "properties": { "内容": "特別養護老人ホームおかの花【介護老人福祉施設】兵庫県丹波市春日町山田170", "url": "https://www.kaigokensaku.mhlw.go.jp/28/index.php?action_kouhyou_detail_004_kani=true&JigyosyoCd=2871301509-00&ServiceCd=510&Type=search", "url2": "http://okanohana.jp" }, "geometry": { "type": "Point", "coordinates": [ 135.083860700000059, 35.1842307 ] } },
{ "type": "Feature", "properties": { "内容": "特別養護老人ホーム丹寿荘【介護老人福祉施設】兵庫県丹波市市島町上竹田2336-1", "url": "https://www.kaigokensaku.mhlw.go.jp/28/index.php?action_kouhyou_detail_004_kani=true&JigyosyoCd=2871300832-00&ServiceCd=510&Type=search", "url2": "http://www.hwc.or.jp/tanju/" }, "geometry": { "type": "Point", "coordinates": [ 135.126311799999939, 35.2345175 ] } },
{ "type": "Feature", "properties": { "内容": "特別養護老人ホーム松寿園【介護老人福祉施設】兵庫県丹波市氷上町新郷１７０５番地", "url": "https://www.kaigokensaku.mhlw.go.jp/28/index.php?action_kouhyou_detail_004_kani=true&JigyosyoCd=2871300147-00&ServiceCd=510&Type=search", "url2": "http://aobahukushikai.com" }, "geometry": { "type": "Point", "coordinates": [ 135.0198447, 35.1478825 ] } },
{ "type": "Feature", "properties": { "内容": "特別養護老人ホーム山路園【介護老人福祉施設】兵庫県丹波市山南町野坂181-1", "url": "https://www.kaigokensaku.mhlw.go.jp/28/index.php?action_kouhyou_detail_004_kani=true&JigyosyoCd=2871300170-00&ServiceCd=510&Type=search", "url2": "http://www.yamajien.orjp" }, "geometry": { "type": "Point", "coordinates": [ 135.000834299999951, 35.0854135 ] } },
{ "type": "Feature", "properties": { "内容": "特別養護老人ホーム柏原けやき苑【介護老人福祉施設】兵庫県丹波市柏原町北山２８９－１", "url": "https://www.kaigokensaku.mhlw.go.jp/28/index.php?action_kouhyou_detail_004_kani=true&JigyosyoCd=2871300527-00&ServiceCd=510&Type=search", "url2": "http://www.kaibara-keyaki.or.jp/" }, "geometry": { "type": "Point", "coordinates": [ 135.044454200000018, 35.1353687 ] } },
{ "type": "Feature", "properties": { "内容": "特別養護老人ホーム柏原けやき苑【介護老人福祉施設】兵庫県丹波市柏原町北山289-1", "url": "https://www.kaigokensaku.mhlw.go.jp/28/index.php?action_kouhyou_detail_004_kani=true&JigyosyoCd=2871301558-00&ServiceCd=510&Type=search", "url2": "http://www.kaibara-keyaki.or.jp/" }, "geometry": { "type": "Point", "coordinates": [ 135.044454200000018, 35.1353687 ] } },
{ "type": "Feature", "properties": { "内容": "特別養護老人ホームふれあいの郷「もくせい」【介護老人福祉施設】兵庫県丹波市青垣町東芦田1303番地1303", "url": "https://www.kaigokensaku.mhlw.go.jp/28/index.php?action_kouhyou_detail_004_kani=true&JigyosyoCd=2871300154-00&ServiceCd=510&Type=search", "url2": "http://keijyukinenkai.or.jp/" }, "geometry": { "type": "Point", "coordinates": [ 135.037305, 35.2366013 ] } },
{ "type": "Feature", "properties": { "内容": "特別養護老人ホームフローラせいだん【介護老人福祉施設】兵庫県南あわじ市津井1804番地2", "url": "https://www.kaigokensaku.mhlw.go.jp/28/index.php?action_kouhyou_detail_004_kani=true&JigyosyoCd=2871701179-00&ServiceCd=510&Type=search", "url2": "www.mima-gr.jp/tanhou/index.html" }, "geometry": { "type": "Point", "coordinates": [ 134.6905051, 34.3212449 ] } },
{ "type": "Feature", "properties": { "内容": "特別養護老人ホーム　フローラせいだん【介護老人福祉施設】兵庫県南あわじ市津井1804番地2", "url": "https://www.kaigokensaku.mhlw.go.jp/28/index.php?action_kouhyou_detail_004_kani=true&JigyosyoCd=2871701187-00&ServiceCd=510&Type=search", "url2": "www.mima-gr.jp/tanhou/index.html" }, "geometry": { "type": "Point", "coordinates": [ 134.6905051, 34.3212449 ] } },
{ "type": "Feature", "properties": { "内容": "特別養護老人ホームすいせんホーム【介護老人福祉施設】兵庫県南あわじ市賀集野田７６４", "url": "https://www.kaigokensaku.mhlw.go.jp/28/index.php?action_kouhyou_detail_004_kani=true&JigyosyoCd=2871700841-00&ServiceCd=510&Type=search", "url2": "http://awaji-yasuragi.jp/" }, "geometry": { "type": "Point", "coordinates": [ 134.7675686, 34.2648771 ] } },
{ "type": "Feature", "properties": { "内容": "特別養護老人ホームすいせんホーム【介護老人福祉施設】兵庫県南あわじ市賀集野田764", "url": "https://www.kaigokensaku.mhlw.go.jp/28/index.php?action_kouhyou_detail_004_kani=true&JigyosyoCd=2871701146-00&ServiceCd=510&Type=search", "url2": "http://awaji-yasuragi.jp/" }, "geometry": { "type": "Point", "coordinates": [ 134.767729700000018, 34.2649187 ] } },
{ "type": "Feature", "properties": { "内容": "特別養護老人ホーム緑風館【介護老人福祉施設】兵庫県南あわじ市広田中筋1025-19", "url": "https://www.kaigokensaku.mhlw.go.jp/28/index.php?action_kouhyou_detail_004_kani=true&JigyosyoCd=2871700122-00&ServiceCd=510&Type=search", "url2": "http://ryokufuukan.sakura.ne.jp" }, "geometry": { "type": "Point", "coordinates": [ 134.831883699999906, 34.3169393 ] } },
{ "type": "Feature", "properties": { "内容": "特別養護老人ホーム　翁寿園【介護老人福祉施設】兵庫県南あわじ市八木寺内373-1", "url": "https://www.kaigokensaku.mhlw.go.jp/28/index.php?action_kouhyou_detail_004_kani=true&JigyosyoCd=2871700148-00&ServiceCd=510&Type=search", "url2": "https://awajishima-fukushikai.or.jp/" }, "geometry": { "type": "Point", "coordinates": [ 134.797748800000022, 34.2793235 ] } },
{ "type": "Feature", "properties": { "内容": "特別養護老人ホーム太陽の家【介護老人福祉施設】兵庫県南あわじ市八木養宜上1018番地", "url": "https://www.kaigokensaku.mhlw.go.jp/28/index.php?action_kouhyou_detail_004_kani=true&JigyosyoCd=2871700346-00&ServiceCd=510&Type=search", "url2": "http://www.taiyonoie.jp" }, "geometry": { "type": "Point", "coordinates": [ 134.810146900000063, 34.3052429 ] } },
{ "type": "Feature", "properties": { "内容": "特別養護老人ホーム太陽の家（ユニット型）【介護老人福祉施設】兵庫県南あわじ市八木養宜上1018番地", "url": "https://www.kaigokensaku.mhlw.go.jp/28/index.php?action_kouhyou_detail_004_kani=true&JigyosyoCd=2871701047-00&ServiceCd=510&Type=search", "url2": "http://www.taiyonoie.jp" }, "geometry": { "type": "Point", "coordinates": [ 134.810149760713188, 34.305384725444164 ] } },
{ "type": "Feature", "properties": { "内容": "特別養護老人ホームどんぐりの里【介護老人福祉施設】松帆檪田５５０番地", "url": "https://www.kaigokensaku.mhlw.go.jp/28/index.php?action_kouhyou_detail_004_kani=true&JigyosyoCd=2871700858-00&ServiceCd=510&Type=search", "url2": "https://www.mikarikai.jp/" }, "geometry": { "type": "Point", "coordinates": [ 134.738172500000019, 34.3159627 ] } },
{ "type": "Feature", "properties": { "内容": "特別養護老人ホームいくの喜楽苑【介護老人福祉施設】兵庫県朝来市生野町竹原野240番地", "url": "https://www.kaigokensaku.mhlw.go.jp/28/index.php?action_kouhyou_detail_004_kani=true&JigyosyoCd=2874900059-00&ServiceCd=510&Type=search", "url2": "http://www.kirakuen.or.jp" }, "geometry": { "type": "Point", "coordinates": [ 134.818056800000022, 35.1793436 ] } },
{ "type": "Feature", "properties": { "内容": "特別養護老人ホームあさがおホール【介護老人福祉施設】兵庫県朝来市新井１４８", "url": "https://www.kaigokensaku.mhlw.go.jp/28/index.php?action_kouhyou_detail_004_kani=true&JigyosyoCd=2874900539-00&ServiceCd=510&Type=search", "url2": "http://himawari-mission.com/" }, "geometry": { "type": "Point", "coordinates": [ 134.797007099999973, 35.2451669 ] } },
{ "type": "Feature", "properties": { "内容": "特別養護老人ホーム緑風の郷【介護老人福祉施設】兵庫県朝来市山東町一品４２４番地特別養護老人ホーム緑風の郷", "url": "https://www.kaigokensaku.mhlw.go.jp/28/index.php?action_kouhyou_detail_004_kani=true&JigyosyoCd=2874900075-00&ServiceCd=510&Type=search", "url2": "http://www.aso.or.jp/" }, "geometry": { "type": "Point", "coordinates": [ 134.909409800000049, 35.306918299999985 ] } },
{ "type": "Feature", "properties": { "内容": "特別養護老人ホ－ム　平生園【介護老人福祉施設】兵庫県朝来市和田山町竹田1779番地", "url": "https://www.kaigokensaku.mhlw.go.jp/28/index.php?action_kouhyou_detail_004_kani=true&JigyosyoCd=2874900067-00&ServiceCd=510&Type=search", "url2": "http://www.kobeseirei.or.jp/" }, "geometry": { "type": "Point", "coordinates": [ 134.841630200000054, 35.294676 ] } },
{ "type": "Feature", "properties": { "内容": "特別養護老人ホーム　ゆうらぎ【介護老人福祉施設】兵庫県淡路市育波字西地558番地２", "url": "https://www.kaigokensaku.mhlw.go.jp/28/index.php?action_kouhyou_detail_004_kani=true&JigyosyoCd=2871600884-00&ServiceCd=510&Type=search", "url2": "http://www.chidorikai.or.jp" }, "geometry": { "type": "Point", "coordinates": [ 134.891896, 34.5278694 ] } },
{ "type": "Feature", "properties": { "内容": "特別養護老人ホーム　千鳥会ゴールド【介護老人福祉施設】兵庫県淡路市大町畑字丈尺597番地4", "url": "https://www.kaigokensaku.mhlw.go.jp/28/index.php?action_kouhyou_detail_004_kani=true&JigyosyoCd=2871600157-00&ServiceCd=510&Type=search", "url2": "http://www.chidorikai.com" }, "geometry": { "type": "Point", "coordinates": [ 134.861575499999958, 34.4345401 ] } },
{ "type": "Feature", "properties": { "内容": "特別養護老人ホームあわじ荘【介護老人福祉施設】淡路市野島貴船２２９－１", "url": "https://www.kaigokensaku.mhlw.go.jp/28/index.php?action_kouhyou_detail_004_kani=true&JigyosyoCd=2871600793-00&ServiceCd=510&Type=search", "url2": "http://www.hwc.or.jp/awaji/" }, "geometry": { "type": "Point", "coordinates": [ 134.9742569, 34.584217 ] } },
{ "type": "Feature", "properties": { "内容": "聖隷カーネーションホーム【介護老人福祉施設】兵庫県淡路市久留麻1863番地聖隷カーネーションホーム", "url": "https://www.kaigokensaku.mhlw.go.jp/28/index.php?action_kouhyou_detail_004_kani=true&JigyosyoCd=2871601072-00&ServiceCd=510&Type=search", "url2": "http://www.seirei.or.jp/elderlyhome/carnation/" }, "geometry": { "type": "Point", "coordinates": [ 134.987034799999947, 34.5239377 ] } },
{ "type": "Feature", "properties": { "内容": "特別養護老人ホーム　淡路栄光園【介護老人福祉施設】兵庫県淡路市岩屋3373", "url": "https://www.kaigokensaku.mhlw.go.jp/28/index.php?action_kouhyou_detail_004_kani=true&JigyosyoCd=2871600173-00&ServiceCd=510&Type=search", "url2": "http://www.seirei.or.jp/elderlyhome/awaji/" }, "geometry": { "type": "Point", "coordinates": [ 134.994655400000056, 34.5862642 ] } },
{ "type": "Feature", "properties": { "内容": "特別養護老人ホームかおりの丘【介護老人福祉施設】兵庫県淡路市高山甲４３０番３", "url": "https://www.kaigokensaku.mhlw.go.jp/28/index.php?action_kouhyou_detail_004_kani=true&JigyosyoCd=2871600181-00&ServiceCd=510&Type=search", "url2": "http://kaori.tokuyou.jp/" }, "geometry": { "type": "Point", "coordinates": [ 134.815926600000012, 34.4366089 ] } },
{ "type": "Feature", "properties": { "内容": "特別養護老人ホームちくさの郷【介護老人福祉施設】兵庫県宍粟市千種町河呂189番地4", "url": "https://www.kaigokensaku.mhlw.go.jp/28/index.php?action_kouhyou_detail_004_kani=true&JigyosyoCd=2873800086-00&ServiceCd=510&Type=search", "url2": "http://www.chikusakai.or.jp" }, "geometry": { "type": "Point", "coordinates": [ 134.451226799999972, 35.1616999 ] } },
{ "type": "Feature", "properties": { "内容": "特別養護老人ホーム　山崎まどか園【介護老人福祉施設】兵庫県宍粟市山崎町上比地212-1", "url": "https://www.kaigokensaku.mhlw.go.jp/28/index.php?action_kouhyou_detail_004_kani=true&JigyosyoCd=2873800235-00&ServiceCd=510&Type=search", "url2": "https://www.shoukyu.or.jp" }, "geometry": { "type": "Point", "coordinates": [ 134.531119063182075, 34.985141401370086 ] } },
{ "type": "Feature", "properties": { "内容": "特別養護老人ホームやまさき白寿園【介護老人福祉施設】兵庫県宍粟市山崎町春安１１１－１", "url": "https://www.kaigokensaku.mhlw.go.jp/28/index.php?action_kouhyou_detail_004_kani=true&JigyosyoCd=2873800219-00&ServiceCd=510&Type=search", "url2": "http://www.aoyama-med.gr.jp/yamasaki-hakujyu/" }, "geometry": { "type": "Point", "coordinates": [ 134.532200900000021, 35.003481 ] } },
{ "type": "Feature", "properties": { "内容": "特別養護老人ホームしそうの杜【介護老人福祉施設】兵庫県宍粟市山崎町川戸1821", "url": "https://www.kaigokensaku.mhlw.go.jp/28/index.php?action_kouhyou_detail_004_kani=true&JigyosyoCd=2873801068-00&ServiceCd=510&Type=search", "url2": "https://www.ontoku.or.jp/" }, "geometry": { "type": "Point", "coordinates": [ 134.541646344180322, 34.980159088209589 ] } },
{ "type": "Feature", "properties": { "内容": "介護老人福祉施設　ありがとう【介護老人福祉施設】宍粟市山崎町東下野２７３－２", "url": "https://www.kaigokensaku.mhlw.go.jp/28/index.php?action_kouhyou_detail_004_kani=true&JigyosyoCd=2873800516-00&ServiceCd=510&Type=search", "url2": "http://shoeikai.ueda-shiso.jp" }, "geometry": { "type": "Point", "coordinates": [ 134.515323599999988, 35.0500319 ] } },
{ "type": "Feature", "properties": { "内容": "特別養護老人ホームかえで園【介護老人福祉施設】兵庫県宍粟市波賀町安賀４５０－２", "url": "https://www.kaigokensaku.mhlw.go.jp/28/index.php?action_kouhyou_detail_004_kani=true&JigyosyoCd=2873800243-00&ServiceCd=510&Type=search", "url2": "http://haganosato.jp/" }, "geometry": { "type": "Point", "coordinates": [ 134.5437958, 35.1564093 ] } },
{ "type": "Feature", "properties": { "内容": "特別養護老人ホーム　社すみれ園【介護老人福祉施設】兵庫県加東市藤田字東山９４４－２７", "url": "https://www.kaigokensaku.mhlw.go.jp/28/index.php?action_kouhyou_detail_004_kani=true&JigyosyoCd=2872500604-00&ServiceCd=510&Type=search", "url2": "http://www.yashiro-sumire.com" }, "geometry": { "type": "Point", "coordinates": [ 135.000058214416526, 34.91041858463749 ] } },
{ "type": "Feature", "properties": { "内容": "特別養護老人ホームフロイデ滝野【介護老人福祉施設】兵庫県加東市下滝野１２８３－３７", "url": "https://www.kaigokensaku.mhlw.go.jp/28/index.php?action_kouhyou_detail_004_kani=true&JigyosyoCd=2872500059-00&ServiceCd=510&Type=search", "url2": "http://www.furoide-takino.or.jp" }, "geometry": { "type": "Point", "coordinates": [ 134.934358315344326, 34.946396268672103 ] } },
{ "type": "Feature", "properties": { "内容": "高齢者総合ケア福祉施設　「伽の里」【介護老人福祉施設】兵庫県加東市天神608番地", "url": "https://www.kaigokensaku.mhlw.go.jp/28/index.php?action_kouhyou_detail_004_kani=true&JigyosyoCd=2872500216-00&ServiceCd=510&Type=search", "url2": "https://hinode.or.jp/establishment/toginosato/" }, "geometry": { "type": "Point", "coordinates": [ 135.061734, 34.9124967 ] } },
{ "type": "Feature", "properties": { "内容": "特別養護老人ホーム　シスナブ御津【介護老人福祉施設】兵庫県たつの市御津町中島980-3", "url": "https://www.kaigokensaku.mhlw.go.jp/28/index.php?action_kouhyou_detail_004_kani=true&JigyosyoCd=2874100254-00&ServiceCd=510&Type=search", "url2": "http://www.yumekoubou.or.jp" }, "geometry": { "type": "Point", "coordinates": [ 134.556618500000013, 34.7935458 ] } },
{ "type": "Feature", "properties": { "内容": "特別養護老人ホーム　栗栖の荘【介護老人福祉施設】兵庫県たつの市新宮町平野７７８－５", "url": "https://www.kaigokensaku.mhlw.go.jp/28/index.php?action_kouhyou_detail_004_kani=true&JigyosyoCd=2874100213-00&ServiceCd=510&Type=search", "url2": "http://www.tokuyou-kurisunosou.jp/" }, "geometry": { "type": "Point", "coordinates": [ 134.533879984655755, 34.931922519324409 ] } },
{ "type": "Feature", "properties": { "内容": "特別養護老人ホーム　いぼがわ荘【介護老人福祉施設】兵庫県たつの市揖保川町半田608-1", "url": "https://www.kaigokensaku.mhlw.go.jp/28/index.php?action_kouhyou_detail_004_kani=true&JigyosyoCd=2874100247-00&ServiceCd=510&Type=search", "url2": null }, "geometry": { "type": "Point", "coordinates": [ 134.535705399999983, 34.8461196 ] } },
{ "type": "Feature", "properties": { "内容": "特別養護老人ホーム　揖保の郷【介護老人福祉施設】兵庫県たつの市揖保川町馬場７４７番地", "url": "https://www.kaigokensaku.mhlw.go.jp/28/index.php?action_kouhyou_detail_004_kani=true&JigyosyoCd=2874100239-00&ServiceCd=510&Type=search", "url2": "https://www.harimaseibu.com/" }, "geometry": { "type": "Point", "coordinates": [ 134.516381200000069, 34.7934002 ] } },
{ "type": "Feature", "properties": { "内容": "西はりまグリーンホーム【介護老人福祉施設】兵庫県たつの市誉田町福田780-1", "url": "https://www.kaigokensaku.mhlw.go.jp/28/index.php?action_kouhyou_detail_004_kani=true&JigyosyoCd=2873600049-00&ServiceCd=510&Type=search", "url2": "http://www.enshoukai.com/" }, "geometry": { "type": "Point", "coordinates": [ 134.576959799999941, 34.84955 ] } },
{ "type": "Feature", "properties": { "内容": "西はりまグリーンホーム【介護老人福祉施設】兵庫県たつの市誉田町福田780-1", "url": "https://www.kaigokensaku.mhlw.go.jp/28/index.php?action_kouhyou_detail_004_kani=true&JigyosyoCd=2873600973-00&ServiceCd=510&Type=search", "url2": "http://www.enshoukai.com/" }, "geometry": { "type": "Point", "coordinates": [ 134.576959799999941, 34.84955 ] } },
{ "type": "Feature", "properties": { "内容": "特別養護老人ホーム桑の実園【介護老人福祉施設】たつの市揖西町小神字塚原１５５１番地", "url": "https://www.kaigokensaku.mhlw.go.jp/28/index.php?action_kouhyou_detail_004_kani=true&JigyosyoCd=2873600031-00&ServiceCd=510&Type=search", "url2": "http://www.kuwanomien.jp" }, "geometry": { "type": "Point", "coordinates": [ 134.52756962244564, 34.849474920616686 ] } },
{ "type": "Feature", "properties": { "内容": "天河草子【介護老人福祉施設】兵庫県川辺郡猪名川町伏見台1-1-70", "url": "https://www.kaigokensaku.mhlw.go.jp/28/index.php?action_kouhyou_detail_004_kani=true&JigyosyoCd=2873200063-00&ServiceCd=510&Type=search", "url2": "http://e-akane.com" }, "geometry": { "type": "Point", "coordinates": [ 135.391974399999981, 34.9084055 ] } },
{ "type": "Feature", "properties": { "内容": "特別養護老人ホームヘルシービラ加美【介護老人福祉施設】兵庫県多可郡多可町加美区多田字宮前430番地10", "url": "https://www.kaigokensaku.mhlw.go.jp/28/index.php?action_kouhyou_detail_004_kani=true&JigyosyoCd=2872700121-00&ServiceCd=510&Type=search", "url2": "http://www.sengaminekai.or.jp/" }, "geometry": { "type": "Point", "coordinates": [ 134.884278, 35.1080441 ] } },
{ "type": "Feature", "properties": { "内容": "特別養護老人ホーム　グリーンヴィラ妙見【介護老人福祉施設】多可郡多可町中区牧野字国木谷１６６－２５・１６６－３３", "url": "https://www.kaigokensaku.mhlw.go.jp/28/index.php?action_kouhyou_detail_004_kani=true&JigyosyoCd=2872700535-00&ServiceCd=510&Type=search", "url2": "http://nakanosato.com/" }, "geometry": { "type": "Point", "coordinates": [ 134.927160500000014, 35.071669 ] } },
{ "type": "Feature", "properties": { "内容": "特別養護老人ホームヘルシービラ加美（ユニット型）【介護老人福祉施設】兵庫県多可郡多可町加美区多田字宮前４３０－１０", "url": "https://www.kaigokensaku.mhlw.go.jp/28/index.php?action_kouhyou_detail_004_kani=true&JigyosyoCd=2872700592-00&ServiceCd=510&Type=search", "url2": "http://www.sengaminekai.or.jp/" }, "geometry": { "type": "Point", "coordinates": [ 134.884278, 35.1080441 ] } },
{ "type": "Feature", "properties": { "内容": "特別養護老人ホームしあわせ荘【介護老人福祉施設】兵庫県多可郡多可町中区鍛冶屋763番地3", "url": "https://www.kaigokensaku.mhlw.go.jp/28/index.php?action_kouhyou_detail_004_kani=true&JigyosyoCd=2872700113-00&ServiceCd=510&Type=search", "url2": "https://siawase-sou.com" }, "geometry": { "type": "Point", "coordinates": [ 134.9312459, 35.0702102 ] } },
{ "type": "Feature", "properties": { "内容": "特別養護老人ホーム　ゆりの荘【介護老人福祉施設】兵庫県多可郡多可町八千代区俵田111-27", "url": "https://www.kaigokensaku.mhlw.go.jp/28/index.php?action_kouhyou_detail_004_kani=true&JigyosyoCd=2872700139-00&ServiceCd=510&Type=search", "url2": "http://www.rakuenkai.or.jp" }, "geometry": { "type": "Point", "coordinates": [ 134.891776400000026, 35.0149509 ] } },
{ "type": "Feature", "properties": { "内容": "特別養護老人ホーム　稲美苑【介護老人福祉施設】兵庫県加古郡稲美町国安１２５６番地", "url": "https://www.kaigokensaku.mhlw.go.jp/28/index.php?action_kouhyou_detail_004_kani=true&JigyosyoCd=2872800095-00&ServiceCd=510&Type=search", "url2": "https://hinode.or.jp/establishment/inamien/" }, "geometry": { "type": "Point", "coordinates": [ 134.917945, 34.7471879 ] } },
{ "type": "Feature", "properties": { "内容": "特別養護老人ホームあえの里【介護老人福祉施設】兵庫県加古郡播磨町北古田１丁目17番37号", "url": "https://www.kaigokensaku.mhlw.go.jp/28/index.php?action_kouhyou_detail_004_kani=true&JigyosyoCd=2872800103-00&ServiceCd=510&Type=search", "url2": "https://aenosato.jp" }, "geometry": { "type": "Point", "coordinates": [ 134.869417, 34.7264286 ] } },
{ "type": "Feature", "properties": { "内容": "介護老人福祉施設　ひまわり荘【介護老人福祉施設】神崎郡市川町下牛尾680", "url": "https://www.kaigokensaku.mhlw.go.jp/28/index.php?action_kouhyou_detail_004_kani=true&JigyosyoCd=2873400184-00&ServiceCd=510&Type=search", "url2": "http://www.himawarisou.or.jp" }, "geometry": { "type": "Point", "coordinates": [ 134.8209971, 35.0013723 ] } },
{ "type": "Feature", "properties": { "内容": "特別養護老人ホーム　サルビア荘【介護老人福祉施設】神崎郡福崎町大貫580", "url": "https://www.kaigokensaku.mhlw.go.jp/28/index.php?action_kouhyou_detail_004_kani=true&JigyosyoCd=2873400192-00&ServiceCd=510&Type=search", "url2": "http://www.enyuukai.jp" }, "geometry": { "type": "Point", "coordinates": [ 134.7855624, 34.9446364 ] } },
{ "type": "Feature", "properties": { "内容": "特別養護老人ホーム　うぐいす荘【介護老人福祉施設】兵庫県神崎郡神河町福本字中茶屋山１２４１－３", "url": "https://www.kaigokensaku.mhlw.go.jp/28/index.php?action_kouhyou_detail_004_kani=true&JigyosyoCd=2873400176-00&ServiceCd=510&Type=search", "url2": "http://www.hujyu-kai.or.jp/" }, "geometry": { "type": "Point", "coordinates": [ 134.771063799999979, 35.058386 ] } },
{ "type": "Feature", "properties": { "内容": "特別養護老人ホーム　あやめ苑【介護老人福祉施設】兵庫県神崎郡神河町比延２７７", "url": "https://www.kaigokensaku.mhlw.go.jp/28/index.php?action_kouhyou_detail_004_kani=true&JigyosyoCd=2873400218-00&ServiceCd=510&Type=search", "url2": "http://kourin-ayame.or.jp/" }, "geometry": { "type": "Point", "coordinates": [ 134.740169700000024, 35.0603045 ] } },
{ "type": "Feature", "properties": { "内容": "特別養護老人ホーム　太子の郷【介護老人福祉施設】兵庫県揖保郡太子町太田231番地の1", "url": "https://www.kaigokensaku.mhlw.go.jp/28/index.php?action_kouhyou_detail_004_kani=true&JigyosyoCd=2874100825-00&ServiceCd=510&Type=search", "url2": "http://taishinosato.org/" }, "geometry": { "type": "Point", "coordinates": [ 134.598354200000017, 34.8358394 ] } },
{ "type": "Feature", "properties": { "内容": "特別養護老人ホーム　まほろばの里【介護老人福祉施設】兵庫県揖保郡太子町塚森125-1", "url": "https://www.kaigokensaku.mhlw.go.jp/28/index.php?action_kouhyou_detail_004_kani=true&JigyosyoCd=2874100494-00&ServiceCd=510&Type=search", "url2": "http://mahorobanosato.jp/" }, "geometry": { "type": "Point", "coordinates": [ 134.570466600000032, 34.8142658 ] } },
{ "type": "Feature", "properties": { "内容": "特別養護老人ホームほうらいの里【介護老人福祉施設】兵庫県赤穂郡上郡町中野1118番地1", "url": "https://www.kaigokensaku.mhlw.go.jp/28/index.php?action_kouhyou_detail_004_kani=true&JigyosyoCd=2873900050-00&ServiceCd=510&Type=search", "url2": "http://www.hohrainosato.com/" }, "geometry": { "type": "Point", "coordinates": [ 134.393328099999962, 34.8562546 ] } },
{ "type": "Feature", "properties": { "内容": "特別養護老人ホーム　野桑の里【介護老人福祉施設】兵庫県赤穂郡上郡町野桑3027番地", "url": "https://www.kaigokensaku.mhlw.go.jp/28/index.php?action_kouhyou_detail_004_kani=true&JigyosyoCd=2873900183-00&ServiceCd=510&Type=search", "url2": "https://noguwanosato.webnode.jp/" }, "geometry": { "type": "Point", "coordinates": [ 134.389569, 34.8948059 ] } },
{ "type": "Feature", "properties": { "内容": "特別養護老人ホーム　はなみずき【介護老人福祉施設】兵庫県佐用郡佐用町安川401番地", "url": "https://www.kaigokensaku.mhlw.go.jp/28/index.php?action_kouhyou_detail_004_kani=true&JigyosyoCd=2873700310-00&ServiceCd=510&Type=search", "url2": "https://hanasakimura.jp" }, "geometry": { "type": "Point", "coordinates": [ 134.381969600000076, 34.9805681 ] } },
{ "type": "Feature", "properties": { "内容": "特別養護老人ホーム　祐あいホーム上月【介護老人福祉施設】兵庫県佐用郡佐用町福吉７２１番地", "url": "https://www.kaigokensaku.mhlw.go.jp/28/index.php?action_kouhyou_detail_004_kani=true&JigyosyoCd=2873700112-00&ServiceCd=510&Type=search", "url2": "http://www.seifukai.or.jp" }, "geometry": { "type": "Point", "coordinates": [ 134.3085304, 35.0117692 ] } },
{ "type": "Feature", "properties": { "内容": "特別養護老人ホーム　サンホームみかづき【介護老人福祉施設】兵庫県佐用郡佐用町志文５１５番地", "url": "https://www.kaigokensaku.mhlw.go.jp/28/index.php?action_kouhyou_detail_004_kani=true&JigyosyoCd=2873700138-00&ServiceCd=510&Type=search", "url2": "http://www.sunhome-cat.jp" }, "geometry": { "type": "Point", "coordinates": [ 134.435564099999965, 35.0119406 ] } },
{ "type": "Feature", "properties": { "内容": "特別養護老人ホーム　朝陽ケ丘荘【介護老人福祉施設】兵庫県佐用郡佐用町平福１３８‐１", "url": "https://www.kaigokensaku.mhlw.go.jp/28/index.php?action_kouhyou_detail_004_kani=true&JigyosyoCd=2873700245-00&ServiceCd=510&Type=search", "url2": "http://www.hwc.or.jp/asahigaoka/" }, "geometry": { "type": "Point", "coordinates": [ 134.370706700000028, 35.0500188 ] } },
{ "type": "Feature", "properties": { "内容": "特別養護老人ホーム　朝陽ケ丘荘【介護老人福祉施設】兵庫県佐用郡佐用町平福138-1", "url": "https://www.kaigokensaku.mhlw.go.jp/28/index.php?action_kouhyou_detail_004_kani=true&JigyosyoCd=2873700492-00&ServiceCd=510&Type=search", "url2": "http://www.hwc.or.jp/asahigaoka/" }, "geometry": { "type": "Point", "coordinates": [ 134.3710106, 35.0495819 ] } },
{ "type": "Feature", "properties": { "内容": "特別養護老人ホームこぶし園【介護老人福祉施設】兵庫県美方郡香美町小代区神水638番地", "url": "https://www.kaigokensaku.mhlw.go.jp/28/index.php?action_kouhyou_detail_004_kani=true&JigyosyoCd=2874700079-00&ServiceCd=510&Type=search", "url2": "http://www.kobushinosato.jp/" }, "geometry": { "type": "Point", "coordinates": [ 134.5458161, 35.4672683 ] } },
{ "type": "Feature", "properties": { "内容": "特別養護老人ホームむらおかこぶし園【介護老人福祉施設】兵庫県美方郡香美町村岡区村岡２２０５番地", "url": "https://www.kaigokensaku.mhlw.go.jp/28/index.php?action_kouhyou_detail_004_kani=true&JigyosyoCd=2874700442-00&ServiceCd=510&Type=search", "url2": "http://kobushinosato.jp/" }, "geometry": { "type": "Point", "coordinates": [ 134.599572099999932, 35.4757632 ] } },
{ "type": "Feature", "properties": { "内容": "特別養護老人ホームしいの木荘【介護老人福祉施設】兵庫県美方郡香美町香住区森61-1", "url": "https://www.kaigokensaku.mhlw.go.jp/28/index.php?action_kouhyou_detail_004_kani=true&JigyosyoCd=2874500099-00&ServiceCd=510&Type=search", "url2": "https://www.kami-koujyukai.jp" }, "geometry": { "type": "Point", "coordinates": [ 134.6279088, 35.6260311 ] } },
{ "type": "Feature", "properties": { "内容": "特別養護老人ホーム　はまさかの里【介護老人福祉施設】兵庫県美方郡新温泉町戸田１７５－１", "url": "https://www.kaigokensaku.mhlw.go.jp/28/index.php?action_kouhyou_detail_004_kani=true&JigyosyoCd=2874700467-00&ServiceCd=510&Type=search", "url2": "http://www.shotokukai-th.or.jp/" }, "geometry": { "type": "Point", "coordinates": [ 134.471537099999978, 35.6176352 ] } },
{ "type": "Feature", "properties": { "内容": "特別養護老人ホーム　ゆむら【介護老人福祉施設】兵庫県美方郡新温泉町歌長字熊田６００番地", "url": "https://www.kaigokensaku.mhlw.go.jp/28/index.php?action_kouhyou_detail_004_kani=true&JigyosyoCd=2874700087-00&ServiceCd=510&Type=search", "url2": "https://tokuyo-yumura.com/" }, "geometry": { "type": "Point", "coordinates": [ 134.501548899999989, 35.546263 ] } },
{ "type": "Feature", "properties": { "内容": "特別養護老人ホームやすらぎの里【介護老人福祉施設】兵庫県美方郡新温泉町湯３２２", "url": "https://www.kaigokensaku.mhlw.go.jp/28/index.php?action_kouhyou_detail_004_kani=true&JigyosyoCd=2874700525-00&ServiceCd=510&Type=search", "url2": "http://www.tokuwakai.jp/" }, "geometry": { "type": "Point", "coordinates": [ 134.486589462847519, 35.551989745707559 ] } }
]
}
