{
"type": "FeatureCollection",
"name": "geo_28_短期入所生活介護",
"crs": { "type": "name", "properties": { "name": "urn:ogc:def:crs:OGC:1.3:CRS84" } },
"features": [
{ "type": "Feature", "properties": { "内容": "特別養護老人ホーム　セ・ラ・ヴィ【短期入所生活介護】神戸市東灘区住吉宮町３－４－１７", "url": "https://www.kaigokensaku.mhlw.go.jp/28/index.php?action_kouhyou_detail_004_kani=true&JigyosyoCd=2870100225-00&ServiceCd=210&Type=search", "url2": "http://www.ninindoshinkai.or.jp" }, "geometry": { "type": "Point", "coordinates": [ 135.261236100000019, 34.7161947 ] } },
{ "type": "Feature", "properties": { "内容": "特別養護老人ホーム　光明苑【短期入所生活介護】兵庫県神戸市東灘区住吉本町3丁目7番41号", "url": "https://www.kaigokensaku.mhlw.go.jp/28/index.php?action_kouhyou_detail_004_kani=true&JigyosyoCd=2870100258-00&ServiceCd=210&Type=search", "url2": "http://www.krh-sumiyoshi.com/" }, "geometry": { "type": "Point", "coordinates": [ 135.259069400000044, 34.7240771 ] } },
{ "type": "Feature", "properties": { "内容": "魚崎高齢者介護支援センター【短期入所生活介護】兵庫県神戸市東灘区魚崎中町4丁目10番50号", "url": "https://www.kaigokensaku.mhlw.go.jp/28/index.php?action_kouhyou_detail_004_kani=true&JigyosyoCd=2870100498-00&ServiceCd=210&Type=search", "url2": "https://sunlifeuozaki.jp" }, "geometry": { "type": "Point", "coordinates": [ 135.270393381983467, 34.715216236486448 ] } },
{ "type": "Feature", "properties": { "内容": "特別養護老人ホーム　ロングステージKOBE岡本【短期入所生活介護】神戸市東灘区西岡本2-25-4-101", "url": "https://www.kaigokensaku.mhlw.go.jp/28/index.php?action_kouhyou_detail_004_kani=true&JigyosyoCd=2870100639-00&ServiceCd=210&Type=search", "url2": "http://www.long-stage.com" }, "geometry": { "type": "Point", "coordinates": [ 135.26484389999996, 34.7241522 ] } },
{ "type": "Feature", "properties": { "内容": "特別養護老人ホーム　友愛苑【短期入所生活介護】兵庫県神戸市東灘区鴨子ヶ原２丁目14-17", "url": "https://www.kaigokensaku.mhlw.go.jp/28/index.php?action_kouhyou_detail_004_kani=true&JigyosyoCd=2870101363-00&ServiceCd=210&Type=search", "url2": "http://www.krh-sumiyoshi.com" }, "geometry": { "type": "Point", "coordinates": [ 135.250361399999946, 34.7342008 ] } },
{ "type": "Feature", "properties": { "内容": "高齢者ケアセンター甲南ショートスティサービス【短期入所生活介護】兵庫県神戸市東灘区森北町6丁目1－1", "url": "https://www.kaigokensaku.mhlw.go.jp/28/index.php?action_kouhyou_detail_004_kani=true&JigyosyoCd=2870101736-00&ServiceCd=210&Type=search", "url2": "http://www.kobe-fukuseikai.com" }, "geometry": { "type": "Point", "coordinates": [ 135.288835799999987, 34.7358461 ] } },
{ "type": "Feature", "properties": { "内容": "介護老人福祉施設ケアホーム住吉【短期入所生活介護】兵庫県神戸市東灘区住吉山手7-1-2", "url": "https://www.kaigokensaku.mhlw.go.jp/28/index.php?action_kouhyou_detail_004_kani=true&JigyosyoCd=2870103641-00&ServiceCd=210&Type=search", "url2": "sumiyoshi@tokuyou.jp" }, "geometry": { "type": "Point", "coordinates": [ 135.253266700000012, 34.7329326 ] } },
{ "type": "Feature", "properties": { "内容": "協同の苑六甲アイランド　ショートステイ【短期入所生活介護】神戸市東灘区向洋町中３丁目１－２", "url": "https://www.kaigokensaku.mhlw.go.jp/28/index.php?action_kouhyou_detail_004_kani=true&JigyosyoCd=2870100142-00&ServiceCd=210&Type=search", "url2": "http://www.kyodo-no-sono.or.jp" }, "geometry": { "type": "Point", "coordinates": [ 135.275176900000019, 34.6876754 ] } },
{ "type": "Feature", "properties": { "内容": "特別養護老人ホーム　芦屋すみれ園【短期入所生活介護】兵庫県神戸市東灘区深江南町1丁目1番20号", "url": "https://www.kaigokensaku.mhlw.go.jp/28/index.php?action_kouhyou_detail_004_kani=true&JigyosyoCd=2870103476-00&ServiceCd=210&Type=search", "url2": "https://www.ashiya-sumire.jp/" }, "geometry": { "type": "Point", "coordinates": [ 135.30231950000001, 34.7195256 ] } },
{ "type": "Feature", "properties": { "内容": "特別養護老人ホーム　ロングステージ御影【短期入所生活介護】神戸市東灘区御影石町１－２－１８", "url": "https://www.kaigokensaku.mhlw.go.jp/28/index.php?action_kouhyou_detail_004_kani=true&JigyosyoCd=2870101389-00&ServiceCd=210&Type=search", "url2": "http://www.long-stage.com" }, "geometry": { "type": "Point", "coordinates": [ 135.251989800000047, 34.7090733 ] } },
{ "type": "Feature", "properties": { "内容": "特別養護老人ホーム　かもこの風【短期入所生活介護】鴨子ヶ原3-19-30", "url": "https://www.kaigokensaku.mhlw.go.jp/28/index.php?action_kouhyou_detail_004_kani=true&JigyosyoCd=2870103385-00&ServiceCd=210&Type=search", "url2": "http://www.krh-sumiyoshi.com/" }, "geometry": { "type": "Point", "coordinates": [ 135.249074, 34.7332407 ] } },
{ "type": "Feature", "properties": { "内容": "大石高齢者介護支援センター【短期入所生活介護】兵庫県　神戸市　灘区　大石東町　１－２－１", "url": "https://www.kaigokensaku.mhlw.go.jp/28/index.php?action_kouhyou_detail_004_kani=true&JigyosyoCd=2870200033-00&ServiceCd=210&Type=search", "url2": "http://www.long-stage.com" }, "geometry": { "type": "Point", "coordinates": [ 135.238535, 34.7094482 ] } },
{ "type": "Feature", "properties": { "内容": "特別養護老人ホーム　ブルーバレイ【短期入所生活介護】神戸市灘区青谷町２丁目１－９", "url": "https://www.kaigokensaku.mhlw.go.jp/28/index.php?action_kouhyou_detail_004_kani=true&JigyosyoCd=2870200272-00&ServiceCd=210&Type=search", "url2": null }, "geometry": { "type": "Point", "coordinates": [ 135.21388120000006, 34.7133503 ] } },
{ "type": "Feature", "properties": { "内容": "特別養護老人ホーム　ハピータウンKOBE【短期入所生活介護】神戸市灘区摩耶海岸通２－３－９", "url": "https://www.kaigokensaku.mhlw.go.jp/28/index.php?action_kouhyou_detail_004_kani=true&JigyosyoCd=2870200280-00&ServiceCd=210&Type=search", "url2": "ｈｔｔｐ://hakuyusha.org" }, "geometry": { "type": "Point", "coordinates": [ 135.220517, 34.7011047 ] } },
{ "type": "Feature", "properties": { "内容": "特別養護老人ホームうみのほし【短期入所生活介護】兵庫県神戸市灘区篠原北町3丁目11番15号", "url": "https://www.kaigokensaku.mhlw.go.jp/28/index.php?action_kouhyou_detail_004_kani=true&JigyosyoCd=2870200298-00&ServiceCd=210&Type=search", "url2": "http://www.uminohosi.com" }, "geometry": { "type": "Point", "coordinates": [ 135.225713199999973, 34.7237437 ] } },
{ "type": "Feature", "properties": { "内容": "ショートステイ　ロングステージＫＯＢＥ大石【短期入所生活介護】神戸市灘区大石南町2-4-22", "url": "https://www.kaigokensaku.mhlw.go.jp/28/index.php?action_kouhyou_detail_004_kani=true&JigyosyoCd=2870201650-00&ServiceCd=210&Type=search", "url2": "http://www.long-stage.com" }, "geometry": { "type": "Point", "coordinates": [ 135.232041200000026, 34.7033212 ] } },
{ "type": "Feature", "properties": { "内容": "特別養護老人ホームエル・グレイス六甲【短期入所生活介護】兵庫県神戸市灘区鶴甲1丁目5-2特別養護老人ホームエル・グレイス六甲", "url": "https://www.kaigokensaku.mhlw.go.jp/28/index.php?action_kouhyou_detail_004_kani=true&JigyosyoCd=2870203029-00&ServiceCd=210&Type=search", "url2": "https://www.tokuwakai.jp/facilities/el_grace/" }, "geometry": { "type": "Point", "coordinates": [ 135.239881, 34.7329695 ] } },
{ "type": "Feature", "properties": { "内容": "中道高齢者介護支援センター【短期入所生活介護】兵庫県　神戸市　兵庫区　中道通　６丁目　1-33", "url": "https://www.kaigokensaku.mhlw.go.jp/28/index.php?action_kouhyou_detail_004_kani=true&JigyosyoCd=2870500010-00&ServiceCd=210&Type=search", "url2": "http://www.houonkai.jp/" }, "geometry": { "type": "Point", "coordinates": [ 135.162950099999989, 34.6736147 ] } },
{ "type": "Feature", "properties": { "内容": "特別養護老人ホーム　ラグナケア中道【短期入所生活介護】兵庫県神戸市兵庫区中道通６丁目1-33", "url": "https://www.kaigokensaku.mhlw.go.jp/28/index.php?action_kouhyou_detail_004_kani=true&JigyosyoCd=2870500259-00&ServiceCd=210&Type=search", "url2": "http://www.houonkai.jp/" }, "geometry": { "type": "Point", "coordinates": [ 135.1627149, 34.6738284 ] } },
{ "type": "Feature", "properties": { "内容": "キャナルタウン高齢者介護支援センター【短期入所生活介護】兵庫県神戸市兵庫区駅南通5丁目１番２号", "url": "https://www.kaigokensaku.mhlw.go.jp/28/index.php?action_kouhyou_detail_004_kani=true&JigyosyoCd=2870500382-00&ServiceCd=210&Type=search", "url2": "http://www.kobe-mozart.jp" }, "geometry": { "type": "Point", "coordinates": [ 135.16387229999998, 34.6671265 ] } },
{ "type": "Feature", "properties": { "内容": "高齢者ケアセンターひょうごショートステイ【短期入所生活介護】神戸市兵庫区里山町１番４８", "url": "https://www.kaigokensaku.mhlw.go.jp/28/index.php?action_kouhyou_detail_004_kani=true&JigyosyoCd=2870500689-00&ServiceCd=210&Type=search", "url2": "http:www.kobe-fukuseikai.com" }, "geometry": { "type": "Point", "coordinates": [ 135.140934900000047, 34.6926209 ] } },
{ "type": "Feature", "properties": { "内容": "ショートステイオリンピア兵庫【短期入所生活介護】兵庫県神戸市兵庫区小松通５丁目1番14号", "url": "https://www.kaigokensaku.mhlw.go.jp/28/index.php?action_kouhyou_detail_004_kani=true&JigyosyoCd=2870501240-00&ServiceCd=210&Type=search", "url2": "Http://www.olympia.or.jp/" }, "geometry": { "type": "Point", "coordinates": [ 135.173291400000039, 34.6541638 ] } },
{ "type": "Feature", "properties": { "内容": "特別養護老人ホーム　花みさき【短期入所生活介護】兵庫県神戸市兵庫区浜中町1丁目16-18社会福祉法人　千ヶ峰会", "url": "https://www.kaigokensaku.mhlw.go.jp/28/index.php?action_kouhyou_detail_004_kani=true&JigyosyoCd=2870501661-00&ServiceCd=210&Type=search", "url2": "http://www.hanamisaki.or.jp" }, "geometry": { "type": "Point", "coordinates": [ 135.165928, 34.6557247 ] } },
{ "type": "Feature", "properties": { "内容": "ラグナケア千鳥山荘【短期入所生活介護】神戸市兵庫区千鳥町3丁目5-1", "url": "https://www.kaigokensaku.mhlw.go.jp/28/index.php?action_kouhyou_detail_004_kani=true&JigyosyoCd=2870501745-00&ServiceCd=210&Type=search", "url2": "http://www.houonkai.jp/" }, "geometry": { "type": "Point", "coordinates": [ 135.160552899999971, 34.6910686 ] } },
{ "type": "Feature", "properties": { "内容": "真愛たきやまホーム　短期入所生活介護【短期入所生活介護】兵庫県神戸市兵庫区滝山町511番地", "url": "https://www.kaigokensaku.mhlw.go.jp/28/index.php?action_kouhyou_detail_004_kani=true&JigyosyoCd=2870503048-00&ServiceCd=210&Type=search", "url2": "http://shin-ai.biz/" }, "geometry": { "type": "Point", "coordinates": [ 135.151972300000011, 34.6831351 ] } },
{ "type": "Feature", "properties": { "内容": "ラグナケア荒田【短期入所生活介護】兵庫県神戸市兵庫区荒田町３-75-10", "url": "https://www.kaigokensaku.mhlw.go.jp/28/index.php?action_kouhyou_detail_004_kani=true&JigyosyoCd=2870504046-00&ServiceCd=210&Type=search", "url2": "https://www.houonkai.jp/" }, "geometry": { "type": "Point", "coordinates": [ 135.165094900000014, 34.6861611 ] } },
{ "type": "Feature", "properties": { "内容": "特別養護老人ホーム海光園ミラホーム【短期入所生活介護】神戸市兵庫区菊水町10丁目40番地-1", "url": "https://www.kaigokensaku.mhlw.go.jp/28/index.php?action_kouhyou_detail_004_kani=true&JigyosyoCd=2870500234-00&ServiceCd=210&Type=search", "url2": "http://www.kaikouen.or.jp/index.html" }, "geometry": { "type": "Point", "coordinates": [ 135.154259, 34.6799501 ] } },
{ "type": "Feature", "properties": { "内容": "真愛あらたホーム【短期入所生活介護】荒田町47-1", "url": "https://www.kaigokensaku.mhlw.go.jp/28/index.php?action_kouhyou_detail_004_kani=true&JigyosyoCd=2870503592-00&ServiceCd=210&Type=search", "url2": "http://shin-ai.biz" }, "geometry": { "type": "Point", "coordinates": [ 135.168254868718947, 34.686755002524315 ] } },
{ "type": "Feature", "properties": { "内容": "浜山高齢者介護支援センター【短期入所生活介護】神戸市兵庫区浜中町1丁目16-18", "url": "https://www.kaigokensaku.mhlw.go.jp/28/index.php?action_kouhyou_detail_004_kani=true&JigyosyoCd=2870501646-00&ServiceCd=210&Type=search", "url2": "http://hanamisaki.or.jp/" }, "geometry": { "type": "Point", "coordinates": [ 135.165928, 34.6557247 ] } },
{ "type": "Feature", "properties": { "内容": "西部高齢者介護支援センター(高齢者ケアセンターながたショートステイ）【短期入所生活介護】神戸市長田区北町３丁目３番地", "url": "https://www.kaigokensaku.mhlw.go.jp/28/index.php?action_kouhyou_detail_004_kani=true&JigyosyoCd=2870600216-00&ServiceCd=210&Type=search", "url2": "http://www.kobe-fukuseikai.com" }, "geometry": { "type": "Point", "coordinates": [ 135.151617699999946, 34.6655153 ] } },
{ "type": "Feature", "properties": { "内容": "ショートステイ故郷の家・神戸【短期入所生活介護】神戸市長田区東尻池町7-4-21", "url": "https://www.kaigokensaku.mhlw.go.jp/28/index.php?action_kouhyou_detail_004_kani=true&JigyosyoCd=2870600315-00&ServiceCd=210&Type=search", "url2": "http://www.kokorono.or.jp" }, "geometry": { "type": "Point", "coordinates": [ 135.157037, 34.6558078 ] } },
{ "type": "Feature", "properties": { "内容": "特別養護老人ホームふたば【短期入所生活介護】神戸市長田区二葉町5丁目１－１－１０１", "url": "https://www.kaigokensaku.mhlw.go.jp/28/index.php?action_kouhyou_detail_004_kani=true&JigyosyoCd=2870600984-00&ServiceCd=210&Type=search", "url2": "https://komadory.com" }, "geometry": { "type": "Point", "coordinates": [ 135.148596099999963, 34.6525359 ] } },
{ "type": "Feature", "properties": { "内容": "サテライト宮丘ショートステイ【短期入所生活介護】神戸市長田区宮丘町１丁目３番１１号", "url": "https://www.kaigokensaku.mhlw.go.jp/28/index.php?action_kouhyou_detail_004_kani=true&JigyosyoCd=2870601925-00&ServiceCd=210&Type=search", "url2": "http://www.kobe-fukuseikai.com/" }, "geometry": { "type": "Point", "coordinates": [ 135.140410200000019, 34.6723368 ] } },
{ "type": "Feature", "properties": { "内容": "神戸まどか園　ショートステイ【短期入所生活介護】兵庫県神戸市長田区大丸町1丁目5番1号", "url": "https://www.kaigokensaku.mhlw.go.jp/28/index.php?action_kouhyou_detail_004_kani=true&JigyosyoCd=2870603293-00&ServiceCd=210&Type=search", "url2": "https://www.shoukyu.or.jp" }, "geometry": { "type": "Point", "coordinates": [ 135.150766200000021, 34.6764472 ] } },
{ "type": "Feature", "properties": { "内容": "特別養護老人ホーム　雲雀丘すみれ園【短期入所生活介護】兵庫県神戸市長田区雲雀ヶ丘1－1－2", "url": "https://www.kaigokensaku.mhlw.go.jp/28/index.php?action_kouhyou_detail_004_kani=true&JigyosyoCd=2870603616-00&ServiceCd=210&Type=search", "url2": "http://www.sumire.or.jp/" }, "geometry": { "type": "Point", "coordinates": [ 135.13487090000001, 34.6912997 ] } },
{ "type": "Feature", "properties": { "内容": "ふれあいホーム【短期入所生活介護】兵庫県神戸市長田区三番町１丁目４－１", "url": "https://www.kaigokensaku.mhlw.go.jp/28/index.php?action_kouhyou_detail_004_kani=true&JigyosyoCd=2870603681-00&ServiceCd=210&Type=search", "url2": "https://www.kobe-salvia.or.jp/" }, "geometry": { "type": "Point", "coordinates": [ 135.15772290000001, 34.6701524 ] } },
{ "type": "Feature", "properties": { "内容": "長田すみれ園ショートステイサービス【短期入所生活介護】神戸市長田区雲雀ケ丘1丁目1番3号", "url": "https://www.kaigokensaku.mhlw.go.jp/28/index.php?action_kouhyou_detail_004_kani=true&JigyosyoCd=2870603749-00&ServiceCd=210&Type=search", "url2": "http://www.sumire.or.jp" }, "geometry": { "type": "Point", "coordinates": [ 135.134881, 34.6906944 ] } },
{ "type": "Feature", "properties": { "内容": "特別養護老人ホーム　長田すみれ園【短期入所生活介護】兵庫県神戸市長田区雲雀ヶ丘1-1-3", "url": "https://www.kaigokensaku.mhlw.go.jp/28/index.php?action_kouhyou_detail_004_kani=true&JigyosyoCd=2870600133-00&ServiceCd=210&Type=search", "url2": "http://www.sumire.or.jp" }, "geometry": { "type": "Point", "coordinates": [ 135.134843304220368, 34.690793897404795 ] } },
{ "type": "Feature", "properties": { "内容": "長田ケアホーム【短期入所生活介護】神戸市長田区北町3丁目3番地高齢者ケアセンターながた", "url": "https://www.kaigokensaku.mhlw.go.jp/28/index.php?action_kouhyou_detail_004_kani=true&JigyosyoCd=2870600125-00&ServiceCd=210&Type=search", "url2": "http://www.kobe-fukuseikai.com" }, "geometry": { "type": "Point", "coordinates": [ 135.151617699999946, 34.6655153 ] } },
{ "type": "Feature", "properties": { "内容": "あいハート須磨【短期入所生活介護】神戸市須磨区松風町４丁目２－２６", "url": "https://www.kaigokensaku.mhlw.go.jp/28/index.php?action_kouhyou_detail_004_kani=true&JigyosyoCd=2870700040-00&ServiceCd=210&Type=search", "url2": "http://www.ai-heart-suma.or.jp" }, "geometry": { "type": "Point", "coordinates": [ 135.1267593, 34.6482168 ] } },
{ "type": "Feature", "properties": { "内容": "ショートステイ友が丘ＹＵＡＩ【短期入所生活介護】神戸市須磨区友が丘3丁目126番地", "url": "https://www.kaigokensaku.mhlw.go.jp/28/index.php?action_kouhyou_detail_004_kani=true&JigyosyoCd=2870700271-00&ServiceCd=210&Type=search", "url2": "http://www.kitasumahoiku-center.or.jp/yuai/" }, "geometry": { "type": "Point", "coordinates": [ 135.095936599999959, 34.6653035 ] } },
{ "type": "Feature", "properties": { "内容": "愛の園ショートステイ【短期入所生活介護】神戸市須磨区妙法寺字野路山1053", "url": "https://www.kaigokensaku.mhlw.go.jp/28/index.php?action_kouhyou_detail_004_kani=true&JigyosyoCd=2870700370-00&ServiceCd=210&Type=search", "url2": "https://.ainosono.jp" }, "geometry": { "type": "Point", "coordinates": [ 135.1211644, 34.6829383 ] } },
{ "type": "Feature", "properties": { "内容": "離宮高齢者介護支援センター【短期入所生活介護】兵庫県神戸市須磨区離宮西町2-2-3", "url": "https://www.kaigokensaku.mhlw.go.jp/28/index.php?action_kouhyou_detail_004_kani=true&JigyosyoCd=2870700461-00&ServiceCd=210&Type=search", "url2": "http://www.rikyu-s.jp" }, "geometry": { "type": "Point", "coordinates": [ 135.116038, 34.6520414 ] } },
{ "type": "Feature", "properties": { "内容": "須磨シニアコミュニティ【短期入所生活介護】神戸市須磨区外浜町３－３－１８", "url": "https://www.kaigokensaku.mhlw.go.jp/28/index.php?action_kouhyou_detail_004_kani=true&JigyosyoCd=2870701352-00&ServiceCd=210&Type=search", "url2": "http://www.yoneda-hospital.com/suma/" }, "geometry": { "type": "Point", "coordinates": [ 135.1352726, 34.6431617 ] } },
{ "type": "Feature", "properties": { "内容": "ショートステイやまもも【短期入所生活介護】神戸市須磨区白川台3-63-1白川台会館", "url": "https://www.kaigokensaku.mhlw.go.jp/28/index.php?action_kouhyou_detail_004_kani=true&JigyosyoCd=2870701725-00&ServiceCd=210&Type=search", "url2": "http://komadory.com" }, "geometry": { "type": "Point", "coordinates": [ 135.100424699999962, 34.6899983 ] } },
{ "type": "Feature", "properties": { "内容": "ショートステイサービス宙【短期入所生活介護】神の谷5-2-2", "url": "https://www.kaigokensaku.mhlw.go.jp/28/index.php?action_kouhyou_detail_004_kani=true&JigyosyoCd=2870702053-00&ServiceCd=210&Type=search", "url2": "http://soracamino.com/" }, "geometry": { "type": "Point", "coordinates": [ 135.084762400000045, 34.6892315 ] } },
{ "type": "Feature", "properties": { "内容": "KOBE須磨きらくえんショートステイ【短期入所生活介護】兵庫県神戸市須磨区車字菅ノ池１３５１－１４", "url": "https://www.kaigokensaku.mhlw.go.jp/28/index.php?action_kouhyou_detail_004_kani=true&JigyosyoCd=2870702350-00&ServiceCd=210&Type=search", "url2": "http://www.kirakuen.or.jp/" }, "geometry": { "type": "Point", "coordinates": [ 135.10946, 34.681738199999955 ] } },
{ "type": "Feature", "properties": { "内容": "特別養護老人ホーム須磨浦の里【短期入所生活介護】神戸市須磨区一ノ谷町３丁目３－２１", "url": "https://www.kaigokensaku.mhlw.go.jp/28/index.php?action_kouhyou_detail_004_kani=true&JigyosyoCd=2870700867-00&ServiceCd=210&Type=search", "url2": "https//www.sumauranosato.com/" }, "geometry": { "type": "Point", "coordinates": [ 135.101275799999939, 34.6404897 ] } },
{ "type": "Feature", "properties": { "内容": "神港園ショートステイ白川【短期入所生活介護】神戸市須磨区白川台１丁目３５－３", "url": "https://www.kaigokensaku.mhlw.go.jp/28/index.php?action_kouhyou_detail_004_kani=true&JigyosyoCd=2870700347-00&ServiceCd=210&Type=search", "url2": "https://www.shinkouen.or.jp" }, "geometry": { "type": "Point", "coordinates": [ 135.095228099999986, 34.6896066 ] } },
{ "type": "Feature", "properties": { "内容": "本多聞高齢者介護支援センター【短期入所生活介護】神戸市垂水区本多聞7-2-2", "url": "https://www.kaigokensaku.mhlw.go.jp/28/index.php?action_kouhyou_detail_004_kani=true&JigyosyoCd=2870800055-00&ServiceCd=210&Type=search", "url2": "http://hontamon.jp" }, "geometry": { "type": "Point", "coordinates": [ 135.043127700000014, 34.6518712 ] } },
{ "type": "Feature", "properties": { "内容": "特別養護老人ホーム　ファボール星陵【短期入所生活介護】神戸市垂水区星陵台４丁目４番４３号", "url": "https://www.kaigokensaku.mhlw.go.jp/28/index.php?action_kouhyou_detail_004_kani=true&JigyosyoCd=2870800394-00&ServiceCd=210&Type=search", "url2": "http://kyowakai.main.jp/" }, "geometry": { "type": "Point", "coordinates": [ 135.048135699999989, 34.6476913 ] } },
{ "type": "Feature", "properties": { "内容": "桃山台ホームショートステイサービス【短期入所生活介護】神戸市垂水区桃山台5丁目1139番地3", "url": "https://www.kaigokensaku.mhlw.go.jp/28/index.php?action_kouhyou_detail_004_kani=true&JigyosyoCd=2870800444-00&ServiceCd=210&Type=search", "url2": "http://www.momoyamadaihome.jp/" }, "geometry": { "type": "Point", "coordinates": [ 135.085229499999969, 34.6570488 ] } },
{ "type": "Feature", "properties": { "内容": "特別養護老人ホームふるさと【短期入所生活介護】兵庫県神戸市垂水区塩屋町6丁目38番8号", "url": "https://www.kaigokensaku.mhlw.go.jp/28/index.php?action_kouhyou_detail_004_kani=true&JigyosyoCd=2870800493-00&ServiceCd=210&Type=search", "url2": "http://www.tokuyo-furusato.or.jp/" }, "geometry": { "type": "Point", "coordinates": [ 135.073928300000034, 34.6361596 ] } },
{ "type": "Feature", "properties": { "内容": "舞子台ホーム　ショートステイ【短期入所生活介護】兵庫県神戸市垂水区舞子台７丁目２番１号", "url": "https://www.kaigokensaku.mhlw.go.jp/28/index.php?action_kouhyou_detail_004_kani=true&JigyosyoCd=2870800592-00&ServiceCd=210&Type=search", "url2": "http://maikodaihome.jp" }, "geometry": { "type": "Point", "coordinates": [ 135.042011743655394, 34.639853597111646 ] } },
{ "type": "Feature", "properties": { "内容": "特別養護老人ホーム　メープルホーム【短期入所生活介護】神戸市垂水区名谷町大谷１９０５－1", "url": "https://www.kaigokensaku.mhlw.go.jp/28/index.php?action_kouhyou_detail_004_kani=true&JigyosyoCd=2870802069-00&ServiceCd=210&Type=search", "url2": "http://haganosato.jp" }, "geometry": { "type": "Point", "coordinates": [ 135.06937240000002, 34.6642534 ] } },
{ "type": "Feature", "properties": { "内容": "社会福祉法人　神戸中央福祉会　塩屋さくら苑ショートステイ【短期入所生活介護】神戸市垂水区塩屋町4丁目25-11", "url": "https://www.kaigokensaku.mhlw.go.jp/28/index.php?action_kouhyou_detail_004_kani=true&JigyosyoCd=2870802093-00&ServiceCd=210&Type=search", "url2": null }, "geometry": { "type": "Point", "coordinates": [ 135.080416600000035, 34.6367151 ] } },
{ "type": "Feature", "properties": { "内容": "舞子すみれ園ショートステイ【短期入所生活介護】兵庫県神戸市西舞子６丁目１番１３号", "url": "https://www.kaigokensaku.mhlw.go.jp/28/index.php?action_kouhyou_detail_004_kani=true&JigyosyoCd=2870802473-00&ServiceCd=210&Type=search", "url2": "http://www.sumire.or.jp/" }, "geometry": { "type": "Point", "coordinates": [ 135.024904, 34.642008 ] } },
{ "type": "Feature", "properties": { "内容": "老人短期入所事業　向陽荘【短期入所生活介護】兵庫県神戸市垂水区福田5丁目2番21号", "url": "https://www.kaigokensaku.mhlw.go.jp/28/index.php?action_kouhyou_detail_004_kani=true&JigyosyoCd=2870803471-00&ServiceCd=210&Type=search", "url2": "http://www.shotokukai-th.or.jp" }, "geometry": { "type": "Point", "coordinates": [ 135.068389300000035, 34.6460872 ] } },
{ "type": "Feature", "properties": { "内容": "ショートケア神戸垂水ちどり【短期入所生活介護】兵庫県神戸市垂水区高丸6丁目7番2号", "url": "https://www.kaigokensaku.mhlw.go.jp/28/index.php?action_kouhyou_detail_004_kani=true&JigyosyoCd=2870804172-00&ServiceCd=210&Type=search", "url2": "http://www.chidori.or.jp" }, "geometry": { "type": "Point", "coordinates": [ 135.056132899999966, 34.6400909 ] } },
{ "type": "Feature", "properties": { "内容": "特別養護老人ホーム　オービーホーム【短期入所生活介護】兵庫県神戸市垂水区名谷町字猿倉２７３－７", "url": "https://www.kaigokensaku.mhlw.go.jp/28/index.php?action_kouhyou_detail_004_kani=true&JigyosyoCd=2870800345-00&ServiceCd=210&Type=search", "url2": "http:://www.obh2525.or.jp" }, "geometry": { "type": "Point", "coordinates": [ 135.062994920762662, 34.649846522116235 ] } },
{ "type": "Feature", "properties": { "内容": "特別養護老人ホーム　オービーホーム【短期入所生活介護】兵庫県神戸市垂水区名谷町字猿倉273-7", "url": "https://www.kaigokensaku.mhlw.go.jp/28/index.php?action_kouhyou_detail_004_kani=true&JigyosyoCd=2870802911-00&ServiceCd=210&Type=search", "url2": "http://www.obh2525.or.jp" }, "geometry": { "type": "Point", "coordinates": [ 135.062984191926603, 34.649820044137165 ] } },
{ "type": "Feature", "properties": { "内容": "介護老人福祉施設　エクレ小束台【短期入所生活介護】兵庫県神戸市垂水区小束台868-1134", "url": "https://www.kaigokensaku.mhlw.go.jp/28/index.php?action_kouhyou_detail_004_kani=true&JigyosyoCd=2870803802-00&ServiceCd=210&Type=search", "url2": "www.kouyukai.jp" }, "geometry": { "type": "Point", "coordinates": [ 135.054455949073798, 34.673279646760342 ] } },
{ "type": "Feature", "properties": { "内容": "さん舞子神港園ｼｮｰﾄｽﾃｲ【短期入所生活介護】兵庫県神戸市垂水区五色山7丁目12-38", "url": "https://www.kaigokensaku.mhlw.go.jp/28/index.php?action_kouhyou_detail_004_kani=true&JigyosyoCd=2870803257-00&ServiceCd=210&Type=search", "url2": "URLhttp://www.shinkouen.or.jp" }, "geometry": { "type": "Point", "coordinates": [ 135.039825314529907, 34.630579625572139 ] } },
{ "type": "Feature", "properties": { "内容": "花の森ショートステイ【短期入所生活介護】兵庫県神戸市垂水区名谷町1941-1", "url": "https://www.kaigokensaku.mhlw.go.jp/28/index.php?action_kouhyou_detail_004_kani=true&JigyosyoCd=2870804107-00&ServiceCd=210&Type=search", "url2": "http://www.mikarikai.jp" }, "geometry": { "type": "Point", "coordinates": [ 135.0702134, 34.6648565 ] } },
{ "type": "Feature", "properties": { "内容": "特別養護老人ホームオレンジ神戸Ｄｕｏ【短期入所生活介護】兵庫県神戸市垂水区美山台3丁目18-12特別養護老人ホームオレンジ神戸Ｄｕｏ", "url": "https://www.kaigokensaku.mhlw.go.jp/28/index.php?action_kouhyou_detail_004_kani=true&JigyosyoCd=2870804636-00&ServiceCd=210&Type=search", "url2": "https://keiaien.testenv.net/wpm/" }, "geometry": { "type": "Point", "coordinates": [ 135.0701707, 34.6466066 ] } },
{ "type": "Feature", "properties": { "内容": "小規模特別養護老人ホームなでしこ神戸ショートステイ【短期入所生活介護】兵庫県神戸市北区藤原台南町3丁目18番4号", "url": "https://www.kaigokensaku.mhlw.go.jp/28/index.php?action_kouhyou_detail_004_kani=true&JigyosyoCd=2875002228-00&ServiceCd=210&Type=search", "url2": "http://fujinosato.info/" }, "geometry": { "type": "Point", "coordinates": [ 135.202875400000011, 34.8119387 ] } },
{ "type": "Feature", "properties": { "内容": "特別養護老人ホーム　六甲の館【短期入所生活介護】兵庫県神戸市北区山田町小部字妙賀山13番地17", "url": "https://www.kaigokensaku.mhlw.go.jp/28/index.php?action_kouhyou_detail_004_kani=true&JigyosyoCd=2875000057-00&ServiceCd=210&Type=search", "url2": "http://rokko-yakata.jp/" }, "geometry": { "type": "Point", "coordinates": [ 135.166921099999968, 34.7366134 ] } },
{ "type": "Feature", "properties": { "内容": "特別養護老人ホーム　やすらぎの里道場【短期入所生活介護】神戸市北区道場町塩田３０８０番地", "url": "https://www.kaigokensaku.mhlw.go.jp/28/index.php?action_kouhyou_detail_004_kani=true&JigyosyoCd=2875000347-00&ServiceCd=210&Type=search", "url2": "http://www.syobikai.or.jp" }, "geometry": { "type": "Point", "coordinates": [ 135.245451600000024, 34.8721919 ] } },
{ "type": "Feature", "properties": { "内容": "大池サンホーム・ケアセンター【短期入所生活介護】神戸市北区山田町上谷上字ヤンゲン３番地", "url": "https://www.kaigokensaku.mhlw.go.jp/28/index.php?action_kouhyou_detail_004_kani=true&JigyosyoCd=2875000370-00&ServiceCd=210&Type=search", "url2": "http://www.ooikesunhome.com/" }, "geometry": { "type": "Point", "coordinates": [ 135.193768099999943, 34.7768643 ] } },
{ "type": "Feature", "properties": { "内容": "八多の里老人短期入所事業所【短期入所生活介護】神戸市北区八多町中６８１番地", "url": "https://www.kaigokensaku.mhlw.go.jp/28/index.php?action_kouhyou_detail_004_kani=true&JigyosyoCd=2875000388-00&ServiceCd=210&Type=search", "url2": "http://www.hatanosato.or.jp/" }, "geometry": { "type": "Point", "coordinates": [ 135.213251899999932, 34.8501266 ] } },
{ "type": "Feature", "properties": { "内容": "さつき園ショートステイ【短期入所生活介護】兵庫県神戸市北区山田町小部字杉ノ木３番地の２", "url": "https://www.kaigokensaku.mhlw.go.jp/28/index.php?action_kouhyou_detail_004_kani=true&JigyosyoCd=2875000594-00&ServiceCd=210&Type=search", "url2": "http://www.yasuragi-swc.or.jp" }, "geometry": { "type": "Point", "coordinates": [ 135.16113, 34.7285311 ] } },
{ "type": "Feature", "properties": { "内容": "さくらホームショートステイ【短期入所生活介護】神戸市北区山田町小部字惣六畑山8-18", "url": "https://www.kaigokensaku.mhlw.go.jp/28/index.php?action_kouhyou_detail_004_kani=true&JigyosyoCd=2875002079-00&ServiceCd=210&Type=search", "url2": "http://www.yasuragi-swc.or.jp" }, "geometry": { "type": "Point", "coordinates": [ 135.160785300000043, 34.7371106 ] } },
{ "type": "Feature", "properties": { "内容": "梅香園ショートステイ【短期入所生活介護】神戸市北区山田町小部字南山２-３５", "url": "https://www.kaigokensaku.mhlw.go.jp/28/index.php?action_kouhyou_detail_004_kani=true&JigyosyoCd=2875002251-00&ServiceCd=210&Type=search", "url2": "http://www.yasuragi-swc.or.jp" }, "geometry": { "type": "Point", "coordinates": [ 135.147684, 34.7189181 ] } },
{ "type": "Feature", "properties": { "内容": "さつき園「あきの荘」ショートステイ【短期入所生活介護】兵庫県神戸市北区山田町小部字杉ノ木3番地の２", "url": "https://www.kaigokensaku.mhlw.go.jp/28/index.php?action_kouhyou_detail_004_kani=true&JigyosyoCd=2875002335-00&ServiceCd=210&Type=search", "url2": "http://www.yasuragi-swc.or.jp" }, "geometry": { "type": "Point", "coordinates": [ 135.16113, 34.7285311 ] } },
{ "type": "Feature", "properties": { "内容": "八多の里老人短期入所事業所【短期入所生活介護】神戸市北区八多町中６８１番地", "url": "https://www.kaigokensaku.mhlw.go.jp/28/index.php?action_kouhyou_detail_004_kani=true&JigyosyoCd=2875002665-00&ServiceCd=210&Type=search", "url2": "http://www.hatanosato.or.jp/" }, "geometry": { "type": "Point", "coordinates": [ 135.213251899999932, 34.8501266 ] } },
{ "type": "Feature", "properties": { "内容": "やすらぎの里神戸赤松台ショートステイ【短期入所生活介護】兵庫県神戸市北区赤松台1丁目1番77号", "url": "https://www.kaigokensaku.mhlw.go.jp/28/index.php?action_kouhyou_detail_004_kani=true&JigyosyoCd=2875002939-00&ServiceCd=210&Type=search", "url2": "http://www.syobikai.or.jp/" }, "geometry": { "type": "Point", "coordinates": [ 135.180013658721919, 34.87442128645754 ] } },
{ "type": "Feature", "properties": { "内容": "ショートステイ駒どりの郷【短期入所生活介護】兵庫県神戸市北区西大池2丁目7-41特別養護老人ホーム駒どりの郷", "url": "https://www.kaigokensaku.mhlw.go.jp/28/index.php?action_kouhyou_detail_004_kani=true&JigyosyoCd=2875003382-00&ServiceCd=210&Type=search", "url2": "http://komadory.com/" }, "geometry": { "type": "Point", "coordinates": [ 135.195209699999964, 34.7735981 ] } },
{ "type": "Feature", "properties": { "内容": "特別養護老人ホームひよどりホーム【短期入所生活介護】兵庫県神戸市北区ひよどり北町3丁目2番地", "url": "https://www.kaigokensaku.mhlw.go.jp/28/index.php?action_kouhyou_detail_004_kani=true&JigyosyoCd=2875003481-00&ServiceCd=210&Type=search", "url2": "http://www.yasuragi-swc.or.jp/hiyodori/" }, "geometry": { "type": "Point", "coordinates": [ 135.119997478573623, 34.708559602686194 ] } },
{ "type": "Feature", "properties": { "内容": "特別養護老人ホームひよどりホーム【短期入所生活介護】兵庫県神戸市北区ひよどり北町3丁目2番地", "url": "https://www.kaigokensaku.mhlw.go.jp/28/index.php?action_kouhyou_detail_004_kani=true&JigyosyoCd=2875003499-00&ServiceCd=210&Type=search", "url2": "https://www.yasuragi-swc.or.jp/hiyodori/" }, "geometry": { "type": "Point", "coordinates": [ 135.120017111366991, 34.708541479616869 ] } },
{ "type": "Feature", "properties": { "内容": "ネオライフサポート　ショートステイ【短期入所生活介護】神戸市北区八多町中888番地", "url": "https://www.kaigokensaku.mhlw.go.jp/28/index.php?action_kouhyou_detail_004_kani=true&JigyosyoCd=2875003507-00&ServiceCd=210&Type=search", "url2": "https://www.yuyugroup.jp/" }, "geometry": { "type": "Point", "coordinates": [ 135.219724553124479, 34.853967282116024 ] } },
{ "type": "Feature", "properties": { "内容": "たんきにゅうしょせいかつかいごかとれあすずらんだい【短期入所生活介護】神戸市北区鈴蘭台北町１丁目２１－１０", "url": "https://www.kaigokensaku.mhlw.go.jp/28/index.php?action_kouhyou_detail_004_kani=true&JigyosyoCd=2875003598-00&ServiceCd=210&Type=search", "url2": "https://www.imwg.or.jp/katoreasuzurandai/" }, "geometry": { "type": "Point", "coordinates": [ 135.148094899999933, 34.7254812 ] } },
{ "type": "Feature", "properties": { "内容": "ショートステイ鈴蘭台西【短期入所生活介護】鳴子3丁目１番", "url": "https://www.kaigokensaku.mhlw.go.jp/28/index.php?action_kouhyou_detail_004_kani=true&JigyosyoCd=2875004216-00&ServiceCd=210&Type=search", "url2": "https://asukafukushikai.com/" }, "geometry": { "type": "Point", "coordinates": [ 136.966291399999989, 35.1008658 ] } },
{ "type": "Feature", "properties": { "内容": "さくらガーデン　ショートステイ【短期入所生活介護】兵庫県神戸市北区長尾町上津４６５８－６", "url": "https://www.kaigokensaku.mhlw.go.jp/28/index.php?action_kouhyou_detail_004_kani=true&JigyosyoCd=2875004042-00&ServiceCd=210&Type=search", "url2": "http://aijukai.org/" }, "geometry": { "type": "Point", "coordinates": [ 135.1667584, 34.8881773 ] } },
{ "type": "Feature", "properties": { "内容": "社会福祉法人　神港園　　　　　神港園しあわせの家ショートステイ【短期入所生活介護】神戸市北区しあわせの村１番１０号", "url": "https://www.kaigokensaku.mhlw.go.jp/28/index.php?action_kouhyou_detail_004_kani=true&JigyosyoCd=2875000586-00&ServiceCd=210&Type=search", "url2": "http://www.shinkouen.or.jp" }, "geometry": { "type": "Point", "coordinates": [ 135.113316573263546, 34.704796432006916 ] } },
{ "type": "Feature", "properties": { "内容": "小規模特別養護老人ホームほわいえ【短期入所生活介護】八多町中1306番地", "url": "https://www.kaigokensaku.mhlw.go.jp/28/index.php?action_kouhyou_detail_004_kani=true&JigyosyoCd=2875002772-00&ServiceCd=210&Type=search", "url2": "http://www.hatanosato.or.jp/" }, "geometry": { "type": "Point", "coordinates": [ 135.214010199999962, 34.8502072 ] } },
{ "type": "Feature", "properties": { "内容": "社会福祉法人恩賜財団済生会支部兵庫県済生会　特別養護老人ホームふじの里【短期入所生活介護】兵庫県神戸市北区藤原台中町5丁目1番2号", "url": "https://www.kaigokensaku.mhlw.go.jp/28/index.php?action_kouhyou_detail_004_kani=true&JigyosyoCd=2875000230-00&ServiceCd=210&Type=search", "url2": "http://fujinosato.info/" }, "geometry": { "type": "Point", "coordinates": [ 135.214662800000042, 34.8225235 ] } },
{ "type": "Feature", "properties": { "内容": "特別養護老人ホームふじの里西館ショートステイ【短期入所生活介護】神戸市北区藤原台中町5丁目1番2号", "url": "https://www.kaigokensaku.mhlw.go.jp/28/index.php?action_kouhyou_detail_004_kani=true&JigyosyoCd=2875002681-00&ServiceCd=210&Type=search", "url2": "http://fujinosato.info/" }, "geometry": { "type": "Point", "coordinates": [ 135.214662800000042, 34.8225235 ] } },
{ "type": "Feature", "properties": { "内容": "万寿の家短期入所生活介護事業所【短期入所生活介護】兵庫県神戸市北区鳴子3丁目1－18", "url": "https://www.kaigokensaku.mhlw.go.jp/28/index.php?action_kouhyou_detail_004_kani=true&JigyosyoCd=2875003952-00&ServiceCd=210&Type=search", "url2": "http://www.manjyunoie.com" }, "geometry": { "type": "Point", "coordinates": [ 135.128525781753524, 34.726011430767386 ] } },
{ "type": "Feature", "properties": { "内容": "恵風園ショートステイ【短期入所生活介護】兵庫県神戸市北区山田町小部字惣六畑山8番地88", "url": "https://www.kaigokensaku.mhlw.go.jp/28/index.php?action_kouhyou_detail_004_kani=true&JigyosyoCd=2875003432-00&ServiceCd=210&Type=search", "url2": "http://www.yasuragi-swc.or.jp/keihuen/" }, "geometry": { "type": "Point", "coordinates": [ 135.1607798, 34.7366273 ] } },
{ "type": "Feature", "properties": { "内容": "つくし園ショートステイ【短期入所生活介護】兵庫県神戸市北区山田町東下字野田南30", "url": "https://www.kaigokensaku.mhlw.go.jp/28/index.php?action_kouhyou_detail_004_kani=true&JigyosyoCd=2875000354-00&ServiceCd=210&Type=search", "url2": "http://www.yasuragi-swc.or.jp" }, "geometry": { "type": "Point", "coordinates": [ 135.113713800000028, 34.7639487 ] } },
{ "type": "Feature", "properties": { "内容": "神戸北ショートステイそよ風【短期入所生活介護】〒651ー1513兵庫県神戸市北区鹿の子台北町1丁目7番1号", "url": "https://www.kaigokensaku.mhlw.go.jp/28/index.php?action_kouhyou_detail_004_kani=true&JigyosyoCd=2875004554-00&ServiceCd=210&Type=search", "url2": null }, "geometry": { "type": "Point", "coordinates": [ 135.2239917, 34.8683448 ] } },
{ "type": "Feature", "properties": { "内容": "特別養護老人ホーム　オリンピア【短期入所生活介護】兵庫県神戸市中央区生田町1丁目２－３２", "url": "https://www.kaigokensaku.mhlw.go.jp/28/index.php?action_kouhyou_detail_004_kani=true&JigyosyoCd=2875100394-00&ServiceCd=210&Type=search", "url2": "http://www.olympia.or.jp" }, "geometry": { "type": "Point", "coordinates": [ 135.196428581614668, 34.703698769619599 ] } },
{ "type": "Feature", "properties": { "内容": "特別養護老人ホームケアポート神戸【短期入所生活介護】兵庫県神戸市中央区脇浜海岸通３丁目２番６号", "url": "https://www.kaigokensaku.mhlw.go.jp/28/index.php?action_kouhyou_detail_004_kani=true&JigyosyoCd=2875100410-00&ServiceCd=210&Type=search", "url2": "http://www.yasuragi-swc.or.jp/careport/index.html" }, "geometry": { "type": "Point", "coordinates": [ 135.2072527, 34.6954692 ] } },
{ "type": "Feature", "properties": { "内容": "社会福祉法人　明倫福祉会　　介護老人福祉施設　ぽー愛【短期入所生活介護】兵庫県神戸市中央区港島中町５－２", "url": "https://www.kaigokensaku.mhlw.go.jp/28/index.php?action_kouhyou_detail_004_kani=true&JigyosyoCd=2875100931-00&ServiceCd=210&Type=search", "url2": "http://meirinfukushi.or.jp/po-ai/" }, "geometry": { "type": "Point", "coordinates": [ 135.209138400000029, 34.6638941 ] } },
{ "type": "Feature", "properties": { "内容": "神戸海岸特養ケアセンター　ショートステイ【短期入所生活介護】神戸市中央区磯辺通1丁目1-28", "url": "https://www.kaigokensaku.mhlw.go.jp/28/index.php?action_kouhyou_detail_004_kani=true&JigyosyoCd=2875102754-00&ServiceCd=210&Type=search", "url2": "http://www.kobekaigan-tokuyou.com/" }, "geometry": { "type": "Point", "coordinates": [ 135.200224158860777, 34.690931910807834 ] } },
{ "type": "Feature", "properties": { "内容": "脇の浜高齢者介護支援センター【短期入所生活介護】脇浜海岸通3-2-6", "url": "https://www.kaigokensaku.mhlw.go.jp/28/index.php?action_kouhyou_detail_004_kani=true&JigyosyoCd=2875103521-00&ServiceCd=210&Type=search", "url2": "http://yasuragi-swc.or.jp" }, "geometry": { "type": "Point", "coordinates": [ 135.207352500000013, 34.6954484 ] } },
{ "type": "Feature", "properties": { "内容": "特別養護老人ホーム　真愛くもちホーム【短期入所生活介護】神戸市中央区熊内町5-10-8", "url": "https://www.kaigokensaku.mhlw.go.jp/28/index.php?action_kouhyou_detail_004_kani=true&JigyosyoCd=2875102812-00&ServiceCd=210&Type=search", "url2": "http://shin-ai.biz" }, "geometry": { "type": "Point", "coordinates": [ 135.201293600000014, 34.7103725 ] } },
{ "type": "Feature", "properties": { "内容": "山手さくら苑ショートステイ【短期入所生活介護】兵庫県神戸市中央区下山手通7丁目1番16号", "url": "https://www.kaigokensaku.mhlw.go.jp/28/index.php?action_kouhyou_detail_004_kani=true&JigyosyoCd=2875101020-00&ServiceCd=210&Type=search", "url2": "http://kobechuofukusikai.net" }, "geometry": { "type": "Point", "coordinates": [ 135.178941715344308, 34.688155998609155 ] } },
{ "type": "Feature", "properties": { "内容": "フェニックス月が丘ケアセンター【短期入所生活介護】兵庫県神戸市西区月が丘1丁目632番地14", "url": "https://www.kaigokensaku.mhlw.go.jp/28/index.php?action_kouhyou_detail_004_kani=true&JigyosyoCd=2875204394-00&ServiceCd=210&Type=search", "url2": "http://www.kobe-wako.jp/" }, "geometry": { "type": "Point", "coordinates": [ 135.050063899999941, 34.7562346 ] } },
{ "type": "Feature", "properties": { "内容": "特別養護老人ホーム　萬寿園【短期入所生活介護】兵庫県神戸市西区神出町小束野５８番地の９２", "url": "https://www.kaigokensaku.mhlw.go.jp/28/index.php?action_kouhyou_detail_004_kani=true&JigyosyoCd=2875200137-00&ServiceCd=210&Type=search", "url2": "https://www.kobe-manjuen.or.jp/" }, "geometry": { "type": "Point", "coordinates": [ 134.987683100000027, 34.77246 ] } },
{ "type": "Feature", "properties": { "内容": "特別養護法人ホーム　透鹿園【短期入所生活介護】兵庫県神戸市西区平野町常本309-5", "url": "https://www.kaigokensaku.mhlw.go.jp/28/index.php?action_kouhyou_detail_004_kani=true&JigyosyoCd=2875200327-00&ServiceCd=210&Type=search", "url2": "http://www.hakuyusya.jp/" }, "geometry": { "type": "Point", "coordinates": [ 134.984109399999966, 34.721135 ] } },
{ "type": "Feature", "properties": { "内容": "特別養護老人ホーム　サンホーム神戸西【短期入所生活介護】神戸市西区平野町印路８８７－８", "url": "https://www.kaigokensaku.mhlw.go.jp/28/index.php?action_kouhyou_detail_004_kani=true&JigyosyoCd=2875200343-00&ServiceCd=210&Type=search", "url2": "www.kobe-hinode.or.jp" }, "geometry": { "type": "Point", "coordinates": [ 134.9649723, 34.7166021 ] } },
{ "type": "Feature", "properties": { "内容": "特別養護老人ホーム　神出シニアコミュニティ【短期入所生活介護】神戸市西区神出町南368-119", "url": "https://www.kaigokensaku.mhlw.go.jp/28/index.php?action_kouhyou_detail_004_kani=true&JigyosyoCd=2875200368-00&ServiceCd=210&Type=search", "url2": "http://www.yoneda-hospital.com/kande/" }, "geometry": { "type": "Point", "coordinates": [ 134.998774300000036, 34.7441994 ] } },
{ "type": "Feature", "properties": { "内容": "永栄園ショートステイ【短期入所生活介護】神戸市西区伊川谷町長坂800番地", "url": "https://www.kaigokensaku.mhlw.go.jp/28/index.php?action_kouhyou_detail_004_kani=true&JigyosyoCd=2875200624-00&ServiceCd=210&Type=search", "url2": "http://www.kobe-fukuseikai.com" }, "geometry": { "type": "Point", "coordinates": [ 135.033517, 34.6721852 ] } },
{ "type": "Feature", "properties": { "内容": "大慈ショ－トステイ【短期入所生活介護】神戸市西区櫨谷町長谷13-1", "url": "https://www.kaigokensaku.mhlw.go.jp/28/index.php?action_kouhyou_detail_004_kani=true&JigyosyoCd=2875200723-00&ServiceCd=210&Type=search", "url2": "http://www.daijien.com" }, "geometry": { "type": "Point", "coordinates": [ 135.023739100000057, 34.7057512 ] } },
{ "type": "Feature", "properties": { "内容": "短期入所生活介護事業　サンビラこうべ【短期入所生活介護】兵庫県神戸市西区神出町宝勢774-39特別養護老人ホーム　サンビラこうべ", "url": "https://www.kaigokensaku.mhlw.go.jp/28/index.php?action_kouhyou_detail_004_kani=true&JigyosyoCd=2875200731-00&ServiceCd=210&Type=search", "url2": "https://www.ontoku.or.jp/facilities/sunvilla-home/" }, "geometry": { "type": "Point", "coordinates": [ 134.972543800000039, 34.7291482 ] } },
{ "type": "Feature", "properties": { "内容": "神港園シルビアショートステイ【短期入所生活介護】神戸市西区神出町東1188-345", "url": "https://www.kaigokensaku.mhlw.go.jp/28/index.php?action_kouhyou_detail_004_kani=true&JigyosyoCd=2875200749-00&ServiceCd=210&Type=search", "url2": "https://www.shinkouen.or.jp" }, "geometry": { "type": "Point", "coordinates": [ 135.01858670104977, 34.75811526236658 ] } },
{ "type": "Feature", "properties": { "内容": "花園ショートステイ【短期入所生活介護】兵庫県神戸市西区平野町慶明字花岡77", "url": "https://www.kaigokensaku.mhlw.go.jp/28/index.php?action_kouhyou_detail_004_kani=true&JigyosyoCd=2875201382-00&ServiceCd=210&Type=search", "url2": "https://hanazono-h.com" }, "geometry": { "type": "Point", "coordinates": [ 134.984348599999947, 34.6919575 ] } },
{ "type": "Feature", "properties": { "内容": "ラグナケア春日台【短期入所生活介護】神戸市西区春日台7丁目45-2", "url": "https://www.kaigokensaku.mhlw.go.jp/28/index.php?action_kouhyou_detail_004_kani=true&JigyosyoCd=2875203172-00&ServiceCd=210&Type=search", "url2": "http://www.houonkai.jp/" }, "geometry": { "type": "Point", "coordinates": [ 134.990761600000042, 34.7086779 ] } },
{ "type": "Feature", "properties": { "内容": "ショートステイほっと倶楽部【短期入所生活介護】兵庫県神戸市西区伊川谷町別府７１９－１有料老人ホームほっと倶楽部", "url": "https://www.kaigokensaku.mhlw.go.jp/28/index.php?action_kouhyou_detail_004_kani=true&JigyosyoCd=2875203412-00&ServiceCd=210&Type=search", "url2": "http://www.kouei-medical.jp/" }, "geometry": { "type": "Point", "coordinates": [ 135.018210100000033, 34.667504800000017 ] } },
{ "type": "Feature", "properties": { "内容": "特別養護老人ホーム　大慈智音園ショートステイ【短期入所生活介護】玉津町今津364-61大慈智音園", "url": "https://www.kaigokensaku.mhlw.go.jp/28/index.php?action_kouhyou_detail_004_kani=true&JigyosyoCd=2875204204-00&ServiceCd=210&Type=search", "url2": "http://www.daijien.com" }, "geometry": { "type": "Point", "coordinates": [ 134.993345500000032, 34.6778314 ] } },
{ "type": "Feature", "properties": { "内容": "特別養護老人ホームときわ【短期入所生活介護】兵庫県神戸市西区前開南町２丁目１番１２号", "url": "https://www.kaigokensaku.mhlw.go.jp/28/index.php?action_kouhyou_detail_004_kani=true&JigyosyoCd=2875204709-00&ServiceCd=210&Type=search", "url2": "https://kobe-senshinkai.or.jp/senshinkai/index.php" }, "geometry": { "type": "Point", "coordinates": [ 135.047048, 34.685647 ] } },
{ "type": "Feature", "properties": { "内容": "短期入所生活介護オリンピア神戸西【短期入所生活介護】兵庫県神戸市西区玉津町上池315-10", "url": "https://www.kaigokensaku.mhlw.go.jp/28/index.php?action_kouhyou_detail_004_kani=true&JigyosyoCd=2875203099-00&ServiceCd=210&Type=search", "url2": "https://www.olympia.or.jp/" }, "geometry": { "type": "Point", "coordinates": [ 134.990564299999988, 34.6596659 ] } },
{ "type": "Feature", "properties": { "内容": "ショートステイ三芳苑【短期入所生活介護】兵庫県神戸市西区伊川谷町潤和1447‐1", "url": "https://www.kaigokensaku.mhlw.go.jp/28/index.php?action_kouhyou_detail_004_kani=true&JigyosyoCd=2875204337-00&ServiceCd=210&Type=search", "url2": "http://www.shofukai.jp" }, "geometry": { "type": "Point", "coordinates": [ 135.00400030000003, 34.662919 ] } },
{ "type": "Feature", "properties": { "内容": "特別養護老人ホーム櫻ホーム西神【短期入所生活介護】兵庫県神戸市西区月が丘1丁目41-12", "url": "https://www.kaigokensaku.mhlw.go.jp/28/index.php?action_kouhyou_detail_004_kani=true&JigyosyoCd=2875204873-00&ServiceCd=210&Type=search", "url2": "https://seishin.sakuradani-fukushikai.com/" }, "geometry": { "type": "Point", "coordinates": [ 135.052454935057085, 34.756125720727603 ] } },
{ "type": "Feature", "properties": { "内容": "特別養護老人ホーム岩岡の郷【短期入所生活介護】兵庫県神戸市西区岩岡町岩岡656-2", "url": "https://www.kaigokensaku.mhlw.go.jp/28/index.php?action_kouhyou_detail_004_kani=true&JigyosyoCd=2875205078-00&ServiceCd=210&Type=search", "url2": "https://www.chikusakai.jp/" }, "geometry": { "type": "Point", "coordinates": [ 134.9465519, 34.7171792 ] } },
{ "type": "Feature", "properties": { "内容": "西神の里【短期入所生活介護】兵庫県神戸市西区岩岡町古郷２８８８番地", "url": "https://www.kaigokensaku.mhlw.go.jp/28/index.php?action_kouhyou_detail_004_kani=true&JigyosyoCd=2875200905-00&ServiceCd=210&Type=search", "url2": "http://www.seishinnosato.jp/" }, "geometry": { "type": "Point", "coordinates": [ 134.923089299999987, 34.7253041 ] } },
{ "type": "Feature", "properties": { "内容": "大慈ショートステイさくら【短期入所生活介護】櫨谷町長谷83-6", "url": "https://www.kaigokensaku.mhlw.go.jp/28/index.php?action_kouhyou_detail_004_kani=true&JigyosyoCd=2875204683-00&ServiceCd=210&Type=search", "url2": "http://www.carehouse-daiji.com" }, "geometry": { "type": "Point", "coordinates": [ 135.023328799999945, 34.7048873 ] } },
{ "type": "Feature", "properties": { "内容": "ショートスティ　光寿園【短期入所生活介護】兵庫県姫路市夢前町塩田　118番地1", "url": "https://www.kaigokensaku.mhlw.go.jp/28/index.php?action_kouhyou_detail_004_kani=true&JigyosyoCd=2873500066-00&ServiceCd=210&Type=search", "url2": "http://koujyu-en.com/" }, "geometry": { "type": "Point", "coordinates": [ 134.686350398449918, 34.948331490614329 ] } },
{ "type": "Feature", "properties": { "内容": "いえしま短期入所生活介護事業所【短期入所生活介護】兵庫県姫路市家島町真浦２１０１番地４１", "url": "https://www.kaigokensaku.mhlw.go.jp/28/index.php?action_kouhyou_detail_004_kani=true&JigyosyoCd=2873500090-00&ServiceCd=210&Type=search", "url2": "www.aiwahp.or.jp/iesima-home/" }, "geometry": { "type": "Point", "coordinates": [ 134.52715569999998, 34.6722717 ] } },
{ "type": "Feature", "properties": { "内容": "特別養護老人ホームサンライフ土山　短期入所生活介護【短期入所生活介護】兵庫県姫路市土山東の町9番12号", "url": "https://www.kaigokensaku.mhlw.go.jp/28/index.php?action_kouhyou_detail_004_kani=true&JigyosyoCd=2874007665-00&ServiceCd=210&Type=search", "url2": "http://www.mcn2k.co.jp/pub/sasayuri/" }, "geometry": { "type": "Point", "coordinates": [ 134.677472699999953, 34.8326357 ] } },
{ "type": "Feature", "properties": { "内容": "特別養護老人ホームオレンジ姫路【短期入所生活介護】飾磨区上野田6丁目38番地", "url": "https://www.kaigokensaku.mhlw.go.jp/28/index.php?action_kouhyou_detail_004_kani=true&JigyosyoCd=2874008671-00&ServiceCd=210&Type=search", "url2": "https://orangegroup-swc.com/orange_himeji/" }, "geometry": { "type": "Point", "coordinates": [ 134.68886950000001, 34.8042975 ] } },
{ "type": "Feature", "properties": { "内容": "特別養護老人ホーム　サン・ビレッジ夢前【短期入所生活介護】姫路市夢前町又坂４０５番地", "url": "https://www.kaigokensaku.mhlw.go.jp/28/index.php?action_kouhyou_detail_004_kani=true&JigyosyoCd=2873500306-00&ServiceCd=210&Type=search", "url2": "http:www.sv-yumesaki" }, "geometry": { "type": "Point", "coordinates": [ 134.668479499999989, 34.9253889 ] } },
{ "type": "Feature", "properties": { "内容": "特別養護老人ホーム　あさなぎ【短期入所生活介護】兵庫県姫路市白浜町乙836番地", "url": "https://www.kaigokensaku.mhlw.go.jp/28/index.php?action_kouhyou_detail_004_kani=true&JigyosyoCd=2874000587-00&ServiceCd=210&Type=search", "url2": "http://aiwahp.or.jp/asanagi/" }, "geometry": { "type": "Point", "coordinates": [ 134.710428399999955, 34.7876106 ] } },
{ "type": "Feature", "properties": { "内容": "特別養護老人ホーム　白鳥園【短期入所生活介護】姫路市林田町久保１６１番地の２", "url": "https://www.kaigokensaku.mhlw.go.jp/28/index.php?action_kouhyou_detail_004_kani=true&JigyosyoCd=2874000546-00&ServiceCd=210&Type=search", "url2": "http://www.h-fukushi.com" }, "geometry": { "type": "Point", "coordinates": [ 134.581898229499757, 34.900947161416326 ] } },
{ "type": "Feature", "properties": { "内容": "地域密着型特別養護老人ホームサンライフ西庄　短期入所生活介護【短期入所生活介護】兵庫県姫路市西庄甲87番1", "url": "https://www.kaigokensaku.mhlw.go.jp/28/index.php?action_kouhyou_detail_004_kani=true&JigyosyoCd=2874009497-00&ServiceCd=210&Type=search", "url2": "https://sasayurikai.or.jp" }, "geometry": { "type": "Point", "coordinates": [ 134.671322, 34.8298366 ] } },
{ "type": "Feature", "properties": { "内容": "短期入所生活介護事業所美郷苑【短期入所生活介護】兵庫県姫路市四郷町坂元４４－１", "url": "https://www.kaigokensaku.mhlw.go.jp/28/index.php?action_kouhyou_detail_004_kani=true&JigyosyoCd=2874009075-00&ServiceCd=210&Type=search", "url2": "http://himeji-fukujyukai.jp" }, "geometry": { "type": "Point", "coordinates": [ 134.7228609, 34.8137219 ] } },
{ "type": "Feature", "properties": { "内容": "特別養護老人ホーム　しかまの里【短期入所生活介護】姫路市飾磨区阿所成植木960番地", "url": "https://www.kaigokensaku.mhlw.go.jp/28/index.php?action_kouhyou_detail_004_kani=true&JigyosyoCd=2874001569-00&ServiceCd=210&Type=search", "url2": "http://www.shikamanosato.com" }, "geometry": { "type": "Point", "coordinates": [ 134.674849, 34.799798 ] } },
{ "type": "Feature", "properties": { "内容": "特別養護老人ホームサンビレッジ姫路【短期入所生活介護】兵庫県姫路市町坪468", "url": "https://www.kaigokensaku.mhlw.go.jp/28/index.php?action_kouhyou_detail_004_kani=true&JigyosyoCd=2874007103-00&ServiceCd=210&Type=search", "url2": "https://www.sv-yumesaki.com" }, "geometry": { "type": "Point", "coordinates": [ 134.68555090000001, 34.8154176 ] } },
{ "type": "Feature", "properties": { "内容": "ショートステイキャッシル真和【短期入所生活介護】兵庫県姫路市山田町西山田726-1", "url": "https://www.kaigokensaku.mhlw.go.jp/28/index.php?action_kouhyou_detail_004_kani=true&JigyosyoCd=2874000785-00&ServiceCd=210&Type=search", "url2": "http://www.casil.or.jp" }, "geometry": { "type": "Point", "coordinates": [ 134.772683499999971, 34.9057619 ] } },
{ "type": "Feature", "properties": { "内容": "特別養護老人ホームあおやま【短期入所生活介護】兵庫県姫路市青山西5丁目8‐48", "url": "https://www.kaigokensaku.mhlw.go.jp/28/index.php?action_kouhyou_detail_004_kani=true&JigyosyoCd=2874008655-00&ServiceCd=210&Type=search", "url2": "http://www.hakuchokai.or.jp/tokuyo_aoyama/" }, "geometry": { "type": "Point", "coordinates": [ 134.623958499999958, 34.8414229 ] } },
{ "type": "Feature", "properties": { "内容": "大津みやび野ホーム短期入所生活介護【短期入所生活介護】兵庫県姫路市大津区大津町一丁目31-111大津みやび野ホーム", "url": "https://www.kaigokensaku.mhlw.go.jp/28/index.php?action_kouhyou_detail_004_kani=true&JigyosyoCd=2874007681-00&ServiceCd=210&Type=search", "url2": "http://www.katuhara.or.jp" }, "geometry": { "type": "Point", "coordinates": [ 134.610968599336246, 34.805450575171861 ] } },
{ "type": "Feature", "properties": { "内容": "清住園ショートステイサービス【短期入所生活介護】姫路市飾東町清住555番地", "url": "https://www.kaigokensaku.mhlw.go.jp/28/index.php?action_kouhyou_detail_004_kani=true&JigyosyoCd=2874000504-00&ServiceCd=210&Type=search", "url2": "http://www.kiyosumien.jp/" }, "geometry": { "type": "Point", "coordinates": [ 134.775634599999989, 34.8494909 ] } },
{ "type": "Feature", "properties": { "内容": "特別養護老人ホームむれさき苑【短期入所生活介護】兵庫県姫路市四郷町東阿保44番地", "url": "https://www.kaigokensaku.mhlw.go.jp/28/index.php?action_kouhyou_detail_004_kani=true&JigyosyoCd=2874000512-00&ServiceCd=210&Type=search", "url2": "https://syousikai.jp/himeji/himeji_home.php" }, "geometry": { "type": "Point", "coordinates": [ 134.6390419, 34.8645775 ] } },
{ "type": "Feature", "properties": { "内容": "介護老人福祉施設　あじさいホーム【短期入所生活介護】兵庫県姫路市安富町植木野426-64", "url": "https://www.kaigokensaku.mhlw.go.jp/28/index.php?action_kouhyou_detail_004_kani=true&JigyosyoCd=2874009711-00&ServiceCd=210&Type=search", "url2": "http://www.ajisai.or.jp/" }, "geometry": { "type": "Point", "coordinates": [ 134.587999200000013, 34.9660502 ] } },
{ "type": "Feature", "properties": { "内容": "ショートステイ杏の里【短期入所生活介護】姫路市広畑区東新町1丁目29番地", "url": "https://www.kaigokensaku.mhlw.go.jp/28/index.php?action_kouhyou_detail_004_kani=true&JigyosyoCd=2874004134-00&ServiceCd=210&Type=search", "url2": "http://www.1484naika.jp/" }, "geometry": { "type": "Point", "coordinates": [ 134.631691499999988, 34.7991752 ] } },
{ "type": "Feature", "properties": { "内容": "ショートステイ　なごみの里【短期入所生活介護】姫路市大津区吉美780番地", "url": "https://www.kaigokensaku.mhlw.go.jp/28/index.php?action_kouhyou_detail_004_kani=true&JigyosyoCd=2874002351-00&ServiceCd=210&Type=search", "url2": "http://sachi-himeji.com" }, "geometry": { "type": "Point", "coordinates": [ 134.5992235, 34.7889043 ] } },
{ "type": "Feature", "properties": { "内容": "銀の櫂ショートステイサービス【短期入所生活介護】兵庫県姫路市網干区興浜907-202", "url": "https://www.kaigokensaku.mhlw.go.jp/28/index.php?action_kouhyou_detail_004_kani=true&JigyosyoCd=2874002500-00&ServiceCd=210&Type=search", "url2": "http://www.e-akane.com" }, "geometry": { "type": "Point", "coordinates": [ 134.585762299999942, 34.7705284 ] } },
{ "type": "Feature", "properties": { "内容": "ショートステイ　こうろ苑【短期入所生活介護】兵庫県姫路市香寺町香呂55番地1", "url": "https://www.kaigokensaku.mhlw.go.jp/28/index.php?action_kouhyou_detail_004_kani=true&JigyosyoCd=2874007137-00&ServiceCd=210&Type=search", "url2": "http://www.tokusou.or.jp" }, "geometry": { "type": "Point", "coordinates": [ 134.738857770777969, 34.913694063482033 ] } },
{ "type": "Feature", "properties": { "内容": "ゆめさき三清荘ショートステイ【短期入所生活介護】兵庫県姫路市夢前町前之庄4514", "url": "https://www.kaigokensaku.mhlw.go.jp/28/index.php?action_kouhyou_detail_004_kani=true&JigyosyoCd=2874008143-00&ServiceCd=210&Type=search", "url2": "https://www.keizankai.or.jp/yumesaki/" }, "geometry": { "type": "Point", "coordinates": [ 134.685821199999964, 34.9747569 ] } },
{ "type": "Feature", "properties": { "内容": "ショートステイ　香照苑【短期入所生活介護】兵庫県姫路市香寺町須加院338-506", "url": "https://www.kaigokensaku.mhlw.go.jp/28/index.php?action_kouhyou_detail_004_kani=true&JigyosyoCd=2873400457-00&ServiceCd=210&Type=search", "url2": "http://www.tokusou.or.jp" }, "geometry": { "type": "Point", "coordinates": [ 134.720818300000019, 34.9009453 ] } },
{ "type": "Feature", "properties": { "内容": "ショートステイＣＨＩＡＫＩほおずき姫路津田【短期入所生活介護】姫路市飾磨区今在家北1丁目8", "url": "https://www.kaigokensaku.mhlw.go.jp/28/index.php?action_kouhyou_detail_004_kani=true&JigyosyoCd=2874002815-00&ServiceCd=210&Type=search", "url2": "http://www.chiaki-hozuki.co.jp" }, "geometry": { "type": "Point", "coordinates": [ 134.655997299999967, 34.8088998 ] } },
{ "type": "Feature", "properties": { "内容": "志深の苑　ショートステイ【短期入所生活介護】兵庫県姫路市御国野町深志野1430番地", "url": "https://www.kaigokensaku.mhlw.go.jp/28/index.php?action_kouhyou_detail_004_kani=true&JigyosyoCd=2874001049-00&ServiceCd=210&Type=search", "url2": "http://sankoushi.or.jp/" }, "geometry": { "type": "Point", "coordinates": [ 134.752717399999938, 34.832648 ] } },
{ "type": "Feature", "properties": { "内容": "特別養護老人ホームしらさぎの里【短期入所生活介護】兵庫県姫路市林田町山田351-3", "url": "https://www.kaigokensaku.mhlw.go.jp/28/index.php?action_kouhyou_detail_004_kani=true&JigyosyoCd=2874000579-00&ServiceCd=210&Type=search", "url2": "https://www.sirasagi.or.jp" }, "geometry": { "type": "Point", "coordinates": [ 134.591703, 34.9300852 ] } },
{ "type": "Feature", "properties": { "内容": "ライフビラ姫路【短期入所生活介護】兵庫県姫路市飯田3丁目44番地", "url": "https://www.kaigokensaku.mhlw.go.jp/28/index.php?action_kouhyou_detail_004_kani=true&JigyosyoCd=2874001932-00&ServiceCd=210&Type=search", "url2": "http://www.life-villa-himeji.jp" }, "geometry": { "type": "Point", "coordinates": [ 134.673226200000045, 34.8129604 ] } },
{ "type": "Feature", "properties": { "内容": "ショートステイ泉の杜【短期入所生活介護】兵庫県姫路市豊富町神谷３０４１－２０", "url": "https://www.kaigokensaku.mhlw.go.jp/28/index.php?action_kouhyou_detail_004_kani=true&JigyosyoCd=2874002799-00&ServiceCd=210&Type=search", "url2": "http://www.izuminomori.com" }, "geometry": { "type": "Point", "coordinates": [ 134.781833799999959, 34.8770628 ] } },
{ "type": "Feature", "properties": { "内容": "だいにしふかのその　しょーとすてい【短期入所生活介護】兵庫県姫路市御国野町深志野1430番地", "url": "https://www.kaigokensaku.mhlw.go.jp/28/index.php?action_kouhyou_detail_004_kani=true&JigyosyoCd=2874010115-00&ServiceCd=210&Type=search", "url2": "http://sankoushi.or.jp/" }, "geometry": { "type": "Point", "coordinates": [ 134.752904700000016, 34.8326442 ] } },
{ "type": "Feature", "properties": { "内容": "ショートステイ汐里【短期入所生活介護】兵庫県姫路市的形町的形1768-28", "url": "https://www.kaigokensaku.mhlw.go.jp/28/index.php?action_kouhyou_detail_004_kani=true&JigyosyoCd=2874010792-00&ServiceCd=210&Type=search", "url2": "https://www.ontoku.or.jp/" }, "geometry": { "type": "Point", "coordinates": [ 134.7418745, 34.7780689 ] } },
{ "type": "Feature", "properties": { "内容": "夢の里短期入所生活介護事業所【短期入所生活介護】兵庫県姫路市夢前町戸倉1105-38", "url": "https://www.kaigokensaku.mhlw.go.jp/28/index.php?action_kouhyou_detail_004_kani=true&JigyosyoCd=2873500199-00&ServiceCd=210&Type=search", "url2": "http://www.houjyu-kai.or.jp" }, "geometry": { "type": "Point", "coordinates": [ 134.6339345, 34.9625071 ] } },
{ "type": "Feature", "properties": { "内容": "特別養護老人ホーム　清寿園【短期入所生活介護】兵庫県姫路市飾東町豊国210番地", "url": "https://www.kaigokensaku.mhlw.go.jp/28/index.php?action_kouhyou_detail_004_kani=true&JigyosyoCd=2874000553-00&ServiceCd=210&Type=search", "url2": "http://seijyuen.net/" }, "geometry": { "type": "Point", "coordinates": [ 134.7426127, 34.8366002 ] } },
{ "type": "Feature", "properties": { "内容": "特別養護老人ホーム　サンライフ御立【短期入所生活介護】兵庫県姫路市御立東5丁目1番1号", "url": "https://www.kaigokensaku.mhlw.go.jp/28/index.php?action_kouhyou_detail_004_kani=true&JigyosyoCd=2874000629-00&ServiceCd=210&Type=search", "url2": "http://sasayurikai.or.jp" }, "geometry": { "type": "Point", "coordinates": [ 134.683498800000052, 34.8623523 ] } },
{ "type": "Feature", "properties": { "内容": "ショートステイデコ・ライフ【短期入所生活介護】兵庫県姫路市家島町真浦２１３６－３３", "url": "https://www.kaigokensaku.mhlw.go.jp/28/index.php?action_kouhyou_detail_004_kani=true&JigyosyoCd=2874011238-00&ServiceCd=210&Type=search", "url2": null }, "geometry": { "type": "Point", "coordinates": [ 134.5270681, 34.671597 ] } },
{ "type": "Feature", "properties": { "内容": "姫路・勝原ホーム短期入所生活介護【短期入所生活介護】勝原区下太田573", "url": "https://www.kaigokensaku.mhlw.go.jp/28/index.php?action_kouhyou_detail_004_kani=true&JigyosyoCd=2874001395-00&ServiceCd=210&Type=search", "url2": "https://www.katuhara.or.jp/" }, "geometry": { "type": "Point", "coordinates": [ 134.595211599999971, 34.821712 ] } },
{ "type": "Feature", "properties": { "内容": "こころ広畑短期入所生活介護事業【短期入所生活介護】兵庫県姫路市広畑区小松町２丁目６６－２８", "url": "https://www.kaigokensaku.mhlw.go.jp/28/index.php?action_kouhyou_detail_004_kani=true&JigyosyoCd=2874003508-00&ServiceCd=210&Type=search", "url2": "http://www.chowahukushikai.or.jp" }, "geometry": { "type": "Point", "coordinates": [ 134.624530899999968, 34.8025051 ] } },
{ "type": "Feature", "properties": { "内容": "短期入所生活介護書写ひまわりホーム【短期入所生活介護】兵庫県姫路市書写６３４－198", "url": "https://www.kaigokensaku.mhlw.go.jp/28/index.php?action_kouhyou_detail_004_kani=true&JigyosyoCd=2874003524-00&ServiceCd=210&Type=search", "url2": "http://himawarihome.or.jp" }, "geometry": { "type": "Point", "coordinates": [ 134.659917691678885, 34.867219153999777 ] } },
{ "type": "Feature", "properties": { "内容": "短期入所生活介護事業所星陽【短期入所生活介護】兵庫県姫路市別所町別所1131番地", "url": "https://www.kaigokensaku.mhlw.go.jp/28/index.php?action_kouhyou_detail_004_kani=true&JigyosyoCd=2874004100-00&ServiceCd=210&Type=search", "url2": "http://seiyou-himeji.jp" }, "geometry": { "type": "Point", "coordinates": [ 134.7491791, 34.7993608 ] } },
{ "type": "Feature", "properties": { "内容": "短期入所生活介護事業所　和好苑【短期入所生活介護】姫路市北条宮の町131番地", "url": "https://www.kaigokensaku.mhlw.go.jp/28/index.php?action_kouhyou_detail_004_kani=true&JigyosyoCd=2874006410-00&ServiceCd=210&Type=search", "url2": "info＠himeji-fukujyukai.jp" }, "geometry": { "type": "Point", "coordinates": [ 134.693029833729469, 34.817552959486875 ] } },
{ "type": "Feature", "properties": { "内容": "特別養護老人ホーム　ネバーランド【短期入所生活介護】兵庫県姫路市船津町５２７１－１６特別養護老人ホームネバーランド", "url": "https://www.kaigokensaku.mhlw.go.jp/28/index.php?action_kouhyou_detail_004_kani=true&JigyosyoCd=2874000611-00&ServiceCd=210&Type=search", "url2": "http://www.neverland.or.jp" }, "geometry": { "type": "Point", "coordinates": [ 134.763431299999979, 34.9099002 ] } },
{ "type": "Feature", "properties": { "内容": "ショートステイ　ライフサポートひめじ【短期入所生活介護】姫路市城東町竹之門６番地", "url": "https://www.kaigokensaku.mhlw.go.jp/28/index.php?action_kouhyou_detail_004_kani=true&JigyosyoCd=2874002914-00&ServiceCd=210&Type=search", "url2": "http://lifesupport-himeji.jp" }, "geometry": { "type": "Point", "coordinates": [ 134.704838800000061, 34.8374052 ] } },
{ "type": "Feature", "properties": { "内容": "特別養護老人ホームいやさか苑【短期入所生活介護】姫路市白浜町宇佐崎北1丁目29番地", "url": "https://www.kaigokensaku.mhlw.go.jp/28/index.php?action_kouhyou_detail_004_kani=true&JigyosyoCd=2874005685-00&ServiceCd=210&Type=search", "url2": "http://www.iyasakaen.jp/" }, "geometry": { "type": "Point", "coordinates": [ 134.720407900000026, 34.7853859 ] } },
{ "type": "Feature", "properties": { "内容": "山彦ホーム【短期入所生活介護】兵庫県姫路市花田町加納原田１５５番地", "url": "https://www.kaigokensaku.mhlw.go.jp/28/index.php?action_kouhyou_detail_004_kani=true&JigyosyoCd=2874000058-00&ServiceCd=210&Type=search", "url2": "http://www.honkakuji-gr.or.jp/" }, "geometry": { "type": "Point", "coordinates": [ 134.723811899999987, 34.8283899 ] } },
{ "type": "Feature", "properties": { "内容": "ショートステイうさぎ【短期入所生活介護】東山５７７", "url": "https://www.kaigokensaku.mhlw.go.jp/28/index.php?action_kouhyou_detail_004_kani=true&JigyosyoCd=2874007616-00&ServiceCd=210&Type=search", "url2": "http://www.taishukai.jp" }, "geometry": { "type": "Point", "coordinates": [ 134.725368500000059, 34.7859749 ] } },
{ "type": "Feature", "properties": { "内容": "社会福祉法人　博愛福祉会　特別養護老人ホーム　サンホームあまがさき【短期入所生活介護】大庄北３丁目15-1サンホームあまがさき", "url": "https://www.kaigokensaku.mhlw.go.jp/28/index.php?action_kouhyou_detail_004_kani=true&JigyosyoCd=2873000364-00&ServiceCd=210&Type=search", "url2": "https://hinode.or.jp/establishment/sh_amagasaki/" }, "geometry": { "type": "Point", "coordinates": [ 135.3890072, 34.7336231 ] } },
{ "type": "Feature", "properties": { "内容": "武庫之荘ホール【短期入所生活介護】武庫町4丁目4番20号", "url": "https://www.kaigokensaku.mhlw.go.jp/28/index.php?action_kouhyou_detail_004_kani=true&JigyosyoCd=2873000356-00&ServiceCd=210&Type=search", "url2": "http://www.chousei.or.jp" }, "geometry": { "type": "Point", "coordinates": [ 135.3779266, 34.7497201 ] } },
{ "type": "Feature", "properties": { "内容": "ショートステイ　ほがらか苑【短期入所生活介護】兵庫県尼崎市東本町４丁目１０３番１１号", "url": "https://www.kaigokensaku.mhlw.go.jp/28/index.php?action_kouhyou_detail_004_kani=true&JigyosyoCd=2873000992-00&ServiceCd=210&Type=search", "url2": "htpps//hogarakaen.or.jp" }, "geometry": { "type": "Point", "coordinates": [ 135.422099500000058, 34.7124835 ] } },
{ "type": "Feature", "properties": { "内容": "尼崎ケアセンターそよ風【短期入所生活介護】食満7-17-1", "url": "https://www.kaigokensaku.mhlw.go.jp/28/index.php?action_kouhyou_detail_004_kani=true&JigyosyoCd=2873006197-00&ServiceCd=210&Type=search", "url2": "amagasaki@unimat-rc.co.jp" }, "geometry": { "type": "Point", "coordinates": [ 135.436375099999964, 34.7570375 ] } },
{ "type": "Feature", "properties": { "内容": "ショートステイ　ラウレート東園田【短期入所生活介護】兵庫県尼崎市東園田町6丁目81番２号", "url": "https://www.kaigokensaku.mhlw.go.jp/28/index.php?action_kouhyou_detail_004_kani=true&JigyosyoCd=2873008664-00&ServiceCd=210&Type=search", "url2": "http://arustak.com/" }, "geometry": { "type": "Point", "coordinates": [ 135.452712499999961, 34.7537583 ] } },
{ "type": "Feature", "properties": { "内容": "社会福祉法人テンダー会　特別養護老人ホーム　らくらく苑【短期入所生活介護】兵庫県尼崎市田能４丁目２－５０", "url": "https://www.kaigokensaku.mhlw.go.jp/28/index.php?action_kouhyou_detail_004_kani=true&JigyosyoCd=2873001453-00&ServiceCd=210&Type=search", "url2": "http://www.rakurakuen.jp" }, "geometry": { "type": "Point", "coordinates": [ 135.438669200000049, 34.7644034 ] } },
{ "type": "Feature", "properties": { "内容": "地域密着型介護老人福祉施設　カラー尼崎【短期入所生活介護】兵庫県尼崎市口田中1-16-2カラー尼崎", "url": "https://www.kaigokensaku.mhlw.go.jp/28/index.php?action_kouhyou_detail_004_kani=true&JigyosyoCd=2873005686-00&ServiceCd=210&Type=search", "url2": "https://www.kouyukai.jp/detail_06.html" }, "geometry": { "type": "Point", "coordinates": [ 135.434258199999988, 34.756138 ] } },
{ "type": "Feature", "properties": { "内容": "とくべつようごろうじんほーむ【短期入所生活介護】兵庫県尼崎市田能3丁目5-28", "url": "https://www.kaigokensaku.mhlw.go.jp/28/index.php?action_kouhyou_detail_004_kani=true&JigyosyoCd=2873005702-00&ServiceCd=210&Type=search", "url2": "tenderkai@space.ocn.ne.jp" }, "geometry": { "type": "Point", "coordinates": [ 135.4384332, 34.7660327 ] } },
{ "type": "Feature", "properties": { "内容": "特別養護老人ホーム　サンフォート武庫之荘【短期入所生活介護】兵庫県尼崎市武庫之荘9丁目34番16号", "url": "https://www.kaigokensaku.mhlw.go.jp/28/index.php?action_kouhyou_detail_004_kani=true&JigyosyoCd=2873005892-00&ServiceCd=210&Type=search", "url2": "http://www.sanyoufukusikai.com/" }, "geometry": { "type": "Point", "coordinates": [ 135.388315700000021, 34.7704328 ] } },
{ "type": "Feature", "properties": { "内容": "社会医療法人中央会ショートステイローランド【短期入所生活介護】尼崎市潮江3丁目1番8号", "url": "https://www.kaigokensaku.mhlw.go.jp/28/index.php?action_kouhyou_detail_004_kani=true&JigyosyoCd=2873009043-00&ServiceCd=210&Type=search", "url2": "http://www.chuoukai.or.jp" }, "geometry": { "type": "Point", "coordinates": [ 135.429295499999967, 34.73827 ] } },
{ "type": "Feature", "properties": { "内容": "特別養護老人ホームゆめパラティース【短期入所生活介護】下坂部３－３－１", "url": "https://www.kaigokensaku.mhlw.go.jp/28/index.php?action_kouhyou_detail_004_kani=true&JigyosyoCd=2873010157-00&ServiceCd=210&Type=search", "url2": "https://smile-yume.com/paratiis/" }, "geometry": { "type": "Point", "coordinates": [ 135.438203199999947, 34.7408531 ] } },
{ "type": "Feature", "properties": { "内容": "特別養護老人ホームアマリリス【短期入所生活介護】若王寺3丁目１６－３", "url": "https://www.kaigokensaku.mhlw.go.jp/28/index.php?action_kouhyou_detail_004_kani=true&JigyosyoCd=2873011304-00&ServiceCd=210&Type=search", "url2": "http://bluevalley-amaryllis.com/" }, "geometry": { "type": "Point", "coordinates": [ 135.440128, 34.7452026 ] } },
{ "type": "Feature", "properties": { "内容": "尼崎特別養護老人ホームラガールショートステイ【短期入所生活介護】兵庫県尼崎市大庄西町四丁目４番１号兵庫県尼崎市大庄西町四丁目４番１号", "url": "https://www.kaigokensaku.mhlw.go.jp/28/index.php?action_kouhyou_detail_004_kani=true&JigyosyoCd=2873013151-00&ServiceCd=210&Type=search", "url2": "http://ama-la.koudoukai.or.jp/" }, "geometry": { "type": "Point", "coordinates": [ 135.3896317, 34.7180599 ] } },
{ "type": "Feature", "properties": { "内容": "特別養護老人ホーム春日苑【短期入所生活介護】尼崎市田能5丁目10番25号", "url": "https://www.kaigokensaku.mhlw.go.jp/28/index.php?action_kouhyou_detail_004_kani=true&JigyosyoCd=2873000414-00&ServiceCd=210&Type=search", "url2": null }, "geometry": { "type": "Point", "coordinates": [ 135.4298751, 34.7683666 ] } },
{ "type": "Feature", "properties": { "内容": "喜楽苑短期入所生活介護事業所【短期入所生活介護】兵庫県尼崎市長洲西通２丁目８番３号", "url": "https://www.kaigokensaku.mhlw.go.jp/28/index.php?action_kouhyou_detail_004_kani=true&JigyosyoCd=2873000620-00&ServiceCd=210&Type=search", "url2": "http://www.kirakuen.or.jp" }, "geometry": { "type": "Point", "coordinates": [ 135.428298700000028, 34.7256824 ] } },
{ "type": "Feature", "properties": { "内容": "特別養護老人ホーム　南野の月【短期入所生活介護】兵庫県尼崎市富松町3丁目2-37", "url": "https://www.kaigokensaku.mhlw.go.jp/28/index.php?action_kouhyou_detail_004_kani=true&JigyosyoCd=2873000679-00&ServiceCd=210&Type=search", "url2": "www.minamino.or.jp" }, "geometry": { "type": "Point", "coordinates": [ 135.399636900000019, 34.7588479 ] } },
{ "type": "Feature", "properties": { "内容": "社会福祉法人阪神共同福祉会　園田苑【短期入所生活介護】兵庫県尼崎市小中島１丁目１－１８", "url": "https://www.kaigokensaku.mhlw.go.jp/28/index.php?action_kouhyou_detail_004_kani=true&JigyosyoCd=2873000729-00&ServiceCd=210&Type=search", "url2": "https://sonodaen.com/" }, "geometry": { "type": "Point", "coordinates": [ 135.444691499999976, 34.7499133 ] } },
{ "type": "Feature", "properties": { "内容": "特別養護老人ホーム　ロータスガーデン【短期入所生活介護】尼崎市栗山町1-20-20", "url": "https://www.kaigokensaku.mhlw.go.jp/28/index.php?action_kouhyou_detail_004_kani=true&JigyosyoCd=2873001040-00&ServiceCd=210&Type=search", "url2": "http//www.e-akane.com" }, "geometry": { "type": "Point", "coordinates": [ 135.408802899999955, 34.7452355 ] } },
{ "type": "Feature", "properties": { "内容": "西長洲荘指定短期入所生活介護【短期入所生活介護】兵庫県尼崎市西長洲町3丁目3番20号", "url": "https://www.kaigokensaku.mhlw.go.jp/28/index.php?action_kouhyou_detail_004_kani=true&JigyosyoCd=2873001149-00&ServiceCd=210&Type=search", "url2": "http://www.heiseikai.or.jp" }, "geometry": { "type": "Point", "coordinates": [ 135.417566299999976, 34.7261738 ] } },
{ "type": "Feature", "properties": { "内容": "けま喜楽苑ショートステイ事業所【短期入所生活介護】兵庫県尼崎市食満２－２２－１", "url": "https://www.kaigokensaku.mhlw.go.jp/28/index.php?action_kouhyou_detail_004_kani=true&JigyosyoCd=2873001479-00&ServiceCd=210&Type=search", "url2": "http://www.kirakuen.or.jp" }, "geometry": { "type": "Point", "coordinates": [ 135.4310752, 34.7627673 ] } },
{ "type": "Feature", "properties": { "内容": "特別養護老人ホーム　博寿苑【短期入所生活介護】尼崎市武庫元町二丁目23番15号", "url": "https://www.kaigokensaku.mhlw.go.jp/28/index.php?action_kouhyou_detail_004_kani=true&JigyosyoCd=2873004341-00&ServiceCd=210&Type=search", "url2": "http://hakujyuen.or.jp" }, "geometry": { "type": "Point", "coordinates": [ 135.378586199999972, 34.759978 ] } },
{ "type": "Feature", "properties": { "内容": "特別養護老人ホーム　高齢者総合福祉施設　あまの里【短期入所生活介護】尼崎市下坂部３丁目２－４０", "url": "https://www.kaigokensaku.mhlw.go.jp/28/index.php?action_kouhyou_detail_004_kani=true&JigyosyoCd=2873004903-00&ServiceCd=210&Type=search", "url2": "http://www.shafuku-nijinokai/amano.html" }, "geometry": { "type": "Point", "coordinates": [ 135.439942, 34.7419419 ] } },
{ "type": "Feature", "properties": { "内容": "芦風荘短期入所生活介護事業所【短期入所生活介護】尼崎市西長洲町１丁目３番１号", "url": "https://www.kaigokensaku.mhlw.go.jp/28/index.php?action_kouhyou_detail_004_kani=true&JigyosyoCd=2873008227-00&ServiceCd=210&Type=search", "url2": "www.heiseikai.or.jp" }, "geometry": { "type": "Point", "coordinates": [ 135.42426, 34.728623700000014 ] } },
{ "type": "Feature", "properties": { "内容": "ショートステイ　あんしん24【短期入所生活介護】尼崎市金楽寺町2丁目7番7号喜楽苑地域ケアセンター　あんしん24", "url": "https://www.kaigokensaku.mhlw.go.jp/28/index.php?action_kouhyou_detail_004_kani=true&JigyosyoCd=2873008805-00&ServiceCd=210&Type=search", "url2": "http://www.kirakuen.or.jp" }, "geometry": { "type": "Point", "coordinates": [ 135.427832744844068, 34.724613699975478 ] } },
{ "type": "Feature", "properties": { "内容": "サンホーム大庄西短期入所センター【短期入所生活介護】兵庫県尼崎市大島3丁目9番1号", "url": "https://www.kaigokensaku.mhlw.go.jp/28/index.php?action_kouhyou_detail_004_kani=true&JigyosyoCd=2873009134-00&ServiceCd=210&Type=search", "url2": "http://hinode.or.jp/osyonishi/" }, "geometry": { "type": "Point", "coordinates": [ 135.3901224, 34.7257813 ] } },
{ "type": "Feature", "properties": { "内容": "アマルネス・ガーデン【短期入所生活介護】西長洲町２丁目３５番1号", "url": "https://www.kaigokensaku.mhlw.go.jp/28/index.php?action_kouhyou_detail_004_kani=true&JigyosyoCd=2873009381-00&ServiceCd=210&Type=search", "url2": "http://www.e-akane.com/" }, "geometry": { "type": "Point", "coordinates": [ 135.419924400000014, 34.7231991 ] } },
{ "type": "Feature", "properties": { "内容": "ショートステイ立花あまの里【短期入所生活介護】兵庫県尼崎市水堂町1丁目10番37号特別養護老人ホーム立花あまの里", "url": "https://www.kaigokensaku.mhlw.go.jp/28/index.php?action_kouhyou_detail_004_kani=true&JigyosyoCd=2873010918-00&ServiceCd=210&Type=search", "url2": "http://www.shafuku-nijinokai.or.jp/tachibana_ama_stay.html" }, "geometry": { "type": "Point", "coordinates": [ 135.396376700000019, 34.7423911 ] } },
{ "type": "Feature", "properties": { "内容": "ショートステイはなみずき【短期入所生活介護】兵庫県尼崎市西難波町5丁目12-1", "url": "https://www.kaigokensaku.mhlw.go.jp/28/index.php?action_kouhyou_detail_004_kani=true&JigyosyoCd=2873012161-00&ServiceCd=210&Type=search", "url2": "https://hanamizuki-amagasaki.org/index.html" }, "geometry": { "type": "Point", "coordinates": [ 135.407605382139565, 34.728075341986447 ] } },
{ "type": "Feature", "properties": { "内容": "サンホームあまがさき東館　ショートステイ「歩」【短期入所生活介護】兵庫県尼崎市大庄北3丁目14番27号サンホームあまがさき東館", "url": "https://www.kaigokensaku.mhlw.go.jp/28/index.php?action_kouhyou_detail_004_kani=true&JigyosyoCd=2873011031-00&ServiceCd=210&Type=search", "url2": "http://www.sunhomeama.jp/" }, "geometry": { "type": "Point", "coordinates": [ 135.389380599999981, 34.7338639 ] } },
{ "type": "Feature", "properties": { "内容": "株式会社ケアネットショートステイ明石【短期入所生活介護】明石市大久保町大窪1826-14", "url": "https://www.kaigokensaku.mhlw.go.jp/28/index.php?action_kouhyou_detail_004_kani=true&JigyosyoCd=2872001488-00&ServiceCd=210&Type=search", "url2": "http://www.carenet.fujitsu.com" }, "geometry": { "type": "Point", "coordinates": [ 134.9406411, 34.6952458 ] } },
{ "type": "Feature", "properties": { "内容": "恵泉第一短期入所生活介護事業所【短期入所生活介護】明石市大久保町大窪3101-2", "url": "https://www.kaigokensaku.mhlw.go.jp/28/index.php?action_kouhyou_detail_004_kani=true&JigyosyoCd=2872000712-00&ServiceCd=210&Type=search", "url2": "http://www.akashi-keisen.com" }, "geometry": { "type": "Point", "coordinates": [ 134.9472766, 34.709775 ] } },
{ "type": "Feature", "properties": { "内容": "恵泉第３特別養護老人ホーム【短期入所生活介護】兵庫県明石市大久保町大窪２８２０", "url": "https://www.kaigokensaku.mhlw.go.jp/28/index.php?action_kouhyou_detail_004_kani=true&JigyosyoCd=2872002189-00&ServiceCd=210&Type=search", "url2": null }, "geometry": { "type": "Point", "coordinates": [ 134.946640500000058, 34.7103082 ] } },
{ "type": "Feature", "properties": { "内容": "恵泉第２特別養護老人ホーム【短期入所生活介護】明石市大久保町大窪２８１３", "url": "https://www.kaigokensaku.mhlw.go.jp/28/index.php?action_kouhyou_detail_004_kani=true&JigyosyoCd=2872000688-00&ServiceCd=210&Type=search", "url2": "http://www.akashi-keisen.com" }, "geometry": { "type": "Point", "coordinates": [ 134.947104399999944, 34.7112887 ] } },
{ "type": "Feature", "properties": { "内容": "明石大久保の風ショートステイ　ゆめゆめらいふ【短期入所生活介護】大久保町西島699-1", "url": "https://www.kaigokensaku.mhlw.go.jp/28/index.php?action_kouhyou_detail_004_kani=true&JigyosyoCd=2872004029-00&ServiceCd=210&Type=search", "url2": null }, "geometry": { "type": "Point", "coordinates": [ 134.909616199999988, 34.685679 ] } },
{ "type": "Feature", "properties": { "内容": "特別養護老人ホーム　うおずみ【短期入所生活介護】明石市魚住町金ヶ崎１６０９－９", "url": "https://www.kaigokensaku.mhlw.go.jp/28/index.php?action_kouhyou_detail_004_kani=true&JigyosyoCd=2872002296-00&ServiceCd=210&Type=search", "url2": "https://seiwakai-uozumi.com/" }, "geometry": { "type": "Point", "coordinates": [ 134.9225983, 34.7028839 ] } },
{ "type": "Feature", "properties": { "内容": "明石二見特別養護老人ホームラガール【短期入所生活介護】明石市二見町西二見685-8", "url": "https://www.kaigokensaku.mhlw.go.jp/28/index.php?action_kouhyou_detail_004_kani=true&JigyosyoCd=2872003351-00&ServiceCd=210&Type=search", "url2": "http://www.koudoukai.or.jp/akashifutami/" }, "geometry": { "type": "Point", "coordinates": [ 134.880646500000012, 34.7027145 ] } },
{ "type": "Feature", "properties": { "内容": "特別養護老人ホームペーパームーン【短期入所生活介護】兵庫県明石市二見町西二見1601-1", "url": "https://www.kaigokensaku.mhlw.go.jp/28/index.php?action_kouhyou_detail_004_kani=true&JigyosyoCd=2872000761-00&ServiceCd=210&Type=search", "url2": "http://www.p-moon.or.jp" }, "geometry": { "type": "Point", "coordinates": [ 134.880016, 34.7089722 ] } },
{ "type": "Feature", "properties": { "内容": "パナソニックエイジフリーケアセンター明石藤江・ショートステイ【短期入所生活介護】兵庫県明石市藤江1054番地の１パナソニックエイジフリーケアセンター明石藤江", "url": "https://www.kaigokensaku.mhlw.go.jp/28/index.php?action_kouhyou_detail_004_kani=true&JigyosyoCd=2872004557-00&ServiceCd=210&Type=search", "url2": "sumai.panasonic.jp.jp/agefree/" }, "geometry": { "type": "Point", "coordinates": [ 134.952767900000026, 34.6661825 ] } },
{ "type": "Feature", "properties": { "内容": "短期入所生活介護　松が丘すみれ園【短期入所生活介護】兵庫県明石市松が丘北町1074番地の1", "url": "https://www.kaigokensaku.mhlw.go.jp/28/index.php?action_kouhyou_detail_004_kani=true&JigyosyoCd=2872002973-00&ServiceCd=210&Type=search", "url2": "http://www.sumire.or.jp/" }, "geometry": { "type": "Point", "coordinates": [ 135.0271927, 34.6610141 ] } },
{ "type": "Feature", "properties": { "内容": "清華苑ショートステイサービス【短期入所生活介護】兵庫県明石市大久保町大窪３１０４－１", "url": "https://www.kaigokensaku.mhlw.go.jp/28/index.php?action_kouhyou_detail_004_kani=true&JigyosyoCd=2872000555-00&ServiceCd=210&Type=search", "url2": "http://www.seikaen.jp" }, "geometry": { "type": "Point", "coordinates": [ 134.9476654, 34.7092445 ] } },
{ "type": "Feature", "properties": { "内容": "明石特別養護老人ホームラガール【短期入所生活介護】明石市林崎町3-542-37", "url": "https://www.kaigokensaku.mhlw.go.jp/28/index.php?action_kouhyou_detail_004_kani=true&JigyosyoCd=2872001058-00&ServiceCd=210&Type=search", "url2": "http://www.koudoukai.or.jp/akashi/" }, "geometry": { "type": "Point", "coordinates": [ 134.964025799999945, 34.6499724 ] } },
{ "type": "Feature", "properties": { "内容": "ウェルフェア・グランデ明石【短期入所生活介護】明石市北王子町13-41", "url": "https://www.kaigokensaku.mhlw.go.jp/28/index.php?action_kouhyou_detail_004_kani=true&JigyosyoCd=2872000308-00&ServiceCd=210&Type=search", "url2": "http://wga.or.jp" }, "geometry": { "type": "Point", "coordinates": [ 134.982885399999986, 34.6581775 ] } },
{ "type": "Feature", "properties": { "内容": "スプリングテラス明舞【短期入所生活介護】明石市松ヶ丘４－１－４３", "url": "https://www.kaigokensaku.mhlw.go.jp/28/index.php?action_kouhyou_detail_004_kani=true&JigyosyoCd=2872002957-00&ServiceCd=210&Type=search", "url2": "http://www.springterrace.jp/" }, "geometry": { "type": "Point", "coordinates": [ 135.02522620000002, 34.6520123 ] } },
{ "type": "Feature", "properties": { "内容": "彩葉短期入所生活介護事業所【短期入所生活介護】兵庫県明石市大久保町大窪2603-205", "url": "https://www.kaigokensaku.mhlw.go.jp/28/index.php?action_kouhyou_detail_004_kani=true&JigyosyoCd=2872003906-00&ServiceCd=210&Type=search", "url2": "http://www.yu-ai.or.jp" }, "geometry": { "type": "Point", "coordinates": [ 134.9456434, 34.7047865 ] } },
{ "type": "Feature", "properties": { "内容": "特別養護老人ホーム明石愛老園【短期入所生活介護】明石市魚住町清水3208番地", "url": "https://www.kaigokensaku.mhlw.go.jp/28/index.php?action_kouhyou_detail_004_kani=true&JigyosyoCd=2872000076-00&ServiceCd=210&Type=search", "url2": "http://www.airouen.com" }, "geometry": { "type": "Point", "coordinates": [ 134.909779800000024, 34.7131358 ] } },
{ "type": "Feature", "properties": { "内容": "プライム江井ヶ島　ショートステイサービス【短期入所生活介護】兵庫県明石市大久保町江井島1693-2", "url": "https://www.kaigokensaku.mhlw.go.jp/28/index.php?action_kouhyou_detail_004_kani=true&JigyosyoCd=2872001355-00&ServiceCd=210&Type=search", "url2": "http://www.wga.or.jp" }, "geometry": { "type": "Point", "coordinates": [ 134.922370600000022, 34.6805661 ] } },
{ "type": "Feature", "properties": { "内容": "特別養護老人ホーム錦が丘【短期入所生活介護】魚住町錦が丘2丁目6番地8", "url": "https://www.kaigokensaku.mhlw.go.jp/28/index.php?action_kouhyou_detail_004_kani=true&JigyosyoCd=2872002684-00&ServiceCd=210&Type=search", "url2": "http://www.airouen.or.jp/" }, "geometry": { "type": "Point", "coordinates": [ 134.912760400000025, 34.6944652 ] } },
{ "type": "Feature", "properties": { "内容": "友愛園短期入所生活介護事業所【短期入所生活介護】明石市大久保町大窪2603-550", "url": "https://www.kaigokensaku.mhlw.go.jp/28/index.php?action_kouhyou_detail_004_kani=true&JigyosyoCd=2872000803-00&ServiceCd=210&Type=search", "url2": "http://www.yu-ai.or.jp/" }, "geometry": { "type": "Point", "coordinates": [ 134.945618400000058, 34.7055614 ] } },
{ "type": "Feature", "properties": { "内容": "地域密着型特別養護老人ホームフィジオ大久保ケアホーム短期入所【短期入所生活介護】大久保町大窪1533-1", "url": "https://www.kaigokensaku.mhlw.go.jp/28/index.php?action_kouhyou_detail_004_kani=true&JigyosyoCd=2872004854-00&ServiceCd=210&Type=search", "url2": "https://shoujunkai.net/" }, "geometry": { "type": "Point", "coordinates": [ 134.941275686579587, 34.691627364720979 ] } },
{ "type": "Feature", "properties": { "内容": "特別養護老人ホーム　幸泉サンズ【短期入所生活介護】兵庫県西宮市山口町下山口1585-111", "url": "https://www.kaigokensaku.mhlw.go.jp/28/index.php?action_kouhyou_detail_004_kani=true&JigyosyoCd=2870901853-00&ServiceCd=210&Type=search", "url2": "http://www.kosen.org" }, "geometry": { "type": "Point", "coordinates": [ 135.253066900000022, 34.8251603 ] } },
{ "type": "Feature", "properties": { "内容": "特別養護老人ホーム　武庫アルテンハイム【短期入所生活介護】兵庫県西宮市田近野町7番32号", "url": "https://www.kaigokensaku.mhlw.go.jp/28/index.php?action_kouhyou_detail_004_kani=true&JigyosyoCd=2870900350-00&ServiceCd=210&Type=search", "url2": "https://amagasakimukogawaen.or.jp/" }, "geometry": { "type": "Point", "coordinates": [ 135.3721392, 34.777512 ] } },
{ "type": "Feature", "properties": { "内容": "シルバートピア西宮【短期入所生活介護】西宮市室川町11番8号", "url": "https://www.kaigokensaku.mhlw.go.jp/28/index.php?action_kouhyou_detail_004_kani=true&JigyosyoCd=2870905730-00&ServiceCd=210&Type=search", "url2": "https://www.n-watanabe-hosp.jp/koumeikai/" }, "geometry": { "type": "Point", "coordinates": [ 135.343871660713205, 34.744536449007633 ] } },
{ "type": "Feature", "properties": { "内容": "社会福祉法人慈仁会　特別養護老人ホーム山口苑【短期入所生活介護】兵庫県西宮市山口町下山口1203-1", "url": "https://www.kaigokensaku.mhlw.go.jp/28/index.php?action_kouhyou_detail_004_kani=true&JigyosyoCd=2870900210-00&ServiceCd=210&Type=search", "url2": "http://care-net.biz/28/jininkai/" }, "geometry": { "type": "Point", "coordinates": [ 135.255585900000028, 34.832731699999989 ] } },
{ "type": "Feature", "properties": { "内容": "特別養護老人ホーム西宮恵泉【短期入所生活介護】西宮市西宮浜３－７－７", "url": "https://www.kaigokensaku.mhlw.go.jp/28/index.php?action_kouhyou_detail_004_kani=true&JigyosyoCd=2870900376-00&ServiceCd=210&Type=search", "url2": "http://www.akashi-keisen.com" }, "geometry": { "type": "Point", "coordinates": [ 135.329090599999972, 34.7175034 ] } },
{ "type": "Feature", "properties": { "内容": "ななくさ白寿荘【短期入所生活介護】兵庫県西宮市山口町下山口１６５０番地２６", "url": "https://www.kaigokensaku.mhlw.go.jp/28/index.php?action_kouhyou_detail_004_kani=true&JigyosyoCd=2870900772-00&ServiceCd=210&Type=search", "url2": "https://www.nanakusa.or.jp/facility/306/" }, "geometry": { "type": "Point", "coordinates": [ 135.264793599999962, 34.8334594 ] } },
{ "type": "Feature", "properties": { "内容": "社会福祉法人　円勝会　シルバーコースト甲子園【短期入所生活介護】兵庫県西宮市枝川町17番40号", "url": "https://www.kaigokensaku.mhlw.go.jp/28/index.php?action_kouhyou_detail_004_kani=true&JigyosyoCd=2870901184-00&ServiceCd=210&Type=search", "url2": "http://www.enshoukai.com" }, "geometry": { "type": "Point", "coordinates": [ 135.358685899999955, 34.7110542 ] } },
{ "type": "Feature", "properties": { "内容": "アイビーメディカル(株)山口すみれビレッジ【短期入所生活介護】兵庫県西宮市山口町下山口4丁目18-7", "url": "https://www.kaigokensaku.mhlw.go.jp/28/index.php?action_kouhyou_detail_004_kani=true&JigyosyoCd=2870903529-00&ServiceCd=210&Type=search", "url2": "http://www.sumire.or.jp/yamaguchi-sumire/" }, "geometry": { "type": "Point", "coordinates": [ 135.238054599999941, 34.8308203 ] } },
{ "type": "Feature", "properties": { "内容": "サンケア上甲子園【短期入所生活介護】甲子園春風町1-20", "url": "https://www.kaigokensaku.mhlw.go.jp/28/index.php?action_kouhyou_detail_004_kani=true&JigyosyoCd=2870909492-00&ServiceCd=210&Type=search", "url2": "https://www.suncare-life.com" }, "geometry": { "type": "Point", "coordinates": [ 135.361769771827682, 34.731492529935274 ] } },
{ "type": "Feature", "properties": { "内容": "甲寿園短期入所生活介護事業所【短期入所生活介護】西宮市甲山町53番地", "url": "https://www.kaigokensaku.mhlw.go.jp/28/index.php?action_kouhyou_detail_004_kani=true&JigyosyoCd=2870900392-00&ServiceCd=210&Type=search", "url2": "http:/kojyuen.jp" }, "geometry": { "type": "Point", "coordinates": [ 135.32323150000002, 34.7757951 ] } },
{ "type": "Feature", "properties": { "内容": "にしのみや苑【短期入所生活介護】兵庫県西宮市甲山町５３番地", "url": "https://www.kaigokensaku.mhlw.go.jp/28/index.php?action_kouhyou_detail_004_kani=true&JigyosyoCd=2870900400-00&ServiceCd=210&Type=search", "url2": "http://nishinomiyaen.jp/" }, "geometry": { "type": "Point", "coordinates": [ 135.32323150000002, 34.7757951 ] } },
{ "type": "Feature", "properties": { "内容": "にしのみや聖徳園【短期入所生活介護】西宮市段上町6丁目24番1号", "url": "https://www.kaigokensaku.mhlw.go.jp/28/index.php?action_kouhyou_detail_004_kani=true&JigyosyoCd=2870900715-00&ServiceCd=210&Type=search", "url2": "http://www.shotokuen.or.jp" }, "geometry": { "type": "Point", "coordinates": [ 135.368789600000014, 34.7733319 ] } },
{ "type": "Feature", "properties": { "内容": "ショートステイ　メヌエット【短期入所生活介護】兵庫県西宮市浜脇町4-28", "url": "https://www.kaigokensaku.mhlw.go.jp/28/index.php?action_kouhyou_detail_004_kani=true&JigyosyoCd=2870902927-00&ServiceCd=210&Type=search", "url2": "http://www.kensei-fukushikai-minuet.jp" }, "geometry": { "type": "Point", "coordinates": [ 135.337606400000027, 34.7318746 ] } },
{ "type": "Feature", "properties": { "内容": "特別養護老人ホーム　セントポーリア愛の郷【短期入所生活介護】西宮市山口町上山口池ノ谷１５８４－１", "url": "https://www.kaigokensaku.mhlw.go.jp/28/index.php?action_kouhyou_detail_004_kani=true&JigyosyoCd=2870903289-00&ServiceCd=210&Type=search", "url2": "http://www.ryokuhokai.com/" }, "geometry": { "type": "Point", "coordinates": [ 135.236978393687451, 34.817669216718762 ] } },
{ "type": "Feature", "properties": { "内容": "ショートステイメヌエット東館【短期入所生活介護】浜脇町　4番33号", "url": "https://www.kaigokensaku.mhlw.go.jp/28/index.php?action_kouhyou_detail_004_kani=true&JigyosyoCd=2870903701-00&ServiceCd=210&Type=search", "url2": "http://www.kensei-fukushikai-minuet.jp/east/" }, "geometry": { "type": "Point", "coordinates": [ 135.338109199999963, 34.7316968 ] } },
{ "type": "Feature", "properties": { "内容": "ショートステイアリス甲子園【短期入所生活介護】兵庫県西宮市枝川町8-68", "url": "https://www.kaigokensaku.mhlw.go.jp/28/index.php?action_kouhyou_detail_004_kani=true&JigyosyoCd=2870905169-00&ServiceCd=210&Type=search", "url2": "http://www.toyonakafamily.jp/Koshien/" }, "geometry": { "type": "Point", "coordinates": [ 135.364471699999967, 34.7082323 ] } },
{ "type": "Feature", "properties": { "内容": "第２シルバーコースト甲子園【短期入所生活介護】兵庫県西宮市枝川町17-55第2シルバーコースト甲子園", "url": "https://www.kaigokensaku.mhlw.go.jp/28/index.php?action_kouhyou_detail_004_kani=true&JigyosyoCd=2870906712-00&ServiceCd=210&Type=search", "url2": "http://www.ensyokai.com/" }, "geometry": { "type": "Point", "coordinates": [ 135.358006069836421, 34.711261034810541 ] } },
{ "type": "Feature", "properties": { "内容": "ローズガーデン甲子園【短期入所生活介護】兵庫県西宮市甲子園九番町10番50号", "url": "https://www.kaigokensaku.mhlw.go.jp/28/index.php?action_kouhyou_detail_004_kani=true&JigyosyoCd=2870907025-00&ServiceCd=210&Type=search", "url2": "http://rg-koshien.toyonaka-fukushikai.com/" }, "geometry": { "type": "Point", "coordinates": [ 135.364261984655741, 34.713441542357643 ] } },
{ "type": "Feature", "properties": { "内容": "特別養護老人ホーム　名塩さくら苑【短期入所生活介護】兵庫県西宮市名塩さくら台2-44", "url": "https://www.kaigokensaku.mhlw.go.jp/28/index.php?action_kouhyou_detail_004_kani=true&JigyosyoCd=2870900681-00&ServiceCd=210&Type=search", "url2": "http://www.najiosakuraen.jp/" }, "geometry": { "type": "Point", "coordinates": [ 135.278812199999948, 34.8356813 ] } },
{ "type": "Feature", "properties": { "内容": "香櫨園ケアセンターそよ風【短期入所生活介護】上葭原町4-21香櫨園ケアセンターそよ風", "url": "https://www.kaigokensaku.mhlw.go.jp/28/index.php?action_kouhyou_detail_004_kani=true&JigyosyoCd=2870905995-00&ServiceCd=210&Type=search", "url2": "http://www.sykz.co.jp/" }, "geometry": { "type": "Point", "coordinates": [ 135.32569639999997, 34.7289801 ] } },
{ "type": "Feature", "properties": { "内容": "いまづ聖徳園【短期入所生活介護】兵庫県西宮市今津港町3－11いまづ聖徳園", "url": "https://www.kaigokensaku.mhlw.go.jp/28/index.php?action_kouhyou_detail_004_kani=true&JigyosyoCd=2870905748-00&ServiceCd=210&Type=search", "url2": "http://www.shotokuen.or.jp/" }, "geometry": { "type": "Point", "coordinates": [ 135.349781134682189, 34.722727186136055 ] } },
{ "type": "Feature", "properties": { "内容": "特別養護老人ホーム　コティーコート西宮仁川【短期入所生活介護】兵庫県西宮市一里山町14-1", "url": "https://www.kaigokensaku.mhlw.go.jp/28/index.php?action_kouhyou_detail_004_kani=true&JigyosyoCd=2870909005-00&ServiceCd=210&Type=search", "url2": "https：//www..ikufuku.or.jp/nisinomiya" }, "geometry": { "type": "Point", "coordinates": [ 135.3708636, 34.7735714 ] } },
{ "type": "Feature", "properties": { "内容": "洲本特別養護老人ホームラガール【短期入所生活介護】兵庫県洲本市中川原町安坂字居屋敷９８６番地", "url": "https://www.kaigokensaku.mhlw.go.jp/28/index.php?action_kouhyou_detail_004_kani=true&JigyosyoCd=2871500266-00&ServiceCd=210&Type=search", "url2": "http://www.koudoukai.or.jp/sumoto/" }, "geometry": { "type": "Point", "coordinates": [ 134.8656105, 34.3567879 ] } },
{ "type": "Feature", "properties": { "内容": "宇原たちばなプラス【短期入所生活介護】兵庫県洲本市宇原358番地5", "url": "https://www.kaigokensaku.mhlw.go.jp/28/index.php?action_kouhyou_detail_004_kani=true&JigyosyoCd=2871500902-00&ServiceCd=210&Type=search", "url2": "http://sumoto-tactibana.or.jp" }, "geometry": { "type": "Point", "coordinates": [ 134.865405399999986, 34.3319877 ] } },
{ "type": "Feature", "properties": { "内容": "由良総合福祉センター【短期入所生活介護】兵庫県洲本市由良1丁目6番7号", "url": "https://www.kaigokensaku.mhlw.go.jp/28/index.php?action_kouhyou_detail_004_kani=true&JigyosyoCd=2871500084-00&ServiceCd=210&Type=search", "url2": "http:/www./sumoto-tachibana.or.jp" }, "geometry": { "type": "Point", "coordinates": [ 134.945105300000023, 34.287322 ] } },
{ "type": "Feature", "properties": { "内容": "くにうみの里短期入所生活介護事業所【短期入所生活介護】兵庫県洲本市下加茂1丁目6-6", "url": "https://www.kaigokensaku.mhlw.go.jp/28/index.php?action_kouhyou_detail_004_kani=true&JigyosyoCd=2871501207-00&ServiceCd=210&Type=search", "url2": "http://www.hwc.or.jp/kuniumi/" }, "geometry": { "type": "Point", "coordinates": [ 134.876943662947554, 34.347676065627105 ] } },
{ "type": "Feature", "properties": { "内容": "千草たちばなプラス【短期入所生活介護】兵庫県洲本市千草己2番地１", "url": "https://www.kaigokensaku.mhlw.go.jp/28/index.php?action_kouhyou_detail_004_kani=true&JigyosyoCd=2871501116-00&ServiceCd=210&Type=search", "url2": "http://sumoto-tachibana.or.jp/" }, "geometry": { "type": "Point", "coordinates": [ 134.889126329167908, 34.32404591578112 ] } },
{ "type": "Feature", "properties": { "内容": "特別養護老人ホーム淡路ふくろうの郷【短期入所生活介護】中川原町中川原28番地1", "url": "https://www.kaigokensaku.mhlw.go.jp/28/index.php?action_kouhyou_detail_004_kani=true&JigyosyoCd=2871500530-00&ServiceCd=210&Type=search", "url2": "http://hyoufuku.main.jp/" }, "geometry": { "type": "Point", "coordinates": [ 134.8715953, 34.371970500000018 ] } },
{ "type": "Feature", "properties": { "内容": "短期入所生活介護事業所エルホーム芦屋【短期入所生活介護】芦屋市浜町12番3号", "url": "https://www.kaigokensaku.mhlw.go.jp/28/index.php?action_kouhyou_detail_004_kani=true&JigyosyoCd=2871000192-00&ServiceCd=210&Type=search", "url2": "https://ellehome.jp/" }, "geometry": { "type": "Point", "coordinates": [ 135.31668609999997, 34.7259608 ] } },
{ "type": "Feature", "properties": { "内容": "介護老人福祉施設　愛しや【短期入所生活介護】兵庫県芦屋市浜風町３１－３", "url": "https://www.kaigokensaku.mhlw.go.jp/28/index.php?action_kouhyou_detail_004_kani=true&JigyosyoCd=2871000812-00&ServiceCd=210&Type=search", "url2": "http://meirinfukushi.or.jp/ashiya/" }, "geometry": { "type": "Point", "coordinates": [ 135.321221799999989, 34.7181227 ] } },
{ "type": "Feature", "properties": { "内容": "特別養護老人ホームあしや聖徳園【短期入所生活介護】兵庫県芦屋市六麓荘町３番５７号", "url": "https://www.kaigokensaku.mhlw.go.jp/28/index.php?action_kouhyou_detail_004_kani=true&JigyosyoCd=2871000093-00&ServiceCd=210&Type=search", "url2": "http://www.shotokuen.or.jp/" }, "geometry": { "type": "Point", "coordinates": [ 135.308769699999971, 34.7501724 ] } },
{ "type": "Feature", "properties": { "内容": "地域福祉センター「ハーブあしや」【短期入所生活介護】兵庫県芦屋市潮見町31-1", "url": "https://www.kaigokensaku.mhlw.go.jp/28/index.php?action_kouhyou_detail_004_kani=true&JigyosyoCd=2871000127-00&ServiceCd=210&Type=search", "url2": "http://www.kirakuen.or.jp" }, "geometry": { "type": "Point", "coordinates": [ 135.306190099999981, 34.7161867 ] } },
{ "type": "Feature", "properties": { "内容": "兵庫県芦屋市陽光町3-75【短期入所生活介護】陽光町3-75", "url": "https://www.kaigokensaku.mhlw.go.jp/28/index.php?action_kouhyou_detail_004_kani=true&JigyosyoCd=2871001299-00&ServiceCd=210&Type=search", "url2": "http://www.well-seikokai.jp" }, "geometry": { "type": "Point", "coordinates": [ 135.3128441, 34.7129277 ] } },
{ "type": "Feature", "properties": { "内容": "ナーシングホーム豊泉家芦屋山手【短期入所生活介護】兵庫県芦屋市剣谷9番地1", "url": "https://www.kaigokensaku.mhlw.go.jp/28/index.php?action_kouhyou_detail_004_kani=true&JigyosyoCd=2871001919-00&ServiceCd=210&Type=search", "url2": "https://www.housenka.com/" }, "geometry": { "type": "Point", "coordinates": [ 135.299599699999987, 34.7488259 ] } },
{ "type": "Feature", "properties": { "内容": "伸幸苑ショートステイ事業所【短期入所生活介護】伊丹市寺本６丁目１５０番地", "url": "https://www.kaigokensaku.mhlw.go.jp/28/index.php?action_kouhyou_detail_004_kani=true&JigyosyoCd=2873300160-00&ServiceCd=210&Type=search", "url2": "http://www.shinkoen.jp" }, "geometry": { "type": "Point", "coordinates": [ 135.387137700000039, 34.7807649 ] } },
{ "type": "Feature", "properties": { "内容": "オアシス千歳　ショートステイ【短期入所生活介護】伊丹市中央４丁目５番６号", "url": "https://www.kaigokensaku.mhlw.go.jp/28/index.php?action_kouhyou_detail_004_kani=true&JigyosyoCd=2873300806-00&ServiceCd=210&Type=search", "url2": "http://ja-oasis.com/" }, "geometry": { "type": "Point", "coordinates": [ 135.415831799999978, 34.7782846 ] } },
{ "type": "Feature", "properties": { "内容": "在宅複合型施設ぐろ～りあ【短期入所生活介護】兵庫県伊丹市北園1丁目19番1号在宅複合型施設ぐろ～りあ", "url": "https://www.kaigokensaku.mhlw.go.jp/28/index.php?action_kouhyou_detail_004_kani=true&JigyosyoCd=2873301457-00&ServiceCd=210&Type=search", "url2": "http://helkyo.com/" }, "geometry": { "type": "Point", "coordinates": [ 135.416117799999938, 34.792719 ] } },
{ "type": "Feature", "properties": { "内容": "パドマ館ショートステイサービスセンター【短期入所生活介護】伊丹市中野西1-108-1", "url": "https://www.kaigokensaku.mhlw.go.jp/28/index.php?action_kouhyou_detail_004_kani=true&JigyosyoCd=2873301606-00&ServiceCd=210&Type=search", "url2": "http://www.asokaen.or.jp" }, "geometry": { "type": "Point", "coordinates": [ 135.388076299999966, 34.7881973 ] } },
{ "type": "Feature", "properties": { "内容": "伸幸苑野間ショートステイ事業所【短期入所生活介護】兵庫県伊丹市野間北２丁目９番１７号", "url": "https://www.kaigokensaku.mhlw.go.jp/28/index.php?action_kouhyou_detail_004_kani=true&JigyosyoCd=2873302729-00&ServiceCd=210&Type=search", "url2": null }, "geometry": { "type": "Point", "coordinates": [ 135.393923399999949, 34.7704523 ] } },
{ "type": "Feature", "properties": { "内容": "協同の苑ケイ・メゾンときめきショートステイ【短期入所生活介護】伊丹市森本１－８－１９", "url": "https://www.kaigokensaku.mhlw.go.jp/28/index.php?action_kouhyou_detail_004_kani=true&JigyosyoCd=2873300152-00&ServiceCd=210&Type=search", "url2": "http://www.kyodo-no-sono.or.jp/" }, "geometry": { "type": "Point", "coordinates": [ 135.429368626983631, 34.779129846110024 ] } },
{ "type": "Feature", "properties": { "内容": "地域密着型特別養護老人ホーム　憩～荻野～【短期入所生活介護】兵庫県伊丹市荻野4丁目75番地", "url": "https://www.kaigokensaku.mhlw.go.jp/28/index.php?action_kouhyou_detail_004_kani=true&JigyosyoCd=2873302968-00&ServiceCd=210&Type=search", "url2": "http://www.nisitanikai.jp/" }, "geometry": { "type": "Point", "coordinates": [ 135.392569800000047, 34.8065368 ] } },
{ "type": "Feature", "properties": { "内容": "特別養護老人ホーム　グリーンハウス短期入所生活介護【短期入所生活介護】兵庫県相生市若狭野町雨内800-146", "url": "https://www.kaigokensaku.mhlw.go.jp/28/index.php?action_kouhyou_detail_004_kani=true&JigyosyoCd=2874200120-00&ServiceCd=210&Type=search", "url2": "http://www.midori-fukushi.com" }, "geometry": { "type": "Point", "coordinates": [ 134.419918300000063, 34.8266251 ] } },
{ "type": "Feature", "properties": { "内容": "特別養護老人ホームこすもす倶楽部【短期入所生活介護】兵庫県相生市野瀬1356", "url": "https://www.kaigokensaku.mhlw.go.jp/28/index.php?action_kouhyou_detail_004_kani=true&JigyosyoCd=2874200245-00&ServiceCd=210&Type=search", "url2": "https://aioi-cosmos.com/" }, "geometry": { "type": "Point", "coordinates": [ 134.4683474, 34.803968 ] } },
{ "type": "Feature", "properties": { "内容": "相生市立特別養護老人ホーム椿の園【短期入所生活介護】兵庫県相生市矢野町真広３９７－１", "url": "https://www.kaigokensaku.mhlw.go.jp/28/index.php?action_kouhyou_detail_004_kani=true&JigyosyoCd=2874200070-00&ServiceCd=210&Type=search", "url2": "http://aioi-fukushi.jp" }, "geometry": { "type": "Point", "coordinates": [ 134.445995399999987, 34.8497231 ] } },
{ "type": "Feature", "properties": { "内容": "特別養護老人ホーム若狭野の里【短期入所生活介護】兵庫県相生市若狭野町若狭野234番15", "url": "https://www.kaigokensaku.mhlw.go.jp/28/index.php?action_kouhyou_detail_004_kani=true&JigyosyoCd=2874200088-00&ServiceCd=210&Type=search", "url2": "https://wakasanonosato.jp" }, "geometry": { "type": "Point", "coordinates": [ 134.417246299999988, 34.8277665 ] } },
{ "type": "Feature", "properties": { "内容": "豊岡の風ショートステイゆめゆめらいふ【短期入所生活介護】若松町7番25号", "url": "https://www.kaigokensaku.mhlw.go.jp/28/index.php?action_kouhyou_detail_004_kani=true&JigyosyoCd=2874401272-00&ServiceCd=210&Type=search", "url2": "http://toyooka-heisei.com/" }, "geometry": { "type": "Point", "coordinates": [ 139.7204255, 35.6998 ] } },
{ "type": "Feature", "properties": { "内容": "ショートステイやすらぎの里ひだか【短期入所生活介護】兵庫県豊岡市日高町伊府707", "url": "https://www.kaigokensaku.mhlw.go.jp/28/index.php?action_kouhyou_detail_004_kani=true&JigyosyoCd=2874401801-00&ServiceCd=210&Type=search", "url2": "http://www.tokuwakai.jp/" }, "geometry": { "type": "Point", "coordinates": [ 134.733490499999988, 35.4608736 ] } },
{ "type": "Feature", "properties": { "内容": "こうのとり荘（短期入所）【短期入所生活介護】兵庫県豊岡市塩津町2番37号", "url": "https://www.kaigokensaku.mhlw.go.jp/28/index.php?action_kouhyou_detail_004_kani=true&JigyosyoCd=2874400100-00&ServiceCd=210&Type=search", "url2": "https://www.h-kounotori.com" }, "geometry": { "type": "Point", "coordinates": [ 134.828304188933998, 35.534138261433149 ] } },
{ "type": "Feature", "properties": { "内容": "ショートステイ　とよおかの里【短期入所生活介護】兵庫県豊岡市香住１２７２番地", "url": "https://www.kaigokensaku.mhlw.go.jp/28/index.php?action_kouhyou_detail_004_kani=true&JigyosyoCd=2874400316-00&ServiceCd=210&Type=search", "url2": "http://www.shotokukai-th.or.jp/" }, "geometry": { "type": "Point", "coordinates": [ 134.8590034, 35.5199561 ] } },
{ "type": "Feature", "properties": { "内容": "ここのか短期入所生活介護【短期入所生活介護】兵庫県豊岡市九日市上町785番地", "url": "https://www.kaigokensaku.mhlw.go.jp/28/index.php?action_kouhyou_detail_004_kani=true&JigyosyoCd=2874401520-00&ServiceCd=210&Type=search", "url2": "http://aso.or.jp" }, "geometry": { "type": "Point", "coordinates": [ 134.818621200000052, 35.5154614 ] } },
{ "type": "Feature", "properties": { "内容": "ＪＡたじま豊岡ショートステイ【短期入所生活介護】兵庫県豊岡市大篠岡962-2", "url": "https://www.kaigokensaku.mhlw.go.jp/28/index.php?action_kouhyou_detail_004_kani=true&JigyosyoCd=2874401561-00&ServiceCd=210&Type=search", "url2": "https://www.ja-tajima.or.jp" }, "geometry": { "type": "Point", "coordinates": [ 134.83888, 35.5284048 ] } },
{ "type": "Feature", "properties": { "内容": "ことぶき苑短期入所生活介護事業所【短期入所生活介護】兵庫県豊岡市日高町祢布１３０４", "url": "https://www.kaigokensaku.mhlw.go.jp/28/index.php?action_kouhyou_detail_004_kani=true&JigyosyoCd=2874401876-00&ServiceCd=210&Type=search", "url2": "http://www.hwc.or.jp/tajima/" }, "geometry": { "type": "Point", "coordinates": [ 134.765000921565246, 35.464741636143806 ] } },
{ "type": "Feature", "properties": { "内容": "たじま荘短期入所生活介護事業所【短期入所生活介護】豊岡市日高町十戸４５５", "url": "https://www.kaigokensaku.mhlw.go.jp/28/index.php?action_kouhyou_detail_004_kani=true&JigyosyoCd=2874500222-00&ServiceCd=210&Type=search", "url2": "http://www.hwc.or.jp/tajima/" }, "geometry": { "type": "Point", "coordinates": [ 134.719833900000026, 35.4776868 ] } },
{ "type": "Feature", "properties": { "内容": "特別養護老人ホーム楽々むら（短期）【短期入所生活介護】兵庫県豊岡市城崎町楽々浦字深原４１９番１", "url": "https://www.kaigokensaku.mhlw.go.jp/28/index.php?action_kouhyou_detail_004_kani=true&JigyosyoCd=2874400910-00&ServiceCd=210&Type=search", "url2": "http://www.amanoho.com/" }, "geometry": { "type": "Point", "coordinates": [ 134.8213336, 35.6176702 ] } },
{ "type": "Feature", "properties": { "内容": "高齢者ショートステイ楓の杜【短期入所生活介護】兵庫県豊岡市竹野町林６００番地", "url": "https://www.kaigokensaku.mhlw.go.jp/28/index.php?action_kouhyou_detail_004_kani=true&JigyosyoCd=2874401025-00&ServiceCd=210&Type=search", "url2": "http://toyooka-saika.or.jp/" }, "geometry": { "type": "Point", "coordinates": [ 134.747895400000061, 35.5986712 ] } },
{ "type": "Feature", "properties": { "内容": "はまなす苑(短期入所生活介護)【短期入所生活介護】兵庫県豊岡市竹野町須谷433番地", "url": "https://www.kaigokensaku.mhlw.go.jp/28/index.php?action_kouhyou_detail_004_kani=true&JigyosyoCd=2874401223-00&ServiceCd=210&Type=search", "url2": "http:/www.aso.or.jp" }, "geometry": { "type": "Point", "coordinates": [ 134.756332400000019, 35.6406694 ] } },
{ "type": "Feature", "properties": { "内容": "特別養護老人ホームけやきホール（ユニット型）【短期入所生活介護】兵庫県豊岡市但東町太田614番地", "url": "https://www.kaigokensaku.mhlw.go.jp/28/index.php?action_kouhyou_detail_004_kani=true&JigyosyoCd=2874401330-00&ServiceCd=210&Type=search", "url2": "http://himawari-mission.com" }, "geometry": { "type": "Point", "coordinates": [ 134.983998700000029, 35.4945971 ] } },
{ "type": "Feature", "properties": { "内容": "特別養護老人ホームけやきホール【短期入所生活介護】兵庫県豊岡市但東町太田614番地", "url": "https://www.kaigokensaku.mhlw.go.jp/28/index.php?action_kouhyou_detail_004_kani=true&JigyosyoCd=2874600097-00&ServiceCd=210&Type=search", "url2": "http://himawari-mission.com/" }, "geometry": { "type": "Point", "coordinates": [ 134.983998700000029, 35.4945971 ] } },
{ "type": "Feature", "properties": { "内容": "出石荘短期入所生活介護【短期入所生活介護】豊岡市出石町福住字赤坂1301", "url": "https://www.kaigokensaku.mhlw.go.jp/28/index.php?action_kouhyou_detail_004_kani=true&JigyosyoCd=2874600121-00&ServiceCd=210&Type=search", "url2": "http://www.tajima-fukushien.jp/" }, "geometry": { "type": "Point", "coordinates": [ 134.864373699999987, 35.4583023 ] } },
{ "type": "Feature", "properties": { "内容": "介護老人福祉施設　ヴィラ播磨【短期入所生活介護】兵庫県加古川市志方町成井１００番地", "url": "https://www.kaigokensaku.mhlw.go.jp/28/index.php?action_kouhyou_detail_004_kani=true&JigyosyoCd=2872200320-00&ServiceCd=210&Type=search", "url2": "https://harima.tokuyou.jp" }, "geometry": { "type": "Point", "coordinates": [ 134.803241800000023, 34.8161521 ] } },
{ "type": "Feature", "properties": { "内容": "浜の宮松竹園【短期入所生活介護】兵庫県加古川市別府町新野辺538-9", "url": "https://www.kaigokensaku.mhlw.go.jp/28/index.php?action_kouhyou_detail_004_kani=true&JigyosyoCd=2872201203-00&ServiceCd=210&Type=search", "url2": "http//syo-chikuen.com/" }, "geometry": { "type": "Point", "coordinates": [ 134.840394599999968, 34.7368132 ] } },
{ "type": "Feature", "properties": { "内容": "しのべの里ショートステイサービス【短期入所生活介護】兵庫県加古川市別府町新野辺2528", "url": "https://www.kaigokensaku.mhlw.go.jp/28/index.php?action_kouhyou_detail_004_kani=true&JigyosyoCd=2872203381-00&ServiceCd=210&Type=search", "url2": "https://hinode.or.jp/establishment/shinobenosato/" }, "geometry": { "type": "Point", "coordinates": [ 134.8399475, 34.729705600000017 ] } },
{ "type": "Feature", "properties": { "内容": "パナソニックエイジフリー加古川東ショートステイ【短期入所生活介護】兵庫県加古川市平岡町二俣10番5", "url": "https://www.kaigokensaku.mhlw.go.jp/28/index.php?action_kouhyou_detail_004_kani=true&JigyosyoCd=2872203902-00&ServiceCd=210&Type=search", "url2": null }, "geometry": { "type": "Point", "coordinates": [ 134.862521252114874, 34.737596083772416 ] } },
{ "type": "Feature", "properties": { "内容": "特別養護老人ホームこすもす園【短期入所生活介護】加古川市神野町神野１３６－８", "url": "https://www.kaigokensaku.mhlw.go.jp/28/index.php?action_kouhyou_detail_004_kani=true&JigyosyoCd=2872200205-00&ServiceCd=210&Type=search", "url2": "http://nojigiku.or.jp" }, "geometry": { "type": "Point", "coordinates": [ 134.886281100000019, 34.7726822 ] } },
{ "type": "Feature", "properties": { "内容": "ショートステイ事業所　泰生【短期入所生活介護】兵庫県加古川市神野町石守２３８－１", "url": "https://www.kaigokensaku.mhlw.go.jp/28/index.php?action_kouhyou_detail_004_kani=true&JigyosyoCd=2872201260-00&ServiceCd=210&Type=search", "url2": "http://akari-fukushikai.com" }, "geometry": { "type": "Point", "coordinates": [ 134.874737800000048, 34.7654107 ] } },
{ "type": "Feature", "properties": { "内容": "特別養護老人ホームれい和こすもす園【短期入所生活介護】兵庫県加古川市神野町神野１４５－２", "url": "https://www.kaigokensaku.mhlw.go.jp/28/index.php?action_kouhyou_detail_004_kani=true&JigyosyoCd=2872204249-00&ServiceCd=210&Type=search", "url2": "https://www.nojigiku.or.jp" }, "geometry": { "type": "Point", "coordinates": [ 134.8821146, 34.7761032 ] } },
{ "type": "Feature", "properties": { "内容": "ショートステイサービス千鶴園【短期入所生活介護】兵庫県加古川市野口町水足109-1地域密着型特別養護老人ホーム千鶴園", "url": "https://www.kaigokensaku.mhlw.go.jp/28/index.php?action_kouhyou_detail_004_kani=true&JigyosyoCd=2872203290-00&ServiceCd=210&Type=search", "url2": "http://www.mankien.com" }, "geometry": { "type": "Point", "coordinates": [ 134.869516520695925, 34.761882478265491 ] } },
{ "type": "Feature", "properties": { "内容": "鶴林園ショートステイサービス【短期入所生活介護】兵庫県加古川市志方町細工所１０８６番地", "url": "https://www.kaigokensaku.mhlw.go.jp/28/index.php?action_kouhyou_detail_004_kani=true&JigyosyoCd=2872200460-00&ServiceCd=210&Type=search", "url2": "https://www.kakurinen.com" }, "geometry": { "type": "Point", "coordinates": [ 134.841593500000045, 34.8403443 ] } },
{ "type": "Feature", "properties": { "内容": "ショートステイサービス万亀園【短期入所生活介護】兵庫県加古川市野口町水足１０７－１", "url": "https://www.kaigokensaku.mhlw.go.jp/28/index.php?action_kouhyou_detail_004_kani=true&JigyosyoCd=2872200486-00&ServiceCd=210&Type=search", "url2": "http:/mankien.com./category02/" }, "geometry": { "type": "Point", "coordinates": [ 134.869716199999971, 34.7623054 ] } },
{ "type": "Feature", "properties": { "内容": "地域密着型小規模特別養護老人ホーム第二鹿児の郷【短期入所生活介護】加古川市平荘町山角251-2", "url": "https://www.kaigokensaku.mhlw.go.jp/28/index.php?action_kouhyou_detail_004_kani=true&JigyosyoCd=2872202714-00&ServiceCd=210&Type=search", "url2": "https://ftk1998.or.jp/" }, "geometry": { "type": "Point", "coordinates": [ 134.871976116394052, 34.806544228527834 ] } },
{ "type": "Feature", "properties": { "内容": "陽だまりの家【短期入所生活介護】加古川市平岡町土山字川池423-17", "url": "https://www.kaigokensaku.mhlw.go.jp/28/index.php?action_kouhyou_detail_004_kani=true&JigyosyoCd=2872202805-00&ServiceCd=210&Type=search", "url2": "http://hidamarinoie.org" }, "geometry": { "type": "Point", "coordinates": [ 134.896989527539063, 34.729090155616035 ] } },
{ "type": "Feature", "properties": { "内容": "フェニックス加古川ケアセンター【短期入所生活介護】兵庫県加古川市米田町平津384-16", "url": "https://www.kaigokensaku.mhlw.go.jp/28/index.php?action_kouhyou_detail_004_kani=true&JigyosyoCd=2872204132-00&ServiceCd=210&Type=search", "url2": "http://www.kobe-wako.jp" }, "geometry": { "type": "Point", "coordinates": [ 134.8158716, 34.7864923 ] } },
{ "type": "Feature", "properties": { "内容": "ショートステイ　グランはりま【短期入所生活介護】兵庫県加古川市平岡町高畑１－１", "url": "https://www.kaigokensaku.mhlw.go.jp/28/index.php?action_kouhyou_detail_004_kani=true&JigyosyoCd=2872201476-00&ServiceCd=210&Type=search", "url2": "http://www.gurannharima.com/" }, "geometry": { "type": "Point", "coordinates": [ 134.8790994, 34.7304395 ] } },
{ "type": "Feature", "properties": { "内容": "尾上の郷ショートステイ【短期入所生活介護】加古川市尾上町池田830-1", "url": "https://www.kaigokensaku.mhlw.go.jp/28/index.php?action_kouhyou_detail_004_kani=true&JigyosyoCd=2872202813-00&ServiceCd=210&Type=search", "url2": "http://www.onoenosato.org" }, "geometry": { "type": "Point", "coordinates": [ 134.821283380426024, 34.739681252282203 ] } },
{ "type": "Feature", "properties": { "内容": "ショートステイ　らいふあかり【短期入所生活介護】加古川町中津557-1", "url": "https://www.kaigokensaku.mhlw.go.jp/28/index.php?action_kouhyou_detail_004_kani=true&JigyosyoCd=2872202920-00&ServiceCd=210&Type=search", "url2": "http://akari-fukushikai.com" }, "geometry": { "type": "Point", "coordinates": [ 134.847404200000028, 34.7777012 ] } },
{ "type": "Feature", "properties": { "内容": "ショートステイ　鹿児の郷【短期入所生活介護】加古川市平荘町山角1038-4", "url": "https://www.kaigokensaku.mhlw.go.jp/28/index.php?action_kouhyou_detail_004_kani=true&JigyosyoCd=2872200338-00&ServiceCd=210&Type=search", "url2": "https://ftk1998.or.jp/" }, "geometry": { "type": "Point", "coordinates": [ 134.873174, 34.8043182 ] } },
{ "type": "Feature", "properties": { "内容": "せいりょう園ショートステイ事業【短期入所生活介護】兵庫県加古川市野口町長砂95-20", "url": "https://www.kaigokensaku.mhlw.go.jp/28/index.php?action_kouhyou_detail_004_kani=true&JigyosyoCd=2872200551-00&ServiceCd=210&Type=search", "url2": "http://www.seiryoen.or.jp" }, "geometry": { "type": "Point", "coordinates": [ 134.849180039286807, 34.749389007940145 ] } },
{ "type": "Feature", "properties": { "内容": "みどり園【短期入所生活介護】兵庫県加古川市平岡町423-9", "url": "https://www.kaigokensaku.mhlw.go.jp/28/index.php?action_kouhyou_detail_004_kani=true&JigyosyoCd=2872200049-00&ServiceCd=210&Type=search", "url2": "http://www.midorien.org" }, "geometry": { "type": "Point", "coordinates": [ 134.896183800000017, 34.7284594 ] } },
{ "type": "Feature", "properties": { "内容": "加古川さくら園短期入所生活介護事業所【短期入所生活介護】兵庫県加古川市東神吉町神吉１８４４－５", "url": "https://www.kaigokensaku.mhlw.go.jp/28/index.php?action_kouhyou_detail_004_kani=true&JigyosyoCd=2872202425-00&ServiceCd=210&Type=search", "url2": "http://www.kakogawa-sakuraen.com/" }, "geometry": { "type": "Point", "coordinates": [ 134.833263699999947, 34.8018684 ] } },
{ "type": "Feature", "properties": { "内容": "特別養護老人ホーム　玄武会ヒルズ【短期入所生活介護】兵庫県赤穂市片浜町227番地特別養護老人ホーム玄武会ヒルズ", "url": "https://www.kaigokensaku.mhlw.go.jp/28/index.php?action_kouhyou_detail_004_kani=true&JigyosyoCd=2874300359-00&ServiceCd=210&Type=search", "url2": "http//www.hakuho.or.jp/genbukai/" }, "geometry": { "type": "Point", "coordinates": [ 134.374682600000028, 34.7542699 ] } },
{ "type": "Feature", "properties": { "内容": "介護老人福祉施設　櫂の家【短期入所生活介護】浜市949番地", "url": "https://www.kaigokensaku.mhlw.go.jp/28/index.php?action_kouhyou_detail_004_kani=true&JigyosyoCd=2874300540-00&ServiceCd=210&Type=search", "url2": "http://www.hakuho.or.jp/genbukai/kainoie.html" }, "geometry": { "type": "Point", "coordinates": [ 134.421460600000017, 34.7693403 ] } },
{ "type": "Feature", "properties": { "内容": "特別養護老人ホーム　瀬戸内ホーム【短期入所生活介護】兵庫県赤穂市尾崎字向山2470番地469", "url": "https://www.kaigokensaku.mhlw.go.jp/28/index.php?action_kouhyou_detail_004_kani=true&JigyosyoCd=2874300078-00&ServiceCd=210&Type=search", "url2": "http://nagomi-ako.com/" }, "geometry": { "type": "Point", "coordinates": [ 134.420553092611414, 34.74393517929893 ] } },
{ "type": "Feature", "properties": { "内容": "特別養護老人ホーム　瀬戸内ホーム【短期入所生活介護】兵庫県赤穂市尾崎字向山2470番地469", "url": "https://www.kaigokensaku.mhlw.go.jp/28/index.php?action_kouhyou_detail_004_kani=true&JigyosyoCd=2874300573-00&ServiceCd=210&Type=search", "url2": "http://nagomi-ako.com/" }, "geometry": { "type": "Point", "coordinates": [ 134.420556458905537, 34.743939417387402 ] } },
{ "type": "Feature", "properties": { "内容": "桜谷荘ショートステイ事業所【短期入所生活介護】兵庫県赤穂市塩屋３４５０番地の３８", "url": "https://www.kaigokensaku.mhlw.go.jp/28/index.php?action_kouhyou_detail_004_kani=true&JigyosyoCd=2874300235-00&ServiceCd=210&Type=search", "url2": "http://www.sakuradani-fukushikai.com/" }, "geometry": { "type": "Point", "coordinates": [ 134.38014, 34.7681799 ] } },
{ "type": "Feature", "properties": { "内容": "ショートステイ　千種の苑【短期入所生活介護】兵庫県赤穂市東有年６６４番地１", "url": "https://www.kaigokensaku.mhlw.go.jp/28/index.php?action_kouhyou_detail_004_kani=true&JigyosyoCd=2874300136-00&ServiceCd=210&Type=search", "url2": "http://www.shunjyukai.or.jp/" }, "geometry": { "type": "Point", "coordinates": [ 134.369424005418381, 34.82806028168006 ] } },
{ "type": "Feature", "properties": { "内容": "特別養護老人ホームみぎわ園【短期入所生活介護】兵庫県西脇市八坂町213-1", "url": "https://www.kaigokensaku.mhlw.go.jp/28/index.php?action_kouhyou_detail_004_kani=true&JigyosyoCd=2871800047-00&ServiceCd=210&Type=search", "url2": "http://www.migiwa.or.jp/" }, "geometry": { "type": "Point", "coordinates": [ 134.945530400000052, 34.9660878 ] } },
{ "type": "Feature", "properties": { "内容": "短期入所生活介護事業所向陽苑【短期入所生活介護】兵庫県西脇市黒田庄町黒田字北山783", "url": "https://www.kaigokensaku.mhlw.go.jp/28/index.php?action_kouhyou_detail_004_kani=true&JigyosyoCd=2872700253-00&ServiceCd=210&Type=search", "url2": "http://koyo-en.jp" }, "geometry": { "type": "Point", "coordinates": [ 135.012193256991594, 35.051100543671375 ] } },
{ "type": "Feature", "properties": { "内容": "特別養護老人ホーム　コモエスタにしわき【短期入所生活介護】兵庫県西脇市蒲江551-1", "url": "https://www.kaigokensaku.mhlw.go.jp/28/index.php?action_kouhyou_detail_004_kani=true&JigyosyoCd=2871800666-00&ServiceCd=210&Type=search", "url2": "https://www.seihoukai-grp.com/comoestanishiwaki" }, "geometry": { "type": "Point", "coordinates": [ 134.987586700000065, 35.0106678 ] } },
{ "type": "Feature", "properties": { "内容": "楽寿園短期入所生活介護事業所【短期入所生活介護】兵庫県　西脇市　前島町　２６０－１", "url": "https://www.kaigokensaku.mhlw.go.jp/28/index.php?action_kouhyou_detail_004_kani=true&JigyosyoCd=2871800112-00&ServiceCd=210&Type=search", "url2": "https//rakujuen.net/" }, "geometry": { "type": "Point", "coordinates": [ 134.962438900000052, 35.0241715 ] } },
{ "type": "Feature", "properties": { "内容": "特別養護老人ホーム　楽寿園（ユニット型）【短期入所生活介護】兵庫県西脇市前島町260-1", "url": "https://www.kaigokensaku.mhlw.go.jp/28/index.php?action_kouhyou_detail_004_kani=true&JigyosyoCd=2871800567-00&ServiceCd=210&Type=search", "url2": "https://rakujuen.net/" }, "geometry": { "type": "Point", "coordinates": [ 134.962438900000052, 35.0241715 ] } },
{ "type": "Feature", "properties": { "内容": "特別養護老人ホーム　オンベリーコ【短期入所生活介護】兵庫県西脇市上比延町1422番地14", "url": "https://www.kaigokensaku.mhlw.go.jp/28/index.php?action_kouhyou_detail_004_kani=true&JigyosyoCd=2871800377-00&ServiceCd=210&Type=search", "url2": "http://www.seihoukai.com/onbelico/" }, "geometry": { "type": "Point", "coordinates": [ 135.016014600000062, 35.003625100000015 ] } },
{ "type": "Feature", "properties": { "内容": "特別養護老人ホーム　宝塚あいわ苑【短期入所生活介護】兵庫県宝塚市中筋2丁目10番18号", "url": "https://www.kaigokensaku.mhlw.go.jp/28/index.php?action_kouhyou_detail_004_kani=true&JigyosyoCd=2871100497-00&ServiceCd=210&Type=search", "url2": "http://www.aijinkai.or.jp/takarazuka_aiwaen/" }, "geometry": { "type": "Point", "coordinates": [ 135.378248399999961, 34.819671 ] } },
{ "type": "Feature", "properties": { "内容": "特別養護老人ホーム　宝塚清光苑【短期入所生活介護】兵庫県宝塚市仁川団地4-15特別養護老人ホーム　宝塚清光苑", "url": "https://www.kaigokensaku.mhlw.go.jp/28/index.php?action_kouhyou_detail_004_kani=true&JigyosyoCd=2871103715-00&ServiceCd=210&Type=search", "url2": "http:/www.well-seikokai.jp" }, "geometry": { "type": "Point", "coordinates": [ 135.350524700000051, 34.7814211 ] } },
{ "type": "Feature", "properties": { "内容": "特別養護老人ホーム　宝塚シニアコミュニティ　短期入所生活介護【短期入所生活介護】兵庫県宝塚市大原野字南穴虫1－253", "url": "https://www.kaigokensaku.mhlw.go.jp/28/index.php?action_kouhyou_detail_004_kani=true&JigyosyoCd=2871100133-00&ServiceCd=210&Type=search", "url2": "http://www.yoneda-hospital.com/takaraduka/" }, "geometry": { "type": "Point", "coordinates": [ 135.305594299999939, 34.900857900000034 ] } },
{ "type": "Feature", "properties": { "内容": "花屋敷栄光園【短期入所生活介護】兵庫県宝塚市切畑字長尾山5-321", "url": "https://www.kaigokensaku.mhlw.go.jp/28/index.php?action_kouhyou_detail_004_kani=true&JigyosyoCd=2871100455-00&ServiceCd=210&Type=search", "url2": "http://www.seirei.or.jp/elderlyhome/hanayashiki/" }, "geometry": { "type": "Point", "coordinates": [ 135.3959797, 34.8399887 ] } },
{ "type": "Feature", "properties": { "内容": "特別養護老人ホーム　宝塚栄光園【短期入所生活介護】宝塚市ゆずり葉台3-1-2", "url": "https://www.kaigokensaku.mhlw.go.jp/28/index.php?action_kouhyou_detail_004_kani=true&JigyosyoCd=2871100232-00&ServiceCd=210&Type=search", "url2": "http://www.seirei.or.jp/elderlyhome/takarazuka/" }, "geometry": { "type": "Point", "coordinates": [ 135.316201200000023, 34.7940705 ] } },
{ "type": "Feature", "properties": { "内容": "介護老人福祉施設　夢御殿山【短期入所生活介護】宝塚市御殿山１丁目３番３号", "url": "https://www.kaigokensaku.mhlw.go.jp/28/index.php?action_kouhyou_detail_004_kani=true&JigyosyoCd=2871100828-00&ServiceCd=210&Type=search", "url2": null }, "geometry": { "type": "Point", "coordinates": [ 135.349639900000057, 34.8160013 ] } },
{ "type": "Feature", "properties": { "内容": "宝塚まどか園ショートステイ【短期入所生活介護】兵庫県宝塚市美座2丁目22-2", "url": "https://www.kaigokensaku.mhlw.go.jp/28/index.php?action_kouhyou_detail_004_kani=true&JigyosyoCd=2871101230-00&ServiceCd=210&Type=search", "url2": "https://www.shoukyu.or.jp/campus/takarazuka" }, "geometry": { "type": "Point", "coordinates": [ 135.354301, 34.8059164 ] } },
{ "type": "Feature", "properties": { "内容": "宝塚ちどり【短期入所生活介護】兵庫県宝塚市亀井町１０番３０号", "url": "https://www.kaigokensaku.mhlw.go.jp/28/index.php?action_kouhyou_detail_004_kani=true&JigyosyoCd=2871101479-00&ServiceCd=210&Type=search", "url2": "https://www.chidori.or.jp" }, "geometry": { "type": "Point", "coordinates": [ 135.363411700000029, 34.7930266 ] } },
{ "type": "Feature", "properties": { "内容": "ショートケア中山ちどり【短期入所生活介護】兵庫県宝塚市中山桜台1丁目7番1号", "url": "https://www.kaigokensaku.mhlw.go.jp/28/index.php?action_kouhyou_detail_004_kani=true&JigyosyoCd=2871102527-00&ServiceCd=210&Type=search", "url2": "http://www.chidori.or.jp" }, "geometry": { "type": "Point", "coordinates": [ 135.3680213, 34.8307 ] } },
{ "type": "Feature", "properties": { "内容": "宝塚すみれ栄光園ショートステイ【短期入所生活介護】兵庫県宝塚市弥生町2-2", "url": "https://www.kaigokensaku.mhlw.go.jp/28/index.php?action_kouhyou_detail_004_kani=true&JigyosyoCd=2871103236-00&ServiceCd=210&Type=search", "url2": "http://www.seirei.or.jp/tss/" }, "geometry": { "type": "Point", "coordinates": [ 135.367822299999943, 34.7975067 ] } },
{ "type": "Feature", "properties": { "内容": "介護老人福祉施設　星花苑【短期入所生活介護】兵庫県宝塚市川面長尾山15-16", "url": "https://www.kaigokensaku.mhlw.go.jp/28/index.php?action_kouhyou_detail_004_kani=true&JigyosyoCd=2871100679-00&ServiceCd=210&Type=search", "url2": "http://www.toujukai.jp/" }, "geometry": { "type": "Point", "coordinates": [ 135.337985099999969, 34.8206758 ] } },
{ "type": "Feature", "properties": { "内容": "特別養護老人ホーム　グリーンホーム三木【短期入所生活介護】兵庫県三木市与呂木683-397", "url": "https://www.kaigokensaku.mhlw.go.jp/28/index.php?action_kouhyou_detail_004_kani=true&JigyosyoCd=2872300088-00&ServiceCd=210&Type=search", "url2": "http://yuwa-fukushikai.or.jp/" }, "geometry": { "type": "Point", "coordinates": [ 135.0092922, 34.8074929 ] } },
{ "type": "Feature", "properties": { "内容": "ショートステイ　みずき【短期入所生活介護】兵庫県三木市加佐58番地の1", "url": "https://www.kaigokensaku.mhlw.go.jp/28/index.php?action_kouhyou_detail_004_kani=true&JigyosyoCd=2872301359-00&ServiceCd=210&Type=search", "url2": "https://www.mizuki-nh.com" }, "geometry": { "type": "Point", "coordinates": [ 134.983921888360584, 34.802929532387935 ] } },
{ "type": "Feature", "properties": { "内容": "ショートステイみずき【短期入所生活介護】兵庫県三木市加佐58-1", "url": "https://www.kaigokensaku.mhlw.go.jp/28/index.php?action_kouhyou_detail_004_kani=true&JigyosyoCd=2872301565-00&ServiceCd=210&Type=search", "url2": "http://www.mizuki-nh.com" }, "geometry": { "type": "Point", "coordinates": [ 134.984520800000013, 34.8027345 ] } },
{ "type": "Feature", "properties": { "内容": "特別養護老人ホーム　しゅうらく苑【短期入所生活介護】兵庫県三木市別所町興治１５８８番地", "url": "https://www.kaigokensaku.mhlw.go.jp/28/index.php?action_kouhyou_detail_004_kani=true&JigyosyoCd=2872300096-00&ServiceCd=210&Type=search", "url2": "http://shuraku.upper.jp" }, "geometry": { "type": "Point", "coordinates": [ 134.97080434130865, 34.768906774134258 ] } },
{ "type": "Feature", "properties": { "内容": "特別養護老人ホームえびすの郷【短期入所生活介護】兵庫県三木市大塚206-6", "url": "https://www.kaigokensaku.mhlw.go.jp/28/index.php?action_kouhyou_detail_004_kani=true&JigyosyoCd=2872301102-00&ServiceCd=210&Type=search", "url2": "https://ebisunosato.com" }, "geometry": { "type": "Point", "coordinates": [ 134.999543099999983, 34.8001742 ] } },
{ "type": "Feature", "properties": { "内容": "介護老人福祉施設　カトレア三木【短期入所生活介護】兵庫県三木市福井１９８１－１", "url": "https://www.kaigokensaku.mhlw.go.jp/28/index.php?action_kouhyou_detail_004_kani=true&JigyosyoCd=2872300708-00&ServiceCd=210&Type=search", "url2": "http://www.imwg.or.jp/miki/" }, "geometry": { "type": "Point", "coordinates": [ 134.99099825277861, 34.792435662263351 ] } },
{ "type": "Feature", "properties": { "内容": "特別養護老人ホーム　さざんかの郷【短期入所生活介護】兵庫県三木市吉川町大沢４１８番地", "url": "https://www.kaigokensaku.mhlw.go.jp/28/index.php?action_kouhyou_detail_004_kani=true&JigyosyoCd=2872400029-00&ServiceCd=210&Type=search", "url2": "http://www.sazankanosato.com" }, "geometry": { "type": "Point", "coordinates": [ 135.121250599999939, 34.8835051 ] } },
{ "type": "Feature", "properties": { "内容": "ショートステイ　りんどうの里【短期入所生活介護】兵庫県三木市志染町四合谷字伊賀ノ垣341番地", "url": "https://www.kaigokensaku.mhlw.go.jp/28/index.php?action_kouhyou_detail_004_kani=true&JigyosyoCd=2872300294-00&ServiceCd=210&Type=search", "url2": "http://rindounosato.or.jp/" }, "geometry": { "type": "Point", "coordinates": [ 135.02433259999998, 34.7812509 ] } },
{ "type": "Feature", "properties": { "内容": "高砂ショートステイそよ風【短期入所生活介護】兵庫県高砂市米田町米田1135-1", "url": "https://www.kaigokensaku.mhlw.go.jp/28/index.php?action_kouhyou_detail_004_kani=true&JigyosyoCd=2872101270-00&ServiceCd=210&Type=search", "url2": "https://www.sykz.co.jp/" }, "geometry": { "type": "Point", "coordinates": [ 134.8203342, 34.7769756 ] } },
{ "type": "Feature", "properties": { "内容": "特別養護老人ホームのじぎくの里【短期入所生活介護】高砂市北浜町西浜773-3", "url": "https://www.kaigokensaku.mhlw.go.jp/28/index.php?action_kouhyou_detail_004_kani=true&JigyosyoCd=2872100322-00&ServiceCd=210&Type=search", "url2": "http://www.nojigiku.or.jp/" }, "geometry": { "type": "Point", "coordinates": [ 134.748401800000011, 34.7855176 ] } },
{ "type": "Feature", "properties": { "内容": "特別養護老人ホームサンリットひまわり園【短期入所生活介護】高砂市高砂町松波町４４０番５", "url": "https://www.kaigokensaku.mhlw.go.jp/28/index.php?action_kouhyou_detail_004_kani=true&JigyosyoCd=2872100066-00&ServiceCd=210&Type=search", "url2": "http://care-net.biz/28/matunami" }, "geometry": { "type": "Point", "coordinates": [ 134.797315900000058, 34.7527138 ] } },
{ "type": "Feature", "properties": { "内容": "特別養護老人ホームサンリットひまわり園（ユニット型）【短期入所生活介護】兵庫県高砂市高砂町松波町４４０－５", "url": "https://www.kaigokensaku.mhlw.go.jp/28/index.php?action_kouhyou_detail_004_kani=true&JigyosyoCd=2872100983-00&ServiceCd=210&Type=search", "url2": "http://care-net.biz/28/matunami" }, "geometry": { "type": "Point", "coordinates": [ 134.797399199999973, 34.7527638 ] } },
{ "type": "Feature", "properties": { "内容": "特別養護老人ホーム　めぐみ苑【短期入所生活介護】兵庫県高砂市阿弥陀町阿弥陀４３番の１", "url": "https://www.kaigokensaku.mhlw.go.jp/28/index.php?action_kouhyou_detail_004_kani=true&JigyosyoCd=2872100082-00&ServiceCd=210&Type=search", "url2": "http://www.megumien.jp" }, "geometry": { "type": "Point", "coordinates": [ 134.786457199999973, 34.79779 ] } },
{ "type": "Feature", "properties": { "内容": "特別養護老人ホーム常寿園【短期入所生活介護】兵庫県高砂市北浜町牛谷721-1", "url": "https://www.kaigokensaku.mhlw.go.jp/28/index.php?action_kouhyou_detail_004_kani=true&JigyosyoCd=2872100074-00&ServiceCd=210&Type=search", "url2": "http://www.jyoujyuen.com/" }, "geometry": { "type": "Point", "coordinates": [ 134.76066670000003, 34.7934785 ] } },
{ "type": "Feature", "properties": { "内容": "地域密着型特別養護老人ホーム常寿園【短期入所生活介護】高砂市北浜町牛谷718-53", "url": "https://www.kaigokensaku.mhlw.go.jp/28/index.php?action_kouhyou_detail_004_kani=true&JigyosyoCd=2872100587-00&ServiceCd=210&Type=search", "url2": "http://www.jyoujyuen.com/" }, "geometry": { "type": "Point", "coordinates": [ 134.760621825126861, 34.79365744802309 ] } },
{ "type": "Feature", "properties": { "内容": "ショートステイやわらぎの里清和台【短期入所生活介護】兵庫県川西市清和台東４丁目５－２６", "url": "https://www.kaigokensaku.mhlw.go.jp/28/index.php?action_kouhyou_detail_004_kani=true&JigyosyoCd=2873100859-00&ServiceCd=210&Type=search", "url2": "http://www.plusone-group.co.jp/" }, "geometry": { "type": "Point", "coordinates": [ 135.395521199999962, 34.8719662 ] } },
{ "type": "Feature", "properties": { "内容": "あいな清和苑　ショートステイサービス【短期入所生活介護】川西市久代6丁目1-984階（２０床）", "url": "https://www.kaigokensaku.mhlw.go.jp/28/index.php?action_kouhyou_detail_004_kani=true&JigyosyoCd=2873101840-00&ServiceCd=210&Type=search", "url2": "https://www.ufo-group.jp" }, "geometry": { "type": "Point", "coordinates": [ 135.4183481, 34.8028678 ] } },
{ "type": "Feature", "properties": { "内容": "ショートステイ　やわらぎの里　西多田【短期入所生活介護】兵庫県川西市西多田2丁目1-7", "url": "https://www.kaigokensaku.mhlw.go.jp/28/index.php?action_kouhyou_detail_004_kani=true&JigyosyoCd=2873102384-00&ServiceCd=210&Type=search", "url2": "http://www.plusone-group.co.jp/showakai/index.html" }, "geometry": { "type": "Point", "coordinates": [ 135.406349399999954, 34.8531212 ] } },
{ "type": "Feature", "properties": { "内容": "さぎそう園短期入所生活介護事業所【短期入所生活介護】兵庫県川西市丸山台３丁目５番地の６", "url": "https://www.kaigokensaku.mhlw.go.jp/28/index.php?action_kouhyou_detail_004_kani=true&JigyosyoCd=2873100198-00&ServiceCd=210&Type=search", "url2": "http://www.seisin.or.jp" }, "geometry": { "type": "Point", "coordinates": [ 135.408205800000019, 34.9154829 ] } },
{ "type": "Feature", "properties": { "内容": "清和苑ショートステイサービス【短期入所生活介護】川西市清和台東2丁目4番地３２", "url": "https://www.kaigokensaku.mhlw.go.jp/28/index.php?action_kouhyou_detail_004_kani=true&JigyosyoCd=2873100206-00&ServiceCd=210&Type=search", "url2": "http://www.ufo-group.jp" }, "geometry": { "type": "Point", "coordinates": [ 135.392024399999968, 34.8758576 ] } },
{ "type": "Feature", "properties": { "内容": "ハピネス川西ショートステイ【短期入所生活介護】兵庫県川西市加茂3-13-26", "url": "https://www.kaigokensaku.mhlw.go.jp/28/index.php?action_kouhyou_detail_004_kani=true&JigyosyoCd=2873100396-00&ServiceCd=210&Type=search", "url2": "http://www.seisin.or.jp" }, "geometry": { "type": "Point", "coordinates": [ 135.402485399999932, 34.8130084 ] } },
{ "type": "Feature", "properties": { "内容": "老人短期入所事業　「湯々館」【短期入所生活介護】兵庫県川西市西多田字平井田筋5番地", "url": "https://www.kaigokensaku.mhlw.go.jp/28/index.php?action_kouhyou_detail_004_kani=true&JigyosyoCd=2873100503-00&ServiceCd=210&Type=search", "url2": "http://toto-kan.org/" }, "geometry": { "type": "Point", "coordinates": [ 135.399073700000031, 34.851732 ] } },
{ "type": "Feature", "properties": { "内容": "ショートステイ　やわらぎの里東谷【短期入所生活介護】兵庫県川西市一庫字北中島1-1", "url": "https://www.kaigokensaku.mhlw.go.jp/28/index.php?action_kouhyou_detail_004_kani=true&JigyosyoCd=2873101154-00&ServiceCd=210&Type=search", "url2": "http://www.plusone-group.co.jp/showakai/index.html" }, "geometry": { "type": "Point", "coordinates": [ 135.403031400000032, 34.9006506 ] } },
{ "type": "Feature", "properties": { "内容": "ショートステイやわらぎの里ぷらす館【短期入所生活介護】川西市清和台東４丁目５番地－１", "url": "https://www.kaigokensaku.mhlw.go.jp/28/index.php?action_kouhyou_detail_004_kani=true&JigyosyoCd=2873101667-00&ServiceCd=210&Type=search", "url2": "http://www.plusone-group.co.jp/showakai/index.html" }, "geometry": { "type": "Point", "coordinates": [ 135.39586840000004, 34.8707107 ] } },
{ "type": "Feature", "properties": { "内容": "特別養護老人ホーム　なごみの杜【短期入所生活介護】兵庫県小野市天神町973番", "url": "https://www.kaigokensaku.mhlw.go.jp/28/index.php?action_kouhyou_detail_004_kani=true&JigyosyoCd=2871900664-00&ServiceCd=210&Type=search", "url2": "http://www.nagomi.eikofukushi2007.or.jp/" }, "geometry": { "type": "Point", "coordinates": [ 134.9424477, 34.8450718 ] } },
{ "type": "Feature", "properties": { "内容": "ふたばの里ショートステイサービス【短期入所生活介護】小野市二葉町８０－１２３", "url": "https://www.kaigokensaku.mhlw.go.jp/28/index.php?action_kouhyou_detail_004_kani=true&JigyosyoCd=2871900359-00&ServiceCd=210&Type=search", "url2": "http://www.hinode-wf.com/" }, "geometry": { "type": "Point", "coordinates": [ 134.946528100000023, 34.8395001 ] } },
{ "type": "Feature", "properties": { "内容": "特別養護老人ホーム　粟生逢花苑【短期入所生活介護】小野市粟生町字前田3610-1", "url": "https://www.kaigokensaku.mhlw.go.jp/28/index.php?action_kouhyou_detail_004_kani=true&JigyosyoCd=2871900086-00&ServiceCd=210&Type=search", "url2": "https://www.aoyama-med.gr.jp/ontokuwelfare/" }, "geometry": { "type": "Point", "coordinates": [ 134.908428978356937, 34.856933414186109 ] } },
{ "type": "Feature", "properties": { "内容": "特別養護老人ホーム青山荘【短期入所生活介護】兵庫県小野市復井町673番地20", "url": "https://www.kaigokensaku.mhlw.go.jp/28/index.php?action_kouhyou_detail_004_kani=true&JigyosyoCd=2871900078-00&ServiceCd=210&Type=search", "url2": "https://seizansou.or.jp/" }, "geometry": { "type": "Point", "coordinates": [ 134.934777577909813, 34.900159900742558 ] } },
{ "type": "Feature", "properties": { "内容": "くつろぎの杜ショートステイ【短期入所生活介護】兵庫県小野市市場町926の426番地", "url": "https://www.kaigokensaku.mhlw.go.jp/28/index.php?action_kouhyou_detail_004_kani=true&JigyosyoCd=2871900771-00&ServiceCd=210&Type=search", "url2": "http://www.yasuragi-swc.or.jp" }, "geometry": { "type": "Point", "coordinates": [ 134.9454086, 34.8311976 ] } },
{ "type": "Feature", "properties": { "内容": "特別養護老人ホーム　サンウエスト【短期入所生活介護】兵庫県三田市小野1139-1", "url": "https://www.kaigokensaku.mhlw.go.jp/28/index.php?action_kouhyou_detail_004_kani=true&JigyosyoCd=2871200180-00&ServiceCd=210&Type=search", "url2": "sanwest@koyukai.or.jp" }, "geometry": { "type": "Point", "coordinates": [ 135.232121399999983, 34.9522718 ] } },
{ "type": "Feature", "properties": { "内容": "三田楽寿荘【短期入所生活介護】兵庫県三田市東本庄1188番地", "url": "https://www.kaigokensaku.mhlw.go.jp/28/index.php?action_kouhyou_detail_004_kani=true&JigyosyoCd=2871200099-00&ServiceCd=210&Type=search", "url2": "http://www.hirakataryoiku-med.or.jp/sanda/" }, "geometry": { "type": "Point", "coordinates": [ 135.16604687182766, 34.955399246844443 ] } },
{ "type": "Feature", "properties": { "内容": "あおぞら小規模生活単位型指定短期入所生活介護事業所【短期入所生活介護】兵庫県三田市大畑字清水357-1", "url": "https://www.kaigokensaku.mhlw.go.jp/28/index.php?action_kouhyou_detail_004_kani=true&JigyosyoCd=2871200537-00&ServiceCd=210&Type=search", "url2": "https://www.aozora-kai.or.jp/" }, "geometry": { "type": "Point", "coordinates": [ 135.186919237542753, 34.938420255943385 ] } },
{ "type": "Feature", "properties": { "内容": "特別養護老人ホーム　オーキッド【短期入所生活介護】兵庫県三田市駅前町3番15号101", "url": "https://www.kaigokensaku.mhlw.go.jp/28/index.php?action_kouhyou_detail_004_kani=true&JigyosyoCd=2871201386-00&ServiceCd=210&Type=search", "url2": "http://www.reimeikai.org/orchid/" }, "geometry": { "type": "Point", "coordinates": [ 135.2284115, 34.8876795 ] } },
{ "type": "Feature", "properties": { "内容": "老人短期入所事業所さんすい園【短期入所生活介護】兵庫県三田市下相野薬師尾1460番地の1", "url": "https://www.kaigokensaku.mhlw.go.jp/28/index.php?action_kouhyou_detail_004_kani=true&JigyosyoCd=2871200172-00&ServiceCd=210&Type=search", "url2": "http://sansui-en.org" }, "geometry": { "type": "Point", "coordinates": [ 135.155889200000047, 34.9461734 ] } },
{ "type": "Feature", "properties": { "内容": "ゼフィール三田短期入所生活介護事業所【短期入所生活介護】兵庫県三田市富士が丘5丁目17番3", "url": "https://www.kaigokensaku.mhlw.go.jp/28/index.php?action_kouhyou_detail_004_kani=true&JigyosyoCd=2871200743-00&ServiceCd=210&Type=search", "url2": "http://keijyukinenkai.or.jp/" }, "geometry": { "type": "Point", "coordinates": [ 135.203325, 34.892321 ] } },
{ "type": "Feature", "properties": { "内容": "サンサリテ三田ショート【短期入所生活介護】兵庫県三田市中町16-3", "url": "https://www.kaigokensaku.mhlw.go.jp/28/index.php?action_kouhyou_detail_004_kani=true&JigyosyoCd=2871201550-00&ServiceCd=210&Type=search", "url2": "https://sincerite-kenwakai.com/" }, "geometry": { "type": "Point", "coordinates": [ 135.2326313, 34.8842583 ] } },
{ "type": "Feature", "properties": { "内容": "特別養護老人ホーム　第二サルビア荘　短期入所生活介護【短期入所生活介護】兵庫県加西市国正町１９３１－２", "url": "https://www.kaigokensaku.mhlw.go.jp/28/index.php?action_kouhyou_detail_004_kani=true&JigyosyoCd=2872600107-00&ServiceCd=210&Type=search", "url2": "http://www.enyuukai.jp" }, "geometry": { "type": "Point", "coordinates": [ 134.933443300000022, 34.943487 ] } },
{ "type": "Feature", "properties": { "内容": "加西の里短期入所生活介護事業所【短期入所生活介護】兵庫県加西市段下町８４８－１４", "url": "https://www.kaigokensaku.mhlw.go.jp/28/index.php?action_kouhyou_detail_004_kani=true&JigyosyoCd=2872600180-00&ServiceCd=210&Type=search", "url2": null }, "geometry": { "type": "Point", "coordinates": [ 134.844069200000035, 34.9077499 ] } },
{ "type": "Feature", "properties": { "内容": "ショートステイ　なごやか【短期入所生活介護】兵庫県加西市下宮木町５１２番地", "url": "https://www.kaigokensaku.mhlw.go.jp/28/index.php?action_kouhyou_detail_004_kani=true&JigyosyoCd=2872600701-00&ServiceCd=210&Type=search", "url2": "http://shinshu-kai.or.jp/" }, "geometry": { "type": "Point", "coordinates": [ 134.878560200000038, 34.8893469 ] } },
{ "type": "Feature", "properties": { "内容": "特別養護老人ホーム　春夏秋冬【短期入所生活介護】兵庫県加西市坂本町１０２７－５", "url": "https://www.kaigokensaku.mhlw.go.jp/28/index.php?action_kouhyou_detail_004_kani=true&JigyosyoCd=2872600271-00&ServiceCd=210&Type=search", "url2": "http//www.keiaigojokai.jp" }, "geometry": { "type": "Point", "coordinates": [ 134.825332, 34.8713001 ] } },
{ "type": "Feature", "properties": { "内容": "特別養護老人ホーム　和寿園【短期入所生活介護】丹波篠山市高屋19番地2", "url": "https://www.kaigokensaku.mhlw.go.jp/28/index.php?action_kouhyou_detail_004_kani=true&JigyosyoCd=2871400145-00&ServiceCd=210&Type=search", "url2": "http://wajuen.jp" }, "geometry": { "type": "Point", "coordinates": [ 135.176801599999976, 35.090031300000021 ] } },
{ "type": "Feature", "properties": { "内容": "特別養護老人ホーム　篠山すみれ園【短期入所生活介護】兵庫県丹波篠山市今田町釜屋35番地", "url": "https://www.kaigokensaku.mhlw.go.jp/28/index.php?action_kouhyou_detail_004_kani=true&JigyosyoCd=2871400301-00&ServiceCd=210&Type=search", "url2": "http://www.sumire.or.jp" }, "geometry": { "type": "Point", "coordinates": [ 135.129171400000018, 34.962379745986183 ] } },
{ "type": "Feature", "properties": { "内容": "介護老人福祉施設　やまゆりの里【短期入所生活介護】兵庫県丹波篠山市福住657-2", "url": "https://www.kaigokensaku.mhlw.go.jp/28/index.php?action_kouhyou_detail_004_kani=true&JigyosyoCd=2871400137-00&ServiceCd=210&Type=search", "url2": "http://yamayurinosato.com" }, "geometry": { "type": "Point", "coordinates": [ 135.343915193758448, 35.070163703772444 ] } },
{ "type": "Feature", "properties": { "内容": "特別養護老人ホーム　やすらぎ園【短期入所生活介護】兵庫県丹波篠山市味間奥字水坂ノ坪８３３番地３", "url": "https://www.kaigokensaku.mhlw.go.jp/28/index.php?action_kouhyou_detail_004_kani=true&JigyosyoCd=2871400152-00&ServiceCd=210&Type=search", "url2": "https://sasayama-yasuragien.com/" }, "geometry": { "type": "Point", "coordinates": [ 135.138810687851162, 35.059656041806434 ] } },
{ "type": "Feature", "properties": { "内容": "特別養護老人ホーム　おおやの郷【短期入所生活介護】兵庫県養父市大屋町笠谷４１番地", "url": "https://www.kaigokensaku.mhlw.go.jp/28/index.php?action_kouhyou_detail_004_kani=true&JigyosyoCd=2874800077-00&ServiceCd=210&Type=search", "url2": "http://www.aso.or.jp/" }, "geometry": { "type": "Point", "coordinates": [ 134.660074400000013, 35.332444 ] } },
{ "type": "Feature", "properties": { "内容": "かるべの郷短期入所生活介護事業所【短期入所生活介護】兵庫県養父市十二所906番1", "url": "https://www.kaigokensaku.mhlw.go.jp/28/index.php?action_kouhyou_detail_004_kani=true&JigyosyoCd=2874800754-00&ServiceCd=210&Type=search", "url2": "http://www.karubenosato.com" }, "geometry": { "type": "Point", "coordinates": [ 134.772343879566193, 35.381374736576618 ] } },
{ "type": "Feature", "properties": { "内容": "かるべの郷さざんか短期入所生活介護事業所【短期入所生活介護】兵庫県養父市十二所８７１番地", "url": "https://www.kaigokensaku.mhlw.go.jp/28/index.php?action_kouhyou_detail_004_kani=true&JigyosyoCd=2874800655-00&ServiceCd=210&Type=search", "url2": "http://www.karubenosato.com" }, "geometry": { "type": "Point", "coordinates": [ 134.7713989, 35.3812097 ] } },
{ "type": "Feature", "properties": { "内容": "ショートステイはちぶせの里【短期入所生活介護】兵庫県養父市尾崎1327番地", "url": "https://www.kaigokensaku.mhlw.go.jp/28/index.php?action_kouhyou_detail_004_kani=true&JigyosyoCd=2874800580-00&ServiceCd=210&Type=search", "url2": "https://hachibusenosato.com/" }, "geometry": { "type": "Point", "coordinates": [ 134.653475100000037, 35.3790413 ] } },
{ "type": "Feature", "properties": { "内容": "妙見荘短期入所生活介護【短期入所生活介護】兵庫県養父市八鹿町小山字西家ノ上３０７番地１", "url": "https://www.kaigokensaku.mhlw.go.jp/28/index.php?action_kouhyou_detail_004_kani=true&JigyosyoCd=2874800242-00&ServiceCd=210&Type=search", "url2": "http://www.tajima-fukushien.jp/post.html" }, "geometry": { "type": "Point", "coordinates": [ 134.75163009811709, 35.401512961325409 ] } },
{ "type": "Feature", "properties": { "内容": "おおやの郷(短期入所生活介護）【短期入所生活介護】兵庫県養父市大屋町笠谷４１番地", "url": "https://www.kaigokensaku.mhlw.go.jp/28/index.php?action_kouhyou_detail_004_kani=true&JigyosyoCd=2874800317-00&ServiceCd=210&Type=search", "url2": null }, "geometry": { "type": "Point", "coordinates": [ 134.660711, 35.3325772 ] } },
{ "type": "Feature", "properties": { "内容": "特別養護老人ホーム柏原けやき苑【短期入所生活介護】兵庫県丹波市柏原町北山２８９－１", "url": "https://www.kaigokensaku.mhlw.go.jp/28/index.php?action_kouhyou_detail_004_kani=true&JigyosyoCd=2871300501-00&ServiceCd=210&Type=search", "url2": "http://www.kaibara-keyaki.or.jp" }, "geometry": { "type": "Point", "coordinates": [ 135.044454200000018, 35.1353687 ] } },
{ "type": "Feature", "properties": { "内容": "おかの花ショートステイサービス【短期入所生活介護】兵庫県丹波市春日町山田１７０", "url": "https://www.kaigokensaku.mhlw.go.jp/28/index.php?action_kouhyou_detail_004_kani=true&JigyosyoCd=2871300345-00&ServiceCd=210&Type=search", "url2": "http://www.okanohana.jp/" }, "geometry": { "type": "Point", "coordinates": [ 135.083860700000059, 35.1842307 ] } },
{ "type": "Feature", "properties": { "内容": "特別養護老人ホーム松寿園【短期入所生活介護】兵庫県丹波市氷上町新郷1705番地", "url": "https://www.kaigokensaku.mhlw.go.jp/28/index.php?action_kouhyou_detail_004_kani=true&JigyosyoCd=2871300147-00&ServiceCd=210&Type=search", "url2": "http://aobahukushikai.com" }, "geometry": { "type": "Point", "coordinates": [ 135.0198447, 35.1478825 ] } },
{ "type": "Feature", "properties": { "内容": "丹寿荘短期入所生活介護事業所【短期入所生活介護】兵庫県丹波市市島町上竹田2336-1", "url": "https://www.kaigokensaku.mhlw.go.jp/28/index.php?action_kouhyou_detail_004_kani=true&JigyosyoCd=2871300428-00&ServiceCd=210&Type=search", "url2": "http://www.hwc.or.jp/tanju/" }, "geometry": { "type": "Point", "coordinates": [ 135.126311799999939, 35.2345175 ] } },
{ "type": "Feature", "properties": { "内容": "特別養護老人ホーム山路園【短期入所生活介護】兵庫県丹波市山南町野坂181-1", "url": "https://www.kaigokensaku.mhlw.go.jp/28/index.php?action_kouhyou_detail_004_kani=true&JigyosyoCd=2871300170-00&ServiceCd=210&Type=search", "url2": "http://www.yamajien.orjp" }, "geometry": { "type": "Point", "coordinates": [ 135.000834299999951, 35.0854135 ] } },
{ "type": "Feature", "properties": { "内容": "短期入所生活介護事業所おがわの里【短期入所生活介護】兵庫県丹波市山南町岩屋637", "url": "https://www.kaigokensaku.mhlw.go.jp/28/index.php?action_kouhyou_detail_004_kani=true&JigyosyoCd=2871301525-00&ServiceCd=210&Type=search", "url2": "http://www.mitsumi.or.jp/ogawanosato/" }, "geometry": { "type": "Point", "coordinates": [ 135.011093725625642, 35.084561179523305 ] } },
{ "type": "Feature", "properties": { "内容": "特別養護老人ホームふれあいの郷「もくせい」【短期入所生活介護】兵庫県丹波市青垣町東芦田1303番地", "url": "https://www.kaigokensaku.mhlw.go.jp/28/index.php?action_kouhyou_detail_004_kani=true&JigyosyoCd=2871300261-00&ServiceCd=210&Type=search", "url2": "keijyukinenkai.or.jp" }, "geometry": { "type": "Point", "coordinates": [ 135.037305, 35.2366013 ] } },
{ "type": "Feature", "properties": { "内容": "もくせいユニットショートステイセンター【短期入所生活介護】兵庫県丹波市青垣町東芦田1303番地", "url": "https://www.kaigokensaku.mhlw.go.jp/28/index.php?action_kouhyou_detail_004_kani=true&JigyosyoCd=2871301608-00&ServiceCd=210&Type=search", "url2": "keijyukinenkai.or.jp" }, "geometry": { "type": "Point", "coordinates": [ 135.037305, 35.2366013 ] } },
{ "type": "Feature", "properties": { "内容": "特別養護老人ホームフローラせいだん【短期入所生活介護】兵庫県南あわじ市津井1804番地2", "url": "https://www.kaigokensaku.mhlw.go.jp/28/index.php?action_kouhyou_detail_004_kani=true&JigyosyoCd=2871701179-00&ServiceCd=210&Type=search", "url2": "www.mima-gr.jp/tanhou/index.htmlc" }, "geometry": { "type": "Point", "coordinates": [ 134.6905051, 34.3212449 ] } },
{ "type": "Feature", "properties": { "内容": "特別養護老人ホームすいせんホーム【短期入所生活介護】兵庫県南あわじ市賀集野田７６４", "url": "https://www.kaigokensaku.mhlw.go.jp/28/index.php?action_kouhyou_detail_004_kani=true&JigyosyoCd=2871700841-00&ServiceCd=210&Type=search", "url2": "http://awaji-yasuragi.jp/" }, "geometry": { "type": "Point", "coordinates": [ 134.7675686, 34.2648771 ] } },
{ "type": "Feature", "properties": { "内容": "地域密着型特別養護老人ホーム太陽の家ウエスト短期入所生活介護事業所【短期入所生活介護】兵庫県南あわじ市神代国衙1259番地1", "url": "https://www.kaigokensaku.mhlw.go.jp/28/index.php?action_kouhyou_detail_004_kani=true&JigyosyoCd=2871701104-00&ServiceCd=210&Type=search", "url2": "tokuyouwest@taiyonoie.jp" }, "geometry": { "type": "Point", "coordinates": [ 134.760009099999934, 34.2721904 ] } },
{ "type": "Feature", "properties": { "内容": "特別養護老人ホーム　翁寿園【短期入所生活介護】兵庫県南あわじ市八木寺内373-1", "url": "https://www.kaigokensaku.mhlw.go.jp/28/index.php?action_kouhyou_detail_004_kani=true&JigyosyoCd=2871701203-00&ServiceCd=210&Type=search", "url2": "https://awajishima-fukushikai.or.jp/" }, "geometry": { "type": "Point", "coordinates": [ 134.7977583, 34.2793305 ] } },
{ "type": "Feature", "properties": { "内容": "地域密着型介護老人福祉施設　いちごの家・楽園おのころ【短期入所生活介護】榎列下幡多804-1いちごの家・楽園おのころ", "url": "https://www.kaigokensaku.mhlw.go.jp/28/index.php?action_kouhyou_detail_004_kani=true&JigyosyoCd=2871701138-00&ServiceCd=210&Type=search", "url2": "http://www.ichie-fukushikai.or.jp" }, "geometry": { "type": "Point", "coordinates": [ 134.7732628, 34.3123977 ] } },
{ "type": "Feature", "properties": { "内容": "特別養護老人ホーム緑風館【短期入所生活介護】兵庫県南あわじ市広田中筋1025-19", "url": "https://www.kaigokensaku.mhlw.go.jp/28/index.php?action_kouhyou_detail_004_kani=true&JigyosyoCd=2871700122-00&ServiceCd=210&Type=search", "url2": "http://ryokufuukan.sakura.ne.jp" }, "geometry": { "type": "Point", "coordinates": [ 134.831883699999906, 34.31693930000003 ] } },
{ "type": "Feature", "properties": { "内容": "特別養護老人ホーム　翁寿園【短期入所生活介護】兵庫県南あわじ市八木寺内373-1", "url": "https://www.kaigokensaku.mhlw.go.jp/28/index.php?action_kouhyou_detail_004_kani=true&JigyosyoCd=2871700148-00&ServiceCd=210&Type=search", "url2": "https://awajishima-fukushikai.or.jp/" }, "geometry": { "type": "Point", "coordinates": [ 134.797748800000022, 34.2793235 ] } },
{ "type": "Feature", "properties": { "内容": "特別養護老人ホーム「太陽の家」短期入所生活介護事業所【短期入所生活介護】兵庫県南あわじ市八木養宜上1018番地", "url": "https://www.kaigokensaku.mhlw.go.jp/28/index.php?action_kouhyou_detail_004_kani=true&JigyosyoCd=2871700361-00&ServiceCd=210&Type=search", "url2": "http://www.taiyonoie.jp" }, "geometry": { "type": "Point", "coordinates": [ 134.810146900000063, 34.3052429 ] } },
{ "type": "Feature", "properties": { "内容": "養護老人ホームさくら苑【短期入所生活介護】兵庫県南あわじ市福良丙22-4", "url": "https://www.kaigokensaku.mhlw.go.jp/28/index.php?action_kouhyou_detail_004_kani=true&JigyosyoCd=2871701096-00&ServiceCd=210&Type=search", "url2": "http://awaji-yasuragi.jp/" }, "geometry": { "type": "Point", "coordinates": [ 134.707628047885123, 34.253051084395523 ] } },
{ "type": "Feature", "properties": { "内容": "どんぐりの里ショートステイ【短期入所生活介護】松帆檪田５５０番地", "url": "https://www.kaigokensaku.mhlw.go.jp/28/index.php?action_kouhyou_detail_004_kani=true&JigyosyoCd=2871700833-00&ServiceCd=210&Type=search", "url2": "https://www.mikarikai.jp/" }, "geometry": { "type": "Point", "coordinates": [ 134.738172500000019, 34.3159627 ] } },
{ "type": "Feature", "properties": { "内容": "ひだまりの郷【短期入所生活介護】兵庫県朝来市和田山町宮田241", "url": "https://www.kaigokensaku.mhlw.go.jp/28/index.php?action_kouhyou_detail_004_kani=true&JigyosyoCd=2874900596-00&ServiceCd=210&Type=search", "url2": "http://www.shunyokai.or.jp/" }, "geometry": { "type": "Point", "coordinates": [ 134.827518660713167, 35.3570573253105 ] } },
{ "type": "Feature", "properties": { "内容": "いくの喜楽苑ショートステイ「かいわ」【短期入所生活介護】兵庫県朝来市生野町竹原野240番地", "url": "https://www.kaigokensaku.mhlw.go.jp/28/index.php?action_kouhyou_detail_004_kani=true&JigyosyoCd=2874900364-00&ServiceCd=210&Type=search", "url2": "http://www.kirakuen.or.jp" }, "geometry": { "type": "Point", "coordinates": [ 134.818056800000022, 35.1793436 ] } },
{ "type": "Feature", "properties": { "内容": "短期入所生活介護　さくらの苑【短期入所生活介護】兵庫県朝来市和田山町竹田2486-10", "url": "https://www.kaigokensaku.mhlw.go.jp/28/index.php?action_kouhyou_detail_004_kani=true&JigyosyoCd=2874900141-00&ServiceCd=210&Type=search", "url2": "http://www.kobeseirei.or.jp" }, "geometry": { "type": "Point", "coordinates": [ 134.836379953066398, 35.295590193830648 ] } },
{ "type": "Feature", "properties": { "内容": "特別養護老人ホームあさがおホール【短期入所生活介護】兵庫県朝来市新井１４８", "url": "https://www.kaigokensaku.mhlw.go.jp/28/index.php?action_kouhyou_detail_004_kani=true&JigyosyoCd=2874900505-00&ServiceCd=210&Type=search", "url2": "http://himawari-mission.com/" }, "geometry": { "type": "Point", "coordinates": [ 134.797007099999973, 35.2451669 ] } },
{ "type": "Feature", "properties": { "内容": "緑風の郷　短期入所生活介護【短期入所生活介護】兵庫県朝来市山東町一品４２４番地", "url": "https://www.kaigokensaku.mhlw.go.jp/28/index.php?action_kouhyou_detail_004_kani=true&JigyosyoCd=2874900182-00&ServiceCd=210&Type=search", "url2": "http://www.aso.or.jp/" }, "geometry": { "type": "Point", "coordinates": [ 134.909409800000049, 35.3069183 ] } },
{ "type": "Feature", "properties": { "内容": "特別養護老人ホーム　平生園【短期入所生活介護】兵庫県朝来市和田山町竹田1779番地", "url": "https://www.kaigokensaku.mhlw.go.jp/28/index.php?action_kouhyou_detail_004_kani=true&JigyosyoCd=2874900125-00&ServiceCd=210&Type=search", "url2": "http://www.kobeseirei.or.jp/" }, "geometry": { "type": "Point", "coordinates": [ 134.8416571, 35.2946923 ] } },
{ "type": "Feature", "properties": { "内容": "地域密着型特別養護老人ホーム　ほほえみ【短期入所生活介護】久留麻28番地41", "url": "https://www.kaigokensaku.mhlw.go.jp/28/index.php?action_kouhyou_detail_004_kani=true&JigyosyoCd=2871601031-00&ServiceCd=210&Type=search", "url2": "http://www.chidorikai.or.jp" }, "geometry": { "type": "Point", "coordinates": [ 134.993055933204687, 34.531753016814825 ] } },
{ "type": "Feature", "properties": { "内容": "特別養護老人ホーム　ゆうらぎ【短期入所生活介護】兵庫県淡路市育波字西地558番地２", "url": "https://www.kaigokensaku.mhlw.go.jp/28/index.php?action_kouhyou_detail_004_kani=true&JigyosyoCd=2871600884-00&ServiceCd=210&Type=search", "url2": "http://www.chidorikai.or.jp" }, "geometry": { "type": "Point", "coordinates": [ 134.891896, 34.5278694 ] } },
{ "type": "Feature", "properties": { "内容": "特別養護老人ホーム　千鳥会ゴールド【短期入所生活介護】兵庫県淡路市大町畑字丈尺597番地4", "url": "https://www.kaigokensaku.mhlw.go.jp/28/index.php?action_kouhyou_detail_004_kani=true&JigyosyoCd=2871600157-00&ServiceCd=210&Type=search", "url2": "http://www.chidorikai.or.jp" }, "geometry": { "type": "Point", "coordinates": [ 134.862802699999946, 34.428135 ] } },
{ "type": "Feature", "properties": { "内容": "あわじ荘短期入所生活介護事業所【短期入所生活介護】淡路市野島貴船２２９－１", "url": "https://www.kaigokensaku.mhlw.go.jp/28/index.php?action_kouhyou_detail_004_kani=true&JigyosyoCd=2871600488-00&ServiceCd=210&Type=search", "url2": "http://www.hwc.or.jp/awaji/" }, "geometry": { "type": "Point", "coordinates": [ 134.9742569, 34.584217 ] } },
{ "type": "Feature", "properties": { "内容": "聖隷カーネーションホーム【短期入所生活介護】兵庫県淡路市久留麻1863番地聖隷カーネーションホーム", "url": "https://www.kaigokensaku.mhlw.go.jp/28/index.php?action_kouhyou_detail_004_kani=true&JigyosyoCd=2871601072-00&ServiceCd=210&Type=search", "url2": "http://www.seirei.or.jp/elderlyhome/carnation/" }, "geometry": { "type": "Point", "coordinates": [ 134.987034799999947, 34.5239377 ] } },
{ "type": "Feature", "properties": { "内容": "特別養護老人ホーム　淡路栄光園【短期入所生活介護】兵庫県淡路市岩屋3373", "url": "https://www.kaigokensaku.mhlw.go.jp/28/index.php?action_kouhyou_detail_004_kani=true&JigyosyoCd=2871600173-00&ServiceCd=210&Type=search", "url2": "http://www.seirei.or.jp/elderlyhome/awaji/index.html" }, "geometry": { "type": "Point", "coordinates": [ 134.994655400000056, 34.5862642 ] } },
{ "type": "Feature", "properties": { "内容": "老人短期入所事業かおりの丘【短期入所生活介護】兵庫県淡路市高山甲４３０番３", "url": "https://www.kaigokensaku.mhlw.go.jp/28/index.php?action_kouhyou_detail_004_kani=true&JigyosyoCd=2871600256-00&ServiceCd=210&Type=search", "url2": "http://kaori.tokuyou.jp/" }, "geometry": { "type": "Point", "coordinates": [ 134.815926600000012, 34.4366089 ] } },
{ "type": "Feature", "properties": { "内容": "地域密着型介護老人福祉施設　ヴィラ一宮【短期入所生活介護】兵庫県淡路市高山甲432-3", "url": "https://www.kaigokensaku.mhlw.go.jp/28/index.php?action_kouhyou_detail_004_kani=true&JigyosyoCd=2871600942-00&ServiceCd=210&Type=search", "url2": "https://www.ichinomiya.tokuyou.jp/" }, "geometry": { "type": "Point", "coordinates": [ 134.8145757, 34.438968 ] } },
{ "type": "Feature", "properties": { "内容": "特別養護老人ホームちくさの郷【短期入所生活介護】兵庫県宍粟市千種町河呂189番地4", "url": "https://www.kaigokensaku.mhlw.go.jp/28/index.php?action_kouhyou_detail_004_kani=true&JigyosyoCd=2873800086-00&ServiceCd=210&Type=search", "url2": "http://www.chikusakai.or.jp" }, "geometry": { "type": "Point", "coordinates": [ 134.451226799999972, 35.1616999 ] } },
{ "type": "Feature", "properties": { "内容": "山崎まどか園ショートステイ【短期入所生活介護】兵庫県宍粟市山崎町上比地212番地1", "url": "https://www.kaigokensaku.mhlw.go.jp/28/index.php?action_kouhyou_detail_004_kani=true&JigyosyoCd=2873800771-00&ServiceCd=210&Type=search", "url2": "http://www.shoukyu.com" }, "geometry": { "type": "Point", "coordinates": [ 134.531143064345457, 34.985197860798451 ] } },
{ "type": "Feature", "properties": { "内容": "短期入所生活介護事業やまさき白寿園【短期入所生活介護】兵庫県宍粟市山崎町春安１１１－１", "url": "https://www.kaigokensaku.mhlw.go.jp/28/index.php?action_kouhyou_detail_004_kani=true&JigyosyoCd=2873800292-00&ServiceCd=210&Type=search", "url2": "http://www.aoyama-med.gr.jp/yamasaki-hakujyu/" }, "geometry": { "type": "Point", "coordinates": [ 134.532200900000021, 35.003481 ] } },
{ "type": "Feature", "properties": { "内容": "短期入所生活介護しそうの杜【短期入所生活介護】兵庫県宍粟市山崎町川戸1821", "url": "https://www.kaigokensaku.mhlw.go.jp/28/index.php?action_kouhyou_detail_004_kani=true&JigyosyoCd=2873801050-00&ServiceCd=210&Type=search", "url2": "https://www.ontoku.or.jp/" }, "geometry": { "type": "Point", "coordinates": [ 134.541592700000024, 34.9800536 ] } },
{ "type": "Feature", "properties": { "内容": "短期入所生活介護ありがとう【短期入所生活介護】兵庫県宍粟市山崎町東下野273-2", "url": "https://www.kaigokensaku.mhlw.go.jp/28/index.php?action_kouhyou_detail_004_kani=true&JigyosyoCd=2873800516-00&ServiceCd=210&Type=search", "url2": "http://shoeikai.ueda-shiso.jp" }, "geometry": { "type": "Point", "coordinates": [ 134.5150917, 35.0499618 ] } },
{ "type": "Feature", "properties": { "内容": "特別養護老人ホームかえで園【短期入所生活介護】兵庫県宍粟市波賀町安賀４５０－２", "url": "https://www.kaigokensaku.mhlw.go.jp/28/index.php?action_kouhyou_detail_004_kani=true&JigyosyoCd=2873800243-00&ServiceCd=210&Type=search", "url2": "http://haganosato/" }, "geometry": { "type": "Point", "coordinates": [ 134.5437958, 35.1564093 ] } },
{ "type": "Feature", "properties": { "内容": "短期入所生活介護　社すみれ園【短期入所生活介護】兵庫県加東市藤田字東山９４４－２７", "url": "https://www.kaigokensaku.mhlw.go.jp/28/index.php?action_kouhyou_detail_004_kani=true&JigyosyoCd=2872500570-00&ServiceCd=210&Type=search", "url2": "http://www.yashiro-sumire.com/" }, "geometry": { "type": "Point", "coordinates": [ 135.00022451137545, 34.910330603008433 ] } },
{ "type": "Feature", "properties": { "内容": "短期入所生活介護フロイデ滝野【短期入所生活介護】兵庫県加東市下滝野１２８３－３７", "url": "https://www.kaigokensaku.mhlw.go.jp/28/index.php?action_kouhyou_detail_004_kani=true&JigyosyoCd=2872500059-00&ServiceCd=210&Type=search", "url2": "http://www.furoide-takino.or.jp" }, "geometry": { "type": "Point", "coordinates": [ 134.93431540000006, 34.9463479 ] } },
{ "type": "Feature", "properties": { "内容": "ユニット型短期入所生活介護フロイデ滝野【短期入所生活介護】兵庫県加東市下滝野字高倉1283-37", "url": "https://www.kaigokensaku.mhlw.go.jp/28/index.php?action_kouhyou_detail_004_kani=true&JigyosyoCd=2872500695-00&ServiceCd=210&Type=search", "url2": "http://www.furoide-takino.or.jp" }, "geometry": { "type": "Point", "coordinates": [ 134.9545111, 34.9370598 ] } },
{ "type": "Feature", "properties": { "内容": "伽の里ショートステイサービス【短期入所生活介護】兵庫県加東市天神608番地", "url": "https://www.kaigokensaku.mhlw.go.jp/28/index.php?action_kouhyou_detail_004_kani=true&JigyosyoCd=2872500240-00&ServiceCd=210&Type=search", "url2": "https://hinode.or.jp/toginosato/" }, "geometry": { "type": "Point", "coordinates": [ 135.061686799999961, 34.9124994 ] } },
{ "type": "Feature", "properties": { "内容": "シスナブ御津【短期入所生活介護】兵庫県たつの市御津町中島980-3", "url": "https://www.kaigokensaku.mhlw.go.jp/28/index.php?action_kouhyou_detail_004_kani=true&JigyosyoCd=2874100387-00&ServiceCd=210&Type=search", "url2": "http://www.yumekoubou.or.jp" }, "geometry": { "type": "Point", "coordinates": [ 134.556618500000013, 34.7935458 ] } },
{ "type": "Feature", "properties": { "内容": "いぼがわ荘短期入所生活介護事業所【短期入所生活介護】兵庫県たつの市揖保川町半田608-1", "url": "https://www.kaigokensaku.mhlw.go.jp/28/index.php?action_kouhyou_detail_004_kani=true&JigyosyoCd=2874100346-00&ServiceCd=210&Type=search", "url2": "https://www.ibogawa-hospital.jp/ibogawasou/index.html" }, "geometry": { "type": "Point", "coordinates": [ 134.535705399999983, 34.8461196 ] } },
{ "type": "Feature", "properties": { "内容": "揖保の郷短期入所生活介護事業所【短期入所生活介護】兵庫県たつの市揖保川町馬場７４７番地", "url": "https://www.kaigokensaku.mhlw.go.jp/28/index.php?action_kouhyou_detail_004_kani=true&JigyosyoCd=2874100353-00&ServiceCd=210&Type=search", "url2": "https://www.harimaseibu.com/" }, "geometry": { "type": "Point", "coordinates": [ 134.516381200000069, 34.7934002 ] } },
{ "type": "Feature", "properties": { "内容": "特別養護老人ホーム　栗栖の荘【短期入所生活介護】兵庫県たつの市新宮町平野７７８－５", "url": "https://www.kaigokensaku.mhlw.go.jp/28/index.php?action_kouhyou_detail_004_kani=true&JigyosyoCd=2874100213-00&ServiceCd=210&Type=search", "url2": "http://www.tokuyou-kurisunosou.jp/" }, "geometry": { "type": "Point", "coordinates": [ 134.5339229, 34.931751 ] } },
{ "type": "Feature", "properties": { "内容": "西はりまグリーンホームショートステイ【短期入所生活介護】兵庫県たつの市誉田町福田780-1", "url": "https://www.kaigokensaku.mhlw.go.jp/28/index.php?action_kouhyou_detail_004_kani=true&JigyosyoCd=2873600122-00&ServiceCd=210&Type=search", "url2": "http://www.enshoukai.com/" }, "geometry": { "type": "Point", "coordinates": [ 134.576959799999941, 34.84955 ] } },
{ "type": "Feature", "properties": { "内容": "特別養護老人ホーム桑の実園【短期入所生活介護】たつの市揖西町小神字塚原１５５１番地", "url": "https://www.kaigokensaku.mhlw.go.jp/28/index.php?action_kouhyou_detail_004_kani=true&JigyosyoCd=2873600171-00&ServiceCd=210&Type=search", "url2": "http://www.kuwanomien.jp" }, "geometry": { "type": "Point", "coordinates": [ 134.52756962244564, 34.849435299525354 ] } },
{ "type": "Feature", "properties": { "内容": "天河草子【短期入所生活介護】兵庫県川辺郡猪名川町伏見台1-1-70", "url": "https://www.kaigokensaku.mhlw.go.jp/28/index.php?action_kouhyou_detail_004_kani=true&JigyosyoCd=2873200105-00&ServiceCd=210&Type=search", "url2": "http://e-akane.com" }, "geometry": { "type": "Point", "coordinates": [ 135.391974399999981, 34.9084055 ] } },
{ "type": "Feature", "properties": { "内容": "特別養護老人ホームヘルシービラ加美【短期入所生活介護】兵庫県多可郡多可町加美区多田字宮前430番地10", "url": "https://www.kaigokensaku.mhlw.go.jp/28/index.php?action_kouhyou_detail_004_kani=true&JigyosyoCd=2872700212-00&ServiceCd=210&Type=search", "url2": "sengaminekai.or.jp/" }, "geometry": { "type": "Point", "coordinates": [ 134.884288728836083, 35.108096761550875 ] } },
{ "type": "Feature", "properties": { "内容": "特別養護老人ホームヘルシービラ加美（ユニット型）【短期入所生活介護】兵庫県多可郡多可町加美区多田字宮前４３０番地１０", "url": "https://www.kaigokensaku.mhlw.go.jp/28/index.php?action_kouhyou_detail_004_kani=true&JigyosyoCd=2872700592-00&ServiceCd=210&Type=search", "url2": "http://www.sengaminekai.or.jp/" }, "geometry": { "type": "Point", "coordinates": [ 134.884278, 35.1080441 ] } },
{ "type": "Feature", "properties": { "内容": "特別養護老人ホームしあわせ荘【短期入所生活介護】兵庫県多可郡多可町中区鍛冶屋763番地3", "url": "https://www.kaigokensaku.mhlw.go.jp/28/index.php?action_kouhyou_detail_004_kani=true&JigyosyoCd=2872700113-00&ServiceCd=210&Type=search", "url2": "https://siawase-sou.com" }, "geometry": { "type": "Point", "coordinates": [ 134.9312459, 35.0702102 ] } },
{ "type": "Feature", "properties": { "内容": "特別養護老人ホーム　グリーンヴィラ妙見【短期入所生活介護】多可郡多可町中区牧野字国木谷１６６－２５・１６６－３３", "url": "https://www.kaigokensaku.mhlw.go.jp/28/index.php?action_kouhyou_detail_004_kani=true&JigyosyoCd=2872700535-00&ServiceCd=210&Type=search", "url2": "https://www.nakanosato.com/" }, "geometry": { "type": "Point", "coordinates": [ 134.927160500000014, 35.071669 ] } },
{ "type": "Feature", "properties": { "内容": "特別養護老人ホーム　ゆりの荘【短期入所生活介護】兵庫県多可郡多可町八千代区俵田111-27", "url": "https://www.kaigokensaku.mhlw.go.jp/28/index.php?action_kouhyou_detail_004_kani=true&JigyosyoCd=2872700139-00&ServiceCd=210&Type=search", "url2": "http://www.rakuenkai.or.jp" }, "geometry": { "type": "Point", "coordinates": [ 134.891776400000026, 35.0149509 ] } },
{ "type": "Feature", "properties": { "内容": "稲美苑　ショートステイサービス【短期入所生活介護】兵庫県加古郡稲美町国安１２５６番地", "url": "https://www.kaigokensaku.mhlw.go.jp/28/index.php?action_kouhyou_detail_004_kani=true&JigyosyoCd=2872800087-00&ServiceCd=210&Type=search", "url2": "http://hinode.or.jp" }, "geometry": { "type": "Point", "coordinates": [ 134.91795060000004, 34.747174 ] } },
{ "type": "Feature", "properties": { "内容": "特別養護老人ホームあえの里【短期入所生活介護】兵庫県加古郡播磨町北古田１丁目17番37号", "url": "https://www.kaigokensaku.mhlw.go.jp/28/index.php?action_kouhyou_detail_004_kani=true&JigyosyoCd=2872800103-00&ServiceCd=210&Type=search", "url2": "http://www.aenosato.jp" }, "geometry": { "type": "Point", "coordinates": [ 134.869417, 34.726428599999934 ] } },
{ "type": "Feature", "properties": { "内容": "あえの里弐番館ショートステイ【短期入所生活介護】兵庫県加古郡播磨町宮北１丁目６番15号", "url": "https://www.kaigokensaku.mhlw.go.jp/28/index.php?action_kouhyou_detail_004_kani=true&JigyosyoCd=2872800822-00&ServiceCd=210&Type=search", "url2": "https://aenosato.jp" }, "geometry": { "type": "Point", "coordinates": [ 134.8659146, 34.7184911 ] } },
{ "type": "Feature", "properties": { "内容": "ヴィレッジ　によん【短期入所生活介護】兵庫県神崎郡市川町甘地187-1ヴィレッジによん", "url": "https://www.kaigokensaku.mhlw.go.jp/28/index.php?action_kouhyou_detail_004_kani=true&JigyosyoCd=2873401018-00&ServiceCd=210&Type=search", "url2": "village.niyon@niyon.net" }, "geometry": { "type": "Point", "coordinates": [ 134.758980800000018, 34.993223 ] } },
{ "type": "Feature", "properties": { "内容": "ひまわり荘ショートステイ【短期入所生活介護】神崎郡市川町下牛尾680", "url": "https://www.kaigokensaku.mhlw.go.jp/28/index.php?action_kouhyou_detail_004_kani=true&JigyosyoCd=2873400135-00&ServiceCd=210&Type=search", "url2": "http://www.himawarisou.or.jp" }, "geometry": { "type": "Point", "coordinates": [ 134.8209971, 35.0013723 ] } },
{ "type": "Feature", "properties": { "内容": "特別養護老人ホーム　サルビア荘【短期入所生活介護】神崎郡福崎町大貫580", "url": "https://www.kaigokensaku.mhlw.go.jp/28/index.php?action_kouhyou_detail_004_kani=true&JigyosyoCd=2873400192-00&ServiceCd=210&Type=search", "url2": "http://www.enyuukai.jp" }, "geometry": { "type": "Point", "coordinates": [ 134.7855624, 34.9446364 ] } },
{ "type": "Feature", "properties": { "内容": "特別養護老人ホーム　サルビア荘【短期入所生活介護】兵庫県神崎郡福崎町大貫580", "url": "https://www.kaigokensaku.mhlw.go.jp/28/index.php?action_kouhyou_detail_004_kani=true&JigyosyoCd=2873401067-00&ServiceCd=210&Type=search", "url2": "http://www.enyuukai.jp" }, "geometry": { "type": "Point", "coordinates": [ 134.7855624, 34.9446364 ] } },
{ "type": "Feature", "properties": { "内容": "特別養護老人ホーム　うぐいす荘【短期入所生活介護】兵庫県神崎郡神河町福本字中茶屋山１２４１－３", "url": "https://www.kaigokensaku.mhlw.go.jp/28/index.php?action_kouhyou_detail_004_kani=true&JigyosyoCd=2873400440-00&ServiceCd=210&Type=search", "url2": "http://www.hujyu-kai.or.jp/" }, "geometry": { "type": "Point", "coordinates": [ 134.771063799999979, 35.058386 ] } },
{ "type": "Feature", "properties": { "内容": "あやめ苑短期入所生活介護事業所【短期入所生活介護】兵庫県神崎郡神河町比延２７７", "url": "https://www.kaigokensaku.mhlw.go.jp/28/index.php?action_kouhyou_detail_004_kani=true&JigyosyoCd=2873400234-00&ServiceCd=210&Type=search", "url2": "http://kourin-ayame.or.jp" }, "geometry": { "type": "Point", "coordinates": [ 134.740169700000024, 35.0603045 ] } },
{ "type": "Feature", "properties": { "内容": "太子の郷　ショートステイ【短期入所生活介護】兵庫県揖保郡太子町太田231番地の1", "url": "https://www.kaigokensaku.mhlw.go.jp/28/index.php?action_kouhyou_detail_004_kani=true&JigyosyoCd=2874100833-00&ServiceCd=210&Type=search", "url2": "http://taishinosato.org/" }, "geometry": { "type": "Point", "coordinates": [ 134.598354200000017, 34.8358394 ] } },
{ "type": "Feature", "properties": { "内容": "特別養護老人ホーム　まほろばの里【短期入所生活介護】兵庫県揖保郡太子町塚森125-1", "url": "https://www.kaigokensaku.mhlw.go.jp/28/index.php?action_kouhyou_detail_004_kani=true&JigyosyoCd=2874100494-00&ServiceCd=210&Type=search", "url2": "http://mahorobanosato.jp" }, "geometry": { "type": "Point", "coordinates": [ 134.570466600000032, 34.8142658 ] } },
{ "type": "Feature", "properties": { "内容": "特別養護老人ホームほうらいの里【短期入所生活介護】兵庫県赤穂郡上郡町中野1118番地1", "url": "https://www.kaigokensaku.mhlw.go.jp/28/index.php?action_kouhyou_detail_004_kani=true&JigyosyoCd=2873900050-00&ServiceCd=210&Type=search", "url2": "http://www.hohrainosato.com/" }, "geometry": { "type": "Point", "coordinates": [ 134.393328099999962, 34.8562546 ] } },
{ "type": "Feature", "properties": { "内容": "ショートステイ　野桑の里【短期入所生活介護】兵庫県赤穂郡上郡町野桑3027番地", "url": "https://www.kaigokensaku.mhlw.go.jp/28/index.php?action_kouhyou_detail_004_kani=true&JigyosyoCd=2873900191-00&ServiceCd=210&Type=search", "url2": "https://noguwanosato.webnode.jp/" }, "geometry": { "type": "Point", "coordinates": [ 134.389569, 34.8948059 ] } },
{ "type": "Feature", "properties": { "内容": "特別養護老人ホームはなみずき【短期入所生活介護】兵庫県佐用郡佐用町安川401", "url": "https://www.kaigokensaku.mhlw.go.jp/28/index.php?action_kouhyou_detail_004_kani=true&JigyosyoCd=2873700310-00&ServiceCd=210&Type=search", "url2": "https://hanasakimura.jp" }, "geometry": { "type": "Point", "coordinates": [ 134.381969600000076, 34.9805681 ] } },
{ "type": "Feature", "properties": { "内容": "特別養護老人ホーム　祐あいホーム上月【短期入所生活介護】兵庫県佐用郡佐用町福吉７２１番地", "url": "https://www.kaigokensaku.mhlw.go.jp/28/index.php?action_kouhyou_detail_004_kani=true&JigyosyoCd=2873700112-00&ServiceCd=210&Type=search", "url2": "http://www.seifukai.or.jp" }, "geometry": { "type": "Point", "coordinates": [ 134.3085304, 35.0117692 ] } },
{ "type": "Feature", "properties": { "内容": "サンホームみかづき　短期入所センター【短期入所生活介護】兵庫県佐用郡佐用町志文５１５番地", "url": "https://www.kaigokensaku.mhlw.go.jp/28/index.php?action_kouhyou_detail_004_kani=true&JigyosyoCd=2873700179-00&ServiceCd=210&Type=search", "url2": "http://www.sunhome-cat.jp" }, "geometry": { "type": "Point", "coordinates": [ 134.435564099999965, 35.0119406 ] } },
{ "type": "Feature", "properties": { "内容": "朝陽ケ丘荘短期入所生活介護事業所【短期入所生活介護】兵庫県佐用郡佐用町平福１３８‐１", "url": "https://www.kaigokensaku.mhlw.go.jp/28/index.php?action_kouhyou_detail_004_kani=true&JigyosyoCd=2873700203-00&ServiceCd=210&Type=search", "url2": "http://www.hwc.or.jp/asahigaoka/" }, "geometry": { "type": "Point", "coordinates": [ 134.370706700000028, 35.0500188 ] } },
{ "type": "Feature", "properties": { "内容": "朝陽ケ丘荘短期入所生活介護事業所【短期入所生活介護】佐用郡佐用町平福138-1", "url": "https://www.kaigokensaku.mhlw.go.jp/28/index.php?action_kouhyou_detail_004_kani=true&JigyosyoCd=2873700484-00&ServiceCd=210&Type=search", "url2": "http://www.hwc.or.jp/asahigaoka/" }, "geometry": { "type": "Point", "coordinates": [ 134.3710106, 35.0495819 ] } },
{ "type": "Feature", "properties": { "内容": "こぶし園　短期入所生活介護施設【短期入所生活介護】兵庫県美方郡香美町小代区神水638番地", "url": "https://www.kaigokensaku.mhlw.go.jp/28/index.php?action_kouhyou_detail_004_kani=true&JigyosyoCd=2874700228-00&ServiceCd=210&Type=search", "url2": "http://www.kobushinosato.jp/" }, "geometry": { "type": "Point", "coordinates": [ 134.5458161, 35.4672683 ] } },
{ "type": "Feature", "properties": { "内容": "むらおかこぶし園短期入所生活介護施設【短期入所生活介護】兵庫県美方郡香美町村岡区村岡２２０５番地", "url": "https://www.kaigokensaku.mhlw.go.jp/28/index.php?action_kouhyou_detail_004_kani=true&JigyosyoCd=2874700459-00&ServiceCd=210&Type=search", "url2": "http://kobushinosato.jp/" }, "geometry": { "type": "Point", "coordinates": [ 134.599407299999967, 35.4752431 ] } },
{ "type": "Feature", "properties": { "内容": "特別養護老人ホームしいの木荘【短期入所生活介護】兵庫県美方郡香美町香住区森61-1", "url": "https://www.kaigokensaku.mhlw.go.jp/28/index.php?action_kouhyou_detail_004_kani=true&JigyosyoCd=2874500099-00&ServiceCd=210&Type=search", "url2": "https://www.kami-koujyukai.jp" }, "geometry": { "type": "Point", "coordinates": [ 134.6279088, 35.6260311 ] } },
{ "type": "Feature", "properties": { "内容": "ショートステイ　はまさかの里【短期入所生活介護】兵庫県美方郡新温泉町戸田１７５－１", "url": "https://www.kaigokensaku.mhlw.go.jp/28/index.php?action_kouhyou_detail_004_kani=true&JigyosyoCd=2874700475-00&ServiceCd=210&Type=search", "url2": "http://www.shotokukai-th.or.jp/" }, "geometry": { "type": "Point", "coordinates": [ 134.471537099999978, 35.6176352 ] } },
{ "type": "Feature", "properties": { "内容": "特別養護老人ホーム　ゆむら　指定短期入所生活介護事業所【短期入所生活介護】兵庫県美方郡新温泉町歌長字熊田６００番地", "url": "https://www.kaigokensaku.mhlw.go.jp/28/index.php?action_kouhyou_detail_004_kani=true&JigyosyoCd=2874700202-00&ServiceCd=210&Type=search", "url2": "https://tokuyo-yumura.com/" }, "geometry": { "type": "Point", "coordinates": [ 134.501548899999989, 35.546263 ] } },
{ "type": "Feature", "properties": { "内容": "ショートステイやすらぎの里【短期入所生活介護】兵庫県美方郡新温泉町湯３２２", "url": "https://www.kaigokensaku.mhlw.go.jp/28/index.php?action_kouhyou_detail_004_kani=true&JigyosyoCd=2874700582-00&ServiceCd=210&Type=search", "url2": "http://tokuwakai.jp" }, "geometry": { "type": "Point", "coordinates": [ 134.4867764, 35.5519772 ] } }
]
}
